[2026-04-26T19:11:10.241+0000] {processor.py:161} INFO - Started process (PID=34931) to work on /home/airflow/dags/mlflow_tracking_dag.py
[2026-04-26T19:11:10.243+0000] {processor.py:830} INFO - Processing file /home/airflow/dags/mlflow_tracking_dag.py for tasks to queue
[2026-04-26T19:11:10.245+0000] {logging_mixin.py:188} INFO - [2026-04-26T19:11:10.244+0000] {dagbag.py:538} INFO - Filling up the DagBag from /home/airflow/dags/mlflow_tracking_dag.py
[2026-04-26T19:11:11.188+0000] {processor.py:840} INFO - DAG(s) 'model_training_pipeline' retrieved from /home/airflow/dags/mlflow_tracking_dag.py
[2026-04-26T19:11:11.360+0000] {logging_mixin.py:188} INFO - [2026-04-26T19:11:11.359+0000] {dag.py:3036} INFO - Sync 1 DAGs
[2026-04-26T19:11:11.375+0000] {logging_mixin.py:188} INFO - [2026-04-26T19:11:11.374+0000] {dag.py:3823} INFO - Setting next_dagrun for model_training_pipeline to 2026-04-26 00:00:00+00:00, run_after=2026-05-03 00:00:00+00:00
[2026-04-26T19:11:11.409+0000] {processor.py:183} INFO - Processing /home/airflow/dags/mlflow_tracking_dag.py took 1.173 seconds
[2026-04-26T19:11:41.966+0000] {processor.py:161} INFO - Started process (PID=34976) to work on /home/airflow/dags/mlflow_tracking_dag.py
[2026-04-26T19:11:41.970+0000] {processor.py:830} INFO - Processing file /home/airflow/dags/mlflow_tracking_dag.py for tasks to queue
[2026-04-26T19:11:41.972+0000] {logging_mixin.py:188} INFO - [2026-04-26T19:11:41.971+0000] {dagbag.py:538} INFO - Filling up the DagBag from /home/airflow/dags/mlflow_tracking_dag.py
[2026-04-26T19:11:43.924+0000] {processor.py:840} INFO - DAG(s) 'model_training_pipeline' retrieved from /home/airflow/dags/mlflow_tracking_dag.py
[2026-04-26T19:11:43.955+0000] {logging_mixin.py:188} INFO - [2026-04-26T19:11:43.954+0000] {dag.py:3036} INFO - Sync 1 DAGs
[2026-04-26T19:11:43.982+0000] {logging_mixin.py:188} INFO - [2026-04-26T19:11:43.981+0000] {dag.py:3823} INFO - Setting next_dagrun for model_training_pipeline to 2026-04-26 00:00:00+00:00, run_after=2026-05-03 00:00:00+00:00
[2026-04-26T19:11:44.008+0000] {processor.py:183} INFO - Processing /home/airflow/dags/mlflow_tracking_dag.py took 2.045 seconds
[2026-04-26T19:12:14.282+0000] {processor.py:161} INFO - Started process (PID=35021) to work on /home/airflow/dags/mlflow_tracking_dag.py
[2026-04-26T19:12:14.284+0000] {processor.py:830} INFO - Processing file /home/airflow/dags/mlflow_tracking_dag.py for tasks to queue
[2026-04-26T19:12:14.287+0000] {logging_mixin.py:188} INFO - [2026-04-26T19:12:14.286+0000] {dagbag.py:538} INFO - Filling up the DagBag from /home/airflow/dags/mlflow_tracking_dag.py
[2026-04-26T19:12:15.318+0000] {processor.py:840} INFO - DAG(s) 'model_training_pipeline' retrieved from /home/airflow/dags/mlflow_tracking_dag.py
[2026-04-26T19:12:15.331+0000] {logging_mixin.py:188} INFO - [2026-04-26T19:12:15.330+0000] {dag.py:3036} INFO - Sync 1 DAGs
[2026-04-26T19:12:15.347+0000] {logging_mixin.py:188} INFO - [2026-04-26T19:12:15.346+0000] {dag.py:3823} INFO - Setting next_dagrun for model_training_pipeline to 2026-04-26 00:00:00+00:00, run_after=2026-05-03 00:00:00+00:00
[2026-04-26T19:12:15.367+0000] {processor.py:183} INFO - Processing /home/airflow/dags/mlflow_tracking_dag.py took 1.090 seconds
[2026-04-26T19:12:45.983+0000] {processor.py:161} INFO - Started process (PID=35066) to work on /home/airflow/dags/mlflow_tracking_dag.py
[2026-04-26T19:12:45.985+0000] {processor.py:830} INFO - Processing file /home/airflow/dags/mlflow_tracking_dag.py for tasks to queue
[2026-04-26T19:12:45.987+0000] {logging_mixin.py:188} INFO - [2026-04-26T19:12:45.986+0000] {dagbag.py:538} INFO - Filling up the DagBag from /home/airflow/dags/mlflow_tracking_dag.py
[2026-04-26T19:12:47.260+0000] {processor.py:840} INFO - DAG(s) 'model_training_pipeline' retrieved from /home/airflow/dags/mlflow_tracking_dag.py
[2026-04-26T19:12:47.362+0000] {logging_mixin.py:188} INFO - [2026-04-26T19:12:47.362+0000] {dag.py:3036} INFO - Sync 1 DAGs
[2026-04-26T19:12:47.375+0000] {logging_mixin.py:188} INFO - [2026-04-26T19:12:47.375+0000] {dag.py:3823} INFO - Setting next_dagrun for model_training_pipeline to 2026-04-26 00:00:00+00:00, run_after=2026-05-03 00:00:00+00:00
[2026-04-26T19:12:47.398+0000] {processor.py:183} INFO - Processing /home/airflow/dags/mlflow_tracking_dag.py took 1.422 seconds
[2026-04-26T19:13:17.520+0000] {processor.py:161} INFO - Started process (PID=35115) to work on /home/airflow/dags/mlflow_tracking_dag.py
[2026-04-26T19:13:17.522+0000] {processor.py:830} INFO - Processing file /home/airflow/dags/mlflow_tracking_dag.py for tasks to queue
[2026-04-26T19:13:17.524+0000] {logging_mixin.py:188} INFO - [2026-04-26T19:13:17.523+0000] {dagbag.py:538} INFO - Filling up the DagBag from /home/airflow/dags/mlflow_tracking_dag.py
[2026-04-26T19:13:18.497+0000] {processor.py:840} INFO - DAG(s) 'model_training_pipeline' retrieved from /home/airflow/dags/mlflow_tracking_dag.py
[2026-04-26T19:13:18.520+0000] {logging_mixin.py:188} INFO - [2026-04-26T19:13:18.520+0000] {dag.py:3036} INFO - Sync 1 DAGs
[2026-04-26T19:13:18.538+0000] {logging_mixin.py:188} INFO - [2026-04-26T19:13:18.538+0000] {dag.py:3823} INFO - Setting next_dagrun for model_training_pipeline to 2026-04-26 00:00:00+00:00, run_after=2026-05-03 00:00:00+00:00
[2026-04-26T19:13:18.562+0000] {processor.py:183} INFO - Processing /home/airflow/dags/mlflow_tracking_dag.py took 1.047 seconds
[2026-04-26T19:13:49.116+0000] {processor.py:161} INFO - Started process (PID=35162) to work on /home/airflow/dags/mlflow_tracking_dag.py
[2026-04-26T19:13:49.118+0000] {processor.py:830} INFO - Processing file /home/airflow/dags/mlflow_tracking_dag.py for tasks to queue
[2026-04-26T19:13:49.120+0000] {logging_mixin.py:188} INFO - [2026-04-26T19:13:49.119+0000] {dagbag.py:538} INFO - Filling up the DagBag from /home/airflow/dags/mlflow_tracking_dag.py
[2026-04-26T19:13:50.188+0000] {processor.py:840} INFO - DAG(s) 'model_training_pipeline' retrieved from /home/airflow/dags/mlflow_tracking_dag.py
[2026-04-26T19:13:50.201+0000] {logging_mixin.py:188} INFO - [2026-04-26T19:13:50.200+0000] {dag.py:3036} INFO - Sync 1 DAGs
[2026-04-26T19:13:50.220+0000] {logging_mixin.py:188} INFO - [2026-04-26T19:13:50.220+0000] {dag.py:3823} INFO - Setting next_dagrun for model_training_pipeline to 2026-04-26 00:00:00+00:00, run_after=2026-05-03 00:00:00+00:00
[2026-04-26T19:13:50.244+0000] {processor.py:183} INFO - Processing /home/airflow/dags/mlflow_tracking_dag.py took 1.131 seconds
[2026-04-26T19:14:20.550+0000] {processor.py:161} INFO - Started process (PID=35207) to work on /home/airflow/dags/mlflow_tracking_dag.py
[2026-04-26T19:14:20.552+0000] {processor.py:830} INFO - Processing file /home/airflow/dags/mlflow_tracking_dag.py for tasks to queue
[2026-04-26T19:14:20.554+0000] {logging_mixin.py:188} INFO - [2026-04-26T19:14:20.553+0000] {dagbag.py:538} INFO - Filling up the DagBag from /home/airflow/dags/mlflow_tracking_dag.py
[2026-04-26T19:14:21.675+0000] {processor.py:840} INFO - DAG(s) 'model_training_pipeline' retrieved from /home/airflow/dags/mlflow_tracking_dag.py
[2026-04-26T19:14:21.779+0000] {logging_mixin.py:188} INFO - [2026-04-26T19:14:21.778+0000] {dag.py:3036} INFO - Sync 1 DAGs
[2026-04-26T19:14:21.796+0000] {logging_mixin.py:188} INFO - [2026-04-26T19:14:21.796+0000] {dag.py:3823} INFO - Setting next_dagrun for model_training_pipeline to 2026-04-26 00:00:00+00:00, run_after=2026-05-03 00:00:00+00:00
[2026-04-26T19:14:21.858+0000] {processor.py:183} INFO - Processing /home/airflow/dags/mlflow_tracking_dag.py took 1.313 seconds
[2026-04-26T19:14:52.143+0000] {processor.py:161} INFO - Started process (PID=35252) to work on /home/airflow/dags/mlflow_tracking_dag.py
[2026-04-26T19:14:52.144+0000] {processor.py:830} INFO - Processing file /home/airflow/dags/mlflow_tracking_dag.py for tasks to queue
[2026-04-26T19:14:52.146+0000] {logging_mixin.py:188} INFO - [2026-04-26T19:14:52.145+0000] {dagbag.py:538} INFO - Filling up the DagBag from /home/airflow/dags/mlflow_tracking_dag.py
[2026-04-26T19:14:53.011+0000] {processor.py:840} INFO - DAG(s) 'model_training_pipeline' retrieved from /home/airflow/dags/mlflow_tracking_dag.py
[2026-04-26T19:14:53.033+0000] {logging_mixin.py:188} INFO - [2026-04-26T19:14:53.033+0000] {dag.py:3036} INFO - Sync 1 DAGs
[2026-04-26T19:14:53.049+0000] {logging_mixin.py:188} INFO - [2026-04-26T19:14:53.049+0000] {dag.py:3823} INFO - Setting next_dagrun for model_training_pipeline to 2026-04-26 00:00:00+00:00, run_after=2026-05-03 00:00:00+00:00
[2026-04-26T19:14:53.074+0000] {processor.py:183} INFO - Processing /home/airflow/dags/mlflow_tracking_dag.py took 0.935 seconds
[2026-04-26T19:15:23.433+0000] {processor.py:161} INFO - Started process (PID=35297) to work on /home/airflow/dags/mlflow_tracking_dag.py
[2026-04-26T19:15:23.434+0000] {processor.py:830} INFO - Processing file /home/airflow/dags/mlflow_tracking_dag.py for tasks to queue
[2026-04-26T19:15:23.436+0000] {logging_mixin.py:188} INFO - [2026-04-26T19:15:23.435+0000] {dagbag.py:538} INFO - Filling up the DagBag from /home/airflow/dags/mlflow_tracking_dag.py
[2026-04-26T19:15:24.354+0000] {processor.py:840} INFO - DAG(s) 'model_training_pipeline' retrieved from /home/airflow/dags/mlflow_tracking_dag.py
[2026-04-26T19:15:24.368+0000] {logging_mixin.py:188} INFO - [2026-04-26T19:15:24.367+0000] {dag.py:3036} INFO - Sync 1 DAGs
[2026-04-26T19:15:24.385+0000] {logging_mixin.py:188} INFO - [2026-04-26T19:15:24.385+0000] {dag.py:3823} INFO - Setting next_dagrun for model_training_pipeline to 2026-04-26 00:00:00+00:00, run_after=2026-05-03 00:00:00+00:00
[2026-04-26T19:15:24.521+0000] {processor.py:183} INFO - Processing /home/airflow/dags/mlflow_tracking_dag.py took 1.091 seconds
[2026-04-26T19:15:55.148+0000] {processor.py:161} INFO - Started process (PID=35342) to work on /home/airflow/dags/mlflow_tracking_dag.py
[2026-04-26T19:15:55.149+0000] {processor.py:830} INFO - Processing file /home/airflow/dags/mlflow_tracking_dag.py for tasks to queue
[2026-04-26T19:15:55.150+0000] {logging_mixin.py:188} INFO - [2026-04-26T19:15:55.150+0000] {dagbag.py:538} INFO - Filling up the DagBag from /home/airflow/dags/mlflow_tracking_dag.py
[2026-04-26T19:15:56.189+0000] {processor.py:840} INFO - DAG(s) 'model_training_pipeline' retrieved from /home/airflow/dags/mlflow_tracking_dag.py
[2026-04-26T19:15:56.431+0000] {logging_mixin.py:188} INFO - [2026-04-26T19:15:56.431+0000] {dag.py:3036} INFO - Sync 1 DAGs
[2026-04-26T19:15:56.451+0000] {logging_mixin.py:188} INFO - [2026-04-26T19:15:56.451+0000] {dag.py:3823} INFO - Setting next_dagrun for model_training_pipeline to 2026-04-26 00:00:00+00:00, run_after=2026-05-03 00:00:00+00:00
[2026-04-26T19:15:56.479+0000] {processor.py:183} INFO - Processing /home/airflow/dags/mlflow_tracking_dag.py took 1.335 seconds
[2026-04-26T19:16:26.796+0000] {processor.py:161} INFO - Started process (PID=35387) to work on /home/airflow/dags/mlflow_tracking_dag.py
[2026-04-26T19:16:26.797+0000] {processor.py:830} INFO - Processing file /home/airflow/dags/mlflow_tracking_dag.py for tasks to queue
[2026-04-26T19:16:26.798+0000] {logging_mixin.py:188} INFO - [2026-04-26T19:16:26.798+0000] {dagbag.py:538} INFO - Filling up the DagBag from /home/airflow/dags/mlflow_tracking_dag.py
[2026-04-26T19:16:27.738+0000] {processor.py:840} INFO - DAG(s) 'model_training_pipeline' retrieved from /home/airflow/dags/mlflow_tracking_dag.py
[2026-04-26T19:16:27.761+0000] {logging_mixin.py:188} INFO - [2026-04-26T19:16:27.761+0000] {dag.py:3036} INFO - Sync 1 DAGs
[2026-04-26T19:16:27.800+0000] {logging_mixin.py:188} INFO - [2026-04-26T19:16:27.799+0000] {dag.py:3823} INFO - Setting next_dagrun for model_training_pipeline to 2026-04-26 00:00:00+00:00, run_after=2026-05-03 00:00:00+00:00
[2026-04-26T19:16:27.832+0000] {processor.py:183} INFO - Processing /home/airflow/dags/mlflow_tracking_dag.py took 1.040 seconds
[2026-04-26T19:16:57.909+0000] {processor.py:161} INFO - Started process (PID=35432) to work on /home/airflow/dags/mlflow_tracking_dag.py
[2026-04-26T19:16:57.911+0000] {processor.py:830} INFO - Processing file /home/airflow/dags/mlflow_tracking_dag.py for tasks to queue
[2026-04-26T19:16:57.912+0000] {logging_mixin.py:188} INFO - [2026-04-26T19:16:57.912+0000] {dagbag.py:538} INFO - Filling up the DagBag from /home/airflow/dags/mlflow_tracking_dag.py
[2026-04-26T19:16:58.907+0000] {processor.py:840} INFO - DAG(s) 'model_training_pipeline' retrieved from /home/airflow/dags/mlflow_tracking_dag.py
[2026-04-26T19:16:58.924+0000] {logging_mixin.py:188} INFO - [2026-04-26T19:16:58.923+0000] {dag.py:3036} INFO - Sync 1 DAGs
[2026-04-26T19:16:58.951+0000] {logging_mixin.py:188} INFO - [2026-04-26T19:16:58.951+0000] {dag.py:3823} INFO - Setting next_dagrun for model_training_pipeline to 2026-04-26 00:00:00+00:00, run_after=2026-05-03 00:00:00+00:00
[2026-04-26T19:16:58.988+0000] {processor.py:183} INFO - Processing /home/airflow/dags/mlflow_tracking_dag.py took 1.083 seconds
[2026-04-26T19:17:29.510+0000] {processor.py:161} INFO - Started process (PID=35477) to work on /home/airflow/dags/mlflow_tracking_dag.py
[2026-04-26T19:17:29.512+0000] {processor.py:830} INFO - Processing file /home/airflow/dags/mlflow_tracking_dag.py for tasks to queue
[2026-04-26T19:17:29.513+0000] {logging_mixin.py:188} INFO - [2026-04-26T19:17:29.512+0000] {dagbag.py:538} INFO - Filling up the DagBag from /home/airflow/dags/mlflow_tracking_dag.py
[2026-04-26T19:17:30.488+0000] {processor.py:840} INFO - DAG(s) 'model_training_pipeline' retrieved from /home/airflow/dags/mlflow_tracking_dag.py
[2026-04-26T19:17:30.621+0000] {logging_mixin.py:188} INFO - [2026-04-26T19:17:30.620+0000] {dag.py:3036} INFO - Sync 1 DAGs
[2026-04-26T19:17:30.640+0000] {logging_mixin.py:188} INFO - [2026-04-26T19:17:30.639+0000] {dag.py:3823} INFO - Setting next_dagrun for model_training_pipeline to 2026-04-26 00:00:00+00:00, run_after=2026-05-03 00:00:00+00:00
[2026-04-26T19:17:30.665+0000] {processor.py:183} INFO - Processing /home/airflow/dags/mlflow_tracking_dag.py took 1.158 seconds
[2026-04-26T19:18:00.960+0000] {processor.py:161} INFO - Started process (PID=35522) to work on /home/airflow/dags/mlflow_tracking_dag.py
[2026-04-26T19:18:00.962+0000] {processor.py:830} INFO - Processing file /home/airflow/dags/mlflow_tracking_dag.py for tasks to queue
[2026-04-26T19:18:00.963+0000] {logging_mixin.py:188} INFO - [2026-04-26T19:18:00.963+0000] {dagbag.py:538} INFO - Filling up the DagBag from /home/airflow/dags/mlflow_tracking_dag.py
[2026-04-26T19:18:02.008+0000] {processor.py:840} INFO - DAG(s) 'model_training_pipeline' retrieved from /home/airflow/dags/mlflow_tracking_dag.py
[2026-04-26T19:18:02.201+0000] {logging_mixin.py:188} INFO - [2026-04-26T19:18:02.200+0000] {dag.py:3036} INFO - Sync 1 DAGs
[2026-04-26T19:18:02.224+0000] {logging_mixin.py:188} INFO - [2026-04-26T19:18:02.224+0000] {dag.py:3823} INFO - Setting next_dagrun for model_training_pipeline to 2026-04-26 00:00:00+00:00, run_after=2026-05-03 00:00:00+00:00
[2026-04-26T19:18:02.256+0000] {processor.py:183} INFO - Processing /home/airflow/dags/mlflow_tracking_dag.py took 1.300 seconds
[2026-04-26T19:18:32.554+0000] {processor.py:161} INFO - Started process (PID=35567) to work on /home/airflow/dags/mlflow_tracking_dag.py
[2026-04-26T19:18:32.556+0000] {processor.py:830} INFO - Processing file /home/airflow/dags/mlflow_tracking_dag.py for tasks to queue
[2026-04-26T19:18:32.557+0000] {logging_mixin.py:188} INFO - [2026-04-26T19:18:32.556+0000] {dagbag.py:538} INFO - Filling up the DagBag from /home/airflow/dags/mlflow_tracking_dag.py
[2026-04-26T19:18:33.393+0000] {processor.py:840} INFO - DAG(s) 'model_training_pipeline' retrieved from /home/airflow/dags/mlflow_tracking_dag.py
[2026-04-26T19:18:33.404+0000] {logging_mixin.py:188} INFO - [2026-04-26T19:18:33.404+0000] {dag.py:3036} INFO - Sync 1 DAGs
[2026-04-26T19:18:33.419+0000] {logging_mixin.py:188} INFO - [2026-04-26T19:18:33.419+0000] {dag.py:3823} INFO - Setting next_dagrun for model_training_pipeline to 2026-04-26 00:00:00+00:00, run_after=2026-05-03 00:00:00+00:00
[2026-04-26T19:18:33.440+0000] {processor.py:183} INFO - Processing /home/airflow/dags/mlflow_tracking_dag.py took 0.891 seconds
[2026-04-26T19:19:03.877+0000] {processor.py:161} INFO - Started process (PID=35612) to work on /home/airflow/dags/mlflow_tracking_dag.py
[2026-04-26T19:19:03.878+0000] {processor.py:830} INFO - Processing file /home/airflow/dags/mlflow_tracking_dag.py for tasks to queue
[2026-04-26T19:19:03.879+0000] {logging_mixin.py:188} INFO - [2026-04-26T19:19:03.879+0000] {dagbag.py:538} INFO - Filling up the DagBag from /home/airflow/dags/mlflow_tracking_dag.py
[2026-04-26T19:19:04.757+0000] {processor.py:840} INFO - DAG(s) 'model_training_pipeline' retrieved from /home/airflow/dags/mlflow_tracking_dag.py
[2026-04-26T19:19:04.879+0000] {logging_mixin.py:188} INFO - [2026-04-26T19:19:04.878+0000] {dag.py:3036} INFO - Sync 1 DAGs
[2026-04-26T19:19:04.905+0000] {logging_mixin.py:188} INFO - [2026-04-26T19:19:04.904+0000] {dag.py:3823} INFO - Setting next_dagrun for model_training_pipeline to 2026-04-26 00:00:00+00:00, run_after=2026-05-03 00:00:00+00:00
[2026-04-26T19:19:04.941+0000] {processor.py:183} INFO - Processing /home/airflow/dags/mlflow_tracking_dag.py took 1.067 seconds
[2026-04-26T19:19:35.305+0000] {processor.py:161} INFO - Started process (PID=35657) to work on /home/airflow/dags/mlflow_tracking_dag.py
[2026-04-26T19:19:35.306+0000] {processor.py:830} INFO - Processing file /home/airflow/dags/mlflow_tracking_dag.py for tasks to queue
[2026-04-26T19:19:35.307+0000] {logging_mixin.py:188} INFO - [2026-04-26T19:19:35.307+0000] {dagbag.py:538} INFO - Filling up the DagBag from /home/airflow/dags/mlflow_tracking_dag.py
[2026-04-26T19:19:36.388+0000] {processor.py:840} INFO - DAG(s) 'model_training_pipeline' retrieved from /home/airflow/dags/mlflow_tracking_dag.py
[2026-04-26T19:19:36.412+0000] {logging_mixin.py:188} INFO - [2026-04-26T19:19:36.412+0000] {dag.py:3036} INFO - Sync 1 DAGs
[2026-04-26T19:19:36.434+0000] {logging_mixin.py:188} INFO - [2026-04-26T19:19:36.434+0000] {dag.py:3823} INFO - Setting next_dagrun for model_training_pipeline to 2026-04-26 00:00:00+00:00, run_after=2026-05-03 00:00:00+00:00
[2026-04-26T19:19:36.458+0000] {processor.py:183} INFO - Processing /home/airflow/dags/mlflow_tracking_dag.py took 1.157 seconds
[2026-04-26T19:20:06.818+0000] {processor.py:161} INFO - Started process (PID=35702) to work on /home/airflow/dags/mlflow_tracking_dag.py
[2026-04-26T19:20:06.820+0000] {processor.py:830} INFO - Processing file /home/airflow/dags/mlflow_tracking_dag.py for tasks to queue
[2026-04-26T19:20:06.821+0000] {logging_mixin.py:188} INFO - [2026-04-26T19:20:06.820+0000] {dagbag.py:538} INFO - Filling up the DagBag from /home/airflow/dags/mlflow_tracking_dag.py
[2026-04-26T19:20:07.737+0000] {processor.py:840} INFO - DAG(s) 'model_training_pipeline' retrieved from /home/airflow/dags/mlflow_tracking_dag.py
[2026-04-26T19:20:07.750+0000] {logging_mixin.py:188} INFO - [2026-04-26T19:20:07.749+0000] {dag.py:3036} INFO - Sync 1 DAGs
[2026-04-26T19:20:07.766+0000] {logging_mixin.py:188} INFO - [2026-04-26T19:20:07.766+0000] {dag.py:3823} INFO - Setting next_dagrun for model_training_pipeline to 2026-04-26 00:00:00+00:00, run_after=2026-05-03 00:00:00+00:00
[2026-04-26T19:20:07.791+0000] {processor.py:183} INFO - Processing /home/airflow/dags/mlflow_tracking_dag.py took 0.976 seconds
[2026-04-26T19:20:38.109+0000] {processor.py:161} INFO - Started process (PID=35747) to work on /home/airflow/dags/mlflow_tracking_dag.py
[2026-04-26T19:20:38.111+0000] {processor.py:830} INFO - Processing file /home/airflow/dags/mlflow_tracking_dag.py for tasks to queue
[2026-04-26T19:20:38.112+0000] {logging_mixin.py:188} INFO - [2026-04-26T19:20:38.111+0000] {dagbag.py:538} INFO - Filling up the DagBag from /home/airflow/dags/mlflow_tracking_dag.py
[2026-04-26T19:20:39.060+0000] {processor.py:840} INFO - DAG(s) 'model_training_pipeline' retrieved from /home/airflow/dags/mlflow_tracking_dag.py
[2026-04-26T19:20:39.182+0000] {logging_mixin.py:188} INFO - [2026-04-26T19:20:39.182+0000] {dag.py:3036} INFO - Sync 1 DAGs
[2026-04-26T19:20:39.198+0000] {logging_mixin.py:188} INFO - [2026-04-26T19:20:39.197+0000] {dag.py:3823} INFO - Setting next_dagrun for model_training_pipeline to 2026-04-26 00:00:00+00:00, run_after=2026-05-03 00:00:00+00:00
[2026-04-26T19:20:39.221+0000] {processor.py:183} INFO - Processing /home/airflow/dags/mlflow_tracking_dag.py took 1.115 seconds
[2026-04-26T19:21:09.552+0000] {processor.py:161} INFO - Started process (PID=35792) to work on /home/airflow/dags/mlflow_tracking_dag.py
[2026-04-26T19:21:09.553+0000] {processor.py:830} INFO - Processing file /home/airflow/dags/mlflow_tracking_dag.py for tasks to queue
[2026-04-26T19:21:09.555+0000] {logging_mixin.py:188} INFO - [2026-04-26T19:21:09.554+0000] {dagbag.py:538} INFO - Filling up the DagBag from /home/airflow/dags/mlflow_tracking_dag.py
[2026-04-26T19:21:10.440+0000] {processor.py:840} INFO - DAG(s) 'model_training_pipeline' retrieved from /home/airflow/dags/mlflow_tracking_dag.py
[2026-04-26T19:21:10.459+0000] {logging_mixin.py:188} INFO - [2026-04-26T19:21:10.459+0000] {dag.py:3036} INFO - Sync 1 DAGs
[2026-04-26T19:21:10.476+0000] {logging_mixin.py:188} INFO - [2026-04-26T19:21:10.475+0000] {dag.py:3823} INFO - Setting next_dagrun for model_training_pipeline to 2026-04-26 00:00:00+00:00, run_after=2026-05-03 00:00:00+00:00
[2026-04-26T19:21:10.499+0000] {processor.py:183} INFO - Processing /home/airflow/dags/mlflow_tracking_dag.py took 0.950 seconds
[2026-04-26T19:21:40.663+0000] {processor.py:161} INFO - Started process (PID=35837) to work on /home/airflow/dags/mlflow_tracking_dag.py
[2026-04-26T19:21:40.665+0000] {processor.py:830} INFO - Processing file /home/airflow/dags/mlflow_tracking_dag.py for tasks to queue
[2026-04-26T19:21:40.666+0000] {logging_mixin.py:188} INFO - [2026-04-26T19:21:40.666+0000] {dagbag.py:538} INFO - Filling up the DagBag from /home/airflow/dags/mlflow_tracking_dag.py
[2026-04-26T19:21:41.710+0000] {processor.py:840} INFO - DAG(s) 'model_training_pipeline' retrieved from /home/airflow/dags/mlflow_tracking_dag.py
[2026-04-26T19:21:41.723+0000] {logging_mixin.py:188} INFO - [2026-04-26T19:21:41.723+0000] {dag.py:3036} INFO - Sync 1 DAGs
[2026-04-26T19:21:41.744+0000] {logging_mixin.py:188} INFO - [2026-04-26T19:21:41.743+0000] {dag.py:3823} INFO - Setting next_dagrun for model_training_pipeline to 2026-04-26 00:00:00+00:00, run_after=2026-05-03 00:00:00+00:00
[2026-04-26T19:21:41.769+0000] {processor.py:183} INFO - Processing /home/airflow/dags/mlflow_tracking_dag.py took 1.109 seconds
[2026-04-26T19:22:12.148+0000] {processor.py:161} INFO - Started process (PID=35882) to work on /home/airflow/dags/mlflow_tracking_dag.py
[2026-04-26T19:22:12.149+0000] {processor.py:830} INFO - Processing file /home/airflow/dags/mlflow_tracking_dag.py for tasks to queue
[2026-04-26T19:22:12.150+0000] {logging_mixin.py:188} INFO - [2026-04-26T19:22:12.150+0000] {dagbag.py:538} INFO - Filling up the DagBag from /home/airflow/dags/mlflow_tracking_dag.py
[2026-04-26T19:22:12.987+0000] {processor.py:840} INFO - DAG(s) 'model_training_pipeline' retrieved from /home/airflow/dags/mlflow_tracking_dag.py
[2026-04-26T19:22:13.071+0000] {logging_mixin.py:188} INFO - [2026-04-26T19:22:13.070+0000] {dag.py:3036} INFO - Sync 1 DAGs
[2026-04-26T19:22:13.090+0000] {logging_mixin.py:188} INFO - [2026-04-26T19:22:13.089+0000] {dag.py:3823} INFO - Setting next_dagrun for model_training_pipeline to 2026-04-26 00:00:00+00:00, run_after=2026-05-03 00:00:00+00:00
[2026-04-26T19:22:13.112+0000] {processor.py:183} INFO - Processing /home/airflow/dags/mlflow_tracking_dag.py took 0.968 seconds
[2026-04-26T19:22:43.522+0000] {processor.py:161} INFO - Started process (PID=35927) to work on /home/airflow/dags/mlflow_tracking_dag.py
[2026-04-26T19:22:43.524+0000] {processor.py:830} INFO - Processing file /home/airflow/dags/mlflow_tracking_dag.py for tasks to queue
[2026-04-26T19:22:43.525+0000] {logging_mixin.py:188} INFO - [2026-04-26T19:22:43.525+0000] {dagbag.py:538} INFO - Filling up the DagBag from /home/airflow/dags/mlflow_tracking_dag.py
[2026-04-26T19:22:44.487+0000] {processor.py:840} INFO - DAG(s) 'model_training_pipeline' retrieved from /home/airflow/dags/mlflow_tracking_dag.py
[2026-04-26T19:22:44.509+0000] {logging_mixin.py:188} INFO - [2026-04-26T19:22:44.508+0000] {dag.py:3036} INFO - Sync 1 DAGs
[2026-04-26T19:22:44.527+0000] {logging_mixin.py:188} INFO - [2026-04-26T19:22:44.527+0000] {dag.py:3823} INFO - Setting next_dagrun for model_training_pipeline to 2026-04-26 00:00:00+00:00, run_after=2026-05-03 00:00:00+00:00
[2026-04-26T19:22:44.553+0000] {processor.py:183} INFO - Processing /home/airflow/dags/mlflow_tracking_dag.py took 1.034 seconds
[2026-04-26T19:23:15.226+0000] {processor.py:161} INFO - Started process (PID=35972) to work on /home/airflow/dags/mlflow_tracking_dag.py
[2026-04-26T19:23:15.229+0000] {processor.py:830} INFO - Processing file /home/airflow/dags/mlflow_tracking_dag.py for tasks to queue
[2026-04-26T19:23:15.232+0000] {logging_mixin.py:188} INFO - [2026-04-26T19:23:15.231+0000] {dagbag.py:538} INFO - Filling up the DagBag from /home/airflow/dags/mlflow_tracking_dag.py
[2026-04-26T19:23:16.311+0000] {processor.py:840} INFO - DAG(s) 'model_training_pipeline' retrieved from /home/airflow/dags/mlflow_tracking_dag.py
[2026-04-26T19:23:16.324+0000] {logging_mixin.py:188} INFO - [2026-04-26T19:23:16.324+0000] {dag.py:3036} INFO - Sync 1 DAGs
[2026-04-26T19:23:16.349+0000] {logging_mixin.py:188} INFO - [2026-04-26T19:23:16.349+0000] {dag.py:3823} INFO - Setting next_dagrun for model_training_pipeline to 2026-04-26 00:00:00+00:00, run_after=2026-05-03 00:00:00+00:00
[2026-04-26T19:23:16.369+0000] {processor.py:183} INFO - Processing /home/airflow/dags/mlflow_tracking_dag.py took 1.148 seconds
[2026-04-26T19:23:46.821+0000] {processor.py:161} INFO - Started process (PID=36017) to work on /home/airflow/dags/mlflow_tracking_dag.py
[2026-04-26T19:23:46.822+0000] {processor.py:830} INFO - Processing file /home/airflow/dags/mlflow_tracking_dag.py for tasks to queue
[2026-04-26T19:23:46.823+0000] {logging_mixin.py:188} INFO - [2026-04-26T19:23:46.822+0000] {dagbag.py:538} INFO - Filling up the DagBag from /home/airflow/dags/mlflow_tracking_dag.py
[2026-04-26T19:23:47.941+0000] {processor.py:840} INFO - DAG(s) 'model_training_pipeline' retrieved from /home/airflow/dags/mlflow_tracking_dag.py
[2026-04-26T19:23:48.030+0000] {logging_mixin.py:188} INFO - [2026-04-26T19:23:48.030+0000] {dag.py:3036} INFO - Sync 1 DAGs
[2026-04-26T19:23:48.045+0000] {logging_mixin.py:188} INFO - [2026-04-26T19:23:48.045+0000] {dag.py:3823} INFO - Setting next_dagrun for model_training_pipeline to 2026-04-26 00:00:00+00:00, run_after=2026-05-03 00:00:00+00:00
[2026-04-26T19:23:48.070+0000] {processor.py:183} INFO - Processing /home/airflow/dags/mlflow_tracking_dag.py took 1.253 seconds
[2026-04-26T19:24:18.227+0000] {processor.py:161} INFO - Started process (PID=36062) to work on /home/airflow/dags/mlflow_tracking_dag.py
[2026-04-26T19:24:18.229+0000] {processor.py:830} INFO - Processing file /home/airflow/dags/mlflow_tracking_dag.py for tasks to queue
[2026-04-26T19:24:18.230+0000] {logging_mixin.py:188} INFO - [2026-04-26T19:24:18.230+0000] {dagbag.py:538} INFO - Filling up the DagBag from /home/airflow/dags/mlflow_tracking_dag.py
[2026-04-26T19:24:19.259+0000] {processor.py:840} INFO - DAG(s) 'model_training_pipeline' retrieved from /home/airflow/dags/mlflow_tracking_dag.py
[2026-04-26T19:24:19.287+0000] {logging_mixin.py:188} INFO - [2026-04-26T19:24:19.286+0000] {dag.py:3036} INFO - Sync 1 DAGs
[2026-04-26T19:24:19.303+0000] {logging_mixin.py:188} INFO - [2026-04-26T19:24:19.303+0000] {dag.py:3823} INFO - Setting next_dagrun for model_training_pipeline to 2026-04-26 00:00:00+00:00, run_after=2026-05-03 00:00:00+00:00
[2026-04-26T19:24:19.324+0000] {processor.py:183} INFO - Processing /home/airflow/dags/mlflow_tracking_dag.py took 1.100 seconds
[2026-04-26T19:24:49.536+0000] {processor.py:161} INFO - Started process (PID=36107) to work on /home/airflow/dags/mlflow_tracking_dag.py
[2026-04-26T19:24:49.538+0000] {processor.py:830} INFO - Processing file /home/airflow/dags/mlflow_tracking_dag.py for tasks to queue
[2026-04-26T19:24:49.539+0000] {logging_mixin.py:188} INFO - [2026-04-26T19:24:49.538+0000] {dagbag.py:538} INFO - Filling up the DagBag from /home/airflow/dags/mlflow_tracking_dag.py
[2026-04-26T19:24:50.613+0000] {processor.py:840} INFO - DAG(s) 'model_training_pipeline' retrieved from /home/airflow/dags/mlflow_tracking_dag.py
[2026-04-26T19:24:50.625+0000] {logging_mixin.py:188} INFO - [2026-04-26T19:24:50.625+0000] {dag.py:3036} INFO - Sync 1 DAGs
[2026-04-26T19:24:50.645+0000] {logging_mixin.py:188} INFO - [2026-04-26T19:24:50.645+0000] {dag.py:3823} INFO - Setting next_dagrun for model_training_pipeline to 2026-04-26 00:00:00+00:00, run_after=2026-05-03 00:00:00+00:00
[2026-04-26T19:24:50.669+0000] {processor.py:183} INFO - Processing /home/airflow/dags/mlflow_tracking_dag.py took 1.137 seconds
[2026-04-26T19:25:20.957+0000] {processor.py:161} INFO - Started process (PID=36152) to work on /home/airflow/dags/mlflow_tracking_dag.py
[2026-04-26T19:25:20.959+0000] {processor.py:830} INFO - Processing file /home/airflow/dags/mlflow_tracking_dag.py for tasks to queue
[2026-04-26T19:25:20.960+0000] {logging_mixin.py:188} INFO - [2026-04-26T19:25:20.960+0000] {dagbag.py:538} INFO - Filling up the DagBag from /home/airflow/dags/mlflow_tracking_dag.py
[2026-04-26T19:25:22.219+0000] {processor.py:840} INFO - DAG(s) 'model_training_pipeline' retrieved from /home/airflow/dags/mlflow_tracking_dag.py
[2026-04-26T19:25:22.412+0000] {logging_mixin.py:188} INFO - [2026-04-26T19:25:22.410+0000] {dag.py:3036} INFO - Sync 1 DAGs
[2026-04-26T19:25:22.449+0000] {logging_mixin.py:188} INFO - [2026-04-26T19:25:22.449+0000] {dag.py:3823} INFO - Setting next_dagrun for model_training_pipeline to 2026-04-26 00:00:00+00:00, run_after=2026-05-03 00:00:00+00:00
[2026-04-26T19:25:22.481+0000] {processor.py:183} INFO - Processing /home/airflow/dags/mlflow_tracking_dag.py took 1.528 seconds
[2026-04-26T19:25:52.560+0000] {processor.py:161} INFO - Started process (PID=36197) to work on /home/airflow/dags/mlflow_tracking_dag.py
[2026-04-26T19:25:52.561+0000] {processor.py:830} INFO - Processing file /home/airflow/dags/mlflow_tracking_dag.py for tasks to queue
[2026-04-26T19:25:52.562+0000] {logging_mixin.py:188} INFO - [2026-04-26T19:25:52.561+0000] {dagbag.py:538} INFO - Filling up the DagBag from /home/airflow/dags/mlflow_tracking_dag.py
[2026-04-26T19:25:53.368+0000] {processor.py:840} INFO - DAG(s) 'model_training_pipeline' retrieved from /home/airflow/dags/mlflow_tracking_dag.py
[2026-04-26T19:25:53.393+0000] {logging_mixin.py:188} INFO - [2026-04-26T19:25:53.393+0000] {dag.py:3036} INFO - Sync 1 DAGs
[2026-04-26T19:25:53.411+0000] {logging_mixin.py:188} INFO - [2026-04-26T19:25:53.411+0000] {dag.py:3823} INFO - Setting next_dagrun for model_training_pipeline to 2026-04-26 00:00:00+00:00, run_after=2026-05-03 00:00:00+00:00
[2026-04-26T19:25:53.434+0000] {processor.py:183} INFO - Processing /home/airflow/dags/mlflow_tracking_dag.py took 0.878 seconds
[2026-04-26T19:26:23.952+0000] {processor.py:161} INFO - Started process (PID=36242) to work on /home/airflow/dags/mlflow_tracking_dag.py
[2026-04-26T19:26:23.953+0000] {processor.py:830} INFO - Processing file /home/airflow/dags/mlflow_tracking_dag.py for tasks to queue
[2026-04-26T19:26:23.954+0000] {logging_mixin.py:188} INFO - [2026-04-26T19:26:23.954+0000] {dagbag.py:538} INFO - Filling up the DagBag from /home/airflow/dags/mlflow_tracking_dag.py
[2026-04-26T19:26:24.790+0000] {processor.py:840} INFO - DAG(s) 'model_training_pipeline' retrieved from /home/airflow/dags/mlflow_tracking_dag.py
[2026-04-26T19:26:24.805+0000] {logging_mixin.py:188} INFO - [2026-04-26T19:26:24.804+0000] {dag.py:3036} INFO - Sync 1 DAGs
[2026-04-26T19:26:24.820+0000] {logging_mixin.py:188} INFO - [2026-04-26T19:26:24.820+0000] {dag.py:3823} INFO - Setting next_dagrun for model_training_pipeline to 2026-04-26 00:00:00+00:00, run_after=2026-05-03 00:00:00+00:00
[2026-04-26T19:26:24.845+0000] {processor.py:183} INFO - Processing /home/airflow/dags/mlflow_tracking_dag.py took 0.898 seconds
[2026-04-26T19:26:55.327+0000] {processor.py:161} INFO - Started process (PID=36287) to work on /home/airflow/dags/mlflow_tracking_dag.py
[2026-04-26T19:26:55.328+0000] {processor.py:830} INFO - Processing file /home/airflow/dags/mlflow_tracking_dag.py for tasks to queue
[2026-04-26T19:26:55.330+0000] {logging_mixin.py:188} INFO - [2026-04-26T19:26:55.330+0000] {dagbag.py:538} INFO - Filling up the DagBag from /home/airflow/dags/mlflow_tracking_dag.py
[2026-04-26T19:26:56.291+0000] {processor.py:840} INFO - DAG(s) 'model_training_pipeline' retrieved from /home/airflow/dags/mlflow_tracking_dag.py
[2026-04-26T19:26:56.407+0000] {logging_mixin.py:188} INFO - [2026-04-26T19:26:56.407+0000] {dag.py:3036} INFO - Sync 1 DAGs
[2026-04-26T19:26:56.432+0000] {logging_mixin.py:188} INFO - [2026-04-26T19:26:56.431+0000] {dag.py:3823} INFO - Setting next_dagrun for model_training_pipeline to 2026-04-26 00:00:00+00:00, run_after=2026-05-03 00:00:00+00:00
[2026-04-26T19:26:56.465+0000] {processor.py:183} INFO - Processing /home/airflow/dags/mlflow_tracking_dag.py took 1.142 seconds
[2026-04-26T19:27:26.694+0000] {processor.py:161} INFO - Started process (PID=36332) to work on /home/airflow/dags/mlflow_tracking_dag.py
[2026-04-26T19:27:26.696+0000] {processor.py:830} INFO - Processing file /home/airflow/dags/mlflow_tracking_dag.py for tasks to queue
[2026-04-26T19:27:26.697+0000] {logging_mixin.py:188} INFO - [2026-04-26T19:27:26.697+0000] {dagbag.py:538} INFO - Filling up the DagBag from /home/airflow/dags/mlflow_tracking_dag.py
[2026-04-26T19:27:27.663+0000] {processor.py:840} INFO - DAG(s) 'model_training_pipeline' retrieved from /home/airflow/dags/mlflow_tracking_dag.py
[2026-04-26T19:27:27.693+0000] {logging_mixin.py:188} INFO - [2026-04-26T19:27:27.693+0000] {dag.py:3036} INFO - Sync 1 DAGs
[2026-04-26T19:27:27.709+0000] {logging_mixin.py:188} INFO - [2026-04-26T19:27:27.709+0000] {dag.py:3823} INFO - Setting next_dagrun for model_training_pipeline to 2026-04-26 00:00:00+00:00, run_after=2026-05-03 00:00:00+00:00
[2026-04-26T19:27:27.732+0000] {processor.py:183} INFO - Processing /home/airflow/dags/mlflow_tracking_dag.py took 1.041 seconds
[2026-04-26T19:27:58.123+0000] {processor.py:161} INFO - Started process (PID=36377) to work on /home/airflow/dags/mlflow_tracking_dag.py
[2026-04-26T19:27:58.125+0000] {processor.py:830} INFO - Processing file /home/airflow/dags/mlflow_tracking_dag.py for tasks to queue
[2026-04-26T19:27:58.126+0000] {logging_mixin.py:188} INFO - [2026-04-26T19:27:58.126+0000] {dagbag.py:538} INFO - Filling up the DagBag from /home/airflow/dags/mlflow_tracking_dag.py
[2026-04-26T19:27:59.374+0000] {processor.py:840} INFO - DAG(s) 'model_training_pipeline' retrieved from /home/airflow/dags/mlflow_tracking_dag.py
[2026-04-26T19:27:59.389+0000] {logging_mixin.py:188} INFO - [2026-04-26T19:27:59.388+0000] {dag.py:3036} INFO - Sync 1 DAGs
[2026-04-26T19:27:59.415+0000] {logging_mixin.py:188} INFO - [2026-04-26T19:27:59.415+0000] {dag.py:3823} INFO - Setting next_dagrun for model_training_pipeline to 2026-04-26 00:00:00+00:00, run_after=2026-05-03 00:00:00+00:00
[2026-04-26T19:27:59.444+0000] {processor.py:183} INFO - Processing /home/airflow/dags/mlflow_tracking_dag.py took 1.325 seconds
[2026-04-26T19:28:29.754+0000] {processor.py:161} INFO - Started process (PID=36422) to work on /home/airflow/dags/mlflow_tracking_dag.py
[2026-04-26T19:28:29.756+0000] {processor.py:830} INFO - Processing file /home/airflow/dags/mlflow_tracking_dag.py for tasks to queue
[2026-04-26T19:28:29.760+0000] {logging_mixin.py:188} INFO - [2026-04-26T19:28:29.760+0000] {dagbag.py:538} INFO - Filling up the DagBag from /home/airflow/dags/mlflow_tracking_dag.py
[2026-04-26T19:28:30.910+0000] {processor.py:840} INFO - DAG(s) 'model_training_pipeline' retrieved from /home/airflow/dags/mlflow_tracking_dag.py
[2026-04-26T19:28:31.009+0000] {logging_mixin.py:188} INFO - [2026-04-26T19:28:31.008+0000] {dag.py:3036} INFO - Sync 1 DAGs
[2026-04-26T19:28:31.024+0000] {logging_mixin.py:188} INFO - [2026-04-26T19:28:31.024+0000] {dag.py:3823} INFO - Setting next_dagrun for model_training_pipeline to 2026-04-26 00:00:00+00:00, run_after=2026-05-03 00:00:00+00:00
[2026-04-26T19:28:31.049+0000] {processor.py:183} INFO - Processing /home/airflow/dags/mlflow_tracking_dag.py took 1.300 seconds
[2026-04-26T19:29:01.743+0000] {processor.py:161} INFO - Started process (PID=36467) to work on /home/airflow/dags/mlflow_tracking_dag.py
[2026-04-26T19:29:01.745+0000] {processor.py:830} INFO - Processing file /home/airflow/dags/mlflow_tracking_dag.py for tasks to queue
[2026-04-26T19:29:01.747+0000] {logging_mixin.py:188} INFO - [2026-04-26T19:29:01.746+0000] {dagbag.py:538} INFO - Filling up the DagBag from /home/airflow/dags/mlflow_tracking_dag.py
[2026-04-26T19:29:03.112+0000] {processor.py:840} INFO - DAG(s) 'model_training_pipeline' retrieved from /home/airflow/dags/mlflow_tracking_dag.py
[2026-04-26T19:29:03.160+0000] {logging_mixin.py:188} INFO - [2026-04-26T19:29:03.159+0000] {dag.py:3036} INFO - Sync 1 DAGs
[2026-04-26T19:29:03.190+0000] {logging_mixin.py:188} INFO - [2026-04-26T19:29:03.189+0000] {dag.py:3823} INFO - Setting next_dagrun for model_training_pipeline to 2026-04-26 00:00:00+00:00, run_after=2026-05-03 00:00:00+00:00
[2026-04-26T19:29:03.219+0000] {processor.py:183} INFO - Processing /home/airflow/dags/mlflow_tracking_dag.py took 1.480 seconds
[2026-04-26T19:29:33.691+0000] {processor.py:161} INFO - Started process (PID=36512) to work on /home/airflow/dags/mlflow_tracking_dag.py
[2026-04-26T19:29:33.693+0000] {processor.py:830} INFO - Processing file /home/airflow/dags/mlflow_tracking_dag.py for tasks to queue
[2026-04-26T19:29:33.694+0000] {logging_mixin.py:188} INFO - [2026-04-26T19:29:33.694+0000] {dagbag.py:538} INFO - Filling up the DagBag from /home/airflow/dags/mlflow_tracking_dag.py
[2026-04-26T19:29:34.734+0000] {processor.py:840} INFO - DAG(s) 'model_training_pipeline' retrieved from /home/airflow/dags/mlflow_tracking_dag.py
[2026-04-26T19:29:34.746+0000] {logging_mixin.py:188} INFO - [2026-04-26T19:29:34.746+0000] {dag.py:3036} INFO - Sync 1 DAGs
[2026-04-26T19:29:34.767+0000] {logging_mixin.py:188} INFO - [2026-04-26T19:29:34.767+0000] {dag.py:3823} INFO - Setting next_dagrun for model_training_pipeline to 2026-04-26 00:00:00+00:00, run_after=2026-05-03 00:00:00+00:00
[2026-04-26T19:29:34.797+0000] {processor.py:183} INFO - Processing /home/airflow/dags/mlflow_tracking_dag.py took 1.109 seconds
[2026-04-26T19:30:05.247+0000] {processor.py:161} INFO - Started process (PID=36557) to work on /home/airflow/dags/mlflow_tracking_dag.py
[2026-04-26T19:30:05.249+0000] {processor.py:830} INFO - Processing file /home/airflow/dags/mlflow_tracking_dag.py for tasks to queue
[2026-04-26T19:30:05.251+0000] {logging_mixin.py:188} INFO - [2026-04-26T19:30:05.250+0000] {dagbag.py:538} INFO - Filling up the DagBag from /home/airflow/dags/mlflow_tracking_dag.py
[2026-04-26T19:30:06.726+0000] {processor.py:840} INFO - DAG(s) 'model_training_pipeline' retrieved from /home/airflow/dags/mlflow_tracking_dag.py
[2026-04-26T19:30:06.923+0000] {logging_mixin.py:188} INFO - [2026-04-26T19:30:06.922+0000] {dag.py:3036} INFO - Sync 1 DAGs
[2026-04-26T19:30:06.958+0000] {logging_mixin.py:188} INFO - [2026-04-26T19:30:06.958+0000] {dag.py:3823} INFO - Setting next_dagrun for model_training_pipeline to 2026-04-26 00:00:00+00:00, run_after=2026-05-03 00:00:00+00:00
[2026-04-26T19:30:07.051+0000] {processor.py:183} INFO - Processing /home/airflow/dags/mlflow_tracking_dag.py took 1.808 seconds
[2026-04-26T19:30:37.672+0000] {processor.py:161} INFO - Started process (PID=36602) to work on /home/airflow/dags/mlflow_tracking_dag.py
[2026-04-26T19:30:37.673+0000] {processor.py:830} INFO - Processing file /home/airflow/dags/mlflow_tracking_dag.py for tasks to queue
[2026-04-26T19:30:37.675+0000] {logging_mixin.py:188} INFO - [2026-04-26T19:30:37.674+0000] {dagbag.py:538} INFO - Filling up the DagBag from /home/airflow/dags/mlflow_tracking_dag.py
[2026-04-26T19:30:38.720+0000] {processor.py:840} INFO - DAG(s) 'model_training_pipeline' retrieved from /home/airflow/dags/mlflow_tracking_dag.py
[2026-04-26T19:30:38.744+0000] {logging_mixin.py:188} INFO - [2026-04-26T19:30:38.743+0000] {dag.py:3036} INFO - Sync 1 DAGs
[2026-04-26T19:30:38.760+0000] {logging_mixin.py:188} INFO - [2026-04-26T19:30:38.760+0000] {dag.py:3823} INFO - Setting next_dagrun for model_training_pipeline to 2026-04-26 00:00:00+00:00, run_after=2026-05-03 00:00:00+00:00
[2026-04-26T19:30:38.786+0000] {processor.py:183} INFO - Processing /home/airflow/dags/mlflow_tracking_dag.py took 1.118 seconds
[2026-04-26T19:31:09.080+0000] {processor.py:161} INFO - Started process (PID=36647) to work on /home/airflow/dags/mlflow_tracking_dag.py
[2026-04-26T19:31:09.082+0000] {processor.py:830} INFO - Processing file /home/airflow/dags/mlflow_tracking_dag.py for tasks to queue
[2026-04-26T19:31:09.083+0000] {logging_mixin.py:188} INFO - [2026-04-26T19:31:09.082+0000] {dagbag.py:538} INFO - Filling up the DagBag from /home/airflow/dags/mlflow_tracking_dag.py
[2026-04-26T19:31:10.087+0000] {processor.py:840} INFO - DAG(s) 'model_training_pipeline' retrieved from /home/airflow/dags/mlflow_tracking_dag.py
[2026-04-26T19:31:10.100+0000] {logging_mixin.py:188} INFO - [2026-04-26T19:31:10.099+0000] {dag.py:3036} INFO - Sync 1 DAGs
[2026-04-26T19:31:10.121+0000] {logging_mixin.py:188} INFO - [2026-04-26T19:31:10.121+0000] {dag.py:3823} INFO - Setting next_dagrun for model_training_pipeline to 2026-04-26 00:00:00+00:00, run_after=2026-05-03 00:00:00+00:00
[2026-04-26T19:31:10.187+0000] {processor.py:183} INFO - Processing /home/airflow/dags/mlflow_tracking_dag.py took 1.109 seconds
[2026-04-26T19:31:40.586+0000] {processor.py:161} INFO - Started process (PID=36692) to work on /home/airflow/dags/mlflow_tracking_dag.py
[2026-04-26T19:31:40.588+0000] {processor.py:830} INFO - Processing file /home/airflow/dags/mlflow_tracking_dag.py for tasks to queue
[2026-04-26T19:31:40.589+0000] {logging_mixin.py:188} INFO - [2026-04-26T19:31:40.589+0000] {dagbag.py:538} INFO - Filling up the DagBag from /home/airflow/dags/mlflow_tracking_dag.py
[2026-04-26T19:31:41.582+0000] {processor.py:840} INFO - DAG(s) 'model_training_pipeline' retrieved from /home/airflow/dags/mlflow_tracking_dag.py
[2026-04-26T19:31:41.692+0000] {logging_mixin.py:188} INFO - [2026-04-26T19:31:41.692+0000] {dag.py:3036} INFO - Sync 1 DAGs
[2026-04-26T19:31:41.707+0000] {logging_mixin.py:188} INFO - [2026-04-26T19:31:41.707+0000] {dag.py:3823} INFO - Setting next_dagrun for model_training_pipeline to 2026-04-26 00:00:00+00:00, run_after=2026-05-03 00:00:00+00:00
[2026-04-26T19:31:41.844+0000] {processor.py:183} INFO - Processing /home/airflow/dags/mlflow_tracking_dag.py took 1.264 seconds
[2026-04-26T19:32:12.302+0000] {processor.py:161} INFO - Started process (PID=36737) to work on /home/airflow/dags/mlflow_tracking_dag.py
[2026-04-26T19:32:12.304+0000] {processor.py:830} INFO - Processing file /home/airflow/dags/mlflow_tracking_dag.py for tasks to queue
[2026-04-26T19:32:12.305+0000] {logging_mixin.py:188} INFO - [2026-04-26T19:32:12.305+0000] {dagbag.py:538} INFO - Filling up the DagBag from /home/airflow/dags/mlflow_tracking_dag.py
[2026-04-26T19:32:13.582+0000] {processor.py:840} INFO - DAG(s) 'model_training_pipeline' retrieved from /home/airflow/dags/mlflow_tracking_dag.py
[2026-04-26T19:32:13.602+0000] {logging_mixin.py:188} INFO - [2026-04-26T19:32:13.602+0000] {dag.py:3036} INFO - Sync 1 DAGs
[2026-04-26T19:32:13.619+0000] {logging_mixin.py:188} INFO - [2026-04-26T19:32:13.619+0000] {dag.py:3823} INFO - Setting next_dagrun for model_training_pipeline to 2026-04-26 00:00:00+00:00, run_after=2026-05-03 00:00:00+00:00
[2026-04-26T19:32:13.643+0000] {processor.py:183} INFO - Processing /home/airflow/dags/mlflow_tracking_dag.py took 1.345 seconds
[2026-04-26T19:32:43.952+0000] {processor.py:161} INFO - Started process (PID=36782) to work on /home/airflow/dags/mlflow_tracking_dag.py
[2026-04-26T19:32:43.953+0000] {processor.py:830} INFO - Processing file /home/airflow/dags/mlflow_tracking_dag.py for tasks to queue
[2026-04-26T19:32:43.954+0000] {logging_mixin.py:188} INFO - [2026-04-26T19:32:43.954+0000] {dagbag.py:538} INFO - Filling up the DagBag from /home/airflow/dags/mlflow_tracking_dag.py
[2026-04-26T19:32:44.785+0000] {processor.py:840} INFO - DAG(s) 'model_training_pipeline' retrieved from /home/airflow/dags/mlflow_tracking_dag.py
[2026-04-26T19:32:44.798+0000] {logging_mixin.py:188} INFO - [2026-04-26T19:32:44.797+0000] {dag.py:3036} INFO - Sync 1 DAGs
[2026-04-26T19:32:44.815+0000] {logging_mixin.py:188} INFO - [2026-04-26T19:32:44.815+0000] {dag.py:3823} INFO - Setting next_dagrun for model_training_pipeline to 2026-04-26 00:00:00+00:00, run_after=2026-05-03 00:00:00+00:00
[2026-04-26T19:32:44.837+0000] {processor.py:183} INFO - Processing /home/airflow/dags/mlflow_tracking_dag.py took 0.889 seconds
[2026-04-26T19:33:15.135+0000] {processor.py:161} INFO - Started process (PID=36827) to work on /home/airflow/dags/mlflow_tracking_dag.py
[2026-04-26T19:33:15.137+0000] {processor.py:830} INFO - Processing file /home/airflow/dags/mlflow_tracking_dag.py for tasks to queue
[2026-04-26T19:33:15.138+0000] {logging_mixin.py:188} INFO - [2026-04-26T19:33:15.138+0000] {dagbag.py:538} INFO - Filling up the DagBag from /home/airflow/dags/mlflow_tracking_dag.py
[2026-04-26T19:33:16.163+0000] {processor.py:840} INFO - DAG(s) 'model_training_pipeline' retrieved from /home/airflow/dags/mlflow_tracking_dag.py
[2026-04-26T19:33:16.363+0000] {logging_mixin.py:188} INFO - [2026-04-26T19:33:16.363+0000] {dag.py:3036} INFO - Sync 1 DAGs
[2026-04-26T19:33:16.378+0000] {logging_mixin.py:188} INFO - [2026-04-26T19:33:16.378+0000] {dag.py:3823} INFO - Setting next_dagrun for model_training_pipeline to 2026-04-26 00:00:00+00:00, run_after=2026-05-03 00:00:00+00:00
[2026-04-26T19:33:16.403+0000] {processor.py:183} INFO - Processing /home/airflow/dags/mlflow_tracking_dag.py took 1.274 seconds
[2026-04-26T19:33:47.454+0000] {processor.py:161} INFO - Started process (PID=36872) to work on /home/airflow/dags/mlflow_tracking_dag.py
[2026-04-26T19:33:47.455+0000] {processor.py:830} INFO - Processing file /home/airflow/dags/mlflow_tracking_dag.py for tasks to queue
[2026-04-26T19:33:47.456+0000] {logging_mixin.py:188} INFO - [2026-04-26T19:33:47.456+0000] {dagbag.py:538} INFO - Filling up the DagBag from /home/airflow/dags/mlflow_tracking_dag.py
[2026-04-26T19:33:48.289+0000] {processor.py:840} INFO - DAG(s) 'model_training_pipeline' retrieved from /home/airflow/dags/mlflow_tracking_dag.py
[2026-04-26T19:33:48.310+0000] {logging_mixin.py:188} INFO - [2026-04-26T19:33:48.310+0000] {dag.py:3036} INFO - Sync 1 DAGs
[2026-04-26T19:33:48.325+0000] {logging_mixin.py:188} INFO - [2026-04-26T19:33:48.325+0000] {dag.py:3823} INFO - Setting next_dagrun for model_training_pipeline to 2026-04-26 00:00:00+00:00, run_after=2026-05-03 00:00:00+00:00
[2026-04-26T19:33:48.455+0000] {processor.py:183} INFO - Processing /home/airflow/dags/mlflow_tracking_dag.py took 1.004 seconds
[2026-04-26T19:34:18.695+0000] {processor.py:161} INFO - Started process (PID=36917) to work on /home/airflow/dags/mlflow_tracking_dag.py
[2026-04-26T19:34:18.697+0000] {processor.py:830} INFO - Processing file /home/airflow/dags/mlflow_tracking_dag.py for tasks to queue
[2026-04-26T19:34:18.699+0000] {logging_mixin.py:188} INFO - [2026-04-26T19:34:18.698+0000] {dagbag.py:538} INFO - Filling up the DagBag from /home/airflow/dags/mlflow_tracking_dag.py
[2026-04-26T19:34:19.801+0000] {processor.py:840} INFO - DAG(s) 'model_training_pipeline' retrieved from /home/airflow/dags/mlflow_tracking_dag.py
[2026-04-26T19:34:19.819+0000] {logging_mixin.py:188} INFO - [2026-04-26T19:34:19.818+0000] {dag.py:3036} INFO - Sync 1 DAGs
[2026-04-26T19:34:19.846+0000] {logging_mixin.py:188} INFO - [2026-04-26T19:34:19.846+0000] {dag.py:3823} INFO - Setting next_dagrun for model_training_pipeline to 2026-04-26 00:00:00+00:00, run_after=2026-05-03 00:00:00+00:00
[2026-04-26T19:34:20.068+0000] {processor.py:183} INFO - Processing /home/airflow/dags/mlflow_tracking_dag.py took 1.379 seconds
[2026-04-26T19:34:50.472+0000] {processor.py:161} INFO - Started process (PID=36962) to work on /home/airflow/dags/mlflow_tracking_dag.py
[2026-04-26T19:34:50.473+0000] {processor.py:830} INFO - Processing file /home/airflow/dags/mlflow_tracking_dag.py for tasks to queue
[2026-04-26T19:34:50.474+0000] {logging_mixin.py:188} INFO - [2026-04-26T19:34:50.474+0000] {dagbag.py:538} INFO - Filling up the DagBag from /home/airflow/dags/mlflow_tracking_dag.py
[2026-04-26T19:34:51.311+0000] {processor.py:840} INFO - DAG(s) 'model_training_pipeline' retrieved from /home/airflow/dags/mlflow_tracking_dag.py
[2026-04-26T19:34:51.500+0000] {logging_mixin.py:188} INFO - [2026-04-26T19:34:51.500+0000] {dag.py:3036} INFO - Sync 1 DAGs
[2026-04-26T19:34:51.513+0000] {logging_mixin.py:188} INFO - [2026-04-26T19:34:51.513+0000] {dag.py:3823} INFO - Setting next_dagrun for model_training_pipeline to 2026-04-26 00:00:00+00:00, run_after=2026-05-03 00:00:00+00:00
[2026-04-26T19:34:51.537+0000] {processor.py:183} INFO - Processing /home/airflow/dags/mlflow_tracking_dag.py took 1.068 seconds
[2026-04-26T19:35:22.014+0000] {processor.py:161} INFO - Started process (PID=37007) to work on /home/airflow/dags/mlflow_tracking_dag.py
[2026-04-26T19:35:22.015+0000] {processor.py:830} INFO - Processing file /home/airflow/dags/mlflow_tracking_dag.py for tasks to queue
[2026-04-26T19:35:22.016+0000] {logging_mixin.py:188} INFO - [2026-04-26T19:35:22.016+0000] {dagbag.py:538} INFO - Filling up the DagBag from /home/airflow/dags/mlflow_tracking_dag.py
[2026-04-26T19:35:22.861+0000] {processor.py:840} INFO - DAG(s) 'model_training_pipeline' retrieved from /home/airflow/dags/mlflow_tracking_dag.py
[2026-04-26T19:35:22.879+0000] {logging_mixin.py:188} INFO - [2026-04-26T19:35:22.879+0000] {dag.py:3036} INFO - Sync 1 DAGs
[2026-04-26T19:35:22.894+0000] {logging_mixin.py:188} INFO - [2026-04-26T19:35:22.894+0000] {dag.py:3823} INFO - Setting next_dagrun for model_training_pipeline to 2026-04-26 00:00:00+00:00, run_after=2026-05-03 00:00:00+00:00
[2026-04-26T19:35:22.918+0000] {processor.py:183} INFO - Processing /home/airflow/dags/mlflow_tracking_dag.py took 0.906 seconds
[2026-04-26T19:35:53.368+0000] {processor.py:161} INFO - Started process (PID=37052) to work on /home/airflow/dags/mlflow_tracking_dag.py
[2026-04-26T19:35:53.370+0000] {processor.py:830} INFO - Processing file /home/airflow/dags/mlflow_tracking_dag.py for tasks to queue
[2026-04-26T19:35:53.371+0000] {logging_mixin.py:188} INFO - [2026-04-26T19:35:53.370+0000] {dagbag.py:538} INFO - Filling up the DagBag from /home/airflow/dags/mlflow_tracking_dag.py
[2026-04-26T19:35:54.165+0000] {processor.py:840} INFO - DAG(s) 'model_training_pipeline' retrieved from /home/airflow/dags/mlflow_tracking_dag.py
[2026-04-26T19:35:54.177+0000] {logging_mixin.py:188} INFO - [2026-04-26T19:35:54.177+0000] {dag.py:3036} INFO - Sync 1 DAGs
[2026-04-26T19:35:54.192+0000] {logging_mixin.py:188} INFO - [2026-04-26T19:35:54.191+0000] {dag.py:3823} INFO - Setting next_dagrun for model_training_pipeline to 2026-04-26 00:00:00+00:00, run_after=2026-05-03 00:00:00+00:00
[2026-04-26T19:35:54.213+0000] {processor.py:183} INFO - Processing /home/airflow/dags/mlflow_tracking_dag.py took 0.849 seconds
[2026-04-26T19:36:24.798+0000] {processor.py:161} INFO - Started process (PID=37097) to work on /home/airflow/dags/mlflow_tracking_dag.py
[2026-04-26T19:36:24.799+0000] {processor.py:830} INFO - Processing file /home/airflow/dags/mlflow_tracking_dag.py for tasks to queue
[2026-04-26T19:36:24.800+0000] {logging_mixin.py:188} INFO - [2026-04-26T19:36:24.800+0000] {dagbag.py:538} INFO - Filling up the DagBag from /home/airflow/dags/mlflow_tracking_dag.py
[2026-04-26T19:36:25.682+0000] {processor.py:840} INFO - DAG(s) 'model_training_pipeline' retrieved from /home/airflow/dags/mlflow_tracking_dag.py
[2026-04-26T19:36:25.783+0000] {logging_mixin.py:188} INFO - [2026-04-26T19:36:25.782+0000] {dag.py:3036} INFO - Sync 1 DAGs
[2026-04-26T19:36:25.797+0000] {logging_mixin.py:188} INFO - [2026-04-26T19:36:25.796+0000] {dag.py:3823} INFO - Setting next_dagrun for model_training_pipeline to 2026-04-26 00:00:00+00:00, run_after=2026-05-03 00:00:00+00:00
[2026-04-26T19:36:25.819+0000] {processor.py:183} INFO - Processing /home/airflow/dags/mlflow_tracking_dag.py took 1.025 seconds
[2026-04-26T19:36:56.222+0000] {processor.py:161} INFO - Started process (PID=37142) to work on /home/airflow/dags/mlflow_tracking_dag.py
[2026-04-26T19:36:56.224+0000] {processor.py:830} INFO - Processing file /home/airflow/dags/mlflow_tracking_dag.py for tasks to queue
[2026-04-26T19:36:56.225+0000] {logging_mixin.py:188} INFO - [2026-04-26T19:36:56.224+0000] {dagbag.py:538} INFO - Filling up the DagBag from /home/airflow/dags/mlflow_tracking_dag.py
[2026-04-26T19:36:57.251+0000] {processor.py:840} INFO - DAG(s) 'model_training_pipeline' retrieved from /home/airflow/dags/mlflow_tracking_dag.py
[2026-04-26T19:36:57.274+0000] {logging_mixin.py:188} INFO - [2026-04-26T19:36:57.274+0000] {dag.py:3036} INFO - Sync 1 DAGs
[2026-04-26T19:36:57.291+0000] {logging_mixin.py:188} INFO - [2026-04-26T19:36:57.291+0000] {dag.py:3823} INFO - Setting next_dagrun for model_training_pipeline to 2026-04-26 00:00:00+00:00, run_after=2026-05-03 00:00:00+00:00
[2026-04-26T19:36:57.316+0000] {processor.py:183} INFO - Processing /home/airflow/dags/mlflow_tracking_dag.py took 1.097 seconds
[2026-04-26T19:37:27.676+0000] {processor.py:161} INFO - Started process (PID=37187) to work on /home/airflow/dags/mlflow_tracking_dag.py
[2026-04-26T19:37:27.678+0000] {processor.py:830} INFO - Processing file /home/airflow/dags/mlflow_tracking_dag.py for tasks to queue
[2026-04-26T19:37:27.679+0000] {logging_mixin.py:188} INFO - [2026-04-26T19:37:27.679+0000] {dagbag.py:538} INFO - Filling up the DagBag from /home/airflow/dags/mlflow_tracking_dag.py
[2026-04-26T19:37:28.769+0000] {processor.py:840} INFO - DAG(s) 'model_training_pipeline' retrieved from /home/airflow/dags/mlflow_tracking_dag.py
[2026-04-26T19:37:28.786+0000] {logging_mixin.py:188} INFO - [2026-04-26T19:37:28.785+0000] {dag.py:3036} INFO - Sync 1 DAGs
[2026-04-26T19:37:28.828+0000] {logging_mixin.py:188} INFO - [2026-04-26T19:37:28.827+0000] {dag.py:3823} INFO - Setting next_dagrun for model_training_pipeline to 2026-04-26 00:00:00+00:00, run_after=2026-05-03 00:00:00+00:00
[2026-04-26T19:37:28.887+0000] {processor.py:183} INFO - Processing /home/airflow/dags/mlflow_tracking_dag.py took 1.214 seconds
[2026-04-26T19:37:59.239+0000] {processor.py:161} INFO - Started process (PID=37232) to work on /home/airflow/dags/mlflow_tracking_dag.py
[2026-04-26T19:37:59.241+0000] {processor.py:830} INFO - Processing file /home/airflow/dags/mlflow_tracking_dag.py for tasks to queue
[2026-04-26T19:37:59.242+0000] {logging_mixin.py:188} INFO - [2026-04-26T19:37:59.242+0000] {dagbag.py:538} INFO - Filling up the DagBag from /home/airflow/dags/mlflow_tracking_dag.py
[2026-04-26T19:38:00.170+0000] {processor.py:840} INFO - DAG(s) 'model_training_pipeline' retrieved from /home/airflow/dags/mlflow_tracking_dag.py
[2026-04-26T19:38:00.254+0000] {logging_mixin.py:188} INFO - [2026-04-26T19:38:00.254+0000] {dag.py:3036} INFO - Sync 1 DAGs
[2026-04-26T19:38:00.270+0000] {logging_mixin.py:188} INFO - [2026-04-26T19:38:00.269+0000] {dag.py:3823} INFO - Setting next_dagrun for model_training_pipeline to 2026-04-26 00:00:00+00:00, run_after=2026-05-03 00:00:00+00:00
[2026-04-26T19:38:00.296+0000] {processor.py:183} INFO - Processing /home/airflow/dags/mlflow_tracking_dag.py took 1.061 seconds
[2026-04-26T19:38:30.586+0000] {processor.py:161} INFO - Started process (PID=37277) to work on /home/airflow/dags/mlflow_tracking_dag.py
[2026-04-26T19:38:30.587+0000] {processor.py:830} INFO - Processing file /home/airflow/dags/mlflow_tracking_dag.py for tasks to queue
[2026-04-26T19:38:30.588+0000] {logging_mixin.py:188} INFO - [2026-04-26T19:38:30.588+0000] {dagbag.py:538} INFO - Filling up the DagBag from /home/airflow/dags/mlflow_tracking_dag.py
[2026-04-26T19:38:31.474+0000] {processor.py:840} INFO - DAG(s) 'model_training_pipeline' retrieved from /home/airflow/dags/mlflow_tracking_dag.py
[2026-04-26T19:38:31.494+0000] {logging_mixin.py:188} INFO - [2026-04-26T19:38:31.494+0000] {dag.py:3036} INFO - Sync 1 DAGs
[2026-04-26T19:38:31.509+0000] {logging_mixin.py:188} INFO - [2026-04-26T19:38:31.509+0000] {dag.py:3823} INFO - Setting next_dagrun for model_training_pipeline to 2026-04-26 00:00:00+00:00, run_after=2026-05-03 00:00:00+00:00
[2026-04-26T19:38:31.531+0000] {processor.py:183} INFO - Processing /home/airflow/dags/mlflow_tracking_dag.py took 0.948 seconds
[2026-04-26T19:39:01.786+0000] {processor.py:161} INFO - Started process (PID=37322) to work on /home/airflow/dags/mlflow_tracking_dag.py
[2026-04-26T19:39:01.788+0000] {processor.py:830} INFO - Processing file /home/airflow/dags/mlflow_tracking_dag.py for tasks to queue
[2026-04-26T19:39:01.789+0000] {logging_mixin.py:188} INFO - [2026-04-26T19:39:01.788+0000] {dagbag.py:538} INFO - Filling up the DagBag from /home/airflow/dags/mlflow_tracking_dag.py
[2026-04-26T19:39:02.766+0000] {processor.py:840} INFO - DAG(s) 'model_training_pipeline' retrieved from /home/airflow/dags/mlflow_tracking_dag.py
[2026-04-26T19:39:02.780+0000] {logging_mixin.py:188} INFO - [2026-04-26T19:39:02.780+0000] {dag.py:3036} INFO - Sync 1 DAGs
[2026-04-26T19:39:02.801+0000] {logging_mixin.py:188} INFO - [2026-04-26T19:39:02.801+0000] {dag.py:3823} INFO - Setting next_dagrun for model_training_pipeline to 2026-04-26 00:00:00+00:00, run_after=2026-05-03 00:00:00+00:00
[2026-04-26T19:39:02.823+0000] {processor.py:183} INFO - Processing /home/airflow/dags/mlflow_tracking_dag.py took 1.040 seconds
[2026-04-26T19:39:33.173+0000] {processor.py:161} INFO - Started process (PID=37367) to work on /home/airflow/dags/mlflow_tracking_dag.py
[2026-04-26T19:39:33.174+0000] {processor.py:830} INFO - Processing file /home/airflow/dags/mlflow_tracking_dag.py for tasks to queue
[2026-04-26T19:39:33.175+0000] {logging_mixin.py:188} INFO - [2026-04-26T19:39:33.174+0000] {dagbag.py:538} INFO - Filling up the DagBag from /home/airflow/dags/mlflow_tracking_dag.py
[2026-04-26T19:39:33.995+0000] {processor.py:840} INFO - DAG(s) 'model_training_pipeline' retrieved from /home/airflow/dags/mlflow_tracking_dag.py
[2026-04-26T19:39:34.072+0000] {logging_mixin.py:188} INFO - [2026-04-26T19:39:34.072+0000] {dag.py:3036} INFO - Sync 1 DAGs
[2026-04-26T19:39:34.086+0000] {logging_mixin.py:188} INFO - [2026-04-26T19:39:34.086+0000] {dag.py:3823} INFO - Setting next_dagrun for model_training_pipeline to 2026-04-26 00:00:00+00:00, run_after=2026-05-03 00:00:00+00:00
[2026-04-26T19:39:34.112+0000] {processor.py:183} INFO - Processing /home/airflow/dags/mlflow_tracking_dag.py took 0.942 seconds
[2026-04-26T19:40:04.507+0000] {processor.py:161} INFO - Started process (PID=37412) to work on /home/airflow/dags/mlflow_tracking_dag.py
[2026-04-26T19:40:04.508+0000] {processor.py:830} INFO - Processing file /home/airflow/dags/mlflow_tracking_dag.py for tasks to queue
[2026-04-26T19:40:04.509+0000] {logging_mixin.py:188} INFO - [2026-04-26T19:40:04.509+0000] {dagbag.py:538} INFO - Filling up the DagBag from /home/airflow/dags/mlflow_tracking_dag.py
[2026-04-26T19:40:05.393+0000] {processor.py:840} INFO - DAG(s) 'model_training_pipeline' retrieved from /home/airflow/dags/mlflow_tracking_dag.py
[2026-04-26T19:40:05.414+0000] {logging_mixin.py:188} INFO - [2026-04-26T19:40:05.414+0000] {dag.py:3036} INFO - Sync 1 DAGs
[2026-04-26T19:40:05.428+0000] {logging_mixin.py:188} INFO - [2026-04-26T19:40:05.428+0000] {dag.py:3823} INFO - Setting next_dagrun for model_training_pipeline to 2026-04-26 00:00:00+00:00, run_after=2026-05-03 00:00:00+00:00
[2026-04-26T19:40:05.452+0000] {processor.py:183} INFO - Processing /home/airflow/dags/mlflow_tracking_dag.py took 0.948 seconds
[2026-04-26T19:40:35.570+0000] {processor.py:161} INFO - Started process (PID=37457) to work on /home/airflow/dags/mlflow_tracking_dag.py
[2026-04-26T19:40:35.572+0000] {processor.py:830} INFO - Processing file /home/airflow/dags/mlflow_tracking_dag.py for tasks to queue
[2026-04-26T19:40:35.573+0000] {logging_mixin.py:188} INFO - [2026-04-26T19:40:35.573+0000] {dagbag.py:538} INFO - Filling up the DagBag from /home/airflow/dags/mlflow_tracking_dag.py
[2026-04-26T19:40:36.702+0000] {processor.py:840} INFO - DAG(s) 'model_training_pipeline' retrieved from /home/airflow/dags/mlflow_tracking_dag.py
[2026-04-26T19:40:36.716+0000] {logging_mixin.py:188} INFO - [2026-04-26T19:40:36.715+0000] {dag.py:3036} INFO - Sync 1 DAGs
[2026-04-26T19:40:36.739+0000] {logging_mixin.py:188} INFO - [2026-04-26T19:40:36.739+0000] {dag.py:3823} INFO - Setting next_dagrun for model_training_pipeline to 2026-04-26 00:00:00+00:00, run_after=2026-05-03 00:00:00+00:00
[2026-04-26T19:40:36.763+0000] {processor.py:183} INFO - Processing /home/airflow/dags/mlflow_tracking_dag.py took 1.197 seconds
[2026-04-26T19:41:07.185+0000] {processor.py:161} INFO - Started process (PID=37502) to work on /home/airflow/dags/mlflow_tracking_dag.py
[2026-04-26T19:41:07.186+0000] {processor.py:830} INFO - Processing file /home/airflow/dags/mlflow_tracking_dag.py for tasks to queue
[2026-04-26T19:41:07.187+0000] {logging_mixin.py:188} INFO - [2026-04-26T19:41:07.187+0000] {dagbag.py:538} INFO - Filling up the DagBag from /home/airflow/dags/mlflow_tracking_dag.py
[2026-04-26T19:41:08.108+0000] {processor.py:840} INFO - DAG(s) 'model_training_pipeline' retrieved from /home/airflow/dags/mlflow_tracking_dag.py
[2026-04-26T19:41:08.203+0000] {logging_mixin.py:188} INFO - [2026-04-26T19:41:08.202+0000] {dag.py:3036} INFO - Sync 1 DAGs
[2026-04-26T19:41:08.219+0000] {logging_mixin.py:188} INFO - [2026-04-26T19:41:08.219+0000] {dag.py:3823} INFO - Setting next_dagrun for model_training_pipeline to 2026-04-26 00:00:00+00:00, run_after=2026-05-03 00:00:00+00:00
[2026-04-26T19:41:08.245+0000] {processor.py:183} INFO - Processing /home/airflow/dags/mlflow_tracking_dag.py took 1.064 seconds
[2026-04-26T19:41:38.387+0000] {processor.py:161} INFO - Started process (PID=37547) to work on /home/airflow/dags/mlflow_tracking_dag.py
[2026-04-26T19:41:38.388+0000] {processor.py:830} INFO - Processing file /home/airflow/dags/mlflow_tracking_dag.py for tasks to queue
[2026-04-26T19:41:38.389+0000] {logging_mixin.py:188} INFO - [2026-04-26T19:41:38.389+0000] {dagbag.py:538} INFO - Filling up the DagBag from /home/airflow/dags/mlflow_tracking_dag.py
[2026-04-26T19:41:39.239+0000] {processor.py:840} INFO - DAG(s) 'model_training_pipeline' retrieved from /home/airflow/dags/mlflow_tracking_dag.py
[2026-04-26T19:41:39.258+0000] {logging_mixin.py:188} INFO - [2026-04-26T19:41:39.257+0000] {dag.py:3036} INFO - Sync 1 DAGs
[2026-04-26T19:41:39.271+0000] {logging_mixin.py:188} INFO - [2026-04-26T19:41:39.271+0000] {dag.py:3823} INFO - Setting next_dagrun for model_training_pipeline to 2026-04-26 00:00:00+00:00, run_after=2026-05-03 00:00:00+00:00
[2026-04-26T19:41:39.293+0000] {processor.py:183} INFO - Processing /home/airflow/dags/mlflow_tracking_dag.py took 0.910 seconds
[2026-04-26T19:42:09.876+0000] {processor.py:161} INFO - Started process (PID=37598) to work on /home/airflow/dags/mlflow_tracking_dag.py
[2026-04-26T19:42:09.878+0000] {processor.py:830} INFO - Processing file /home/airflow/dags/mlflow_tracking_dag.py for tasks to queue
[2026-04-26T19:42:09.879+0000] {logging_mixin.py:188} INFO - [2026-04-26T19:42:09.878+0000] {dagbag.py:538} INFO - Filling up the DagBag from /home/airflow/dags/mlflow_tracking_dag.py
[2026-04-26T19:42:10.894+0000] {processor.py:840} INFO - DAG(s) 'model_training_pipeline' retrieved from /home/airflow/dags/mlflow_tracking_dag.py
[2026-04-26T19:42:10.907+0000] {logging_mixin.py:188} INFO - [2026-04-26T19:42:10.906+0000] {dag.py:3036} INFO - Sync 1 DAGs
[2026-04-26T19:42:10.924+0000] {logging_mixin.py:188} INFO - [2026-04-26T19:42:10.924+0000] {dag.py:3823} INFO - Setting next_dagrun for model_training_pipeline to 2026-04-26 00:00:00+00:00, run_after=2026-05-03 00:00:00+00:00
[2026-04-26T19:42:10.980+0000] {processor.py:183} INFO - Processing /home/airflow/dags/mlflow_tracking_dag.py took 1.107 seconds
[2026-04-26T19:42:41.333+0000] {processor.py:161} INFO - Started process (PID=37643) to work on /home/airflow/dags/mlflow_tracking_dag.py
[2026-04-26T19:42:41.334+0000] {processor.py:830} INFO - Processing file /home/airflow/dags/mlflow_tracking_dag.py for tasks to queue
[2026-04-26T19:42:41.336+0000] {logging_mixin.py:188} INFO - [2026-04-26T19:42:41.335+0000] {dagbag.py:538} INFO - Filling up the DagBag from /home/airflow/dags/mlflow_tracking_dag.py
[2026-04-26T19:42:42.164+0000] {processor.py:840} INFO - DAG(s) 'model_training_pipeline' retrieved from /home/airflow/dags/mlflow_tracking_dag.py
[2026-04-26T19:42:42.246+0000] {logging_mixin.py:188} INFO - [2026-04-26T19:42:42.245+0000] {dag.py:3036} INFO - Sync 1 DAGs
[2026-04-26T19:42:42.260+0000] {logging_mixin.py:188} INFO - [2026-04-26T19:42:42.260+0000] {dag.py:3823} INFO - Setting next_dagrun for model_training_pipeline to 2026-04-26 00:00:00+00:00, run_after=2026-05-03 00:00:00+00:00
[2026-04-26T19:42:42.285+0000] {processor.py:183} INFO - Processing /home/airflow/dags/mlflow_tracking_dag.py took 0.955 seconds
[2026-04-26T19:43:12.781+0000] {processor.py:161} INFO - Started process (PID=37688) to work on /home/airflow/dags/mlflow_tracking_dag.py
[2026-04-26T19:43:12.783+0000] {processor.py:830} INFO - Processing file /home/airflow/dags/mlflow_tracking_dag.py for tasks to queue
[2026-04-26T19:43:12.784+0000] {logging_mixin.py:188} INFO - [2026-04-26T19:43:12.783+0000] {dagbag.py:538} INFO - Filling up the DagBag from /home/airflow/dags/mlflow_tracking_dag.py
[2026-04-26T19:43:13.656+0000] {processor.py:840} INFO - DAG(s) 'model_training_pipeline' retrieved from /home/airflow/dags/mlflow_tracking_dag.py
[2026-04-26T19:43:13.675+0000] {logging_mixin.py:188} INFO - [2026-04-26T19:43:13.675+0000] {dag.py:3036} INFO - Sync 1 DAGs
[2026-04-26T19:43:13.689+0000] {logging_mixin.py:188} INFO - [2026-04-26T19:43:13.689+0000] {dag.py:3823} INFO - Setting next_dagrun for model_training_pipeline to 2026-04-26 00:00:00+00:00, run_after=2026-05-03 00:00:00+00:00
[2026-04-26T19:43:13.712+0000] {processor.py:183} INFO - Processing /home/airflow/dags/mlflow_tracking_dag.py took 0.934 seconds
[2026-04-26T19:43:44.199+0000] {processor.py:161} INFO - Started process (PID=37733) to work on /home/airflow/dags/mlflow_tracking_dag.py
[2026-04-26T19:43:44.200+0000] {processor.py:830} INFO - Processing file /home/airflow/dags/mlflow_tracking_dag.py for tasks to queue
[2026-04-26T19:43:44.201+0000] {logging_mixin.py:188} INFO - [2026-04-26T19:43:44.201+0000] {dagbag.py:538} INFO - Filling up the DagBag from /home/airflow/dags/mlflow_tracking_dag.py
[2026-04-26T19:43:45.036+0000] {processor.py:840} INFO - DAG(s) 'model_training_pipeline' retrieved from /home/airflow/dags/mlflow_tracking_dag.py
[2026-04-26T19:43:45.048+0000] {logging_mixin.py:188} INFO - [2026-04-26T19:43:45.048+0000] {dag.py:3036} INFO - Sync 1 DAGs
[2026-04-26T19:43:45.065+0000] {logging_mixin.py:188} INFO - [2026-04-26T19:43:45.064+0000] {dag.py:3823} INFO - Setting next_dagrun for model_training_pipeline to 2026-04-26 00:00:00+00:00, run_after=2026-05-03 00:00:00+00:00
[2026-04-26T19:43:45.086+0000] {processor.py:183} INFO - Processing /home/airflow/dags/mlflow_tracking_dag.py took 0.891 seconds
[2026-04-26T19:44:15.520+0000] {processor.py:161} INFO - Started process (PID=37778) to work on /home/airflow/dags/mlflow_tracking_dag.py
[2026-04-26T19:44:15.521+0000] {processor.py:830} INFO - Processing file /home/airflow/dags/mlflow_tracking_dag.py for tasks to queue
[2026-04-26T19:44:15.523+0000] {logging_mixin.py:188} INFO - [2026-04-26T19:44:15.522+0000] {dagbag.py:538} INFO - Filling up the DagBag from /home/airflow/dags/mlflow_tracking_dag.py
[2026-04-26T19:44:16.564+0000] {processor.py:840} INFO - DAG(s) 'model_training_pipeline' retrieved from /home/airflow/dags/mlflow_tracking_dag.py
[2026-04-26T19:44:16.660+0000] {logging_mixin.py:188} INFO - [2026-04-26T19:44:16.659+0000] {dag.py:3036} INFO - Sync 1 DAGs
[2026-04-26T19:44:16.676+0000] {logging_mixin.py:188} INFO - [2026-04-26T19:44:16.676+0000] {dag.py:3823} INFO - Setting next_dagrun for model_training_pipeline to 2026-04-26 00:00:00+00:00, run_after=2026-05-03 00:00:00+00:00
[2026-04-26T19:44:16.703+0000] {processor.py:183} INFO - Processing /home/airflow/dags/mlflow_tracking_dag.py took 1.187 seconds
[2026-04-26T19:44:47.083+0000] {processor.py:161} INFO - Started process (PID=37823) to work on /home/airflow/dags/mlflow_tracking_dag.py
[2026-04-26T19:44:47.084+0000] {processor.py:830} INFO - Processing file /home/airflow/dags/mlflow_tracking_dag.py for tasks to queue
[2026-04-26T19:44:47.086+0000] {logging_mixin.py:188} INFO - [2026-04-26T19:44:47.085+0000] {dagbag.py:538} INFO - Filling up the DagBag from /home/airflow/dags/mlflow_tracking_dag.py
[2026-04-26T19:44:47.948+0000] {processor.py:840} INFO - DAG(s) 'model_training_pipeline' retrieved from /home/airflow/dags/mlflow_tracking_dag.py
[2026-04-26T19:44:47.968+0000] {logging_mixin.py:188} INFO - [2026-04-26T19:44:47.967+0000] {dag.py:3036} INFO - Sync 1 DAGs
[2026-04-26T19:44:47.983+0000] {logging_mixin.py:188} INFO - [2026-04-26T19:44:47.982+0000] {dag.py:3823} INFO - Setting next_dagrun for model_training_pipeline to 2026-04-26 00:00:00+00:00, run_after=2026-05-03 00:00:00+00:00
[2026-04-26T19:44:48.004+0000] {processor.py:183} INFO - Processing /home/airflow/dags/mlflow_tracking_dag.py took 0.926 seconds
[2026-04-26T19:45:18.443+0000] {processor.py:161} INFO - Started process (PID=37868) to work on /home/airflow/dags/mlflow_tracking_dag.py
[2026-04-26T19:45:18.451+0000] {processor.py:830} INFO - Processing file /home/airflow/dags/mlflow_tracking_dag.py for tasks to queue
[2026-04-26T19:45:18.458+0000] {logging_mixin.py:188} INFO - [2026-04-26T19:45:18.457+0000] {dagbag.py:538} INFO - Filling up the DagBag from /home/airflow/dags/mlflow_tracking_dag.py
[2026-04-26T19:45:19.733+0000] {processor.py:840} INFO - DAG(s) 'model_training_pipeline' retrieved from /home/airflow/dags/mlflow_tracking_dag.py
[2026-04-26T19:45:19.745+0000] {logging_mixin.py:188} INFO - [2026-04-26T19:45:19.745+0000] {dag.py:3036} INFO - Sync 1 DAGs
[2026-04-26T19:45:19.765+0000] {logging_mixin.py:188} INFO - [2026-04-26T19:45:19.764+0000] {dag.py:3823} INFO - Setting next_dagrun for model_training_pipeline to 2026-04-26 00:00:00+00:00, run_after=2026-05-03 00:00:00+00:00
[2026-04-26T19:45:19.792+0000] {processor.py:183} INFO - Processing /home/airflow/dags/mlflow_tracking_dag.py took 1.354 seconds
[2026-04-26T19:45:50.143+0000] {processor.py:161} INFO - Started process (PID=37913) to work on /home/airflow/dags/mlflow_tracking_dag.py
[2026-04-26T19:45:50.144+0000] {processor.py:830} INFO - Processing file /home/airflow/dags/mlflow_tracking_dag.py for tasks to queue
[2026-04-26T19:45:50.146+0000] {logging_mixin.py:188} INFO - [2026-04-26T19:45:50.146+0000] {dagbag.py:538} INFO - Filling up the DagBag from /home/airflow/dags/mlflow_tracking_dag.py
[2026-04-26T19:45:51.619+0000] {processor.py:840} INFO - DAG(s) 'model_training_pipeline' retrieved from /home/airflow/dags/mlflow_tracking_dag.py
[2026-04-26T19:45:51.749+0000] {logging_mixin.py:188} INFO - [2026-04-26T19:45:51.748+0000] {dag.py:3036} INFO - Sync 1 DAGs
[2026-04-26T19:45:51.768+0000] {logging_mixin.py:188} INFO - [2026-04-26T19:45:51.767+0000] {dag.py:3823} INFO - Setting next_dagrun for model_training_pipeline to 2026-04-26 00:00:00+00:00, run_after=2026-05-03 00:00:00+00:00
[2026-04-26T19:45:51.793+0000] {processor.py:183} INFO - Processing /home/airflow/dags/mlflow_tracking_dag.py took 1.656 seconds
[2026-04-26T19:46:22.310+0000] {processor.py:161} INFO - Started process (PID=37958) to work on /home/airflow/dags/mlflow_tracking_dag.py
[2026-04-26T19:46:22.312+0000] {processor.py:830} INFO - Processing file /home/airflow/dags/mlflow_tracking_dag.py for tasks to queue
[2026-04-26T19:46:22.313+0000] {logging_mixin.py:188} INFO - [2026-04-26T19:46:22.312+0000] {dagbag.py:538} INFO - Filling up the DagBag from /home/airflow/dags/mlflow_tracking_dag.py
[2026-04-26T19:46:23.235+0000] {processor.py:840} INFO - DAG(s) 'model_training_pipeline' retrieved from /home/airflow/dags/mlflow_tracking_dag.py
[2026-04-26T19:46:23.255+0000] {logging_mixin.py:188} INFO - [2026-04-26T19:46:23.254+0000] {dag.py:3036} INFO - Sync 1 DAGs
[2026-04-26T19:46:23.269+0000] {logging_mixin.py:188} INFO - [2026-04-26T19:46:23.269+0000] {dag.py:3823} INFO - Setting next_dagrun for model_training_pipeline to 2026-04-26 00:00:00+00:00, run_after=2026-05-03 00:00:00+00:00
[2026-04-26T19:46:23.293+0000] {processor.py:183} INFO - Processing /home/airflow/dags/mlflow_tracking_dag.py took 0.987 seconds
[2026-04-26T19:46:53.714+0000] {processor.py:161} INFO - Started process (PID=38003) to work on /home/airflow/dags/mlflow_tracking_dag.py
[2026-04-26T19:46:53.716+0000] {processor.py:830} INFO - Processing file /home/airflow/dags/mlflow_tracking_dag.py for tasks to queue
[2026-04-26T19:46:53.717+0000] {logging_mixin.py:188} INFO - [2026-04-26T19:46:53.717+0000] {dagbag.py:538} INFO - Filling up the DagBag from /home/airflow/dags/mlflow_tracking_dag.py
[2026-04-26T19:46:54.784+0000] {processor.py:840} INFO - DAG(s) 'model_training_pipeline' retrieved from /home/airflow/dags/mlflow_tracking_dag.py
[2026-04-26T19:46:54.797+0000] {logging_mixin.py:188} INFO - [2026-04-26T19:46:54.796+0000] {dag.py:3036} INFO - Sync 1 DAGs
[2026-04-26T19:46:54.818+0000] {logging_mixin.py:188} INFO - [2026-04-26T19:46:54.817+0000] {dag.py:3823} INFO - Setting next_dagrun for model_training_pipeline to 2026-04-26 00:00:00+00:00, run_after=2026-05-03 00:00:00+00:00
[2026-04-26T19:46:54.840+0000] {processor.py:183} INFO - Processing /home/airflow/dags/mlflow_tracking_dag.py took 1.129 seconds
[2026-04-26T19:47:24.932+0000] {processor.py:161} INFO - Started process (PID=38048) to work on /home/airflow/dags/mlflow_tracking_dag.py
[2026-04-26T19:47:24.933+0000] {processor.py:830} INFO - Processing file /home/airflow/dags/mlflow_tracking_dag.py for tasks to queue
[2026-04-26T19:47:24.934+0000] {logging_mixin.py:188} INFO - [2026-04-26T19:47:24.934+0000] {dagbag.py:538} INFO - Filling up the DagBag from /home/airflow/dags/mlflow_tracking_dag.py
[2026-04-26T19:47:25.769+0000] {processor.py:840} INFO - DAG(s) 'model_training_pipeline' retrieved from /home/airflow/dags/mlflow_tracking_dag.py
[2026-04-26T19:47:25.852+0000] {logging_mixin.py:188} INFO - [2026-04-26T19:47:25.852+0000] {dag.py:3036} INFO - Sync 1 DAGs
[2026-04-26T19:47:25.868+0000] {logging_mixin.py:188} INFO - [2026-04-26T19:47:25.868+0000] {dag.py:3823} INFO - Setting next_dagrun for model_training_pipeline to 2026-04-26 00:00:00+00:00, run_after=2026-05-03 00:00:00+00:00
[2026-04-26T19:47:25.896+0000] {processor.py:183} INFO - Processing /home/airflow/dags/mlflow_tracking_dag.py took 0.968 seconds
[2026-04-26T19:47:56.681+0000] {processor.py:161} INFO - Started process (PID=38093) to work on /home/airflow/dags/mlflow_tracking_dag.py
[2026-04-26T19:47:56.684+0000] {processor.py:830} INFO - Processing file /home/airflow/dags/mlflow_tracking_dag.py for tasks to queue
[2026-04-26T19:47:56.687+0000] {logging_mixin.py:188} INFO - [2026-04-26T19:47:56.686+0000] {dagbag.py:538} INFO - Filling up the DagBag from /home/airflow/dags/mlflow_tracking_dag.py
[2026-04-26T19:47:58.493+0000] {processor.py:840} INFO - DAG(s) 'model_training_pipeline' retrieved from /home/airflow/dags/mlflow_tracking_dag.py
[2026-04-26T19:47:58.526+0000] {logging_mixin.py:188} INFO - [2026-04-26T19:47:58.525+0000] {dag.py:3036} INFO - Sync 1 DAGs
[2026-04-26T19:47:58.545+0000] {logging_mixin.py:188} INFO - [2026-04-26T19:47:58.544+0000] {dag.py:3823} INFO - Setting next_dagrun for model_training_pipeline to 2026-04-26 00:00:00+00:00, run_after=2026-05-03 00:00:00+00:00
[2026-04-26T19:47:58.571+0000] {processor.py:183} INFO - Processing /home/airflow/dags/mlflow_tracking_dag.py took 1.895 seconds
[2026-04-26T19:48:28.845+0000] {processor.py:161} INFO - Started process (PID=38138) to work on /home/airflow/dags/mlflow_tracking_dag.py
[2026-04-26T19:48:28.847+0000] {processor.py:830} INFO - Processing file /home/airflow/dags/mlflow_tracking_dag.py for tasks to queue
[2026-04-26T19:48:28.849+0000] {logging_mixin.py:188} INFO - [2026-04-26T19:48:28.848+0000] {dagbag.py:538} INFO - Filling up the DagBag from /home/airflow/dags/mlflow_tracking_dag.py
[2026-04-26T19:48:29.907+0000] {processor.py:840} INFO - DAG(s) 'model_training_pipeline' retrieved from /home/airflow/dags/mlflow_tracking_dag.py
[2026-04-26T19:48:29.931+0000] {logging_mixin.py:188} INFO - [2026-04-26T19:48:29.930+0000] {dag.py:3036} INFO - Sync 1 DAGs
[2026-04-26T19:48:29.970+0000] {logging_mixin.py:188} INFO - [2026-04-26T19:48:29.969+0000] {dag.py:3823} INFO - Setting next_dagrun for model_training_pipeline to 2026-04-26 00:00:00+00:00, run_after=2026-05-03 00:00:00+00:00
[2026-04-26T19:48:30.105+0000] {processor.py:183} INFO - Processing /home/airflow/dags/mlflow_tracking_dag.py took 1.263 seconds
[2026-04-26T19:49:00.757+0000] {processor.py:161} INFO - Started process (PID=38183) to work on /home/airflow/dags/mlflow_tracking_dag.py
[2026-04-26T19:49:00.760+0000] {processor.py:830} INFO - Processing file /home/airflow/dags/mlflow_tracking_dag.py for tasks to queue
[2026-04-26T19:49:00.763+0000] {logging_mixin.py:188} INFO - [2026-04-26T19:49:00.762+0000] {dagbag.py:538} INFO - Filling up the DagBag from /home/airflow/dags/mlflow_tracking_dag.py
[2026-04-26T19:49:02.277+0000] {processor.py:840} INFO - DAG(s) 'model_training_pipeline' retrieved from /home/airflow/dags/mlflow_tracking_dag.py
[2026-04-26T19:49:02.651+0000] {logging_mixin.py:188} INFO - [2026-04-26T19:49:02.650+0000] {dag.py:3036} INFO - Sync 1 DAGs
[2026-04-26T19:49:02.680+0000] {logging_mixin.py:188} INFO - [2026-04-26T19:49:02.679+0000] {dag.py:3823} INFO - Setting next_dagrun for model_training_pipeline to 2026-04-26 00:00:00+00:00, run_after=2026-05-03 00:00:00+00:00
[2026-04-26T19:49:02.714+0000] {processor.py:183} INFO - Processing /home/airflow/dags/mlflow_tracking_dag.py took 1.965 seconds
[2026-04-26T19:49:32.990+0000] {processor.py:161} INFO - Started process (PID=38228) to work on /home/airflow/dags/mlflow_tracking_dag.py
[2026-04-26T19:49:32.992+0000] {processor.py:830} INFO - Processing file /home/airflow/dags/mlflow_tracking_dag.py for tasks to queue
[2026-04-26T19:49:32.994+0000] {logging_mixin.py:188} INFO - [2026-04-26T19:49:32.993+0000] {dagbag.py:538} INFO - Filling up the DagBag from /home/airflow/dags/mlflow_tracking_dag.py
[2026-04-26T19:49:34.208+0000] {processor.py:840} INFO - DAG(s) 'model_training_pipeline' retrieved from /home/airflow/dags/mlflow_tracking_dag.py
[2026-04-26T19:49:34.231+0000] {logging_mixin.py:188} INFO - [2026-04-26T19:49:34.231+0000] {dag.py:3036} INFO - Sync 1 DAGs
[2026-04-26T19:49:34.251+0000] {logging_mixin.py:188} INFO - [2026-04-26T19:49:34.251+0000] {dag.py:3823} INFO - Setting next_dagrun for model_training_pipeline to 2026-04-26 00:00:00+00:00, run_after=2026-05-03 00:00:00+00:00
[2026-04-26T19:49:34.408+0000] {processor.py:183} INFO - Processing /home/airflow/dags/mlflow_tracking_dag.py took 1.422 seconds
[2026-04-26T19:50:04.832+0000] {processor.py:161} INFO - Started process (PID=38273) to work on /home/airflow/dags/mlflow_tracking_dag.py
[2026-04-26T19:50:04.835+0000] {processor.py:830} INFO - Processing file /home/airflow/dags/mlflow_tracking_dag.py for tasks to queue
[2026-04-26T19:50:04.836+0000] {logging_mixin.py:188} INFO - [2026-04-26T19:50:04.836+0000] {dagbag.py:538} INFO - Filling up the DagBag from /home/airflow/dags/mlflow_tracking_dag.py
[2026-04-26T19:50:05.968+0000] {processor.py:840} INFO - DAG(s) 'model_training_pipeline' retrieved from /home/airflow/dags/mlflow_tracking_dag.py
[2026-04-26T19:50:05.981+0000] {logging_mixin.py:188} INFO - [2026-04-26T19:50:05.981+0000] {dag.py:3036} INFO - Sync 1 DAGs
[2026-04-26T19:50:06.120+0000] {logging_mixin.py:188} INFO - [2026-04-26T19:50:06.119+0000] {dag.py:3823} INFO - Setting next_dagrun for model_training_pipeline to 2026-04-26 00:00:00+00:00, run_after=2026-05-03 00:00:00+00:00
[2026-04-26T19:50:06.146+0000] {processor.py:183} INFO - Processing /home/airflow/dags/mlflow_tracking_dag.py took 1.318 seconds
[2026-04-26T19:50:36.284+0000] {processor.py:161} INFO - Started process (PID=38318) to work on /home/airflow/dags/mlflow_tracking_dag.py
[2026-04-26T19:50:36.287+0000] {processor.py:830} INFO - Processing file /home/airflow/dags/mlflow_tracking_dag.py for tasks to queue
[2026-04-26T19:50:36.289+0000] {logging_mixin.py:188} INFO - [2026-04-26T19:50:36.288+0000] {dagbag.py:538} INFO - Filling up the DagBag from /home/airflow/dags/mlflow_tracking_dag.py
[2026-04-26T19:50:37.514+0000] {processor.py:840} INFO - DAG(s) 'model_training_pipeline' retrieved from /home/airflow/dags/mlflow_tracking_dag.py
[2026-04-26T19:50:37.734+0000] {logging_mixin.py:188} INFO - [2026-04-26T19:50:37.734+0000] {dag.py:3036} INFO - Sync 1 DAGs
[2026-04-26T19:50:37.754+0000] {logging_mixin.py:188} INFO - [2026-04-26T19:50:37.753+0000] {dag.py:3823} INFO - Setting next_dagrun for model_training_pipeline to 2026-04-26 00:00:00+00:00, run_after=2026-05-03 00:00:00+00:00
[2026-04-26T19:50:37.780+0000] {processor.py:183} INFO - Processing /home/airflow/dags/mlflow_tracking_dag.py took 1.501 seconds
[2026-04-26T19:51:08.481+0000] {processor.py:161} INFO - Started process (PID=38363) to work on /home/airflow/dags/mlflow_tracking_dag.py
[2026-04-26T19:51:08.483+0000] {processor.py:830} INFO - Processing file /home/airflow/dags/mlflow_tracking_dag.py for tasks to queue
[2026-04-26T19:51:08.484+0000] {logging_mixin.py:188} INFO - [2026-04-26T19:51:08.484+0000] {dagbag.py:538} INFO - Filling up the DagBag from /home/airflow/dags/mlflow_tracking_dag.py
[2026-04-26T19:51:09.973+0000] {processor.py:840} INFO - DAG(s) 'model_training_pipeline' retrieved from /home/airflow/dags/mlflow_tracking_dag.py
[2026-04-26T19:51:10.004+0000] {logging_mixin.py:188} INFO - [2026-04-26T19:51:10.004+0000] {dag.py:3036} INFO - Sync 1 DAGs
[2026-04-26T19:51:10.025+0000] {logging_mixin.py:188} INFO - [2026-04-26T19:51:10.024+0000] {dag.py:3823} INFO - Setting next_dagrun for model_training_pipeline to 2026-04-26 00:00:00+00:00, run_after=2026-05-03 00:00:00+00:00
[2026-04-26T19:51:10.053+0000] {processor.py:183} INFO - Processing /home/airflow/dags/mlflow_tracking_dag.py took 1.575 seconds
[2026-04-26T19:51:40.171+0000] {processor.py:161} INFO - Started process (PID=38408) to work on /home/airflow/dags/mlflow_tracking_dag.py
[2026-04-26T19:51:40.172+0000] {processor.py:830} INFO - Processing file /home/airflow/dags/mlflow_tracking_dag.py for tasks to queue
[2026-04-26T19:51:40.173+0000] {logging_mixin.py:188} INFO - [2026-04-26T19:51:40.173+0000] {dagbag.py:538} INFO - Filling up the DagBag from /home/airflow/dags/mlflow_tracking_dag.py
[2026-04-26T19:51:41.257+0000] {processor.py:840} INFO - DAG(s) 'model_training_pipeline' retrieved from /home/airflow/dags/mlflow_tracking_dag.py
[2026-04-26T19:51:41.270+0000] {logging_mixin.py:188} INFO - [2026-04-26T19:51:41.269+0000] {dag.py:3036} INFO - Sync 1 DAGs
[2026-04-26T19:51:41.287+0000] {logging_mixin.py:188} INFO - [2026-04-26T19:51:41.287+0000] {dag.py:3823} INFO - Setting next_dagrun for model_training_pipeline to 2026-04-26 00:00:00+00:00, run_after=2026-05-03 00:00:00+00:00
[2026-04-26T19:51:41.310+0000] {processor.py:183} INFO - Processing /home/airflow/dags/mlflow_tracking_dag.py took 1.144 seconds
[2026-04-26T19:52:11.574+0000] {processor.py:161} INFO - Started process (PID=38453) to work on /home/airflow/dags/mlflow_tracking_dag.py
[2026-04-26T19:52:11.575+0000] {processor.py:830} INFO - Processing file /home/airflow/dags/mlflow_tracking_dag.py for tasks to queue
[2026-04-26T19:52:11.577+0000] {logging_mixin.py:188} INFO - [2026-04-26T19:52:11.577+0000] {dagbag.py:538} INFO - Filling up the DagBag from /home/airflow/dags/mlflow_tracking_dag.py
[2026-04-26T19:52:12.460+0000] {processor.py:840} INFO - DAG(s) 'model_training_pipeline' retrieved from /home/airflow/dags/mlflow_tracking_dag.py
[2026-04-26T19:52:12.551+0000] {logging_mixin.py:188} INFO - [2026-04-26T19:52:12.550+0000] {dag.py:3036} INFO - Sync 1 DAGs
[2026-04-26T19:52:12.566+0000] {logging_mixin.py:188} INFO - [2026-04-26T19:52:12.566+0000] {dag.py:3823} INFO - Setting next_dagrun for model_training_pipeline to 2026-04-26 00:00:00+00:00, run_after=2026-05-03 00:00:00+00:00
[2026-04-26T19:52:12.591+0000] {processor.py:183} INFO - Processing /home/airflow/dags/mlflow_tracking_dag.py took 1.021 seconds
[2026-04-26T19:52:42.800+0000] {processor.py:161} INFO - Started process (PID=38498) to work on /home/airflow/dags/mlflow_tracking_dag.py
[2026-04-26T19:52:42.801+0000] {processor.py:830} INFO - Processing file /home/airflow/dags/mlflow_tracking_dag.py for tasks to queue
[2026-04-26T19:52:42.802+0000] {logging_mixin.py:188} INFO - [2026-04-26T19:52:42.802+0000] {dagbag.py:538} INFO - Filling up the DagBag from /home/airflow/dags/mlflow_tracking_dag.py
[2026-04-26T19:52:43.715+0000] {processor.py:840} INFO - DAG(s) 'model_training_pipeline' retrieved from /home/airflow/dags/mlflow_tracking_dag.py
[2026-04-26T19:52:43.737+0000] {logging_mixin.py:188} INFO - [2026-04-26T19:52:43.737+0000] {dag.py:3036} INFO - Sync 1 DAGs
[2026-04-26T19:52:43.754+0000] {logging_mixin.py:188} INFO - [2026-04-26T19:52:43.754+0000] {dag.py:3823} INFO - Setting next_dagrun for model_training_pipeline to 2026-04-26 00:00:00+00:00, run_after=2026-05-03 00:00:00+00:00
[2026-04-26T19:52:43.780+0000] {processor.py:183} INFO - Processing /home/airflow/dags/mlflow_tracking_dag.py took 0.984 seconds
[2026-04-26T19:53:14.404+0000] {processor.py:161} INFO - Started process (PID=38543) to work on /home/airflow/dags/mlflow_tracking_dag.py
[2026-04-26T19:53:14.405+0000] {processor.py:830} INFO - Processing file /home/airflow/dags/mlflow_tracking_dag.py for tasks to queue
[2026-04-26T19:53:14.406+0000] {logging_mixin.py:188} INFO - [2026-04-26T19:53:14.406+0000] {dagbag.py:538} INFO - Filling up the DagBag from /home/airflow/dags/mlflow_tracking_dag.py
[2026-04-26T19:53:15.233+0000] {processor.py:840} INFO - DAG(s) 'model_training_pipeline' retrieved from /home/airflow/dags/mlflow_tracking_dag.py
[2026-04-26T19:53:15.245+0000] {logging_mixin.py:188} INFO - [2026-04-26T19:53:15.244+0000] {dag.py:3036} INFO - Sync 1 DAGs
[2026-04-26T19:53:15.260+0000] {logging_mixin.py:188} INFO - [2026-04-26T19:53:15.260+0000] {dag.py:3823} INFO - Setting next_dagrun for model_training_pipeline to 2026-04-26 00:00:00+00:00, run_after=2026-05-03 00:00:00+00:00
[2026-04-26T19:53:15.283+0000] {processor.py:183} INFO - Processing /home/airflow/dags/mlflow_tracking_dag.py took 0.882 seconds
[2026-04-26T19:53:45.365+0000] {processor.py:161} INFO - Started process (PID=38588) to work on /home/airflow/dags/mlflow_tracking_dag.py
[2026-04-26T19:53:45.366+0000] {processor.py:830} INFO - Processing file /home/airflow/dags/mlflow_tracking_dag.py for tasks to queue
[2026-04-26T19:53:45.368+0000] {logging_mixin.py:188} INFO - [2026-04-26T19:53:45.367+0000] {dagbag.py:538} INFO - Filling up the DagBag from /home/airflow/dags/mlflow_tracking_dag.py
[2026-04-26T19:53:46.195+0000] {processor.py:840} INFO - DAG(s) 'model_training_pipeline' retrieved from /home/airflow/dags/mlflow_tracking_dag.py
[2026-04-26T19:53:46.279+0000] {logging_mixin.py:188} INFO - [2026-04-26T19:53:46.278+0000] {dag.py:3036} INFO - Sync 1 DAGs
[2026-04-26T19:53:46.293+0000] {logging_mixin.py:188} INFO - [2026-04-26T19:53:46.292+0000] {dag.py:3823} INFO - Setting next_dagrun for model_training_pipeline to 2026-04-26 00:00:00+00:00, run_after=2026-05-03 00:00:00+00:00
[2026-04-26T19:53:46.317+0000] {processor.py:183} INFO - Processing /home/airflow/dags/mlflow_tracking_dag.py took 0.955 seconds
[2026-04-26T19:54:16.828+0000] {processor.py:161} INFO - Started process (PID=38633) to work on /home/airflow/dags/mlflow_tracking_dag.py
[2026-04-26T19:54:16.829+0000] {processor.py:830} INFO - Processing file /home/airflow/dags/mlflow_tracking_dag.py for tasks to queue
[2026-04-26T19:54:16.831+0000] {logging_mixin.py:188} INFO - [2026-04-26T19:54:16.830+0000] {dagbag.py:538} INFO - Filling up the DagBag from /home/airflow/dags/mlflow_tracking_dag.py
[2026-04-26T19:54:17.864+0000] {processor.py:840} INFO - DAG(s) 'model_training_pipeline' retrieved from /home/airflow/dags/mlflow_tracking_dag.py
[2026-04-26T19:54:17.889+0000] {logging_mixin.py:188} INFO - [2026-04-26T19:54:17.888+0000] {dag.py:3036} INFO - Sync 1 DAGs
[2026-04-26T19:54:17.908+0000] {logging_mixin.py:188} INFO - [2026-04-26T19:54:17.907+0000] {dag.py:3823} INFO - Setting next_dagrun for model_training_pipeline to 2026-04-26 00:00:00+00:00, run_after=2026-05-03 00:00:00+00:00
[2026-04-26T19:54:17.927+0000] {processor.py:183} INFO - Processing /home/airflow/dags/mlflow_tracking_dag.py took 1.103 seconds
[2026-04-26T19:54:48.232+0000] {processor.py:161} INFO - Started process (PID=38678) to work on /home/airflow/dags/mlflow_tracking_dag.py
[2026-04-26T19:54:48.233+0000] {processor.py:830} INFO - Processing file /home/airflow/dags/mlflow_tracking_dag.py for tasks to queue
[2026-04-26T19:54:48.234+0000] {logging_mixin.py:188} INFO - [2026-04-26T19:54:48.234+0000] {dagbag.py:538} INFO - Filling up the DagBag from /home/airflow/dags/mlflow_tracking_dag.py
[2026-04-26T19:54:49.090+0000] {processor.py:840} INFO - DAG(s) 'model_training_pipeline' retrieved from /home/airflow/dags/mlflow_tracking_dag.py
[2026-04-26T19:54:49.102+0000] {logging_mixin.py:188} INFO - [2026-04-26T19:54:49.101+0000] {dag.py:3036} INFO - Sync 1 DAGs
[2026-04-26T19:54:49.118+0000] {logging_mixin.py:188} INFO - [2026-04-26T19:54:49.117+0000] {dag.py:3823} INFO - Setting next_dagrun for model_training_pipeline to 2026-04-26 00:00:00+00:00, run_after=2026-05-03 00:00:00+00:00
[2026-04-26T19:54:49.142+0000] {processor.py:183} INFO - Processing /home/airflow/dags/mlflow_tracking_dag.py took 0.913 seconds
[2026-04-26T19:55:19.759+0000] {processor.py:161} INFO - Started process (PID=38723) to work on /home/airflow/dags/mlflow_tracking_dag.py
[2026-04-26T19:55:19.760+0000] {processor.py:830} INFO - Processing file /home/airflow/dags/mlflow_tracking_dag.py for tasks to queue
[2026-04-26T19:55:19.762+0000] {logging_mixin.py:188} INFO - [2026-04-26T19:55:19.761+0000] {dagbag.py:538} INFO - Filling up the DagBag from /home/airflow/dags/mlflow_tracking_dag.py
[2026-04-26T19:55:20.595+0000] {processor.py:840} INFO - DAG(s) 'model_training_pipeline' retrieved from /home/airflow/dags/mlflow_tracking_dag.py
[2026-04-26T19:55:20.698+0000] {logging_mixin.py:188} INFO - [2026-04-26T19:55:20.697+0000] {dag.py:3036} INFO - Sync 1 DAGs
[2026-04-26T19:55:20.719+0000] {logging_mixin.py:188} INFO - [2026-04-26T19:55:20.718+0000] {dag.py:3823} INFO - Setting next_dagrun for model_training_pipeline to 2026-04-26 00:00:00+00:00, run_after=2026-05-03 00:00:00+00:00
[2026-04-26T19:55:20.745+0000] {processor.py:183} INFO - Processing /home/airflow/dags/mlflow_tracking_dag.py took 0.989 seconds
[2026-04-26T19:55:50.978+0000] {processor.py:161} INFO - Started process (PID=38768) to work on /home/airflow/dags/mlflow_tracking_dag.py
[2026-04-26T19:55:50.979+0000] {processor.py:830} INFO - Processing file /home/airflow/dags/mlflow_tracking_dag.py for tasks to queue
[2026-04-26T19:55:50.980+0000] {logging_mixin.py:188} INFO - [2026-04-26T19:55:50.979+0000] {dagbag.py:538} INFO - Filling up the DagBag from /home/airflow/dags/mlflow_tracking_dag.py
[2026-04-26T19:55:51.784+0000] {processor.py:840} INFO - DAG(s) 'model_training_pipeline' retrieved from /home/airflow/dags/mlflow_tracking_dag.py
[2026-04-26T19:55:51.804+0000] {logging_mixin.py:188} INFO - [2026-04-26T19:55:51.803+0000] {dag.py:3036} INFO - Sync 1 DAGs
[2026-04-26T19:55:51.819+0000] {logging_mixin.py:188} INFO - [2026-04-26T19:55:51.819+0000] {dag.py:3823} INFO - Setting next_dagrun for model_training_pipeline to 2026-04-26 00:00:00+00:00, run_after=2026-05-03 00:00:00+00:00
[2026-04-26T19:55:51.842+0000] {processor.py:183} INFO - Processing /home/airflow/dags/mlflow_tracking_dag.py took 0.868 seconds
[2026-04-26T19:56:22.109+0000] {processor.py:161} INFO - Started process (PID=38813) to work on /home/airflow/dags/mlflow_tracking_dag.py
[2026-04-26T19:56:22.110+0000] {processor.py:830} INFO - Processing file /home/airflow/dags/mlflow_tracking_dag.py for tasks to queue
[2026-04-26T19:56:22.111+0000] {logging_mixin.py:188} INFO - [2026-04-26T19:56:22.111+0000] {dagbag.py:538} INFO - Filling up the DagBag from /home/airflow/dags/mlflow_tracking_dag.py
[2026-04-26T19:56:22.934+0000] {processor.py:840} INFO - DAG(s) 'model_training_pipeline' retrieved from /home/airflow/dags/mlflow_tracking_dag.py
[2026-04-26T19:56:22.947+0000] {logging_mixin.py:188} INFO - [2026-04-26T19:56:22.946+0000] {dag.py:3036} INFO - Sync 1 DAGs
[2026-04-26T19:56:22.963+0000] {logging_mixin.py:188} INFO - [2026-04-26T19:56:22.963+0000] {dag.py:3823} INFO - Setting next_dagrun for model_training_pipeline to 2026-04-26 00:00:00+00:00, run_after=2026-05-03 00:00:00+00:00
[2026-04-26T19:56:22.984+0000] {processor.py:183} INFO - Processing /home/airflow/dags/mlflow_tracking_dag.py took 0.878 seconds
[2026-04-26T19:56:53.296+0000] {processor.py:161} INFO - Started process (PID=38858) to work on /home/airflow/dags/mlflow_tracking_dag.py
[2026-04-26T19:56:53.297+0000] {processor.py:830} INFO - Processing file /home/airflow/dags/mlflow_tracking_dag.py for tasks to queue
[2026-04-26T19:56:53.298+0000] {logging_mixin.py:188} INFO - [2026-04-26T19:56:53.298+0000] {dagbag.py:538} INFO - Filling up the DagBag from /home/airflow/dags/mlflow_tracking_dag.py
[2026-04-26T19:56:54.121+0000] {processor.py:840} INFO - DAG(s) 'model_training_pipeline' retrieved from /home/airflow/dags/mlflow_tracking_dag.py
[2026-04-26T19:56:54.201+0000] {logging_mixin.py:188} INFO - [2026-04-26T19:56:54.201+0000] {dag.py:3036} INFO - Sync 1 DAGs
[2026-04-26T19:56:54.216+0000] {logging_mixin.py:188} INFO - [2026-04-26T19:56:54.216+0000] {dag.py:3823} INFO - Setting next_dagrun for model_training_pipeline to 2026-04-26 00:00:00+00:00, run_after=2026-05-03 00:00:00+00:00
[2026-04-26T19:56:54.240+0000] {processor.py:183} INFO - Processing /home/airflow/dags/mlflow_tracking_dag.py took 0.948 seconds
[2026-04-26T19:57:24.590+0000] {processor.py:161} INFO - Started process (PID=38903) to work on /home/airflow/dags/mlflow_tracking_dag.py
[2026-04-26T19:57:24.592+0000] {processor.py:830} INFO - Processing file /home/airflow/dags/mlflow_tracking_dag.py for tasks to queue
[2026-04-26T19:57:24.594+0000] {logging_mixin.py:188} INFO - [2026-04-26T19:57:24.593+0000] {dagbag.py:538} INFO - Filling up the DagBag from /home/airflow/dags/mlflow_tracking_dag.py
[2026-04-26T19:57:25.430+0000] {processor.py:840} INFO - DAG(s) 'model_training_pipeline' retrieved from /home/airflow/dags/mlflow_tracking_dag.py
[2026-04-26T19:57:25.452+0000] {logging_mixin.py:188} INFO - [2026-04-26T19:57:25.452+0000] {dag.py:3036} INFO - Sync 1 DAGs
[2026-04-26T19:57:25.466+0000] {logging_mixin.py:188} INFO - [2026-04-26T19:57:25.466+0000] {dag.py:3823} INFO - Setting next_dagrun for model_training_pipeline to 2026-04-26 00:00:00+00:00, run_after=2026-05-03 00:00:00+00:00
[2026-04-26T19:57:25.488+0000] {processor.py:183} INFO - Processing /home/airflow/dags/mlflow_tracking_dag.py took 0.902 seconds
[2026-04-26T19:57:55.925+0000] {processor.py:161} INFO - Started process (PID=38948) to work on /home/airflow/dags/mlflow_tracking_dag.py
[2026-04-26T19:57:55.926+0000] {processor.py:830} INFO - Processing file /home/airflow/dags/mlflow_tracking_dag.py for tasks to queue
[2026-04-26T19:57:55.927+0000] {logging_mixin.py:188} INFO - [2026-04-26T19:57:55.927+0000] {dagbag.py:538} INFO - Filling up the DagBag from /home/airflow/dags/mlflow_tracking_dag.py
[2026-04-26T19:57:56.846+0000] {processor.py:840} INFO - DAG(s) 'model_training_pipeline' retrieved from /home/airflow/dags/mlflow_tracking_dag.py
[2026-04-26T19:57:56.860+0000] {logging_mixin.py:188} INFO - [2026-04-26T19:57:56.859+0000] {dag.py:3036} INFO - Sync 1 DAGs
[2026-04-26T19:57:56.882+0000] {logging_mixin.py:188} INFO - [2026-04-26T19:57:56.881+0000] {dag.py:3823} INFO - Setting next_dagrun for model_training_pipeline to 2026-04-26 00:00:00+00:00, run_after=2026-05-03 00:00:00+00:00
[2026-04-26T19:57:56.905+0000] {processor.py:183} INFO - Processing /home/airflow/dags/mlflow_tracking_dag.py took 0.983 seconds
[2026-04-26T19:58:27.359+0000] {processor.py:161} INFO - Started process (PID=38993) to work on /home/airflow/dags/mlflow_tracking_dag.py
[2026-04-26T19:58:27.360+0000] {processor.py:830} INFO - Processing file /home/airflow/dags/mlflow_tracking_dag.py for tasks to queue
[2026-04-26T19:58:27.361+0000] {logging_mixin.py:188} INFO - [2026-04-26T19:58:27.361+0000] {dagbag.py:538} INFO - Filling up the DagBag from /home/airflow/dags/mlflow_tracking_dag.py
[2026-04-26T19:58:28.333+0000] {processor.py:840} INFO - DAG(s) 'model_training_pipeline' retrieved from /home/airflow/dags/mlflow_tracking_dag.py
[2026-04-26T19:58:28.422+0000] {logging_mixin.py:188} INFO - [2026-04-26T19:58:28.422+0000] {dag.py:3036} INFO - Sync 1 DAGs
[2026-04-26T19:58:28.439+0000] {logging_mixin.py:188} INFO - [2026-04-26T19:58:28.438+0000] {dag.py:3823} INFO - Setting next_dagrun for model_training_pipeline to 2026-04-26 00:00:00+00:00, run_after=2026-05-03 00:00:00+00:00
[2026-04-26T19:58:28.465+0000] {processor.py:183} INFO - Processing /home/airflow/dags/mlflow_tracking_dag.py took 1.109 seconds
[2026-04-26T19:58:58.906+0000] {processor.py:161} INFO - Started process (PID=39038) to work on /home/airflow/dags/mlflow_tracking_dag.py
[2026-04-26T19:58:58.908+0000] {processor.py:830} INFO - Processing file /home/airflow/dags/mlflow_tracking_dag.py for tasks to queue
[2026-04-26T19:58:58.910+0000] {logging_mixin.py:188} INFO - [2026-04-26T19:58:58.909+0000] {dagbag.py:538} INFO - Filling up the DagBag from /home/airflow/dags/mlflow_tracking_dag.py
[2026-04-26T19:59:00.196+0000] {processor.py:840} INFO - DAG(s) 'model_training_pipeline' retrieved from /home/airflow/dags/mlflow_tracking_dag.py
[2026-04-26T19:59:00.230+0000] {logging_mixin.py:188} INFO - [2026-04-26T19:59:00.230+0000] {dag.py:3036} INFO - Sync 1 DAGs
[2026-04-26T19:59:00.251+0000] {logging_mixin.py:188} INFO - [2026-04-26T19:59:00.251+0000] {dag.py:3823} INFO - Setting next_dagrun for model_training_pipeline to 2026-04-26 00:00:00+00:00, run_after=2026-05-03 00:00:00+00:00
[2026-04-26T19:59:00.281+0000] {processor.py:183} INFO - Processing /home/airflow/dags/mlflow_tracking_dag.py took 1.384 seconds
[2026-04-26T19:59:30.513+0000] {processor.py:161} INFO - Started process (PID=39083) to work on /home/airflow/dags/mlflow_tracking_dag.py
[2026-04-26T19:59:30.514+0000] {processor.py:830} INFO - Processing file /home/airflow/dags/mlflow_tracking_dag.py for tasks to queue
[2026-04-26T19:59:30.516+0000] {logging_mixin.py:188} INFO - [2026-04-26T19:59:30.515+0000] {dagbag.py:538} INFO - Filling up the DagBag from /home/airflow/dags/mlflow_tracking_dag.py
[2026-04-26T19:59:31.564+0000] {processor.py:840} INFO - DAG(s) 'model_training_pipeline' retrieved from /home/airflow/dags/mlflow_tracking_dag.py
[2026-04-26T19:59:31.579+0000] {logging_mixin.py:188} INFO - [2026-04-26T19:59:31.578+0000] {dag.py:3036} INFO - Sync 1 DAGs
[2026-04-26T19:59:31.595+0000] {logging_mixin.py:188} INFO - [2026-04-26T19:59:31.595+0000] {dag.py:3823} INFO - Setting next_dagrun for model_training_pipeline to 2026-04-26 00:00:00+00:00, run_after=2026-05-03 00:00:00+00:00
[2026-04-26T19:59:31.619+0000] {processor.py:183} INFO - Processing /home/airflow/dags/mlflow_tracking_dag.py took 1.110 seconds
[2026-04-26T20:00:01.909+0000] {processor.py:161} INFO - Started process (PID=39128) to work on /home/airflow/dags/mlflow_tracking_dag.py
[2026-04-26T20:00:01.911+0000] {processor.py:830} INFO - Processing file /home/airflow/dags/mlflow_tracking_dag.py for tasks to queue
[2026-04-26T20:00:01.912+0000] {logging_mixin.py:188} INFO - [2026-04-26T20:00:01.911+0000] {dagbag.py:538} INFO - Filling up the DagBag from /home/airflow/dags/mlflow_tracking_dag.py
[2026-04-26T20:00:02.753+0000] {processor.py:840} INFO - DAG(s) 'model_training_pipeline' retrieved from /home/airflow/dags/mlflow_tracking_dag.py
[2026-04-26T20:00:02.846+0000] {logging_mixin.py:188} INFO - [2026-04-26T20:00:02.846+0000] {dag.py:3036} INFO - Sync 1 DAGs
[2026-04-26T20:00:02.861+0000] {logging_mixin.py:188} INFO - [2026-04-26T20:00:02.861+0000] {dag.py:3823} INFO - Setting next_dagrun for model_training_pipeline to 2026-04-26 00:00:00+00:00, run_after=2026-05-03 00:00:00+00:00
[2026-04-26T20:00:02.887+0000] {processor.py:183} INFO - Processing /home/airflow/dags/mlflow_tracking_dag.py took 0.981 seconds
[2026-04-26T20:00:33.183+0000] {processor.py:161} INFO - Started process (PID=39173) to work on /home/airflow/dags/mlflow_tracking_dag.py
[2026-04-26T20:00:33.184+0000] {processor.py:830} INFO - Processing file /home/airflow/dags/mlflow_tracking_dag.py for tasks to queue
[2026-04-26T20:00:33.186+0000] {logging_mixin.py:188} INFO - [2026-04-26T20:00:33.185+0000] {dagbag.py:538} INFO - Filling up the DagBag from /home/airflow/dags/mlflow_tracking_dag.py
[2026-04-26T20:00:34.043+0000] {processor.py:840} INFO - DAG(s) 'model_training_pipeline' retrieved from /home/airflow/dags/mlflow_tracking_dag.py
[2026-04-26T20:00:34.065+0000] {logging_mixin.py:188} INFO - [2026-04-26T20:00:34.064+0000] {dag.py:3036} INFO - Sync 1 DAGs
[2026-04-26T20:00:34.082+0000] {logging_mixin.py:188} INFO - [2026-04-26T20:00:34.082+0000] {dag.py:3823} INFO - Setting next_dagrun for model_training_pipeline to 2026-04-26 00:00:00+00:00, run_after=2026-05-03 00:00:00+00:00
[2026-04-26T20:00:34.107+0000] {processor.py:183} INFO - Processing /home/airflow/dags/mlflow_tracking_dag.py took 0.929 seconds
[2026-04-26T20:01:04.659+0000] {processor.py:161} INFO - Started process (PID=39218) to work on /home/airflow/dags/mlflow_tracking_dag.py
[2026-04-26T20:01:04.660+0000] {processor.py:830} INFO - Processing file /home/airflow/dags/mlflow_tracking_dag.py for tasks to queue
[2026-04-26T20:01:04.661+0000] {logging_mixin.py:188} INFO - [2026-04-26T20:01:04.661+0000] {dagbag.py:538} INFO - Filling up the DagBag from /home/airflow/dags/mlflow_tracking_dag.py
[2026-04-26T20:01:05.492+0000] {processor.py:840} INFO - DAG(s) 'model_training_pipeline' retrieved from /home/airflow/dags/mlflow_tracking_dag.py
[2026-04-26T20:01:05.504+0000] {logging_mixin.py:188} INFO - [2026-04-26T20:01:05.503+0000] {dag.py:3036} INFO - Sync 1 DAGs
[2026-04-26T20:01:05.520+0000] {logging_mixin.py:188} INFO - [2026-04-26T20:01:05.520+0000] {dag.py:3823} INFO - Setting next_dagrun for model_training_pipeline to 2026-04-26 00:00:00+00:00, run_after=2026-05-03 00:00:00+00:00
[2026-04-26T20:01:05.542+0000] {processor.py:183} INFO - Processing /home/airflow/dags/mlflow_tracking_dag.py took 0.886 seconds
[2026-04-26T20:01:36.456+0000] {processor.py:161} INFO - Started process (PID=39263) to work on /home/airflow/dags/mlflow_tracking_dag.py
[2026-04-26T20:01:36.458+0000] {processor.py:830} INFO - Processing file /home/airflow/dags/mlflow_tracking_dag.py for tasks to queue
[2026-04-26T20:01:36.459+0000] {logging_mixin.py:188} INFO - [2026-04-26T20:01:36.459+0000] {dagbag.py:538} INFO - Filling up the DagBag from /home/airflow/dags/mlflow_tracking_dag.py
[2026-04-26T20:01:37.502+0000] {processor.py:840} INFO - DAG(s) 'model_training_pipeline' retrieved from /home/airflow/dags/mlflow_tracking_dag.py
[2026-04-26T20:01:37.588+0000] {logging_mixin.py:188} INFO - [2026-04-26T20:01:37.587+0000] {dag.py:3036} INFO - Sync 1 DAGs
[2026-04-26T20:01:37.601+0000] {logging_mixin.py:188} INFO - [2026-04-26T20:01:37.601+0000] {dag.py:3823} INFO - Setting next_dagrun for model_training_pipeline to 2026-04-26 00:00:00+00:00, run_after=2026-05-03 00:00:00+00:00
[2026-04-26T20:01:37.626+0000] {processor.py:183} INFO - Processing /home/airflow/dags/mlflow_tracking_dag.py took 1.173 seconds
[2026-04-26T20:02:07.952+0000] {processor.py:161} INFO - Started process (PID=39308) to work on /home/airflow/dags/mlflow_tracking_dag.py
[2026-04-26T20:02:07.953+0000] {processor.py:830} INFO - Processing file /home/airflow/dags/mlflow_tracking_dag.py for tasks to queue
[2026-04-26T20:02:07.954+0000] {logging_mixin.py:188} INFO - [2026-04-26T20:02:07.954+0000] {dagbag.py:538} INFO - Filling up the DagBag from /home/airflow/dags/mlflow_tracking_dag.py
[2026-04-26T20:02:08.849+0000] {processor.py:840} INFO - DAG(s) 'model_training_pipeline' retrieved from /home/airflow/dags/mlflow_tracking_dag.py
[2026-04-26T20:02:08.870+0000] {logging_mixin.py:188} INFO - [2026-04-26T20:02:08.869+0000] {dag.py:3036} INFO - Sync 1 DAGs
[2026-04-26T20:02:08.885+0000] {logging_mixin.py:188} INFO - [2026-04-26T20:02:08.885+0000] {dag.py:3823} INFO - Setting next_dagrun for model_training_pipeline to 2026-04-26 00:00:00+00:00, run_after=2026-05-03 00:00:00+00:00
[2026-04-26T20:02:08.908+0000] {processor.py:183} INFO - Processing /home/airflow/dags/mlflow_tracking_dag.py took 0.960 seconds
[2026-04-26T20:02:39.087+0000] {processor.py:161} INFO - Started process (PID=39353) to work on /home/airflow/dags/mlflow_tracking_dag.py
[2026-04-26T20:02:39.088+0000] {processor.py:830} INFO - Processing file /home/airflow/dags/mlflow_tracking_dag.py for tasks to queue
[2026-04-26T20:02:39.089+0000] {logging_mixin.py:188} INFO - [2026-04-26T20:02:39.089+0000] {dagbag.py:538} INFO - Filling up the DagBag from /home/airflow/dags/mlflow_tracking_dag.py
[2026-04-26T20:02:39.961+0000] {processor.py:840} INFO - DAG(s) 'model_training_pipeline' retrieved from /home/airflow/dags/mlflow_tracking_dag.py
[2026-04-26T20:02:39.972+0000] {logging_mixin.py:188} INFO - [2026-04-26T20:02:39.972+0000] {dag.py:3036} INFO - Sync 1 DAGs
[2026-04-26T20:02:39.988+0000] {logging_mixin.py:188} INFO - [2026-04-26T20:02:39.988+0000] {dag.py:3823} INFO - Setting next_dagrun for model_training_pipeline to 2026-04-26 00:00:00+00:00, run_after=2026-05-03 00:00:00+00:00
[2026-04-26T20:02:40.010+0000] {processor.py:183} INFO - Processing /home/airflow/dags/mlflow_tracking_dag.py took 0.926 seconds
[2026-04-26T20:03:10.288+0000] {processor.py:161} INFO - Started process (PID=39398) to work on /home/airflow/dags/mlflow_tracking_dag.py
[2026-04-26T20:03:10.289+0000] {processor.py:830} INFO - Processing file /home/airflow/dags/mlflow_tracking_dag.py for tasks to queue
[2026-04-26T20:03:10.290+0000] {logging_mixin.py:188} INFO - [2026-04-26T20:03:10.290+0000] {dagbag.py:538} INFO - Filling up the DagBag from /home/airflow/dags/mlflow_tracking_dag.py
[2026-04-26T20:03:11.231+0000] {processor.py:840} INFO - DAG(s) 'model_training_pipeline' retrieved from /home/airflow/dags/mlflow_tracking_dag.py
[2026-04-26T20:03:11.302+0000] {logging_mixin.py:188} INFO - [2026-04-26T20:03:11.302+0000] {dag.py:3036} INFO - Sync 1 DAGs
[2026-04-26T20:03:11.314+0000] {logging_mixin.py:188} INFO - [2026-04-26T20:03:11.314+0000] {dag.py:3823} INFO - Setting next_dagrun for model_training_pipeline to 2026-04-26 00:00:00+00:00, run_after=2026-05-03 00:00:00+00:00
[2026-04-26T20:03:11.335+0000] {processor.py:183} INFO - Processing /home/airflow/dags/mlflow_tracking_dag.py took 1.051 seconds
[2026-04-26T20:03:41.546+0000] {processor.py:161} INFO - Started process (PID=39443) to work on /home/airflow/dags/mlflow_tracking_dag.py
[2026-04-26T20:03:41.547+0000] {processor.py:830} INFO - Processing file /home/airflow/dags/mlflow_tracking_dag.py for tasks to queue
[2026-04-26T20:03:41.548+0000] {logging_mixin.py:188} INFO - [2026-04-26T20:03:41.547+0000] {dagbag.py:538} INFO - Filling up the DagBag from /home/airflow/dags/mlflow_tracking_dag.py
[2026-04-26T20:03:42.406+0000] {processor.py:840} INFO - DAG(s) 'model_training_pipeline' retrieved from /home/airflow/dags/mlflow_tracking_dag.py
[2026-04-26T20:03:42.428+0000] {logging_mixin.py:188} INFO - [2026-04-26T20:03:42.428+0000] {dag.py:3036} INFO - Sync 1 DAGs
[2026-04-26T20:03:42.444+0000] {logging_mixin.py:188} INFO - [2026-04-26T20:03:42.444+0000] {dag.py:3823} INFO - Setting next_dagrun for model_training_pipeline to 2026-04-26 00:00:00+00:00, run_after=2026-05-03 00:00:00+00:00
[2026-04-26T20:03:42.466+0000] {processor.py:183} INFO - Processing /home/airflow/dags/mlflow_tracking_dag.py took 0.924 seconds
[2026-04-26T20:04:12.619+0000] {processor.py:161} INFO - Started process (PID=39488) to work on /home/airflow/dags/mlflow_tracking_dag.py
[2026-04-26T20:04:12.621+0000] {processor.py:830} INFO - Processing file /home/airflow/dags/mlflow_tracking_dag.py for tasks to queue
[2026-04-26T20:04:12.622+0000] {logging_mixin.py:188} INFO - [2026-04-26T20:04:12.621+0000] {dagbag.py:538} INFO - Filling up the DagBag from /home/airflow/dags/mlflow_tracking_dag.py
[2026-04-26T20:04:13.582+0000] {processor.py:840} INFO - DAG(s) 'model_training_pipeline' retrieved from /home/airflow/dags/mlflow_tracking_dag.py
[2026-04-26T20:04:13.593+0000] {logging_mixin.py:188} INFO - [2026-04-26T20:04:13.593+0000] {dag.py:3036} INFO - Sync 1 DAGs
[2026-04-26T20:04:13.609+0000] {logging_mixin.py:188} INFO - [2026-04-26T20:04:13.608+0000] {dag.py:3823} INFO - Setting next_dagrun for model_training_pipeline to 2026-04-26 00:00:00+00:00, run_after=2026-05-03 00:00:00+00:00
[2026-04-26T20:04:13.631+0000] {processor.py:183} INFO - Processing /home/airflow/dags/mlflow_tracking_dag.py took 1.015 seconds
[2026-04-26T20:04:43.834+0000] {processor.py:161} INFO - Started process (PID=39533) to work on /home/airflow/dags/mlflow_tracking_dag.py
[2026-04-26T20:04:43.836+0000] {processor.py:830} INFO - Processing file /home/airflow/dags/mlflow_tracking_dag.py for tasks to queue
[2026-04-26T20:04:43.837+0000] {logging_mixin.py:188} INFO - [2026-04-26T20:04:43.836+0000] {dagbag.py:538} INFO - Filling up the DagBag from /home/airflow/dags/mlflow_tracking_dag.py
[2026-04-26T20:04:44.848+0000] {processor.py:840} INFO - DAG(s) 'model_training_pipeline' retrieved from /home/airflow/dags/mlflow_tracking_dag.py
[2026-04-26T20:04:44.932+0000] {logging_mixin.py:188} INFO - [2026-04-26T20:04:44.931+0000] {dag.py:3036} INFO - Sync 1 DAGs
[2026-04-26T20:04:44.946+0000] {logging_mixin.py:188} INFO - [2026-04-26T20:04:44.946+0000] {dag.py:3823} INFO - Setting next_dagrun for model_training_pipeline to 2026-04-26 00:00:00+00:00, run_after=2026-05-03 00:00:00+00:00
[2026-04-26T20:04:44.970+0000] {processor.py:183} INFO - Processing /home/airflow/dags/mlflow_tracking_dag.py took 1.140 seconds
[2026-04-26T20:05:15.578+0000] {processor.py:161} INFO - Started process (PID=39578) to work on /home/airflow/dags/mlflow_tracking_dag.py
[2026-04-26T20:05:15.579+0000] {processor.py:830} INFO - Processing file /home/airflow/dags/mlflow_tracking_dag.py for tasks to queue
[2026-04-26T20:05:15.581+0000] {logging_mixin.py:188} INFO - [2026-04-26T20:05:15.580+0000] {dagbag.py:538} INFO - Filling up the DagBag from /home/airflow/dags/mlflow_tracking_dag.py
[2026-04-26T20:05:16.469+0000] {processor.py:840} INFO - DAG(s) 'model_training_pipeline' retrieved from /home/airflow/dags/mlflow_tracking_dag.py
[2026-04-26T20:05:16.497+0000] {logging_mixin.py:188} INFO - [2026-04-26T20:05:16.496+0000] {dag.py:3036} INFO - Sync 1 DAGs
[2026-04-26T20:05:16.519+0000] {logging_mixin.py:188} INFO - [2026-04-26T20:05:16.518+0000] {dag.py:3823} INFO - Setting next_dagrun for model_training_pipeline to 2026-04-26 00:00:00+00:00, run_after=2026-05-03 00:00:00+00:00
[2026-04-26T20:05:16.548+0000] {processor.py:183} INFO - Processing /home/airflow/dags/mlflow_tracking_dag.py took 0.974 seconds
[2026-04-26T20:05:46.781+0000] {processor.py:161} INFO - Started process (PID=39623) to work on /home/airflow/dags/mlflow_tracking_dag.py
[2026-04-26T20:05:46.790+0000] {processor.py:830} INFO - Processing file /home/airflow/dags/mlflow_tracking_dag.py for tasks to queue
[2026-04-26T20:05:46.794+0000] {logging_mixin.py:188} INFO - [2026-04-26T20:05:46.793+0000] {dagbag.py:538} INFO - Filling up the DagBag from /home/airflow/dags/mlflow_tracking_dag.py
[2026-04-26T20:05:50.218+0000] {processor.py:840} INFO - DAG(s) 'model_training_pipeline' retrieved from /home/airflow/dags/mlflow_tracking_dag.py
[2026-04-26T20:05:50.237+0000] {logging_mixin.py:188} INFO - [2026-04-26T20:05:50.235+0000] {dag.py:3036} INFO - Sync 1 DAGs
[2026-04-26T20:05:50.273+0000] {logging_mixin.py:188} INFO - [2026-04-26T20:05:50.272+0000] {dag.py:3823} INFO - Setting next_dagrun for model_training_pipeline to 2026-04-26 00:00:00+00:00, run_after=2026-05-03 00:00:00+00:00
[2026-04-26T20:05:50.343+0000] {processor.py:183} INFO - Processing /home/airflow/dags/mlflow_tracking_dag.py took 3.567 seconds
[2026-04-26T20:06:20.521+0000] {processor.py:161} INFO - Started process (PID=39668) to work on /home/airflow/dags/mlflow_tracking_dag.py
[2026-04-26T20:06:20.523+0000] {processor.py:830} INFO - Processing file /home/airflow/dags/mlflow_tracking_dag.py for tasks to queue
[2026-04-26T20:06:20.525+0000] {logging_mixin.py:188} INFO - [2026-04-26T20:06:20.524+0000] {dagbag.py:538} INFO - Filling up the DagBag from /home/airflow/dags/mlflow_tracking_dag.py
[2026-04-26T20:06:21.796+0000] {processor.py:840} INFO - DAG(s) 'model_training_pipeline' retrieved from /home/airflow/dags/mlflow_tracking_dag.py
[2026-04-26T20:06:21.909+0000] {logging_mixin.py:188} INFO - [2026-04-26T20:06:21.908+0000] {dag.py:3036} INFO - Sync 1 DAGs
[2026-04-26T20:06:21.925+0000] {logging_mixin.py:188} INFO - [2026-04-26T20:06:21.924+0000] {dag.py:3823} INFO - Setting next_dagrun for model_training_pipeline to 2026-04-26 00:00:00+00:00, run_after=2026-05-03 00:00:00+00:00
[2026-04-26T20:06:21.956+0000] {processor.py:183} INFO - Processing /home/airflow/dags/mlflow_tracking_dag.py took 1.439 seconds
[2026-04-26T20:06:52.223+0000] {processor.py:161} INFO - Started process (PID=39713) to work on /home/airflow/dags/mlflow_tracking_dag.py
[2026-04-26T20:06:52.224+0000] {processor.py:830} INFO - Processing file /home/airflow/dags/mlflow_tracking_dag.py for tasks to queue
[2026-04-26T20:06:52.226+0000] {logging_mixin.py:188} INFO - [2026-04-26T20:06:52.225+0000] {dagbag.py:538} INFO - Filling up the DagBag from /home/airflow/dags/mlflow_tracking_dag.py
[2026-04-26T20:06:53.273+0000] {processor.py:840} INFO - DAG(s) 'model_training_pipeline' retrieved from /home/airflow/dags/mlflow_tracking_dag.py
[2026-04-26T20:06:53.299+0000] {logging_mixin.py:188} INFO - [2026-04-26T20:06:53.299+0000] {dag.py:3036} INFO - Sync 1 DAGs
[2026-04-26T20:06:53.318+0000] {logging_mixin.py:188} INFO - [2026-04-26T20:06:53.318+0000] {dag.py:3823} INFO - Setting next_dagrun for model_training_pipeline to 2026-04-26 00:00:00+00:00, run_after=2026-05-03 00:00:00+00:00
[2026-04-26T20:06:53.470+0000] {processor.py:183} INFO - Processing /home/airflow/dags/mlflow_tracking_dag.py took 1.252 seconds
[2026-04-26T20:07:23.669+0000] {processor.py:161} INFO - Started process (PID=39758) to work on /home/airflow/dags/mlflow_tracking_dag.py
[2026-04-26T20:07:23.670+0000] {processor.py:830} INFO - Processing file /home/airflow/dags/mlflow_tracking_dag.py for tasks to queue
[2026-04-26T20:07:23.671+0000] {logging_mixin.py:188} INFO - [2026-04-26T20:07:23.671+0000] {dagbag.py:538} INFO - Filling up the DagBag from /home/airflow/dags/mlflow_tracking_dag.py
[2026-04-26T20:07:24.575+0000] {processor.py:840} INFO - DAG(s) 'model_training_pipeline' retrieved from /home/airflow/dags/mlflow_tracking_dag.py
[2026-04-26T20:07:24.586+0000] {logging_mixin.py:188} INFO - [2026-04-26T20:07:24.586+0000] {dag.py:3036} INFO - Sync 1 DAGs
[2026-04-26T20:07:24.711+0000] {logging_mixin.py:188} INFO - [2026-04-26T20:07:24.710+0000] {dag.py:3823} INFO - Setting next_dagrun for model_training_pipeline to 2026-04-26 00:00:00+00:00, run_after=2026-05-03 00:00:00+00:00
[2026-04-26T20:07:24.730+0000] {processor.py:183} INFO - Processing /home/airflow/dags/mlflow_tracking_dag.py took 1.064 seconds
[2026-04-26T20:07:54.954+0000] {processor.py:161} INFO - Started process (PID=39803) to work on /home/airflow/dags/mlflow_tracking_dag.py
[2026-04-26T20:07:54.955+0000] {processor.py:830} INFO - Processing file /home/airflow/dags/mlflow_tracking_dag.py for tasks to queue
[2026-04-26T20:07:54.956+0000] {logging_mixin.py:188} INFO - [2026-04-26T20:07:54.955+0000] {dagbag.py:538} INFO - Filling up the DagBag from /home/airflow/dags/mlflow_tracking_dag.py
[2026-04-26T20:07:55.892+0000] {processor.py:840} INFO - DAG(s) 'model_training_pipeline' retrieved from /home/airflow/dags/mlflow_tracking_dag.py
[2026-04-26T20:07:55.967+0000] {logging_mixin.py:188} INFO - [2026-04-26T20:07:55.967+0000] {dag.py:3036} INFO - Sync 1 DAGs
[2026-04-26T20:07:55.980+0000] {logging_mixin.py:188} INFO - [2026-04-26T20:07:55.979+0000] {dag.py:3823} INFO - Setting next_dagrun for model_training_pipeline to 2026-04-26 00:00:00+00:00, run_after=2026-05-03 00:00:00+00:00
[2026-04-26T20:07:56.005+0000] {processor.py:183} INFO - Processing /home/airflow/dags/mlflow_tracking_dag.py took 1.055 seconds
[2026-04-26T20:08:26.395+0000] {processor.py:161} INFO - Started process (PID=39848) to work on /home/airflow/dags/mlflow_tracking_dag.py
[2026-04-26T20:08:26.397+0000] {processor.py:830} INFO - Processing file /home/airflow/dags/mlflow_tracking_dag.py for tasks to queue
[2026-04-26T20:08:26.398+0000] {logging_mixin.py:188} INFO - [2026-04-26T20:08:26.398+0000] {dagbag.py:538} INFO - Filling up the DagBag from /home/airflow/dags/mlflow_tracking_dag.py
[2026-04-26T20:08:27.712+0000] {processor.py:840} INFO - DAG(s) 'model_training_pipeline' retrieved from /home/airflow/dags/mlflow_tracking_dag.py
[2026-04-26T20:08:27.742+0000] {logging_mixin.py:188} INFO - [2026-04-26T20:08:27.742+0000] {dag.py:3036} INFO - Sync 1 DAGs
[2026-04-26T20:08:27.762+0000] {logging_mixin.py:188} INFO - [2026-04-26T20:08:27.762+0000] {dag.py:3823} INFO - Setting next_dagrun for model_training_pipeline to 2026-04-26 00:00:00+00:00, run_after=2026-05-03 00:00:00+00:00
[2026-04-26T20:08:27.788+0000] {processor.py:183} INFO - Processing /home/airflow/dags/mlflow_tracking_dag.py took 1.396 seconds
[2026-04-26T20:08:57.913+0000] {processor.py:161} INFO - Started process (PID=39893) to work on /home/airflow/dags/mlflow_tracking_dag.py
[2026-04-26T20:08:57.915+0000] {processor.py:830} INFO - Processing file /home/airflow/dags/mlflow_tracking_dag.py for tasks to queue
[2026-04-26T20:08:57.916+0000] {logging_mixin.py:188} INFO - [2026-04-26T20:08:57.916+0000] {dagbag.py:538} INFO - Filling up the DagBag from /home/airflow/dags/mlflow_tracking_dag.py
[2026-04-26T20:08:58.963+0000] {processor.py:840} INFO - DAG(s) 'model_training_pipeline' retrieved from /home/airflow/dags/mlflow_tracking_dag.py
[2026-04-26T20:08:58.975+0000] {logging_mixin.py:188} INFO - [2026-04-26T20:08:58.974+0000] {dag.py:3036} INFO - Sync 1 DAGs
[2026-04-26T20:08:58.991+0000] {logging_mixin.py:188} INFO - [2026-04-26T20:08:58.991+0000] {dag.py:3823} INFO - Setting next_dagrun for model_training_pipeline to 2026-04-26 00:00:00+00:00, run_after=2026-05-03 00:00:00+00:00
[2026-04-26T20:08:59.014+0000] {processor.py:183} INFO - Processing /home/airflow/dags/mlflow_tracking_dag.py took 1.106 seconds
[2026-04-26T20:09:29.111+0000] {processor.py:161} INFO - Started process (PID=39938) to work on /home/airflow/dags/mlflow_tracking_dag.py
[2026-04-26T20:09:29.113+0000] {processor.py:830} INFO - Processing file /home/airflow/dags/mlflow_tracking_dag.py for tasks to queue
[2026-04-26T20:09:29.114+0000] {logging_mixin.py:188} INFO - [2026-04-26T20:09:29.113+0000] {dagbag.py:538} INFO - Filling up the DagBag from /home/airflow/dags/mlflow_tracking_dag.py
[2026-04-26T20:09:30.044+0000] {processor.py:840} INFO - DAG(s) 'model_training_pipeline' retrieved from /home/airflow/dags/mlflow_tracking_dag.py
[2026-04-26T20:09:30.119+0000] {logging_mixin.py:188} INFO - [2026-04-26T20:09:30.119+0000] {dag.py:3036} INFO - Sync 1 DAGs
[2026-04-26T20:09:30.133+0000] {logging_mixin.py:188} INFO - [2026-04-26T20:09:30.133+0000] {dag.py:3823} INFO - Setting next_dagrun for model_training_pipeline to 2026-04-26 00:00:00+00:00, run_after=2026-05-03 00:00:00+00:00
[2026-04-26T20:09:30.156+0000] {processor.py:183} INFO - Processing /home/airflow/dags/mlflow_tracking_dag.py took 1.048 seconds
[2026-04-26T20:10:00.883+0000] {processor.py:161} INFO - Started process (PID=39989) to work on /home/airflow/dags/mlflow_tracking_dag.py
[2026-04-26T20:10:00.885+0000] {processor.py:830} INFO - Processing file /home/airflow/dags/mlflow_tracking_dag.py for tasks to queue
[2026-04-26T20:10:00.886+0000] {logging_mixin.py:188} INFO - [2026-04-26T20:10:00.885+0000] {dagbag.py:538} INFO - Filling up the DagBag from /home/airflow/dags/mlflow_tracking_dag.py
[2026-04-26T20:10:01.790+0000] {processor.py:840} INFO - DAG(s) 'model_training_pipeline' retrieved from /home/airflow/dags/mlflow_tracking_dag.py
[2026-04-26T20:10:01.811+0000] {logging_mixin.py:188} INFO - [2026-04-26T20:10:01.810+0000] {dag.py:3036} INFO - Sync 1 DAGs
[2026-04-26T20:10:01.824+0000] {logging_mixin.py:188} INFO - [2026-04-26T20:10:01.823+0000] {dag.py:3823} INFO - Setting next_dagrun for model_training_pipeline to 2026-04-26 00:00:00+00:00, run_after=2026-05-03 00:00:00+00:00
[2026-04-26T20:10:01.845+0000] {processor.py:183} INFO - Processing /home/airflow/dags/mlflow_tracking_dag.py took 0.968 seconds
[2026-04-26T20:10:31.915+0000] {processor.py:161} INFO - Started process (PID=40034) to work on /home/airflow/dags/mlflow_tracking_dag.py
[2026-04-26T20:10:31.916+0000] {processor.py:830} INFO - Processing file /home/airflow/dags/mlflow_tracking_dag.py for tasks to queue
[2026-04-26T20:10:31.917+0000] {logging_mixin.py:188} INFO - [2026-04-26T20:10:31.916+0000] {dagbag.py:538} INFO - Filling up the DagBag from /home/airflow/dags/mlflow_tracking_dag.py
[2026-04-26T20:10:32.754+0000] {processor.py:840} INFO - DAG(s) 'model_training_pipeline' retrieved from /home/airflow/dags/mlflow_tracking_dag.py
[2026-04-26T20:10:32.766+0000] {logging_mixin.py:188} INFO - [2026-04-26T20:10:32.766+0000] {dag.py:3036} INFO - Sync 1 DAGs
[2026-04-26T20:10:32.781+0000] {logging_mixin.py:188} INFO - [2026-04-26T20:10:32.781+0000] {dag.py:3823} INFO - Setting next_dagrun for model_training_pipeline to 2026-04-26 00:00:00+00:00, run_after=2026-05-03 00:00:00+00:00
[2026-04-26T20:10:32.802+0000] {processor.py:183} INFO - Processing /home/airflow/dags/mlflow_tracking_dag.py took 0.891 seconds
[2026-04-26T20:11:03.087+0000] {processor.py:161} INFO - Started process (PID=40079) to work on /home/airflow/dags/mlflow_tracking_dag.py
[2026-04-26T20:11:03.088+0000] {processor.py:830} INFO - Processing file /home/airflow/dags/mlflow_tracking_dag.py for tasks to queue
[2026-04-26T20:11:03.090+0000] {logging_mixin.py:188} INFO - [2026-04-26T20:11:03.089+0000] {dagbag.py:538} INFO - Filling up the DagBag from /home/airflow/dags/mlflow_tracking_dag.py
[2026-04-26T20:11:03.936+0000] {processor.py:840} INFO - DAG(s) 'model_training_pipeline' retrieved from /home/airflow/dags/mlflow_tracking_dag.py
[2026-04-26T20:11:04.016+0000] {logging_mixin.py:188} INFO - [2026-04-26T20:11:04.015+0000] {dag.py:3036} INFO - Sync 1 DAGs
[2026-04-26T20:11:04.031+0000] {logging_mixin.py:188} INFO - [2026-04-26T20:11:04.031+0000] {dag.py:3823} INFO - Setting next_dagrun for model_training_pipeline to 2026-04-26 00:00:00+00:00, run_after=2026-05-03 00:00:00+00:00
[2026-04-26T20:11:04.054+0000] {processor.py:183} INFO - Processing /home/airflow/dags/mlflow_tracking_dag.py took 0.970 seconds
[2026-04-26T20:11:34.145+0000] {processor.py:161} INFO - Started process (PID=40124) to work on /home/airflow/dags/mlflow_tracking_dag.py
[2026-04-26T20:11:34.146+0000] {processor.py:830} INFO - Processing file /home/airflow/dags/mlflow_tracking_dag.py for tasks to queue
[2026-04-26T20:11:34.147+0000] {logging_mixin.py:188} INFO - [2026-04-26T20:11:34.147+0000] {dagbag.py:538} INFO - Filling up the DagBag from /home/airflow/dags/mlflow_tracking_dag.py
[2026-04-26T20:11:34.920+0000] {processor.py:840} INFO - DAG(s) 'model_training_pipeline' retrieved from /home/airflow/dags/mlflow_tracking_dag.py
[2026-04-26T20:11:34.943+0000] {logging_mixin.py:188} INFO - [2026-04-26T20:11:34.942+0000] {dag.py:3036} INFO - Sync 1 DAGs
[2026-04-26T20:11:34.956+0000] {logging_mixin.py:188} INFO - [2026-04-26T20:11:34.956+0000] {dag.py:3823} INFO - Setting next_dagrun for model_training_pipeline to 2026-04-26 00:00:00+00:00, run_after=2026-05-03 00:00:00+00:00
[2026-04-26T20:11:34.977+0000] {processor.py:183} INFO - Processing /home/airflow/dags/mlflow_tracking_dag.py took 0.835 seconds
[2026-04-26T20:12:05.200+0000] {processor.py:161} INFO - Started process (PID=40169) to work on /home/airflow/dags/mlflow_tracking_dag.py
[2026-04-26T20:12:05.201+0000] {processor.py:830} INFO - Processing file /home/airflow/dags/mlflow_tracking_dag.py for tasks to queue
[2026-04-26T20:12:05.203+0000] {logging_mixin.py:188} INFO - [2026-04-26T20:12:05.202+0000] {dagbag.py:538} INFO - Filling up the DagBag from /home/airflow/dags/mlflow_tracking_dag.py
[2026-04-26T20:12:06.158+0000] {processor.py:840} INFO - DAG(s) 'model_training_pipeline' retrieved from /home/airflow/dags/mlflow_tracking_dag.py
[2026-04-26T20:12:06.171+0000] {logging_mixin.py:188} INFO - [2026-04-26T20:12:06.171+0000] {dag.py:3036} INFO - Sync 1 DAGs
[2026-04-26T20:12:06.190+0000] {logging_mixin.py:188} INFO - [2026-04-26T20:12:06.190+0000] {dag.py:3823} INFO - Setting next_dagrun for model_training_pipeline to 2026-04-26 00:00:00+00:00, run_after=2026-05-03 00:00:00+00:00
[2026-04-26T20:12:06.212+0000] {processor.py:183} INFO - Processing /home/airflow/dags/mlflow_tracking_dag.py took 1.017 seconds
[2026-04-26T20:12:36.761+0000] {processor.py:161} INFO - Started process (PID=40214) to work on /home/airflow/dags/mlflow_tracking_dag.py
[2026-04-26T20:12:36.762+0000] {processor.py:830} INFO - Processing file /home/airflow/dags/mlflow_tracking_dag.py for tasks to queue
[2026-04-26T20:12:36.763+0000] {logging_mixin.py:188} INFO - [2026-04-26T20:12:36.763+0000] {dagbag.py:538} INFO - Filling up the DagBag from /home/airflow/dags/mlflow_tracking_dag.py
[2026-04-26T20:12:37.809+0000] {processor.py:840} INFO - DAG(s) 'model_training_pipeline' retrieved from /home/airflow/dags/mlflow_tracking_dag.py
[2026-04-26T20:12:37.905+0000] {logging_mixin.py:188} INFO - [2026-04-26T20:12:37.904+0000] {dag.py:3036} INFO - Sync 1 DAGs
[2026-04-26T20:12:37.922+0000] {logging_mixin.py:188} INFO - [2026-04-26T20:12:37.921+0000] {dag.py:3823} INFO - Setting next_dagrun for model_training_pipeline to 2026-04-26 00:00:00+00:00, run_after=2026-05-03 00:00:00+00:00
[2026-04-26T20:12:37.948+0000] {processor.py:183} INFO - Processing /home/airflow/dags/mlflow_tracking_dag.py took 1.191 seconds
[2026-04-26T20:13:08.373+0000] {processor.py:161} INFO - Started process (PID=40259) to work on /home/airflow/dags/mlflow_tracking_dag.py
[2026-04-26T20:13:08.374+0000] {processor.py:830} INFO - Processing file /home/airflow/dags/mlflow_tracking_dag.py for tasks to queue
[2026-04-26T20:13:08.375+0000] {logging_mixin.py:188} INFO - [2026-04-26T20:13:08.375+0000] {dagbag.py:538} INFO - Filling up the DagBag from /home/airflow/dags/mlflow_tracking_dag.py
[2026-04-26T20:13:09.240+0000] {processor.py:840} INFO - DAG(s) 'model_training_pipeline' retrieved from /home/airflow/dags/mlflow_tracking_dag.py
[2026-04-26T20:13:09.261+0000] {logging_mixin.py:188} INFO - [2026-04-26T20:13:09.261+0000] {dag.py:3036} INFO - Sync 1 DAGs
[2026-04-26T20:13:09.279+0000] {logging_mixin.py:188} INFO - [2026-04-26T20:13:09.278+0000] {dag.py:3823} INFO - Setting next_dagrun for model_training_pipeline to 2026-04-26 00:00:00+00:00, run_after=2026-05-03 00:00:00+00:00
[2026-04-26T20:13:09.301+0000] {processor.py:183} INFO - Processing /home/airflow/dags/mlflow_tracking_dag.py took 0.932 seconds
[2026-04-26T20:13:39.902+0000] {processor.py:161} INFO - Started process (PID=40304) to work on /home/airflow/dags/mlflow_tracking_dag.py
[2026-04-26T20:13:39.904+0000] {processor.py:830} INFO - Processing file /home/airflow/dags/mlflow_tracking_dag.py for tasks to queue
[2026-04-26T20:13:39.905+0000] {logging_mixin.py:188} INFO - [2026-04-26T20:13:39.905+0000] {dagbag.py:538} INFO - Filling up the DagBag from /home/airflow/dags/mlflow_tracking_dag.py
[2026-04-26T20:13:41.415+0000] {processor.py:840} INFO - DAG(s) 'model_training_pipeline' retrieved from /home/airflow/dags/mlflow_tracking_dag.py
[2026-04-26T20:13:41.434+0000] {logging_mixin.py:188} INFO - [2026-04-26T20:13:41.433+0000] {dag.py:3036} INFO - Sync 1 DAGs
[2026-04-26T20:13:41.460+0000] {logging_mixin.py:188} INFO - [2026-04-26T20:13:41.459+0000] {dag.py:3823} INFO - Setting next_dagrun for model_training_pipeline to 2026-04-26 00:00:00+00:00, run_after=2026-05-03 00:00:00+00:00
[2026-04-26T20:13:41.497+0000] {processor.py:183} INFO - Processing /home/airflow/dags/mlflow_tracking_dag.py took 1.599 seconds
[2026-04-26T20:14:12.157+0000] {processor.py:161} INFO - Started process (PID=40349) to work on /home/airflow/dags/mlflow_tracking_dag.py
[2026-04-26T20:14:12.159+0000] {processor.py:830} INFO - Processing file /home/airflow/dags/mlflow_tracking_dag.py for tasks to queue
[2026-04-26T20:14:12.160+0000] {logging_mixin.py:188} INFO - [2026-04-26T20:14:12.160+0000] {dagbag.py:538} INFO - Filling up the DagBag from /home/airflow/dags/mlflow_tracking_dag.py
[2026-04-26T20:14:13.150+0000] {processor.py:840} INFO - DAG(s) 'model_training_pipeline' retrieved from /home/airflow/dags/mlflow_tracking_dag.py
[2026-04-26T20:14:13.235+0000] {logging_mixin.py:188} INFO - [2026-04-26T20:14:13.235+0000] {dag.py:3036} INFO - Sync 1 DAGs
[2026-04-26T20:14:13.249+0000] {logging_mixin.py:188} INFO - [2026-04-26T20:14:13.249+0000] {dag.py:3823} INFO - Setting next_dagrun for model_training_pipeline to 2026-04-26 00:00:00+00:00, run_after=2026-05-03 00:00:00+00:00
[2026-04-26T20:14:13.271+0000] {processor.py:183} INFO - Processing /home/airflow/dags/mlflow_tracking_dag.py took 1.117 seconds
[2026-04-26T20:14:43.615+0000] {processor.py:161} INFO - Started process (PID=40394) to work on /home/airflow/dags/mlflow_tracking_dag.py
[2026-04-26T20:14:43.616+0000] {processor.py:830} INFO - Processing file /home/airflow/dags/mlflow_tracking_dag.py for tasks to queue
[2026-04-26T20:14:43.618+0000] {logging_mixin.py:188} INFO - [2026-04-26T20:14:43.617+0000] {dagbag.py:538} INFO - Filling up the DagBag from /home/airflow/dags/mlflow_tracking_dag.py
[2026-04-26T20:14:44.549+0000] {processor.py:840} INFO - DAG(s) 'model_training_pipeline' retrieved from /home/airflow/dags/mlflow_tracking_dag.py
[2026-04-26T20:14:44.571+0000] {logging_mixin.py:188} INFO - [2026-04-26T20:14:44.570+0000] {dag.py:3036} INFO - Sync 1 DAGs
[2026-04-26T20:14:44.587+0000] {logging_mixin.py:188} INFO - [2026-04-26T20:14:44.586+0000] {dag.py:3823} INFO - Setting next_dagrun for model_training_pipeline to 2026-04-26 00:00:00+00:00, run_after=2026-05-03 00:00:00+00:00
[2026-04-26T20:14:44.609+0000] {processor.py:183} INFO - Processing /home/airflow/dags/mlflow_tracking_dag.py took 0.997 seconds
[2026-04-26T20:15:15.224+0000] {processor.py:161} INFO - Started process (PID=40439) to work on /home/airflow/dags/mlflow_tracking_dag.py
[2026-04-26T20:15:15.225+0000] {processor.py:830} INFO - Processing file /home/airflow/dags/mlflow_tracking_dag.py for tasks to queue
[2026-04-26T20:15:15.227+0000] {logging_mixin.py:188} INFO - [2026-04-26T20:15:15.226+0000] {dagbag.py:538} INFO - Filling up the DagBag from /home/airflow/dags/mlflow_tracking_dag.py
[2026-04-26T20:15:16.355+0000] {processor.py:840} INFO - DAG(s) 'model_training_pipeline' retrieved from /home/airflow/dags/mlflow_tracking_dag.py
[2026-04-26T20:15:16.372+0000] {logging_mixin.py:188} INFO - [2026-04-26T20:15:16.371+0000] {dag.py:3036} INFO - Sync 1 DAGs
[2026-04-26T20:15:16.392+0000] {logging_mixin.py:188} INFO - [2026-04-26T20:15:16.392+0000] {dag.py:3823} INFO - Setting next_dagrun for model_training_pipeline to 2026-04-26 00:00:00+00:00, run_after=2026-05-03 00:00:00+00:00
[2026-04-26T20:15:16.415+0000] {processor.py:183} INFO - Processing /home/airflow/dags/mlflow_tracking_dag.py took 1.197 seconds
[2026-04-26T20:15:46.755+0000] {processor.py:161} INFO - Started process (PID=40484) to work on /home/airflow/dags/mlflow_tracking_dag.py
[2026-04-26T20:15:46.757+0000] {processor.py:830} INFO - Processing file /home/airflow/dags/mlflow_tracking_dag.py for tasks to queue
[2026-04-26T20:15:46.758+0000] {logging_mixin.py:188} INFO - [2026-04-26T20:15:46.757+0000] {dagbag.py:538} INFO - Filling up the DagBag from /home/airflow/dags/mlflow_tracking_dag.py
[2026-04-26T20:15:48.136+0000] {processor.py:840} INFO - DAG(s) 'model_training_pipeline' retrieved from /home/airflow/dags/mlflow_tracking_dag.py
[2026-04-26T20:15:48.236+0000] {logging_mixin.py:188} INFO - [2026-04-26T20:15:48.236+0000] {dag.py:3036} INFO - Sync 1 DAGs
[2026-04-26T20:15:48.253+0000] {logging_mixin.py:188} INFO - [2026-04-26T20:15:48.252+0000] {dag.py:3823} INFO - Setting next_dagrun for model_training_pipeline to 2026-04-26 00:00:00+00:00, run_after=2026-05-03 00:00:00+00:00
[2026-04-26T20:15:48.279+0000] {processor.py:183} INFO - Processing /home/airflow/dags/mlflow_tracking_dag.py took 1.528 seconds
[2026-04-26T20:16:18.534+0000] {processor.py:161} INFO - Started process (PID=40529) to work on /home/airflow/dags/mlflow_tracking_dag.py
[2026-04-26T20:16:18.536+0000] {processor.py:830} INFO - Processing file /home/airflow/dags/mlflow_tracking_dag.py for tasks to queue
[2026-04-26T20:16:18.537+0000] {logging_mixin.py:188} INFO - [2026-04-26T20:16:18.536+0000] {dagbag.py:538} INFO - Filling up the DagBag from /home/airflow/dags/mlflow_tracking_dag.py
[2026-04-26T20:16:19.409+0000] {processor.py:840} INFO - DAG(s) 'model_training_pipeline' retrieved from /home/airflow/dags/mlflow_tracking_dag.py
[2026-04-26T20:16:19.428+0000] {logging_mixin.py:188} INFO - [2026-04-26T20:16:19.428+0000] {dag.py:3036} INFO - Sync 1 DAGs
[2026-04-26T20:16:19.442+0000] {logging_mixin.py:188} INFO - [2026-04-26T20:16:19.442+0000] {dag.py:3823} INFO - Setting next_dagrun for model_training_pipeline to 2026-04-26 00:00:00+00:00, run_after=2026-05-03 00:00:00+00:00
[2026-04-26T20:16:19.462+0000] {processor.py:183} INFO - Processing /home/airflow/dags/mlflow_tracking_dag.py took 0.932 seconds
[2026-04-26T20:16:50.033+0000] {processor.py:161} INFO - Started process (PID=40574) to work on /home/airflow/dags/mlflow_tracking_dag.py
[2026-04-26T20:16:50.035+0000] {processor.py:830} INFO - Processing file /home/airflow/dags/mlflow_tracking_dag.py for tasks to queue
[2026-04-26T20:16:50.036+0000] {logging_mixin.py:188} INFO - [2026-04-26T20:16:50.035+0000] {dagbag.py:538} INFO - Filling up the DagBag from /home/airflow/dags/mlflow_tracking_dag.py
[2026-04-26T20:16:50.943+0000] {processor.py:840} INFO - DAG(s) 'model_training_pipeline' retrieved from /home/airflow/dags/mlflow_tracking_dag.py
[2026-04-26T20:16:50.954+0000] {logging_mixin.py:188} INFO - [2026-04-26T20:16:50.954+0000] {dag.py:3036} INFO - Sync 1 DAGs
[2026-04-26T20:16:50.970+0000] {logging_mixin.py:188} INFO - [2026-04-26T20:16:50.969+0000] {dag.py:3823} INFO - Setting next_dagrun for model_training_pipeline to 2026-04-26 00:00:00+00:00, run_after=2026-05-03 00:00:00+00:00
[2026-04-26T20:16:50.990+0000] {processor.py:183} INFO - Processing /home/airflow/dags/mlflow_tracking_dag.py took 0.961 seconds
[2026-04-26T20:17:21.313+0000] {processor.py:161} INFO - Started process (PID=40619) to work on /home/airflow/dags/mlflow_tracking_dag.py
[2026-04-26T20:17:21.314+0000] {processor.py:830} INFO - Processing file /home/airflow/dags/mlflow_tracking_dag.py for tasks to queue
[2026-04-26T20:17:21.315+0000] {logging_mixin.py:188} INFO - [2026-04-26T20:17:21.315+0000] {dagbag.py:538} INFO - Filling up the DagBag from /home/airflow/dags/mlflow_tracking_dag.py
[2026-04-26T20:17:22.309+0000] {processor.py:840} INFO - DAG(s) 'model_training_pipeline' retrieved from /home/airflow/dags/mlflow_tracking_dag.py
[2026-04-26T20:17:22.382+0000] {logging_mixin.py:188} INFO - [2026-04-26T20:17:22.381+0000] {dag.py:3036} INFO - Sync 1 DAGs
[2026-04-26T20:17:22.394+0000] {logging_mixin.py:188} INFO - [2026-04-26T20:17:22.394+0000] {dag.py:3823} INFO - Setting next_dagrun for model_training_pipeline to 2026-04-26 00:00:00+00:00, run_after=2026-05-03 00:00:00+00:00
[2026-04-26T20:17:22.414+0000] {processor.py:183} INFO - Processing /home/airflow/dags/mlflow_tracking_dag.py took 1.104 seconds
[2026-04-26T20:17:52.555+0000] {processor.py:161} INFO - Started process (PID=40664) to work on /home/airflow/dags/mlflow_tracking_dag.py
[2026-04-26T20:17:52.556+0000] {processor.py:830} INFO - Processing file /home/airflow/dags/mlflow_tracking_dag.py for tasks to queue
[2026-04-26T20:17:52.558+0000] {logging_mixin.py:188} INFO - [2026-04-26T20:17:52.557+0000] {dagbag.py:538} INFO - Filling up the DagBag from /home/airflow/dags/mlflow_tracking_dag.py
[2026-04-26T20:17:53.565+0000] {processor.py:840} INFO - DAG(s) 'model_training_pipeline' retrieved from /home/airflow/dags/mlflow_tracking_dag.py
[2026-04-26T20:17:53.593+0000] {logging_mixin.py:188} INFO - [2026-04-26T20:17:53.592+0000] {dag.py:3036} INFO - Sync 1 DAGs
[2026-04-26T20:17:53.610+0000] {logging_mixin.py:188} INFO - [2026-04-26T20:17:53.609+0000] {dag.py:3823} INFO - Setting next_dagrun for model_training_pipeline to 2026-04-26 00:00:00+00:00, run_after=2026-05-03 00:00:00+00:00
[2026-04-26T20:17:53.634+0000] {processor.py:183} INFO - Processing /home/airflow/dags/mlflow_tracking_dag.py took 1.083 seconds
[2026-04-26T20:18:24.118+0000] {processor.py:161} INFO - Started process (PID=40709) to work on /home/airflow/dags/mlflow_tracking_dag.py
[2026-04-26T20:18:24.120+0000] {processor.py:830} INFO - Processing file /home/airflow/dags/mlflow_tracking_dag.py for tasks to queue
[2026-04-26T20:18:24.121+0000] {logging_mixin.py:188} INFO - [2026-04-26T20:18:24.120+0000] {dagbag.py:538} INFO - Filling up the DagBag from /home/airflow/dags/mlflow_tracking_dag.py
[2026-04-26T20:18:24.937+0000] {processor.py:840} INFO - DAG(s) 'model_training_pipeline' retrieved from /home/airflow/dags/mlflow_tracking_dag.py
[2026-04-26T20:18:24.950+0000] {logging_mixin.py:188} INFO - [2026-04-26T20:18:24.949+0000] {dag.py:3036} INFO - Sync 1 DAGs
[2026-04-26T20:18:24.966+0000] {logging_mixin.py:188} INFO - [2026-04-26T20:18:24.966+0000] {dag.py:3823} INFO - Setting next_dagrun for model_training_pipeline to 2026-04-26 00:00:00+00:00, run_after=2026-05-03 00:00:00+00:00
[2026-04-26T20:18:24.987+0000] {processor.py:183} INFO - Processing /home/airflow/dags/mlflow_tracking_dag.py took 0.872 seconds
[2026-04-26T20:18:55.164+0000] {processor.py:161} INFO - Started process (PID=40754) to work on /home/airflow/dags/mlflow_tracking_dag.py
[2026-04-26T20:18:55.166+0000] {processor.py:830} INFO - Processing file /home/airflow/dags/mlflow_tracking_dag.py for tasks to queue
[2026-04-26T20:18:55.167+0000] {logging_mixin.py:188} INFO - [2026-04-26T20:18:55.166+0000] {dagbag.py:538} INFO - Filling up the DagBag from /home/airflow/dags/mlflow_tracking_dag.py
[2026-04-26T20:18:55.941+0000] {processor.py:840} INFO - DAG(s) 'model_training_pipeline' retrieved from /home/airflow/dags/mlflow_tracking_dag.py
[2026-04-26T20:18:56.012+0000] {logging_mixin.py:188} INFO - [2026-04-26T20:18:56.012+0000] {dag.py:3036} INFO - Sync 1 DAGs
[2026-04-26T20:18:56.025+0000] {logging_mixin.py:188} INFO - [2026-04-26T20:18:56.025+0000] {dag.py:3823} INFO - Setting next_dagrun for model_training_pipeline to 2026-04-26 00:00:00+00:00, run_after=2026-05-03 00:00:00+00:00
[2026-04-26T20:18:56.049+0000] {processor.py:183} INFO - Processing /home/airflow/dags/mlflow_tracking_dag.py took 0.888 seconds
[2026-04-26T20:19:26.542+0000] {processor.py:161} INFO - Started process (PID=40799) to work on /home/airflow/dags/mlflow_tracking_dag.py
[2026-04-26T20:19:26.543+0000] {processor.py:830} INFO - Processing file /home/airflow/dags/mlflow_tracking_dag.py for tasks to queue
[2026-04-26T20:19:26.545+0000] {logging_mixin.py:188} INFO - [2026-04-26T20:19:26.544+0000] {dagbag.py:538} INFO - Filling up the DagBag from /home/airflow/dags/mlflow_tracking_dag.py
[2026-04-26T20:19:27.435+0000] {processor.py:840} INFO - DAG(s) 'model_training_pipeline' retrieved from /home/airflow/dags/mlflow_tracking_dag.py
[2026-04-26T20:19:27.456+0000] {logging_mixin.py:188} INFO - [2026-04-26T20:19:27.456+0000] {dag.py:3036} INFO - Sync 1 DAGs
[2026-04-26T20:19:27.471+0000] {logging_mixin.py:188} INFO - [2026-04-26T20:19:27.471+0000] {dag.py:3823} INFO - Setting next_dagrun for model_training_pipeline to 2026-04-26 00:00:00+00:00, run_after=2026-05-03 00:00:00+00:00
[2026-04-26T20:19:27.492+0000] {processor.py:183} INFO - Processing /home/airflow/dags/mlflow_tracking_dag.py took 0.953 seconds
[2026-04-26T20:19:57.754+0000] {processor.py:161} INFO - Started process (PID=40844) to work on /home/airflow/dags/mlflow_tracking_dag.py
[2026-04-26T20:19:57.755+0000] {processor.py:830} INFO - Processing file /home/airflow/dags/mlflow_tracking_dag.py for tasks to queue
[2026-04-26T20:19:57.757+0000] {logging_mixin.py:188} INFO - [2026-04-26T20:19:57.756+0000] {dagbag.py:538} INFO - Filling up the DagBag from /home/airflow/dags/mlflow_tracking_dag.py
[2026-04-26T20:19:58.593+0000] {processor.py:840} INFO - DAG(s) 'model_training_pipeline' retrieved from /home/airflow/dags/mlflow_tracking_dag.py
[2026-04-26T20:19:58.605+0000] {logging_mixin.py:188} INFO - [2026-04-26T20:19:58.605+0000] {dag.py:3036} INFO - Sync 1 DAGs
[2026-04-26T20:19:58.619+0000] {logging_mixin.py:188} INFO - [2026-04-26T20:19:58.619+0000] {dag.py:3823} INFO - Setting next_dagrun for model_training_pipeline to 2026-04-26 00:00:00+00:00, run_after=2026-05-03 00:00:00+00:00
[2026-04-26T20:19:58.646+0000] {processor.py:183} INFO - Processing /home/airflow/dags/mlflow_tracking_dag.py took 0.896 seconds
[2026-04-26T20:20:29.308+0000] {processor.py:161} INFO - Started process (PID=40889) to work on /home/airflow/dags/mlflow_tracking_dag.py
[2026-04-26T20:20:29.309+0000] {processor.py:830} INFO - Processing file /home/airflow/dags/mlflow_tracking_dag.py for tasks to queue
[2026-04-26T20:20:29.310+0000] {logging_mixin.py:188} INFO - [2026-04-26T20:20:29.309+0000] {dagbag.py:538} INFO - Filling up the DagBag from /home/airflow/dags/mlflow_tracking_dag.py
[2026-04-26T20:20:30.124+0000] {processor.py:840} INFO - DAG(s) 'model_training_pipeline' retrieved from /home/airflow/dags/mlflow_tracking_dag.py
[2026-04-26T20:20:30.217+0000] {logging_mixin.py:188} INFO - [2026-04-26T20:20:30.217+0000] {dag.py:3036} INFO - Sync 1 DAGs
[2026-04-26T20:20:30.233+0000] {logging_mixin.py:188} INFO - [2026-04-26T20:20:30.232+0000] {dag.py:3823} INFO - Setting next_dagrun for model_training_pipeline to 2026-04-26 00:00:00+00:00, run_after=2026-05-03 00:00:00+00:00
[2026-04-26T20:20:30.260+0000] {processor.py:183} INFO - Processing /home/airflow/dags/mlflow_tracking_dag.py took 0.955 seconds
[2026-04-26T20:21:00.447+0000] {processor.py:161} INFO - Started process (PID=40934) to work on /home/airflow/dags/mlflow_tracking_dag.py
[2026-04-26T20:21:00.448+0000] {processor.py:830} INFO - Processing file /home/airflow/dags/mlflow_tracking_dag.py for tasks to queue
[2026-04-26T20:21:00.449+0000] {logging_mixin.py:188} INFO - [2026-04-26T20:21:00.449+0000] {dagbag.py:538} INFO - Filling up the DagBag from /home/airflow/dags/mlflow_tracking_dag.py
[2026-04-26T20:21:01.233+0000] {processor.py:840} INFO - DAG(s) 'model_training_pipeline' retrieved from /home/airflow/dags/mlflow_tracking_dag.py
[2026-04-26T20:21:01.254+0000] {logging_mixin.py:188} INFO - [2026-04-26T20:21:01.253+0000] {dag.py:3036} INFO - Sync 1 DAGs
[2026-04-26T20:21:01.271+0000] {logging_mixin.py:188} INFO - [2026-04-26T20:21:01.271+0000] {dag.py:3823} INFO - Setting next_dagrun for model_training_pipeline to 2026-04-26 00:00:00+00:00, run_after=2026-05-03 00:00:00+00:00
[2026-04-26T20:21:01.293+0000] {processor.py:183} INFO - Processing /home/airflow/dags/mlflow_tracking_dag.py took 0.849 seconds
[2026-04-26T20:21:31.579+0000] {processor.py:161} INFO - Started process (PID=40979) to work on /home/airflow/dags/mlflow_tracking_dag.py
[2026-04-26T20:21:31.581+0000] {processor.py:830} INFO - Processing file /home/airflow/dags/mlflow_tracking_dag.py for tasks to queue
[2026-04-26T20:21:31.582+0000] {logging_mixin.py:188} INFO - [2026-04-26T20:21:31.581+0000] {dagbag.py:538} INFO - Filling up the DagBag from /home/airflow/dags/mlflow_tracking_dag.py
[2026-04-26T20:21:32.499+0000] {processor.py:840} INFO - DAG(s) 'model_training_pipeline' retrieved from /home/airflow/dags/mlflow_tracking_dag.py
[2026-04-26T20:21:32.512+0000] {logging_mixin.py:188} INFO - [2026-04-26T20:21:32.511+0000] {dag.py:3036} INFO - Sync 1 DAGs
[2026-04-26T20:21:32.527+0000] {logging_mixin.py:188} INFO - [2026-04-26T20:21:32.527+0000] {dag.py:3823} INFO - Setting next_dagrun for model_training_pipeline to 2026-04-26 00:00:00+00:00, run_after=2026-05-03 00:00:00+00:00
[2026-04-26T20:21:32.552+0000] {processor.py:183} INFO - Processing /home/airflow/dags/mlflow_tracking_dag.py took 0.977 seconds
[2026-04-26T20:22:02.783+0000] {processor.py:161} INFO - Started process (PID=41024) to work on /home/airflow/dags/mlflow_tracking_dag.py
[2026-04-26T20:22:02.784+0000] {processor.py:830} INFO - Processing file /home/airflow/dags/mlflow_tracking_dag.py for tasks to queue
[2026-04-26T20:22:02.785+0000] {logging_mixin.py:188} INFO - [2026-04-26T20:22:02.785+0000] {dagbag.py:538} INFO - Filling up the DagBag from /home/airflow/dags/mlflow_tracking_dag.py
[2026-04-26T20:22:03.732+0000] {processor.py:840} INFO - DAG(s) 'model_training_pipeline' retrieved from /home/airflow/dags/mlflow_tracking_dag.py
[2026-04-26T20:22:03.826+0000] {logging_mixin.py:188} INFO - [2026-04-26T20:22:03.825+0000] {dag.py:3036} INFO - Sync 1 DAGs
[2026-04-26T20:22:03.845+0000] {logging_mixin.py:188} INFO - [2026-04-26T20:22:03.844+0000] {dag.py:3823} INFO - Setting next_dagrun for model_training_pipeline to 2026-04-26 00:00:00+00:00, run_after=2026-05-03 00:00:00+00:00
[2026-04-26T20:22:03.870+0000] {processor.py:183} INFO - Processing /home/airflow/dags/mlflow_tracking_dag.py took 1.090 seconds
[2026-04-26T20:22:39.347+0000] {processor.py:161} INFO - Started process (PID=41069) to work on /home/airflow/dags/mlflow_tracking_dag.py
[2026-04-26T20:22:39.450+0000] {processor.py:830} INFO - Processing file /home/airflow/dags/mlflow_tracking_dag.py for tasks to queue
[2026-04-26T20:22:39.509+0000] {logging_mixin.py:188} INFO - [2026-04-26T20:22:39.506+0000] {dagbag.py:538} INFO - Filling up the DagBag from /home/airflow/dags/mlflow_tracking_dag.py
[2026-04-26T20:22:51.154+0000] {processor.py:840} INFO - DAG(s) 'model_training_pipeline' retrieved from /home/airflow/dags/mlflow_tracking_dag.py
[2026-04-26T20:22:51.228+0000] {logging_mixin.py:188} INFO - [2026-04-26T20:22:51.227+0000] {dag.py:3036} INFO - Sync 1 DAGs
[2026-04-26T20:22:51.309+0000] {logging_mixin.py:188} INFO - [2026-04-26T20:22:51.309+0000] {dag.py:3823} INFO - Setting next_dagrun for model_training_pipeline to 2026-04-26 00:00:00+00:00, run_after=2026-05-03 00:00:00+00:00
[2026-04-26T20:22:51.407+0000] {processor.py:183} INFO - Processing /home/airflow/dags/mlflow_tracking_dag.py took 12.093 seconds
[2026-04-26T20:23:21.651+0000] {processor.py:161} INFO - Started process (PID=41114) to work on /home/airflow/dags/mlflow_tracking_dag.py
[2026-04-26T20:23:21.653+0000] {processor.py:830} INFO - Processing file /home/airflow/dags/mlflow_tracking_dag.py for tasks to queue
[2026-04-26T20:23:21.654+0000] {logging_mixin.py:188} INFO - [2026-04-26T20:23:21.653+0000] {dagbag.py:538} INFO - Filling up the DagBag from /home/airflow/dags/mlflow_tracking_dag.py
[2026-04-26T20:23:22.622+0000] {processor.py:840} INFO - DAG(s) 'model_training_pipeline' retrieved from /home/airflow/dags/mlflow_tracking_dag.py
[2026-04-26T20:23:22.714+0000] {logging_mixin.py:188} INFO - [2026-04-26T20:23:22.714+0000] {dag.py:3036} INFO - Sync 1 DAGs
[2026-04-26T20:23:22.728+0000] {logging_mixin.py:188} INFO - [2026-04-26T20:23:22.728+0000] {dag.py:3823} INFO - Setting next_dagrun for model_training_pipeline to 2026-04-26 00:00:00+00:00, run_after=2026-05-03 00:00:00+00:00
[2026-04-26T20:23:22.753+0000] {processor.py:183} INFO - Processing /home/airflow/dags/mlflow_tracking_dag.py took 1.105 seconds
[2026-04-26T20:23:53.524+0000] {processor.py:161} INFO - Started process (PID=41159) to work on /home/airflow/dags/mlflow_tracking_dag.py
[2026-04-26T20:23:53.526+0000] {processor.py:830} INFO - Processing file /home/airflow/dags/mlflow_tracking_dag.py for tasks to queue
[2026-04-26T20:23:53.527+0000] {logging_mixin.py:188} INFO - [2026-04-26T20:23:53.527+0000] {dagbag.py:538} INFO - Filling up the DagBag from /home/airflow/dags/mlflow_tracking_dag.py
[2026-04-26T20:23:54.845+0000] {processor.py:840} INFO - DAG(s) 'model_training_pipeline' retrieved from /home/airflow/dags/mlflow_tracking_dag.py
[2026-04-26T20:23:54.866+0000] {logging_mixin.py:188} INFO - [2026-04-26T20:23:54.865+0000] {dag.py:3036} INFO - Sync 1 DAGs
[2026-04-26T20:23:54.883+0000] {logging_mixin.py:188} INFO - [2026-04-26T20:23:54.883+0000] {dag.py:3823} INFO - Setting next_dagrun for model_training_pipeline to 2026-04-26 00:00:00+00:00, run_after=2026-05-03 00:00:00+00:00
[2026-04-26T20:23:54.907+0000] {processor.py:183} INFO - Processing /home/airflow/dags/mlflow_tracking_dag.py took 1.386 seconds
[2026-04-26T20:24:25.333+0000] {processor.py:161} INFO - Started process (PID=41204) to work on /home/airflow/dags/mlflow_tracking_dag.py
[2026-04-26T20:24:25.335+0000] {processor.py:830} INFO - Processing file /home/airflow/dags/mlflow_tracking_dag.py for tasks to queue
[2026-04-26T20:24:25.337+0000] {logging_mixin.py:188} INFO - [2026-04-26T20:24:25.337+0000] {dagbag.py:538} INFO - Filling up the DagBag from /home/airflow/dags/mlflow_tracking_dag.py
[2026-04-26T20:24:27.179+0000] {processor.py:840} INFO - DAG(s) 'model_training_pipeline' retrieved from /home/airflow/dags/mlflow_tracking_dag.py
[2026-04-26T20:24:27.323+0000] {logging_mixin.py:188} INFO - [2026-04-26T20:24:27.323+0000] {dag.py:3036} INFO - Sync 1 DAGs
[2026-04-26T20:24:27.625+0000] {logging_mixin.py:188} INFO - [2026-04-26T20:24:27.625+0000] {dag.py:3823} INFO - Setting next_dagrun for model_training_pipeline to 2026-04-26 00:00:00+00:00, run_after=2026-05-03 00:00:00+00:00
[2026-04-26T20:24:27.663+0000] {processor.py:183} INFO - Processing /home/airflow/dags/mlflow_tracking_dag.py took 2.334 seconds
[2026-04-26T20:24:57.886+0000] {processor.py:161} INFO - Started process (PID=41255) to work on /home/airflow/dags/mlflow_tracking_dag.py
[2026-04-26T20:24:57.887+0000] {processor.py:830} INFO - Processing file /home/airflow/dags/mlflow_tracking_dag.py for tasks to queue
[2026-04-26T20:24:57.888+0000] {logging_mixin.py:188} INFO - [2026-04-26T20:24:57.888+0000] {dagbag.py:538} INFO - Filling up the DagBag from /home/airflow/dags/mlflow_tracking_dag.py
[2026-04-26T20:24:58.832+0000] {processor.py:840} INFO - DAG(s) 'model_training_pipeline' retrieved from /home/airflow/dags/mlflow_tracking_dag.py
[2026-04-26T20:24:58.856+0000] {logging_mixin.py:188} INFO - [2026-04-26T20:24:58.855+0000] {dag.py:3036} INFO - Sync 1 DAGs
[2026-04-26T20:24:58.874+0000] {logging_mixin.py:188} INFO - [2026-04-26T20:24:58.874+0000] {dag.py:3823} INFO - Setting next_dagrun for model_training_pipeline to 2026-04-26 00:00:00+00:00, run_after=2026-05-03 00:00:00+00:00
[2026-04-26T20:24:58.901+0000] {processor.py:183} INFO - Processing /home/airflow/dags/mlflow_tracking_dag.py took 1.018 seconds
[2026-04-26T20:25:29.021+0000] {processor.py:161} INFO - Started process (PID=41300) to work on /home/airflow/dags/mlflow_tracking_dag.py
[2026-04-26T20:25:29.023+0000] {processor.py:830} INFO - Processing file /home/airflow/dags/mlflow_tracking_dag.py for tasks to queue
[2026-04-26T20:25:29.024+0000] {logging_mixin.py:188} INFO - [2026-04-26T20:25:29.023+0000] {dagbag.py:538} INFO - Filling up the DagBag from /home/airflow/dags/mlflow_tracking_dag.py
[2026-04-26T20:25:29.821+0000] {processor.py:840} INFO - DAG(s) 'model_training_pipeline' retrieved from /home/airflow/dags/mlflow_tracking_dag.py
[2026-04-26T20:25:29.901+0000] {logging_mixin.py:188} INFO - [2026-04-26T20:25:29.900+0000] {dag.py:3036} INFO - Sync 1 DAGs
[2026-04-26T20:25:30.014+0000] {logging_mixin.py:188} INFO - [2026-04-26T20:25:30.014+0000] {dag.py:3823} INFO - Setting next_dagrun for model_training_pipeline to 2026-04-26 00:00:00+00:00, run_after=2026-05-03 00:00:00+00:00
[2026-04-26T20:25:30.043+0000] {processor.py:183} INFO - Processing /home/airflow/dags/mlflow_tracking_dag.py took 1.025 seconds
[2026-04-26T20:26:00.402+0000] {processor.py:161} INFO - Started process (PID=41345) to work on /home/airflow/dags/mlflow_tracking_dag.py
[2026-04-26T20:26:00.403+0000] {processor.py:830} INFO - Processing file /home/airflow/dags/mlflow_tracking_dag.py for tasks to queue
[2026-04-26T20:26:00.405+0000] {logging_mixin.py:188} INFO - [2026-04-26T20:26:00.404+0000] {dagbag.py:538} INFO - Filling up the DagBag from /home/airflow/dags/mlflow_tracking_dag.py
[2026-04-26T20:26:01.406+0000] {processor.py:840} INFO - DAG(s) 'model_training_pipeline' retrieved from /home/airflow/dags/mlflow_tracking_dag.py
[2026-04-26T20:26:01.430+0000] {logging_mixin.py:188} INFO - [2026-04-26T20:26:01.430+0000] {dag.py:3036} INFO - Sync 1 DAGs
[2026-04-26T20:26:01.447+0000] {logging_mixin.py:188} INFO - [2026-04-26T20:26:01.446+0000] {dag.py:3823} INFO - Setting next_dagrun for model_training_pipeline to 2026-04-26 00:00:00+00:00, run_after=2026-05-03 00:00:00+00:00
[2026-04-26T20:26:01.469+0000] {processor.py:183} INFO - Processing /home/airflow/dags/mlflow_tracking_dag.py took 1.070 seconds
[2026-04-26T20:26:31.568+0000] {processor.py:161} INFO - Started process (PID=41390) to work on /home/airflow/dags/mlflow_tracking_dag.py
[2026-04-26T20:26:31.569+0000] {processor.py:830} INFO - Processing file /home/airflow/dags/mlflow_tracking_dag.py for tasks to queue
[2026-04-26T20:26:31.570+0000] {logging_mixin.py:188} INFO - [2026-04-26T20:26:31.569+0000] {dagbag.py:538} INFO - Filling up the DagBag from /home/airflow/dags/mlflow_tracking_dag.py
[2026-04-26T20:26:32.370+0000] {processor.py:840} INFO - DAG(s) 'model_training_pipeline' retrieved from /home/airflow/dags/mlflow_tracking_dag.py
[2026-04-26T20:26:32.547+0000] {logging_mixin.py:188} INFO - [2026-04-26T20:26:32.547+0000] {dag.py:3036} INFO - Sync 1 DAGs
[2026-04-26T20:26:32.562+0000] {logging_mixin.py:188} INFO - [2026-04-26T20:26:32.561+0000] {dag.py:3823} INFO - Setting next_dagrun for model_training_pipeline to 2026-04-26 00:00:00+00:00, run_after=2026-05-03 00:00:00+00:00
[2026-04-26T20:26:32.585+0000] {processor.py:183} INFO - Processing /home/airflow/dags/mlflow_tracking_dag.py took 1.023 seconds
[2026-04-26T20:27:02.955+0000] {processor.py:161} INFO - Started process (PID=41435) to work on /home/airflow/dags/mlflow_tracking_dag.py
[2026-04-26T20:27:02.956+0000] {processor.py:830} INFO - Processing file /home/airflow/dags/mlflow_tracking_dag.py for tasks to queue
[2026-04-26T20:27:02.957+0000] {logging_mixin.py:188} INFO - [2026-04-26T20:27:02.957+0000] {dagbag.py:538} INFO - Filling up the DagBag from /home/airflow/dags/mlflow_tracking_dag.py
[2026-04-26T20:27:03.747+0000] {processor.py:840} INFO - DAG(s) 'model_training_pipeline' retrieved from /home/airflow/dags/mlflow_tracking_dag.py
[2026-04-26T20:27:03.767+0000] {logging_mixin.py:188} INFO - [2026-04-26T20:27:03.767+0000] {dag.py:3036} INFO - Sync 1 DAGs
[2026-04-26T20:27:03.781+0000] {logging_mixin.py:188} INFO - [2026-04-26T20:27:03.781+0000] {dag.py:3823} INFO - Setting next_dagrun for model_training_pipeline to 2026-04-26 00:00:00+00:00, run_after=2026-05-03 00:00:00+00:00
[2026-04-26T20:27:03.802+0000] {processor.py:183} INFO - Processing /home/airflow/dags/mlflow_tracking_dag.py took 0.850 seconds
[2026-04-26T20:27:34.132+0000] {processor.py:161} INFO - Started process (PID=41480) to work on /home/airflow/dags/mlflow_tracking_dag.py
[2026-04-26T20:27:34.133+0000] {processor.py:830} INFO - Processing file /home/airflow/dags/mlflow_tracking_dag.py for tasks to queue
[2026-04-26T20:27:34.135+0000] {logging_mixin.py:188} INFO - [2026-04-26T20:27:34.134+0000] {dagbag.py:538} INFO - Filling up the DagBag from /home/airflow/dags/mlflow_tracking_dag.py
[2026-04-26T20:27:35.133+0000] {processor.py:840} INFO - DAG(s) 'model_training_pipeline' retrieved from /home/airflow/dags/mlflow_tracking_dag.py
[2026-04-26T20:27:35.408+0000] {logging_mixin.py:188} INFO - [2026-04-26T20:27:35.408+0000] {dag.py:3036} INFO - Sync 1 DAGs
[2026-04-26T20:27:35.425+0000] {logging_mixin.py:188} INFO - [2026-04-26T20:27:35.425+0000] {dag.py:3823} INFO - Setting next_dagrun for model_training_pipeline to 2026-04-26 00:00:00+00:00, run_after=2026-05-03 00:00:00+00:00
[2026-04-26T20:27:35.449+0000] {processor.py:183} INFO - Processing /home/airflow/dags/mlflow_tracking_dag.py took 1.321 seconds
[2026-04-26T20:28:05.590+0000] {processor.py:161} INFO - Started process (PID=41525) to work on /home/airflow/dags/mlflow_tracking_dag.py
[2026-04-26T20:28:05.591+0000] {processor.py:830} INFO - Processing file /home/airflow/dags/mlflow_tracking_dag.py for tasks to queue
[2026-04-26T20:28:05.592+0000] {logging_mixin.py:188} INFO - [2026-04-26T20:28:05.592+0000] {dagbag.py:538} INFO - Filling up the DagBag from /home/airflow/dags/mlflow_tracking_dag.py
[2026-04-26T20:28:06.573+0000] {processor.py:840} INFO - DAG(s) 'model_training_pipeline' retrieved from /home/airflow/dags/mlflow_tracking_dag.py
[2026-04-26T20:28:06.596+0000] {logging_mixin.py:188} INFO - [2026-04-26T20:28:06.596+0000] {dag.py:3036} INFO - Sync 1 DAGs
[2026-04-26T20:28:06.755+0000] {logging_mixin.py:188} INFO - [2026-04-26T20:28:06.754+0000] {dag.py:3823} INFO - Setting next_dagrun for model_training_pipeline to 2026-04-26 00:00:00+00:00, run_after=2026-05-03 00:00:00+00:00
[2026-04-26T20:28:06.782+0000] {processor.py:183} INFO - Processing /home/airflow/dags/mlflow_tracking_dag.py took 1.195 seconds
[2026-04-26T20:28:37.270+0000] {processor.py:161} INFO - Started process (PID=41570) to work on /home/airflow/dags/mlflow_tracking_dag.py
[2026-04-26T20:28:37.272+0000] {processor.py:830} INFO - Processing file /home/airflow/dags/mlflow_tracking_dag.py for tasks to queue
[2026-04-26T20:28:37.273+0000] {logging_mixin.py:188} INFO - [2026-04-26T20:28:37.272+0000] {dagbag.py:538} INFO - Filling up the DagBag from /home/airflow/dags/mlflow_tracking_dag.py
[2026-04-26T20:28:38.126+0000] {processor.py:840} INFO - DAG(s) 'model_training_pipeline' retrieved from /home/airflow/dags/mlflow_tracking_dag.py
[2026-04-26T20:28:38.324+0000] {logging_mixin.py:188} INFO - [2026-04-26T20:28:38.323+0000] {dag.py:3036} INFO - Sync 1 DAGs
[2026-04-26T20:28:38.341+0000] {logging_mixin.py:188} INFO - [2026-04-26T20:28:38.340+0000] {dag.py:3823} INFO - Setting next_dagrun for model_training_pipeline to 2026-04-26 00:00:00+00:00, run_after=2026-05-03 00:00:00+00:00
[2026-04-26T20:28:38.371+0000] {processor.py:183} INFO - Processing /home/airflow/dags/mlflow_tracking_dag.py took 1.104 seconds
[2026-04-26T20:29:08.762+0000] {processor.py:161} INFO - Started process (PID=41615) to work on /home/airflow/dags/mlflow_tracking_dag.py
[2026-04-26T20:29:08.763+0000] {processor.py:830} INFO - Processing file /home/airflow/dags/mlflow_tracking_dag.py for tasks to queue
[2026-04-26T20:29:08.765+0000] {logging_mixin.py:188} INFO - [2026-04-26T20:29:08.764+0000] {dagbag.py:538} INFO - Filling up the DagBag from /home/airflow/dags/mlflow_tracking_dag.py
[2026-04-26T20:29:09.646+0000] {processor.py:840} INFO - DAG(s) 'model_training_pipeline' retrieved from /home/airflow/dags/mlflow_tracking_dag.py
[2026-04-26T20:29:09.670+0000] {logging_mixin.py:188} INFO - [2026-04-26T20:29:09.669+0000] {dag.py:3036} INFO - Sync 1 DAGs
[2026-04-26T20:29:09.687+0000] {logging_mixin.py:188} INFO - [2026-04-26T20:29:09.686+0000] {dag.py:3823} INFO - Setting next_dagrun for model_training_pipeline to 2026-04-26 00:00:00+00:00, run_after=2026-05-03 00:00:00+00:00
[2026-04-26T20:29:09.713+0000] {processor.py:183} INFO - Processing /home/airflow/dags/mlflow_tracking_dag.py took 0.954 seconds
[2026-04-26T20:29:40.408+0000] {processor.py:161} INFO - Started process (PID=41660) to work on /home/airflow/dags/mlflow_tracking_dag.py
[2026-04-26T20:29:40.409+0000] {processor.py:830} INFO - Processing file /home/airflow/dags/mlflow_tracking_dag.py for tasks to queue
[2026-04-26T20:29:40.410+0000] {logging_mixin.py:188} INFO - [2026-04-26T20:29:40.410+0000] {dagbag.py:538} INFO - Filling up the DagBag from /home/airflow/dags/mlflow_tracking_dag.py
[2026-04-26T20:29:41.928+0000] {processor.py:840} INFO - DAG(s) 'model_training_pipeline' retrieved from /home/airflow/dags/mlflow_tracking_dag.py
[2026-04-26T20:29:42.069+0000] {logging_mixin.py:188} INFO - [2026-04-26T20:29:42.068+0000] {dag.py:3036} INFO - Sync 1 DAGs
[2026-04-26T20:29:42.094+0000] {logging_mixin.py:188} INFO - [2026-04-26T20:29:42.094+0000] {dag.py:3823} INFO - Setting next_dagrun for model_training_pipeline to 2026-04-26 00:00:00+00:00, run_after=2026-05-03 00:00:00+00:00
[2026-04-26T20:29:42.123+0000] {processor.py:183} INFO - Processing /home/airflow/dags/mlflow_tracking_dag.py took 1.719 seconds
[2026-04-26T20:30:12.295+0000] {processor.py:161} INFO - Started process (PID=41705) to work on /home/airflow/dags/mlflow_tracking_dag.py
[2026-04-26T20:30:12.296+0000] {processor.py:830} INFO - Processing file /home/airflow/dags/mlflow_tracking_dag.py for tasks to queue
[2026-04-26T20:30:12.297+0000] {logging_mixin.py:188} INFO - [2026-04-26T20:30:12.297+0000] {dagbag.py:538} INFO - Filling up the DagBag from /home/airflow/dags/mlflow_tracking_dag.py
[2026-04-26T20:30:13.154+0000] {processor.py:840} INFO - DAG(s) 'model_training_pipeline' retrieved from /home/airflow/dags/mlflow_tracking_dag.py
[2026-04-26T20:30:13.178+0000] {logging_mixin.py:188} INFO - [2026-04-26T20:30:13.177+0000] {dag.py:3036} INFO - Sync 1 DAGs
[2026-04-26T20:30:13.297+0000] {logging_mixin.py:188} INFO - [2026-04-26T20:30:13.297+0000] {dag.py:3823} INFO - Setting next_dagrun for model_training_pipeline to 2026-04-26 00:00:00+00:00, run_after=2026-05-03 00:00:00+00:00
[2026-04-26T20:30:13.320+0000] {processor.py:183} INFO - Processing /home/airflow/dags/mlflow_tracking_dag.py took 1.028 seconds
[2026-04-26T20:30:43.953+0000] {processor.py:161} INFO - Started process (PID=41750) to work on /home/airflow/dags/mlflow_tracking_dag.py
[2026-04-26T20:30:43.954+0000] {processor.py:830} INFO - Processing file /home/airflow/dags/mlflow_tracking_dag.py for tasks to queue
[2026-04-26T20:30:43.955+0000] {logging_mixin.py:188} INFO - [2026-04-26T20:30:43.955+0000] {dagbag.py:538} INFO - Filling up the DagBag from /home/airflow/dags/mlflow_tracking_dag.py
[2026-04-26T20:30:44.817+0000] {processor.py:840} INFO - DAG(s) 'model_training_pipeline' retrieved from /home/airflow/dags/mlflow_tracking_dag.py
[2026-04-26T20:30:44.929+0000] {logging_mixin.py:188} INFO - [2026-04-26T20:30:44.829+0000] {dag.py:3036} INFO - Sync 1 DAGs
[2026-04-26T20:30:44.946+0000] {logging_mixin.py:188} INFO - [2026-04-26T20:30:44.945+0000] {dag.py:3823} INFO - Setting next_dagrun for model_training_pipeline to 2026-04-26 00:00:00+00:00, run_after=2026-05-03 00:00:00+00:00
[2026-04-26T20:30:44.968+0000] {processor.py:183} INFO - Processing /home/airflow/dags/mlflow_tracking_dag.py took 1.018 seconds
[2026-04-26T20:31:15.155+0000] {processor.py:161} INFO - Started process (PID=41795) to work on /home/airflow/dags/mlflow_tracking_dag.py
[2026-04-26T20:31:15.156+0000] {processor.py:830} INFO - Processing file /home/airflow/dags/mlflow_tracking_dag.py for tasks to queue
[2026-04-26T20:31:15.157+0000] {logging_mixin.py:188} INFO - [2026-04-26T20:31:15.157+0000] {dagbag.py:538} INFO - Filling up the DagBag from /home/airflow/dags/mlflow_tracking_dag.py
[2026-04-26T20:31:16.357+0000] {processor.py:840} INFO - DAG(s) 'model_training_pipeline' retrieved from /home/airflow/dags/mlflow_tracking_dag.py
[2026-04-26T20:31:16.457+0000] {logging_mixin.py:188} INFO - [2026-04-26T20:31:16.456+0000] {dag.py:3036} INFO - Sync 1 DAGs
[2026-04-26T20:31:16.473+0000] {logging_mixin.py:188} INFO - [2026-04-26T20:31:16.473+0000] {dag.py:3823} INFO - Setting next_dagrun for model_training_pipeline to 2026-04-26 00:00:00+00:00, run_after=2026-05-03 00:00:00+00:00
[2026-04-26T20:31:16.499+0000] {processor.py:183} INFO - Processing /home/airflow/dags/mlflow_tracking_dag.py took 1.348 seconds
[2026-04-26T20:31:47.090+0000] {processor.py:161} INFO - Started process (PID=41840) to work on /home/airflow/dags/mlflow_tracking_dag.py
[2026-04-26T20:31:47.092+0000] {processor.py:830} INFO - Processing file /home/airflow/dags/mlflow_tracking_dag.py for tasks to queue
[2026-04-26T20:31:47.093+0000] {logging_mixin.py:188} INFO - [2026-04-26T20:31:47.092+0000] {dagbag.py:538} INFO - Filling up the DagBag from /home/airflow/dags/mlflow_tracking_dag.py
[2026-04-26T20:31:48.025+0000] {processor.py:840} INFO - DAG(s) 'model_training_pipeline' retrieved from /home/airflow/dags/mlflow_tracking_dag.py
[2026-04-26T20:31:48.051+0000] {logging_mixin.py:188} INFO - [2026-04-26T20:31:48.050+0000] {dag.py:3036} INFO - Sync 1 DAGs
[2026-04-26T20:31:48.076+0000] {logging_mixin.py:188} INFO - [2026-04-26T20:31:48.076+0000] {dag.py:3823} INFO - Setting next_dagrun for model_training_pipeline to 2026-04-26 00:00:00+00:00, run_after=2026-05-03 00:00:00+00:00
[2026-04-26T20:31:48.102+0000] {processor.py:183} INFO - Processing /home/airflow/dags/mlflow_tracking_dag.py took 1.019 seconds
[2026-04-26T20:32:18.486+0000] {processor.py:161} INFO - Started process (PID=41885) to work on /home/airflow/dags/mlflow_tracking_dag.py
[2026-04-26T20:32:18.488+0000] {processor.py:830} INFO - Processing file /home/airflow/dags/mlflow_tracking_dag.py for tasks to queue
[2026-04-26T20:32:18.489+0000] {logging_mixin.py:188} INFO - [2026-04-26T20:32:18.488+0000] {dagbag.py:538} INFO - Filling up the DagBag from /home/airflow/dags/mlflow_tracking_dag.py
[2026-04-26T20:32:19.327+0000] {processor.py:840} INFO - DAG(s) 'model_training_pipeline' retrieved from /home/airflow/dags/mlflow_tracking_dag.py
[2026-04-26T20:32:19.342+0000] {logging_mixin.py:188} INFO - [2026-04-26T20:32:19.341+0000] {dag.py:3036} INFO - Sync 1 DAGs
[2026-04-26T20:32:19.358+0000] {logging_mixin.py:188} INFO - [2026-04-26T20:32:19.358+0000] {dag.py:3823} INFO - Setting next_dagrun for model_training_pipeline to 2026-04-26 00:00:00+00:00, run_after=2026-05-03 00:00:00+00:00
[2026-04-26T20:32:19.384+0000] {processor.py:183} INFO - Processing /home/airflow/dags/mlflow_tracking_dag.py took 0.901 seconds
[2026-04-26T20:32:49.811+0000] {processor.py:161} INFO - Started process (PID=41930) to work on /home/airflow/dags/mlflow_tracking_dag.py
[2026-04-26T20:32:49.813+0000] {processor.py:830} INFO - Processing file /home/airflow/dags/mlflow_tracking_dag.py for tasks to queue
[2026-04-26T20:32:49.815+0000] {logging_mixin.py:188} INFO - [2026-04-26T20:32:49.814+0000] {dagbag.py:538} INFO - Filling up the DagBag from /home/airflow/dags/mlflow_tracking_dag.py
[2026-04-26T20:32:50.781+0000] {processor.py:840} INFO - DAG(s) 'model_training_pipeline' retrieved from /home/airflow/dags/mlflow_tracking_dag.py
[2026-04-26T20:32:50.872+0000] {logging_mixin.py:188} INFO - [2026-04-26T20:32:50.871+0000] {dag.py:3036} INFO - Sync 1 DAGs
[2026-04-26T20:32:50.888+0000] {logging_mixin.py:188} INFO - [2026-04-26T20:32:50.887+0000] {dag.py:3823} INFO - Setting next_dagrun for model_training_pipeline to 2026-04-26 00:00:00+00:00, run_after=2026-05-03 00:00:00+00:00
[2026-04-26T20:32:50.914+0000] {processor.py:183} INFO - Processing /home/airflow/dags/mlflow_tracking_dag.py took 1.106 seconds
[2026-04-26T20:33:21.214+0000] {processor.py:161} INFO - Started process (PID=41975) to work on /home/airflow/dags/mlflow_tracking_dag.py
[2026-04-26T20:33:21.216+0000] {processor.py:830} INFO - Processing file /home/airflow/dags/mlflow_tracking_dag.py for tasks to queue
[2026-04-26T20:33:21.217+0000] {logging_mixin.py:188} INFO - [2026-04-26T20:33:21.217+0000] {dagbag.py:538} INFO - Filling up the DagBag from /home/airflow/dags/mlflow_tracking_dag.py
[2026-04-26T20:33:22.220+0000] {processor.py:840} INFO - DAG(s) 'model_training_pipeline' retrieved from /home/airflow/dags/mlflow_tracking_dag.py
[2026-04-26T20:33:22.243+0000] {logging_mixin.py:188} INFO - [2026-04-26T20:33:22.243+0000] {dag.py:3036} INFO - Sync 1 DAGs
[2026-04-26T20:33:22.259+0000] {logging_mixin.py:188} INFO - [2026-04-26T20:33:22.259+0000] {dag.py:3823} INFO - Setting next_dagrun for model_training_pipeline to 2026-04-26 00:00:00+00:00, run_after=2026-05-03 00:00:00+00:00
[2026-04-26T20:33:22.283+0000] {processor.py:183} INFO - Processing /home/airflow/dags/mlflow_tracking_dag.py took 1.072 seconds
[2026-04-26T20:33:52.664+0000] {processor.py:161} INFO - Started process (PID=42020) to work on /home/airflow/dags/mlflow_tracking_dag.py
[2026-04-26T20:33:52.665+0000] {processor.py:830} INFO - Processing file /home/airflow/dags/mlflow_tracking_dag.py for tasks to queue
[2026-04-26T20:33:52.666+0000] {logging_mixin.py:188} INFO - [2026-04-26T20:33:52.666+0000] {dagbag.py:538} INFO - Filling up the DagBag from /home/airflow/dags/mlflow_tracking_dag.py
[2026-04-26T20:33:53.520+0000] {processor.py:840} INFO - DAG(s) 'model_training_pipeline' retrieved from /home/airflow/dags/mlflow_tracking_dag.py
[2026-04-26T20:33:53.532+0000] {logging_mixin.py:188} INFO - [2026-04-26T20:33:53.531+0000] {dag.py:3036} INFO - Sync 1 DAGs
[2026-04-26T20:33:53.549+0000] {logging_mixin.py:188} INFO - [2026-04-26T20:33:53.549+0000] {dag.py:3823} INFO - Setting next_dagrun for model_training_pipeline to 2026-04-26 00:00:00+00:00, run_after=2026-05-03 00:00:00+00:00
[2026-04-26T20:33:53.570+0000] {processor.py:183} INFO - Processing /home/airflow/dags/mlflow_tracking_dag.py took 0.909 seconds
[2026-04-26T20:34:24.006+0000] {processor.py:161} INFO - Started process (PID=42065) to work on /home/airflow/dags/mlflow_tracking_dag.py
[2026-04-26T20:34:24.007+0000] {processor.py:830} INFO - Processing file /home/airflow/dags/mlflow_tracking_dag.py for tasks to queue
[2026-04-26T20:34:24.008+0000] {logging_mixin.py:188} INFO - [2026-04-26T20:34:24.008+0000] {dagbag.py:538} INFO - Filling up the DagBag from /home/airflow/dags/mlflow_tracking_dag.py
[2026-04-26T20:34:24.916+0000] {processor.py:840} INFO - DAG(s) 'model_training_pipeline' retrieved from /home/airflow/dags/mlflow_tracking_dag.py
[2026-04-26T20:34:25.000+0000] {logging_mixin.py:188} INFO - [2026-04-26T20:34:25.000+0000] {dag.py:3036} INFO - Sync 1 DAGs
[2026-04-26T20:34:25.015+0000] {logging_mixin.py:188} INFO - [2026-04-26T20:34:25.015+0000] {dag.py:3823} INFO - Setting next_dagrun for model_training_pipeline to 2026-04-26 00:00:00+00:00, run_after=2026-05-03 00:00:00+00:00
[2026-04-26T20:34:25.044+0000] {processor.py:183} INFO - Processing /home/airflow/dags/mlflow_tracking_dag.py took 1.042 seconds
[2026-04-26T20:34:55.171+0000] {processor.py:161} INFO - Started process (PID=42110) to work on /home/airflow/dags/mlflow_tracking_dag.py
[2026-04-26T20:34:55.172+0000] {processor.py:830} INFO - Processing file /home/airflow/dags/mlflow_tracking_dag.py for tasks to queue
[2026-04-26T20:34:55.174+0000] {logging_mixin.py:188} INFO - [2026-04-26T20:34:55.173+0000] {dagbag.py:538} INFO - Filling up the DagBag from /home/airflow/dags/mlflow_tracking_dag.py
[2026-04-26T20:34:56.338+0000] {processor.py:840} INFO - DAG(s) 'model_training_pipeline' retrieved from /home/airflow/dags/mlflow_tracking_dag.py
[2026-04-26T20:34:56.364+0000] {logging_mixin.py:188} INFO - [2026-04-26T20:34:56.364+0000] {dag.py:3036} INFO - Sync 1 DAGs
[2026-04-26T20:34:56.381+0000] {logging_mixin.py:188} INFO - [2026-04-26T20:34:56.381+0000] {dag.py:3823} INFO - Setting next_dagrun for model_training_pipeline to 2026-04-26 00:00:00+00:00, run_after=2026-05-03 00:00:00+00:00
[2026-04-26T20:34:56.405+0000] {processor.py:183} INFO - Processing /home/airflow/dags/mlflow_tracking_dag.py took 1.238 seconds
[2026-04-26T20:35:26.744+0000] {processor.py:161} INFO - Started process (PID=42155) to work on /home/airflow/dags/mlflow_tracking_dag.py
[2026-04-26T20:35:26.745+0000] {processor.py:830} INFO - Processing file /home/airflow/dags/mlflow_tracking_dag.py for tasks to queue
[2026-04-26T20:35:26.747+0000] {logging_mixin.py:188} INFO - [2026-04-26T20:35:26.746+0000] {dagbag.py:538} INFO - Filling up the DagBag from /home/airflow/dags/mlflow_tracking_dag.py
[2026-04-26T20:35:27.698+0000] {processor.py:840} INFO - DAG(s) 'model_training_pipeline' retrieved from /home/airflow/dags/mlflow_tracking_dag.py
[2026-04-26T20:35:27.710+0000] {logging_mixin.py:188} INFO - [2026-04-26T20:35:27.709+0000] {dag.py:3036} INFO - Sync 1 DAGs
[2026-04-26T20:35:27.724+0000] {logging_mixin.py:188} INFO - [2026-04-26T20:35:27.724+0000] {dag.py:3823} INFO - Setting next_dagrun for model_training_pipeline to 2026-04-26 00:00:00+00:00, run_after=2026-05-03 00:00:00+00:00
[2026-04-26T20:35:27.746+0000] {processor.py:183} INFO - Processing /home/airflow/dags/mlflow_tracking_dag.py took 1.006 seconds
[2026-04-26T20:35:58.191+0000] {processor.py:161} INFO - Started process (PID=42200) to work on /home/airflow/dags/mlflow_tracking_dag.py
[2026-04-26T20:35:58.193+0000] {processor.py:830} INFO - Processing file /home/airflow/dags/mlflow_tracking_dag.py for tasks to queue
[2026-04-26T20:35:58.194+0000] {logging_mixin.py:188} INFO - [2026-04-26T20:35:58.193+0000] {dagbag.py:538} INFO - Filling up the DagBag from /home/airflow/dags/mlflow_tracking_dag.py
[2026-04-26T20:35:59.020+0000] {processor.py:840} INFO - DAG(s) 'model_training_pipeline' retrieved from /home/airflow/dags/mlflow_tracking_dag.py
[2026-04-26T20:35:59.096+0000] {logging_mixin.py:188} INFO - [2026-04-26T20:35:59.095+0000] {dag.py:3036} INFO - Sync 1 DAGs
[2026-04-26T20:35:59.108+0000] {logging_mixin.py:188} INFO - [2026-04-26T20:35:59.108+0000] {dag.py:3823} INFO - Setting next_dagrun for model_training_pipeline to 2026-04-26 00:00:00+00:00, run_after=2026-05-03 00:00:00+00:00
[2026-04-26T20:35:59.140+0000] {processor.py:183} INFO - Processing /home/airflow/dags/mlflow_tracking_dag.py took 0.953 seconds
[2026-04-26T20:36:29.245+0000] {processor.py:161} INFO - Started process (PID=42245) to work on /home/airflow/dags/mlflow_tracking_dag.py
[2026-04-26T20:36:29.246+0000] {processor.py:830} INFO - Processing file /home/airflow/dags/mlflow_tracking_dag.py for tasks to queue
[2026-04-26T20:36:29.248+0000] {logging_mixin.py:188} INFO - [2026-04-26T20:36:29.248+0000] {dagbag.py:538} INFO - Filling up the DagBag from /home/airflow/dags/mlflow_tracking_dag.py
[2026-04-26T20:36:30.105+0000] {processor.py:840} INFO - DAG(s) 'model_training_pipeline' retrieved from /home/airflow/dags/mlflow_tracking_dag.py
[2026-04-26T20:36:30.126+0000] {logging_mixin.py:188} INFO - [2026-04-26T20:36:30.126+0000] {dag.py:3036} INFO - Sync 1 DAGs
[2026-04-26T20:36:30.141+0000] {logging_mixin.py:188} INFO - [2026-04-26T20:36:30.141+0000] {dag.py:3823} INFO - Setting next_dagrun for model_training_pipeline to 2026-04-26 00:00:00+00:00, run_after=2026-05-03 00:00:00+00:00
[2026-04-26T20:36:30.162+0000] {processor.py:183} INFO - Processing /home/airflow/dags/mlflow_tracking_dag.py took 0.921 seconds
[2026-04-26T20:37:00.550+0000] {processor.py:161} INFO - Started process (PID=42290) to work on /home/airflow/dags/mlflow_tracking_dag.py
[2026-04-26T20:37:00.551+0000] {processor.py:830} INFO - Processing file /home/airflow/dags/mlflow_tracking_dag.py for tasks to queue
[2026-04-26T20:37:00.553+0000] {logging_mixin.py:188} INFO - [2026-04-26T20:37:00.552+0000] {dagbag.py:538} INFO - Filling up the DagBag from /home/airflow/dags/mlflow_tracking_dag.py
[2026-04-26T20:37:01.522+0000] {processor.py:840} INFO - DAG(s) 'model_training_pipeline' retrieved from /home/airflow/dags/mlflow_tracking_dag.py
[2026-04-26T20:37:01.537+0000] {logging_mixin.py:188} INFO - [2026-04-26T20:37:01.536+0000] {dag.py:3036} INFO - Sync 1 DAGs
[2026-04-26T20:37:01.562+0000] {logging_mixin.py:188} INFO - [2026-04-26T20:37:01.561+0000] {dag.py:3823} INFO - Setting next_dagrun for model_training_pipeline to 2026-04-26 00:00:00+00:00, run_after=2026-05-03 00:00:00+00:00
[2026-04-26T20:37:01.589+0000] {processor.py:183} INFO - Processing /home/airflow/dags/mlflow_tracking_dag.py took 1.043 seconds
[2026-04-26T20:37:32.053+0000] {processor.py:161} INFO - Started process (PID=42335) to work on /home/airflow/dags/mlflow_tracking_dag.py
[2026-04-26T20:37:32.054+0000] {processor.py:830} INFO - Processing file /home/airflow/dags/mlflow_tracking_dag.py for tasks to queue
[2026-04-26T20:37:32.055+0000] {logging_mixin.py:188} INFO - [2026-04-26T20:37:32.055+0000] {dagbag.py:538} INFO - Filling up the DagBag from /home/airflow/dags/mlflow_tracking_dag.py
[2026-04-26T20:37:32.858+0000] {processor.py:840} INFO - DAG(s) 'model_training_pipeline' retrieved from /home/airflow/dags/mlflow_tracking_dag.py
[2026-04-26T20:37:32.932+0000] {logging_mixin.py:188} INFO - [2026-04-26T20:37:32.932+0000] {dag.py:3036} INFO - Sync 1 DAGs
[2026-04-26T20:37:32.944+0000] {logging_mixin.py:188} INFO - [2026-04-26T20:37:32.944+0000] {dag.py:3823} INFO - Setting next_dagrun for model_training_pipeline to 2026-04-26 00:00:00+00:00, run_after=2026-05-03 00:00:00+00:00
[2026-04-26T20:37:32.967+0000] {processor.py:183} INFO - Processing /home/airflow/dags/mlflow_tracking_dag.py took 0.917 seconds
[2026-04-26T20:38:03.651+0000] {processor.py:161} INFO - Started process (PID=42380) to work on /home/airflow/dags/mlflow_tracking_dag.py
[2026-04-26T20:38:03.652+0000] {processor.py:830} INFO - Processing file /home/airflow/dags/mlflow_tracking_dag.py for tasks to queue
[2026-04-26T20:38:03.654+0000] {logging_mixin.py:188} INFO - [2026-04-26T20:38:03.654+0000] {dagbag.py:538} INFO - Filling up the DagBag from /home/airflow/dags/mlflow_tracking_dag.py
[2026-04-26T20:38:04.641+0000] {processor.py:840} INFO - DAG(s) 'model_training_pipeline' retrieved from /home/airflow/dags/mlflow_tracking_dag.py
[2026-04-26T20:38:04.667+0000] {logging_mixin.py:188} INFO - [2026-04-26T20:38:04.667+0000] {dag.py:3036} INFO - Sync 1 DAGs
[2026-04-26T20:38:04.687+0000] {logging_mixin.py:188} INFO - [2026-04-26T20:38:04.687+0000] {dag.py:3823} INFO - Setting next_dagrun for model_training_pipeline to 2026-04-26 00:00:00+00:00, run_after=2026-05-03 00:00:00+00:00
[2026-04-26T20:38:04.711+0000] {processor.py:183} INFO - Processing /home/airflow/dags/mlflow_tracking_dag.py took 1.065 seconds
[2026-04-26T20:38:35.089+0000] {processor.py:161} INFO - Started process (PID=42425) to work on /home/airflow/dags/mlflow_tracking_dag.py
[2026-04-26T20:38:35.090+0000] {processor.py:830} INFO - Processing file /home/airflow/dags/mlflow_tracking_dag.py for tasks to queue
[2026-04-26T20:38:35.091+0000] {logging_mixin.py:188} INFO - [2026-04-26T20:38:35.091+0000] {dagbag.py:538} INFO - Filling up the DagBag from /home/airflow/dags/mlflow_tracking_dag.py
[2026-04-26T20:38:35.995+0000] {processor.py:840} INFO - DAG(s) 'model_training_pipeline' retrieved from /home/airflow/dags/mlflow_tracking_dag.py
[2026-04-26T20:38:36.009+0000] {logging_mixin.py:188} INFO - [2026-04-26T20:38:36.008+0000] {dag.py:3036} INFO - Sync 1 DAGs
[2026-04-26T20:38:36.029+0000] {logging_mixin.py:188} INFO - [2026-04-26T20:38:36.029+0000] {dag.py:3823} INFO - Setting next_dagrun for model_training_pipeline to 2026-04-26 00:00:00+00:00, run_after=2026-05-03 00:00:00+00:00
[2026-04-26T20:38:36.048+0000] {processor.py:183} INFO - Processing /home/airflow/dags/mlflow_tracking_dag.py took 0.962 seconds
[2026-04-26T20:39:06.681+0000] {processor.py:161} INFO - Started process (PID=42470) to work on /home/airflow/dags/mlflow_tracking_dag.py
[2026-04-26T20:39:06.682+0000] {processor.py:830} INFO - Processing file /home/airflow/dags/mlflow_tracking_dag.py for tasks to queue
[2026-04-26T20:39:06.683+0000] {logging_mixin.py:188} INFO - [2026-04-26T20:39:06.683+0000] {dagbag.py:538} INFO - Filling up the DagBag from /home/airflow/dags/mlflow_tracking_dag.py
[2026-04-26T20:39:07.650+0000] {processor.py:840} INFO - DAG(s) 'model_training_pipeline' retrieved from /home/airflow/dags/mlflow_tracking_dag.py
[2026-04-26T20:39:07.748+0000] {logging_mixin.py:188} INFO - [2026-04-26T20:39:07.747+0000] {dag.py:3036} INFO - Sync 1 DAGs
[2026-04-26T20:39:07.764+0000] {logging_mixin.py:188} INFO - [2026-04-26T20:39:07.764+0000] {dag.py:3823} INFO - Setting next_dagrun for model_training_pipeline to 2026-04-26 00:00:00+00:00, run_after=2026-05-03 00:00:00+00:00
[2026-04-26T20:39:07.788+0000] {processor.py:183} INFO - Processing /home/airflow/dags/mlflow_tracking_dag.py took 1.111 seconds
[2026-04-26T20:39:38.080+0000] {processor.py:161} INFO - Started process (PID=42515) to work on /home/airflow/dags/mlflow_tracking_dag.py
[2026-04-26T20:39:38.081+0000] {processor.py:830} INFO - Processing file /home/airflow/dags/mlflow_tracking_dag.py for tasks to queue
[2026-04-26T20:39:38.082+0000] {logging_mixin.py:188} INFO - [2026-04-26T20:39:38.082+0000] {dagbag.py:538} INFO - Filling up the DagBag from /home/airflow/dags/mlflow_tracking_dag.py
[2026-04-26T20:39:39.262+0000] {processor.py:840} INFO - DAG(s) 'model_training_pipeline' retrieved from /home/airflow/dags/mlflow_tracking_dag.py
[2026-04-26T20:39:39.288+0000] {logging_mixin.py:188} INFO - [2026-04-26T20:39:39.286+0000] {dag.py:3036} INFO - Sync 1 DAGs
[2026-04-26T20:39:39.311+0000] {logging_mixin.py:188} INFO - [2026-04-26T20:39:39.310+0000] {dag.py:3823} INFO - Setting next_dagrun for model_training_pipeline to 2026-04-26 00:00:00+00:00, run_after=2026-05-03 00:00:00+00:00
[2026-04-26T20:39:39.335+0000] {processor.py:183} INFO - Processing /home/airflow/dags/mlflow_tracking_dag.py took 1.258 seconds
[2026-04-26T20:40:09.521+0000] {processor.py:161} INFO - Started process (PID=42560) to work on /home/airflow/dags/mlflow_tracking_dag.py
[2026-04-26T20:40:09.522+0000] {processor.py:830} INFO - Processing file /home/airflow/dags/mlflow_tracking_dag.py for tasks to queue
[2026-04-26T20:40:09.523+0000] {logging_mixin.py:188} INFO - [2026-04-26T20:40:09.522+0000] {dagbag.py:538} INFO - Filling up the DagBag from /home/airflow/dags/mlflow_tracking_dag.py
[2026-04-26T20:40:10.356+0000] {processor.py:840} INFO - DAG(s) 'model_training_pipeline' retrieved from /home/airflow/dags/mlflow_tracking_dag.py
[2026-04-26T20:40:10.368+0000] {logging_mixin.py:188} INFO - [2026-04-26T20:40:10.368+0000] {dag.py:3036} INFO - Sync 1 DAGs
[2026-04-26T20:40:10.383+0000] {logging_mixin.py:188} INFO - [2026-04-26T20:40:10.382+0000] {dag.py:3823} INFO - Setting next_dagrun for model_training_pipeline to 2026-04-26 00:00:00+00:00, run_after=2026-05-03 00:00:00+00:00
[2026-04-26T20:40:10.405+0000] {processor.py:183} INFO - Processing /home/airflow/dags/mlflow_tracking_dag.py took 0.888 seconds
[2026-04-26T20:40:40.808+0000] {processor.py:161} INFO - Started process (PID=42605) to work on /home/airflow/dags/mlflow_tracking_dag.py
[2026-04-26T20:40:40.809+0000] {processor.py:830} INFO - Processing file /home/airflow/dags/mlflow_tracking_dag.py for tasks to queue
[2026-04-26T20:40:40.810+0000] {logging_mixin.py:188} INFO - [2026-04-26T20:40:40.810+0000] {dagbag.py:538} INFO - Filling up the DagBag from /home/airflow/dags/mlflow_tracking_dag.py
[2026-04-26T20:40:41.638+0000] {processor.py:840} INFO - DAG(s) 'model_training_pipeline' retrieved from /home/airflow/dags/mlflow_tracking_dag.py
[2026-04-26T20:40:41.755+0000] {logging_mixin.py:188} INFO - [2026-04-26T20:40:41.755+0000] {dag.py:3036} INFO - Sync 1 DAGs
[2026-04-26T20:40:41.778+0000] {logging_mixin.py:188} INFO - [2026-04-26T20:40:41.778+0000] {dag.py:3823} INFO - Setting next_dagrun for model_training_pipeline to 2026-04-26 00:00:00+00:00, run_after=2026-05-03 00:00:00+00:00
[2026-04-26T20:40:41.805+0000] {processor.py:183} INFO - Processing /home/airflow/dags/mlflow_tracking_dag.py took 1.000 seconds
[2026-04-26T20:41:12.345+0000] {processor.py:161} INFO - Started process (PID=42650) to work on /home/airflow/dags/mlflow_tracking_dag.py
[2026-04-26T20:41:12.346+0000] {processor.py:830} INFO - Processing file /home/airflow/dags/mlflow_tracking_dag.py for tasks to queue
[2026-04-26T20:41:12.347+0000] {logging_mixin.py:188} INFO - [2026-04-26T20:41:12.347+0000] {dagbag.py:538} INFO - Filling up the DagBag from /home/airflow/dags/mlflow_tracking_dag.py
[2026-04-26T20:41:13.233+0000] {processor.py:840} INFO - DAG(s) 'model_training_pipeline' retrieved from /home/airflow/dags/mlflow_tracking_dag.py
[2026-04-26T20:41:13.260+0000] {logging_mixin.py:188} INFO - [2026-04-26T20:41:13.259+0000] {dag.py:3036} INFO - Sync 1 DAGs
[2026-04-26T20:41:13.276+0000] {logging_mixin.py:188} INFO - [2026-04-26T20:41:13.276+0000] {dag.py:3823} INFO - Setting next_dagrun for model_training_pipeline to 2026-04-26 00:00:00+00:00, run_after=2026-05-03 00:00:00+00:00
[2026-04-26T20:41:13.305+0000] {processor.py:183} INFO - Processing /home/airflow/dags/mlflow_tracking_dag.py took 0.963 seconds
[2026-04-26T20:41:43.474+0000] {processor.py:161} INFO - Started process (PID=42695) to work on /home/airflow/dags/mlflow_tracking_dag.py
[2026-04-26T20:41:43.475+0000] {processor.py:830} INFO - Processing file /home/airflow/dags/mlflow_tracking_dag.py for tasks to queue
[2026-04-26T20:41:43.476+0000] {logging_mixin.py:188} INFO - [2026-04-26T20:41:43.476+0000] {dagbag.py:538} INFO - Filling up the DagBag from /home/airflow/dags/mlflow_tracking_dag.py
[2026-04-26T20:41:44.305+0000] {processor.py:840} INFO - DAG(s) 'model_training_pipeline' retrieved from /home/airflow/dags/mlflow_tracking_dag.py
[2026-04-26T20:41:44.318+0000] {logging_mixin.py:188} INFO - [2026-04-26T20:41:44.317+0000] {dag.py:3036} INFO - Sync 1 DAGs
[2026-04-26T20:41:44.332+0000] {logging_mixin.py:188} INFO - [2026-04-26T20:41:44.332+0000] {dag.py:3823} INFO - Setting next_dagrun for model_training_pipeline to 2026-04-26 00:00:00+00:00, run_after=2026-05-03 00:00:00+00:00
[2026-04-26T20:41:44.354+0000] {processor.py:183} INFO - Processing /home/airflow/dags/mlflow_tracking_dag.py took 0.883 seconds
[2026-04-26T20:42:14.577+0000] {processor.py:161} INFO - Started process (PID=42740) to work on /home/airflow/dags/mlflow_tracking_dag.py
[2026-04-26T20:42:14.578+0000] {processor.py:830} INFO - Processing file /home/airflow/dags/mlflow_tracking_dag.py for tasks to queue
[2026-04-26T20:42:14.580+0000] {logging_mixin.py:188} INFO - [2026-04-26T20:42:14.579+0000] {dagbag.py:538} INFO - Filling up the DagBag from /home/airflow/dags/mlflow_tracking_dag.py
[2026-04-26T20:42:15.452+0000] {processor.py:840} INFO - DAG(s) 'model_training_pipeline' retrieved from /home/airflow/dags/mlflow_tracking_dag.py
[2026-04-26T20:42:15.526+0000] {logging_mixin.py:188} INFO - [2026-04-26T20:42:15.526+0000] {dag.py:3036} INFO - Sync 1 DAGs
[2026-04-26T20:42:15.540+0000] {logging_mixin.py:188} INFO - [2026-04-26T20:42:15.540+0000] {dag.py:3823} INFO - Setting next_dagrun for model_training_pipeline to 2026-04-26 00:00:00+00:00, run_after=2026-05-03 00:00:00+00:00
[2026-04-26T20:42:15.565+0000] {processor.py:183} INFO - Processing /home/airflow/dags/mlflow_tracking_dag.py took 0.992 seconds
[2026-04-26T20:42:45.878+0000] {processor.py:161} INFO - Started process (PID=42785) to work on /home/airflow/dags/mlflow_tracking_dag.py
[2026-04-26T20:42:45.879+0000] {processor.py:830} INFO - Processing file /home/airflow/dags/mlflow_tracking_dag.py for tasks to queue
[2026-04-26T20:42:45.880+0000] {logging_mixin.py:188} INFO - [2026-04-26T20:42:45.879+0000] {dagbag.py:538} INFO - Filling up the DagBag from /home/airflow/dags/mlflow_tracking_dag.py
[2026-04-26T20:42:46.704+0000] {processor.py:840} INFO - DAG(s) 'model_training_pipeline' retrieved from /home/airflow/dags/mlflow_tracking_dag.py
[2026-04-26T20:42:46.725+0000] {logging_mixin.py:188} INFO - [2026-04-26T20:42:46.724+0000] {dag.py:3036} INFO - Sync 1 DAGs
[2026-04-26T20:42:46.739+0000] {logging_mixin.py:188} INFO - [2026-04-26T20:42:46.739+0000] {dag.py:3823} INFO - Setting next_dagrun for model_training_pipeline to 2026-04-26 00:00:00+00:00, run_after=2026-05-03 00:00:00+00:00
[2026-04-26T20:42:46.761+0000] {processor.py:183} INFO - Processing /home/airflow/dags/mlflow_tracking_dag.py took 0.887 seconds
[2026-04-26T20:43:16.853+0000] {processor.py:161} INFO - Started process (PID=42830) to work on /home/airflow/dags/mlflow_tracking_dag.py
[2026-04-26T20:43:16.854+0000] {processor.py:830} INFO - Processing file /home/airflow/dags/mlflow_tracking_dag.py for tasks to queue
[2026-04-26T20:43:16.855+0000] {logging_mixin.py:188} INFO - [2026-04-26T20:43:16.855+0000] {dagbag.py:538} INFO - Filling up the DagBag from /home/airflow/dags/mlflow_tracking_dag.py
[2026-04-26T20:43:17.733+0000] {processor.py:840} INFO - DAG(s) 'model_training_pipeline' retrieved from /home/airflow/dags/mlflow_tracking_dag.py
[2026-04-26T20:43:17.749+0000] {logging_mixin.py:188} INFO - [2026-04-26T20:43:17.748+0000] {dag.py:3036} INFO - Sync 1 DAGs
[2026-04-26T20:43:17.772+0000] {logging_mixin.py:188} INFO - [2026-04-26T20:43:17.772+0000] {dag.py:3823} INFO - Setting next_dagrun for model_training_pipeline to 2026-04-26 00:00:00+00:00, run_after=2026-05-03 00:00:00+00:00
[2026-04-26T20:43:17.797+0000] {processor.py:183} INFO - Processing /home/airflow/dags/mlflow_tracking_dag.py took 0.948 seconds
[2026-04-26T20:43:48.132+0000] {processor.py:161} INFO - Started process (PID=42875) to work on /home/airflow/dags/mlflow_tracking_dag.py
[2026-04-26T20:43:48.134+0000] {processor.py:830} INFO - Processing file /home/airflow/dags/mlflow_tracking_dag.py for tasks to queue
[2026-04-26T20:43:48.135+0000] {logging_mixin.py:188} INFO - [2026-04-26T20:43:48.134+0000] {dagbag.py:538} INFO - Filling up the DagBag from /home/airflow/dags/mlflow_tracking_dag.py
[2026-04-26T20:43:49.044+0000] {processor.py:840} INFO - DAG(s) 'model_training_pipeline' retrieved from /home/airflow/dags/mlflow_tracking_dag.py
[2026-04-26T20:43:49.127+0000] {logging_mixin.py:188} INFO - [2026-04-26T20:43:49.127+0000] {dag.py:3036} INFO - Sync 1 DAGs
[2026-04-26T20:43:49.143+0000] {logging_mixin.py:188} INFO - [2026-04-26T20:43:49.142+0000] {dag.py:3823} INFO - Setting next_dagrun for model_training_pipeline to 2026-04-26 00:00:00+00:00, run_after=2026-05-03 00:00:00+00:00
[2026-04-26T20:43:49.166+0000] {processor.py:183} INFO - Processing /home/airflow/dags/mlflow_tracking_dag.py took 1.037 seconds
[2026-04-26T20:44:19.433+0000] {processor.py:161} INFO - Started process (PID=42920) to work on /home/airflow/dags/mlflow_tracking_dag.py
[2026-04-26T20:44:19.435+0000] {processor.py:830} INFO - Processing file /home/airflow/dags/mlflow_tracking_dag.py for tasks to queue
[2026-04-26T20:44:19.436+0000] {logging_mixin.py:188} INFO - [2026-04-26T20:44:19.436+0000] {dagbag.py:538} INFO - Filling up the DagBag from /home/airflow/dags/mlflow_tracking_dag.py
[2026-04-26T20:44:20.360+0000] {processor.py:840} INFO - DAG(s) 'model_training_pipeline' retrieved from /home/airflow/dags/mlflow_tracking_dag.py
[2026-04-26T20:44:20.385+0000] {logging_mixin.py:188} INFO - [2026-04-26T20:44:20.384+0000] {dag.py:3036} INFO - Sync 1 DAGs
[2026-04-26T20:44:20.401+0000] {logging_mixin.py:188} INFO - [2026-04-26T20:44:20.401+0000] {dag.py:3823} INFO - Setting next_dagrun for model_training_pipeline to 2026-04-26 00:00:00+00:00, run_after=2026-05-03 00:00:00+00:00
[2026-04-26T20:44:20.425+0000] {processor.py:183} INFO - Processing /home/airflow/dags/mlflow_tracking_dag.py took 0.997 seconds
[2026-04-26T20:44:50.918+0000] {processor.py:161} INFO - Started process (PID=42965) to work on /home/airflow/dags/mlflow_tracking_dag.py
[2026-04-26T20:44:50.919+0000] {processor.py:830} INFO - Processing file /home/airflow/dags/mlflow_tracking_dag.py for tasks to queue
[2026-04-26T20:44:50.920+0000] {logging_mixin.py:188} INFO - [2026-04-26T20:44:50.920+0000] {dagbag.py:538} INFO - Filling up the DagBag from /home/airflow/dags/mlflow_tracking_dag.py
[2026-04-26T20:44:51.752+0000] {processor.py:840} INFO - DAG(s) 'model_training_pipeline' retrieved from /home/airflow/dags/mlflow_tracking_dag.py
[2026-04-26T20:44:51.767+0000] {logging_mixin.py:188} INFO - [2026-04-26T20:44:51.765+0000] {dag.py:3036} INFO - Sync 1 DAGs
[2026-04-26T20:44:51.783+0000] {logging_mixin.py:188} INFO - [2026-04-26T20:44:51.783+0000] {dag.py:3823} INFO - Setting next_dagrun for model_training_pipeline to 2026-04-26 00:00:00+00:00, run_after=2026-05-03 00:00:00+00:00
[2026-04-26T20:44:51.807+0000] {processor.py:183} INFO - Processing /home/airflow/dags/mlflow_tracking_dag.py took 0.892 seconds
[2026-04-26T20:45:21.925+0000] {processor.py:161} INFO - Started process (PID=43010) to work on /home/airflow/dags/mlflow_tracking_dag.py
[2026-04-26T20:45:21.927+0000] {processor.py:830} INFO - Processing file /home/airflow/dags/mlflow_tracking_dag.py for tasks to queue
[2026-04-26T20:45:21.928+0000] {logging_mixin.py:188} INFO - [2026-04-26T20:45:21.928+0000] {dagbag.py:538} INFO - Filling up the DagBag from /home/airflow/dags/mlflow_tracking_dag.py
[2026-04-26T20:45:22.779+0000] {processor.py:840} INFO - DAG(s) 'model_training_pipeline' retrieved from /home/airflow/dags/mlflow_tracking_dag.py
[2026-04-26T20:45:22.858+0000] {logging_mixin.py:188} INFO - [2026-04-26T20:45:22.857+0000] {dag.py:3036} INFO - Sync 1 DAGs
[2026-04-26T20:45:22.873+0000] {logging_mixin.py:188} INFO - [2026-04-26T20:45:22.873+0000] {dag.py:3823} INFO - Setting next_dagrun for model_training_pipeline to 2026-04-26 00:00:00+00:00, run_after=2026-05-03 00:00:00+00:00
[2026-04-26T20:45:22.895+0000] {processor.py:183} INFO - Processing /home/airflow/dags/mlflow_tracking_dag.py took 0.975 seconds
[2026-04-26T20:45:52.964+0000] {processor.py:161} INFO - Started process (PID=43055) to work on /home/airflow/dags/mlflow_tracking_dag.py
[2026-04-26T20:45:52.965+0000] {processor.py:830} INFO - Processing file /home/airflow/dags/mlflow_tracking_dag.py for tasks to queue
[2026-04-26T20:45:52.966+0000] {logging_mixin.py:188} INFO - [2026-04-26T20:45:52.966+0000] {dagbag.py:538} INFO - Filling up the DagBag from /home/airflow/dags/mlflow_tracking_dag.py
[2026-04-26T20:45:53.730+0000] {processor.py:840} INFO - DAG(s) 'model_training_pipeline' retrieved from /home/airflow/dags/mlflow_tracking_dag.py
[2026-04-26T20:45:53.749+0000] {logging_mixin.py:188} INFO - [2026-04-26T20:45:53.749+0000] {dag.py:3036} INFO - Sync 1 DAGs
[2026-04-26T20:45:53.762+0000] {logging_mixin.py:188} INFO - [2026-04-26T20:45:53.762+0000] {dag.py:3823} INFO - Setting next_dagrun for model_training_pipeline to 2026-04-26 00:00:00+00:00, run_after=2026-05-03 00:00:00+00:00
[2026-04-26T20:45:53.783+0000] {processor.py:183} INFO - Processing /home/airflow/dags/mlflow_tracking_dag.py took 0.822 seconds
[2026-04-26T20:46:24.079+0000] {processor.py:161} INFO - Started process (PID=43100) to work on /home/airflow/dags/mlflow_tracking_dag.py
[2026-04-26T20:46:24.082+0000] {processor.py:830} INFO - Processing file /home/airflow/dags/mlflow_tracking_dag.py for tasks to queue
[2026-04-26T20:46:24.084+0000] {logging_mixin.py:188} INFO - [2026-04-26T20:46:24.083+0000] {dagbag.py:538} INFO - Filling up the DagBag from /home/airflow/dags/mlflow_tracking_dag.py
[2026-04-26T20:46:25.151+0000] {processor.py:840} INFO - DAG(s) 'model_training_pipeline' retrieved from /home/airflow/dags/mlflow_tracking_dag.py
[2026-04-26T20:46:25.164+0000] {logging_mixin.py:188} INFO - [2026-04-26T20:46:25.163+0000] {dag.py:3036} INFO - Sync 1 DAGs
[2026-04-26T20:46:25.179+0000] {logging_mixin.py:188} INFO - [2026-04-26T20:46:25.178+0000] {dag.py:3823} INFO - Setting next_dagrun for model_training_pipeline to 2026-04-26 00:00:00+00:00, run_after=2026-05-03 00:00:00+00:00
[2026-04-26T20:46:25.202+0000] {processor.py:183} INFO - Processing /home/airflow/dags/mlflow_tracking_dag.py took 1.131 seconds
[2026-04-26T20:46:55.537+0000] {processor.py:161} INFO - Started process (PID=43145) to work on /home/airflow/dags/mlflow_tracking_dag.py
[2026-04-26T20:46:55.538+0000] {processor.py:830} INFO - Processing file /home/airflow/dags/mlflow_tracking_dag.py for tasks to queue
[2026-04-26T20:46:55.539+0000] {logging_mixin.py:188} INFO - [2026-04-26T20:46:55.539+0000] {dagbag.py:538} INFO - Filling up the DagBag from /home/airflow/dags/mlflow_tracking_dag.py
[2026-04-26T20:46:56.403+0000] {processor.py:840} INFO - DAG(s) 'model_training_pipeline' retrieved from /home/airflow/dags/mlflow_tracking_dag.py
[2026-04-26T20:46:56.519+0000] {logging_mixin.py:188} INFO - [2026-04-26T20:46:56.519+0000] {dag.py:3036} INFO - Sync 1 DAGs
[2026-04-26T20:46:56.642+0000] {logging_mixin.py:188} INFO - [2026-04-26T20:46:56.642+0000] {dag.py:3823} INFO - Setting next_dagrun for model_training_pipeline to 2026-04-26 00:00:00+00:00, run_after=2026-05-03 00:00:00+00:00
[2026-04-26T20:46:56.662+0000] {processor.py:183} INFO - Processing /home/airflow/dags/mlflow_tracking_dag.py took 1.129 seconds
[2026-04-26T20:47:27.049+0000] {processor.py:161} INFO - Started process (PID=43190) to work on /home/airflow/dags/mlflow_tracking_dag.py
[2026-04-26T20:47:27.051+0000] {processor.py:830} INFO - Processing file /home/airflow/dags/mlflow_tracking_dag.py for tasks to queue
[2026-04-26T20:47:27.052+0000] {logging_mixin.py:188} INFO - [2026-04-26T20:47:27.052+0000] {dagbag.py:538} INFO - Filling up the DagBag from /home/airflow/dags/mlflow_tracking_dag.py
[2026-04-26T20:47:28.174+0000] {processor.py:840} INFO - DAG(s) 'model_training_pipeline' retrieved from /home/airflow/dags/mlflow_tracking_dag.py
[2026-04-26T20:47:28.205+0000] {logging_mixin.py:188} INFO - [2026-04-26T20:47:28.204+0000] {dag.py:3036} INFO - Sync 1 DAGs
[2026-04-26T20:47:28.228+0000] {logging_mixin.py:188} INFO - [2026-04-26T20:47:28.227+0000] {dag.py:3823} INFO - Setting next_dagrun for model_training_pipeline to 2026-04-26 00:00:00+00:00, run_after=2026-05-03 00:00:00+00:00
[2026-04-26T20:47:28.251+0000] {processor.py:183} INFO - Processing /home/airflow/dags/mlflow_tracking_dag.py took 1.205 seconds
[2026-04-26T20:47:58.589+0000] {processor.py:161} INFO - Started process (PID=43235) to work on /home/airflow/dags/mlflow_tracking_dag.py
[2026-04-26T20:47:58.591+0000] {processor.py:830} INFO - Processing file /home/airflow/dags/mlflow_tracking_dag.py for tasks to queue
[2026-04-26T20:47:58.593+0000] {logging_mixin.py:188} INFO - [2026-04-26T20:47:58.592+0000] {dagbag.py:538} INFO - Filling up the DagBag from /home/airflow/dags/mlflow_tracking_dag.py
[2026-04-26T20:47:59.691+0000] {processor.py:840} INFO - DAG(s) 'model_training_pipeline' retrieved from /home/airflow/dags/mlflow_tracking_dag.py
[2026-04-26T20:47:59.704+0000] {logging_mixin.py:188} INFO - [2026-04-26T20:47:59.703+0000] {dag.py:3036} INFO - Sync 1 DAGs
[2026-04-26T20:47:59.721+0000] {logging_mixin.py:188} INFO - [2026-04-26T20:47:59.721+0000] {dag.py:3823} INFO - Setting next_dagrun for model_training_pipeline to 2026-04-26 00:00:00+00:00, run_after=2026-05-03 00:00:00+00:00
[2026-04-26T20:47:59.742+0000] {processor.py:183} INFO - Processing /home/airflow/dags/mlflow_tracking_dag.py took 1.158 seconds
[2026-04-26T20:48:29.992+0000] {processor.py:161} INFO - Started process (PID=43280) to work on /home/airflow/dags/mlflow_tracking_dag.py
[2026-04-26T20:48:29.994+0000] {processor.py:830} INFO - Processing file /home/airflow/dags/mlflow_tracking_dag.py for tasks to queue
[2026-04-26T20:48:29.996+0000] {logging_mixin.py:188} INFO - [2026-04-26T20:48:29.996+0000] {dagbag.py:538} INFO - Filling up the DagBag from /home/airflow/dags/mlflow_tracking_dag.py
[2026-04-26T20:48:31.004+0000] {processor.py:840} INFO - DAG(s) 'model_training_pipeline' retrieved from /home/airflow/dags/mlflow_tracking_dag.py
[2026-04-26T20:48:31.274+0000] {logging_mixin.py:188} INFO - [2026-04-26T20:48:31.274+0000] {dag.py:3036} INFO - Sync 1 DAGs
[2026-04-26T20:48:31.296+0000] {logging_mixin.py:188} INFO - [2026-04-26T20:48:31.295+0000] {dag.py:3823} INFO - Setting next_dagrun for model_training_pipeline to 2026-04-26 00:00:00+00:00, run_after=2026-05-03 00:00:00+00:00
[2026-04-26T20:48:31.328+0000] {processor.py:183} INFO - Processing /home/airflow/dags/mlflow_tracking_dag.py took 1.341 seconds
[2026-04-26T20:49:01.908+0000] {processor.py:161} INFO - Started process (PID=43325) to work on /home/airflow/dags/mlflow_tracking_dag.py
[2026-04-26T20:49:01.909+0000] {processor.py:830} INFO - Processing file /home/airflow/dags/mlflow_tracking_dag.py for tasks to queue
[2026-04-26T20:49:01.911+0000] {logging_mixin.py:188} INFO - [2026-04-26T20:49:01.910+0000] {dagbag.py:538} INFO - Filling up the DagBag from /home/airflow/dags/mlflow_tracking_dag.py
[2026-04-26T20:49:02.885+0000] {processor.py:840} INFO - DAG(s) 'model_training_pipeline' retrieved from /home/airflow/dags/mlflow_tracking_dag.py
[2026-04-26T20:49:02.905+0000] {logging_mixin.py:188} INFO - [2026-04-26T20:49:02.905+0000] {dag.py:3036} INFO - Sync 1 DAGs
[2026-04-26T20:49:02.920+0000] {logging_mixin.py:188} INFO - [2026-04-26T20:49:02.920+0000] {dag.py:3823} INFO - Setting next_dagrun for model_training_pipeline to 2026-04-26 00:00:00+00:00, run_after=2026-05-03 00:00:00+00:00
[2026-04-26T20:49:02.947+0000] {processor.py:183} INFO - Processing /home/airflow/dags/mlflow_tracking_dag.py took 1.042 seconds
[2026-04-26T20:49:33.609+0000] {processor.py:161} INFO - Started process (PID=43370) to work on /home/airflow/dags/mlflow_tracking_dag.py
[2026-04-26T20:49:33.610+0000] {processor.py:830} INFO - Processing file /home/airflow/dags/mlflow_tracking_dag.py for tasks to queue
[2026-04-26T20:49:33.611+0000] {logging_mixin.py:188} INFO - [2026-04-26T20:49:33.611+0000] {dagbag.py:538} INFO - Filling up the DagBag from /home/airflow/dags/mlflow_tracking_dag.py
[2026-04-26T20:49:34.616+0000] {processor.py:840} INFO - DAG(s) 'model_training_pipeline' retrieved from /home/airflow/dags/mlflow_tracking_dag.py
[2026-04-26T20:49:34.628+0000] {logging_mixin.py:188} INFO - [2026-04-26T20:49:34.627+0000] {dag.py:3036} INFO - Sync 1 DAGs
[2026-04-26T20:49:34.643+0000] {logging_mixin.py:188} INFO - [2026-04-26T20:49:34.643+0000] {dag.py:3823} INFO - Setting next_dagrun for model_training_pipeline to 2026-04-26 00:00:00+00:00, run_after=2026-05-03 00:00:00+00:00
[2026-04-26T20:49:34.666+0000] {processor.py:183} INFO - Processing /home/airflow/dags/mlflow_tracking_dag.py took 1.060 seconds
[2026-04-26T20:50:05.273+0000] {processor.py:161} INFO - Started process (PID=43415) to work on /home/airflow/dags/mlflow_tracking_dag.py
[2026-04-26T20:50:05.274+0000] {processor.py:830} INFO - Processing file /home/airflow/dags/mlflow_tracking_dag.py for tasks to queue
[2026-04-26T20:50:05.276+0000] {logging_mixin.py:188} INFO - [2026-04-26T20:50:05.275+0000] {dagbag.py:538} INFO - Filling up the DagBag from /home/airflow/dags/mlflow_tracking_dag.py
[2026-04-26T20:50:06.104+0000] {processor.py:840} INFO - DAG(s) 'model_training_pipeline' retrieved from /home/airflow/dags/mlflow_tracking_dag.py
[2026-04-26T20:50:06.295+0000] {logging_mixin.py:188} INFO - [2026-04-26T20:50:06.294+0000] {dag.py:3036} INFO - Sync 1 DAGs
[2026-04-26T20:50:06.311+0000] {logging_mixin.py:188} INFO - [2026-04-26T20:50:06.310+0000] {dag.py:3823} INFO - Setting next_dagrun for model_training_pipeline to 2026-04-26 00:00:00+00:00, run_after=2026-05-03 00:00:00+00:00
[2026-04-26T20:50:06.335+0000] {processor.py:183} INFO - Processing /home/airflow/dags/mlflow_tracking_dag.py took 1.066 seconds
[2026-04-26T20:50:36.887+0000] {processor.py:161} INFO - Started process (PID=43460) to work on /home/airflow/dags/mlflow_tracking_dag.py
[2026-04-26T20:50:36.889+0000] {processor.py:830} INFO - Processing file /home/airflow/dags/mlflow_tracking_dag.py for tasks to queue
[2026-04-26T20:50:36.890+0000] {logging_mixin.py:188} INFO - [2026-04-26T20:50:36.889+0000] {dagbag.py:538} INFO - Filling up the DagBag from /home/airflow/dags/mlflow_tracking_dag.py
[2026-04-26T20:50:37.916+0000] {processor.py:840} INFO - DAG(s) 'model_training_pipeline' retrieved from /home/airflow/dags/mlflow_tracking_dag.py
[2026-04-26T20:50:38.072+0000] {logging_mixin.py:188} INFO - [2026-04-26T20:50:38.072+0000] {dag.py:3036} INFO - Sync 1 DAGs
[2026-04-26T20:50:38.101+0000] {logging_mixin.py:188} INFO - [2026-04-26T20:50:38.101+0000] {dag.py:3823} INFO - Setting next_dagrun for model_training_pipeline to 2026-04-26 00:00:00+00:00, run_after=2026-05-03 00:00:00+00:00
[2026-04-26T20:50:38.131+0000] {processor.py:183} INFO - Processing /home/airflow/dags/mlflow_tracking_dag.py took 1.247 seconds
[2026-04-26T20:51:08.654+0000] {processor.py:161} INFO - Started process (PID=43505) to work on /home/airflow/dags/mlflow_tracking_dag.py
[2026-04-26T20:51:08.655+0000] {processor.py:830} INFO - Processing file /home/airflow/dags/mlflow_tracking_dag.py for tasks to queue
[2026-04-26T20:51:08.657+0000] {logging_mixin.py:188} INFO - [2026-04-26T20:51:08.656+0000] {dagbag.py:538} INFO - Filling up the DagBag from /home/airflow/dags/mlflow_tracking_dag.py
[2026-04-26T20:51:09.680+0000] {processor.py:840} INFO - DAG(s) 'model_training_pipeline' retrieved from /home/airflow/dags/mlflow_tracking_dag.py
[2026-04-26T20:51:09.845+0000] {logging_mixin.py:188} INFO - [2026-04-26T20:51:09.694+0000] {dag.py:3036} INFO - Sync 1 DAGs
[2026-04-26T20:51:09.862+0000] {logging_mixin.py:188} INFO - [2026-04-26T20:51:09.862+0000] {dag.py:3823} INFO - Setting next_dagrun for model_training_pipeline to 2026-04-26 00:00:00+00:00, run_after=2026-05-03 00:00:00+00:00
[2026-04-26T20:51:09.884+0000] {processor.py:183} INFO - Processing /home/airflow/dags/mlflow_tracking_dag.py took 1.233 seconds
[2026-04-26T20:51:39.965+0000] {processor.py:161} INFO - Started process (PID=43550) to work on /home/airflow/dags/mlflow_tracking_dag.py
[2026-04-26T20:51:39.967+0000] {processor.py:830} INFO - Processing file /home/airflow/dags/mlflow_tracking_dag.py for tasks to queue
[2026-04-26T20:51:39.968+0000] {logging_mixin.py:188} INFO - [2026-04-26T20:51:39.967+0000] {dagbag.py:538} INFO - Filling up the DagBag from /home/airflow/dags/mlflow_tracking_dag.py
[2026-04-26T20:51:40.962+0000] {processor.py:840} INFO - DAG(s) 'model_training_pipeline' retrieved from /home/airflow/dags/mlflow_tracking_dag.py
[2026-04-26T20:51:41.050+0000] {logging_mixin.py:188} INFO - [2026-04-26T20:51:41.049+0000] {dag.py:3036} INFO - Sync 1 DAGs
[2026-04-26T20:51:41.064+0000] {logging_mixin.py:188} INFO - [2026-04-26T20:51:41.064+0000] {dag.py:3823} INFO - Setting next_dagrun for model_training_pipeline to 2026-04-26 00:00:00+00:00, run_after=2026-05-03 00:00:00+00:00
[2026-04-26T20:51:41.087+0000] {processor.py:183} INFO - Processing /home/airflow/dags/mlflow_tracking_dag.py took 1.125 seconds
[2026-04-26T20:52:11.543+0000] {processor.py:161} INFO - Started process (PID=43595) to work on /home/airflow/dags/mlflow_tracking_dag.py
[2026-04-26T20:52:11.544+0000] {processor.py:830} INFO - Processing file /home/airflow/dags/mlflow_tracking_dag.py for tasks to queue
[2026-04-26T20:52:11.546+0000] {logging_mixin.py:188} INFO - [2026-04-26T20:52:11.545+0000] {dagbag.py:538} INFO - Filling up the DagBag from /home/airflow/dags/mlflow_tracking_dag.py
[2026-04-26T20:52:12.635+0000] {processor.py:840} INFO - DAG(s) 'model_training_pipeline' retrieved from /home/airflow/dags/mlflow_tracking_dag.py
[2026-04-26T20:52:12.656+0000] {logging_mixin.py:188} INFO - [2026-04-26T20:52:12.656+0000] {dag.py:3036} INFO - Sync 1 DAGs
[2026-04-26T20:52:12.672+0000] {logging_mixin.py:188} INFO - [2026-04-26T20:52:12.672+0000] {dag.py:3823} INFO - Setting next_dagrun for model_training_pipeline to 2026-04-26 00:00:00+00:00, run_after=2026-05-03 00:00:00+00:00
[2026-04-26T20:52:12.694+0000] {processor.py:183} INFO - Processing /home/airflow/dags/mlflow_tracking_dag.py took 1.153 seconds
[2026-04-26T20:52:42.833+0000] {processor.py:161} INFO - Started process (PID=43640) to work on /home/airflow/dags/mlflow_tracking_dag.py
[2026-04-26T20:52:42.834+0000] {processor.py:830} INFO - Processing file /home/airflow/dags/mlflow_tracking_dag.py for tasks to queue
[2026-04-26T20:52:42.836+0000] {logging_mixin.py:188} INFO - [2026-04-26T20:52:42.835+0000] {dagbag.py:538} INFO - Filling up the DagBag from /home/airflow/dags/mlflow_tracking_dag.py
[2026-04-26T20:52:43.659+0000] {processor.py:840} INFO - DAG(s) 'model_training_pipeline' retrieved from /home/airflow/dags/mlflow_tracking_dag.py
[2026-04-26T20:52:43.671+0000] {logging_mixin.py:188} INFO - [2026-04-26T20:52:43.670+0000] {dag.py:3036} INFO - Sync 1 DAGs
[2026-04-26T20:52:43.685+0000] {logging_mixin.py:188} INFO - [2026-04-26T20:52:43.685+0000] {dag.py:3823} INFO - Setting next_dagrun for model_training_pipeline to 2026-04-26 00:00:00+00:00, run_after=2026-05-03 00:00:00+00:00
[2026-04-26T20:52:43.706+0000] {processor.py:183} INFO - Processing /home/airflow/dags/mlflow_tracking_dag.py took 0.876 seconds
[2026-04-26T20:53:13.804+0000] {processor.py:161} INFO - Started process (PID=43685) to work on /home/airflow/dags/mlflow_tracking_dag.py
[2026-04-26T20:53:13.805+0000] {processor.py:830} INFO - Processing file /home/airflow/dags/mlflow_tracking_dag.py for tasks to queue
[2026-04-26T20:53:13.807+0000] {logging_mixin.py:188} INFO - [2026-04-26T20:53:13.806+0000] {dagbag.py:538} INFO - Filling up the DagBag from /home/airflow/dags/mlflow_tracking_dag.py
[2026-04-26T20:53:14.842+0000] {processor.py:840} INFO - DAG(s) 'model_training_pipeline' retrieved from /home/airflow/dags/mlflow_tracking_dag.py
[2026-04-26T20:53:14.931+0000] {logging_mixin.py:188} INFO - [2026-04-26T20:53:14.930+0000] {dag.py:3036} INFO - Sync 1 DAGs
[2026-04-26T20:53:14.947+0000] {logging_mixin.py:188} INFO - [2026-04-26T20:53:14.947+0000] {dag.py:3823} INFO - Setting next_dagrun for model_training_pipeline to 2026-04-26 00:00:00+00:00, run_after=2026-05-03 00:00:00+00:00
[2026-04-26T20:53:14.973+0000] {processor.py:183} INFO - Processing /home/airflow/dags/mlflow_tracking_dag.py took 1.172 seconds
[2026-04-26T20:53:45.183+0000] {processor.py:161} INFO - Started process (PID=43730) to work on /home/airflow/dags/mlflow_tracking_dag.py
[2026-04-26T20:53:45.185+0000] {processor.py:830} INFO - Processing file /home/airflow/dags/mlflow_tracking_dag.py for tasks to queue
[2026-04-26T20:53:45.186+0000] {logging_mixin.py:188} INFO - [2026-04-26T20:53:45.186+0000] {dagbag.py:538} INFO - Filling up the DagBag from /home/airflow/dags/mlflow_tracking_dag.py
[2026-04-26T20:53:46.018+0000] {processor.py:840} INFO - DAG(s) 'model_training_pipeline' retrieved from /home/airflow/dags/mlflow_tracking_dag.py
[2026-04-26T20:53:46.039+0000] {logging_mixin.py:188} INFO - [2026-04-26T20:53:46.039+0000] {dag.py:3036} INFO - Sync 1 DAGs
[2026-04-26T20:53:46.054+0000] {logging_mixin.py:188} INFO - [2026-04-26T20:53:46.054+0000] {dag.py:3823} INFO - Setting next_dagrun for model_training_pipeline to 2026-04-26 00:00:00+00:00, run_after=2026-05-03 00:00:00+00:00
[2026-04-26T20:53:46.079+0000] {processor.py:183} INFO - Processing /home/airflow/dags/mlflow_tracking_dag.py took 0.899 seconds
[2026-04-26T20:54:16.554+0000] {processor.py:161} INFO - Started process (PID=43775) to work on /home/airflow/dags/mlflow_tracking_dag.py
[2026-04-26T20:54:16.556+0000] {processor.py:830} INFO - Processing file /home/airflow/dags/mlflow_tracking_dag.py for tasks to queue
[2026-04-26T20:54:16.557+0000] {logging_mixin.py:188} INFO - [2026-04-26T20:54:16.557+0000] {dagbag.py:538} INFO - Filling up the DagBag from /home/airflow/dags/mlflow_tracking_dag.py
[2026-04-26T20:54:17.536+0000] {processor.py:840} INFO - DAG(s) 'model_training_pipeline' retrieved from /home/airflow/dags/mlflow_tracking_dag.py
[2026-04-26T20:54:17.547+0000] {logging_mixin.py:188} INFO - [2026-04-26T20:54:17.547+0000] {dag.py:3036} INFO - Sync 1 DAGs
[2026-04-26T20:54:17.563+0000] {logging_mixin.py:188} INFO - [2026-04-26T20:54:17.563+0000] {dag.py:3823} INFO - Setting next_dagrun for model_training_pipeline to 2026-04-26 00:00:00+00:00, run_after=2026-05-03 00:00:00+00:00
[2026-04-26T20:54:17.585+0000] {processor.py:183} INFO - Processing /home/airflow/dags/mlflow_tracking_dag.py took 1.035 seconds
[2026-04-26T20:54:47.886+0000] {processor.py:161} INFO - Started process (PID=43820) to work on /home/airflow/dags/mlflow_tracking_dag.py
[2026-04-26T20:54:47.887+0000] {processor.py:830} INFO - Processing file /home/airflow/dags/mlflow_tracking_dag.py for tasks to queue
[2026-04-26T20:54:47.889+0000] {logging_mixin.py:188} INFO - [2026-04-26T20:54:47.889+0000] {dagbag.py:538} INFO - Filling up the DagBag from /home/airflow/dags/mlflow_tracking_dag.py
[2026-04-26T20:54:49.015+0000] {processor.py:840} INFO - DAG(s) 'model_training_pipeline' retrieved from /home/airflow/dags/mlflow_tracking_dag.py
[2026-04-26T20:54:49.121+0000] {logging_mixin.py:188} INFO - [2026-04-26T20:54:49.120+0000] {dag.py:3036} INFO - Sync 1 DAGs
[2026-04-26T20:54:49.143+0000] {logging_mixin.py:188} INFO - [2026-04-26T20:54:49.143+0000] {dag.py:3823} INFO - Setting next_dagrun for model_training_pipeline to 2026-04-26 00:00:00+00:00, run_after=2026-05-03 00:00:00+00:00
[2026-04-26T20:54:49.169+0000] {processor.py:183} INFO - Processing /home/airflow/dags/mlflow_tracking_dag.py took 1.287 seconds
[2026-04-26T20:55:19.729+0000] {processor.py:161} INFO - Started process (PID=43865) to work on /home/airflow/dags/mlflow_tracking_dag.py
[2026-04-26T20:55:19.730+0000] {processor.py:830} INFO - Processing file /home/airflow/dags/mlflow_tracking_dag.py for tasks to queue
[2026-04-26T20:55:19.732+0000] {logging_mixin.py:188} INFO - [2026-04-26T20:55:19.731+0000] {dagbag.py:538} INFO - Filling up the DagBag from /home/airflow/dags/mlflow_tracking_dag.py
[2026-04-26T20:55:22.546+0000] {processor.py:840} INFO - DAG(s) 'model_training_pipeline' retrieved from /home/airflow/dags/mlflow_tracking_dag.py
[2026-04-26T20:55:22.568+0000] {logging_mixin.py:188} INFO - [2026-04-26T20:55:22.567+0000] {dag.py:3036} INFO - Sync 1 DAGs
[2026-04-26T20:55:22.586+0000] {logging_mixin.py:188} INFO - [2026-04-26T20:55:22.586+0000] {dag.py:3823} INFO - Setting next_dagrun for model_training_pipeline to 2026-04-26 00:00:00+00:00, run_after=2026-05-03 00:00:00+00:00
[2026-04-26T20:55:22.607+0000] {processor.py:183} INFO - Processing /home/airflow/dags/mlflow_tracking_dag.py took 2.883 seconds
[2026-04-26T20:55:53.546+0000] {processor.py:161} INFO - Started process (PID=43910) to work on /home/airflow/dags/mlflow_tracking_dag.py
[2026-04-26T20:55:53.547+0000] {processor.py:830} INFO - Processing file /home/airflow/dags/mlflow_tracking_dag.py for tasks to queue
[2026-04-26T20:55:53.548+0000] {logging_mixin.py:188} INFO - [2026-04-26T20:55:53.548+0000] {dagbag.py:538} INFO - Filling up the DagBag from /home/airflow/dags/mlflow_tracking_dag.py
[2026-04-26T20:55:54.444+0000] {processor.py:840} INFO - DAG(s) 'model_training_pipeline' retrieved from /home/airflow/dags/mlflow_tracking_dag.py
[2026-04-26T20:55:54.464+0000] {logging_mixin.py:188} INFO - [2026-04-26T20:55:54.463+0000] {dag.py:3036} INFO - Sync 1 DAGs
[2026-04-26T20:55:54.492+0000] {logging_mixin.py:188} INFO - [2026-04-26T20:55:54.492+0000] {dag.py:3823} INFO - Setting next_dagrun for model_training_pipeline to 2026-04-26 00:00:00+00:00, run_after=2026-05-03 00:00:00+00:00
[2026-04-26T20:55:54.517+0000] {processor.py:183} INFO - Processing /home/airflow/dags/mlflow_tracking_dag.py took 0.975 seconds
[2026-04-26T20:56:24.818+0000] {processor.py:161} INFO - Started process (PID=43955) to work on /home/airflow/dags/mlflow_tracking_dag.py
[2026-04-26T20:56:24.819+0000] {processor.py:830} INFO - Processing file /home/airflow/dags/mlflow_tracking_dag.py for tasks to queue
[2026-04-26T20:56:24.820+0000] {logging_mixin.py:188} INFO - [2026-04-26T20:56:24.820+0000] {dagbag.py:538} INFO - Filling up the DagBag from /home/airflow/dags/mlflow_tracking_dag.py
[2026-04-26T20:56:25.698+0000] {processor.py:840} INFO - DAG(s) 'model_training_pipeline' retrieved from /home/airflow/dags/mlflow_tracking_dag.py
[2026-04-26T20:56:25.791+0000] {logging_mixin.py:188} INFO - [2026-04-26T20:56:25.790+0000] {dag.py:3036} INFO - Sync 1 DAGs
[2026-04-26T20:56:25.806+0000] {logging_mixin.py:188} INFO - [2026-04-26T20:56:25.806+0000] {dag.py:3823} INFO - Setting next_dagrun for model_training_pipeline to 2026-04-26 00:00:00+00:00, run_after=2026-05-03 00:00:00+00:00
[2026-04-26T20:56:25.831+0000] {processor.py:183} INFO - Processing /home/airflow/dags/mlflow_tracking_dag.py took 1.016 seconds
[2026-04-26T20:56:56.228+0000] {processor.py:161} INFO - Started process (PID=44000) to work on /home/airflow/dags/mlflow_tracking_dag.py
[2026-04-26T20:56:56.229+0000] {processor.py:830} INFO - Processing file /home/airflow/dags/mlflow_tracking_dag.py for tasks to queue
[2026-04-26T20:56:56.230+0000] {logging_mixin.py:188} INFO - [2026-04-26T20:56:56.230+0000] {dagbag.py:538} INFO - Filling up the DagBag from /home/airflow/dags/mlflow_tracking_dag.py
[2026-04-26T20:56:57.138+0000] {processor.py:840} INFO - DAG(s) 'model_training_pipeline' retrieved from /home/airflow/dags/mlflow_tracking_dag.py
[2026-04-26T20:56:57.157+0000] {logging_mixin.py:188} INFO - [2026-04-26T20:56:57.156+0000] {dag.py:3036} INFO - Sync 1 DAGs
[2026-04-26T20:56:57.172+0000] {logging_mixin.py:188} INFO - [2026-04-26T20:56:57.172+0000] {dag.py:3823} INFO - Setting next_dagrun for model_training_pipeline to 2026-04-26 00:00:00+00:00, run_after=2026-05-03 00:00:00+00:00
[2026-04-26T20:56:57.195+0000] {processor.py:183} INFO - Processing /home/airflow/dags/mlflow_tracking_dag.py took 0.970 seconds
[2026-04-26T20:57:27.498+0000] {processor.py:161} INFO - Started process (PID=44045) to work on /home/airflow/dags/mlflow_tracking_dag.py
[2026-04-26T20:57:27.499+0000] {processor.py:830} INFO - Processing file /home/airflow/dags/mlflow_tracking_dag.py for tasks to queue
[2026-04-26T20:57:27.500+0000] {logging_mixin.py:188} INFO - [2026-04-26T20:57:27.500+0000] {dagbag.py:538} INFO - Filling up the DagBag from /home/airflow/dags/mlflow_tracking_dag.py
[2026-04-26T20:57:28.404+0000] {processor.py:840} INFO - DAG(s) 'model_training_pipeline' retrieved from /home/airflow/dags/mlflow_tracking_dag.py
[2026-04-26T20:57:28.417+0000] {logging_mixin.py:188} INFO - [2026-04-26T20:57:28.417+0000] {dag.py:3036} INFO - Sync 1 DAGs
[2026-04-26T20:57:28.436+0000] {logging_mixin.py:188} INFO - [2026-04-26T20:57:28.436+0000] {dag.py:3823} INFO - Setting next_dagrun for model_training_pipeline to 2026-04-26 00:00:00+00:00, run_after=2026-05-03 00:00:00+00:00
[2026-04-26T20:57:28.457+0000] {processor.py:183} INFO - Processing /home/airflow/dags/mlflow_tracking_dag.py took 0.962 seconds
[2026-04-26T20:57:58.875+0000] {processor.py:161} INFO - Started process (PID=44090) to work on /home/airflow/dags/mlflow_tracking_dag.py
[2026-04-26T20:57:58.876+0000] {processor.py:830} INFO - Processing file /home/airflow/dags/mlflow_tracking_dag.py for tasks to queue
[2026-04-26T20:57:58.878+0000] {logging_mixin.py:188} INFO - [2026-04-26T20:57:58.877+0000] {dagbag.py:538} INFO - Filling up the DagBag from /home/airflow/dags/mlflow_tracking_dag.py
[2026-04-26T20:58:00.105+0000] {processor.py:840} INFO - DAG(s) 'model_training_pipeline' retrieved from /home/airflow/dags/mlflow_tracking_dag.py
[2026-04-26T20:58:00.213+0000] {logging_mixin.py:188} INFO - [2026-04-26T20:58:00.213+0000] {dag.py:3036} INFO - Sync 1 DAGs
[2026-04-26T20:58:00.228+0000] {logging_mixin.py:188} INFO - [2026-04-26T20:58:00.228+0000] {dag.py:3823} INFO - Setting next_dagrun for model_training_pipeline to 2026-04-26 00:00:00+00:00, run_after=2026-05-03 00:00:00+00:00
[2026-04-26T20:58:00.250+0000] {processor.py:183} INFO - Processing /home/airflow/dags/mlflow_tracking_dag.py took 1.380 seconds
[2026-04-26T20:58:31.085+0000] {processor.py:161} INFO - Started process (PID=44135) to work on /home/airflow/dags/mlflow_tracking_dag.py
[2026-04-26T20:58:31.087+0000] {processor.py:830} INFO - Processing file /home/airflow/dags/mlflow_tracking_dag.py for tasks to queue
[2026-04-26T20:58:31.088+0000] {logging_mixin.py:188} INFO - [2026-04-26T20:58:31.088+0000] {dagbag.py:538} INFO - Filling up the DagBag from /home/airflow/dags/mlflow_tracking_dag.py
[2026-04-26T20:58:31.967+0000] {processor.py:840} INFO - DAG(s) 'model_training_pipeline' retrieved from /home/airflow/dags/mlflow_tracking_dag.py
[2026-04-26T20:58:31.990+0000] {logging_mixin.py:188} INFO - [2026-04-26T20:58:31.990+0000] {dag.py:3036} INFO - Sync 1 DAGs
[2026-04-26T20:58:32.005+0000] {logging_mixin.py:188} INFO - [2026-04-26T20:58:32.005+0000] {dag.py:3823} INFO - Setting next_dagrun for model_training_pipeline to 2026-04-26 00:00:00+00:00, run_after=2026-05-03 00:00:00+00:00
[2026-04-26T20:58:32.028+0000] {processor.py:183} INFO - Processing /home/airflow/dags/mlflow_tracking_dag.py took 0.949 seconds
[2026-04-26T20:59:02.358+0000] {processor.py:161} INFO - Started process (PID=44180) to work on /home/airflow/dags/mlflow_tracking_dag.py
[2026-04-26T20:59:02.360+0000] {processor.py:830} INFO - Processing file /home/airflow/dags/mlflow_tracking_dag.py for tasks to queue
[2026-04-26T20:59:02.361+0000] {logging_mixin.py:188} INFO - [2026-04-26T20:59:02.361+0000] {dagbag.py:538} INFO - Filling up the DagBag from /home/airflow/dags/mlflow_tracking_dag.py
[2026-04-26T20:59:03.392+0000] {processor.py:840} INFO - DAG(s) 'model_training_pipeline' retrieved from /home/airflow/dags/mlflow_tracking_dag.py
[2026-04-26T20:59:03.466+0000] {logging_mixin.py:188} INFO - [2026-04-26T20:59:03.465+0000] {dag.py:3036} INFO - Sync 1 DAGs
[2026-04-26T20:59:03.540+0000] {logging_mixin.py:188} INFO - [2026-04-26T20:59:03.540+0000] {dag.py:3823} INFO - Setting next_dagrun for model_training_pipeline to 2026-04-26 00:00:00+00:00, run_after=2026-05-03 00:00:00+00:00
[2026-04-26T20:59:03.586+0000] {processor.py:183} INFO - Processing /home/airflow/dags/mlflow_tracking_dag.py took 1.231 seconds
[2026-04-26T20:59:34.003+0000] {processor.py:161} INFO - Started process (PID=44225) to work on /home/airflow/dags/mlflow_tracking_dag.py
[2026-04-26T20:59:34.004+0000] {processor.py:830} INFO - Processing file /home/airflow/dags/mlflow_tracking_dag.py for tasks to queue
[2026-04-26T20:59:34.006+0000] {logging_mixin.py:188} INFO - [2026-04-26T20:59:34.005+0000] {dagbag.py:538} INFO - Filling up the DagBag from /home/airflow/dags/mlflow_tracking_dag.py
[2026-04-26T20:59:35.677+0000] {processor.py:840} INFO - DAG(s) 'model_training_pipeline' retrieved from /home/airflow/dags/mlflow_tracking_dag.py
[2026-04-26T20:59:35.779+0000] {logging_mixin.py:188} INFO - [2026-04-26T20:59:35.779+0000] {dag.py:3036} INFO - Sync 1 DAGs
[2026-04-26T20:59:35.797+0000] {logging_mixin.py:188} INFO - [2026-04-26T20:59:35.797+0000] {dag.py:3823} INFO - Setting next_dagrun for model_training_pipeline to 2026-04-26 00:00:00+00:00, run_after=2026-05-03 00:00:00+00:00
[2026-04-26T20:59:35.828+0000] {processor.py:183} INFO - Processing /home/airflow/dags/mlflow_tracking_dag.py took 1.831 seconds
[2026-04-26T21:00:05.936+0000] {processor.py:161} INFO - Started process (PID=44276) to work on /home/airflow/dags/mlflow_tracking_dag.py
[2026-04-26T21:00:05.938+0000] {processor.py:830} INFO - Processing file /home/airflow/dags/mlflow_tracking_dag.py for tasks to queue
[2026-04-26T21:00:05.940+0000] {logging_mixin.py:188} INFO - [2026-04-26T21:00:05.939+0000] {dagbag.py:538} INFO - Filling up the DagBag from /home/airflow/dags/mlflow_tracking_dag.py
[2026-04-26T21:00:06.925+0000] {processor.py:840} INFO - DAG(s) 'model_training_pipeline' retrieved from /home/airflow/dags/mlflow_tracking_dag.py
[2026-04-26T21:00:06.949+0000] {logging_mixin.py:188} INFO - [2026-04-26T21:00:06.948+0000] {dag.py:3036} INFO - Sync 1 DAGs
[2026-04-26T21:00:06.966+0000] {logging_mixin.py:188} INFO - [2026-04-26T21:00:06.966+0000] {dag.py:3823} INFO - Setting next_dagrun for model_training_pipeline to 2026-04-26 00:00:00+00:00, run_after=2026-05-03 00:00:00+00:00
[2026-04-26T21:00:06.990+0000] {processor.py:183} INFO - Processing /home/airflow/dags/mlflow_tracking_dag.py took 1.058 seconds
[2026-04-26T21:00:37.339+0000] {processor.py:161} INFO - Started process (PID=44321) to work on /home/airflow/dags/mlflow_tracking_dag.py
[2026-04-26T21:00:37.340+0000] {processor.py:830} INFO - Processing file /home/airflow/dags/mlflow_tracking_dag.py for tasks to queue
[2026-04-26T21:00:37.341+0000] {logging_mixin.py:188} INFO - [2026-04-26T21:00:37.341+0000] {dagbag.py:538} INFO - Filling up the DagBag from /home/airflow/dags/mlflow_tracking_dag.py
[2026-04-26T21:00:38.184+0000] {processor.py:840} INFO - DAG(s) 'model_training_pipeline' retrieved from /home/airflow/dags/mlflow_tracking_dag.py
[2026-04-26T21:00:38.196+0000] {logging_mixin.py:188} INFO - [2026-04-26T21:00:38.195+0000] {dag.py:3036} INFO - Sync 1 DAGs
[2026-04-26T21:00:38.215+0000] {logging_mixin.py:188} INFO - [2026-04-26T21:00:38.215+0000] {dag.py:3823} INFO - Setting next_dagrun for model_training_pipeline to 2026-04-26 00:00:00+00:00, run_after=2026-05-03 00:00:00+00:00
[2026-04-26T21:00:38.237+0000] {processor.py:183} INFO - Processing /home/airflow/dags/mlflow_tracking_dag.py took 0.901 seconds
[2026-04-26T21:01:08.431+0000] {processor.py:161} INFO - Started process (PID=44366) to work on /home/airflow/dags/mlflow_tracking_dag.py
[2026-04-26T21:01:08.432+0000] {processor.py:830} INFO - Processing file /home/airflow/dags/mlflow_tracking_dag.py for tasks to queue
[2026-04-26T21:01:08.433+0000] {logging_mixin.py:188} INFO - [2026-04-26T21:01:08.433+0000] {dagbag.py:538} INFO - Filling up the DagBag from /home/airflow/dags/mlflow_tracking_dag.py
[2026-04-26T21:01:09.340+0000] {processor.py:840} INFO - DAG(s) 'model_training_pipeline' retrieved from /home/airflow/dags/mlflow_tracking_dag.py
[2026-04-26T21:01:09.494+0000] {logging_mixin.py:188} INFO - [2026-04-26T21:01:09.494+0000] {dag.py:3036} INFO - Sync 1 DAGs
[2026-04-26T21:01:09.510+0000] {logging_mixin.py:188} INFO - [2026-04-26T21:01:09.510+0000] {dag.py:3823} INFO - Setting next_dagrun for model_training_pipeline to 2026-04-26 00:00:00+00:00, run_after=2026-05-03 00:00:00+00:00
[2026-04-26T21:01:09.533+0000] {processor.py:183} INFO - Processing /home/airflow/dags/mlflow_tracking_dag.py took 1.106 seconds
[2026-04-26T21:01:39.843+0000] {processor.py:161} INFO - Started process (PID=44411) to work on /home/airflow/dags/mlflow_tracking_dag.py
[2026-04-26T21:01:39.844+0000] {processor.py:830} INFO - Processing file /home/airflow/dags/mlflow_tracking_dag.py for tasks to queue
[2026-04-26T21:01:39.845+0000] {logging_mixin.py:188} INFO - [2026-04-26T21:01:39.845+0000] {dagbag.py:538} INFO - Filling up the DagBag from /home/airflow/dags/mlflow_tracking_dag.py
[2026-04-26T21:01:40.673+0000] {processor.py:840} INFO - DAG(s) 'model_training_pipeline' retrieved from /home/airflow/dags/mlflow_tracking_dag.py
[2026-04-26T21:01:40.696+0000] {logging_mixin.py:188} INFO - [2026-04-26T21:01:40.696+0000] {dag.py:3036} INFO - Sync 1 DAGs
[2026-04-26T21:01:40.713+0000] {logging_mixin.py:188} INFO - [2026-04-26T21:01:40.713+0000] {dag.py:3823} INFO - Setting next_dagrun for model_training_pipeline to 2026-04-26 00:00:00+00:00, run_after=2026-05-03 00:00:00+00:00
[2026-04-26T21:01:40.735+0000] {processor.py:183} INFO - Processing /home/airflow/dags/mlflow_tracking_dag.py took 0.896 seconds
[2026-04-26T21:02:10.988+0000] {processor.py:161} INFO - Started process (PID=44456) to work on /home/airflow/dags/mlflow_tracking_dag.py
[2026-04-26T21:02:10.990+0000] {processor.py:830} INFO - Processing file /home/airflow/dags/mlflow_tracking_dag.py for tasks to queue
[2026-04-26T21:02:10.991+0000] {logging_mixin.py:188} INFO - [2026-04-26T21:02:10.991+0000] {dagbag.py:538} INFO - Filling up the DagBag from /home/airflow/dags/mlflow_tracking_dag.py
[2026-04-26T21:02:11.861+0000] {processor.py:840} INFO - DAG(s) 'model_training_pipeline' retrieved from /home/airflow/dags/mlflow_tracking_dag.py
[2026-04-26T21:02:11.873+0000] {logging_mixin.py:188} INFO - [2026-04-26T21:02:11.873+0000] {dag.py:3036} INFO - Sync 1 DAGs
[2026-04-26T21:02:11.888+0000] {logging_mixin.py:188} INFO - [2026-04-26T21:02:11.888+0000] {dag.py:3823} INFO - Setting next_dagrun for model_training_pipeline to 2026-04-26 00:00:00+00:00, run_after=2026-05-03 00:00:00+00:00
[2026-04-26T21:02:11.911+0000] {processor.py:183} INFO - Processing /home/airflow/dags/mlflow_tracking_dag.py took 0.927 seconds
[2026-04-26T21:02:42.040+0000] {processor.py:161} INFO - Started process (PID=44501) to work on /home/airflow/dags/mlflow_tracking_dag.py
[2026-04-26T21:02:42.041+0000] {processor.py:830} INFO - Processing file /home/airflow/dags/mlflow_tracking_dag.py for tasks to queue
[2026-04-26T21:02:42.043+0000] {logging_mixin.py:188} INFO - [2026-04-26T21:02:42.042+0000] {dagbag.py:538} INFO - Filling up the DagBag from /home/airflow/dags/mlflow_tracking_dag.py
[2026-04-26T21:02:43.424+0000] {processor.py:840} INFO - DAG(s) 'model_training_pipeline' retrieved from /home/airflow/dags/mlflow_tracking_dag.py
[2026-04-26T21:02:43.516+0000] {logging_mixin.py:188} INFO - [2026-04-26T21:02:43.515+0000] {dag.py:3036} INFO - Sync 1 DAGs
[2026-04-26T21:02:43.533+0000] {logging_mixin.py:188} INFO - [2026-04-26T21:02:43.533+0000] {dag.py:3823} INFO - Setting next_dagrun for model_training_pipeline to 2026-04-26 00:00:00+00:00, run_after=2026-05-03 00:00:00+00:00
[2026-04-26T21:02:43.556+0000] {processor.py:183} INFO - Processing /home/airflow/dags/mlflow_tracking_dag.py took 1.520 seconds
[2026-04-26T21:03:14.068+0000] {processor.py:161} INFO - Started process (PID=44546) to work on /home/airflow/dags/mlflow_tracking_dag.py
[2026-04-26T21:03:14.070+0000] {processor.py:830} INFO - Processing file /home/airflow/dags/mlflow_tracking_dag.py for tasks to queue
[2026-04-26T21:03:14.071+0000] {logging_mixin.py:188} INFO - [2026-04-26T21:03:14.070+0000] {dagbag.py:538} INFO - Filling up the DagBag from /home/airflow/dags/mlflow_tracking_dag.py
[2026-04-26T21:03:14.892+0000] {processor.py:840} INFO - DAG(s) 'model_training_pipeline' retrieved from /home/airflow/dags/mlflow_tracking_dag.py
[2026-04-26T21:03:14.913+0000] {logging_mixin.py:188} INFO - [2026-04-26T21:03:14.913+0000] {dag.py:3036} INFO - Sync 1 DAGs
[2026-04-26T21:03:14.929+0000] {logging_mixin.py:188} INFO - [2026-04-26T21:03:14.929+0000] {dag.py:3823} INFO - Setting next_dagrun for model_training_pipeline to 2026-04-26 00:00:00+00:00, run_after=2026-05-03 00:00:00+00:00
[2026-04-26T21:03:14.952+0000] {processor.py:183} INFO - Processing /home/airflow/dags/mlflow_tracking_dag.py took 0.886 seconds
[2026-04-26T21:03:45.428+0000] {processor.py:161} INFO - Started process (PID=44591) to work on /home/airflow/dags/mlflow_tracking_dag.py
[2026-04-26T21:03:45.429+0000] {processor.py:830} INFO - Processing file /home/airflow/dags/mlflow_tracking_dag.py for tasks to queue
[2026-04-26T21:03:45.431+0000] {logging_mixin.py:188} INFO - [2026-04-26T21:03:45.430+0000] {dagbag.py:538} INFO - Filling up the DagBag from /home/airflow/dags/mlflow_tracking_dag.py
[2026-04-26T21:03:46.418+0000] {processor.py:840} INFO - DAG(s) 'model_training_pipeline' retrieved from /home/airflow/dags/mlflow_tracking_dag.py
[2026-04-26T21:03:46.431+0000] {logging_mixin.py:188} INFO - [2026-04-26T21:03:46.430+0000] {dag.py:3036} INFO - Sync 1 DAGs
[2026-04-26T21:03:46.447+0000] {logging_mixin.py:188} INFO - [2026-04-26T21:03:46.447+0000] {dag.py:3823} INFO - Setting next_dagrun for model_training_pipeline to 2026-04-26 00:00:00+00:00, run_after=2026-05-03 00:00:00+00:00
[2026-04-26T21:03:46.472+0000] {processor.py:183} INFO - Processing /home/airflow/dags/mlflow_tracking_dag.py took 1.047 seconds
[2026-04-26T21:04:16.649+0000] {processor.py:161} INFO - Started process (PID=44636) to work on /home/airflow/dags/mlflow_tracking_dag.py
[2026-04-26T21:04:16.652+0000] {processor.py:830} INFO - Processing file /home/airflow/dags/mlflow_tracking_dag.py for tasks to queue
[2026-04-26T21:04:16.655+0000] {logging_mixin.py:188} INFO - [2026-04-26T21:04:16.654+0000] {dagbag.py:538} INFO - Filling up the DagBag from /home/airflow/dags/mlflow_tracking_dag.py
[2026-04-26T21:04:17.827+0000] {processor.py:840} INFO - DAG(s) 'model_training_pipeline' retrieved from /home/airflow/dags/mlflow_tracking_dag.py
[2026-04-26T21:04:17.927+0000] {logging_mixin.py:188} INFO - [2026-04-26T21:04:17.926+0000] {dag.py:3036} INFO - Sync 1 DAGs
[2026-04-26T21:04:17.944+0000] {logging_mixin.py:188} INFO - [2026-04-26T21:04:17.943+0000] {dag.py:3823} INFO - Setting next_dagrun for model_training_pipeline to 2026-04-26 00:00:00+00:00, run_after=2026-05-03 00:00:00+00:00
[2026-04-26T21:04:17.975+0000] {processor.py:183} INFO - Processing /home/airflow/dags/mlflow_tracking_dag.py took 1.330 seconds
[2026-04-26T21:04:48.347+0000] {processor.py:161} INFO - Started process (PID=44681) to work on /home/airflow/dags/mlflow_tracking_dag.py
[2026-04-26T21:04:48.349+0000] {processor.py:830} INFO - Processing file /home/airflow/dags/mlflow_tracking_dag.py for tasks to queue
[2026-04-26T21:04:48.350+0000] {logging_mixin.py:188} INFO - [2026-04-26T21:04:48.350+0000] {dagbag.py:538} INFO - Filling up the DagBag from /home/airflow/dags/mlflow_tracking_dag.py
[2026-04-26T21:04:49.292+0000] {processor.py:840} INFO - DAG(s) 'model_training_pipeline' retrieved from /home/airflow/dags/mlflow_tracking_dag.py
[2026-04-26T21:04:49.336+0000] {logging_mixin.py:188} INFO - [2026-04-26T21:04:49.335+0000] {dag.py:3036} INFO - Sync 1 DAGs
[2026-04-26T21:04:49.369+0000] {logging_mixin.py:188} INFO - [2026-04-26T21:04:49.368+0000] {dag.py:3823} INFO - Setting next_dagrun for model_training_pipeline to 2026-04-26 00:00:00+00:00, run_after=2026-05-03 00:00:00+00:00
[2026-04-26T21:04:49.396+0000] {processor.py:183} INFO - Processing /home/airflow/dags/mlflow_tracking_dag.py took 1.052 seconds
[2026-04-26T21:05:19.763+0000] {processor.py:161} INFO - Started process (PID=44726) to work on /home/airflow/dags/mlflow_tracking_dag.py
[2026-04-26T21:05:19.765+0000] {processor.py:830} INFO - Processing file /home/airflow/dags/mlflow_tracking_dag.py for tasks to queue
[2026-04-26T21:05:19.766+0000] {logging_mixin.py:188} INFO - [2026-04-26T21:05:19.765+0000] {dagbag.py:538} INFO - Filling up the DagBag from /home/airflow/dags/mlflow_tracking_dag.py
[2026-04-26T21:05:20.740+0000] {processor.py:840} INFO - DAG(s) 'model_training_pipeline' retrieved from /home/airflow/dags/mlflow_tracking_dag.py
[2026-04-26T21:05:20.754+0000] {logging_mixin.py:188} INFO - [2026-04-26T21:05:20.753+0000] {dag.py:3036} INFO - Sync 1 DAGs
[2026-04-26T21:05:20.773+0000] {logging_mixin.py:188} INFO - [2026-04-26T21:05:20.773+0000] {dag.py:3823} INFO - Setting next_dagrun for model_training_pipeline to 2026-04-26 00:00:00+00:00, run_after=2026-05-03 00:00:00+00:00
[2026-04-26T21:05:20.798+0000] {processor.py:183} INFO - Processing /home/airflow/dags/mlflow_tracking_dag.py took 1.039 seconds
[2026-04-26T21:05:51.170+0000] {processor.py:161} INFO - Started process (PID=44771) to work on /home/airflow/dags/mlflow_tracking_dag.py
[2026-04-26T21:05:51.171+0000] {processor.py:830} INFO - Processing file /home/airflow/dags/mlflow_tracking_dag.py for tasks to queue
[2026-04-26T21:05:51.172+0000] {logging_mixin.py:188} INFO - [2026-04-26T21:05:51.172+0000] {dagbag.py:538} INFO - Filling up the DagBag from /home/airflow/dags/mlflow_tracking_dag.py
[2026-04-26T21:05:51.980+0000] {processor.py:840} INFO - DAG(s) 'model_training_pipeline' retrieved from /home/airflow/dags/mlflow_tracking_dag.py
[2026-04-26T21:05:52.058+0000] {logging_mixin.py:188} INFO - [2026-04-26T21:05:52.057+0000] {dag.py:3036} INFO - Sync 1 DAGs
[2026-04-26T21:05:52.071+0000] {logging_mixin.py:188} INFO - [2026-04-26T21:05:52.071+0000] {dag.py:3823} INFO - Setting next_dagrun for model_training_pipeline to 2026-04-26 00:00:00+00:00, run_after=2026-05-03 00:00:00+00:00
[2026-04-26T21:05:52.094+0000] {processor.py:183} INFO - Processing /home/airflow/dags/mlflow_tracking_dag.py took 0.927 seconds
[2026-04-26T21:06:22.705+0000] {processor.py:161} INFO - Started process (PID=44816) to work on /home/airflow/dags/mlflow_tracking_dag.py
[2026-04-26T21:06:22.706+0000] {processor.py:830} INFO - Processing file /home/airflow/dags/mlflow_tracking_dag.py for tasks to queue
[2026-04-26T21:06:22.707+0000] {logging_mixin.py:188} INFO - [2026-04-26T21:06:22.707+0000] {dagbag.py:538} INFO - Filling up the DagBag from /home/airflow/dags/mlflow_tracking_dag.py
[2026-04-26T21:06:23.571+0000] {processor.py:840} INFO - DAG(s) 'model_training_pipeline' retrieved from /home/airflow/dags/mlflow_tracking_dag.py
[2026-04-26T21:06:23.591+0000] {logging_mixin.py:188} INFO - [2026-04-26T21:06:23.590+0000] {dag.py:3036} INFO - Sync 1 DAGs
[2026-04-26T21:06:23.605+0000] {logging_mixin.py:188} INFO - [2026-04-26T21:06:23.605+0000] {dag.py:3823} INFO - Setting next_dagrun for model_training_pipeline to 2026-04-26 00:00:00+00:00, run_after=2026-05-03 00:00:00+00:00
[2026-04-26T21:06:23.626+0000] {processor.py:183} INFO - Processing /home/airflow/dags/mlflow_tracking_dag.py took 0.925 seconds
[2026-04-26T21:06:54.141+0000] {processor.py:161} INFO - Started process (PID=44861) to work on /home/airflow/dags/mlflow_tracking_dag.py
[2026-04-26T21:06:54.142+0000] {processor.py:830} INFO - Processing file /home/airflow/dags/mlflow_tracking_dag.py for tasks to queue
[2026-04-26T21:06:54.143+0000] {logging_mixin.py:188} INFO - [2026-04-26T21:06:54.143+0000] {dagbag.py:538} INFO - Filling up the DagBag from /home/airflow/dags/mlflow_tracking_dag.py
[2026-04-26T21:06:54.968+0000] {processor.py:840} INFO - DAG(s) 'model_training_pipeline' retrieved from /home/airflow/dags/mlflow_tracking_dag.py
[2026-04-26T21:06:54.980+0000] {logging_mixin.py:188} INFO - [2026-04-26T21:06:54.980+0000] {dag.py:3036} INFO - Sync 1 DAGs
[2026-04-26T21:06:54.998+0000] {logging_mixin.py:188} INFO - [2026-04-26T21:06:54.998+0000] {dag.py:3823} INFO - Setting next_dagrun for model_training_pipeline to 2026-04-26 00:00:00+00:00, run_after=2026-05-03 00:00:00+00:00
[2026-04-26T21:06:55.029+0000] {processor.py:183} INFO - Processing /home/airflow/dags/mlflow_tracking_dag.py took 0.891 seconds
[2026-04-26T21:07:25.385+0000] {processor.py:161} INFO - Started process (PID=44906) to work on /home/airflow/dags/mlflow_tracking_dag.py
[2026-04-26T21:07:25.387+0000] {processor.py:830} INFO - Processing file /home/airflow/dags/mlflow_tracking_dag.py for tasks to queue
[2026-04-26T21:07:25.388+0000] {logging_mixin.py:188} INFO - [2026-04-26T21:07:25.387+0000] {dagbag.py:538} INFO - Filling up the DagBag from /home/airflow/dags/mlflow_tracking_dag.py
[2026-04-26T21:07:26.185+0000] {processor.py:840} INFO - DAG(s) 'model_training_pipeline' retrieved from /home/airflow/dags/mlflow_tracking_dag.py
[2026-04-26T21:07:26.374+0000] {logging_mixin.py:188} INFO - [2026-04-26T21:07:26.374+0000] {dag.py:3036} INFO - Sync 1 DAGs
[2026-04-26T21:07:26.387+0000] {logging_mixin.py:188} INFO - [2026-04-26T21:07:26.387+0000] {dag.py:3823} INFO - Setting next_dagrun for model_training_pipeline to 2026-04-26 00:00:00+00:00, run_after=2026-05-03 00:00:00+00:00
[2026-04-26T21:07:26.410+0000] {processor.py:183} INFO - Processing /home/airflow/dags/mlflow_tracking_dag.py took 1.028 seconds
[2026-04-26T21:07:56.772+0000] {processor.py:161} INFO - Started process (PID=44951) to work on /home/airflow/dags/mlflow_tracking_dag.py
[2026-04-26T21:07:56.773+0000] {processor.py:830} INFO - Processing file /home/airflow/dags/mlflow_tracking_dag.py for tasks to queue
[2026-04-26T21:07:56.774+0000] {logging_mixin.py:188} INFO - [2026-04-26T21:07:56.773+0000] {dagbag.py:538} INFO - Filling up the DagBag from /home/airflow/dags/mlflow_tracking_dag.py
[2026-04-26T21:07:57.702+0000] {processor.py:840} INFO - DAG(s) 'model_training_pipeline' retrieved from /home/airflow/dags/mlflow_tracking_dag.py
[2026-04-26T21:07:57.723+0000] {logging_mixin.py:188} INFO - [2026-04-26T21:07:57.723+0000] {dag.py:3036} INFO - Sync 1 DAGs
[2026-04-26T21:07:57.737+0000] {logging_mixin.py:188} INFO - [2026-04-26T21:07:57.737+0000] {dag.py:3823} INFO - Setting next_dagrun for model_training_pipeline to 2026-04-26 00:00:00+00:00, run_after=2026-05-03 00:00:00+00:00
[2026-04-26T21:07:57.762+0000] {processor.py:183} INFO - Processing /home/airflow/dags/mlflow_tracking_dag.py took 0.993 seconds
[2026-04-26T21:08:28.430+0000] {processor.py:161} INFO - Started process (PID=44996) to work on /home/airflow/dags/mlflow_tracking_dag.py
[2026-04-26T21:08:28.432+0000] {processor.py:830} INFO - Processing file /home/airflow/dags/mlflow_tracking_dag.py for tasks to queue
[2026-04-26T21:08:28.434+0000] {logging_mixin.py:188} INFO - [2026-04-26T21:08:28.433+0000] {dagbag.py:538} INFO - Filling up the DagBag from /home/airflow/dags/mlflow_tracking_dag.py
[2026-04-26T21:08:29.470+0000] {processor.py:840} INFO - DAG(s) 'model_training_pipeline' retrieved from /home/airflow/dags/mlflow_tracking_dag.py
[2026-04-26T21:08:29.488+0000] {logging_mixin.py:188} INFO - [2026-04-26T21:08:29.487+0000] {dag.py:3036} INFO - Sync 1 DAGs
[2026-04-26T21:08:29.517+0000] {logging_mixin.py:188} INFO - [2026-04-26T21:08:29.517+0000] {dag.py:3823} INFO - Setting next_dagrun for model_training_pipeline to 2026-04-26 00:00:00+00:00, run_after=2026-05-03 00:00:00+00:00
[2026-04-26T21:08:29.545+0000] {processor.py:183} INFO - Processing /home/airflow/dags/mlflow_tracking_dag.py took 1.120 seconds
[2026-04-26T21:08:59.948+0000] {processor.py:161} INFO - Started process (PID=45041) to work on /home/airflow/dags/mlflow_tracking_dag.py
[2026-04-26T21:08:59.949+0000] {processor.py:830} INFO - Processing file /home/airflow/dags/mlflow_tracking_dag.py for tasks to queue
[2026-04-26T21:08:59.950+0000] {logging_mixin.py:188} INFO - [2026-04-26T21:08:59.950+0000] {dagbag.py:538} INFO - Filling up the DagBag from /home/airflow/dags/mlflow_tracking_dag.py
[2026-04-26T21:09:00.968+0000] {processor.py:840} INFO - DAG(s) 'model_training_pipeline' retrieved from /home/airflow/dags/mlflow_tracking_dag.py
[2026-04-26T21:09:01.162+0000] {logging_mixin.py:188} INFO - [2026-04-26T21:09:01.162+0000] {dag.py:3036} INFO - Sync 1 DAGs
[2026-04-26T21:09:01.177+0000] {logging_mixin.py:188} INFO - [2026-04-26T21:09:01.177+0000] {dag.py:3823} INFO - Setting next_dagrun for model_training_pipeline to 2026-04-26 00:00:00+00:00, run_after=2026-05-03 00:00:00+00:00
[2026-04-26T21:09:01.199+0000] {processor.py:183} INFO - Processing /home/airflow/dags/mlflow_tracking_dag.py took 1.255 seconds
[2026-04-26T21:09:31.291+0000] {processor.py:161} INFO - Started process (PID=45086) to work on /home/airflow/dags/mlflow_tracking_dag.py
[2026-04-26T21:09:31.292+0000] {processor.py:830} INFO - Processing file /home/airflow/dags/mlflow_tracking_dag.py for tasks to queue
[2026-04-26T21:09:31.293+0000] {logging_mixin.py:188} INFO - [2026-04-26T21:09:31.293+0000] {dagbag.py:538} INFO - Filling up the DagBag from /home/airflow/dags/mlflow_tracking_dag.py
[2026-04-26T21:09:32.089+0000] {processor.py:840} INFO - DAG(s) 'model_training_pipeline' retrieved from /home/airflow/dags/mlflow_tracking_dag.py
[2026-04-26T21:09:32.111+0000] {logging_mixin.py:188} INFO - [2026-04-26T21:09:32.110+0000] {dag.py:3036} INFO - Sync 1 DAGs
[2026-04-26T21:09:32.240+0000] {logging_mixin.py:188} INFO - [2026-04-26T21:09:32.239+0000] {dag.py:3823} INFO - Setting next_dagrun for model_training_pipeline to 2026-04-26 00:00:00+00:00, run_after=2026-05-03 00:00:00+00:00
[2026-04-26T21:09:32.263+0000] {processor.py:183} INFO - Processing /home/airflow/dags/mlflow_tracking_dag.py took 0.976 seconds
[2026-04-26T21:10:02.564+0000] {processor.py:161} INFO - Started process (PID=45131) to work on /home/airflow/dags/mlflow_tracking_dag.py
[2026-04-26T21:10:02.565+0000] {processor.py:830} INFO - Processing file /home/airflow/dags/mlflow_tracking_dag.py for tasks to queue
[2026-04-26T21:10:02.566+0000] {logging_mixin.py:188} INFO - [2026-04-26T21:10:02.566+0000] {dagbag.py:538} INFO - Filling up the DagBag from /home/airflow/dags/mlflow_tracking_dag.py
[2026-04-26T21:10:03.546+0000] {processor.py:840} INFO - DAG(s) 'model_training_pipeline' retrieved from /home/airflow/dags/mlflow_tracking_dag.py
[2026-04-26T21:10:03.678+0000] {logging_mixin.py:188} INFO - [2026-04-26T21:10:03.559+0000] {dag.py:3036} INFO - Sync 1 DAGs
[2026-04-26T21:10:03.695+0000] {logging_mixin.py:188} INFO - [2026-04-26T21:10:03.695+0000] {dag.py:3823} INFO - Setting next_dagrun for model_training_pipeline to 2026-04-26 00:00:00+00:00, run_after=2026-05-03 00:00:00+00:00
[2026-04-26T21:10:03.720+0000] {processor.py:183} INFO - Processing /home/airflow/dags/mlflow_tracking_dag.py took 1.159 seconds
[2026-04-26T21:10:34.141+0000] {processor.py:161} INFO - Started process (PID=45176) to work on /home/airflow/dags/mlflow_tracking_dag.py
[2026-04-26T21:10:34.142+0000] {processor.py:830} INFO - Processing file /home/airflow/dags/mlflow_tracking_dag.py for tasks to queue
[2026-04-26T21:10:34.143+0000] {logging_mixin.py:188} INFO - [2026-04-26T21:10:34.143+0000] {dagbag.py:538} INFO - Filling up the DagBag from /home/airflow/dags/mlflow_tracking_dag.py
[2026-04-26T21:10:35.339+0000] {processor.py:840} INFO - DAG(s) 'model_training_pipeline' retrieved from /home/airflow/dags/mlflow_tracking_dag.py
[2026-04-26T21:10:35.430+0000] {logging_mixin.py:188} INFO - [2026-04-26T21:10:35.430+0000] {dag.py:3036} INFO - Sync 1 DAGs
[2026-04-26T21:10:35.445+0000] {logging_mixin.py:188} INFO - [2026-04-26T21:10:35.445+0000] {dag.py:3823} INFO - Setting next_dagrun for model_training_pipeline to 2026-04-26 00:00:00+00:00, run_after=2026-05-03 00:00:00+00:00
[2026-04-26T21:10:35.469+0000] {processor.py:183} INFO - Processing /home/airflow/dags/mlflow_tracking_dag.py took 1.332 seconds
[2026-04-26T21:11:05.707+0000] {processor.py:161} INFO - Started process (PID=45221) to work on /home/airflow/dags/mlflow_tracking_dag.py
[2026-04-26T21:11:05.708+0000] {processor.py:830} INFO - Processing file /home/airflow/dags/mlflow_tracking_dag.py for tasks to queue
[2026-04-26T21:11:05.709+0000] {logging_mixin.py:188} INFO - [2026-04-26T21:11:05.709+0000] {dagbag.py:538} INFO - Filling up the DagBag from /home/airflow/dags/mlflow_tracking_dag.py
[2026-04-26T21:11:06.765+0000] {processor.py:840} INFO - DAG(s) 'model_training_pipeline' retrieved from /home/airflow/dags/mlflow_tracking_dag.py
[2026-04-26T21:11:06.790+0000] {logging_mixin.py:188} INFO - [2026-04-26T21:11:06.790+0000] {dag.py:3036} INFO - Sync 1 DAGs
[2026-04-26T21:11:06.808+0000] {logging_mixin.py:188} INFO - [2026-04-26T21:11:06.807+0000] {dag.py:3823} INFO - Setting next_dagrun for model_training_pipeline to 2026-04-26 00:00:00+00:00, run_after=2026-05-03 00:00:00+00:00
[2026-04-26T21:11:06.834+0000] {processor.py:183} INFO - Processing /home/airflow/dags/mlflow_tracking_dag.py took 1.132 seconds
[2026-04-26T21:11:37.315+0000] {processor.py:161} INFO - Started process (PID=45266) to work on /home/airflow/dags/mlflow_tracking_dag.py
[2026-04-26T21:11:37.317+0000] {processor.py:830} INFO - Processing file /home/airflow/dags/mlflow_tracking_dag.py for tasks to queue
[2026-04-26T21:11:37.318+0000] {logging_mixin.py:188} INFO - [2026-04-26T21:11:37.318+0000] {dagbag.py:538} INFO - Filling up the DagBag from /home/airflow/dags/mlflow_tracking_dag.py
[2026-04-26T21:11:38.644+0000] {processor.py:840} INFO - DAG(s) 'model_training_pipeline' retrieved from /home/airflow/dags/mlflow_tracking_dag.py
[2026-04-26T21:11:38.662+0000] {logging_mixin.py:188} INFO - [2026-04-26T21:11:38.661+0000] {dag.py:3036} INFO - Sync 1 DAGs
[2026-04-26T21:11:38.693+0000] {logging_mixin.py:188} INFO - [2026-04-26T21:11:38.692+0000] {dag.py:3823} INFO - Setting next_dagrun for model_training_pipeline to 2026-04-26 00:00:00+00:00, run_after=2026-05-03 00:00:00+00:00
[2026-04-26T21:11:38.734+0000] {processor.py:183} INFO - Processing /home/airflow/dags/mlflow_tracking_dag.py took 1.424 seconds
[2026-04-26T21:12:08.847+0000] {processor.py:161} INFO - Started process (PID=45311) to work on /home/airflow/dags/mlflow_tracking_dag.py
[2026-04-26T21:12:08.849+0000] {processor.py:830} INFO - Processing file /home/airflow/dags/mlflow_tracking_dag.py for tasks to queue
[2026-04-26T21:12:08.850+0000] {logging_mixin.py:188} INFO - [2026-04-26T21:12:08.850+0000] {dagbag.py:538} INFO - Filling up the DagBag from /home/airflow/dags/mlflow_tracking_dag.py
[2026-04-26T21:12:10.052+0000] {processor.py:840} INFO - DAG(s) 'model_training_pipeline' retrieved from /home/airflow/dags/mlflow_tracking_dag.py
[2026-04-26T21:12:10.163+0000] {logging_mixin.py:188} INFO - [2026-04-26T21:12:10.163+0000] {dag.py:3036} INFO - Sync 1 DAGs
[2026-04-26T21:12:10.182+0000] {logging_mixin.py:188} INFO - [2026-04-26T21:12:10.181+0000] {dag.py:3823} INFO - Setting next_dagrun for model_training_pipeline to 2026-04-26 00:00:00+00:00, run_after=2026-05-03 00:00:00+00:00
[2026-04-26T21:12:10.206+0000] {processor.py:183} INFO - Processing /home/airflow/dags/mlflow_tracking_dag.py took 1.363 seconds
[2026-04-26T21:12:40.857+0000] {processor.py:161} INFO - Started process (PID=45356) to work on /home/airflow/dags/mlflow_tracking_dag.py
[2026-04-26T21:12:40.859+0000] {processor.py:830} INFO - Processing file /home/airflow/dags/mlflow_tracking_dag.py for tasks to queue
[2026-04-26T21:12:40.861+0000] {logging_mixin.py:188} INFO - [2026-04-26T21:12:40.860+0000] {dagbag.py:538} INFO - Filling up the DagBag from /home/airflow/dags/mlflow_tracking_dag.py
[2026-04-26T21:12:41.812+0000] {processor.py:840} INFO - DAG(s) 'model_training_pipeline' retrieved from /home/airflow/dags/mlflow_tracking_dag.py
[2026-04-26T21:12:41.835+0000] {logging_mixin.py:188} INFO - [2026-04-26T21:12:41.834+0000] {dag.py:3036} INFO - Sync 1 DAGs
[2026-04-26T21:12:41.853+0000] {logging_mixin.py:188} INFO - [2026-04-26T21:12:41.853+0000] {dag.py:3823} INFO - Setting next_dagrun for model_training_pipeline to 2026-04-26 00:00:00+00:00, run_after=2026-05-03 00:00:00+00:00
[2026-04-26T21:12:41.881+0000] {processor.py:183} INFO - Processing /home/airflow/dags/mlflow_tracking_dag.py took 1.027 seconds
[2026-04-26T21:13:12.266+0000] {processor.py:161} INFO - Started process (PID=45401) to work on /home/airflow/dags/mlflow_tracking_dag.py
[2026-04-26T21:13:12.268+0000] {processor.py:830} INFO - Processing file /home/airflow/dags/mlflow_tracking_dag.py for tasks to queue
[2026-04-26T21:13:12.269+0000] {logging_mixin.py:188} INFO - [2026-04-26T21:13:12.269+0000] {dagbag.py:538} INFO - Filling up the DagBag from /home/airflow/dags/mlflow_tracking_dag.py
[2026-04-26T21:13:13.320+0000] {processor.py:840} INFO - DAG(s) 'model_training_pipeline' retrieved from /home/airflow/dags/mlflow_tracking_dag.py
[2026-04-26T21:13:13.332+0000] {logging_mixin.py:188} INFO - [2026-04-26T21:13:13.331+0000] {dag.py:3036} INFO - Sync 1 DAGs
[2026-04-26T21:13:13.348+0000] {logging_mixin.py:188} INFO - [2026-04-26T21:13:13.347+0000] {dag.py:3823} INFO - Setting next_dagrun for model_training_pipeline to 2026-04-26 00:00:00+00:00, run_after=2026-05-03 00:00:00+00:00
[2026-04-26T21:13:13.367+0000] {processor.py:183} INFO - Processing /home/airflow/dags/mlflow_tracking_dag.py took 1.106 seconds
[2026-04-26T21:13:43.807+0000] {processor.py:161} INFO - Started process (PID=45446) to work on /home/airflow/dags/mlflow_tracking_dag.py
[2026-04-26T21:13:43.809+0000] {processor.py:830} INFO - Processing file /home/airflow/dags/mlflow_tracking_dag.py for tasks to queue
[2026-04-26T21:13:43.810+0000] {logging_mixin.py:188} INFO - [2026-04-26T21:13:43.810+0000] {dagbag.py:538} INFO - Filling up the DagBag from /home/airflow/dags/mlflow_tracking_dag.py
[2026-04-26T21:13:44.845+0000] {processor.py:840} INFO - DAG(s) 'model_training_pipeline' retrieved from /home/airflow/dags/mlflow_tracking_dag.py
[2026-04-26T21:13:44.948+0000] {logging_mixin.py:188} INFO - [2026-04-26T21:13:44.947+0000] {dag.py:3036} INFO - Sync 1 DAGs
[2026-04-26T21:13:44.968+0000] {logging_mixin.py:188} INFO - [2026-04-26T21:13:44.968+0000] {dag.py:3823} INFO - Setting next_dagrun for model_training_pipeline to 2026-04-26 00:00:00+00:00, run_after=2026-05-03 00:00:00+00:00
[2026-04-26T21:13:44.991+0000] {processor.py:183} INFO - Processing /home/airflow/dags/mlflow_tracking_dag.py took 1.188 seconds
[2026-04-26T21:14:15.628+0000] {processor.py:161} INFO - Started process (PID=45491) to work on /home/airflow/dags/mlflow_tracking_dag.py
[2026-04-26T21:14:15.630+0000] {processor.py:830} INFO - Processing file /home/airflow/dags/mlflow_tracking_dag.py for tasks to queue
[2026-04-26T21:14:15.631+0000] {logging_mixin.py:188} INFO - [2026-04-26T21:14:15.631+0000] {dagbag.py:538} INFO - Filling up the DagBag from /home/airflow/dags/mlflow_tracking_dag.py
[2026-04-26T21:14:16.958+0000] {processor.py:840} INFO - DAG(s) 'model_training_pipeline' retrieved from /home/airflow/dags/mlflow_tracking_dag.py
[2026-04-26T21:14:16.983+0000] {logging_mixin.py:188} INFO - [2026-04-26T21:14:16.983+0000] {dag.py:3036} INFO - Sync 1 DAGs
[2026-04-26T21:14:17.004+0000] {logging_mixin.py:188} INFO - [2026-04-26T21:14:17.004+0000] {dag.py:3823} INFO - Setting next_dagrun for model_training_pipeline to 2026-04-26 00:00:00+00:00, run_after=2026-05-03 00:00:00+00:00
[2026-04-26T21:14:17.029+0000] {processor.py:183} INFO - Processing /home/airflow/dags/mlflow_tracking_dag.py took 1.407 seconds
[2026-04-26T21:14:47.309+0000] {processor.py:161} INFO - Started process (PID=45536) to work on /home/airflow/dags/mlflow_tracking_dag.py
[2026-04-26T21:14:47.310+0000] {processor.py:830} INFO - Processing file /home/airflow/dags/mlflow_tracking_dag.py for tasks to queue
[2026-04-26T21:14:47.312+0000] {logging_mixin.py:188} INFO - [2026-04-26T21:14:47.311+0000] {dagbag.py:538} INFO - Filling up the DagBag from /home/airflow/dags/mlflow_tracking_dag.py
[2026-04-26T21:14:48.376+0000] {processor.py:840} INFO - DAG(s) 'model_training_pipeline' retrieved from /home/airflow/dags/mlflow_tracking_dag.py
[2026-04-26T21:14:48.390+0000] {logging_mixin.py:188} INFO - [2026-04-26T21:14:48.389+0000] {dag.py:3036} INFO - Sync 1 DAGs
[2026-04-26T21:14:48.409+0000] {logging_mixin.py:188} INFO - [2026-04-26T21:14:48.409+0000] {dag.py:3823} INFO - Setting next_dagrun for model_training_pipeline to 2026-04-26 00:00:00+00:00, run_after=2026-05-03 00:00:00+00:00
[2026-04-26T21:14:48.433+0000] {processor.py:183} INFO - Processing /home/airflow/dags/mlflow_tracking_dag.py took 1.128 seconds
[2026-04-26T21:15:18.666+0000] {processor.py:161} INFO - Started process (PID=45581) to work on /home/airflow/dags/mlflow_tracking_dag.py
[2026-04-26T21:15:18.667+0000] {processor.py:830} INFO - Processing file /home/airflow/dags/mlflow_tracking_dag.py for tasks to queue
[2026-04-26T21:15:18.668+0000] {logging_mixin.py:188} INFO - [2026-04-26T21:15:18.668+0000] {dagbag.py:538} INFO - Filling up the DagBag from /home/airflow/dags/mlflow_tracking_dag.py
[2026-04-26T21:15:19.660+0000] {processor.py:840} INFO - DAG(s) 'model_training_pipeline' retrieved from /home/airflow/dags/mlflow_tracking_dag.py
[2026-04-26T21:15:19.750+0000] {logging_mixin.py:188} INFO - [2026-04-26T21:15:19.750+0000] {dag.py:3036} INFO - Sync 1 DAGs
[2026-04-26T21:15:19.770+0000] {logging_mixin.py:188} INFO - [2026-04-26T21:15:19.770+0000] {dag.py:3823} INFO - Setting next_dagrun for model_training_pipeline to 2026-04-26 00:00:00+00:00, run_after=2026-05-03 00:00:00+00:00
[2026-04-26T21:15:19.804+0000] {processor.py:183} INFO - Processing /home/airflow/dags/mlflow_tracking_dag.py took 1.141 seconds
[2026-04-26T21:15:50.225+0000] {processor.py:161} INFO - Started process (PID=45626) to work on /home/airflow/dags/mlflow_tracking_dag.py
[2026-04-26T21:15:50.226+0000] {processor.py:830} INFO - Processing file /home/airflow/dags/mlflow_tracking_dag.py for tasks to queue
[2026-04-26T21:15:50.227+0000] {logging_mixin.py:188} INFO - [2026-04-26T21:15:50.227+0000] {dagbag.py:538} INFO - Filling up the DagBag from /home/airflow/dags/mlflow_tracking_dag.py
[2026-04-26T21:15:51.208+0000] {processor.py:840} INFO - DAG(s) 'model_training_pipeline' retrieved from /home/airflow/dags/mlflow_tracking_dag.py
[2026-04-26T21:15:51.227+0000] {logging_mixin.py:188} INFO - [2026-04-26T21:15:51.227+0000] {dag.py:3036} INFO - Sync 1 DAGs
[2026-04-26T21:15:51.243+0000] {logging_mixin.py:188} INFO - [2026-04-26T21:15:51.243+0000] {dag.py:3823} INFO - Setting next_dagrun for model_training_pipeline to 2026-04-26 00:00:00+00:00, run_after=2026-05-03 00:00:00+00:00
[2026-04-26T21:15:51.262+0000] {processor.py:183} INFO - Processing /home/airflow/dags/mlflow_tracking_dag.py took 1.042 seconds
[2026-04-26T21:16:21.723+0000] {processor.py:161} INFO - Started process (PID=45671) to work on /home/airflow/dags/mlflow_tracking_dag.py
[2026-04-26T21:16:21.725+0000] {processor.py:830} INFO - Processing file /home/airflow/dags/mlflow_tracking_dag.py for tasks to queue
[2026-04-26T21:16:21.727+0000] {logging_mixin.py:188} INFO - [2026-04-26T21:16:21.727+0000] {dagbag.py:538} INFO - Filling up the DagBag from /home/airflow/dags/mlflow_tracking_dag.py
[2026-04-26T21:16:22.808+0000] {processor.py:840} INFO - DAG(s) 'model_training_pipeline' retrieved from /home/airflow/dags/mlflow_tracking_dag.py
[2026-04-26T21:16:22.819+0000] {logging_mixin.py:188} INFO - [2026-04-26T21:16:22.818+0000] {dag.py:3036} INFO - Sync 1 DAGs
[2026-04-26T21:16:22.835+0000] {logging_mixin.py:188} INFO - [2026-04-26T21:16:22.835+0000] {dag.py:3823} INFO - Setting next_dagrun for model_training_pipeline to 2026-04-26 00:00:00+00:00, run_after=2026-05-03 00:00:00+00:00
[2026-04-26T21:16:22.882+0000] {processor.py:183} INFO - Processing /home/airflow/dags/mlflow_tracking_dag.py took 1.164 seconds
[2026-04-26T21:16:53.148+0000] {processor.py:161} INFO - Started process (PID=45716) to work on /home/airflow/dags/mlflow_tracking_dag.py
[2026-04-26T21:16:53.149+0000] {processor.py:830} INFO - Processing file /home/airflow/dags/mlflow_tracking_dag.py for tasks to queue
[2026-04-26T21:16:53.151+0000] {logging_mixin.py:188} INFO - [2026-04-26T21:16:53.150+0000] {dagbag.py:538} INFO - Filling up the DagBag from /home/airflow/dags/mlflow_tracking_dag.py
[2026-04-26T21:16:54.187+0000] {processor.py:840} INFO - DAG(s) 'model_training_pipeline' retrieved from /home/airflow/dags/mlflow_tracking_dag.py
[2026-04-26T21:16:54.283+0000] {logging_mixin.py:188} INFO - [2026-04-26T21:16:54.283+0000] {dag.py:3036} INFO - Sync 1 DAGs
[2026-04-26T21:16:54.298+0000] {logging_mixin.py:188} INFO - [2026-04-26T21:16:54.298+0000] {dag.py:3823} INFO - Setting next_dagrun for model_training_pipeline to 2026-04-26 00:00:00+00:00, run_after=2026-05-03 00:00:00+00:00
[2026-04-26T21:16:54.327+0000] {processor.py:183} INFO - Processing /home/airflow/dags/mlflow_tracking_dag.py took 1.182 seconds
[2026-04-26T21:17:24.709+0000] {processor.py:161} INFO - Started process (PID=45761) to work on /home/airflow/dags/mlflow_tracking_dag.py
[2026-04-26T21:17:24.710+0000] {processor.py:830} INFO - Processing file /home/airflow/dags/mlflow_tracking_dag.py for tasks to queue
[2026-04-26T21:17:24.711+0000] {logging_mixin.py:188} INFO - [2026-04-26T21:17:24.711+0000] {dagbag.py:538} INFO - Filling up the DagBag from /home/airflow/dags/mlflow_tracking_dag.py
[2026-04-26T21:17:25.693+0000] {processor.py:840} INFO - DAG(s) 'model_training_pipeline' retrieved from /home/airflow/dags/mlflow_tracking_dag.py
[2026-04-26T21:17:25.717+0000] {logging_mixin.py:188} INFO - [2026-04-26T21:17:25.716+0000] {dag.py:3036} INFO - Sync 1 DAGs
[2026-04-26T21:17:25.733+0000] {logging_mixin.py:188} INFO - [2026-04-26T21:17:25.732+0000] {dag.py:3823} INFO - Setting next_dagrun for model_training_pipeline to 2026-04-26 00:00:00+00:00, run_after=2026-05-03 00:00:00+00:00
[2026-04-26T21:17:25.754+0000] {processor.py:183} INFO - Processing /home/airflow/dags/mlflow_tracking_dag.py took 1.047 seconds
[2026-04-26T21:17:56.187+0000] {processor.py:161} INFO - Started process (PID=45806) to work on /home/airflow/dags/mlflow_tracking_dag.py
[2026-04-26T21:17:56.189+0000] {processor.py:830} INFO - Processing file /home/airflow/dags/mlflow_tracking_dag.py for tasks to queue
[2026-04-26T21:17:56.191+0000] {logging_mixin.py:188} INFO - [2026-04-26T21:17:56.190+0000] {dagbag.py:538} INFO - Filling up the DagBag from /home/airflow/dags/mlflow_tracking_dag.py
[2026-04-26T21:17:57.345+0000] {processor.py:840} INFO - DAG(s) 'model_training_pipeline' retrieved from /home/airflow/dags/mlflow_tracking_dag.py
[2026-04-26T21:17:57.359+0000] {logging_mixin.py:188} INFO - [2026-04-26T21:17:57.358+0000] {dag.py:3036} INFO - Sync 1 DAGs
[2026-04-26T21:17:57.383+0000] {logging_mixin.py:188} INFO - [2026-04-26T21:17:57.383+0000] {dag.py:3823} INFO - Setting next_dagrun for model_training_pipeline to 2026-04-26 00:00:00+00:00, run_after=2026-05-03 00:00:00+00:00
[2026-04-26T21:17:57.415+0000] {processor.py:183} INFO - Processing /home/airflow/dags/mlflow_tracking_dag.py took 1.233 seconds
[2026-04-26T21:18:27.715+0000] {processor.py:161} INFO - Started process (PID=45851) to work on /home/airflow/dags/mlflow_tracking_dag.py
[2026-04-26T21:18:27.716+0000] {processor.py:830} INFO - Processing file /home/airflow/dags/mlflow_tracking_dag.py for tasks to queue
[2026-04-26T21:18:27.718+0000] {logging_mixin.py:188} INFO - [2026-04-26T21:18:27.717+0000] {dagbag.py:538} INFO - Filling up the DagBag from /home/airflow/dags/mlflow_tracking_dag.py
[2026-04-26T21:18:28.597+0000] {processor.py:840} INFO - DAG(s) 'model_training_pipeline' retrieved from /home/airflow/dags/mlflow_tracking_dag.py
[2026-04-26T21:18:28.676+0000] {logging_mixin.py:188} INFO - [2026-04-26T21:18:28.675+0000] {dag.py:3036} INFO - Sync 1 DAGs
[2026-04-26T21:18:28.691+0000] {logging_mixin.py:188} INFO - [2026-04-26T21:18:28.690+0000] {dag.py:3823} INFO - Setting next_dagrun for model_training_pipeline to 2026-04-26 00:00:00+00:00, run_after=2026-05-03 00:00:00+00:00
[2026-04-26T21:18:28.716+0000] {processor.py:183} INFO - Processing /home/airflow/dags/mlflow_tracking_dag.py took 1.005 seconds
[2026-04-26T21:18:59.088+0000] {processor.py:161} INFO - Started process (PID=45896) to work on /home/airflow/dags/mlflow_tracking_dag.py
[2026-04-26T21:18:59.089+0000] {processor.py:830} INFO - Processing file /home/airflow/dags/mlflow_tracking_dag.py for tasks to queue
[2026-04-26T21:18:59.091+0000] {logging_mixin.py:188} INFO - [2026-04-26T21:18:59.090+0000] {dagbag.py:538} INFO - Filling up the DagBag from /home/airflow/dags/mlflow_tracking_dag.py
[2026-04-26T21:19:00.037+0000] {processor.py:840} INFO - DAG(s) 'model_training_pipeline' retrieved from /home/airflow/dags/mlflow_tracking_dag.py
[2026-04-26T21:19:00.071+0000] {logging_mixin.py:188} INFO - [2026-04-26T21:19:00.070+0000] {dag.py:3036} INFO - Sync 1 DAGs
[2026-04-26T21:19:00.119+0000] {logging_mixin.py:188} INFO - [2026-04-26T21:19:00.118+0000] {dag.py:3823} INFO - Setting next_dagrun for model_training_pipeline to 2026-04-26 00:00:00+00:00, run_after=2026-05-03 00:00:00+00:00
[2026-04-26T21:19:00.175+0000] {processor.py:183} INFO - Processing /home/airflow/dags/mlflow_tracking_dag.py took 1.090 seconds
[2026-04-26T21:19:30.588+0000] {processor.py:161} INFO - Started process (PID=45941) to work on /home/airflow/dags/mlflow_tracking_dag.py
[2026-04-26T21:19:30.590+0000] {processor.py:830} INFO - Processing file /home/airflow/dags/mlflow_tracking_dag.py for tasks to queue
[2026-04-26T21:19:30.591+0000] {logging_mixin.py:188} INFO - [2026-04-26T21:19:30.591+0000] {dagbag.py:538} INFO - Filling up the DagBag from /home/airflow/dags/mlflow_tracking_dag.py
[2026-04-26T21:19:31.443+0000] {processor.py:840} INFO - DAG(s) 'model_training_pipeline' retrieved from /home/airflow/dags/mlflow_tracking_dag.py
[2026-04-26T21:19:31.455+0000] {logging_mixin.py:188} INFO - [2026-04-26T21:19:31.454+0000] {dag.py:3036} INFO - Sync 1 DAGs
[2026-04-26T21:19:31.469+0000] {logging_mixin.py:188} INFO - [2026-04-26T21:19:31.468+0000] {dag.py:3823} INFO - Setting next_dagrun for model_training_pipeline to 2026-04-26 00:00:00+00:00, run_after=2026-05-03 00:00:00+00:00
[2026-04-26T21:19:31.490+0000] {processor.py:183} INFO - Processing /home/airflow/dags/mlflow_tracking_dag.py took 0.905 seconds
[2026-04-26T21:20:01.989+0000] {processor.py:161} INFO - Started process (PID=45986) to work on /home/airflow/dags/mlflow_tracking_dag.py
[2026-04-26T21:20:01.990+0000] {processor.py:830} INFO - Processing file /home/airflow/dags/mlflow_tracking_dag.py for tasks to queue
[2026-04-26T21:20:01.992+0000] {logging_mixin.py:188} INFO - [2026-04-26T21:20:01.991+0000] {dagbag.py:538} INFO - Filling up the DagBag from /home/airflow/dags/mlflow_tracking_dag.py
[2026-04-26T21:20:02.812+0000] {processor.py:840} INFO - DAG(s) 'model_training_pipeline' retrieved from /home/airflow/dags/mlflow_tracking_dag.py
[2026-04-26T21:20:02.888+0000] {logging_mixin.py:188} INFO - [2026-04-26T21:20:02.888+0000] {dag.py:3036} INFO - Sync 1 DAGs
[2026-04-26T21:20:02.902+0000] {logging_mixin.py:188} INFO - [2026-04-26T21:20:02.902+0000] {dag.py:3823} INFO - Setting next_dagrun for model_training_pipeline to 2026-04-26 00:00:00+00:00, run_after=2026-05-03 00:00:00+00:00
[2026-04-26T21:20:02.927+0000] {processor.py:183} INFO - Processing /home/airflow/dags/mlflow_tracking_dag.py took 0.941 seconds
[2026-04-26T21:20:33.385+0000] {processor.py:161} INFO - Started process (PID=46031) to work on /home/airflow/dags/mlflow_tracking_dag.py
[2026-04-26T21:20:33.387+0000] {processor.py:830} INFO - Processing file /home/airflow/dags/mlflow_tracking_dag.py for tasks to queue
[2026-04-26T21:20:33.388+0000] {logging_mixin.py:188} INFO - [2026-04-26T21:20:33.388+0000] {dagbag.py:538} INFO - Filling up the DagBag from /home/airflow/dags/mlflow_tracking_dag.py
[2026-04-26T21:20:34.278+0000] {processor.py:840} INFO - DAG(s) 'model_training_pipeline' retrieved from /home/airflow/dags/mlflow_tracking_dag.py
[2026-04-26T21:20:34.298+0000] {logging_mixin.py:188} INFO - [2026-04-26T21:20:34.298+0000] {dag.py:3036} INFO - Sync 1 DAGs
[2026-04-26T21:20:34.313+0000] {logging_mixin.py:188} INFO - [2026-04-26T21:20:34.313+0000] {dag.py:3823} INFO - Setting next_dagrun for model_training_pipeline to 2026-04-26 00:00:00+00:00, run_after=2026-05-03 00:00:00+00:00
[2026-04-26T21:20:34.337+0000] {processor.py:183} INFO - Processing /home/airflow/dags/mlflow_tracking_dag.py took 0.956 seconds
[2026-04-26T21:21:04.819+0000] {processor.py:161} INFO - Started process (PID=46076) to work on /home/airflow/dags/mlflow_tracking_dag.py
[2026-04-26T21:21:04.820+0000] {processor.py:830} INFO - Processing file /home/airflow/dags/mlflow_tracking_dag.py for tasks to queue
[2026-04-26T21:21:04.821+0000] {logging_mixin.py:188} INFO - [2026-04-26T21:21:04.821+0000] {dagbag.py:538} INFO - Filling up the DagBag from /home/airflow/dags/mlflow_tracking_dag.py
[2026-04-26T21:21:05.860+0000] {processor.py:840} INFO - DAG(s) 'model_training_pipeline' retrieved from /home/airflow/dags/mlflow_tracking_dag.py
[2026-04-26T21:21:05.874+0000] {logging_mixin.py:188} INFO - [2026-04-26T21:21:05.873+0000] {dag.py:3036} INFO - Sync 1 DAGs
[2026-04-26T21:21:05.892+0000] {logging_mixin.py:188} INFO - [2026-04-26T21:21:05.891+0000] {dag.py:3823} INFO - Setting next_dagrun for model_training_pipeline to 2026-04-26 00:00:00+00:00, run_after=2026-05-03 00:00:00+00:00
[2026-04-26T21:21:05.915+0000] {processor.py:183} INFO - Processing /home/airflow/dags/mlflow_tracking_dag.py took 1.100 seconds
[2026-04-26T21:21:36.433+0000] {processor.py:161} INFO - Started process (PID=46121) to work on /home/airflow/dags/mlflow_tracking_dag.py
[2026-04-26T21:21:36.434+0000] {processor.py:830} INFO - Processing file /home/airflow/dags/mlflow_tracking_dag.py for tasks to queue
[2026-04-26T21:21:36.435+0000] {logging_mixin.py:188} INFO - [2026-04-26T21:21:36.434+0000] {dagbag.py:538} INFO - Filling up the DagBag from /home/airflow/dags/mlflow_tracking_dag.py
[2026-04-26T21:21:37.268+0000] {processor.py:840} INFO - DAG(s) 'model_training_pipeline' retrieved from /home/airflow/dags/mlflow_tracking_dag.py
[2026-04-26T21:21:37.359+0000] {logging_mixin.py:188} INFO - [2026-04-26T21:21:37.358+0000] {dag.py:3036} INFO - Sync 1 DAGs
[2026-04-26T21:21:37.375+0000] {logging_mixin.py:188} INFO - [2026-04-26T21:21:37.375+0000] {dag.py:3823} INFO - Setting next_dagrun for model_training_pipeline to 2026-04-26 00:00:00+00:00, run_after=2026-05-03 00:00:00+00:00
[2026-04-26T21:21:37.400+0000] {processor.py:183} INFO - Processing /home/airflow/dags/mlflow_tracking_dag.py took 0.970 seconds
[2026-04-26T21:22:07.708+0000] {processor.py:161} INFO - Started process (PID=46166) to work on /home/airflow/dags/mlflow_tracking_dag.py
[2026-04-26T21:22:07.709+0000] {processor.py:830} INFO - Processing file /home/airflow/dags/mlflow_tracking_dag.py for tasks to queue
[2026-04-26T21:22:07.710+0000] {logging_mixin.py:188} INFO - [2026-04-26T21:22:07.710+0000] {dagbag.py:538} INFO - Filling up the DagBag from /home/airflow/dags/mlflow_tracking_dag.py
[2026-04-26T21:22:08.603+0000] {processor.py:840} INFO - DAG(s) 'model_training_pipeline' retrieved from /home/airflow/dags/mlflow_tracking_dag.py
[2026-04-26T21:22:08.629+0000] {logging_mixin.py:188} INFO - [2026-04-26T21:22:08.628+0000] {dag.py:3036} INFO - Sync 1 DAGs
[2026-04-26T21:22:08.646+0000] {logging_mixin.py:188} INFO - [2026-04-26T21:22:08.646+0000] {dag.py:3823} INFO - Setting next_dagrun for model_training_pipeline to 2026-04-26 00:00:00+00:00, run_after=2026-05-03 00:00:00+00:00
[2026-04-26T21:22:08.667+0000] {processor.py:183} INFO - Processing /home/airflow/dags/mlflow_tracking_dag.py took 0.963 seconds
[2026-04-26T21:22:39.034+0000] {processor.py:161} INFO - Started process (PID=46211) to work on /home/airflow/dags/mlflow_tracking_dag.py
[2026-04-26T21:22:39.035+0000] {processor.py:830} INFO - Processing file /home/airflow/dags/mlflow_tracking_dag.py for tasks to queue
[2026-04-26T21:22:39.036+0000] {logging_mixin.py:188} INFO - [2026-04-26T21:22:39.036+0000] {dagbag.py:538} INFO - Filling up the DagBag from /home/airflow/dags/mlflow_tracking_dag.py
[2026-04-26T21:22:39.920+0000] {processor.py:840} INFO - DAG(s) 'model_training_pipeline' retrieved from /home/airflow/dags/mlflow_tracking_dag.py
[2026-04-26T21:22:39.931+0000] {logging_mixin.py:188} INFO - [2026-04-26T21:22:39.930+0000] {dag.py:3036} INFO - Sync 1 DAGs
[2026-04-26T21:22:39.947+0000] {logging_mixin.py:188} INFO - [2026-04-26T21:22:39.946+0000] {dag.py:3823} INFO - Setting next_dagrun for model_training_pipeline to 2026-04-26 00:00:00+00:00, run_after=2026-05-03 00:00:00+00:00
[2026-04-26T21:22:39.965+0000] {processor.py:183} INFO - Processing /home/airflow/dags/mlflow_tracking_dag.py took 0.934 seconds
[2026-04-26T21:23:10.299+0000] {processor.py:161} INFO - Started process (PID=46256) to work on /home/airflow/dags/mlflow_tracking_dag.py
[2026-04-26T21:23:10.301+0000] {processor.py:830} INFO - Processing file /home/airflow/dags/mlflow_tracking_dag.py for tasks to queue
[2026-04-26T21:23:10.303+0000] {logging_mixin.py:188} INFO - [2026-04-26T21:23:10.302+0000] {dagbag.py:538} INFO - Filling up the DagBag from /home/airflow/dags/mlflow_tracking_dag.py
[2026-04-26T21:23:11.346+0000] {processor.py:840} INFO - DAG(s) 'model_training_pipeline' retrieved from /home/airflow/dags/mlflow_tracking_dag.py
[2026-04-26T21:23:11.429+0000] {logging_mixin.py:188} INFO - [2026-04-26T21:23:11.428+0000] {dag.py:3036} INFO - Sync 1 DAGs
[2026-04-26T21:23:11.443+0000] {logging_mixin.py:188} INFO - [2026-04-26T21:23:11.443+0000] {dag.py:3823} INFO - Setting next_dagrun for model_training_pipeline to 2026-04-26 00:00:00+00:00, run_after=2026-05-03 00:00:00+00:00
[2026-04-26T21:23:11.465+0000] {processor.py:183} INFO - Processing /home/airflow/dags/mlflow_tracking_dag.py took 1.170 seconds
[2026-04-26T21:23:41.591+0000] {processor.py:161} INFO - Started process (PID=46301) to work on /home/airflow/dags/mlflow_tracking_dag.py
[2026-04-26T21:23:41.592+0000] {processor.py:830} INFO - Processing file /home/airflow/dags/mlflow_tracking_dag.py for tasks to queue
[2026-04-26T21:23:41.593+0000] {logging_mixin.py:188} INFO - [2026-04-26T21:23:41.593+0000] {dagbag.py:538} INFO - Filling up the DagBag from /home/airflow/dags/mlflow_tracking_dag.py
[2026-04-26T21:23:42.403+0000] {processor.py:840} INFO - DAG(s) 'model_training_pipeline' retrieved from /home/airflow/dags/mlflow_tracking_dag.py
[2026-04-26T21:23:42.427+0000] {logging_mixin.py:188} INFO - [2026-04-26T21:23:42.426+0000] {dag.py:3036} INFO - Sync 1 DAGs
[2026-04-26T21:23:42.445+0000] {logging_mixin.py:188} INFO - [2026-04-26T21:23:42.444+0000] {dag.py:3823} INFO - Setting next_dagrun for model_training_pipeline to 2026-04-26 00:00:00+00:00, run_after=2026-05-03 00:00:00+00:00
[2026-04-26T21:23:42.466+0000] {processor.py:183} INFO - Processing /home/airflow/dags/mlflow_tracking_dag.py took 0.879 seconds
[2026-04-26T21:24:12.790+0000] {processor.py:161} INFO - Started process (PID=46346) to work on /home/airflow/dags/mlflow_tracking_dag.py
[2026-04-26T21:24:12.792+0000] {processor.py:830} INFO - Processing file /home/airflow/dags/mlflow_tracking_dag.py for tasks to queue
[2026-04-26T21:24:12.793+0000] {logging_mixin.py:188} INFO - [2026-04-26T21:24:12.793+0000] {dagbag.py:538} INFO - Filling up the DagBag from /home/airflow/dags/mlflow_tracking_dag.py
[2026-04-26T21:24:13.717+0000] {processor.py:840} INFO - DAG(s) 'model_training_pipeline' retrieved from /home/airflow/dags/mlflow_tracking_dag.py
[2026-04-26T21:24:13.732+0000] {logging_mixin.py:188} INFO - [2026-04-26T21:24:13.731+0000] {dag.py:3036} INFO - Sync 1 DAGs
[2026-04-26T21:24:13.756+0000] {logging_mixin.py:188} INFO - [2026-04-26T21:24:13.755+0000] {dag.py:3823} INFO - Setting next_dagrun for model_training_pipeline to 2026-04-26 00:00:00+00:00, run_after=2026-05-03 00:00:00+00:00
[2026-04-26T21:24:13.779+0000] {processor.py:183} INFO - Processing /home/airflow/dags/mlflow_tracking_dag.py took 0.992 seconds
[2026-04-26T21:24:44.100+0000] {processor.py:161} INFO - Started process (PID=46391) to work on /home/airflow/dags/mlflow_tracking_dag.py
[2026-04-26T21:24:44.101+0000] {processor.py:830} INFO - Processing file /home/airflow/dags/mlflow_tracking_dag.py for tasks to queue
[2026-04-26T21:24:44.102+0000] {logging_mixin.py:188} INFO - [2026-04-26T21:24:44.102+0000] {dagbag.py:538} INFO - Filling up the DagBag from /home/airflow/dags/mlflow_tracking_dag.py
[2026-04-26T21:24:44.911+0000] {processor.py:840} INFO - DAG(s) 'model_training_pipeline' retrieved from /home/airflow/dags/mlflow_tracking_dag.py
[2026-04-26T21:24:44.987+0000] {logging_mixin.py:188} INFO - [2026-04-26T21:24:44.986+0000] {dag.py:3036} INFO - Sync 1 DAGs
[2026-04-26T21:24:45.000+0000] {logging_mixin.py:188} INFO - [2026-04-26T21:24:45.000+0000] {dag.py:3823} INFO - Setting next_dagrun for model_training_pipeline to 2026-04-26 00:00:00+00:00, run_after=2026-05-03 00:00:00+00:00
[2026-04-26T21:24:45.153+0000] {processor.py:183} INFO - Processing /home/airflow/dags/mlflow_tracking_dag.py took 1.057 seconds
[2026-04-26T21:25:15.404+0000] {processor.py:161} INFO - Started process (PID=46436) to work on /home/airflow/dags/mlflow_tracking_dag.py
[2026-04-26T21:25:15.405+0000] {processor.py:830} INFO - Processing file /home/airflow/dags/mlflow_tracking_dag.py for tasks to queue
[2026-04-26T21:25:15.406+0000] {logging_mixin.py:188} INFO - [2026-04-26T21:25:15.406+0000] {dagbag.py:538} INFO - Filling up the DagBag from /home/airflow/dags/mlflow_tracking_dag.py
[2026-04-26T21:25:16.235+0000] {processor.py:840} INFO - DAG(s) 'model_training_pipeline' retrieved from /home/airflow/dags/mlflow_tracking_dag.py
[2026-04-26T21:25:16.255+0000] {logging_mixin.py:188} INFO - [2026-04-26T21:25:16.254+0000] {dag.py:3036} INFO - Sync 1 DAGs
[2026-04-26T21:25:16.272+0000] {logging_mixin.py:188} INFO - [2026-04-26T21:25:16.272+0000] {dag.py:3823} INFO - Setting next_dagrun for model_training_pipeline to 2026-04-26 00:00:00+00:00, run_after=2026-05-03 00:00:00+00:00
[2026-04-26T21:25:16.296+0000] {processor.py:183} INFO - Processing /home/airflow/dags/mlflow_tracking_dag.py took 0.896 seconds
[2026-04-26T21:25:46.515+0000] {processor.py:161} INFO - Started process (PID=46481) to work on /home/airflow/dags/mlflow_tracking_dag.py
[2026-04-26T21:25:46.516+0000] {processor.py:830} INFO - Processing file /home/airflow/dags/mlflow_tracking_dag.py for tasks to queue
[2026-04-26T21:25:46.517+0000] {logging_mixin.py:188} INFO - [2026-04-26T21:25:46.517+0000] {dagbag.py:538} INFO - Filling up the DagBag from /home/airflow/dags/mlflow_tracking_dag.py
[2026-04-26T21:25:47.315+0000] {processor.py:840} INFO - DAG(s) 'model_training_pipeline' retrieved from /home/airflow/dags/mlflow_tracking_dag.py
[2026-04-26T21:25:47.327+0000] {logging_mixin.py:188} INFO - [2026-04-26T21:25:47.327+0000] {dag.py:3036} INFO - Sync 1 DAGs
[2026-04-26T21:25:47.344+0000] {logging_mixin.py:188} INFO - [2026-04-26T21:25:47.343+0000] {dag.py:3823} INFO - Setting next_dagrun for model_training_pipeline to 2026-04-26 00:00:00+00:00, run_after=2026-05-03 00:00:00+00:00
[2026-04-26T21:25:47.365+0000] {processor.py:183} INFO - Processing /home/airflow/dags/mlflow_tracking_dag.py took 0.854 seconds
[2026-04-26T21:26:17.522+0000] {processor.py:161} INFO - Started process (PID=46526) to work on /home/airflow/dags/mlflow_tracking_dag.py
[2026-04-26T21:26:17.523+0000] {processor.py:830} INFO - Processing file /home/airflow/dags/mlflow_tracking_dag.py for tasks to queue
[2026-04-26T21:26:17.524+0000] {logging_mixin.py:188} INFO - [2026-04-26T21:26:17.524+0000] {dagbag.py:538} INFO - Filling up the DagBag from /home/airflow/dags/mlflow_tracking_dag.py
[2026-04-26T21:26:18.446+0000] {processor.py:840} INFO - DAG(s) 'model_training_pipeline' retrieved from /home/airflow/dags/mlflow_tracking_dag.py
[2026-04-26T21:26:18.537+0000] {logging_mixin.py:188} INFO - [2026-04-26T21:26:18.537+0000] {dag.py:3036} INFO - Sync 1 DAGs
[2026-04-26T21:26:18.553+0000] {logging_mixin.py:188} INFO - [2026-04-26T21:26:18.553+0000] {dag.py:3823} INFO - Setting next_dagrun for model_training_pipeline to 2026-04-26 00:00:00+00:00, run_after=2026-05-03 00:00:00+00:00
[2026-04-26T21:26:18.579+0000] {processor.py:183} INFO - Processing /home/airflow/dags/mlflow_tracking_dag.py took 1.061 seconds
[2026-04-26T21:26:48.802+0000] {processor.py:161} INFO - Started process (PID=46571) to work on /home/airflow/dags/mlflow_tracking_dag.py
[2026-04-26T21:26:48.803+0000] {processor.py:830} INFO - Processing file /home/airflow/dags/mlflow_tracking_dag.py for tasks to queue
[2026-04-26T21:26:48.804+0000] {logging_mixin.py:188} INFO - [2026-04-26T21:26:48.804+0000] {dagbag.py:538} INFO - Filling up the DagBag from /home/airflow/dags/mlflow_tracking_dag.py
[2026-04-26T21:26:49.702+0000] {processor.py:840} INFO - DAG(s) 'model_training_pipeline' retrieved from /home/airflow/dags/mlflow_tracking_dag.py
[2026-04-26T21:26:49.723+0000] {logging_mixin.py:188} INFO - [2026-04-26T21:26:49.722+0000] {dag.py:3036} INFO - Sync 1 DAGs
[2026-04-26T21:26:49.737+0000] {logging_mixin.py:188} INFO - [2026-04-26T21:26:49.737+0000] {dag.py:3823} INFO - Setting next_dagrun for model_training_pipeline to 2026-04-26 00:00:00+00:00, run_after=2026-05-03 00:00:00+00:00
[2026-04-26T21:26:49.760+0000] {processor.py:183} INFO - Processing /home/airflow/dags/mlflow_tracking_dag.py took 0.961 seconds
[2026-04-26T21:27:20.269+0000] {processor.py:161} INFO - Started process (PID=46616) to work on /home/airflow/dags/mlflow_tracking_dag.py
[2026-04-26T21:27:20.270+0000] {processor.py:830} INFO - Processing file /home/airflow/dags/mlflow_tracking_dag.py for tasks to queue
[2026-04-26T21:27:20.271+0000] {logging_mixin.py:188} INFO - [2026-04-26T21:27:20.271+0000] {dagbag.py:538} INFO - Filling up the DagBag from /home/airflow/dags/mlflow_tracking_dag.py
[2026-04-26T21:27:21.181+0000] {processor.py:840} INFO - DAG(s) 'model_training_pipeline' retrieved from /home/airflow/dags/mlflow_tracking_dag.py
[2026-04-26T21:27:21.193+0000] {logging_mixin.py:188} INFO - [2026-04-26T21:27:21.193+0000] {dag.py:3036} INFO - Sync 1 DAGs
[2026-04-26T21:27:21.208+0000] {logging_mixin.py:188} INFO - [2026-04-26T21:27:21.207+0000] {dag.py:3823} INFO - Setting next_dagrun for model_training_pipeline to 2026-04-26 00:00:00+00:00, run_after=2026-05-03 00:00:00+00:00
[2026-04-26T21:27:21.230+0000] {processor.py:183} INFO - Processing /home/airflow/dags/mlflow_tracking_dag.py took 0.965 seconds
[2026-04-26T21:27:51.673+0000] {processor.py:161} INFO - Started process (PID=46661) to work on /home/airflow/dags/mlflow_tracking_dag.py
[2026-04-26T21:27:51.674+0000] {processor.py:830} INFO - Processing file /home/airflow/dags/mlflow_tracking_dag.py for tasks to queue
[2026-04-26T21:27:51.675+0000] {logging_mixin.py:188} INFO - [2026-04-26T21:27:51.675+0000] {dagbag.py:538} INFO - Filling up the DagBag from /home/airflow/dags/mlflow_tracking_dag.py
[2026-04-26T21:27:52.498+0000] {processor.py:840} INFO - DAG(s) 'model_training_pipeline' retrieved from /home/airflow/dags/mlflow_tracking_dag.py
[2026-04-26T21:27:52.684+0000] {logging_mixin.py:188} INFO - [2026-04-26T21:27:52.683+0000] {dag.py:3036} INFO - Sync 1 DAGs
[2026-04-26T21:27:52.699+0000] {logging_mixin.py:188} INFO - [2026-04-26T21:27:52.698+0000] {dag.py:3823} INFO - Setting next_dagrun for model_training_pipeline to 2026-04-26 00:00:00+00:00, run_after=2026-05-03 00:00:00+00:00
[2026-04-26T21:27:52.720+0000] {processor.py:183} INFO - Processing /home/airflow/dags/mlflow_tracking_dag.py took 1.051 seconds
[2026-04-26T21:28:23.006+0000] {processor.py:161} INFO - Started process (PID=46706) to work on /home/airflow/dags/mlflow_tracking_dag.py
[2026-04-26T21:28:23.007+0000] {processor.py:830} INFO - Processing file /home/airflow/dags/mlflow_tracking_dag.py for tasks to queue
[2026-04-26T21:28:23.009+0000] {logging_mixin.py:188} INFO - [2026-04-26T21:28:23.008+0000] {dagbag.py:538} INFO - Filling up the DagBag from /home/airflow/dags/mlflow_tracking_dag.py
[2026-04-26T21:28:24.021+0000] {processor.py:840} INFO - DAG(s) 'model_training_pipeline' retrieved from /home/airflow/dags/mlflow_tracking_dag.py
[2026-04-26T21:28:24.042+0000] {logging_mixin.py:188} INFO - [2026-04-26T21:28:24.042+0000] {dag.py:3036} INFO - Sync 1 DAGs
[2026-04-26T21:28:24.175+0000] {logging_mixin.py:188} INFO - [2026-04-26T21:28:24.175+0000] {dag.py:3823} INFO - Setting next_dagrun for model_training_pipeline to 2026-04-26 00:00:00+00:00, run_after=2026-05-03 00:00:00+00:00
[2026-04-26T21:28:24.198+0000] {processor.py:183} INFO - Processing /home/airflow/dags/mlflow_tracking_dag.py took 1.195 seconds
[2026-04-26T21:28:54.498+0000] {processor.py:161} INFO - Started process (PID=46751) to work on /home/airflow/dags/mlflow_tracking_dag.py
[2026-04-26T21:28:54.500+0000] {processor.py:830} INFO - Processing file /home/airflow/dags/mlflow_tracking_dag.py for tasks to queue
[2026-04-26T21:28:54.501+0000] {logging_mixin.py:188} INFO - [2026-04-26T21:28:54.500+0000] {dagbag.py:538} INFO - Filling up the DagBag from /home/airflow/dags/mlflow_tracking_dag.py
[2026-04-26T21:28:55.392+0000] {processor.py:840} INFO - DAG(s) 'model_training_pipeline' retrieved from /home/airflow/dags/mlflow_tracking_dag.py
[2026-04-26T21:28:55.404+0000] {logging_mixin.py:188} INFO - [2026-04-26T21:28:55.403+0000] {dag.py:3036} INFO - Sync 1 DAGs
[2026-04-26T21:28:55.533+0000] {logging_mixin.py:188} INFO - [2026-04-26T21:28:55.533+0000] {dag.py:3823} INFO - Setting next_dagrun for model_training_pipeline to 2026-04-26 00:00:00+00:00, run_after=2026-05-03 00:00:00+00:00
[2026-04-26T21:28:55.555+0000] {processor.py:183} INFO - Processing /home/airflow/dags/mlflow_tracking_dag.py took 1.061 seconds
[2026-04-26T21:29:25.943+0000] {processor.py:161} INFO - Started process (PID=46796) to work on /home/airflow/dags/mlflow_tracking_dag.py
[2026-04-26T21:29:25.944+0000] {processor.py:830} INFO - Processing file /home/airflow/dags/mlflow_tracking_dag.py for tasks to queue
[2026-04-26T21:29:25.946+0000] {logging_mixin.py:188} INFO - [2026-04-26T21:29:25.945+0000] {dagbag.py:538} INFO - Filling up the DagBag from /home/airflow/dags/mlflow_tracking_dag.py
[2026-04-26T21:29:27.091+0000] {processor.py:840} INFO - DAG(s) 'model_training_pipeline' retrieved from /home/airflow/dags/mlflow_tracking_dag.py
[2026-04-26T21:29:27.173+0000] {logging_mixin.py:188} INFO - [2026-04-26T21:29:27.173+0000] {dag.py:3036} INFO - Sync 1 DAGs
[2026-04-26T21:29:27.188+0000] {logging_mixin.py:188} INFO - [2026-04-26T21:29:27.187+0000] {dag.py:3823} INFO - Setting next_dagrun for model_training_pipeline to 2026-04-26 00:00:00+00:00, run_after=2026-05-03 00:00:00+00:00
[2026-04-26T21:29:27.210+0000] {processor.py:183} INFO - Processing /home/airflow/dags/mlflow_tracking_dag.py took 1.272 seconds
[2026-04-26T21:29:57.602+0000] {processor.py:161} INFO - Started process (PID=46841) to work on /home/airflow/dags/mlflow_tracking_dag.py
[2026-04-26T21:29:57.604+0000] {processor.py:830} INFO - Processing file /home/airflow/dags/mlflow_tracking_dag.py for tasks to queue
[2026-04-26T21:29:57.605+0000] {logging_mixin.py:188} INFO - [2026-04-26T21:29:57.605+0000] {dagbag.py:538} INFO - Filling up the DagBag from /home/airflow/dags/mlflow_tracking_dag.py
[2026-04-26T21:29:58.918+0000] {processor.py:840} INFO - DAG(s) 'model_training_pipeline' retrieved from /home/airflow/dags/mlflow_tracking_dag.py
[2026-04-26T21:29:58.945+0000] {logging_mixin.py:188} INFO - [2026-04-26T21:29:58.944+0000] {dag.py:3036} INFO - Sync 1 DAGs
[2026-04-26T21:29:58.966+0000] {logging_mixin.py:188} INFO - [2026-04-26T21:29:58.966+0000] {dag.py:3823} INFO - Setting next_dagrun for model_training_pipeline to 2026-04-26 00:00:00+00:00, run_after=2026-05-03 00:00:00+00:00
[2026-04-26T21:29:58.989+0000] {processor.py:183} INFO - Processing /home/airflow/dags/mlflow_tracking_dag.py took 1.392 seconds
[2026-04-26T21:30:29.184+0000] {processor.py:161} INFO - Started process (PID=46890) to work on /home/airflow/dags/mlflow_tracking_dag.py
[2026-04-26T21:30:29.185+0000] {processor.py:830} INFO - Processing file /home/airflow/dags/mlflow_tracking_dag.py for tasks to queue
[2026-04-26T21:30:29.187+0000] {logging_mixin.py:188} INFO - [2026-04-26T21:30:29.186+0000] {dagbag.py:538} INFO - Filling up the DagBag from /home/airflow/dags/mlflow_tracking_dag.py
[2026-04-26T21:30:30.142+0000] {processor.py:840} INFO - DAG(s) 'model_training_pipeline' retrieved from /home/airflow/dags/mlflow_tracking_dag.py
[2026-04-26T21:30:30.261+0000] {logging_mixin.py:188} INFO - [2026-04-26T21:30:30.152+0000] {dag.py:3036} INFO - Sync 1 DAGs
[2026-04-26T21:30:30.276+0000] {logging_mixin.py:188} INFO - [2026-04-26T21:30:30.276+0000] {dag.py:3823} INFO - Setting next_dagrun for model_training_pipeline to 2026-04-26 00:00:00+00:00, run_after=2026-05-03 00:00:00+00:00
[2026-04-26T21:30:30.300+0000] {processor.py:183} INFO - Processing /home/airflow/dags/mlflow_tracking_dag.py took 1.119 seconds
[2026-04-26T21:31:00.815+0000] {processor.py:161} INFO - Started process (PID=46937) to work on /home/airflow/dags/mlflow_tracking_dag.py
[2026-04-26T21:31:00.817+0000] {processor.py:830} INFO - Processing file /home/airflow/dags/mlflow_tracking_dag.py for tasks to queue
[2026-04-26T21:31:00.818+0000] {logging_mixin.py:188} INFO - [2026-04-26T21:31:00.818+0000] {dagbag.py:538} INFO - Filling up the DagBag from /home/airflow/dags/mlflow_tracking_dag.py
[2026-04-26T21:31:01.779+0000] {processor.py:840} INFO - DAG(s) 'model_training_pipeline' retrieved from /home/airflow/dags/mlflow_tracking_dag.py
[2026-04-26T21:31:01.869+0000] {logging_mixin.py:188} INFO - [2026-04-26T21:31:01.868+0000] {dag.py:3036} INFO - Sync 1 DAGs
[2026-04-26T21:31:01.884+0000] {logging_mixin.py:188} INFO - [2026-04-26T21:31:01.884+0000] {dag.py:3823} INFO - Setting next_dagrun for model_training_pipeline to 2026-04-26 00:00:00+00:00, run_after=2026-05-03 00:00:00+00:00
[2026-04-26T21:31:01.941+0000] {processor.py:183} INFO - Processing /home/airflow/dags/mlflow_tracking_dag.py took 1.133 seconds
[2026-04-26T21:31:32.252+0000] {processor.py:161} INFO - Started process (PID=46982) to work on /home/airflow/dags/mlflow_tracking_dag.py
[2026-04-26T21:31:32.253+0000] {processor.py:830} INFO - Processing file /home/airflow/dags/mlflow_tracking_dag.py for tasks to queue
[2026-04-26T21:31:32.255+0000] {logging_mixin.py:188} INFO - [2026-04-26T21:31:32.254+0000] {dagbag.py:538} INFO - Filling up the DagBag from /home/airflow/dags/mlflow_tracking_dag.py
[2026-04-26T21:31:33.256+0000] {processor.py:840} INFO - DAG(s) 'model_training_pipeline' retrieved from /home/airflow/dags/mlflow_tracking_dag.py
[2026-04-26T21:31:33.279+0000] {logging_mixin.py:188} INFO - [2026-04-26T21:31:33.278+0000] {dag.py:3036} INFO - Sync 1 DAGs
[2026-04-26T21:31:33.294+0000] {logging_mixin.py:188} INFO - [2026-04-26T21:31:33.294+0000] {dag.py:3823} INFO - Setting next_dagrun for model_training_pipeline to 2026-04-26 00:00:00+00:00, run_after=2026-05-03 00:00:00+00:00
[2026-04-26T21:31:33.316+0000] {processor.py:183} INFO - Processing /home/airflow/dags/mlflow_tracking_dag.py took 1.068 seconds
[2026-04-26T21:32:03.676+0000] {processor.py:161} INFO - Started process (PID=47027) to work on /home/airflow/dags/mlflow_tracking_dag.py
[2026-04-26T21:32:03.677+0000] {processor.py:830} INFO - Processing file /home/airflow/dags/mlflow_tracking_dag.py for tasks to queue
[2026-04-26T21:32:03.678+0000] {logging_mixin.py:188} INFO - [2026-04-26T21:32:03.678+0000] {dagbag.py:538} INFO - Filling up the DagBag from /home/airflow/dags/mlflow_tracking_dag.py
[2026-04-26T21:32:04.602+0000] {processor.py:840} INFO - DAG(s) 'model_training_pipeline' retrieved from /home/airflow/dags/mlflow_tracking_dag.py
[2026-04-26T21:32:04.616+0000] {logging_mixin.py:188} INFO - [2026-04-26T21:32:04.615+0000] {dag.py:3036} INFO - Sync 1 DAGs
[2026-04-26T21:32:04.634+0000] {logging_mixin.py:188} INFO - [2026-04-26T21:32:04.633+0000] {dag.py:3823} INFO - Setting next_dagrun for model_training_pipeline to 2026-04-26 00:00:00+00:00, run_after=2026-05-03 00:00:00+00:00
[2026-04-26T21:32:04.655+0000] {processor.py:183} INFO - Processing /home/airflow/dags/mlflow_tracking_dag.py took 0.982 seconds
[2026-04-26T21:32:35.127+0000] {processor.py:161} INFO - Started process (PID=47072) to work on /home/airflow/dags/mlflow_tracking_dag.py
[2026-04-26T21:32:35.128+0000] {processor.py:830} INFO - Processing file /home/airflow/dags/mlflow_tracking_dag.py for tasks to queue
[2026-04-26T21:32:35.129+0000] {logging_mixin.py:188} INFO - [2026-04-26T21:32:35.128+0000] {dagbag.py:538} INFO - Filling up the DagBag from /home/airflow/dags/mlflow_tracking_dag.py
[2026-04-26T21:32:36.136+0000] {processor.py:840} INFO - DAG(s) 'model_training_pipeline' retrieved from /home/airflow/dags/mlflow_tracking_dag.py
[2026-04-26T21:32:36.214+0000] {logging_mixin.py:188} INFO - [2026-04-26T21:32:36.214+0000] {dag.py:3036} INFO - Sync 1 DAGs
[2026-04-26T21:32:36.229+0000] {logging_mixin.py:188} INFO - [2026-04-26T21:32:36.229+0000] {dag.py:3823} INFO - Setting next_dagrun for model_training_pipeline to 2026-04-26 00:00:00+00:00, run_after=2026-05-03 00:00:00+00:00
[2026-04-26T21:32:36.252+0000] {processor.py:183} INFO - Processing /home/airflow/dags/mlflow_tracking_dag.py took 1.129 seconds
[2026-04-26T21:33:06.663+0000] {processor.py:161} INFO - Started process (PID=47117) to work on /home/airflow/dags/mlflow_tracking_dag.py
[2026-04-26T21:33:06.664+0000] {processor.py:830} INFO - Processing file /home/airflow/dags/mlflow_tracking_dag.py for tasks to queue
[2026-04-26T21:33:06.665+0000] {logging_mixin.py:188} INFO - [2026-04-26T21:33:06.665+0000] {dagbag.py:538} INFO - Filling up the DagBag from /home/airflow/dags/mlflow_tracking_dag.py
[2026-04-26T21:33:07.682+0000] {processor.py:840} INFO - DAG(s) 'model_training_pipeline' retrieved from /home/airflow/dags/mlflow_tracking_dag.py
[2026-04-26T21:33:07.706+0000] {logging_mixin.py:188} INFO - [2026-04-26T21:33:07.706+0000] {dag.py:3036} INFO - Sync 1 DAGs
[2026-04-26T21:33:07.727+0000] {logging_mixin.py:188} INFO - [2026-04-26T21:33:07.727+0000] {dag.py:3823} INFO - Setting next_dagrun for model_training_pipeline to 2026-04-26 00:00:00+00:00, run_after=2026-05-03 00:00:00+00:00
[2026-04-26T21:33:07.752+0000] {processor.py:183} INFO - Processing /home/airflow/dags/mlflow_tracking_dag.py took 1.094 seconds
[2026-04-26T21:33:38.094+0000] {processor.py:161} INFO - Started process (PID=47162) to work on /home/airflow/dags/mlflow_tracking_dag.py
[2026-04-26T21:33:38.095+0000] {processor.py:830} INFO - Processing file /home/airflow/dags/mlflow_tracking_dag.py for tasks to queue
[2026-04-26T21:33:38.096+0000] {logging_mixin.py:188} INFO - [2026-04-26T21:33:38.096+0000] {dagbag.py:538} INFO - Filling up the DagBag from /home/airflow/dags/mlflow_tracking_dag.py
[2026-04-26T21:33:39.011+0000] {processor.py:840} INFO - DAG(s) 'model_training_pipeline' retrieved from /home/airflow/dags/mlflow_tracking_dag.py
[2026-04-26T21:33:39.025+0000] {logging_mixin.py:188} INFO - [2026-04-26T21:33:39.024+0000] {dag.py:3036} INFO - Sync 1 DAGs
[2026-04-26T21:33:39.041+0000] {logging_mixin.py:188} INFO - [2026-04-26T21:33:39.041+0000] {dag.py:3823} INFO - Setting next_dagrun for model_training_pipeline to 2026-04-26 00:00:00+00:00, run_after=2026-05-03 00:00:00+00:00
[2026-04-26T21:33:39.065+0000] {processor.py:183} INFO - Processing /home/airflow/dags/mlflow_tracking_dag.py took 0.974 seconds
[2026-04-26T21:34:09.467+0000] {processor.py:161} INFO - Started process (PID=47207) to work on /home/airflow/dags/mlflow_tracking_dag.py
[2026-04-26T21:34:09.469+0000] {processor.py:830} INFO - Processing file /home/airflow/dags/mlflow_tracking_dag.py for tasks to queue
[2026-04-26T21:34:09.471+0000] {logging_mixin.py:188} INFO - [2026-04-26T21:34:09.470+0000] {dagbag.py:538} INFO - Filling up the DagBag from /home/airflow/dags/mlflow_tracking_dag.py
[2026-04-26T21:34:10.547+0000] {processor.py:840} INFO - DAG(s) 'model_training_pipeline' retrieved from /home/airflow/dags/mlflow_tracking_dag.py
[2026-04-26T21:34:10.679+0000] {logging_mixin.py:188} INFO - [2026-04-26T21:34:10.678+0000] {dag.py:3036} INFO - Sync 1 DAGs
[2026-04-26T21:34:10.695+0000] {logging_mixin.py:188} INFO - [2026-04-26T21:34:10.694+0000] {dag.py:3823} INFO - Setting next_dagrun for model_training_pipeline to 2026-04-26 00:00:00+00:00, run_after=2026-05-03 00:00:00+00:00
[2026-04-26T21:34:10.721+0000] {processor.py:183} INFO - Processing /home/airflow/dags/mlflow_tracking_dag.py took 1.258 seconds
[2026-04-26T21:34:40.945+0000] {processor.py:161} INFO - Started process (PID=47252) to work on /home/airflow/dags/mlflow_tracking_dag.py
[2026-04-26T21:34:40.946+0000] {processor.py:830} INFO - Processing file /home/airflow/dags/mlflow_tracking_dag.py for tasks to queue
[2026-04-26T21:34:40.947+0000] {logging_mixin.py:188} INFO - [2026-04-26T21:34:40.947+0000] {dagbag.py:538} INFO - Filling up the DagBag from /home/airflow/dags/mlflow_tracking_dag.py
[2026-04-26T21:34:41.838+0000] {processor.py:840} INFO - DAG(s) 'model_training_pipeline' retrieved from /home/airflow/dags/mlflow_tracking_dag.py
[2026-04-26T21:34:41.858+0000] {logging_mixin.py:188} INFO - [2026-04-26T21:34:41.858+0000] {dag.py:3036} INFO - Sync 1 DAGs
[2026-04-26T21:34:41.872+0000] {logging_mixin.py:188} INFO - [2026-04-26T21:34:41.872+0000] {dag.py:3823} INFO - Setting next_dagrun for model_training_pipeline to 2026-04-26 00:00:00+00:00, run_after=2026-05-03 00:00:00+00:00
[2026-04-26T21:34:41.893+0000] {processor.py:183} INFO - Processing /home/airflow/dags/mlflow_tracking_dag.py took 0.952 seconds
[2026-04-26T21:35:12.001+0000] {processor.py:161} INFO - Started process (PID=47297) to work on /home/airflow/dags/mlflow_tracking_dag.py
[2026-04-26T21:35:12.002+0000] {processor.py:830} INFO - Processing file /home/airflow/dags/mlflow_tracking_dag.py for tasks to queue
[2026-04-26T21:35:12.003+0000] {logging_mixin.py:188} INFO - [2026-04-26T21:35:12.003+0000] {dagbag.py:538} INFO - Filling up the DagBag from /home/airflow/dags/mlflow_tracking_dag.py
[2026-04-26T21:35:12.830+0000] {processor.py:840} INFO - DAG(s) 'model_training_pipeline' retrieved from /home/airflow/dags/mlflow_tracking_dag.py
[2026-04-26T21:35:12.842+0000] {logging_mixin.py:188} INFO - [2026-04-26T21:35:12.842+0000] {dag.py:3036} INFO - Sync 1 DAGs
[2026-04-26T21:35:12.857+0000] {logging_mixin.py:188} INFO - [2026-04-26T21:35:12.857+0000] {dag.py:3823} INFO - Setting next_dagrun for model_training_pipeline to 2026-04-26 00:00:00+00:00, run_after=2026-05-03 00:00:00+00:00
[2026-04-26T21:35:12.881+0000] {processor.py:183} INFO - Processing /home/airflow/dags/mlflow_tracking_dag.py took 0.884 seconds
[2026-04-26T21:35:43.321+0000] {processor.py:161} INFO - Started process (PID=47342) to work on /home/airflow/dags/mlflow_tracking_dag.py
[2026-04-26T21:35:43.322+0000] {processor.py:830} INFO - Processing file /home/airflow/dags/mlflow_tracking_dag.py for tasks to queue
[2026-04-26T21:35:43.323+0000] {logging_mixin.py:188} INFO - [2026-04-26T21:35:43.323+0000] {dagbag.py:538} INFO - Filling up the DagBag from /home/airflow/dags/mlflow_tracking_dag.py
[2026-04-26T21:35:44.254+0000] {processor.py:840} INFO - DAG(s) 'model_training_pipeline' retrieved from /home/airflow/dags/mlflow_tracking_dag.py
[2026-04-26T21:35:44.334+0000] {logging_mixin.py:188} INFO - [2026-04-26T21:35:44.333+0000] {dag.py:3036} INFO - Sync 1 DAGs
[2026-04-26T21:35:44.347+0000] {logging_mixin.py:188} INFO - [2026-04-26T21:35:44.347+0000] {dag.py:3823} INFO - Setting next_dagrun for model_training_pipeline to 2026-04-26 00:00:00+00:00, run_after=2026-05-03 00:00:00+00:00
[2026-04-26T21:35:44.370+0000] {processor.py:183} INFO - Processing /home/airflow/dags/mlflow_tracking_dag.py took 1.053 seconds
[2026-04-26T21:36:14.768+0000] {processor.py:161} INFO - Started process (PID=47387) to work on /home/airflow/dags/mlflow_tracking_dag.py
[2026-04-26T21:36:14.770+0000] {processor.py:830} INFO - Processing file /home/airflow/dags/mlflow_tracking_dag.py for tasks to queue
[2026-04-26T21:36:14.771+0000] {logging_mixin.py:188} INFO - [2026-04-26T21:36:14.770+0000] {dagbag.py:538} INFO - Filling up the DagBag from /home/airflow/dags/mlflow_tracking_dag.py
[2026-04-26T21:36:15.777+0000] {processor.py:840} INFO - DAG(s) 'model_training_pipeline' retrieved from /home/airflow/dags/mlflow_tracking_dag.py
[2026-04-26T21:36:15.799+0000] {logging_mixin.py:188} INFO - [2026-04-26T21:36:15.799+0000] {dag.py:3036} INFO - Sync 1 DAGs
[2026-04-26T21:36:15.815+0000] {logging_mixin.py:188} INFO - [2026-04-26T21:36:15.814+0000] {dag.py:3823} INFO - Setting next_dagrun for model_training_pipeline to 2026-04-26 00:00:00+00:00, run_after=2026-05-03 00:00:00+00:00
[2026-04-26T21:36:15.837+0000] {processor.py:183} INFO - Processing /home/airflow/dags/mlflow_tracking_dag.py took 1.072 seconds
[2026-04-26T21:36:46.152+0000] {processor.py:161} INFO - Started process (PID=47432) to work on /home/airflow/dags/mlflow_tracking_dag.py
[2026-04-26T21:36:46.153+0000] {processor.py:830} INFO - Processing file /home/airflow/dags/mlflow_tracking_dag.py for tasks to queue
[2026-04-26T21:36:46.155+0000] {logging_mixin.py:188} INFO - [2026-04-26T21:36:46.154+0000] {dagbag.py:538} INFO - Filling up the DagBag from /home/airflow/dags/mlflow_tracking_dag.py
[2026-04-26T21:36:47.283+0000] {processor.py:840} INFO - DAG(s) 'model_training_pipeline' retrieved from /home/airflow/dags/mlflow_tracking_dag.py
[2026-04-26T21:36:47.294+0000] {logging_mixin.py:188} INFO - [2026-04-26T21:36:47.293+0000] {dag.py:3036} INFO - Sync 1 DAGs
[2026-04-26T21:36:47.308+0000] {logging_mixin.py:188} INFO - [2026-04-26T21:36:47.308+0000] {dag.py:3823} INFO - Setting next_dagrun for model_training_pipeline to 2026-04-26 00:00:00+00:00, run_after=2026-05-03 00:00:00+00:00
[2026-04-26T21:36:47.329+0000] {processor.py:183} INFO - Processing /home/airflow/dags/mlflow_tracking_dag.py took 1.182 seconds
[2026-04-26T21:37:17.706+0000] {processor.py:161} INFO - Started process (PID=47477) to work on /home/airflow/dags/mlflow_tracking_dag.py
[2026-04-26T21:37:17.707+0000] {processor.py:830} INFO - Processing file /home/airflow/dags/mlflow_tracking_dag.py for tasks to queue
[2026-04-26T21:37:17.708+0000] {logging_mixin.py:188} INFO - [2026-04-26T21:37:17.708+0000] {dagbag.py:538} INFO - Filling up the DagBag from /home/airflow/dags/mlflow_tracking_dag.py
[2026-04-26T21:37:18.681+0000] {processor.py:840} INFO - DAG(s) 'model_training_pipeline' retrieved from /home/airflow/dags/mlflow_tracking_dag.py
[2026-04-26T21:37:18.792+0000] {logging_mixin.py:188} INFO - [2026-04-26T21:37:18.791+0000] {dag.py:3036} INFO - Sync 1 DAGs
[2026-04-26T21:37:18.807+0000] {logging_mixin.py:188} INFO - [2026-04-26T21:37:18.807+0000] {dag.py:3823} INFO - Setting next_dagrun for model_training_pipeline to 2026-04-26 00:00:00+00:00, run_after=2026-05-03 00:00:00+00:00
[2026-04-26T21:37:18.828+0000] {processor.py:183} INFO - Processing /home/airflow/dags/mlflow_tracking_dag.py took 1.125 seconds
[2026-04-26T21:37:49.105+0000] {processor.py:161} INFO - Started process (PID=47522) to work on /home/airflow/dags/mlflow_tracking_dag.py
[2026-04-26T21:37:49.107+0000] {processor.py:830} INFO - Processing file /home/airflow/dags/mlflow_tracking_dag.py for tasks to queue
[2026-04-26T21:37:49.108+0000] {logging_mixin.py:188} INFO - [2026-04-26T21:37:49.108+0000] {dagbag.py:538} INFO - Filling up the DagBag from /home/airflow/dags/mlflow_tracking_dag.py
[2026-04-26T21:37:50.197+0000] {processor.py:840} INFO - DAG(s) 'model_training_pipeline' retrieved from /home/airflow/dags/mlflow_tracking_dag.py
[2026-04-26T21:37:50.225+0000] {logging_mixin.py:188} INFO - [2026-04-26T21:37:50.224+0000] {dag.py:3036} INFO - Sync 1 DAGs
[2026-04-26T21:37:50.240+0000] {logging_mixin.py:188} INFO - [2026-04-26T21:37:50.240+0000] {dag.py:3823} INFO - Setting next_dagrun for model_training_pipeline to 2026-04-26 00:00:00+00:00, run_after=2026-05-03 00:00:00+00:00
[2026-04-26T21:37:50.262+0000] {processor.py:183} INFO - Processing /home/airflow/dags/mlflow_tracking_dag.py took 1.162 seconds
[2026-04-26T21:38:20.581+0000] {processor.py:161} INFO - Started process (PID=47567) to work on /home/airflow/dags/mlflow_tracking_dag.py
[2026-04-26T21:38:20.583+0000] {processor.py:830} INFO - Processing file /home/airflow/dags/mlflow_tracking_dag.py for tasks to queue
[2026-04-26T21:38:20.584+0000] {logging_mixin.py:188} INFO - [2026-04-26T21:38:20.584+0000] {dagbag.py:538} INFO - Filling up the DagBag from /home/airflow/dags/mlflow_tracking_dag.py
[2026-04-26T21:38:21.589+0000] {processor.py:840} INFO - DAG(s) 'model_training_pipeline' retrieved from /home/airflow/dags/mlflow_tracking_dag.py
[2026-04-26T21:38:21.600+0000] {logging_mixin.py:188} INFO - [2026-04-26T21:38:21.600+0000] {dag.py:3036} INFO - Sync 1 DAGs
[2026-04-26T21:38:21.615+0000] {logging_mixin.py:188} INFO - [2026-04-26T21:38:21.615+0000] {dag.py:3823} INFO - Setting next_dagrun for model_training_pipeline to 2026-04-26 00:00:00+00:00, run_after=2026-05-03 00:00:00+00:00
[2026-04-26T21:38:21.636+0000] {processor.py:183} INFO - Processing /home/airflow/dags/mlflow_tracking_dag.py took 1.058 seconds
[2026-04-26T21:38:52.034+0000] {processor.py:161} INFO - Started process (PID=47612) to work on /home/airflow/dags/mlflow_tracking_dag.py
[2026-04-26T21:38:52.036+0000] {processor.py:830} INFO - Processing file /home/airflow/dags/mlflow_tracking_dag.py for tasks to queue
[2026-04-26T21:38:52.037+0000] {logging_mixin.py:188} INFO - [2026-04-26T21:38:52.036+0000] {dagbag.py:538} INFO - Filling up the DagBag from /home/airflow/dags/mlflow_tracking_dag.py
[2026-04-26T21:38:52.841+0000] {processor.py:840} INFO - DAG(s) 'model_training_pipeline' retrieved from /home/airflow/dags/mlflow_tracking_dag.py
[2026-04-26T21:38:52.919+0000] {logging_mixin.py:188} INFO - [2026-04-26T21:38:52.919+0000] {dag.py:3036} INFO - Sync 1 DAGs
[2026-04-26T21:38:52.933+0000] {logging_mixin.py:188} INFO - [2026-04-26T21:38:52.933+0000] {dag.py:3823} INFO - Setting next_dagrun for model_training_pipeline to 2026-04-26 00:00:00+00:00, run_after=2026-05-03 00:00:00+00:00
[2026-04-26T21:38:52.956+0000] {processor.py:183} INFO - Processing /home/airflow/dags/mlflow_tracking_dag.py took 0.925 seconds
[2026-04-26T21:39:23.204+0000] {processor.py:161} INFO - Started process (PID=47657) to work on /home/airflow/dags/mlflow_tracking_dag.py
[2026-04-26T21:39:23.205+0000] {processor.py:830} INFO - Processing file /home/airflow/dags/mlflow_tracking_dag.py for tasks to queue
[2026-04-26T21:39:23.206+0000] {logging_mixin.py:188} INFO - [2026-04-26T21:39:23.206+0000] {dagbag.py:538} INFO - Filling up the DagBag from /home/airflow/dags/mlflow_tracking_dag.py
[2026-04-26T21:39:24.311+0000] {processor.py:840} INFO - DAG(s) 'model_training_pipeline' retrieved from /home/airflow/dags/mlflow_tracking_dag.py
[2026-04-26T21:39:24.342+0000] {logging_mixin.py:188} INFO - [2026-04-26T21:39:24.341+0000] {dag.py:3036} INFO - Sync 1 DAGs
[2026-04-26T21:39:24.367+0000] {logging_mixin.py:188} INFO - [2026-04-26T21:39:24.366+0000] {dag.py:3823} INFO - Setting next_dagrun for model_training_pipeline to 2026-04-26 00:00:00+00:00, run_after=2026-05-03 00:00:00+00:00
[2026-04-26T21:39:24.393+0000] {processor.py:183} INFO - Processing /home/airflow/dags/mlflow_tracking_dag.py took 1.193 seconds
[2026-04-26T21:39:54.498+0000] {processor.py:161} INFO - Started process (PID=47702) to work on /home/airflow/dags/mlflow_tracking_dag.py
[2026-04-26T21:39:54.499+0000] {processor.py:830} INFO - Processing file /home/airflow/dags/mlflow_tracking_dag.py for tasks to queue
[2026-04-26T21:39:54.500+0000] {logging_mixin.py:188} INFO - [2026-04-26T21:39:54.499+0000] {dagbag.py:538} INFO - Filling up the DagBag from /home/airflow/dags/mlflow_tracking_dag.py
[2026-04-26T21:39:55.395+0000] {processor.py:840} INFO - DAG(s) 'model_training_pipeline' retrieved from /home/airflow/dags/mlflow_tracking_dag.py
[2026-04-26T21:39:55.408+0000] {logging_mixin.py:188} INFO - [2026-04-26T21:39:55.407+0000] {dag.py:3036} INFO - Sync 1 DAGs
[2026-04-26T21:39:55.423+0000] {logging_mixin.py:188} INFO - [2026-04-26T21:39:55.423+0000] {dag.py:3823} INFO - Setting next_dagrun for model_training_pipeline to 2026-04-26 00:00:00+00:00, run_after=2026-05-03 00:00:00+00:00
[2026-04-26T21:39:55.455+0000] {processor.py:183} INFO - Processing /home/airflow/dags/mlflow_tracking_dag.py took 0.961 seconds
[2026-04-26T21:40:25.941+0000] {processor.py:161} INFO - Started process (PID=47747) to work on /home/airflow/dags/mlflow_tracking_dag.py
[2026-04-26T21:40:25.942+0000] {processor.py:830} INFO - Processing file /home/airflow/dags/mlflow_tracking_dag.py for tasks to queue
[2026-04-26T21:40:25.943+0000] {logging_mixin.py:188} INFO - [2026-04-26T21:40:25.943+0000] {dagbag.py:538} INFO - Filling up the DagBag from /home/airflow/dags/mlflow_tracking_dag.py
[2026-04-26T21:40:26.794+0000] {processor.py:840} INFO - DAG(s) 'model_training_pipeline' retrieved from /home/airflow/dags/mlflow_tracking_dag.py
[2026-04-26T21:40:26.894+0000] {logging_mixin.py:188} INFO - [2026-04-26T21:40:26.893+0000] {dag.py:3036} INFO - Sync 1 DAGs
[2026-04-26T21:40:26.911+0000] {logging_mixin.py:188} INFO - [2026-04-26T21:40:26.911+0000] {dag.py:3823} INFO - Setting next_dagrun for model_training_pipeline to 2026-04-26 00:00:00+00:00, run_after=2026-05-03 00:00:00+00:00
[2026-04-26T21:40:26.939+0000] {processor.py:183} INFO - Processing /home/airflow/dags/mlflow_tracking_dag.py took 1.003 seconds
[2026-04-26T21:40:57.345+0000] {processor.py:161} INFO - Started process (PID=47792) to work on /home/airflow/dags/mlflow_tracking_dag.py
[2026-04-26T21:40:57.346+0000] {processor.py:830} INFO - Processing file /home/airflow/dags/mlflow_tracking_dag.py for tasks to queue
[2026-04-26T21:40:57.347+0000] {logging_mixin.py:188} INFO - [2026-04-26T21:40:57.347+0000] {dagbag.py:538} INFO - Filling up the DagBag from /home/airflow/dags/mlflow_tracking_dag.py
[2026-04-26T21:40:58.342+0000] {processor.py:840} INFO - DAG(s) 'model_training_pipeline' retrieved from /home/airflow/dags/mlflow_tracking_dag.py
[2026-04-26T21:40:58.367+0000] {logging_mixin.py:188} INFO - [2026-04-26T21:40:58.366+0000] {dag.py:3036} INFO - Sync 1 DAGs
[2026-04-26T21:40:58.387+0000] {logging_mixin.py:188} INFO - [2026-04-26T21:40:58.387+0000] {dag.py:3823} INFO - Setting next_dagrun for model_training_pipeline to 2026-04-26 00:00:00+00:00, run_after=2026-05-03 00:00:00+00:00
[2026-04-26T21:40:58.414+0000] {processor.py:183} INFO - Processing /home/airflow/dags/mlflow_tracking_dag.py took 1.072 seconds
[2026-04-26T21:41:28.715+0000] {processor.py:161} INFO - Started process (PID=47837) to work on /home/airflow/dags/mlflow_tracking_dag.py
[2026-04-26T21:41:28.716+0000] {processor.py:830} INFO - Processing file /home/airflow/dags/mlflow_tracking_dag.py for tasks to queue
[2026-04-26T21:41:28.718+0000] {logging_mixin.py:188} INFO - [2026-04-26T21:41:28.717+0000] {dagbag.py:538} INFO - Filling up the DagBag from /home/airflow/dags/mlflow_tracking_dag.py
[2026-04-26T21:41:29.578+0000] {processor.py:840} INFO - DAG(s) 'model_training_pipeline' retrieved from /home/airflow/dags/mlflow_tracking_dag.py
[2026-04-26T21:41:29.592+0000] {logging_mixin.py:188} INFO - [2026-04-26T21:41:29.590+0000] {dag.py:3036} INFO - Sync 1 DAGs
[2026-04-26T21:41:29.607+0000] {logging_mixin.py:188} INFO - [2026-04-26T21:41:29.606+0000] {dag.py:3823} INFO - Setting next_dagrun for model_training_pipeline to 2026-04-26 00:00:00+00:00, run_after=2026-05-03 00:00:00+00:00
[2026-04-26T21:41:29.630+0000] {processor.py:183} INFO - Processing /home/airflow/dags/mlflow_tracking_dag.py took 0.920 seconds
[2026-04-26T21:42:00.037+0000] {processor.py:161} INFO - Started process (PID=47882) to work on /home/airflow/dags/mlflow_tracking_dag.py
[2026-04-26T21:42:00.038+0000] {processor.py:830} INFO - Processing file /home/airflow/dags/mlflow_tracking_dag.py for tasks to queue
[2026-04-26T21:42:00.040+0000] {logging_mixin.py:188} INFO - [2026-04-26T21:42:00.039+0000] {dagbag.py:538} INFO - Filling up the DagBag from /home/airflow/dags/mlflow_tracking_dag.py
[2026-04-26T21:42:01.011+0000] {processor.py:840} INFO - DAG(s) 'model_training_pipeline' retrieved from /home/airflow/dags/mlflow_tracking_dag.py
[2026-04-26T21:42:01.104+0000] {logging_mixin.py:188} INFO - [2026-04-26T21:42:01.103+0000] {dag.py:3036} INFO - Sync 1 DAGs
[2026-04-26T21:42:01.119+0000] {logging_mixin.py:188} INFO - [2026-04-26T21:42:01.119+0000] {dag.py:3823} INFO - Setting next_dagrun for model_training_pipeline to 2026-04-26 00:00:00+00:00, run_after=2026-05-03 00:00:00+00:00
[2026-04-26T21:42:01.146+0000] {processor.py:183} INFO - Processing /home/airflow/dags/mlflow_tracking_dag.py took 1.114 seconds
[2026-04-26T21:42:31.414+0000] {processor.py:161} INFO - Started process (PID=47927) to work on /home/airflow/dags/mlflow_tracking_dag.py
[2026-04-26T21:42:31.416+0000] {processor.py:830} INFO - Processing file /home/airflow/dags/mlflow_tracking_dag.py for tasks to queue
[2026-04-26T21:42:31.417+0000] {logging_mixin.py:188} INFO - [2026-04-26T21:42:31.416+0000] {dagbag.py:538} INFO - Filling up the DagBag from /home/airflow/dags/mlflow_tracking_dag.py
[2026-04-26T21:42:32.313+0000] {processor.py:840} INFO - DAG(s) 'model_training_pipeline' retrieved from /home/airflow/dags/mlflow_tracking_dag.py
[2026-04-26T21:42:32.334+0000] {logging_mixin.py:188} INFO - [2026-04-26T21:42:32.334+0000] {dag.py:3036} INFO - Sync 1 DAGs
[2026-04-26T21:42:32.350+0000] {logging_mixin.py:188} INFO - [2026-04-26T21:42:32.349+0000] {dag.py:3823} INFO - Setting next_dagrun for model_training_pipeline to 2026-04-26 00:00:00+00:00, run_after=2026-05-03 00:00:00+00:00
[2026-04-26T21:42:32.374+0000] {processor.py:183} INFO - Processing /home/airflow/dags/mlflow_tracking_dag.py took 0.965 seconds
[2026-04-26T21:43:02.459+0000] {processor.py:161} INFO - Started process (PID=47972) to work on /home/airflow/dags/mlflow_tracking_dag.py
[2026-04-26T21:43:02.460+0000] {processor.py:830} INFO - Processing file /home/airflow/dags/mlflow_tracking_dag.py for tasks to queue
[2026-04-26T21:43:02.461+0000] {logging_mixin.py:188} INFO - [2026-04-26T21:43:02.460+0000] {dagbag.py:538} INFO - Filling up the DagBag from /home/airflow/dags/mlflow_tracking_dag.py
[2026-04-26T21:43:03.388+0000] {processor.py:840} INFO - DAG(s) 'model_training_pipeline' retrieved from /home/airflow/dags/mlflow_tracking_dag.py
[2026-04-26T21:43:03.400+0000] {logging_mixin.py:188} INFO - [2026-04-26T21:43:03.399+0000] {dag.py:3036} INFO - Sync 1 DAGs
[2026-04-26T21:43:03.417+0000] {logging_mixin.py:188} INFO - [2026-04-26T21:43:03.416+0000] {dag.py:3823} INFO - Setting next_dagrun for model_training_pipeline to 2026-04-26 00:00:00+00:00, run_after=2026-05-03 00:00:00+00:00
[2026-04-26T21:43:03.440+0000] {processor.py:183} INFO - Processing /home/airflow/dags/mlflow_tracking_dag.py took 0.985 seconds
[2026-04-26T21:43:33.799+0000] {processor.py:161} INFO - Started process (PID=48017) to work on /home/airflow/dags/mlflow_tracking_dag.py
[2026-04-26T21:43:33.800+0000] {processor.py:830} INFO - Processing file /home/airflow/dags/mlflow_tracking_dag.py for tasks to queue
[2026-04-26T21:43:33.801+0000] {logging_mixin.py:188} INFO - [2026-04-26T21:43:33.801+0000] {dagbag.py:538} INFO - Filling up the DagBag from /home/airflow/dags/mlflow_tracking_dag.py
[2026-04-26T21:43:34.855+0000] {processor.py:840} INFO - DAG(s) 'model_training_pipeline' retrieved from /home/airflow/dags/mlflow_tracking_dag.py
[2026-04-26T21:43:34.945+0000] {logging_mixin.py:188} INFO - [2026-04-26T21:43:34.944+0000] {dag.py:3036} INFO - Sync 1 DAGs
[2026-04-26T21:43:34.960+0000] {logging_mixin.py:188} INFO - [2026-04-26T21:43:34.960+0000] {dag.py:3823} INFO - Setting next_dagrun for model_training_pipeline to 2026-04-26 00:00:00+00:00, run_after=2026-05-03 00:00:00+00:00
[2026-04-26T21:43:34.991+0000] {processor.py:183} INFO - Processing /home/airflow/dags/mlflow_tracking_dag.py took 1.196 seconds
[2026-04-26T21:44:05.337+0000] {processor.py:161} INFO - Started process (PID=48062) to work on /home/airflow/dags/mlflow_tracking_dag.py
[2026-04-26T21:44:05.339+0000] {processor.py:830} INFO - Processing file /home/airflow/dags/mlflow_tracking_dag.py for tasks to queue
[2026-04-26T21:44:05.341+0000] {logging_mixin.py:188} INFO - [2026-04-26T21:44:05.340+0000] {dagbag.py:538} INFO - Filling up the DagBag from /home/airflow/dags/mlflow_tracking_dag.py
[2026-04-26T21:44:06.412+0000] {processor.py:840} INFO - DAG(s) 'model_training_pipeline' retrieved from /home/airflow/dags/mlflow_tracking_dag.py
[2026-04-26T21:44:06.434+0000] {logging_mixin.py:188} INFO - [2026-04-26T21:44:06.434+0000] {dag.py:3036} INFO - Sync 1 DAGs
[2026-04-26T21:44:06.451+0000] {logging_mixin.py:188} INFO - [2026-04-26T21:44:06.451+0000] {dag.py:3823} INFO - Setting next_dagrun for model_training_pipeline to 2026-04-26 00:00:00+00:00, run_after=2026-05-03 00:00:00+00:00
[2026-04-26T21:44:06.474+0000] {processor.py:183} INFO - Processing /home/airflow/dags/mlflow_tracking_dag.py took 1.140 seconds
[2026-04-26T21:44:36.704+0000] {processor.py:161} INFO - Started process (PID=48107) to work on /home/airflow/dags/mlflow_tracking_dag.py
[2026-04-26T21:44:36.705+0000] {processor.py:830} INFO - Processing file /home/airflow/dags/mlflow_tracking_dag.py for tasks to queue
[2026-04-26T21:44:36.706+0000] {logging_mixin.py:188} INFO - [2026-04-26T21:44:36.705+0000] {dagbag.py:538} INFO - Filling up the DagBag from /home/airflow/dags/mlflow_tracking_dag.py
[2026-04-26T21:44:37.538+0000] {processor.py:840} INFO - DAG(s) 'model_training_pipeline' retrieved from /home/airflow/dags/mlflow_tracking_dag.py
[2026-04-26T21:44:37.550+0000] {logging_mixin.py:188} INFO - [2026-04-26T21:44:37.550+0000] {dag.py:3036} INFO - Sync 1 DAGs
[2026-04-26T21:44:37.566+0000] {logging_mixin.py:188} INFO - [2026-04-26T21:44:37.566+0000] {dag.py:3823} INFO - Setting next_dagrun for model_training_pipeline to 2026-04-26 00:00:00+00:00, run_after=2026-05-03 00:00:00+00:00
[2026-04-26T21:44:37.591+0000] {processor.py:183} INFO - Processing /home/airflow/dags/mlflow_tracking_dag.py took 0.890 seconds
[2026-04-26T21:45:07.998+0000] {processor.py:161} INFO - Started process (PID=48152) to work on /home/airflow/dags/mlflow_tracking_dag.py
[2026-04-26T21:45:07.999+0000] {processor.py:830} INFO - Processing file /home/airflow/dags/mlflow_tracking_dag.py for tasks to queue
[2026-04-26T21:45:08.001+0000] {logging_mixin.py:188} INFO - [2026-04-26T21:45:08.000+0000] {dagbag.py:538} INFO - Filling up the DagBag from /home/airflow/dags/mlflow_tracking_dag.py
[2026-04-26T21:45:09.033+0000] {processor.py:840} INFO - DAG(s) 'model_training_pipeline' retrieved from /home/airflow/dags/mlflow_tracking_dag.py
[2026-04-26T21:45:09.186+0000] {logging_mixin.py:188} INFO - [2026-04-26T21:45:09.186+0000] {dag.py:3036} INFO - Sync 1 DAGs
[2026-04-26T21:45:09.203+0000] {logging_mixin.py:188} INFO - [2026-04-26T21:45:09.203+0000] {dag.py:3823} INFO - Setting next_dagrun for model_training_pipeline to 2026-04-26 00:00:00+00:00, run_after=2026-05-03 00:00:00+00:00
[2026-04-26T21:45:09.227+0000] {processor.py:183} INFO - Processing /home/airflow/dags/mlflow_tracking_dag.py took 1.233 seconds
[2026-04-26T21:45:39.636+0000] {processor.py:161} INFO - Started process (PID=48197) to work on /home/airflow/dags/mlflow_tracking_dag.py
[2026-04-26T21:45:39.637+0000] {processor.py:830} INFO - Processing file /home/airflow/dags/mlflow_tracking_dag.py for tasks to queue
[2026-04-26T21:45:39.638+0000] {logging_mixin.py:188} INFO - [2026-04-26T21:45:39.638+0000] {dagbag.py:538} INFO - Filling up the DagBag from /home/airflow/dags/mlflow_tracking_dag.py
[2026-04-26T21:45:40.687+0000] {processor.py:840} INFO - DAG(s) 'model_training_pipeline' retrieved from /home/airflow/dags/mlflow_tracking_dag.py
[2026-04-26T21:45:40.709+0000] {logging_mixin.py:188} INFO - [2026-04-26T21:45:40.709+0000] {dag.py:3036} INFO - Sync 1 DAGs
[2026-04-26T21:45:40.726+0000] {logging_mixin.py:188} INFO - [2026-04-26T21:45:40.725+0000] {dag.py:3823} INFO - Setting next_dagrun for model_training_pipeline to 2026-04-26 00:00:00+00:00, run_after=2026-05-03 00:00:00+00:00
[2026-04-26T21:45:40.750+0000] {processor.py:183} INFO - Processing /home/airflow/dags/mlflow_tracking_dag.py took 1.117 seconds
[2026-04-26T21:46:11.143+0000] {processor.py:161} INFO - Started process (PID=48242) to work on /home/airflow/dags/mlflow_tracking_dag.py
[2026-04-26T21:46:11.144+0000] {processor.py:830} INFO - Processing file /home/airflow/dags/mlflow_tracking_dag.py for tasks to queue
[2026-04-26T21:46:11.146+0000] {logging_mixin.py:188} INFO - [2026-04-26T21:46:11.145+0000] {dagbag.py:538} INFO - Filling up the DagBag from /home/airflow/dags/mlflow_tracking_dag.py
[2026-04-26T21:46:12.043+0000] {processor.py:840} INFO - DAG(s) 'model_training_pipeline' retrieved from /home/airflow/dags/mlflow_tracking_dag.py
[2026-04-26T21:46:12.057+0000] {logging_mixin.py:188} INFO - [2026-04-26T21:46:12.056+0000] {dag.py:3036} INFO - Sync 1 DAGs
[2026-04-26T21:46:12.075+0000] {logging_mixin.py:188} INFO - [2026-04-26T21:46:12.075+0000] {dag.py:3823} INFO - Setting next_dagrun for model_training_pipeline to 2026-04-26 00:00:00+00:00, run_after=2026-05-03 00:00:00+00:00
[2026-04-26T21:46:12.100+0000] {processor.py:183} INFO - Processing /home/airflow/dags/mlflow_tracking_dag.py took 0.962 seconds
[2026-04-26T21:46:42.570+0000] {processor.py:161} INFO - Started process (PID=48287) to work on /home/airflow/dags/mlflow_tracking_dag.py
[2026-04-26T21:46:42.572+0000] {processor.py:830} INFO - Processing file /home/airflow/dags/mlflow_tracking_dag.py for tasks to queue
[2026-04-26T21:46:42.573+0000] {logging_mixin.py:188} INFO - [2026-04-26T21:46:42.572+0000] {dagbag.py:538} INFO - Filling up the DagBag from /home/airflow/dags/mlflow_tracking_dag.py
[2026-04-26T21:46:43.401+0000] {processor.py:840} INFO - DAG(s) 'model_training_pipeline' retrieved from /home/airflow/dags/mlflow_tracking_dag.py
[2026-04-26T21:46:43.479+0000] {logging_mixin.py:188} INFO - [2026-04-26T21:46:43.479+0000] {dag.py:3036} INFO - Sync 1 DAGs
[2026-04-26T21:46:43.599+0000] {logging_mixin.py:188} INFO - [2026-04-26T21:46:43.599+0000] {dag.py:3823} INFO - Setting next_dagrun for model_training_pipeline to 2026-04-26 00:00:00+00:00, run_after=2026-05-03 00:00:00+00:00
[2026-04-26T21:46:43.622+0000] {processor.py:183} INFO - Processing /home/airflow/dags/mlflow_tracking_dag.py took 1.055 seconds
[2026-04-26T21:47:13.989+0000] {processor.py:161} INFO - Started process (PID=48332) to work on /home/airflow/dags/mlflow_tracking_dag.py
[2026-04-26T21:47:13.990+0000] {processor.py:830} INFO - Processing file /home/airflow/dags/mlflow_tracking_dag.py for tasks to queue
[2026-04-26T21:47:13.992+0000] {logging_mixin.py:188} INFO - [2026-04-26T21:47:13.991+0000] {dagbag.py:538} INFO - Filling up the DagBag from /home/airflow/dags/mlflow_tracking_dag.py
[2026-04-26T21:47:14.911+0000] {processor.py:840} INFO - DAG(s) 'model_training_pipeline' retrieved from /home/airflow/dags/mlflow_tracking_dag.py
[2026-04-26T21:47:14.931+0000] {logging_mixin.py:188} INFO - [2026-04-26T21:47:14.931+0000] {dag.py:3036} INFO - Sync 1 DAGs
[2026-04-26T21:47:14.946+0000] {logging_mixin.py:188} INFO - [2026-04-26T21:47:14.946+0000] {dag.py:3823} INFO - Setting next_dagrun for model_training_pipeline to 2026-04-26 00:00:00+00:00, run_after=2026-05-03 00:00:00+00:00
[2026-04-26T21:47:14.966+0000] {processor.py:183} INFO - Processing /home/airflow/dags/mlflow_tracking_dag.py took 0.981 seconds
[2026-04-26T21:47:45.369+0000] {processor.py:161} INFO - Started process (PID=48377) to work on /home/airflow/dags/mlflow_tracking_dag.py
[2026-04-26T21:47:45.370+0000] {processor.py:830} INFO - Processing file /home/airflow/dags/mlflow_tracking_dag.py for tasks to queue
[2026-04-26T21:47:45.371+0000] {logging_mixin.py:188} INFO - [2026-04-26T21:47:45.371+0000] {dagbag.py:538} INFO - Filling up the DagBag from /home/airflow/dags/mlflow_tracking_dag.py
[2026-04-26T21:47:46.241+0000] {processor.py:840} INFO - DAG(s) 'model_training_pipeline' retrieved from /home/airflow/dags/mlflow_tracking_dag.py
[2026-04-26T21:47:46.253+0000] {logging_mixin.py:188} INFO - [2026-04-26T21:47:46.253+0000] {dag.py:3036} INFO - Sync 1 DAGs
[2026-04-26T21:47:46.270+0000] {logging_mixin.py:188} INFO - [2026-04-26T21:47:46.270+0000] {dag.py:3823} INFO - Setting next_dagrun for model_training_pipeline to 2026-04-26 00:00:00+00:00, run_after=2026-05-03 00:00:00+00:00
[2026-04-26T21:47:46.293+0000] {processor.py:183} INFO - Processing /home/airflow/dags/mlflow_tracking_dag.py took 0.927 seconds
[2026-04-26T21:48:16.728+0000] {processor.py:161} INFO - Started process (PID=48422) to work on /home/airflow/dags/mlflow_tracking_dag.py
[2026-04-26T21:48:16.730+0000] {processor.py:830} INFO - Processing file /home/airflow/dags/mlflow_tracking_dag.py for tasks to queue
[2026-04-26T21:48:16.731+0000] {logging_mixin.py:188} INFO - [2026-04-26T21:48:16.731+0000] {dagbag.py:538} INFO - Filling up the DagBag from /home/airflow/dags/mlflow_tracking_dag.py
[2026-04-26T21:48:17.644+0000] {processor.py:840} INFO - DAG(s) 'model_training_pipeline' retrieved from /home/airflow/dags/mlflow_tracking_dag.py
[2026-04-26T21:48:17.828+0000] {logging_mixin.py:188} INFO - [2026-04-26T21:48:17.828+0000] {dag.py:3036} INFO - Sync 1 DAGs
[2026-04-26T21:48:17.841+0000] {logging_mixin.py:188} INFO - [2026-04-26T21:48:17.841+0000] {dag.py:3823} INFO - Setting next_dagrun for model_training_pipeline to 2026-04-26 00:00:00+00:00, run_after=2026-05-03 00:00:00+00:00
[2026-04-26T21:48:17.865+0000] {processor.py:183} INFO - Processing /home/airflow/dags/mlflow_tracking_dag.py took 1.140 seconds
[2026-04-26T21:48:48.175+0000] {processor.py:161} INFO - Started process (PID=48467) to work on /home/airflow/dags/mlflow_tracking_dag.py
[2026-04-26T21:48:48.177+0000] {processor.py:830} INFO - Processing file /home/airflow/dags/mlflow_tracking_dag.py for tasks to queue
[2026-04-26T21:48:48.178+0000] {logging_mixin.py:188} INFO - [2026-04-26T21:48:48.177+0000] {dagbag.py:538} INFO - Filling up the DagBag from /home/airflow/dags/mlflow_tracking_dag.py
[2026-04-26T21:48:49.236+0000] {processor.py:840} INFO - DAG(s) 'model_training_pipeline' retrieved from /home/airflow/dags/mlflow_tracking_dag.py
[2026-04-26T21:48:49.259+0000] {logging_mixin.py:188} INFO - [2026-04-26T21:48:49.258+0000] {dag.py:3036} INFO - Sync 1 DAGs
[2026-04-26T21:48:49.427+0000] {logging_mixin.py:188} INFO - [2026-04-26T21:48:49.427+0000] {dag.py:3823} INFO - Setting next_dagrun for model_training_pipeline to 2026-04-26 00:00:00+00:00, run_after=2026-05-03 00:00:00+00:00
[2026-04-26T21:48:49.509+0000] {processor.py:183} INFO - Processing /home/airflow/dags/mlflow_tracking_dag.py took 1.338 seconds
[2026-04-26T21:49:19.631+0000] {processor.py:161} INFO - Started process (PID=48512) to work on /home/airflow/dags/mlflow_tracking_dag.py
[2026-04-26T21:49:19.632+0000] {processor.py:830} INFO - Processing file /home/airflow/dags/mlflow_tracking_dag.py for tasks to queue
[2026-04-26T21:49:19.633+0000] {logging_mixin.py:188} INFO - [2026-04-26T21:49:19.633+0000] {dagbag.py:538} INFO - Filling up the DagBag from /home/airflow/dags/mlflow_tracking_dag.py
[2026-04-26T21:49:20.495+0000] {processor.py:840} INFO - DAG(s) 'model_training_pipeline' retrieved from /home/airflow/dags/mlflow_tracking_dag.py
[2026-04-26T21:49:20.511+0000] {logging_mixin.py:188} INFO - [2026-04-26T21:49:20.510+0000] {dag.py:3036} INFO - Sync 1 DAGs
[2026-04-26T21:49:20.673+0000] {logging_mixin.py:188} INFO - [2026-04-26T21:49:20.672+0000] {dag.py:3823} INFO - Setting next_dagrun for model_training_pipeline to 2026-04-26 00:00:00+00:00, run_after=2026-05-03 00:00:00+00:00
[2026-04-26T21:49:20.691+0000] {processor.py:183} INFO - Processing /home/airflow/dags/mlflow_tracking_dag.py took 1.064 seconds
[2026-04-26T21:49:51.351+0000] {processor.py:161} INFO - Started process (PID=48557) to work on /home/airflow/dags/mlflow_tracking_dag.py
[2026-04-26T21:49:51.353+0000] {processor.py:830} INFO - Processing file /home/airflow/dags/mlflow_tracking_dag.py for tasks to queue
[2026-04-26T21:49:51.355+0000] {logging_mixin.py:188} INFO - [2026-04-26T21:49:51.355+0000] {dagbag.py:538} INFO - Filling up the DagBag from /home/airflow/dags/mlflow_tracking_dag.py
[2026-04-26T21:49:52.360+0000] {processor.py:840} INFO - DAG(s) 'model_training_pipeline' retrieved from /home/airflow/dags/mlflow_tracking_dag.py
[2026-04-26T21:49:52.444+0000] {logging_mixin.py:188} INFO - [2026-04-26T21:49:52.444+0000] {dag.py:3036} INFO - Sync 1 DAGs
[2026-04-26T21:49:52.458+0000] {logging_mixin.py:188} INFO - [2026-04-26T21:49:52.458+0000] {dag.py:3823} INFO - Setting next_dagrun for model_training_pipeline to 2026-04-26 00:00:00+00:00, run_after=2026-05-03 00:00:00+00:00
[2026-04-26T21:49:52.479+0000] {processor.py:183} INFO - Processing /home/airflow/dags/mlflow_tracking_dag.py took 1.132 seconds
[2026-04-26T21:50:22.858+0000] {processor.py:161} INFO - Started process (PID=48602) to work on /home/airflow/dags/mlflow_tracking_dag.py
[2026-04-26T21:50:22.859+0000] {processor.py:830} INFO - Processing file /home/airflow/dags/mlflow_tracking_dag.py for tasks to queue
[2026-04-26T21:50:22.860+0000] {logging_mixin.py:188} INFO - [2026-04-26T21:50:22.860+0000] {dagbag.py:538} INFO - Filling up the DagBag from /home/airflow/dags/mlflow_tracking_dag.py
[2026-04-26T21:50:23.788+0000] {processor.py:840} INFO - DAG(s) 'model_training_pipeline' retrieved from /home/airflow/dags/mlflow_tracking_dag.py
[2026-04-26T21:50:23.808+0000] {logging_mixin.py:188} INFO - [2026-04-26T21:50:23.807+0000] {dag.py:3036} INFO - Sync 1 DAGs
[2026-04-26T21:50:23.822+0000] {logging_mixin.py:188} INFO - [2026-04-26T21:50:23.822+0000] {dag.py:3823} INFO - Setting next_dagrun for model_training_pipeline to 2026-04-26 00:00:00+00:00, run_after=2026-05-03 00:00:00+00:00
[2026-04-26T21:50:23.844+0000] {processor.py:183} INFO - Processing /home/airflow/dags/mlflow_tracking_dag.py took 0.990 seconds
[2026-04-26T21:50:54.203+0000] {processor.py:161} INFO - Started process (PID=48647) to work on /home/airflow/dags/mlflow_tracking_dag.py
[2026-04-26T21:50:54.204+0000] {processor.py:830} INFO - Processing file /home/airflow/dags/mlflow_tracking_dag.py for tasks to queue
[2026-04-26T21:50:54.206+0000] {logging_mixin.py:188} INFO - [2026-04-26T21:50:54.205+0000] {dagbag.py:538} INFO - Filling up the DagBag from /home/airflow/dags/mlflow_tracking_dag.py
[2026-04-26T21:50:55.142+0000] {processor.py:840} INFO - DAG(s) 'model_training_pipeline' retrieved from /home/airflow/dags/mlflow_tracking_dag.py
[2026-04-26T21:50:55.154+0000] {logging_mixin.py:188} INFO - [2026-04-26T21:50:55.154+0000] {dag.py:3036} INFO - Sync 1 DAGs
[2026-04-26T21:50:55.171+0000] {logging_mixin.py:188} INFO - [2026-04-26T21:50:55.171+0000] {dag.py:3823} INFO - Setting next_dagrun for model_training_pipeline to 2026-04-26 00:00:00+00:00, run_after=2026-05-03 00:00:00+00:00
[2026-04-26T21:50:55.196+0000] {processor.py:183} INFO - Processing /home/airflow/dags/mlflow_tracking_dag.py took 0.996 seconds
[2026-04-26T21:51:25.610+0000] {processor.py:161} INFO - Started process (PID=48692) to work on /home/airflow/dags/mlflow_tracking_dag.py
[2026-04-26T21:51:25.611+0000] {processor.py:830} INFO - Processing file /home/airflow/dags/mlflow_tracking_dag.py for tasks to queue
[2026-04-26T21:51:25.612+0000] {logging_mixin.py:188} INFO - [2026-04-26T21:51:25.612+0000] {dagbag.py:538} INFO - Filling up the DagBag from /home/airflow/dags/mlflow_tracking_dag.py
[2026-04-26T21:51:26.454+0000] {processor.py:840} INFO - DAG(s) 'model_training_pipeline' retrieved from /home/airflow/dags/mlflow_tracking_dag.py
[2026-04-26T21:51:26.640+0000] {logging_mixin.py:188} INFO - [2026-04-26T21:51:26.639+0000] {dag.py:3036} INFO - Sync 1 DAGs
[2026-04-26T21:51:26.655+0000] {logging_mixin.py:188} INFO - [2026-04-26T21:51:26.654+0000] {dag.py:3823} INFO - Setting next_dagrun for model_training_pipeline to 2026-04-26 00:00:00+00:00, run_after=2026-05-03 00:00:00+00:00
[2026-04-26T21:51:26.680+0000] {processor.py:183} INFO - Processing /home/airflow/dags/mlflow_tracking_dag.py took 1.074 seconds
[2026-04-26T21:51:57.156+0000] {processor.py:161} INFO - Started process (PID=48737) to work on /home/airflow/dags/mlflow_tracking_dag.py
[2026-04-26T21:51:57.157+0000] {processor.py:830} INFO - Processing file /home/airflow/dags/mlflow_tracking_dag.py for tasks to queue
[2026-04-26T21:51:57.158+0000] {logging_mixin.py:188} INFO - [2026-04-26T21:51:57.158+0000] {dagbag.py:538} INFO - Filling up the DagBag from /home/airflow/dags/mlflow_tracking_dag.py
[2026-04-26T21:51:58.045+0000] {processor.py:840} INFO - DAG(s) 'model_training_pipeline' retrieved from /home/airflow/dags/mlflow_tracking_dag.py
[2026-04-26T21:51:58.066+0000] {logging_mixin.py:188} INFO - [2026-04-26T21:51:58.065+0000] {dag.py:3036} INFO - Sync 1 DAGs
[2026-04-26T21:51:58.080+0000] {logging_mixin.py:188} INFO - [2026-04-26T21:51:58.080+0000] {dag.py:3823} INFO - Setting next_dagrun for model_training_pipeline to 2026-04-26 00:00:00+00:00, run_after=2026-05-03 00:00:00+00:00
[2026-04-26T21:51:58.102+0000] {processor.py:183} INFO - Processing /home/airflow/dags/mlflow_tracking_dag.py took 0.948 seconds
[2026-04-26T21:52:28.653+0000] {processor.py:161} INFO - Started process (PID=48782) to work on /home/airflow/dags/mlflow_tracking_dag.py
[2026-04-26T21:52:28.654+0000] {processor.py:830} INFO - Processing file /home/airflow/dags/mlflow_tracking_dag.py for tasks to queue
[2026-04-26T21:52:28.655+0000] {logging_mixin.py:188} INFO - [2026-04-26T21:52:28.655+0000] {dagbag.py:538} INFO - Filling up the DagBag from /home/airflow/dags/mlflow_tracking_dag.py
[2026-04-26T21:52:29.672+0000] {processor.py:840} INFO - DAG(s) 'model_training_pipeline' retrieved from /home/airflow/dags/mlflow_tracking_dag.py
[2026-04-26T21:52:29.688+0000] {logging_mixin.py:188} INFO - [2026-04-26T21:52:29.687+0000] {dag.py:3036} INFO - Sync 1 DAGs
[2026-04-26T21:52:29.706+0000] {logging_mixin.py:188} INFO - [2026-04-26T21:52:29.706+0000] {dag.py:3823} INFO - Setting next_dagrun for model_training_pipeline to 2026-04-26 00:00:00+00:00, run_after=2026-05-03 00:00:00+00:00
[2026-04-26T21:52:29.730+0000] {processor.py:183} INFO - Processing /home/airflow/dags/mlflow_tracking_dag.py took 1.080 seconds
[2026-04-26T21:52:59.937+0000] {processor.py:161} INFO - Started process (PID=48827) to work on /home/airflow/dags/mlflow_tracking_dag.py
[2026-04-26T21:52:59.938+0000] {processor.py:830} INFO - Processing file /home/airflow/dags/mlflow_tracking_dag.py for tasks to queue
[2026-04-26T21:52:59.939+0000] {logging_mixin.py:188} INFO - [2026-04-26T21:52:59.939+0000] {dagbag.py:538} INFO - Filling up the DagBag from /home/airflow/dags/mlflow_tracking_dag.py
[2026-04-26T21:53:00.951+0000] {processor.py:840} INFO - DAG(s) 'model_training_pipeline' retrieved from /home/airflow/dags/mlflow_tracking_dag.py
[2026-04-26T21:53:01.038+0000] {logging_mixin.py:188} INFO - [2026-04-26T21:53:01.037+0000] {dag.py:3036} INFO - Sync 1 DAGs
[2026-04-26T21:53:01.052+0000] {logging_mixin.py:188} INFO - [2026-04-26T21:53:01.052+0000] {dag.py:3823} INFO - Setting next_dagrun for model_training_pipeline to 2026-04-26 00:00:00+00:00, run_after=2026-05-03 00:00:00+00:00
[2026-04-26T21:53:01.077+0000] {processor.py:183} INFO - Processing /home/airflow/dags/mlflow_tracking_dag.py took 1.144 seconds
[2026-04-26T21:53:31.293+0000] {processor.py:161} INFO - Started process (PID=48872) to work on /home/airflow/dags/mlflow_tracking_dag.py
[2026-04-26T21:53:31.295+0000] {processor.py:830} INFO - Processing file /home/airflow/dags/mlflow_tracking_dag.py for tasks to queue
[2026-04-26T21:53:31.296+0000] {logging_mixin.py:188} INFO - [2026-04-26T21:53:31.296+0000] {dagbag.py:538} INFO - Filling up the DagBag from /home/airflow/dags/mlflow_tracking_dag.py
[2026-04-26T21:53:32.153+0000] {processor.py:840} INFO - DAG(s) 'model_training_pipeline' retrieved from /home/airflow/dags/mlflow_tracking_dag.py
[2026-04-26T21:53:32.173+0000] {logging_mixin.py:188} INFO - [2026-04-26T21:53:32.173+0000] {dag.py:3036} INFO - Sync 1 DAGs
[2026-04-26T21:53:32.188+0000] {logging_mixin.py:188} INFO - [2026-04-26T21:53:32.188+0000] {dag.py:3823} INFO - Setting next_dagrun for model_training_pipeline to 2026-04-26 00:00:00+00:00, run_after=2026-05-03 00:00:00+00:00
[2026-04-26T21:53:32.209+0000] {processor.py:183} INFO - Processing /home/airflow/dags/mlflow_tracking_dag.py took 0.922 seconds
[2026-04-26T21:54:02.533+0000] {processor.py:161} INFO - Started process (PID=48917) to work on /home/airflow/dags/mlflow_tracking_dag.py
[2026-04-26T21:54:02.535+0000] {processor.py:830} INFO - Processing file /home/airflow/dags/mlflow_tracking_dag.py for tasks to queue
[2026-04-26T21:54:02.536+0000] {logging_mixin.py:188} INFO - [2026-04-26T21:54:02.536+0000] {dagbag.py:538} INFO - Filling up the DagBag from /home/airflow/dags/mlflow_tracking_dag.py
[2026-04-26T21:54:03.500+0000] {processor.py:840} INFO - DAG(s) 'model_training_pipeline' retrieved from /home/airflow/dags/mlflow_tracking_dag.py
[2026-04-26T21:54:03.513+0000] {logging_mixin.py:188} INFO - [2026-04-26T21:54:03.512+0000] {dag.py:3036} INFO - Sync 1 DAGs
[2026-04-26T21:54:03.530+0000] {logging_mixin.py:188} INFO - [2026-04-26T21:54:03.529+0000] {dag.py:3823} INFO - Setting next_dagrun for model_training_pipeline to 2026-04-26 00:00:00+00:00, run_after=2026-05-03 00:00:00+00:00
[2026-04-26T21:54:03.551+0000] {processor.py:183} INFO - Processing /home/airflow/dags/mlflow_tracking_dag.py took 1.022 seconds
[2026-04-26T21:54:33.745+0000] {processor.py:161} INFO - Started process (PID=48962) to work on /home/airflow/dags/mlflow_tracking_dag.py
[2026-04-26T21:54:33.746+0000] {processor.py:830} INFO - Processing file /home/airflow/dags/mlflow_tracking_dag.py for tasks to queue
[2026-04-26T21:54:33.747+0000] {logging_mixin.py:188} INFO - [2026-04-26T21:54:33.747+0000] {dagbag.py:538} INFO - Filling up the DagBag from /home/airflow/dags/mlflow_tracking_dag.py
[2026-04-26T21:54:34.633+0000] {processor.py:840} INFO - DAG(s) 'model_training_pipeline' retrieved from /home/airflow/dags/mlflow_tracking_dag.py
[2026-04-26T21:54:34.723+0000] {logging_mixin.py:188} INFO - [2026-04-26T21:54:34.722+0000] {dag.py:3036} INFO - Sync 1 DAGs
[2026-04-26T21:54:34.742+0000] {logging_mixin.py:188} INFO - [2026-04-26T21:54:34.742+0000] {dag.py:3823} INFO - Setting next_dagrun for model_training_pipeline to 2026-04-26 00:00:00+00:00, run_after=2026-05-03 00:00:00+00:00
[2026-04-26T21:54:34.767+0000] {processor.py:183} INFO - Processing /home/airflow/dags/mlflow_tracking_dag.py took 1.026 seconds
[2026-04-26T21:55:05.046+0000] {processor.py:161} INFO - Started process (PID=49007) to work on /home/airflow/dags/mlflow_tracking_dag.py
[2026-04-26T21:55:05.047+0000] {processor.py:830} INFO - Processing file /home/airflow/dags/mlflow_tracking_dag.py for tasks to queue
[2026-04-26T21:55:05.048+0000] {logging_mixin.py:188} INFO - [2026-04-26T21:55:05.048+0000] {dagbag.py:538} INFO - Filling up the DagBag from /home/airflow/dags/mlflow_tracking_dag.py
[2026-04-26T21:55:05.928+0000] {processor.py:840} INFO - DAG(s) 'model_training_pipeline' retrieved from /home/airflow/dags/mlflow_tracking_dag.py
[2026-04-26T21:55:05.967+0000] {logging_mixin.py:188} INFO - [2026-04-26T21:55:05.966+0000] {dag.py:3036} INFO - Sync 1 DAGs
[2026-04-26T21:55:05.990+0000] {logging_mixin.py:188} INFO - [2026-04-26T21:55:05.989+0000] {dag.py:3823} INFO - Setting next_dagrun for model_training_pipeline to 2026-04-26 00:00:00+00:00, run_after=2026-05-03 00:00:00+00:00
[2026-04-26T21:55:06.047+0000] {processor.py:183} INFO - Processing /home/airflow/dags/mlflow_tracking_dag.py took 1.004 seconds
[2026-04-26T21:55:36.450+0000] {processor.py:161} INFO - Started process (PID=49052) to work on /home/airflow/dags/mlflow_tracking_dag.py
[2026-04-26T21:55:36.451+0000] {processor.py:830} INFO - Processing file /home/airflow/dags/mlflow_tracking_dag.py for tasks to queue
[2026-04-26T21:55:36.452+0000] {logging_mixin.py:188} INFO - [2026-04-26T21:55:36.451+0000] {dagbag.py:538} INFO - Filling up the DagBag from /home/airflow/dags/mlflow_tracking_dag.py
[2026-04-26T21:55:37.486+0000] {processor.py:840} INFO - DAG(s) 'model_training_pipeline' retrieved from /home/airflow/dags/mlflow_tracking_dag.py
[2026-04-26T21:55:37.500+0000] {logging_mixin.py:188} INFO - [2026-04-26T21:55:37.499+0000] {dag.py:3036} INFO - Sync 1 DAGs
[2026-04-26T21:55:37.519+0000] {logging_mixin.py:188} INFO - [2026-04-26T21:55:37.519+0000] {dag.py:3823} INFO - Setting next_dagrun for model_training_pipeline to 2026-04-26 00:00:00+00:00, run_after=2026-05-03 00:00:00+00:00
[2026-04-26T21:55:37.545+0000] {processor.py:183} INFO - Processing /home/airflow/dags/mlflow_tracking_dag.py took 1.098 seconds
[2026-04-26T21:56:07.928+0000] {processor.py:161} INFO - Started process (PID=49097) to work on /home/airflow/dags/mlflow_tracking_dag.py
[2026-04-26T21:56:07.929+0000] {processor.py:830} INFO - Processing file /home/airflow/dags/mlflow_tracking_dag.py for tasks to queue
[2026-04-26T21:56:07.930+0000] {logging_mixin.py:188} INFO - [2026-04-26T21:56:07.929+0000] {dagbag.py:538} INFO - Filling up the DagBag from /home/airflow/dags/mlflow_tracking_dag.py
[2026-04-26T21:56:08.757+0000] {processor.py:840} INFO - DAG(s) 'model_training_pipeline' retrieved from /home/airflow/dags/mlflow_tracking_dag.py
[2026-04-26T21:56:08.844+0000] {logging_mixin.py:188} INFO - [2026-04-26T21:56:08.844+0000] {dag.py:3036} INFO - Sync 1 DAGs
[2026-04-26T21:56:08.859+0000] {logging_mixin.py:188} INFO - [2026-04-26T21:56:08.859+0000] {dag.py:3823} INFO - Setting next_dagrun for model_training_pipeline to 2026-04-26 00:00:00+00:00, run_after=2026-05-03 00:00:00+00:00
[2026-04-26T21:56:08.883+0000] {processor.py:183} INFO - Processing /home/airflow/dags/mlflow_tracking_dag.py took 0.959 seconds
[2026-04-26T21:56:39.283+0000] {processor.py:161} INFO - Started process (PID=49142) to work on /home/airflow/dags/mlflow_tracking_dag.py
[2026-04-26T21:56:39.285+0000] {processor.py:830} INFO - Processing file /home/airflow/dags/mlflow_tracking_dag.py for tasks to queue
[2026-04-26T21:56:39.287+0000] {logging_mixin.py:188} INFO - [2026-04-26T21:56:39.286+0000] {dagbag.py:538} INFO - Filling up the DagBag from /home/airflow/dags/mlflow_tracking_dag.py
[2026-04-26T21:56:40.160+0000] {processor.py:840} INFO - DAG(s) 'model_training_pipeline' retrieved from /home/airflow/dags/mlflow_tracking_dag.py
[2026-04-26T21:56:40.183+0000] {logging_mixin.py:188} INFO - [2026-04-26T21:56:40.183+0000] {dag.py:3036} INFO - Sync 1 DAGs
[2026-04-26T21:56:40.198+0000] {logging_mixin.py:188} INFO - [2026-04-26T21:56:40.198+0000] {dag.py:3823} INFO - Setting next_dagrun for model_training_pipeline to 2026-04-26 00:00:00+00:00, run_after=2026-05-03 00:00:00+00:00
[2026-04-26T21:56:40.222+0000] {processor.py:183} INFO - Processing /home/airflow/dags/mlflow_tracking_dag.py took 0.943 seconds
[2026-04-26T21:57:10.541+0000] {processor.py:161} INFO - Started process (PID=49187) to work on /home/airflow/dags/mlflow_tracking_dag.py
[2026-04-26T21:57:10.543+0000] {processor.py:830} INFO - Processing file /home/airflow/dags/mlflow_tracking_dag.py for tasks to queue
[2026-04-26T21:57:10.545+0000] {logging_mixin.py:188} INFO - [2026-04-26T21:57:10.544+0000] {dagbag.py:538} INFO - Filling up the DagBag from /home/airflow/dags/mlflow_tracking_dag.py
[2026-04-26T21:57:12.053+0000] {processor.py:840} INFO - DAG(s) 'model_training_pipeline' retrieved from /home/airflow/dags/mlflow_tracking_dag.py
[2026-04-26T21:57:12.067+0000] {logging_mixin.py:188} INFO - [2026-04-26T21:57:12.067+0000] {dag.py:3036} INFO - Sync 1 DAGs
[2026-04-26T21:57:12.089+0000] {logging_mixin.py:188} INFO - [2026-04-26T21:57:12.089+0000] {dag.py:3823} INFO - Setting next_dagrun for model_training_pipeline to 2026-04-26 00:00:00+00:00, run_after=2026-05-03 00:00:00+00:00
[2026-04-26T21:57:12.112+0000] {processor.py:183} INFO - Processing /home/airflow/dags/mlflow_tracking_dag.py took 1.575 seconds
[2026-04-26T21:57:42.937+0000] {processor.py:161} INFO - Started process (PID=49232) to work on /home/airflow/dags/mlflow_tracking_dag.py
[2026-04-26T21:57:42.938+0000] {processor.py:830} INFO - Processing file /home/airflow/dags/mlflow_tracking_dag.py for tasks to queue
[2026-04-26T21:57:42.939+0000] {logging_mixin.py:188} INFO - [2026-04-26T21:57:42.939+0000] {dagbag.py:538} INFO - Filling up the DagBag from /home/airflow/dags/mlflow_tracking_dag.py
[2026-04-26T21:57:43.770+0000] {processor.py:840} INFO - DAG(s) 'model_training_pipeline' retrieved from /home/airflow/dags/mlflow_tracking_dag.py
[2026-04-26T21:57:43.853+0000] {logging_mixin.py:188} INFO - [2026-04-26T21:57:43.852+0000] {dag.py:3036} INFO - Sync 1 DAGs
[2026-04-26T21:57:43.868+0000] {logging_mixin.py:188} INFO - [2026-04-26T21:57:43.868+0000] {dag.py:3823} INFO - Setting next_dagrun for model_training_pipeline to 2026-04-26 00:00:00+00:00, run_after=2026-05-03 00:00:00+00:00
[2026-04-26T21:57:43.891+0000] {processor.py:183} INFO - Processing /home/airflow/dags/mlflow_tracking_dag.py took 0.957 seconds
[2026-04-26T21:58:14.589+0000] {processor.py:161} INFO - Started process (PID=49277) to work on /home/airflow/dags/mlflow_tracking_dag.py
[2026-04-26T21:58:14.591+0000] {processor.py:830} INFO - Processing file /home/airflow/dags/mlflow_tracking_dag.py for tasks to queue
[2026-04-26T21:58:14.592+0000] {logging_mixin.py:188} INFO - [2026-04-26T21:58:14.592+0000] {dagbag.py:538} INFO - Filling up the DagBag from /home/airflow/dags/mlflow_tracking_dag.py
[2026-04-26T21:58:15.602+0000] {processor.py:840} INFO - DAG(s) 'model_training_pipeline' retrieved from /home/airflow/dags/mlflow_tracking_dag.py
[2026-04-26T21:58:15.628+0000] {logging_mixin.py:188} INFO - [2026-04-26T21:58:15.627+0000] {dag.py:3036} INFO - Sync 1 DAGs
[2026-04-26T21:58:15.646+0000] {logging_mixin.py:188} INFO - [2026-04-26T21:58:15.646+0000] {dag.py:3823} INFO - Setting next_dagrun for model_training_pipeline to 2026-04-26 00:00:00+00:00, run_after=2026-05-03 00:00:00+00:00
[2026-04-26T21:58:15.671+0000] {processor.py:183} INFO - Processing /home/airflow/dags/mlflow_tracking_dag.py took 1.085 seconds
[2026-04-26T21:58:45.992+0000] {processor.py:161} INFO - Started process (PID=49322) to work on /home/airflow/dags/mlflow_tracking_dag.py
[2026-04-26T21:58:45.993+0000] {processor.py:830} INFO - Processing file /home/airflow/dags/mlflow_tracking_dag.py for tasks to queue
[2026-04-26T21:58:45.994+0000] {logging_mixin.py:188} INFO - [2026-04-26T21:58:45.994+0000] {dagbag.py:538} INFO - Filling up the DagBag from /home/airflow/dags/mlflow_tracking_dag.py
[2026-04-26T21:58:47.066+0000] {processor.py:840} INFO - DAG(s) 'model_training_pipeline' retrieved from /home/airflow/dags/mlflow_tracking_dag.py
[2026-04-26T21:58:47.078+0000] {logging_mixin.py:188} INFO - [2026-04-26T21:58:47.077+0000] {dag.py:3036} INFO - Sync 1 DAGs
[2026-04-26T21:58:47.095+0000] {logging_mixin.py:188} INFO - [2026-04-26T21:58:47.095+0000] {dag.py:3823} INFO - Setting next_dagrun for model_training_pipeline to 2026-04-26 00:00:00+00:00, run_after=2026-05-03 00:00:00+00:00
[2026-04-26T21:58:47.118+0000] {processor.py:183} INFO - Processing /home/airflow/dags/mlflow_tracking_dag.py took 1.130 seconds
[2026-04-26T21:59:17.504+0000] {processor.py:161} INFO - Started process (PID=49373) to work on /home/airflow/dags/mlflow_tracking_dag.py
[2026-04-26T21:59:17.505+0000] {processor.py:830} INFO - Processing file /home/airflow/dags/mlflow_tracking_dag.py for tasks to queue
[2026-04-26T21:59:17.506+0000] {logging_mixin.py:188} INFO - [2026-04-26T21:59:17.506+0000] {dagbag.py:538} INFO - Filling up the DagBag from /home/airflow/dags/mlflow_tracking_dag.py
[2026-04-26T21:59:18.363+0000] {processor.py:840} INFO - DAG(s) 'model_training_pipeline' retrieved from /home/airflow/dags/mlflow_tracking_dag.py
[2026-04-26T21:59:18.449+0000] {logging_mixin.py:188} INFO - [2026-04-26T21:59:18.448+0000] {dag.py:3036} INFO - Sync 1 DAGs
[2026-04-26T21:59:18.463+0000] {logging_mixin.py:188} INFO - [2026-04-26T21:59:18.462+0000] {dag.py:3823} INFO - Setting next_dagrun for model_training_pipeline to 2026-04-26 00:00:00+00:00, run_after=2026-05-03 00:00:00+00:00
[2026-04-26T21:59:18.488+0000] {processor.py:183} INFO - Processing /home/airflow/dags/mlflow_tracking_dag.py took 0.988 seconds
[2026-04-26T21:59:48.856+0000] {processor.py:161} INFO - Started process (PID=49418) to work on /home/airflow/dags/mlflow_tracking_dag.py
[2026-04-26T21:59:48.857+0000] {processor.py:830} INFO - Processing file /home/airflow/dags/mlflow_tracking_dag.py for tasks to queue
[2026-04-26T21:59:48.858+0000] {logging_mixin.py:188} INFO - [2026-04-26T21:59:48.858+0000] {dagbag.py:538} INFO - Filling up the DagBag from /home/airflow/dags/mlflow_tracking_dag.py
[2026-04-26T21:59:49.786+0000] {processor.py:840} INFO - DAG(s) 'model_training_pipeline' retrieved from /home/airflow/dags/mlflow_tracking_dag.py
[2026-04-26T21:59:49.809+0000] {logging_mixin.py:188} INFO - [2026-04-26T21:59:49.808+0000] {dag.py:3036} INFO - Sync 1 DAGs
[2026-04-26T21:59:49.824+0000] {logging_mixin.py:188} INFO - [2026-04-26T21:59:49.824+0000] {dag.py:3823} INFO - Setting next_dagrun for model_training_pipeline to 2026-04-26 00:00:00+00:00, run_after=2026-05-03 00:00:00+00:00
[2026-04-26T21:59:49.849+0000] {processor.py:183} INFO - Processing /home/airflow/dags/mlflow_tracking_dag.py took 0.996 seconds
[2026-04-26T22:00:20.276+0000] {processor.py:161} INFO - Started process (PID=49463) to work on /home/airflow/dags/mlflow_tracking_dag.py
[2026-04-26T22:00:20.278+0000] {processor.py:830} INFO - Processing file /home/airflow/dags/mlflow_tracking_dag.py for tasks to queue
[2026-04-26T22:00:20.279+0000] {logging_mixin.py:188} INFO - [2026-04-26T22:00:20.279+0000] {dagbag.py:538} INFO - Filling up the DagBag from /home/airflow/dags/mlflow_tracking_dag.py
[2026-04-26T22:00:21.341+0000] {processor.py:840} INFO - DAG(s) 'model_training_pipeline' retrieved from /home/airflow/dags/mlflow_tracking_dag.py
[2026-04-26T22:00:21.356+0000] {logging_mixin.py:188} INFO - [2026-04-26T22:00:21.355+0000] {dag.py:3036} INFO - Sync 1 DAGs
[2026-04-26T22:00:21.376+0000] {logging_mixin.py:188} INFO - [2026-04-26T22:00:21.376+0000] {dag.py:3823} INFO - Setting next_dagrun for model_training_pipeline to 2026-04-26 00:00:00+00:00, run_after=2026-05-03 00:00:00+00:00
[2026-04-26T22:00:21.399+0000] {processor.py:183} INFO - Processing /home/airflow/dags/mlflow_tracking_dag.py took 1.126 seconds
[2026-04-26T22:00:51.768+0000] {processor.py:161} INFO - Started process (PID=49508) to work on /home/airflow/dags/mlflow_tracking_dag.py
[2026-04-26T22:00:51.770+0000] {processor.py:830} INFO - Processing file /home/airflow/dags/mlflow_tracking_dag.py for tasks to queue
[2026-04-26T22:00:51.772+0000] {logging_mixin.py:188} INFO - [2026-04-26T22:00:51.771+0000] {dagbag.py:538} INFO - Filling up the DagBag from /home/airflow/dags/mlflow_tracking_dag.py
[2026-04-26T22:00:52.713+0000] {processor.py:840} INFO - DAG(s) 'model_training_pipeline' retrieved from /home/airflow/dags/mlflow_tracking_dag.py
[2026-04-26T22:00:52.800+0000] {logging_mixin.py:188} INFO - [2026-04-26T22:00:52.799+0000] {dag.py:3036} INFO - Sync 1 DAGs
[2026-04-26T22:00:52.814+0000] {logging_mixin.py:188} INFO - [2026-04-26T22:00:52.813+0000] {dag.py:3823} INFO - Setting next_dagrun for model_training_pipeline to 2026-04-26 00:00:00+00:00, run_after=2026-05-03 00:00:00+00:00
[2026-04-26T22:00:52.838+0000] {processor.py:183} INFO - Processing /home/airflow/dags/mlflow_tracking_dag.py took 1.074 seconds
[2026-04-26T22:01:23.107+0000] {processor.py:161} INFO - Started process (PID=49553) to work on /home/airflow/dags/mlflow_tracking_dag.py
[2026-04-26T22:01:23.108+0000] {processor.py:830} INFO - Processing file /home/airflow/dags/mlflow_tracking_dag.py for tasks to queue
[2026-04-26T22:01:23.110+0000] {logging_mixin.py:188} INFO - [2026-04-26T22:01:23.109+0000] {dagbag.py:538} INFO - Filling up the DagBag from /home/airflow/dags/mlflow_tracking_dag.py
[2026-04-26T22:01:24.110+0000] {processor.py:840} INFO - DAG(s) 'model_training_pipeline' retrieved from /home/airflow/dags/mlflow_tracking_dag.py
[2026-04-26T22:01:24.135+0000] {logging_mixin.py:188} INFO - [2026-04-26T22:01:24.135+0000] {dag.py:3036} INFO - Sync 1 DAGs
[2026-04-26T22:01:24.154+0000] {logging_mixin.py:188} INFO - [2026-04-26T22:01:24.154+0000] {dag.py:3823} INFO - Setting next_dagrun for model_training_pipeline to 2026-04-26 00:00:00+00:00, run_after=2026-05-03 00:00:00+00:00
[2026-04-26T22:01:24.177+0000] {processor.py:183} INFO - Processing /home/airflow/dags/mlflow_tracking_dag.py took 1.073 seconds
[2026-04-26T22:01:54.469+0000] {processor.py:161} INFO - Started process (PID=49598) to work on /home/airflow/dags/mlflow_tracking_dag.py
[2026-04-26T22:01:54.470+0000] {processor.py:830} INFO - Processing file /home/airflow/dags/mlflow_tracking_dag.py for tasks to queue
[2026-04-26T22:01:54.471+0000] {logging_mixin.py:188} INFO - [2026-04-26T22:01:54.471+0000] {dagbag.py:538} INFO - Filling up the DagBag from /home/airflow/dags/mlflow_tracking_dag.py
[2026-04-26T22:01:55.463+0000] {processor.py:840} INFO - DAG(s) 'model_training_pipeline' retrieved from /home/airflow/dags/mlflow_tracking_dag.py
[2026-04-26T22:01:55.477+0000] {logging_mixin.py:188} INFO - [2026-04-26T22:01:55.476+0000] {dag.py:3036} INFO - Sync 1 DAGs
[2026-04-26T22:01:55.496+0000] {logging_mixin.py:188} INFO - [2026-04-26T22:01:55.496+0000] {dag.py:3823} INFO - Setting next_dagrun for model_training_pipeline to 2026-04-26 00:00:00+00:00, run_after=2026-05-03 00:00:00+00:00
[2026-04-26T22:01:55.520+0000] {processor.py:183} INFO - Processing /home/airflow/dags/mlflow_tracking_dag.py took 1.054 seconds
[2026-04-26T22:02:25.843+0000] {processor.py:161} INFO - Started process (PID=49643) to work on /home/airflow/dags/mlflow_tracking_dag.py
[2026-04-26T22:02:25.844+0000] {processor.py:830} INFO - Processing file /home/airflow/dags/mlflow_tracking_dag.py for tasks to queue
[2026-04-26T22:02:25.846+0000] {logging_mixin.py:188} INFO - [2026-04-26T22:02:25.845+0000] {dagbag.py:538} INFO - Filling up the DagBag from /home/airflow/dags/mlflow_tracking_dag.py
[2026-04-26T22:02:26.692+0000] {processor.py:840} INFO - DAG(s) 'model_training_pipeline' retrieved from /home/airflow/dags/mlflow_tracking_dag.py
[2026-04-26T22:02:26.780+0000] {logging_mixin.py:188} INFO - [2026-04-26T22:02:26.779+0000] {dag.py:3036} INFO - Sync 1 DAGs
[2026-04-26T22:02:26.794+0000] {logging_mixin.py:188} INFO - [2026-04-26T22:02:26.794+0000] {dag.py:3823} INFO - Setting next_dagrun for model_training_pipeline to 2026-04-26 00:00:00+00:00, run_after=2026-05-03 00:00:00+00:00
[2026-04-26T22:02:26.819+0000] {processor.py:183} INFO - Processing /home/airflow/dags/mlflow_tracking_dag.py took 0.979 seconds
[2026-04-26T22:02:57.094+0000] {processor.py:161} INFO - Started process (PID=49688) to work on /home/airflow/dags/mlflow_tracking_dag.py
[2026-04-26T22:02:57.096+0000] {processor.py:830} INFO - Processing file /home/airflow/dags/mlflow_tracking_dag.py for tasks to queue
[2026-04-26T22:02:57.097+0000] {logging_mixin.py:188} INFO - [2026-04-26T22:02:57.097+0000] {dagbag.py:538} INFO - Filling up the DagBag from /home/airflow/dags/mlflow_tracking_dag.py
[2026-04-26T22:02:58.062+0000] {processor.py:840} INFO - DAG(s) 'model_training_pipeline' retrieved from /home/airflow/dags/mlflow_tracking_dag.py
[2026-04-26T22:02:58.086+0000] {logging_mixin.py:188} INFO - [2026-04-26T22:02:58.085+0000] {dag.py:3036} INFO - Sync 1 DAGs
[2026-04-26T22:02:58.103+0000] {logging_mixin.py:188} INFO - [2026-04-26T22:02:58.102+0000] {dag.py:3823} INFO - Setting next_dagrun for model_training_pipeline to 2026-04-26 00:00:00+00:00, run_after=2026-05-03 00:00:00+00:00
[2026-04-26T22:02:58.123+0000] {processor.py:183} INFO - Processing /home/airflow/dags/mlflow_tracking_dag.py took 1.032 seconds
[2026-04-26T22:03:28.396+0000] {processor.py:161} INFO - Started process (PID=49733) to work on /home/airflow/dags/mlflow_tracking_dag.py
[2026-04-26T22:03:28.397+0000] {processor.py:830} INFO - Processing file /home/airflow/dags/mlflow_tracking_dag.py for tasks to queue
[2026-04-26T22:03:28.399+0000] {logging_mixin.py:188} INFO - [2026-04-26T22:03:28.398+0000] {dagbag.py:538} INFO - Filling up the DagBag from /home/airflow/dags/mlflow_tracking_dag.py
[2026-04-26T22:03:29.208+0000] {processor.py:840} INFO - DAG(s) 'model_training_pipeline' retrieved from /home/airflow/dags/mlflow_tracking_dag.py
[2026-04-26T22:03:29.221+0000] {logging_mixin.py:188} INFO - [2026-04-26T22:03:29.220+0000] {dag.py:3036} INFO - Sync 1 DAGs
[2026-04-26T22:03:29.236+0000] {logging_mixin.py:188} INFO - [2026-04-26T22:03:29.236+0000] {dag.py:3823} INFO - Setting next_dagrun for model_training_pipeline to 2026-04-26 00:00:00+00:00, run_after=2026-05-03 00:00:00+00:00
[2026-04-26T22:03:29.259+0000] {processor.py:183} INFO - Processing /home/airflow/dags/mlflow_tracking_dag.py took 0.866 seconds
[2026-04-26T22:03:59.828+0000] {processor.py:161} INFO - Started process (PID=49778) to work on /home/airflow/dags/mlflow_tracking_dag.py
[2026-04-26T22:03:59.830+0000] {processor.py:830} INFO - Processing file /home/airflow/dags/mlflow_tracking_dag.py for tasks to queue
[2026-04-26T22:03:59.831+0000] {logging_mixin.py:188} INFO - [2026-04-26T22:03:59.830+0000] {dagbag.py:538} INFO - Filling up the DagBag from /home/airflow/dags/mlflow_tracking_dag.py
[2026-04-26T22:04:00.806+0000] {processor.py:840} INFO - DAG(s) 'model_training_pipeline' retrieved from /home/airflow/dags/mlflow_tracking_dag.py
[2026-04-26T22:04:00.895+0000] {logging_mixin.py:188} INFO - [2026-04-26T22:04:00.895+0000] {dag.py:3036} INFO - Sync 1 DAGs
[2026-04-26T22:04:00.910+0000] {logging_mixin.py:188} INFO - [2026-04-26T22:04:00.910+0000] {dag.py:3823} INFO - Setting next_dagrun for model_training_pipeline to 2026-04-26 00:00:00+00:00, run_after=2026-05-03 00:00:00+00:00
[2026-04-26T22:04:00.938+0000] {processor.py:183} INFO - Processing /home/airflow/dags/mlflow_tracking_dag.py took 1.113 seconds
[2026-04-26T22:04:31.364+0000] {processor.py:161} INFO - Started process (PID=49823) to work on /home/airflow/dags/mlflow_tracking_dag.py
[2026-04-26T22:04:31.367+0000] {processor.py:830} INFO - Processing file /home/airflow/dags/mlflow_tracking_dag.py for tasks to queue
[2026-04-26T22:04:31.369+0000] {logging_mixin.py:188} INFO - [2026-04-26T22:04:31.368+0000] {dagbag.py:538} INFO - Filling up the DagBag from /home/airflow/dags/mlflow_tracking_dag.py
[2026-04-26T22:04:32.368+0000] {processor.py:840} INFO - DAG(s) 'model_training_pipeline' retrieved from /home/airflow/dags/mlflow_tracking_dag.py
[2026-04-26T22:04:32.391+0000] {logging_mixin.py:188} INFO - [2026-04-26T22:04:32.391+0000] {dag.py:3036} INFO - Sync 1 DAGs
[2026-04-26T22:04:32.408+0000] {logging_mixin.py:188} INFO - [2026-04-26T22:04:32.408+0000] {dag.py:3823} INFO - Setting next_dagrun for model_training_pipeline to 2026-04-26 00:00:00+00:00, run_after=2026-05-03 00:00:00+00:00
[2026-04-26T22:04:32.431+0000] {processor.py:183} INFO - Processing /home/airflow/dags/mlflow_tracking_dag.py took 1.077 seconds
[2026-04-26T22:05:02.966+0000] {processor.py:161} INFO - Started process (PID=49868) to work on /home/airflow/dags/mlflow_tracking_dag.py
[2026-04-26T22:05:02.968+0000] {processor.py:830} INFO - Processing file /home/airflow/dags/mlflow_tracking_dag.py for tasks to queue
[2026-04-26T22:05:02.968+0000] {logging_mixin.py:188} INFO - [2026-04-26T22:05:02.968+0000] {dagbag.py:538} INFO - Filling up the DagBag from /home/airflow/dags/mlflow_tracking_dag.py
[2026-04-26T22:05:03.940+0000] {processor.py:840} INFO - DAG(s) 'model_training_pipeline' retrieved from /home/airflow/dags/mlflow_tracking_dag.py
[2026-04-26T22:05:03.957+0000] {logging_mixin.py:188} INFO - [2026-04-26T22:05:03.956+0000] {dag.py:3036} INFO - Sync 1 DAGs
[2026-04-26T22:05:03.978+0000] {logging_mixin.py:188} INFO - [2026-04-26T22:05:03.977+0000] {dag.py:3823} INFO - Setting next_dagrun for model_training_pipeline to 2026-04-26 00:00:00+00:00, run_after=2026-05-03 00:00:00+00:00
[2026-04-26T22:05:04.006+0000] {processor.py:183} INFO - Processing /home/airflow/dags/mlflow_tracking_dag.py took 1.043 seconds
[2026-04-26T22:05:34.471+0000] {processor.py:161} INFO - Started process (PID=49913) to work on /home/airflow/dags/mlflow_tracking_dag.py
[2026-04-26T22:05:34.473+0000] {processor.py:830} INFO - Processing file /home/airflow/dags/mlflow_tracking_dag.py for tasks to queue
[2026-04-26T22:05:34.474+0000] {logging_mixin.py:188} INFO - [2026-04-26T22:05:34.474+0000] {dagbag.py:538} INFO - Filling up the DagBag from /home/airflow/dags/mlflow_tracking_dag.py
[2026-04-26T22:05:35.510+0000] {processor.py:840} INFO - DAG(s) 'model_training_pipeline' retrieved from /home/airflow/dags/mlflow_tracking_dag.py
[2026-04-26T22:05:35.633+0000] {logging_mixin.py:188} INFO - [2026-04-26T22:05:35.633+0000] {dag.py:3036} INFO - Sync 1 DAGs
[2026-04-26T22:05:35.647+0000] {logging_mixin.py:188} INFO - [2026-04-26T22:05:35.647+0000] {dag.py:3823} INFO - Setting next_dagrun for model_training_pipeline to 2026-04-26 00:00:00+00:00, run_after=2026-05-03 00:00:00+00:00
[2026-04-26T22:05:35.691+0000] {processor.py:183} INFO - Processing /home/airflow/dags/mlflow_tracking_dag.py took 1.223 seconds
[2026-04-26T22:06:06.138+0000] {processor.py:161} INFO - Started process (PID=49958) to work on /home/airflow/dags/mlflow_tracking_dag.py
[2026-04-26T22:06:06.139+0000] {processor.py:830} INFO - Processing file /home/airflow/dags/mlflow_tracking_dag.py for tasks to queue
[2026-04-26T22:06:06.141+0000] {logging_mixin.py:188} INFO - [2026-04-26T22:06:06.140+0000] {dagbag.py:538} INFO - Filling up the DagBag from /home/airflow/dags/mlflow_tracking_dag.py
[2026-04-26T22:06:07.016+0000] {processor.py:840} INFO - DAG(s) 'model_training_pipeline' retrieved from /home/airflow/dags/mlflow_tracking_dag.py
[2026-04-26T22:06:07.037+0000] {logging_mixin.py:188} INFO - [2026-04-26T22:06:07.037+0000] {dag.py:3036} INFO - Sync 1 DAGs
[2026-04-26T22:06:07.054+0000] {logging_mixin.py:188} INFO - [2026-04-26T22:06:07.053+0000] {dag.py:3823} INFO - Setting next_dagrun for model_training_pipeline to 2026-04-26 00:00:00+00:00, run_after=2026-05-03 00:00:00+00:00
[2026-04-26T22:06:07.076+0000] {processor.py:183} INFO - Processing /home/airflow/dags/mlflow_tracking_dag.py took 0.941 seconds
[2026-04-26T22:06:37.541+0000] {processor.py:161} INFO - Started process (PID=50003) to work on /home/airflow/dags/mlflow_tracking_dag.py
[2026-04-26T22:06:37.542+0000] {processor.py:830} INFO - Processing file /home/airflow/dags/mlflow_tracking_dag.py for tasks to queue
[2026-04-26T22:06:37.543+0000] {logging_mixin.py:188} INFO - [2026-04-26T22:06:37.543+0000] {dagbag.py:538} INFO - Filling up the DagBag from /home/airflow/dags/mlflow_tracking_dag.py
[2026-04-26T22:06:38.354+0000] {processor.py:840} INFO - DAG(s) 'model_training_pipeline' retrieved from /home/airflow/dags/mlflow_tracking_dag.py
[2026-04-26T22:06:38.366+0000] {logging_mixin.py:188} INFO - [2026-04-26T22:06:38.366+0000] {dag.py:3036} INFO - Sync 1 DAGs
[2026-04-26T22:06:38.381+0000] {logging_mixin.py:188} INFO - [2026-04-26T22:06:38.381+0000] {dag.py:3823} INFO - Setting next_dagrun for model_training_pipeline to 2026-04-26 00:00:00+00:00, run_after=2026-05-03 00:00:00+00:00
[2026-04-26T22:06:38.402+0000] {processor.py:183} INFO - Processing /home/airflow/dags/mlflow_tracking_dag.py took 0.865 seconds
[2026-04-26T22:07:08.585+0000] {processor.py:161} INFO - Started process (PID=50048) to work on /home/airflow/dags/mlflow_tracking_dag.py
[2026-04-26T22:07:08.586+0000] {processor.py:830} INFO - Processing file /home/airflow/dags/mlflow_tracking_dag.py for tasks to queue
[2026-04-26T22:07:08.588+0000] {logging_mixin.py:188} INFO - [2026-04-26T22:07:08.587+0000] {dagbag.py:538} INFO - Filling up the DagBag from /home/airflow/dags/mlflow_tracking_dag.py
[2026-04-26T22:07:09.596+0000] {processor.py:840} INFO - DAG(s) 'model_training_pipeline' retrieved from /home/airflow/dags/mlflow_tracking_dag.py
[2026-04-26T22:07:09.726+0000] {logging_mixin.py:188} INFO - [2026-04-26T22:07:09.725+0000] {dag.py:3036} INFO - Sync 1 DAGs
[2026-04-26T22:07:09.752+0000] {logging_mixin.py:188} INFO - [2026-04-26T22:07:09.752+0000] {dag.py:3823} INFO - Setting next_dagrun for model_training_pipeline to 2026-04-26 00:00:00+00:00, run_after=2026-05-03 00:00:00+00:00
[2026-04-26T22:07:09.789+0000] {processor.py:183} INFO - Processing /home/airflow/dags/mlflow_tracking_dag.py took 1.208 seconds
[2026-04-26T22:07:40.173+0000] {processor.py:161} INFO - Started process (PID=50093) to work on /home/airflow/dags/mlflow_tracking_dag.py
[2026-04-26T22:07:40.174+0000] {processor.py:830} INFO - Processing file /home/airflow/dags/mlflow_tracking_dag.py for tasks to queue
[2026-04-26T22:07:40.175+0000] {logging_mixin.py:188} INFO - [2026-04-26T22:07:40.175+0000] {dagbag.py:538} INFO - Filling up the DagBag from /home/airflow/dags/mlflow_tracking_dag.py
[2026-04-26T22:07:41.104+0000] {processor.py:840} INFO - DAG(s) 'model_training_pipeline' retrieved from /home/airflow/dags/mlflow_tracking_dag.py
[2026-04-26T22:07:41.130+0000] {logging_mixin.py:188} INFO - [2026-04-26T22:07:41.129+0000] {dag.py:3036} INFO - Sync 1 DAGs
[2026-04-26T22:07:41.149+0000] {logging_mixin.py:188} INFO - [2026-04-26T22:07:41.149+0000] {dag.py:3823} INFO - Setting next_dagrun for model_training_pipeline to 2026-04-26 00:00:00+00:00, run_after=2026-05-03 00:00:00+00:00
[2026-04-26T22:07:41.170+0000] {processor.py:183} INFO - Processing /home/airflow/dags/mlflow_tracking_dag.py took 1.000 seconds
[2026-04-26T22:08:11.317+0000] {processor.py:161} INFO - Started process (PID=50138) to work on /home/airflow/dags/mlflow_tracking_dag.py
[2026-04-26T22:08:11.319+0000] {processor.py:830} INFO - Processing file /home/airflow/dags/mlflow_tracking_dag.py for tasks to queue
[2026-04-26T22:08:11.320+0000] {logging_mixin.py:188} INFO - [2026-04-26T22:08:11.320+0000] {dagbag.py:538} INFO - Filling up the DagBag from /home/airflow/dags/mlflow_tracking_dag.py
[2026-04-26T22:08:12.307+0000] {processor.py:840} INFO - DAG(s) 'model_training_pipeline' retrieved from /home/airflow/dags/mlflow_tracking_dag.py
[2026-04-26T22:08:12.324+0000] {logging_mixin.py:188} INFO - [2026-04-26T22:08:12.323+0000] {dag.py:3036} INFO - Sync 1 DAGs
[2026-04-26T22:08:12.349+0000] {logging_mixin.py:188} INFO - [2026-04-26T22:08:12.348+0000] {dag.py:3823} INFO - Setting next_dagrun for model_training_pipeline to 2026-04-26 00:00:00+00:00, run_after=2026-05-03 00:00:00+00:00
[2026-04-26T22:08:12.379+0000] {processor.py:183} INFO - Processing /home/airflow/dags/mlflow_tracking_dag.py took 1.067 seconds
[2026-04-26T22:08:42.839+0000] {processor.py:161} INFO - Started process (PID=50183) to work on /home/airflow/dags/mlflow_tracking_dag.py
[2026-04-26T22:08:42.840+0000] {processor.py:830} INFO - Processing file /home/airflow/dags/mlflow_tracking_dag.py for tasks to queue
[2026-04-26T22:08:42.842+0000] {logging_mixin.py:188} INFO - [2026-04-26T22:08:42.841+0000] {dagbag.py:538} INFO - Filling up the DagBag from /home/airflow/dags/mlflow_tracking_dag.py
[2026-04-26T22:08:43.852+0000] {processor.py:840} INFO - DAG(s) 'model_training_pipeline' retrieved from /home/airflow/dags/mlflow_tracking_dag.py
[2026-04-26T22:08:43.965+0000] {logging_mixin.py:188} INFO - [2026-04-26T22:08:43.964+0000] {dag.py:3036} INFO - Sync 1 DAGs
[2026-04-26T22:08:44.006+0000] {logging_mixin.py:188} INFO - [2026-04-26T22:08:44.006+0000] {dag.py:3823} INFO - Setting next_dagrun for model_training_pipeline to 2026-04-26 00:00:00+00:00, run_after=2026-05-03 00:00:00+00:00
[2026-04-26T22:08:44.042+0000] {processor.py:183} INFO - Processing /home/airflow/dags/mlflow_tracking_dag.py took 1.206 seconds
[2026-04-26T22:09:14.332+0000] {processor.py:161} INFO - Started process (PID=50228) to work on /home/airflow/dags/mlflow_tracking_dag.py
[2026-04-26T22:09:14.333+0000] {processor.py:830} INFO - Processing file /home/airflow/dags/mlflow_tracking_dag.py for tasks to queue
[2026-04-26T22:09:14.334+0000] {logging_mixin.py:188} INFO - [2026-04-26T22:09:14.334+0000] {dagbag.py:538} INFO - Filling up the DagBag from /home/airflow/dags/mlflow_tracking_dag.py
[2026-04-26T22:09:15.168+0000] {processor.py:840} INFO - DAG(s) 'model_training_pipeline' retrieved from /home/airflow/dags/mlflow_tracking_dag.py
[2026-04-26T22:09:15.191+0000] {logging_mixin.py:188} INFO - [2026-04-26T22:09:15.190+0000] {dag.py:3036} INFO - Sync 1 DAGs
[2026-04-26T22:09:15.206+0000] {logging_mixin.py:188} INFO - [2026-04-26T22:09:15.206+0000] {dag.py:3823} INFO - Setting next_dagrun for model_training_pipeline to 2026-04-26 00:00:00+00:00, run_after=2026-05-03 00:00:00+00:00
[2026-04-26T22:09:15.231+0000] {processor.py:183} INFO - Processing /home/airflow/dags/mlflow_tracking_dag.py took 0.902 seconds
[2026-04-26T22:09:45.689+0000] {processor.py:161} INFO - Started process (PID=50273) to work on /home/airflow/dags/mlflow_tracking_dag.py
[2026-04-26T22:09:45.690+0000] {processor.py:830} INFO - Processing file /home/airflow/dags/mlflow_tracking_dag.py for tasks to queue
[2026-04-26T22:09:45.691+0000] {logging_mixin.py:188} INFO - [2026-04-26T22:09:45.691+0000] {dagbag.py:538} INFO - Filling up the DagBag from /home/airflow/dags/mlflow_tracking_dag.py
[2026-04-26T22:09:46.563+0000] {processor.py:840} INFO - DAG(s) 'model_training_pipeline' retrieved from /home/airflow/dags/mlflow_tracking_dag.py
[2026-04-26T22:09:46.574+0000] {logging_mixin.py:188} INFO - [2026-04-26T22:09:46.574+0000] {dag.py:3036} INFO - Sync 1 DAGs
[2026-04-26T22:09:46.591+0000] {logging_mixin.py:188} INFO - [2026-04-26T22:09:46.591+0000] {dag.py:3823} INFO - Setting next_dagrun for model_training_pipeline to 2026-04-26 00:00:00+00:00, run_after=2026-05-03 00:00:00+00:00
[2026-04-26T22:09:46.617+0000] {processor.py:183} INFO - Processing /home/airflow/dags/mlflow_tracking_dag.py took 0.931 seconds
[2026-04-26T22:10:16.832+0000] {processor.py:161} INFO - Started process (PID=50318) to work on /home/airflow/dags/mlflow_tracking_dag.py
[2026-04-26T22:10:16.834+0000] {processor.py:830} INFO - Processing file /home/airflow/dags/mlflow_tracking_dag.py for tasks to queue
[2026-04-26T22:10:16.835+0000] {logging_mixin.py:188} INFO - [2026-04-26T22:10:16.835+0000] {dagbag.py:538} INFO - Filling up the DagBag from /home/airflow/dags/mlflow_tracking_dag.py
[2026-04-26T22:10:17.666+0000] {processor.py:840} INFO - DAG(s) 'model_training_pipeline' retrieved from /home/airflow/dags/mlflow_tracking_dag.py
[2026-04-26T22:10:17.873+0000] {logging_mixin.py:188} INFO - [2026-04-26T22:10:17.872+0000] {dag.py:3036} INFO - Sync 1 DAGs
[2026-04-26T22:10:17.886+0000] {logging_mixin.py:188} INFO - [2026-04-26T22:10:17.886+0000] {dag.py:3823} INFO - Setting next_dagrun for model_training_pipeline to 2026-04-26 00:00:00+00:00, run_after=2026-05-03 00:00:00+00:00
[2026-04-26T22:10:17.914+0000] {processor.py:183} INFO - Processing /home/airflow/dags/mlflow_tracking_dag.py took 1.085 seconds
[2026-04-26T22:10:48.275+0000] {processor.py:161} INFO - Started process (PID=50363) to work on /home/airflow/dags/mlflow_tracking_dag.py
[2026-04-26T22:10:48.277+0000] {processor.py:830} INFO - Processing file /home/airflow/dags/mlflow_tracking_dag.py for tasks to queue
[2026-04-26T22:10:48.278+0000] {logging_mixin.py:188} INFO - [2026-04-26T22:10:48.278+0000] {dagbag.py:538} INFO - Filling up the DagBag from /home/airflow/dags/mlflow_tracking_dag.py
[2026-04-26T22:10:49.208+0000] {processor.py:840} INFO - DAG(s) 'model_training_pipeline' retrieved from /home/airflow/dags/mlflow_tracking_dag.py
[2026-04-26T22:10:49.228+0000] {logging_mixin.py:188} INFO - [2026-04-26T22:10:49.227+0000] {dag.py:3036} INFO - Sync 1 DAGs
[2026-04-26T22:10:49.242+0000] {logging_mixin.py:188} INFO - [2026-04-26T22:10:49.242+0000] {dag.py:3823} INFO - Setting next_dagrun for model_training_pipeline to 2026-04-26 00:00:00+00:00, run_after=2026-05-03 00:00:00+00:00
[2026-04-26T22:10:49.265+0000] {processor.py:183} INFO - Processing /home/airflow/dags/mlflow_tracking_dag.py took 0.994 seconds
[2026-04-26T22:11:19.932+0000] {processor.py:161} INFO - Started process (PID=50408) to work on /home/airflow/dags/mlflow_tracking_dag.py
[2026-04-26T22:11:19.933+0000] {processor.py:830} INFO - Processing file /home/airflow/dags/mlflow_tracking_dag.py for tasks to queue
[2026-04-26T22:11:19.934+0000] {logging_mixin.py:188} INFO - [2026-04-26T22:11:19.934+0000] {dagbag.py:538} INFO - Filling up the DagBag from /home/airflow/dags/mlflow_tracking_dag.py
[2026-04-26T22:11:20.765+0000] {processor.py:840} INFO - DAG(s) 'model_training_pipeline' retrieved from /home/airflow/dags/mlflow_tracking_dag.py
[2026-04-26T22:11:20.777+0000] {logging_mixin.py:188} INFO - [2026-04-26T22:11:20.777+0000] {dag.py:3036} INFO - Sync 1 DAGs
[2026-04-26T22:11:20.793+0000] {logging_mixin.py:188} INFO - [2026-04-26T22:11:20.793+0000] {dag.py:3823} INFO - Setting next_dagrun for model_training_pipeline to 2026-04-26 00:00:00+00:00, run_after=2026-05-03 00:00:00+00:00
[2026-04-26T22:11:20.818+0000] {processor.py:183} INFO - Processing /home/airflow/dags/mlflow_tracking_dag.py took 0.890 seconds
[2026-04-26T22:11:51.332+0000] {processor.py:161} INFO - Started process (PID=50453) to work on /home/airflow/dags/mlflow_tracking_dag.py
[2026-04-26T22:11:51.333+0000] {processor.py:830} INFO - Processing file /home/airflow/dags/mlflow_tracking_dag.py for tasks to queue
[2026-04-26T22:11:51.334+0000] {logging_mixin.py:188} INFO - [2026-04-26T22:11:51.334+0000] {dagbag.py:538} INFO - Filling up the DagBag from /home/airflow/dags/mlflow_tracking_dag.py
[2026-04-26T22:11:52.240+0000] {processor.py:840} INFO - DAG(s) 'model_training_pipeline' retrieved from /home/airflow/dags/mlflow_tracking_dag.py
[2026-04-26T22:11:52.475+0000] {logging_mixin.py:188} INFO - [2026-04-26T22:11:52.474+0000] {dag.py:3036} INFO - Sync 1 DAGs
[2026-04-26T22:11:52.494+0000] {logging_mixin.py:188} INFO - [2026-04-26T22:11:52.494+0000] {dag.py:3823} INFO - Setting next_dagrun for model_training_pipeline to 2026-04-26 00:00:00+00:00, run_after=2026-05-03 00:00:00+00:00
[2026-04-26T22:11:52.520+0000] {processor.py:183} INFO - Processing /home/airflow/dags/mlflow_tracking_dag.py took 1.192 seconds
[2026-04-26T22:12:22.775+0000] {processor.py:161} INFO - Started process (PID=50498) to work on /home/airflow/dags/mlflow_tracking_dag.py
[2026-04-26T22:12:22.776+0000] {processor.py:830} INFO - Processing file /home/airflow/dags/mlflow_tracking_dag.py for tasks to queue
[2026-04-26T22:12:22.777+0000] {logging_mixin.py:188} INFO - [2026-04-26T22:12:22.777+0000] {dagbag.py:538} INFO - Filling up the DagBag from /home/airflow/dags/mlflow_tracking_dag.py
[2026-04-26T22:12:23.635+0000] {processor.py:840} INFO - DAG(s) 'model_training_pipeline' retrieved from /home/airflow/dags/mlflow_tracking_dag.py
[2026-04-26T22:12:23.763+0000] {logging_mixin.py:188} INFO - [2026-04-26T22:12:23.763+0000] {dag.py:3036} INFO - Sync 1 DAGs
[2026-04-26T22:12:23.783+0000] {logging_mixin.py:188} INFO - [2026-04-26T22:12:23.783+0000] {dag.py:3823} INFO - Setting next_dagrun for model_training_pipeline to 2026-04-26 00:00:00+00:00, run_after=2026-05-03 00:00:00+00:00
[2026-04-26T22:12:23.809+0000] {processor.py:183} INFO - Processing /home/airflow/dags/mlflow_tracking_dag.py took 1.038 seconds
[2026-04-26T22:12:54.102+0000] {processor.py:161} INFO - Started process (PID=50543) to work on /home/airflow/dags/mlflow_tracking_dag.py
[2026-04-26T22:12:54.103+0000] {processor.py:830} INFO - Processing file /home/airflow/dags/mlflow_tracking_dag.py for tasks to queue
[2026-04-26T22:12:54.104+0000] {logging_mixin.py:188} INFO - [2026-04-26T22:12:54.104+0000] {dagbag.py:538} INFO - Filling up the DagBag from /home/airflow/dags/mlflow_tracking_dag.py
[2026-04-26T22:12:55.050+0000] {processor.py:840} INFO - DAG(s) 'model_training_pipeline' retrieved from /home/airflow/dags/mlflow_tracking_dag.py
[2026-04-26T22:12:55.063+0000] {logging_mixin.py:188} INFO - [2026-04-26T22:12:55.062+0000] {dag.py:3036} INFO - Sync 1 DAGs
[2026-04-26T22:12:55.078+0000] {logging_mixin.py:188} INFO - [2026-04-26T22:12:55.078+0000] {dag.py:3823} INFO - Setting next_dagrun for model_training_pipeline to 2026-04-26 00:00:00+00:00, run_after=2026-05-03 00:00:00+00:00
[2026-04-26T22:12:55.110+0000] {processor.py:183} INFO - Processing /home/airflow/dags/mlflow_tracking_dag.py took 1.011 seconds
[2026-04-26T22:13:25.626+0000] {processor.py:161} INFO - Started process (PID=50588) to work on /home/airflow/dags/mlflow_tracking_dag.py
[2026-04-26T22:13:25.627+0000] {processor.py:830} INFO - Processing file /home/airflow/dags/mlflow_tracking_dag.py for tasks to queue
[2026-04-26T22:13:25.629+0000] {logging_mixin.py:188} INFO - [2026-04-26T22:13:25.628+0000] {dagbag.py:538} INFO - Filling up the DagBag from /home/airflow/dags/mlflow_tracking_dag.py
[2026-04-26T22:13:26.523+0000] {processor.py:840} INFO - DAG(s) 'model_training_pipeline' retrieved from /home/airflow/dags/mlflow_tracking_dag.py
[2026-04-26T22:13:26.608+0000] {logging_mixin.py:188} INFO - [2026-04-26T22:13:26.607+0000] {dag.py:3036} INFO - Sync 1 DAGs
[2026-04-26T22:13:26.625+0000] {logging_mixin.py:188} INFO - [2026-04-26T22:13:26.625+0000] {dag.py:3823} INFO - Setting next_dagrun for model_training_pipeline to 2026-04-26 00:00:00+00:00, run_after=2026-05-03 00:00:00+00:00
[2026-04-26T22:13:26.648+0000] {processor.py:183} INFO - Processing /home/airflow/dags/mlflow_tracking_dag.py took 1.026 seconds
[2026-04-26T22:13:57.061+0000] {processor.py:161} INFO - Started process (PID=50633) to work on /home/airflow/dags/mlflow_tracking_dag.py
[2026-04-26T22:13:57.063+0000] {processor.py:830} INFO - Processing file /home/airflow/dags/mlflow_tracking_dag.py for tasks to queue
[2026-04-26T22:13:57.065+0000] {logging_mixin.py:188} INFO - [2026-04-26T22:13:57.064+0000] {dagbag.py:538} INFO - Filling up the DagBag from /home/airflow/dags/mlflow_tracking_dag.py
[2026-04-26T22:13:58.063+0000] {processor.py:840} INFO - DAG(s) 'model_training_pipeline' retrieved from /home/airflow/dags/mlflow_tracking_dag.py
[2026-04-26T22:13:58.087+0000] {logging_mixin.py:188} INFO - [2026-04-26T22:13:58.086+0000] {dag.py:3036} INFO - Sync 1 DAGs
[2026-04-26T22:13:58.103+0000] {logging_mixin.py:188} INFO - [2026-04-26T22:13:58.102+0000] {dag.py:3823} INFO - Setting next_dagrun for model_training_pipeline to 2026-04-26 00:00:00+00:00, run_after=2026-05-03 00:00:00+00:00
[2026-04-26T22:13:58.127+0000] {processor.py:183} INFO - Processing /home/airflow/dags/mlflow_tracking_dag.py took 1.070 seconds
[2026-04-26T22:14:28.487+0000] {processor.py:161} INFO - Started process (PID=50678) to work on /home/airflow/dags/mlflow_tracking_dag.py
[2026-04-26T22:14:28.488+0000] {processor.py:830} INFO - Processing file /home/airflow/dags/mlflow_tracking_dag.py for tasks to queue
[2026-04-26T22:14:28.489+0000] {logging_mixin.py:188} INFO - [2026-04-26T22:14:28.489+0000] {dagbag.py:538} INFO - Filling up the DagBag from /home/airflow/dags/mlflow_tracking_dag.py
[2026-04-26T22:14:29.461+0000] {processor.py:840} INFO - DAG(s) 'model_training_pipeline' retrieved from /home/airflow/dags/mlflow_tracking_dag.py
[2026-04-26T22:14:29.477+0000] {logging_mixin.py:188} INFO - [2026-04-26T22:14:29.476+0000] {dag.py:3036} INFO - Sync 1 DAGs
[2026-04-26T22:14:29.497+0000] {logging_mixin.py:188} INFO - [2026-04-26T22:14:29.497+0000] {dag.py:3823} INFO - Setting next_dagrun for model_training_pipeline to 2026-04-26 00:00:00+00:00, run_after=2026-05-03 00:00:00+00:00
[2026-04-26T22:14:29.524+0000] {processor.py:183} INFO - Processing /home/airflow/dags/mlflow_tracking_dag.py took 1.040 seconds
[2026-04-26T22:14:59.999+0000] {processor.py:161} INFO - Started process (PID=50723) to work on /home/airflow/dags/mlflow_tracking_dag.py
[2026-04-26T22:15:00.001+0000] {processor.py:830} INFO - Processing file /home/airflow/dags/mlflow_tracking_dag.py for tasks to queue
[2026-04-26T22:15:00.002+0000] {logging_mixin.py:188} INFO - [2026-04-26T22:15:00.002+0000] {dagbag.py:538} INFO - Filling up the DagBag from /home/airflow/dags/mlflow_tracking_dag.py
[2026-04-26T22:15:01.045+0000] {processor.py:840} INFO - DAG(s) 'model_training_pipeline' retrieved from /home/airflow/dags/mlflow_tracking_dag.py
[2026-04-26T22:15:01.155+0000] {logging_mixin.py:188} INFO - [2026-04-26T22:15:01.154+0000] {dag.py:3036} INFO - Sync 1 DAGs
[2026-04-26T22:15:01.180+0000] {logging_mixin.py:188} INFO - [2026-04-26T22:15:01.179+0000] {dag.py:3823} INFO - Setting next_dagrun for model_training_pipeline to 2026-04-26 00:00:00+00:00, run_after=2026-05-03 00:00:00+00:00
[2026-04-26T22:15:01.208+0000] {processor.py:183} INFO - Processing /home/airflow/dags/mlflow_tracking_dag.py took 1.214 seconds
[2026-04-26T22:15:31.400+0000] {processor.py:161} INFO - Started process (PID=50768) to work on /home/airflow/dags/mlflow_tracking_dag.py
[2026-04-26T22:15:31.402+0000] {processor.py:830} INFO - Processing file /home/airflow/dags/mlflow_tracking_dag.py for tasks to queue
[2026-04-26T22:15:31.403+0000] {logging_mixin.py:188} INFO - [2026-04-26T22:15:31.403+0000] {dagbag.py:538} INFO - Filling up the DagBag from /home/airflow/dags/mlflow_tracking_dag.py
[2026-04-26T22:15:32.541+0000] {processor.py:840} INFO - DAG(s) 'model_training_pipeline' retrieved from /home/airflow/dags/mlflow_tracking_dag.py
[2026-04-26T22:15:32.568+0000] {logging_mixin.py:188} INFO - [2026-04-26T22:15:32.568+0000] {dag.py:3036} INFO - Sync 1 DAGs
[2026-04-26T22:15:32.595+0000] {logging_mixin.py:188} INFO - [2026-04-26T22:15:32.594+0000] {dag.py:3823} INFO - Setting next_dagrun for model_training_pipeline to 2026-04-26 00:00:00+00:00, run_after=2026-05-03 00:00:00+00:00
[2026-04-26T22:15:32.621+0000] {processor.py:183} INFO - Processing /home/airflow/dags/mlflow_tracking_dag.py took 1.228 seconds
[2026-04-26T22:16:02.896+0000] {processor.py:161} INFO - Started process (PID=50813) to work on /home/airflow/dags/mlflow_tracking_dag.py
[2026-04-26T22:16:02.897+0000] {processor.py:830} INFO - Processing file /home/airflow/dags/mlflow_tracking_dag.py for tasks to queue
[2026-04-26T22:16:02.898+0000] {logging_mixin.py:188} INFO - [2026-04-26T22:16:02.898+0000] {dagbag.py:538} INFO - Filling up the DagBag from /home/airflow/dags/mlflow_tracking_dag.py
[2026-04-26T22:16:03.843+0000] {processor.py:840} INFO - DAG(s) 'model_training_pipeline' retrieved from /home/airflow/dags/mlflow_tracking_dag.py
[2026-04-26T22:16:03.856+0000] {logging_mixin.py:188} INFO - [2026-04-26T22:16:03.856+0000] {dag.py:3036} INFO - Sync 1 DAGs
[2026-04-26T22:16:03.872+0000] {logging_mixin.py:188} INFO - [2026-04-26T22:16:03.872+0000] {dag.py:3823} INFO - Setting next_dagrun for model_training_pipeline to 2026-04-26 00:00:00+00:00, run_after=2026-05-03 00:00:00+00:00
[2026-04-26T22:16:03.895+0000] {processor.py:183} INFO - Processing /home/airflow/dags/mlflow_tracking_dag.py took 1.002 seconds
[2026-04-26T22:16:34.323+0000] {processor.py:161} INFO - Started process (PID=50858) to work on /home/airflow/dags/mlflow_tracking_dag.py
[2026-04-26T22:16:34.324+0000] {processor.py:830} INFO - Processing file /home/airflow/dags/mlflow_tracking_dag.py for tasks to queue
[2026-04-26T22:16:34.326+0000] {logging_mixin.py:188} INFO - [2026-04-26T22:16:34.325+0000] {dagbag.py:538} INFO - Filling up the DagBag from /home/airflow/dags/mlflow_tracking_dag.py
[2026-04-26T22:16:35.195+0000] {processor.py:840} INFO - DAG(s) 'model_training_pipeline' retrieved from /home/airflow/dags/mlflow_tracking_dag.py
[2026-04-26T22:16:35.278+0000] {logging_mixin.py:188} INFO - [2026-04-26T22:16:35.277+0000] {dag.py:3036} INFO - Sync 1 DAGs
[2026-04-26T22:16:35.295+0000] {logging_mixin.py:188} INFO - [2026-04-26T22:16:35.295+0000] {dag.py:3823} INFO - Setting next_dagrun for model_training_pipeline to 2026-04-26 00:00:00+00:00, run_after=2026-05-03 00:00:00+00:00
[2026-04-26T22:16:35.322+0000] {processor.py:183} INFO - Processing /home/airflow/dags/mlflow_tracking_dag.py took 1.002 seconds
[2026-04-26T22:17:05.707+0000] {processor.py:161} INFO - Started process (PID=50903) to work on /home/airflow/dags/mlflow_tracking_dag.py
[2026-04-26T22:17:05.708+0000] {processor.py:830} INFO - Processing file /home/airflow/dags/mlflow_tracking_dag.py for tasks to queue
[2026-04-26T22:17:05.709+0000] {logging_mixin.py:188} INFO - [2026-04-26T22:17:05.709+0000] {dagbag.py:538} INFO - Filling up the DagBag from /home/airflow/dags/mlflow_tracking_dag.py
[2026-04-26T22:17:06.706+0000] {processor.py:840} INFO - DAG(s) 'model_training_pipeline' retrieved from /home/airflow/dags/mlflow_tracking_dag.py
[2026-04-26T22:17:06.731+0000] {logging_mixin.py:188} INFO - [2026-04-26T22:17:06.731+0000] {dag.py:3036} INFO - Sync 1 DAGs
[2026-04-26T22:17:06.750+0000] {logging_mixin.py:188} INFO - [2026-04-26T22:17:06.750+0000] {dag.py:3823} INFO - Setting next_dagrun for model_training_pipeline to 2026-04-26 00:00:00+00:00, run_after=2026-05-03 00:00:00+00:00
[2026-04-26T22:17:06.776+0000] {processor.py:183} INFO - Processing /home/airflow/dags/mlflow_tracking_dag.py took 1.072 seconds
[2026-04-26T22:17:36.989+0000] {processor.py:161} INFO - Started process (PID=50948) to work on /home/airflow/dags/mlflow_tracking_dag.py
[2026-04-26T22:17:36.990+0000] {processor.py:830} INFO - Processing file /home/airflow/dags/mlflow_tracking_dag.py for tasks to queue
[2026-04-26T22:17:36.991+0000] {logging_mixin.py:188} INFO - [2026-04-26T22:17:36.991+0000] {dagbag.py:538} INFO - Filling up the DagBag from /home/airflow/dags/mlflow_tracking_dag.py
[2026-04-26T22:17:37.830+0000] {processor.py:840} INFO - DAG(s) 'model_training_pipeline' retrieved from /home/airflow/dags/mlflow_tracking_dag.py
[2026-04-26T22:17:37.843+0000] {logging_mixin.py:188} INFO - [2026-04-26T22:17:37.841+0000] {dag.py:3036} INFO - Sync 1 DAGs
[2026-04-26T22:17:37.860+0000] {logging_mixin.py:188} INFO - [2026-04-26T22:17:37.860+0000] {dag.py:3823} INFO - Setting next_dagrun for model_training_pipeline to 2026-04-26 00:00:00+00:00, run_after=2026-05-03 00:00:00+00:00
[2026-04-26T22:17:37.882+0000] {processor.py:183} INFO - Processing /home/airflow/dags/mlflow_tracking_dag.py took 0.897 seconds
[2026-04-26T22:18:08.140+0000] {processor.py:161} INFO - Started process (PID=50993) to work on /home/airflow/dags/mlflow_tracking_dag.py
[2026-04-26T22:18:08.141+0000] {processor.py:830} INFO - Processing file /home/airflow/dags/mlflow_tracking_dag.py for tasks to queue
[2026-04-26T22:18:08.143+0000] {logging_mixin.py:188} INFO - [2026-04-26T22:18:08.142+0000] {dagbag.py:538} INFO - Filling up the DagBag from /home/airflow/dags/mlflow_tracking_dag.py
[2026-04-26T22:18:08.936+0000] {processor.py:840} INFO - DAG(s) 'model_training_pipeline' retrieved from /home/airflow/dags/mlflow_tracking_dag.py
[2026-04-26T22:18:09.016+0000] {logging_mixin.py:188} INFO - [2026-04-26T22:18:09.015+0000] {dag.py:3036} INFO - Sync 1 DAGs
[2026-04-26T22:18:09.030+0000] {logging_mixin.py:188} INFO - [2026-04-26T22:18:09.030+0000] {dag.py:3823} INFO - Setting next_dagrun for model_training_pipeline to 2026-04-26 00:00:00+00:00, run_after=2026-05-03 00:00:00+00:00
[2026-04-26T22:18:09.053+0000] {processor.py:183} INFO - Processing /home/airflow/dags/mlflow_tracking_dag.py took 0.916 seconds
[2026-04-26T22:18:39.398+0000] {processor.py:161} INFO - Started process (PID=51038) to work on /home/airflow/dags/mlflow_tracking_dag.py
[2026-04-26T22:18:39.399+0000] {processor.py:830} INFO - Processing file /home/airflow/dags/mlflow_tracking_dag.py for tasks to queue
[2026-04-26T22:18:39.400+0000] {logging_mixin.py:188} INFO - [2026-04-26T22:18:39.400+0000] {dagbag.py:538} INFO - Filling up the DagBag from /home/airflow/dags/mlflow_tracking_dag.py
[2026-04-26T22:18:40.344+0000] {processor.py:840} INFO - DAG(s) 'model_training_pipeline' retrieved from /home/airflow/dags/mlflow_tracking_dag.py
[2026-04-26T22:18:40.367+0000] {logging_mixin.py:188} INFO - [2026-04-26T22:18:40.367+0000] {dag.py:3036} INFO - Sync 1 DAGs
[2026-04-26T22:18:40.385+0000] {logging_mixin.py:188} INFO - [2026-04-26T22:18:40.385+0000] {dag.py:3823} INFO - Setting next_dagrun for model_training_pipeline to 2026-04-26 00:00:00+00:00, run_after=2026-05-03 00:00:00+00:00
[2026-04-26T22:18:40.410+0000] {processor.py:183} INFO - Processing /home/airflow/dags/mlflow_tracking_dag.py took 1.015 seconds
[2026-04-26T22:19:10.751+0000] {processor.py:161} INFO - Started process (PID=51083) to work on /home/airflow/dags/mlflow_tracking_dag.py
[2026-04-26T22:19:10.752+0000] {processor.py:830} INFO - Processing file /home/airflow/dags/mlflow_tracking_dag.py for tasks to queue
[2026-04-26T22:19:10.753+0000] {logging_mixin.py:188} INFO - [2026-04-26T22:19:10.753+0000] {dagbag.py:538} INFO - Filling up the DagBag from /home/airflow/dags/mlflow_tracking_dag.py
[2026-04-26T22:19:11.734+0000] {processor.py:840} INFO - DAG(s) 'model_training_pipeline' retrieved from /home/airflow/dags/mlflow_tracking_dag.py
[2026-04-26T22:19:11.751+0000] {logging_mixin.py:188} INFO - [2026-04-26T22:19:11.750+0000] {dag.py:3036} INFO - Sync 1 DAGs
[2026-04-26T22:19:11.778+0000] {logging_mixin.py:188} INFO - [2026-04-26T22:19:11.778+0000] {dag.py:3823} INFO - Setting next_dagrun for model_training_pipeline to 2026-04-26 00:00:00+00:00, run_after=2026-05-03 00:00:00+00:00
[2026-04-26T22:19:11.805+0000] {processor.py:183} INFO - Processing /home/airflow/dags/mlflow_tracking_dag.py took 1.057 seconds
[2026-04-26T22:19:42.121+0000] {processor.py:161} INFO - Started process (PID=51128) to work on /home/airflow/dags/mlflow_tracking_dag.py
[2026-04-26T22:19:42.123+0000] {processor.py:830} INFO - Processing file /home/airflow/dags/mlflow_tracking_dag.py for tasks to queue
[2026-04-26T22:19:42.124+0000] {logging_mixin.py:188} INFO - [2026-04-26T22:19:42.123+0000] {dagbag.py:538} INFO - Filling up the DagBag from /home/airflow/dags/mlflow_tracking_dag.py
[2026-04-26T22:19:43.238+0000] {processor.py:840} INFO - DAG(s) 'model_training_pipeline' retrieved from /home/airflow/dags/mlflow_tracking_dag.py
[2026-04-26T22:19:43.341+0000] {logging_mixin.py:188} INFO - [2026-04-26T22:19:43.340+0000] {dag.py:3036} INFO - Sync 1 DAGs
[2026-04-26T22:19:43.358+0000] {logging_mixin.py:188} INFO - [2026-04-26T22:19:43.358+0000] {dag.py:3823} INFO - Setting next_dagrun for model_training_pipeline to 2026-04-26 00:00:00+00:00, run_after=2026-05-03 00:00:00+00:00
[2026-04-26T22:19:43.387+0000] {processor.py:183} INFO - Processing /home/airflow/dags/mlflow_tracking_dag.py took 1.269 seconds
[2026-04-26T22:20:13.774+0000] {processor.py:161} INFO - Started process (PID=51173) to work on /home/airflow/dags/mlflow_tracking_dag.py
[2026-04-26T22:20:13.775+0000] {processor.py:830} INFO - Processing file /home/airflow/dags/mlflow_tracking_dag.py for tasks to queue
[2026-04-26T22:20:13.776+0000] {logging_mixin.py:188} INFO - [2026-04-26T22:20:13.776+0000] {dagbag.py:538} INFO - Filling up the DagBag from /home/airflow/dags/mlflow_tracking_dag.py
[2026-04-26T22:20:14.651+0000] {processor.py:840} INFO - DAG(s) 'model_training_pipeline' retrieved from /home/airflow/dags/mlflow_tracking_dag.py
[2026-04-26T22:20:14.674+0000] {logging_mixin.py:188} INFO - [2026-04-26T22:20:14.674+0000] {dag.py:3036} INFO - Sync 1 DAGs
[2026-04-26T22:20:14.690+0000] {logging_mixin.py:188} INFO - [2026-04-26T22:20:14.690+0000] {dag.py:3823} INFO - Setting next_dagrun for model_training_pipeline to 2026-04-26 00:00:00+00:00, run_after=2026-05-03 00:00:00+00:00
[2026-04-26T22:20:14.713+0000] {processor.py:183} INFO - Processing /home/airflow/dags/mlflow_tracking_dag.py took 0.943 seconds
[2026-04-26T22:20:45.427+0000] {processor.py:161} INFO - Started process (PID=51218) to work on /home/airflow/dags/mlflow_tracking_dag.py
[2026-04-26T22:20:45.428+0000] {processor.py:830} INFO - Processing file /home/airflow/dags/mlflow_tracking_dag.py for tasks to queue
[2026-04-26T22:20:45.429+0000] {logging_mixin.py:188} INFO - [2026-04-26T22:20:45.429+0000] {dagbag.py:538} INFO - Filling up the DagBag from /home/airflow/dags/mlflow_tracking_dag.py
[2026-04-26T22:20:46.505+0000] {processor.py:840} INFO - DAG(s) 'model_training_pipeline' retrieved from /home/airflow/dags/mlflow_tracking_dag.py
[2026-04-26T22:20:46.520+0000] {logging_mixin.py:188} INFO - [2026-04-26T22:20:46.519+0000] {dag.py:3036} INFO - Sync 1 DAGs
[2026-04-26T22:20:46.538+0000] {logging_mixin.py:188} INFO - [2026-04-26T22:20:46.538+0000] {dag.py:3823} INFO - Setting next_dagrun for model_training_pipeline to 2026-04-26 00:00:00+00:00, run_after=2026-05-03 00:00:00+00:00
[2026-04-26T22:20:46.562+0000] {processor.py:183} INFO - Processing /home/airflow/dags/mlflow_tracking_dag.py took 1.139 seconds
[2026-04-26T22:21:17.146+0000] {processor.py:161} INFO - Started process (PID=51263) to work on /home/airflow/dags/mlflow_tracking_dag.py
[2026-04-26T22:21:17.147+0000] {processor.py:830} INFO - Processing file /home/airflow/dags/mlflow_tracking_dag.py for tasks to queue
[2026-04-26T22:21:17.148+0000] {logging_mixin.py:188} INFO - [2026-04-26T22:21:17.148+0000] {dagbag.py:538} INFO - Filling up the DagBag from /home/airflow/dags/mlflow_tracking_dag.py
[2026-04-26T22:21:18.241+0000] {processor.py:840} INFO - DAG(s) 'model_training_pipeline' retrieved from /home/airflow/dags/mlflow_tracking_dag.py
[2026-04-26T22:21:18.359+0000] {logging_mixin.py:188} INFO - [2026-04-26T22:21:18.358+0000] {dag.py:3036} INFO - Sync 1 DAGs
[2026-04-26T22:21:18.378+0000] {logging_mixin.py:188} INFO - [2026-04-26T22:21:18.378+0000] {dag.py:3823} INFO - Setting next_dagrun for model_training_pipeline to 2026-04-26 00:00:00+00:00, run_after=2026-05-03 00:00:00+00:00
[2026-04-26T22:21:18.410+0000] {processor.py:183} INFO - Processing /home/airflow/dags/mlflow_tracking_dag.py took 1.267 seconds
[2026-04-26T22:21:48.798+0000] {processor.py:161} INFO - Started process (PID=51308) to work on /home/airflow/dags/mlflow_tracking_dag.py
[2026-04-26T22:21:48.800+0000] {processor.py:830} INFO - Processing file /home/airflow/dags/mlflow_tracking_dag.py for tasks to queue
[2026-04-26T22:21:48.801+0000] {logging_mixin.py:188} INFO - [2026-04-26T22:21:48.801+0000] {dagbag.py:538} INFO - Filling up the DagBag from /home/airflow/dags/mlflow_tracking_dag.py
[2026-04-26T22:21:49.847+0000] {processor.py:840} INFO - DAG(s) 'model_training_pipeline' retrieved from /home/airflow/dags/mlflow_tracking_dag.py
[2026-04-26T22:21:49.869+0000] {logging_mixin.py:188} INFO - [2026-04-26T22:21:49.869+0000] {dag.py:3036} INFO - Sync 1 DAGs
[2026-04-26T22:21:49.888+0000] {logging_mixin.py:188} INFO - [2026-04-26T22:21:49.888+0000] {dag.py:3823} INFO - Setting next_dagrun for model_training_pipeline to 2026-04-26 00:00:00+00:00, run_after=2026-05-03 00:00:00+00:00
[2026-04-26T22:21:49.914+0000] {processor.py:183} INFO - Processing /home/airflow/dags/mlflow_tracking_dag.py took 1.119 seconds
[2026-04-26T22:22:20.300+0000] {processor.py:161} INFO - Started process (PID=51353) to work on /home/airflow/dags/mlflow_tracking_dag.py
[2026-04-26T22:22:20.301+0000] {processor.py:830} INFO - Processing file /home/airflow/dags/mlflow_tracking_dag.py for tasks to queue
[2026-04-26T22:22:20.303+0000] {logging_mixin.py:188} INFO - [2026-04-26T22:22:20.302+0000] {dagbag.py:538} INFO - Filling up the DagBag from /home/airflow/dags/mlflow_tracking_dag.py
[2026-04-26T22:22:21.347+0000] {processor.py:840} INFO - DAG(s) 'model_training_pipeline' retrieved from /home/airflow/dags/mlflow_tracking_dag.py
[2026-04-26T22:22:21.359+0000] {logging_mixin.py:188} INFO - [2026-04-26T22:22:21.358+0000] {dag.py:3036} INFO - Sync 1 DAGs
[2026-04-26T22:22:21.375+0000] {logging_mixin.py:188} INFO - [2026-04-26T22:22:21.375+0000] {dag.py:3823} INFO - Setting next_dagrun for model_training_pipeline to 2026-04-26 00:00:00+00:00, run_after=2026-05-03 00:00:00+00:00
[2026-04-26T22:22:21.398+0000] {processor.py:183} INFO - Processing /home/airflow/dags/mlflow_tracking_dag.py took 1.103 seconds
[2026-04-26T22:22:51.777+0000] {processor.py:161} INFO - Started process (PID=51398) to work on /home/airflow/dags/mlflow_tracking_dag.py
[2026-04-26T22:22:51.778+0000] {processor.py:830} INFO - Processing file /home/airflow/dags/mlflow_tracking_dag.py for tasks to queue
[2026-04-26T22:22:51.780+0000] {logging_mixin.py:188} INFO - [2026-04-26T22:22:51.779+0000] {dagbag.py:538} INFO - Filling up the DagBag from /home/airflow/dags/mlflow_tracking_dag.py
[2026-04-26T22:22:52.867+0000] {processor.py:840} INFO - DAG(s) 'model_training_pipeline' retrieved from /home/airflow/dags/mlflow_tracking_dag.py
[2026-04-26T22:22:52.972+0000] {logging_mixin.py:188} INFO - [2026-04-26T22:22:52.972+0000] {dag.py:3036} INFO - Sync 1 DAGs
[2026-04-26T22:22:52.988+0000] {logging_mixin.py:188} INFO - [2026-04-26T22:22:52.987+0000] {dag.py:3823} INFO - Setting next_dagrun for model_training_pipeline to 2026-04-26 00:00:00+00:00, run_after=2026-05-03 00:00:00+00:00
[2026-04-26T22:22:53.012+0000] {processor.py:183} INFO - Processing /home/airflow/dags/mlflow_tracking_dag.py took 1.238 seconds
[2026-04-26T22:23:23.452+0000] {processor.py:161} INFO - Started process (PID=51443) to work on /home/airflow/dags/mlflow_tracking_dag.py
[2026-04-26T22:23:23.453+0000] {processor.py:830} INFO - Processing file /home/airflow/dags/mlflow_tracking_dag.py for tasks to queue
[2026-04-26T22:23:23.454+0000] {logging_mixin.py:188} INFO - [2026-04-26T22:23:23.454+0000] {dagbag.py:538} INFO - Filling up the DagBag from /home/airflow/dags/mlflow_tracking_dag.py
[2026-04-26T22:23:24.522+0000] {processor.py:840} INFO - DAG(s) 'model_training_pipeline' retrieved from /home/airflow/dags/mlflow_tracking_dag.py
[2026-04-26T22:23:24.552+0000] {logging_mixin.py:188} INFO - [2026-04-26T22:23:24.551+0000] {dag.py:3036} INFO - Sync 1 DAGs
[2026-04-26T22:23:24.574+0000] {logging_mixin.py:188} INFO - [2026-04-26T22:23:24.574+0000] {dag.py:3823} INFO - Setting next_dagrun for model_training_pipeline to 2026-04-26 00:00:00+00:00, run_after=2026-05-03 00:00:00+00:00
[2026-04-26T22:23:24.602+0000] {processor.py:183} INFO - Processing /home/airflow/dags/mlflow_tracking_dag.py took 1.154 seconds
[2026-04-26T22:23:54.988+0000] {processor.py:161} INFO - Started process (PID=51488) to work on /home/airflow/dags/mlflow_tracking_dag.py
[2026-04-26T22:23:54.990+0000] {processor.py:830} INFO - Processing file /home/airflow/dags/mlflow_tracking_dag.py for tasks to queue
[2026-04-26T22:23:54.991+0000] {logging_mixin.py:188} INFO - [2026-04-26T22:23:54.990+0000] {dagbag.py:538} INFO - Filling up the DagBag from /home/airflow/dags/mlflow_tracking_dag.py
[2026-04-26T22:23:55.967+0000] {processor.py:840} INFO - DAG(s) 'model_training_pipeline' retrieved from /home/airflow/dags/mlflow_tracking_dag.py
[2026-04-26T22:23:55.981+0000] {logging_mixin.py:188} INFO - [2026-04-26T22:23:55.980+0000] {dag.py:3036} INFO - Sync 1 DAGs
[2026-04-26T22:23:56.005+0000] {logging_mixin.py:188} INFO - [2026-04-26T22:23:56.005+0000] {dag.py:3823} INFO - Setting next_dagrun for model_training_pipeline to 2026-04-26 00:00:00+00:00, run_after=2026-05-03 00:00:00+00:00
[2026-04-26T22:23:56.030+0000] {processor.py:183} INFO - Processing /home/airflow/dags/mlflow_tracking_dag.py took 1.046 seconds
[2026-04-26T22:24:26.453+0000] {processor.py:161} INFO - Started process (PID=51533) to work on /home/airflow/dags/mlflow_tracking_dag.py
[2026-04-26T22:24:26.455+0000] {processor.py:830} INFO - Processing file /home/airflow/dags/mlflow_tracking_dag.py for tasks to queue
[2026-04-26T22:24:26.457+0000] {logging_mixin.py:188} INFO - [2026-04-26T22:24:26.456+0000] {dagbag.py:538} INFO - Filling up the DagBag from /home/airflow/dags/mlflow_tracking_dag.py
[2026-04-26T22:24:27.640+0000] {processor.py:840} INFO - DAG(s) 'model_training_pipeline' retrieved from /home/airflow/dags/mlflow_tracking_dag.py
[2026-04-26T22:24:27.733+0000] {logging_mixin.py:188} INFO - [2026-04-26T22:24:27.733+0000] {dag.py:3036} INFO - Sync 1 DAGs
[2026-04-26T22:24:27.752+0000] {logging_mixin.py:188} INFO - [2026-04-26T22:24:27.752+0000] {dag.py:3823} INFO - Setting next_dagrun for model_training_pipeline to 2026-04-26 00:00:00+00:00, run_after=2026-05-03 00:00:00+00:00
[2026-04-26T22:24:27.777+0000] {processor.py:183} INFO - Processing /home/airflow/dags/mlflow_tracking_dag.py took 1.327 seconds
[2026-04-26T22:24:58.161+0000] {processor.py:161} INFO - Started process (PID=51578) to work on /home/airflow/dags/mlflow_tracking_dag.py
[2026-04-26T22:24:58.162+0000] {processor.py:830} INFO - Processing file /home/airflow/dags/mlflow_tracking_dag.py for tasks to queue
[2026-04-26T22:24:58.163+0000] {logging_mixin.py:188} INFO - [2026-04-26T22:24:58.163+0000] {dagbag.py:538} INFO - Filling up the DagBag from /home/airflow/dags/mlflow_tracking_dag.py
[2026-04-26T22:24:59.178+0000] {processor.py:840} INFO - DAG(s) 'model_training_pipeline' retrieved from /home/airflow/dags/mlflow_tracking_dag.py
[2026-04-26T22:24:59.200+0000] {logging_mixin.py:188} INFO - [2026-04-26T22:24:59.200+0000] {dag.py:3036} INFO - Sync 1 DAGs
[2026-04-26T22:24:59.217+0000] {logging_mixin.py:188} INFO - [2026-04-26T22:24:59.217+0000] {dag.py:3823} INFO - Setting next_dagrun for model_training_pipeline to 2026-04-26 00:00:00+00:00, run_after=2026-05-03 00:00:00+00:00
[2026-04-26T22:24:59.241+0000] {processor.py:183} INFO - Processing /home/airflow/dags/mlflow_tracking_dag.py took 1.084 seconds
[2026-04-26T22:25:29.641+0000] {processor.py:161} INFO - Started process (PID=51623) to work on /home/airflow/dags/mlflow_tracking_dag.py
[2026-04-26T22:25:29.643+0000] {processor.py:830} INFO - Processing file /home/airflow/dags/mlflow_tracking_dag.py for tasks to queue
[2026-04-26T22:25:29.644+0000] {logging_mixin.py:188} INFO - [2026-04-26T22:25:29.643+0000] {dagbag.py:538} INFO - Filling up the DagBag from /home/airflow/dags/mlflow_tracking_dag.py
[2026-04-26T22:25:30.793+0000] {processor.py:840} INFO - DAG(s) 'model_training_pipeline' retrieved from /home/airflow/dags/mlflow_tracking_dag.py
[2026-04-26T22:25:30.809+0000] {logging_mixin.py:188} INFO - [2026-04-26T22:25:30.808+0000] {dag.py:3036} INFO - Sync 1 DAGs
[2026-04-26T22:25:30.830+0000] {logging_mixin.py:188} INFO - [2026-04-26T22:25:30.830+0000] {dag.py:3823} INFO - Setting next_dagrun for model_training_pipeline to 2026-04-26 00:00:00+00:00, run_after=2026-05-03 00:00:00+00:00
[2026-04-26T22:25:30.855+0000] {processor.py:183} INFO - Processing /home/airflow/dags/mlflow_tracking_dag.py took 1.216 seconds
[2026-04-26T22:26:01.354+0000] {processor.py:161} INFO - Started process (PID=51668) to work on /home/airflow/dags/mlflow_tracking_dag.py
[2026-04-26T22:26:01.356+0000] {processor.py:830} INFO - Processing file /home/airflow/dags/mlflow_tracking_dag.py for tasks to queue
[2026-04-26T22:26:01.358+0000] {logging_mixin.py:188} INFO - [2026-04-26T22:26:01.357+0000] {dagbag.py:538} INFO - Filling up the DagBag from /home/airflow/dags/mlflow_tracking_dag.py
[2026-04-26T22:26:02.662+0000] {processor.py:840} INFO - DAG(s) 'model_training_pipeline' retrieved from /home/airflow/dags/mlflow_tracking_dag.py
[2026-04-26T22:26:02.787+0000] {logging_mixin.py:188} INFO - [2026-04-26T22:26:02.786+0000] {dag.py:3036} INFO - Sync 1 DAGs
[2026-04-26T22:26:02.809+0000] {logging_mixin.py:188} INFO - [2026-04-26T22:26:02.809+0000] {dag.py:3823} INFO - Setting next_dagrun for model_training_pipeline to 2026-04-26 00:00:00+00:00, run_after=2026-05-03 00:00:00+00:00
[2026-04-26T22:26:02.841+0000] {processor.py:183} INFO - Processing /home/airflow/dags/mlflow_tracking_dag.py took 1.493 seconds
[2026-04-26T22:26:33.198+0000] {processor.py:161} INFO - Started process (PID=51717) to work on /home/airflow/dags/mlflow_tracking_dag.py
[2026-04-26T22:26:33.200+0000] {processor.py:830} INFO - Processing file /home/airflow/dags/mlflow_tracking_dag.py for tasks to queue
[2026-04-26T22:26:33.201+0000] {logging_mixin.py:188} INFO - [2026-04-26T22:26:33.201+0000] {dagbag.py:538} INFO - Filling up the DagBag from /home/airflow/dags/mlflow_tracking_dag.py
[2026-04-26T22:26:34.349+0000] {processor.py:840} INFO - DAG(s) 'model_training_pipeline' retrieved from /home/airflow/dags/mlflow_tracking_dag.py
[2026-04-26T22:26:34.374+0000] {logging_mixin.py:188} INFO - [2026-04-26T22:26:34.374+0000] {dag.py:3036} INFO - Sync 1 DAGs
[2026-04-26T22:26:34.394+0000] {logging_mixin.py:188} INFO - [2026-04-26T22:26:34.393+0000] {dag.py:3823} INFO - Setting next_dagrun for model_training_pipeline to 2026-04-26 00:00:00+00:00, run_after=2026-05-03 00:00:00+00:00
[2026-04-26T22:26:34.418+0000] {processor.py:183} INFO - Processing /home/airflow/dags/mlflow_tracking_dag.py took 1.225 seconds
[2026-04-26T22:27:04.800+0000] {processor.py:161} INFO - Started process (PID=51769) to work on /home/airflow/dags/mlflow_tracking_dag.py
[2026-04-26T22:27:04.802+0000] {processor.py:830} INFO - Processing file /home/airflow/dags/mlflow_tracking_dag.py for tasks to queue
[2026-04-26T22:27:04.804+0000] {logging_mixin.py:188} INFO - [2026-04-26T22:27:04.804+0000] {dagbag.py:538} INFO - Filling up the DagBag from /home/airflow/dags/mlflow_tracking_dag.py
[2026-04-26T22:27:05.707+0000] {processor.py:840} INFO - DAG(s) 'model_training_pipeline' retrieved from /home/airflow/dags/mlflow_tracking_dag.py
[2026-04-26T22:27:05.721+0000] {logging_mixin.py:188} INFO - [2026-04-26T22:27:05.720+0000] {dag.py:3036} INFO - Sync 1 DAGs
[2026-04-26T22:27:05.739+0000] {logging_mixin.py:188} INFO - [2026-04-26T22:27:05.738+0000] {dag.py:3823} INFO - Setting next_dagrun for model_training_pipeline to 2026-04-26 00:00:00+00:00, run_after=2026-05-03 00:00:00+00:00
[2026-04-26T22:27:05.766+0000] {processor.py:183} INFO - Processing /home/airflow/dags/mlflow_tracking_dag.py took 0.970 seconds
[2026-04-26T22:27:36.247+0000] {processor.py:161} INFO - Started process (PID=51820) to work on /home/airflow/dags/mlflow_tracking_dag.py
[2026-04-26T22:27:36.248+0000] {processor.py:830} INFO - Processing file /home/airflow/dags/mlflow_tracking_dag.py for tasks to queue
[2026-04-26T22:27:36.250+0000] {logging_mixin.py:188} INFO - [2026-04-26T22:27:36.249+0000] {dagbag.py:538} INFO - Filling up the DagBag from /home/airflow/dags/mlflow_tracking_dag.py
[2026-04-26T22:27:37.580+0000] {processor.py:840} INFO - DAG(s) 'model_training_pipeline' retrieved from /home/airflow/dags/mlflow_tracking_dag.py
[2026-04-26T22:27:37.676+0000] {logging_mixin.py:188} INFO - [2026-04-26T22:27:37.676+0000] {dag.py:3036} INFO - Sync 1 DAGs
[2026-04-26T22:27:37.695+0000] {logging_mixin.py:188} INFO - [2026-04-26T22:27:37.694+0000] {dag.py:3823} INFO - Setting next_dagrun for model_training_pipeline to 2026-04-26 00:00:00+00:00, run_after=2026-05-03 00:00:00+00:00
[2026-04-26T22:27:37.732+0000] {processor.py:183} INFO - Processing /home/airflow/dags/mlflow_tracking_dag.py took 1.491 seconds
[2026-04-26T22:28:08.359+0000] {processor.py:161} INFO - Started process (PID=51867) to work on /home/airflow/dags/mlflow_tracking_dag.py
[2026-04-26T22:28:08.361+0000] {processor.py:830} INFO - Processing file /home/airflow/dags/mlflow_tracking_dag.py for tasks to queue
[2026-04-26T22:28:08.363+0000] {logging_mixin.py:188} INFO - [2026-04-26T22:28:08.362+0000] {dagbag.py:538} INFO - Filling up the DagBag from /home/airflow/dags/mlflow_tracking_dag.py
[2026-04-26T22:28:09.406+0000] {processor.py:840} INFO - DAG(s) 'model_training_pipeline' retrieved from /home/airflow/dags/mlflow_tracking_dag.py
[2026-04-26T22:28:09.432+0000] {logging_mixin.py:188} INFO - [2026-04-26T22:28:09.431+0000] {dag.py:3036} INFO - Sync 1 DAGs
[2026-04-26T22:28:09.450+0000] {logging_mixin.py:188} INFO - [2026-04-26T22:28:09.450+0000] {dag.py:3823} INFO - Setting next_dagrun for model_training_pipeline to 2026-04-26 00:00:00+00:00, run_after=2026-05-03 00:00:00+00:00
[2026-04-26T22:28:09.473+0000] {processor.py:183} INFO - Processing /home/airflow/dags/mlflow_tracking_dag.py took 1.118 seconds
[2026-04-26T22:28:39.854+0000] {processor.py:161} INFO - Started process (PID=51912) to work on /home/airflow/dags/mlflow_tracking_dag.py
[2026-04-26T22:28:39.855+0000] {processor.py:830} INFO - Processing file /home/airflow/dags/mlflow_tracking_dag.py for tasks to queue
[2026-04-26T22:28:39.856+0000] {logging_mixin.py:188} INFO - [2026-04-26T22:28:39.856+0000] {dagbag.py:538} INFO - Filling up the DagBag from /home/airflow/dags/mlflow_tracking_dag.py
[2026-04-26T22:28:40.739+0000] {processor.py:840} INFO - DAG(s) 'model_training_pipeline' retrieved from /home/airflow/dags/mlflow_tracking_dag.py
[2026-04-26T22:28:40.749+0000] {logging_mixin.py:188} INFO - [2026-04-26T22:28:40.749+0000] {dag.py:3036} INFO - Sync 1 DAGs
[2026-04-26T22:28:40.765+0000] {logging_mixin.py:188} INFO - [2026-04-26T22:28:40.765+0000] {dag.py:3823} INFO - Setting next_dagrun for model_training_pipeline to 2026-04-26 00:00:00+00:00, run_after=2026-05-03 00:00:00+00:00
[2026-04-26T22:28:40.784+0000] {processor.py:183} INFO - Processing /home/airflow/dags/mlflow_tracking_dag.py took 0.934 seconds
[2026-04-26T22:29:11.485+0000] {processor.py:161} INFO - Started process (PID=51957) to work on /home/airflow/dags/mlflow_tracking_dag.py
[2026-04-26T22:29:11.486+0000] {processor.py:830} INFO - Processing file /home/airflow/dags/mlflow_tracking_dag.py for tasks to queue
[2026-04-26T22:29:11.487+0000] {logging_mixin.py:188} INFO - [2026-04-26T22:29:11.487+0000] {dagbag.py:538} INFO - Filling up the DagBag from /home/airflow/dags/mlflow_tracking_dag.py
[2026-04-26T22:29:12.407+0000] {processor.py:840} INFO - DAG(s) 'model_training_pipeline' retrieved from /home/airflow/dags/mlflow_tracking_dag.py
[2026-04-26T22:29:12.499+0000] {logging_mixin.py:188} INFO - [2026-04-26T22:29:12.498+0000] {dag.py:3036} INFO - Sync 1 DAGs
[2026-04-26T22:29:12.513+0000] {logging_mixin.py:188} INFO - [2026-04-26T22:29:12.513+0000] {dag.py:3823} INFO - Setting next_dagrun for model_training_pipeline to 2026-04-26 00:00:00+00:00, run_after=2026-05-03 00:00:00+00:00
[2026-04-26T22:29:12.534+0000] {processor.py:183} INFO - Processing /home/airflow/dags/mlflow_tracking_dag.py took 1.053 seconds
[2026-04-26T22:29:42.900+0000] {processor.py:161} INFO - Started process (PID=52002) to work on /home/airflow/dags/mlflow_tracking_dag.py
[2026-04-26T22:29:42.901+0000] {processor.py:830} INFO - Processing file /home/airflow/dags/mlflow_tracking_dag.py for tasks to queue
[2026-04-26T22:29:42.903+0000] {logging_mixin.py:188} INFO - [2026-04-26T22:29:42.902+0000] {dagbag.py:538} INFO - Filling up the DagBag from /home/airflow/dags/mlflow_tracking_dag.py
[2026-04-26T22:29:44.174+0000] {processor.py:840} INFO - DAG(s) 'model_training_pipeline' retrieved from /home/airflow/dags/mlflow_tracking_dag.py
[2026-04-26T22:29:44.207+0000] {logging_mixin.py:188} INFO - [2026-04-26T22:29:44.206+0000] {dag.py:3036} INFO - Sync 1 DAGs
[2026-04-26T22:29:44.226+0000] {logging_mixin.py:188} INFO - [2026-04-26T22:29:44.226+0000] {dag.py:3823} INFO - Setting next_dagrun for model_training_pipeline to 2026-04-26 00:00:00+00:00, run_after=2026-05-03 00:00:00+00:00
[2026-04-26T22:29:44.254+0000] {processor.py:183} INFO - Processing /home/airflow/dags/mlflow_tracking_dag.py took 1.359 seconds
[2026-04-26T22:30:14.515+0000] {processor.py:161} INFO - Started process (PID=52047) to work on /home/airflow/dags/mlflow_tracking_dag.py
[2026-04-26T22:30:14.516+0000] {processor.py:830} INFO - Processing file /home/airflow/dags/mlflow_tracking_dag.py for tasks to queue
[2026-04-26T22:30:14.517+0000] {logging_mixin.py:188} INFO - [2026-04-26T22:30:14.517+0000] {dagbag.py:538} INFO - Filling up the DagBag from /home/airflow/dags/mlflow_tracking_dag.py
[2026-04-26T22:30:15.330+0000] {processor.py:840} INFO - DAG(s) 'model_training_pipeline' retrieved from /home/airflow/dags/mlflow_tracking_dag.py
[2026-04-26T22:30:15.342+0000] {logging_mixin.py:188} INFO - [2026-04-26T22:30:15.342+0000] {dag.py:3036} INFO - Sync 1 DAGs
[2026-04-26T22:30:15.357+0000] {logging_mixin.py:188} INFO - [2026-04-26T22:30:15.357+0000] {dag.py:3823} INFO - Setting next_dagrun for model_training_pipeline to 2026-04-26 00:00:00+00:00, run_after=2026-05-03 00:00:00+00:00
[2026-04-26T22:30:15.379+0000] {processor.py:183} INFO - Processing /home/airflow/dags/mlflow_tracking_dag.py took 0.868 seconds
[2026-04-26T22:30:45.980+0000] {processor.py:161} INFO - Started process (PID=52092) to work on /home/airflow/dags/mlflow_tracking_dag.py
[2026-04-26T22:30:45.982+0000] {processor.py:830} INFO - Processing file /home/airflow/dags/mlflow_tracking_dag.py for tasks to queue
[2026-04-26T22:30:45.983+0000] {logging_mixin.py:188} INFO - [2026-04-26T22:30:45.982+0000] {dagbag.py:538} INFO - Filling up the DagBag from /home/airflow/dags/mlflow_tracking_dag.py
[2026-04-26T22:30:46.987+0000] {processor.py:840} INFO - DAG(s) 'model_training_pipeline' retrieved from /home/airflow/dags/mlflow_tracking_dag.py
[2026-04-26T22:30:47.195+0000] {logging_mixin.py:188} INFO - [2026-04-26T22:30:47.194+0000] {dag.py:3036} INFO - Sync 1 DAGs
[2026-04-26T22:30:47.214+0000] {logging_mixin.py:188} INFO - [2026-04-26T22:30:47.214+0000] {dag.py:3823} INFO - Setting next_dagrun for model_training_pipeline to 2026-04-26 00:00:00+00:00, run_after=2026-05-03 00:00:00+00:00
[2026-04-26T22:30:47.240+0000] {processor.py:183} INFO - Processing /home/airflow/dags/mlflow_tracking_dag.py took 1.264 seconds
[2026-04-26T22:31:17.854+0000] {processor.py:161} INFO - Started process (PID=52137) to work on /home/airflow/dags/mlflow_tracking_dag.py
[2026-04-26T22:31:17.855+0000] {processor.py:830} INFO - Processing file /home/airflow/dags/mlflow_tracking_dag.py for tasks to queue
[2026-04-26T22:31:17.856+0000] {logging_mixin.py:188} INFO - [2026-04-26T22:31:17.856+0000] {dagbag.py:538} INFO - Filling up the DagBag from /home/airflow/dags/mlflow_tracking_dag.py
[2026-04-26T22:31:18.663+0000] {processor.py:840} INFO - DAG(s) 'model_training_pipeline' retrieved from /home/airflow/dags/mlflow_tracking_dag.py
[2026-04-26T22:31:18.800+0000] {logging_mixin.py:188} INFO - [2026-04-26T22:31:18.800+0000] {dag.py:3036} INFO - Sync 1 DAGs
[2026-04-26T22:31:18.816+0000] {logging_mixin.py:188} INFO - [2026-04-26T22:31:18.815+0000] {dag.py:3823} INFO - Setting next_dagrun for model_training_pipeline to 2026-04-26 00:00:00+00:00, run_after=2026-05-03 00:00:00+00:00
[2026-04-26T22:31:18.839+0000] {processor.py:183} INFO - Processing /home/airflow/dags/mlflow_tracking_dag.py took 0.989 seconds
[2026-04-26T22:31:49.166+0000] {processor.py:161} INFO - Started process (PID=52182) to work on /home/airflow/dags/mlflow_tracking_dag.py
[2026-04-26T22:31:49.167+0000] {processor.py:830} INFO - Processing file /home/airflow/dags/mlflow_tracking_dag.py for tasks to queue
[2026-04-26T22:31:49.168+0000] {logging_mixin.py:188} INFO - [2026-04-26T22:31:49.168+0000] {dagbag.py:538} INFO - Filling up the DagBag from /home/airflow/dags/mlflow_tracking_dag.py
[2026-04-26T22:31:50.221+0000] {processor.py:840} INFO - DAG(s) 'model_training_pipeline' retrieved from /home/airflow/dags/mlflow_tracking_dag.py
[2026-04-26T22:31:50.233+0000] {logging_mixin.py:188} INFO - [2026-04-26T22:31:50.232+0000] {dag.py:3036} INFO - Sync 1 DAGs
[2026-04-26T22:31:50.251+0000] {logging_mixin.py:188} INFO - [2026-04-26T22:31:50.251+0000] {dag.py:3823} INFO - Setting next_dagrun for model_training_pipeline to 2026-04-26 00:00:00+00:00, run_after=2026-05-03 00:00:00+00:00
[2026-04-26T22:31:50.276+0000] {processor.py:183} INFO - Processing /home/airflow/dags/mlflow_tracking_dag.py took 1.115 seconds
[2026-04-26T22:32:20.514+0000] {processor.py:161} INFO - Started process (PID=52227) to work on /home/airflow/dags/mlflow_tracking_dag.py
[2026-04-26T22:32:20.515+0000] {processor.py:830} INFO - Processing file /home/airflow/dags/mlflow_tracking_dag.py for tasks to queue
[2026-04-26T22:32:20.516+0000] {logging_mixin.py:188} INFO - [2026-04-26T22:32:20.516+0000] {dagbag.py:538} INFO - Filling up the DagBag from /home/airflow/dags/mlflow_tracking_dag.py
[2026-04-26T22:32:21.500+0000] {processor.py:840} INFO - DAG(s) 'model_training_pipeline' retrieved from /home/airflow/dags/mlflow_tracking_dag.py
[2026-04-26T22:32:21.579+0000] {logging_mixin.py:188} INFO - [2026-04-26T22:32:21.578+0000] {dag.py:3036} INFO - Sync 1 DAGs
[2026-04-26T22:32:21.594+0000] {logging_mixin.py:188} INFO - [2026-04-26T22:32:21.594+0000] {dag.py:3823} INFO - Setting next_dagrun for model_training_pipeline to 2026-04-26 00:00:00+00:00, run_after=2026-05-03 00:00:00+00:00
[2026-04-26T22:32:21.618+0000] {processor.py:183} INFO - Processing /home/airflow/dags/mlflow_tracking_dag.py took 1.108 seconds
[2026-04-26T22:32:52.102+0000] {processor.py:161} INFO - Started process (PID=52272) to work on /home/airflow/dags/mlflow_tracking_dag.py
[2026-04-26T22:32:52.104+0000] {processor.py:830} INFO - Processing file /home/airflow/dags/mlflow_tracking_dag.py for tasks to queue
[2026-04-26T22:32:52.105+0000] {logging_mixin.py:188} INFO - [2026-04-26T22:32:52.105+0000] {dagbag.py:538} INFO - Filling up the DagBag from /home/airflow/dags/mlflow_tracking_dag.py
[2026-04-26T22:32:53.109+0000] {processor.py:840} INFO - DAG(s) 'model_training_pipeline' retrieved from /home/airflow/dags/mlflow_tracking_dag.py
[2026-04-26T22:32:53.132+0000] {logging_mixin.py:188} INFO - [2026-04-26T22:32:53.132+0000] {dag.py:3036} INFO - Sync 1 DAGs
[2026-04-26T22:32:53.150+0000] {logging_mixin.py:188} INFO - [2026-04-26T22:32:53.150+0000] {dag.py:3823} INFO - Setting next_dagrun for model_training_pipeline to 2026-04-26 00:00:00+00:00, run_after=2026-05-03 00:00:00+00:00
[2026-04-26T22:32:53.173+0000] {processor.py:183} INFO - Processing /home/airflow/dags/mlflow_tracking_dag.py took 1.074 seconds
[2026-04-26T22:33:23.648+0000] {processor.py:161} INFO - Started process (PID=52317) to work on /home/airflow/dags/mlflow_tracking_dag.py
[2026-04-26T22:33:23.649+0000] {processor.py:830} INFO - Processing file /home/airflow/dags/mlflow_tracking_dag.py for tasks to queue
[2026-04-26T22:33:23.650+0000] {logging_mixin.py:188} INFO - [2026-04-26T22:33:23.650+0000] {dagbag.py:538} INFO - Filling up the DagBag from /home/airflow/dags/mlflow_tracking_dag.py
[2026-04-26T22:33:24.539+0000] {processor.py:840} INFO - DAG(s) 'model_training_pipeline' retrieved from /home/airflow/dags/mlflow_tracking_dag.py
[2026-04-26T22:33:24.553+0000] {logging_mixin.py:188} INFO - [2026-04-26T22:33:24.553+0000] {dag.py:3036} INFO - Sync 1 DAGs
[2026-04-26T22:33:24.571+0000] {logging_mixin.py:188} INFO - [2026-04-26T22:33:24.571+0000] {dag.py:3823} INFO - Setting next_dagrun for model_training_pipeline to 2026-04-26 00:00:00+00:00, run_after=2026-05-03 00:00:00+00:00
[2026-04-26T22:33:24.593+0000] {processor.py:183} INFO - Processing /home/airflow/dags/mlflow_tracking_dag.py took 0.949 seconds
[2026-04-26T22:33:55.153+0000] {processor.py:161} INFO - Started process (PID=52362) to work on /home/airflow/dags/mlflow_tracking_dag.py
[2026-04-26T22:33:55.154+0000] {processor.py:830} INFO - Processing file /home/airflow/dags/mlflow_tracking_dag.py for tasks to queue
[2026-04-26T22:33:55.155+0000] {logging_mixin.py:188} INFO - [2026-04-26T22:33:55.155+0000] {dagbag.py:538} INFO - Filling up the DagBag from /home/airflow/dags/mlflow_tracking_dag.py
[2026-04-26T22:33:55.992+0000] {processor.py:840} INFO - DAG(s) 'model_training_pipeline' retrieved from /home/airflow/dags/mlflow_tracking_dag.py
[2026-04-26T22:33:56.076+0000] {logging_mixin.py:188} INFO - [2026-04-26T22:33:56.076+0000] {dag.py:3036} INFO - Sync 1 DAGs
[2026-04-26T22:33:56.090+0000] {logging_mixin.py:188} INFO - [2026-04-26T22:33:56.090+0000] {dag.py:3823} INFO - Setting next_dagrun for model_training_pipeline to 2026-04-26 00:00:00+00:00, run_after=2026-05-03 00:00:00+00:00
[2026-04-26T22:33:56.115+0000] {processor.py:183} INFO - Processing /home/airflow/dags/mlflow_tracking_dag.py took 0.965 seconds
[2026-04-26T22:34:26.228+0000] {processor.py:161} INFO - Started process (PID=52407) to work on /home/airflow/dags/mlflow_tracking_dag.py
[2026-04-26T22:34:26.229+0000] {processor.py:830} INFO - Processing file /home/airflow/dags/mlflow_tracking_dag.py for tasks to queue
[2026-04-26T22:34:26.230+0000] {logging_mixin.py:188} INFO - [2026-04-26T22:34:26.230+0000] {dagbag.py:538} INFO - Filling up the DagBag from /home/airflow/dags/mlflow_tracking_dag.py
[2026-04-26T22:34:27.115+0000] {processor.py:840} INFO - DAG(s) 'model_training_pipeline' retrieved from /home/airflow/dags/mlflow_tracking_dag.py
[2026-04-26T22:34:27.135+0000] {logging_mixin.py:188} INFO - [2026-04-26T22:34:27.135+0000] {dag.py:3036} INFO - Sync 1 DAGs
[2026-04-26T22:34:27.149+0000] {logging_mixin.py:188} INFO - [2026-04-26T22:34:27.149+0000] {dag.py:3823} INFO - Setting next_dagrun for model_training_pipeline to 2026-04-26 00:00:00+00:00, run_after=2026-05-03 00:00:00+00:00
[2026-04-26T22:34:27.173+0000] {processor.py:183} INFO - Processing /home/airflow/dags/mlflow_tracking_dag.py took 0.948 seconds
[2026-04-26T22:34:57.512+0000] {processor.py:161} INFO - Started process (PID=52452) to work on /home/airflow/dags/mlflow_tracking_dag.py
[2026-04-26T22:34:57.513+0000] {processor.py:830} INFO - Processing file /home/airflow/dags/mlflow_tracking_dag.py for tasks to queue
[2026-04-26T22:34:57.515+0000] {logging_mixin.py:188} INFO - [2026-04-26T22:34:57.514+0000] {dagbag.py:538} INFO - Filling up the DagBag from /home/airflow/dags/mlflow_tracking_dag.py
[2026-04-26T22:34:58.558+0000] {processor.py:840} INFO - DAG(s) 'model_training_pipeline' retrieved from /home/airflow/dags/mlflow_tracking_dag.py
[2026-04-26T22:34:58.570+0000] {logging_mixin.py:188} INFO - [2026-04-26T22:34:58.570+0000] {dag.py:3036} INFO - Sync 1 DAGs
[2026-04-26T22:34:58.589+0000] {logging_mixin.py:188} INFO - [2026-04-26T22:34:58.589+0000] {dag.py:3823} INFO - Setting next_dagrun for model_training_pipeline to 2026-04-26 00:00:00+00:00, run_after=2026-05-03 00:00:00+00:00
[2026-04-26T22:34:58.614+0000] {processor.py:183} INFO - Processing /home/airflow/dags/mlflow_tracking_dag.py took 1.106 seconds
[2026-04-26T22:35:28.982+0000] {processor.py:161} INFO - Started process (PID=52497) to work on /home/airflow/dags/mlflow_tracking_dag.py
[2026-04-26T22:35:28.984+0000] {processor.py:830} INFO - Processing file /home/airflow/dags/mlflow_tracking_dag.py for tasks to queue
[2026-04-26T22:35:28.985+0000] {logging_mixin.py:188} INFO - [2026-04-26T22:35:28.984+0000] {dagbag.py:538} INFO - Filling up the DagBag from /home/airflow/dags/mlflow_tracking_dag.py
[2026-04-26T22:35:29.905+0000] {processor.py:840} INFO - DAG(s) 'model_training_pipeline' retrieved from /home/airflow/dags/mlflow_tracking_dag.py
[2026-04-26T22:35:29.988+0000] {logging_mixin.py:188} INFO - [2026-04-26T22:35:29.988+0000] {dag.py:3036} INFO - Sync 1 DAGs
[2026-04-26T22:35:30.002+0000] {logging_mixin.py:188} INFO - [2026-04-26T22:35:30.002+0000] {dag.py:3823} INFO - Setting next_dagrun for model_training_pipeline to 2026-04-26 00:00:00+00:00, run_after=2026-05-03 00:00:00+00:00
[2026-04-26T22:35:30.029+0000] {processor.py:183} INFO - Processing /home/airflow/dags/mlflow_tracking_dag.py took 1.051 seconds
[2026-04-26T22:36:00.396+0000] {processor.py:161} INFO - Started process (PID=52542) to work on /home/airflow/dags/mlflow_tracking_dag.py
[2026-04-26T22:36:00.398+0000] {processor.py:830} INFO - Processing file /home/airflow/dags/mlflow_tracking_dag.py for tasks to queue
[2026-04-26T22:36:00.399+0000] {logging_mixin.py:188} INFO - [2026-04-26T22:36:00.398+0000] {dagbag.py:538} INFO - Filling up the DagBag from /home/airflow/dags/mlflow_tracking_dag.py
[2026-04-26T22:36:01.362+0000] {processor.py:840} INFO - DAG(s) 'model_training_pipeline' retrieved from /home/airflow/dags/mlflow_tracking_dag.py
[2026-04-26T22:36:01.386+0000] {logging_mixin.py:188} INFO - [2026-04-26T22:36:01.385+0000] {dag.py:3036} INFO - Sync 1 DAGs
[2026-04-26T22:36:01.401+0000] {logging_mixin.py:188} INFO - [2026-04-26T22:36:01.401+0000] {dag.py:3823} INFO - Setting next_dagrun for model_training_pipeline to 2026-04-26 00:00:00+00:00, run_after=2026-05-03 00:00:00+00:00
[2026-04-26T22:36:01.422+0000] {processor.py:183} INFO - Processing /home/airflow/dags/mlflow_tracking_dag.py took 1.031 seconds
[2026-04-26T22:36:31.788+0000] {processor.py:161} INFO - Started process (PID=52587) to work on /home/airflow/dags/mlflow_tracking_dag.py
[2026-04-26T22:36:31.790+0000] {processor.py:830} INFO - Processing file /home/airflow/dags/mlflow_tracking_dag.py for tasks to queue
[2026-04-26T22:36:31.791+0000] {logging_mixin.py:188} INFO - [2026-04-26T22:36:31.790+0000] {dagbag.py:538} INFO - Filling up the DagBag from /home/airflow/dags/mlflow_tracking_dag.py
[2026-04-26T22:36:32.709+0000] {processor.py:840} INFO - DAG(s) 'model_training_pipeline' retrieved from /home/airflow/dags/mlflow_tracking_dag.py
[2026-04-26T22:36:32.720+0000] {logging_mixin.py:188} INFO - [2026-04-26T22:36:32.719+0000] {dag.py:3036} INFO - Sync 1 DAGs
[2026-04-26T22:36:32.739+0000] {logging_mixin.py:188} INFO - [2026-04-26T22:36:32.738+0000] {dag.py:3823} INFO - Setting next_dagrun for model_training_pipeline to 2026-04-26 00:00:00+00:00, run_after=2026-05-03 00:00:00+00:00
[2026-04-26T22:36:32.769+0000] {processor.py:183} INFO - Processing /home/airflow/dags/mlflow_tracking_dag.py took 0.985 seconds
[2026-04-26T22:37:03.136+0000] {processor.py:161} INFO - Started process (PID=52632) to work on /home/airflow/dags/mlflow_tracking_dag.py
[2026-04-26T22:37:03.137+0000] {processor.py:830} INFO - Processing file /home/airflow/dags/mlflow_tracking_dag.py for tasks to queue
[2026-04-26T22:37:03.138+0000] {logging_mixin.py:188} INFO - [2026-04-26T22:37:03.138+0000] {dagbag.py:538} INFO - Filling up the DagBag from /home/airflow/dags/mlflow_tracking_dag.py
[2026-04-26T22:37:04.171+0000] {processor.py:840} INFO - DAG(s) 'model_training_pipeline' retrieved from /home/airflow/dags/mlflow_tracking_dag.py
[2026-04-26T22:37:04.255+0000] {logging_mixin.py:188} INFO - [2026-04-26T22:37:04.255+0000] {dag.py:3036} INFO - Sync 1 DAGs
[2026-04-26T22:37:04.272+0000] {logging_mixin.py:188} INFO - [2026-04-26T22:37:04.271+0000] {dag.py:3823} INFO - Setting next_dagrun for model_training_pipeline to 2026-04-26 00:00:00+00:00, run_after=2026-05-03 00:00:00+00:00
[2026-04-26T22:37:04.302+0000] {processor.py:183} INFO - Processing /home/airflow/dags/mlflow_tracking_dag.py took 1.170 seconds
[2026-04-26T22:37:34.526+0000] {processor.py:161} INFO - Started process (PID=52677) to work on /home/airflow/dags/mlflow_tracking_dag.py
[2026-04-26T22:37:34.527+0000] {processor.py:830} INFO - Processing file /home/airflow/dags/mlflow_tracking_dag.py for tasks to queue
[2026-04-26T22:37:34.529+0000] {logging_mixin.py:188} INFO - [2026-04-26T22:37:34.528+0000] {dagbag.py:538} INFO - Filling up the DagBag from /home/airflow/dags/mlflow_tracking_dag.py
[2026-04-26T22:37:35.354+0000] {processor.py:840} INFO - DAG(s) 'model_training_pipeline' retrieved from /home/airflow/dags/mlflow_tracking_dag.py
[2026-04-26T22:37:35.377+0000] {logging_mixin.py:188} INFO - [2026-04-26T22:37:35.376+0000] {dag.py:3036} INFO - Sync 1 DAGs
[2026-04-26T22:37:35.395+0000] {logging_mixin.py:188} INFO - [2026-04-26T22:37:35.395+0000] {dag.py:3823} INFO - Setting next_dagrun for model_training_pipeline to 2026-04-26 00:00:00+00:00, run_after=2026-05-03 00:00:00+00:00
[2026-04-26T22:37:35.419+0000] {processor.py:183} INFO - Processing /home/airflow/dags/mlflow_tracking_dag.py took 0.896 seconds
[2026-04-26T22:38:05.507+0000] {processor.py:161} INFO - Started process (PID=52722) to work on /home/airflow/dags/mlflow_tracking_dag.py
[2026-04-26T22:38:05.508+0000] {processor.py:830} INFO - Processing file /home/airflow/dags/mlflow_tracking_dag.py for tasks to queue
[2026-04-26T22:38:05.509+0000] {logging_mixin.py:188} INFO - [2026-04-26T22:38:05.508+0000] {dagbag.py:538} INFO - Filling up the DagBag from /home/airflow/dags/mlflow_tracking_dag.py
[2026-04-26T22:38:06.329+0000] {processor.py:840} INFO - DAG(s) 'model_training_pipeline' retrieved from /home/airflow/dags/mlflow_tracking_dag.py
[2026-04-26T22:38:06.342+0000] {logging_mixin.py:188} INFO - [2026-04-26T22:38:06.341+0000] {dag.py:3036} INFO - Sync 1 DAGs
[2026-04-26T22:38:06.358+0000] {logging_mixin.py:188} INFO - [2026-04-26T22:38:06.358+0000] {dag.py:3823} INFO - Setting next_dagrun for model_training_pipeline to 2026-04-26 00:00:00+00:00, run_after=2026-05-03 00:00:00+00:00
[2026-04-26T22:38:06.379+0000] {processor.py:183} INFO - Processing /home/airflow/dags/mlflow_tracking_dag.py took 0.876 seconds
[2026-04-26T22:38:36.585+0000] {processor.py:161} INFO - Started process (PID=52767) to work on /home/airflow/dags/mlflow_tracking_dag.py
[2026-04-26T22:38:36.588+0000] {processor.py:830} INFO - Processing file /home/airflow/dags/mlflow_tracking_dag.py for tasks to queue
[2026-04-26T22:38:36.590+0000] {logging_mixin.py:188} INFO - [2026-04-26T22:38:36.589+0000] {dagbag.py:538} INFO - Filling up the DagBag from /home/airflow/dags/mlflow_tracking_dag.py
[2026-04-26T22:38:37.775+0000] {processor.py:840} INFO - DAG(s) 'model_training_pipeline' retrieved from /home/airflow/dags/mlflow_tracking_dag.py
[2026-04-26T22:38:37.876+0000] {logging_mixin.py:188} INFO - [2026-04-26T22:38:37.876+0000] {dag.py:3036} INFO - Sync 1 DAGs
[2026-04-26T22:38:37.892+0000] {logging_mixin.py:188} INFO - [2026-04-26T22:38:37.892+0000] {dag.py:3823} INFO - Setting next_dagrun for model_training_pipeline to 2026-04-26 00:00:00+00:00, run_after=2026-05-03 00:00:00+00:00
[2026-04-26T22:38:37.914+0000] {processor.py:183} INFO - Processing /home/airflow/dags/mlflow_tracking_dag.py took 1.334 seconds
[2026-04-26T22:39:07.993+0000] {processor.py:161} INFO - Started process (PID=52812) to work on /home/airflow/dags/mlflow_tracking_dag.py
[2026-04-26T22:39:07.994+0000] {processor.py:830} INFO - Processing file /home/airflow/dags/mlflow_tracking_dag.py for tasks to queue
[2026-04-26T22:39:07.995+0000] {logging_mixin.py:188} INFO - [2026-04-26T22:39:07.995+0000] {dagbag.py:538} INFO - Filling up the DagBag from /home/airflow/dags/mlflow_tracking_dag.py
[2026-04-26T22:39:08.846+0000] {processor.py:840} INFO - DAG(s) 'model_training_pipeline' retrieved from /home/airflow/dags/mlflow_tracking_dag.py
[2026-04-26T22:39:08.868+0000] {logging_mixin.py:188} INFO - [2026-04-26T22:39:08.868+0000] {dag.py:3036} INFO - Sync 1 DAGs
[2026-04-26T22:39:08.886+0000] {logging_mixin.py:188} INFO - [2026-04-26T22:39:08.885+0000] {dag.py:3823} INFO - Setting next_dagrun for model_training_pipeline to 2026-04-26 00:00:00+00:00, run_after=2026-05-03 00:00:00+00:00
[2026-04-26T22:39:08.920+0000] {processor.py:183} INFO - Processing /home/airflow/dags/mlflow_tracking_dag.py took 0.931 seconds
[2026-04-26T22:39:39.498+0000] {processor.py:161} INFO - Started process (PID=52857) to work on /home/airflow/dags/mlflow_tracking_dag.py
[2026-04-26T22:39:39.499+0000] {processor.py:830} INFO - Processing file /home/airflow/dags/mlflow_tracking_dag.py for tasks to queue
[2026-04-26T22:39:39.500+0000] {logging_mixin.py:188} INFO - [2026-04-26T22:39:39.500+0000] {dagbag.py:538} INFO - Filling up the DagBag from /home/airflow/dags/mlflow_tracking_dag.py
[2026-04-26T22:39:40.340+0000] {processor.py:840} INFO - DAG(s) 'model_training_pipeline' retrieved from /home/airflow/dags/mlflow_tracking_dag.py
[2026-04-26T22:39:40.353+0000] {logging_mixin.py:188} INFO - [2026-04-26T22:39:40.353+0000] {dag.py:3036} INFO - Sync 1 DAGs
[2026-04-26T22:39:40.368+0000] {logging_mixin.py:188} INFO - [2026-04-26T22:39:40.368+0000] {dag.py:3823} INFO - Setting next_dagrun for model_training_pipeline to 2026-04-26 00:00:00+00:00, run_after=2026-05-03 00:00:00+00:00
[2026-04-26T22:39:40.391+0000] {processor.py:183} INFO - Processing /home/airflow/dags/mlflow_tracking_dag.py took 0.897 seconds
[2026-04-26T22:40:10.744+0000] {processor.py:161} INFO - Started process (PID=52902) to work on /home/airflow/dags/mlflow_tracking_dag.py
[2026-04-26T22:40:10.746+0000] {processor.py:830} INFO - Processing file /home/airflow/dags/mlflow_tracking_dag.py for tasks to queue
[2026-04-26T22:40:10.747+0000] {logging_mixin.py:188} INFO - [2026-04-26T22:40:10.746+0000] {dagbag.py:538} INFO - Filling up the DagBag from /home/airflow/dags/mlflow_tracking_dag.py
[2026-04-26T22:40:11.726+0000] {processor.py:840} INFO - DAG(s) 'model_training_pipeline' retrieved from /home/airflow/dags/mlflow_tracking_dag.py
[2026-04-26T22:40:11.816+0000] {logging_mixin.py:188} INFO - [2026-04-26T22:40:11.815+0000] {dag.py:3036} INFO - Sync 1 DAGs
[2026-04-26T22:40:11.829+0000] {logging_mixin.py:188} INFO - [2026-04-26T22:40:11.829+0000] {dag.py:3823} INFO - Setting next_dagrun for model_training_pipeline to 2026-04-26 00:00:00+00:00, run_after=2026-05-03 00:00:00+00:00
[2026-04-26T22:40:11.854+0000] {processor.py:183} INFO - Processing /home/airflow/dags/mlflow_tracking_dag.py took 1.113 seconds
[2026-04-26T22:40:42.230+0000] {processor.py:161} INFO - Started process (PID=52947) to work on /home/airflow/dags/mlflow_tracking_dag.py
[2026-04-26T22:40:42.231+0000] {processor.py:830} INFO - Processing file /home/airflow/dags/mlflow_tracking_dag.py for tasks to queue
[2026-04-26T22:40:42.232+0000] {logging_mixin.py:188} INFO - [2026-04-26T22:40:42.232+0000] {dagbag.py:538} INFO - Filling up the DagBag from /home/airflow/dags/mlflow_tracking_dag.py
[2026-04-26T22:40:43.481+0000] {processor.py:840} INFO - DAG(s) 'model_training_pipeline' retrieved from /home/airflow/dags/mlflow_tracking_dag.py
[2026-04-26T22:40:43.504+0000] {logging_mixin.py:188} INFO - [2026-04-26T22:40:43.503+0000] {dag.py:3036} INFO - Sync 1 DAGs
[2026-04-26T22:40:43.522+0000] {logging_mixin.py:188} INFO - [2026-04-26T22:40:43.521+0000] {dag.py:3823} INFO - Setting next_dagrun for model_training_pipeline to 2026-04-26 00:00:00+00:00, run_after=2026-05-03 00:00:00+00:00
[2026-04-26T22:40:43.544+0000] {processor.py:183} INFO - Processing /home/airflow/dags/mlflow_tracking_dag.py took 1.318 seconds
[2026-04-26T22:41:14.231+0000] {processor.py:161} INFO - Started process (PID=52992) to work on /home/airflow/dags/mlflow_tracking_dag.py
[2026-04-26T22:41:14.233+0000] {processor.py:830} INFO - Processing file /home/airflow/dags/mlflow_tracking_dag.py for tasks to queue
[2026-04-26T22:41:14.234+0000] {logging_mixin.py:188} INFO - [2026-04-26T22:41:14.233+0000] {dagbag.py:538} INFO - Filling up the DagBag from /home/airflow/dags/mlflow_tracking_dag.py
[2026-04-26T22:41:15.152+0000] {processor.py:840} INFO - DAG(s) 'model_training_pipeline' retrieved from /home/airflow/dags/mlflow_tracking_dag.py
[2026-04-26T22:41:15.165+0000] {logging_mixin.py:188} INFO - [2026-04-26T22:41:15.164+0000] {dag.py:3036} INFO - Sync 1 DAGs
[2026-04-26T22:41:15.181+0000] {logging_mixin.py:188} INFO - [2026-04-26T22:41:15.181+0000] {dag.py:3823} INFO - Setting next_dagrun for model_training_pipeline to 2026-04-26 00:00:00+00:00, run_after=2026-05-03 00:00:00+00:00
[2026-04-26T22:41:15.204+0000] {processor.py:183} INFO - Processing /home/airflow/dags/mlflow_tracking_dag.py took 0.977 seconds
[2026-04-26T22:41:45.716+0000] {processor.py:161} INFO - Started process (PID=53037) to work on /home/airflow/dags/mlflow_tracking_dag.py
[2026-04-26T22:41:45.717+0000] {processor.py:830} INFO - Processing file /home/airflow/dags/mlflow_tracking_dag.py for tasks to queue
[2026-04-26T22:41:45.718+0000] {logging_mixin.py:188} INFO - [2026-04-26T22:41:45.718+0000] {dagbag.py:538} INFO - Filling up the DagBag from /home/airflow/dags/mlflow_tracking_dag.py
[2026-04-26T22:41:46.584+0000] {processor.py:840} INFO - DAG(s) 'model_training_pipeline' retrieved from /home/airflow/dags/mlflow_tracking_dag.py
[2026-04-26T22:41:46.676+0000] {logging_mixin.py:188} INFO - [2026-04-26T22:41:46.675+0000] {dag.py:3036} INFO - Sync 1 DAGs
[2026-04-26T22:41:46.693+0000] {logging_mixin.py:188} INFO - [2026-04-26T22:41:46.693+0000] {dag.py:3823} INFO - Setting next_dagrun for model_training_pipeline to 2026-04-26 00:00:00+00:00, run_after=2026-05-03 00:00:00+00:00
[2026-04-26T22:41:46.719+0000] {processor.py:183} INFO - Processing /home/airflow/dags/mlflow_tracking_dag.py took 1.006 seconds
[2026-04-26T22:42:17.107+0000] {processor.py:161} INFO - Started process (PID=53082) to work on /home/airflow/dags/mlflow_tracking_dag.py
[2026-04-26T22:42:17.108+0000] {processor.py:830} INFO - Processing file /home/airflow/dags/mlflow_tracking_dag.py for tasks to queue
[2026-04-26T22:42:17.110+0000] {logging_mixin.py:188} INFO - [2026-04-26T22:42:17.109+0000] {dagbag.py:538} INFO - Filling up the DagBag from /home/airflow/dags/mlflow_tracking_dag.py
[2026-04-26T22:42:18.127+0000] {processor.py:840} INFO - DAG(s) 'model_training_pipeline' retrieved from /home/airflow/dags/mlflow_tracking_dag.py
[2026-04-26T22:42:18.150+0000] {logging_mixin.py:188} INFO - [2026-04-26T22:42:18.149+0000] {dag.py:3036} INFO - Sync 1 DAGs
[2026-04-26T22:42:18.165+0000] {logging_mixin.py:188} INFO - [2026-04-26T22:42:18.165+0000] {dag.py:3823} INFO - Setting next_dagrun for model_training_pipeline to 2026-04-26 00:00:00+00:00, run_after=2026-05-03 00:00:00+00:00
[2026-04-26T22:42:18.189+0000] {processor.py:183} INFO - Processing /home/airflow/dags/mlflow_tracking_dag.py took 1.087 seconds
[2026-04-26T22:42:48.645+0000] {processor.py:161} INFO - Started process (PID=53127) to work on /home/airflow/dags/mlflow_tracking_dag.py
[2026-04-26T22:42:48.646+0000] {processor.py:830} INFO - Processing file /home/airflow/dags/mlflow_tracking_dag.py for tasks to queue
[2026-04-26T22:42:48.647+0000] {logging_mixin.py:188} INFO - [2026-04-26T22:42:48.647+0000] {dagbag.py:538} INFO - Filling up the DagBag from /home/airflow/dags/mlflow_tracking_dag.py
[2026-04-26T22:42:49.567+0000] {processor.py:840} INFO - DAG(s) 'model_training_pipeline' retrieved from /home/airflow/dags/mlflow_tracking_dag.py
[2026-04-26T22:42:49.580+0000] {logging_mixin.py:188} INFO - [2026-04-26T22:42:49.579+0000] {dag.py:3036} INFO - Sync 1 DAGs
[2026-04-26T22:42:49.596+0000] {logging_mixin.py:188} INFO - [2026-04-26T22:42:49.596+0000] {dag.py:3823} INFO - Setting next_dagrun for model_training_pipeline to 2026-04-26 00:00:00+00:00, run_after=2026-05-03 00:00:00+00:00
[2026-04-26T22:42:49.619+0000] {processor.py:183} INFO - Processing /home/airflow/dags/mlflow_tracking_dag.py took 0.976 seconds
[2026-04-26T22:43:20.144+0000] {processor.py:161} INFO - Started process (PID=53172) to work on /home/airflow/dags/mlflow_tracking_dag.py
[2026-04-26T22:43:20.145+0000] {processor.py:830} INFO - Processing file /home/airflow/dags/mlflow_tracking_dag.py for tasks to queue
[2026-04-26T22:43:20.146+0000] {logging_mixin.py:188} INFO - [2026-04-26T22:43:20.146+0000] {dagbag.py:538} INFO - Filling up the DagBag from /home/airflow/dags/mlflow_tracking_dag.py
[2026-04-26T22:43:21.013+0000] {processor.py:840} INFO - DAG(s) 'model_training_pipeline' retrieved from /home/airflow/dags/mlflow_tracking_dag.py
[2026-04-26T22:43:21.109+0000] {logging_mixin.py:188} INFO - [2026-04-26T22:43:21.108+0000] {dag.py:3036} INFO - Sync 1 DAGs
[2026-04-26T22:43:21.129+0000] {logging_mixin.py:188} INFO - [2026-04-26T22:43:21.128+0000] {dag.py:3823} INFO - Setting next_dagrun for model_training_pipeline to 2026-04-26 00:00:00+00:00, run_after=2026-05-03 00:00:00+00:00
[2026-04-26T22:43:21.158+0000] {processor.py:183} INFO - Processing /home/airflow/dags/mlflow_tracking_dag.py took 1.017 seconds
[2026-04-26T22:43:51.666+0000] {processor.py:161} INFO - Started process (PID=53217) to work on /home/airflow/dags/mlflow_tracking_dag.py
[2026-04-26T22:43:51.667+0000] {processor.py:830} INFO - Processing file /home/airflow/dags/mlflow_tracking_dag.py for tasks to queue
[2026-04-26T22:43:51.668+0000] {logging_mixin.py:188} INFO - [2026-04-26T22:43:51.668+0000] {dagbag.py:538} INFO - Filling up the DagBag from /home/airflow/dags/mlflow_tracking_dag.py
[2026-04-26T22:43:52.579+0000] {processor.py:840} INFO - DAG(s) 'model_training_pipeline' retrieved from /home/airflow/dags/mlflow_tracking_dag.py
[2026-04-26T22:43:52.601+0000] {logging_mixin.py:188} INFO - [2026-04-26T22:43:52.601+0000] {dag.py:3036} INFO - Sync 1 DAGs
[2026-04-26T22:43:52.616+0000] {logging_mixin.py:188} INFO - [2026-04-26T22:43:52.616+0000] {dag.py:3823} INFO - Setting next_dagrun for model_training_pipeline to 2026-04-26 00:00:00+00:00, run_after=2026-05-03 00:00:00+00:00
[2026-04-26T22:43:52.640+0000] {processor.py:183} INFO - Processing /home/airflow/dags/mlflow_tracking_dag.py took 0.978 seconds
[2026-04-26T22:44:23.001+0000] {processor.py:161} INFO - Started process (PID=53262) to work on /home/airflow/dags/mlflow_tracking_dag.py
[2026-04-26T22:44:23.002+0000] {processor.py:830} INFO - Processing file /home/airflow/dags/mlflow_tracking_dag.py for tasks to queue
[2026-04-26T22:44:23.004+0000] {logging_mixin.py:188} INFO - [2026-04-26T22:44:23.004+0000] {dagbag.py:538} INFO - Filling up the DagBag from /home/airflow/dags/mlflow_tracking_dag.py
[2026-04-26T22:44:23.946+0000] {processor.py:840} INFO - DAG(s) 'model_training_pipeline' retrieved from /home/airflow/dags/mlflow_tracking_dag.py
[2026-04-26T22:44:23.959+0000] {logging_mixin.py:188} INFO - [2026-04-26T22:44:23.958+0000] {dag.py:3036} INFO - Sync 1 DAGs
[2026-04-26T22:44:23.975+0000] {logging_mixin.py:188} INFO - [2026-04-26T22:44:23.975+0000] {dag.py:3823} INFO - Setting next_dagrun for model_training_pipeline to 2026-04-26 00:00:00+00:00, run_after=2026-05-03 00:00:00+00:00
[2026-04-26T22:44:23.999+0000] {processor.py:183} INFO - Processing /home/airflow/dags/mlflow_tracking_dag.py took 1.004 seconds
[2026-04-26T22:44:54.373+0000] {processor.py:161} INFO - Started process (PID=53307) to work on /home/airflow/dags/mlflow_tracking_dag.py
[2026-04-26T22:44:54.375+0000] {processor.py:830} INFO - Processing file /home/airflow/dags/mlflow_tracking_dag.py for tasks to queue
[2026-04-26T22:44:54.377+0000] {logging_mixin.py:188} INFO - [2026-04-26T22:44:54.376+0000] {dagbag.py:538} INFO - Filling up the DagBag from /home/airflow/dags/mlflow_tracking_dag.py
[2026-04-26T22:44:55.334+0000] {processor.py:840} INFO - DAG(s) 'model_training_pipeline' retrieved from /home/airflow/dags/mlflow_tracking_dag.py
[2026-04-26T22:44:55.431+0000] {logging_mixin.py:188} INFO - [2026-04-26T22:44:55.430+0000] {dag.py:3036} INFO - Sync 1 DAGs
[2026-04-26T22:44:55.448+0000] {logging_mixin.py:188} INFO - [2026-04-26T22:44:55.447+0000] {dag.py:3823} INFO - Setting next_dagrun for model_training_pipeline to 2026-04-26 00:00:00+00:00, run_after=2026-05-03 00:00:00+00:00
[2026-04-26T22:44:55.474+0000] {processor.py:183} INFO - Processing /home/airflow/dags/mlflow_tracking_dag.py took 1.105 seconds
[2026-04-26T22:45:25.811+0000] {processor.py:161} INFO - Started process (PID=53352) to work on /home/airflow/dags/mlflow_tracking_dag.py
[2026-04-26T22:45:25.813+0000] {processor.py:830} INFO - Processing file /home/airflow/dags/mlflow_tracking_dag.py for tasks to queue
[2026-04-26T22:45:25.815+0000] {logging_mixin.py:188} INFO - [2026-04-26T22:45:25.814+0000] {dagbag.py:538} INFO - Filling up the DagBag from /home/airflow/dags/mlflow_tracking_dag.py
[2026-04-26T22:45:26.716+0000] {processor.py:840} INFO - DAG(s) 'model_training_pipeline' retrieved from /home/airflow/dags/mlflow_tracking_dag.py
[2026-04-26T22:45:26.739+0000] {logging_mixin.py:188} INFO - [2026-04-26T22:45:26.738+0000] {dag.py:3036} INFO - Sync 1 DAGs
[2026-04-26T22:45:26.755+0000] {logging_mixin.py:188} INFO - [2026-04-26T22:45:26.755+0000] {dag.py:3823} INFO - Setting next_dagrun for model_training_pipeline to 2026-04-26 00:00:00+00:00, run_after=2026-05-03 00:00:00+00:00
[2026-04-26T22:45:26.777+0000] {processor.py:183} INFO - Processing /home/airflow/dags/mlflow_tracking_dag.py took 0.971 seconds
[2026-04-26T22:45:57.214+0000] {processor.py:161} INFO - Started process (PID=53397) to work on /home/airflow/dags/mlflow_tracking_dag.py
[2026-04-26T22:45:57.215+0000] {processor.py:830} INFO - Processing file /home/airflow/dags/mlflow_tracking_dag.py for tasks to queue
[2026-04-26T22:45:57.217+0000] {logging_mixin.py:188} INFO - [2026-04-26T22:45:57.217+0000] {dagbag.py:538} INFO - Filling up the DagBag from /home/airflow/dags/mlflow_tracking_dag.py
[2026-04-26T22:45:58.371+0000] {processor.py:840} INFO - DAG(s) 'model_training_pipeline' retrieved from /home/airflow/dags/mlflow_tracking_dag.py
[2026-04-26T22:45:58.384+0000] {logging_mixin.py:188} INFO - [2026-04-26T22:45:58.383+0000] {dag.py:3036} INFO - Sync 1 DAGs
[2026-04-26T22:45:58.406+0000] {logging_mixin.py:188} INFO - [2026-04-26T22:45:58.405+0000] {dag.py:3823} INFO - Setting next_dagrun for model_training_pipeline to 2026-04-26 00:00:00+00:00, run_after=2026-05-03 00:00:00+00:00
[2026-04-26T22:45:58.432+0000] {processor.py:183} INFO - Processing /home/airflow/dags/mlflow_tracking_dag.py took 1.223 seconds
[2026-04-26T22:46:28.798+0000] {processor.py:161} INFO - Started process (PID=53442) to work on /home/airflow/dags/mlflow_tracking_dag.py
[2026-04-26T22:46:28.799+0000] {processor.py:830} INFO - Processing file /home/airflow/dags/mlflow_tracking_dag.py for tasks to queue
[2026-04-26T22:46:28.800+0000] {logging_mixin.py:188} INFO - [2026-04-26T22:46:28.800+0000] {dagbag.py:538} INFO - Filling up the DagBag from /home/airflow/dags/mlflow_tracking_dag.py
[2026-04-26T22:46:29.645+0000] {processor.py:840} INFO - DAG(s) 'model_training_pipeline' retrieved from /home/airflow/dags/mlflow_tracking_dag.py
[2026-04-26T22:46:29.727+0000] {logging_mixin.py:188} INFO - [2026-04-26T22:46:29.726+0000] {dag.py:3036} INFO - Sync 1 DAGs
[2026-04-26T22:46:29.741+0000] {logging_mixin.py:188} INFO - [2026-04-26T22:46:29.741+0000] {dag.py:3823} INFO - Setting next_dagrun for model_training_pipeline to 2026-04-26 00:00:00+00:00, run_after=2026-05-03 00:00:00+00:00
[2026-04-26T22:46:29.769+0000] {processor.py:183} INFO - Processing /home/airflow/dags/mlflow_tracking_dag.py took 0.975 seconds
[2026-04-26T22:47:00.322+0000] {processor.py:161} INFO - Started process (PID=53487) to work on /home/airflow/dags/mlflow_tracking_dag.py
[2026-04-26T22:47:00.323+0000] {processor.py:830} INFO - Processing file /home/airflow/dags/mlflow_tracking_dag.py for tasks to queue
[2026-04-26T22:47:00.324+0000] {logging_mixin.py:188} INFO - [2026-04-26T22:47:00.323+0000] {dagbag.py:538} INFO - Filling up the DagBag from /home/airflow/dags/mlflow_tracking_dag.py
[2026-04-26T22:47:01.174+0000] {processor.py:840} INFO - DAG(s) 'model_training_pipeline' retrieved from /home/airflow/dags/mlflow_tracking_dag.py
[2026-04-26T22:47:01.197+0000] {logging_mixin.py:188} INFO - [2026-04-26T22:47:01.196+0000] {dag.py:3036} INFO - Sync 1 DAGs
[2026-04-26T22:47:01.215+0000] {logging_mixin.py:188} INFO - [2026-04-26T22:47:01.214+0000] {dag.py:3823} INFO - Setting next_dagrun for model_training_pipeline to 2026-04-26 00:00:00+00:00, run_after=2026-05-03 00:00:00+00:00
[2026-04-26T22:47:01.237+0000] {processor.py:183} INFO - Processing /home/airflow/dags/mlflow_tracking_dag.py took 0.919 seconds
[2026-04-26T22:47:31.581+0000] {processor.py:161} INFO - Started process (PID=53532) to work on /home/airflow/dags/mlflow_tracking_dag.py
[2026-04-26T22:47:31.582+0000] {processor.py:830} INFO - Processing file /home/airflow/dags/mlflow_tracking_dag.py for tasks to queue
[2026-04-26T22:47:31.583+0000] {logging_mixin.py:188} INFO - [2026-04-26T22:47:31.583+0000] {dagbag.py:538} INFO - Filling up the DagBag from /home/airflow/dags/mlflow_tracking_dag.py
[2026-04-26T22:47:32.515+0000] {processor.py:840} INFO - DAG(s) 'model_training_pipeline' retrieved from /home/airflow/dags/mlflow_tracking_dag.py
[2026-04-26T22:47:32.526+0000] {logging_mixin.py:188} INFO - [2026-04-26T22:47:32.526+0000] {dag.py:3036} INFO - Sync 1 DAGs
[2026-04-26T22:47:32.542+0000] {logging_mixin.py:188} INFO - [2026-04-26T22:47:32.542+0000] {dag.py:3823} INFO - Setting next_dagrun for model_training_pipeline to 2026-04-26 00:00:00+00:00, run_after=2026-05-03 00:00:00+00:00
[2026-04-26T22:47:32.563+0000] {processor.py:183} INFO - Processing /home/airflow/dags/mlflow_tracking_dag.py took 0.989 seconds
[2026-04-26T22:48:02.849+0000] {processor.py:161} INFO - Started process (PID=53577) to work on /home/airflow/dags/mlflow_tracking_dag.py
[2026-04-26T22:48:02.850+0000] {processor.py:830} INFO - Processing file /home/airflow/dags/mlflow_tracking_dag.py for tasks to queue
[2026-04-26T22:48:02.851+0000] {logging_mixin.py:188} INFO - [2026-04-26T22:48:02.850+0000] {dagbag.py:538} INFO - Filling up the DagBag from /home/airflow/dags/mlflow_tracking_dag.py
[2026-04-26T22:48:03.866+0000] {processor.py:840} INFO - DAG(s) 'model_training_pipeline' retrieved from /home/airflow/dags/mlflow_tracking_dag.py
[2026-04-26T22:48:03.950+0000] {logging_mixin.py:188} INFO - [2026-04-26T22:48:03.949+0000] {dag.py:3036} INFO - Sync 1 DAGs
[2026-04-26T22:48:03.964+0000] {logging_mixin.py:188} INFO - [2026-04-26T22:48:03.964+0000] {dag.py:3823} INFO - Setting next_dagrun for model_training_pipeline to 2026-04-26 00:00:00+00:00, run_after=2026-05-03 00:00:00+00:00
[2026-04-26T22:48:03.990+0000] {processor.py:183} INFO - Processing /home/airflow/dags/mlflow_tracking_dag.py took 1.144 seconds
[2026-04-26T22:48:34.221+0000] {processor.py:161} INFO - Started process (PID=53622) to work on /home/airflow/dags/mlflow_tracking_dag.py
[2026-04-26T22:48:34.222+0000] {processor.py:830} INFO - Processing file /home/airflow/dags/mlflow_tracking_dag.py for tasks to queue
[2026-04-26T22:48:34.223+0000] {logging_mixin.py:188} INFO - [2026-04-26T22:48:34.223+0000] {dagbag.py:538} INFO - Filling up the DagBag from /home/airflow/dags/mlflow_tracking_dag.py
[2026-04-26T22:48:35.060+0000] {processor.py:840} INFO - DAG(s) 'model_training_pipeline' retrieved from /home/airflow/dags/mlflow_tracking_dag.py
[2026-04-26T22:48:35.082+0000] {logging_mixin.py:188} INFO - [2026-04-26T22:48:35.082+0000] {dag.py:3036} INFO - Sync 1 DAGs
[2026-04-26T22:48:35.098+0000] {logging_mixin.py:188} INFO - [2026-04-26T22:48:35.097+0000] {dag.py:3823} INFO - Setting next_dagrun for model_training_pipeline to 2026-04-26 00:00:00+00:00, run_after=2026-05-03 00:00:00+00:00
[2026-04-26T22:48:35.122+0000] {processor.py:183} INFO - Processing /home/airflow/dags/mlflow_tracking_dag.py took 0.904 seconds
[2026-04-26T22:49:05.283+0000] {processor.py:161} INFO - Started process (PID=53667) to work on /home/airflow/dags/mlflow_tracking_dag.py
[2026-04-26T22:49:05.285+0000] {processor.py:830} INFO - Processing file /home/airflow/dags/mlflow_tracking_dag.py for tasks to queue
[2026-04-26T22:49:05.286+0000] {logging_mixin.py:188} INFO - [2026-04-26T22:49:05.285+0000] {dagbag.py:538} INFO - Filling up the DagBag from /home/airflow/dags/mlflow_tracking_dag.py
[2026-04-26T22:49:06.084+0000] {processor.py:840} INFO - DAG(s) 'model_training_pipeline' retrieved from /home/airflow/dags/mlflow_tracking_dag.py
[2026-04-26T22:49:06.096+0000] {logging_mixin.py:188} INFO - [2026-04-26T22:49:06.095+0000] {dag.py:3036} INFO - Sync 1 DAGs
[2026-04-26T22:49:06.110+0000] {logging_mixin.py:188} INFO - [2026-04-26T22:49:06.110+0000] {dag.py:3823} INFO - Setting next_dagrun for model_training_pipeline to 2026-04-26 00:00:00+00:00, run_after=2026-05-03 00:00:00+00:00
[2026-04-26T22:49:06.133+0000] {processor.py:183} INFO - Processing /home/airflow/dags/mlflow_tracking_dag.py took 0.853 seconds
[2026-04-26T22:49:36.347+0000] {processor.py:161} INFO - Started process (PID=53712) to work on /home/airflow/dags/mlflow_tracking_dag.py
[2026-04-26T22:49:36.348+0000] {processor.py:830} INFO - Processing file /home/airflow/dags/mlflow_tracking_dag.py for tasks to queue
[2026-04-26T22:49:36.349+0000] {logging_mixin.py:188} INFO - [2026-04-26T22:49:36.349+0000] {dagbag.py:538} INFO - Filling up the DagBag from /home/airflow/dags/mlflow_tracking_dag.py
[2026-04-26T22:49:37.288+0000] {processor.py:840} INFO - DAG(s) 'model_training_pipeline' retrieved from /home/airflow/dags/mlflow_tracking_dag.py
[2026-04-26T22:49:37.389+0000] {logging_mixin.py:188} INFO - [2026-04-26T22:49:37.389+0000] {dag.py:3036} INFO - Sync 1 DAGs
[2026-04-26T22:49:37.406+0000] {logging_mixin.py:188} INFO - [2026-04-26T22:49:37.406+0000] {dag.py:3823} INFO - Setting next_dagrun for model_training_pipeline to 2026-04-26 00:00:00+00:00, run_after=2026-05-03 00:00:00+00:00
[2026-04-26T22:49:37.426+0000] {processor.py:183} INFO - Processing /home/airflow/dags/mlflow_tracking_dag.py took 1.083 seconds
[2026-04-26T22:50:08.344+0000] {processor.py:161} INFO - Started process (PID=53757) to work on /home/airflow/dags/mlflow_tracking_dag.py
[2026-04-26T22:50:08.345+0000] {processor.py:830} INFO - Processing file /home/airflow/dags/mlflow_tracking_dag.py for tasks to queue
[2026-04-26T22:50:08.346+0000] {logging_mixin.py:188} INFO - [2026-04-26T22:50:08.346+0000] {dagbag.py:538} INFO - Filling up the DagBag from /home/airflow/dags/mlflow_tracking_dag.py
[2026-04-26T22:50:09.161+0000] {processor.py:840} INFO - DAG(s) 'model_training_pipeline' retrieved from /home/airflow/dags/mlflow_tracking_dag.py
[2026-04-26T22:50:09.186+0000] {logging_mixin.py:188} INFO - [2026-04-26T22:50:09.185+0000] {dag.py:3036} INFO - Sync 1 DAGs
[2026-04-26T22:50:09.201+0000] {logging_mixin.py:188} INFO - [2026-04-26T22:50:09.201+0000] {dag.py:3823} INFO - Setting next_dagrun for model_training_pipeline to 2026-04-26 00:00:00+00:00, run_after=2026-05-03 00:00:00+00:00
[2026-04-26T22:50:09.224+0000] {processor.py:183} INFO - Processing /home/airflow/dags/mlflow_tracking_dag.py took 0.884 seconds
[2026-04-26T22:50:39.634+0000] {processor.py:161} INFO - Started process (PID=53802) to work on /home/airflow/dags/mlflow_tracking_dag.py
[2026-04-26T22:50:39.636+0000] {processor.py:830} INFO - Processing file /home/airflow/dags/mlflow_tracking_dag.py for tasks to queue
[2026-04-26T22:50:39.637+0000] {logging_mixin.py:188} INFO - [2026-04-26T22:50:39.637+0000] {dagbag.py:538} INFO - Filling up the DagBag from /home/airflow/dags/mlflow_tracking_dag.py
[2026-04-26T22:50:40.490+0000] {processor.py:840} INFO - DAG(s) 'model_training_pipeline' retrieved from /home/airflow/dags/mlflow_tracking_dag.py
[2026-04-26T22:50:40.500+0000] {logging_mixin.py:188} INFO - [2026-04-26T22:50:40.500+0000] {dag.py:3036} INFO - Sync 1 DAGs
[2026-04-26T22:50:40.514+0000] {logging_mixin.py:188} INFO - [2026-04-26T22:50:40.514+0000] {dag.py:3823} INFO - Setting next_dagrun for model_training_pipeline to 2026-04-26 00:00:00+00:00, run_after=2026-05-03 00:00:00+00:00
[2026-04-26T22:50:40.537+0000] {processor.py:183} INFO - Processing /home/airflow/dags/mlflow_tracking_dag.py took 0.907 seconds
[2026-04-26T22:51:10.665+0000] {processor.py:161} INFO - Started process (PID=53847) to work on /home/airflow/dags/mlflow_tracking_dag.py
[2026-04-26T22:51:10.666+0000] {processor.py:830} INFO - Processing file /home/airflow/dags/mlflow_tracking_dag.py for tasks to queue
[2026-04-26T22:51:10.667+0000] {logging_mixin.py:188} INFO - [2026-04-26T22:51:10.667+0000] {dagbag.py:538} INFO - Filling up the DagBag from /home/airflow/dags/mlflow_tracking_dag.py
[2026-04-26T22:51:11.925+0000] {processor.py:840} INFO - DAG(s) 'model_training_pipeline' retrieved from /home/airflow/dags/mlflow_tracking_dag.py
[2026-04-26T22:51:12.014+0000] {logging_mixin.py:188} INFO - [2026-04-26T22:51:12.014+0000] {dag.py:3036} INFO - Sync 1 DAGs
[2026-04-26T22:51:12.030+0000] {logging_mixin.py:188} INFO - [2026-04-26T22:51:12.030+0000] {dag.py:3823} INFO - Setting next_dagrun for model_training_pipeline to 2026-04-26 00:00:00+00:00, run_after=2026-05-03 00:00:00+00:00
[2026-04-26T22:51:12.193+0000] {processor.py:183} INFO - Processing /home/airflow/dags/mlflow_tracking_dag.py took 1.532 seconds
[2026-04-26T22:51:43.074+0000] {processor.py:161} INFO - Started process (PID=53892) to work on /home/airflow/dags/mlflow_tracking_dag.py
[2026-04-26T22:51:43.076+0000] {processor.py:830} INFO - Processing file /home/airflow/dags/mlflow_tracking_dag.py for tasks to queue
[2026-04-26T22:51:43.077+0000] {logging_mixin.py:188} INFO - [2026-04-26T22:51:43.077+0000] {dagbag.py:538} INFO - Filling up the DagBag from /home/airflow/dags/mlflow_tracking_dag.py
[2026-04-26T22:51:44.023+0000] {processor.py:840} INFO - DAG(s) 'model_training_pipeline' retrieved from /home/airflow/dags/mlflow_tracking_dag.py
[2026-04-26T22:51:44.045+0000] {logging_mixin.py:188} INFO - [2026-04-26T22:51:44.044+0000] {dag.py:3036} INFO - Sync 1 DAGs
[2026-04-26T22:51:44.168+0000] {logging_mixin.py:188} INFO - [2026-04-26T22:51:44.167+0000] {dag.py:3823} INFO - Setting next_dagrun for model_training_pipeline to 2026-04-26 00:00:00+00:00, run_after=2026-05-03 00:00:00+00:00
[2026-04-26T22:51:44.193+0000] {processor.py:183} INFO - Processing /home/airflow/dags/mlflow_tracking_dag.py took 1.123 seconds
[2026-04-26T22:52:14.713+0000] {processor.py:161} INFO - Started process (PID=53937) to work on /home/airflow/dags/mlflow_tracking_dag.py
[2026-04-26T22:52:14.715+0000] {processor.py:830} INFO - Processing file /home/airflow/dags/mlflow_tracking_dag.py for tasks to queue
[2026-04-26T22:52:14.718+0000] {logging_mixin.py:188} INFO - [2026-04-26T22:52:14.717+0000] {dagbag.py:538} INFO - Filling up the DagBag from /home/airflow/dags/mlflow_tracking_dag.py
[2026-04-26T22:52:15.560+0000] {processor.py:840} INFO - DAG(s) 'model_training_pipeline' retrieved from /home/airflow/dags/mlflow_tracking_dag.py
[2026-04-26T22:52:15.572+0000] {logging_mixin.py:188} INFO - [2026-04-26T22:52:15.571+0000] {dag.py:3036} INFO - Sync 1 DAGs
[2026-04-26T22:52:15.695+0000] {logging_mixin.py:188} INFO - [2026-04-26T22:52:15.695+0000] {dag.py:3823} INFO - Setting next_dagrun for model_training_pipeline to 2026-04-26 00:00:00+00:00, run_after=2026-05-03 00:00:00+00:00
[2026-04-26T22:52:15.722+0000] {processor.py:183} INFO - Processing /home/airflow/dags/mlflow_tracking_dag.py took 1.014 seconds
[2026-04-26T22:52:46.140+0000] {processor.py:161} INFO - Started process (PID=53982) to work on /home/airflow/dags/mlflow_tracking_dag.py
[2026-04-26T22:52:46.143+0000] {processor.py:830} INFO - Processing file /home/airflow/dags/mlflow_tracking_dag.py for tasks to queue
[2026-04-26T22:52:46.145+0000] {logging_mixin.py:188} INFO - [2026-04-26T22:52:46.144+0000] {dagbag.py:538} INFO - Filling up the DagBag from /home/airflow/dags/mlflow_tracking_dag.py
[2026-04-26T22:52:47.169+0000] {processor.py:840} INFO - DAG(s) 'model_training_pipeline' retrieved from /home/airflow/dags/mlflow_tracking_dag.py
[2026-04-26T22:52:47.271+0000] {logging_mixin.py:188} INFO - [2026-04-26T22:52:47.271+0000] {dag.py:3036} INFO - Sync 1 DAGs
[2026-04-26T22:52:47.294+0000] {logging_mixin.py:188} INFO - [2026-04-26T22:52:47.293+0000] {dag.py:3823} INFO - Setting next_dagrun for model_training_pipeline to 2026-04-26 00:00:00+00:00, run_after=2026-05-03 00:00:00+00:00
[2026-04-26T22:52:47.325+0000] {processor.py:183} INFO - Processing /home/airflow/dags/mlflow_tracking_dag.py took 1.191 seconds
[2026-04-26T22:53:17.730+0000] {processor.py:161} INFO - Started process (PID=54027) to work on /home/airflow/dags/mlflow_tracking_dag.py
[2026-04-26T22:53:17.731+0000] {processor.py:830} INFO - Processing file /home/airflow/dags/mlflow_tracking_dag.py for tasks to queue
[2026-04-26T22:53:17.733+0000] {logging_mixin.py:188} INFO - [2026-04-26T22:53:17.732+0000] {dagbag.py:538} INFO - Filling up the DagBag from /home/airflow/dags/mlflow_tracking_dag.py
[2026-04-26T22:53:18.697+0000] {processor.py:840} INFO - DAG(s) 'model_training_pipeline' retrieved from /home/airflow/dags/mlflow_tracking_dag.py
[2026-04-26T22:53:18.720+0000] {logging_mixin.py:188} INFO - [2026-04-26T22:53:18.720+0000] {dag.py:3036} INFO - Sync 1 DAGs
[2026-04-26T22:53:18.736+0000] {logging_mixin.py:188} INFO - [2026-04-26T22:53:18.736+0000] {dag.py:3823} INFO - Setting next_dagrun for model_training_pipeline to 2026-04-26 00:00:00+00:00, run_after=2026-05-03 00:00:00+00:00
[2026-04-26T22:53:18.759+0000] {processor.py:183} INFO - Processing /home/airflow/dags/mlflow_tracking_dag.py took 1.033 seconds
[2026-04-26T22:53:49.151+0000] {processor.py:161} INFO - Started process (PID=54072) to work on /home/airflow/dags/mlflow_tracking_dag.py
[2026-04-26T22:53:49.152+0000] {processor.py:830} INFO - Processing file /home/airflow/dags/mlflow_tracking_dag.py for tasks to queue
[2026-04-26T22:53:49.153+0000] {logging_mixin.py:188} INFO - [2026-04-26T22:53:49.153+0000] {dagbag.py:538} INFO - Filling up the DagBag from /home/airflow/dags/mlflow_tracking_dag.py
[2026-04-26T22:53:50.377+0000] {processor.py:840} INFO - DAG(s) 'model_training_pipeline' retrieved from /home/airflow/dags/mlflow_tracking_dag.py
[2026-04-26T22:53:50.389+0000] {logging_mixin.py:188} INFO - [2026-04-26T22:53:50.388+0000] {dag.py:3036} INFO - Sync 1 DAGs
[2026-04-26T22:53:50.407+0000] {logging_mixin.py:188} INFO - [2026-04-26T22:53:50.407+0000] {dag.py:3823} INFO - Setting next_dagrun for model_training_pipeline to 2026-04-26 00:00:00+00:00, run_after=2026-05-03 00:00:00+00:00
[2026-04-26T22:53:50.433+0000] {processor.py:183} INFO - Processing /home/airflow/dags/mlflow_tracking_dag.py took 1.285 seconds
[2026-04-26T22:54:20.589+0000] {processor.py:161} INFO - Started process (PID=54117) to work on /home/airflow/dags/mlflow_tracking_dag.py
[2026-04-26T22:54:20.591+0000] {processor.py:830} INFO - Processing file /home/airflow/dags/mlflow_tracking_dag.py for tasks to queue
[2026-04-26T22:54:20.593+0000] {logging_mixin.py:188} INFO - [2026-04-26T22:54:20.592+0000] {dagbag.py:538} INFO - Filling up the DagBag from /home/airflow/dags/mlflow_tracking_dag.py
[2026-04-26T22:54:21.793+0000] {processor.py:840} INFO - DAG(s) 'model_training_pipeline' retrieved from /home/airflow/dags/mlflow_tracking_dag.py
[2026-04-26T22:54:21.892+0000] {logging_mixin.py:188} INFO - [2026-04-26T22:54:21.892+0000] {dag.py:3036} INFO - Sync 1 DAGs
[2026-04-26T22:54:21.907+0000] {logging_mixin.py:188} INFO - [2026-04-26T22:54:21.907+0000] {dag.py:3823} INFO - Setting next_dagrun for model_training_pipeline to 2026-04-26 00:00:00+00:00, run_after=2026-05-03 00:00:00+00:00
[2026-04-26T22:54:21.933+0000] {processor.py:183} INFO - Processing /home/airflow/dags/mlflow_tracking_dag.py took 1.348 seconds
[2026-04-26T22:54:52.243+0000] {processor.py:161} INFO - Started process (PID=54162) to work on /home/airflow/dags/mlflow_tracking_dag.py
[2026-04-26T22:54:52.244+0000] {processor.py:830} INFO - Processing file /home/airflow/dags/mlflow_tracking_dag.py for tasks to queue
[2026-04-26T22:54:52.246+0000] {logging_mixin.py:188} INFO - [2026-04-26T22:54:52.245+0000] {dagbag.py:538} INFO - Filling up the DagBag from /home/airflow/dags/mlflow_tracking_dag.py
[2026-04-26T22:54:53.240+0000] {processor.py:840} INFO - DAG(s) 'model_training_pipeline' retrieved from /home/airflow/dags/mlflow_tracking_dag.py
[2026-04-26T22:54:53.270+0000] {logging_mixin.py:188} INFO - [2026-04-26T22:54:53.270+0000] {dag.py:3036} INFO - Sync 1 DAGs
[2026-04-26T22:54:53.293+0000] {logging_mixin.py:188} INFO - [2026-04-26T22:54:53.293+0000] {dag.py:3823} INFO - Setting next_dagrun for model_training_pipeline to 2026-04-26 00:00:00+00:00, run_after=2026-05-03 00:00:00+00:00
[2026-04-26T22:54:53.320+0000] {processor.py:183} INFO - Processing /home/airflow/dags/mlflow_tracking_dag.py took 1.081 seconds
[2026-04-26T22:55:23.889+0000] {processor.py:161} INFO - Started process (PID=54207) to work on /home/airflow/dags/mlflow_tracking_dag.py
[2026-04-26T22:55:23.891+0000] {processor.py:830} INFO - Processing file /home/airflow/dags/mlflow_tracking_dag.py for tasks to queue
[2026-04-26T22:55:23.892+0000] {logging_mixin.py:188} INFO - [2026-04-26T22:55:23.892+0000] {dagbag.py:538} INFO - Filling up the DagBag from /home/airflow/dags/mlflow_tracking_dag.py
[2026-04-26T22:55:24.902+0000] {processor.py:840} INFO - DAG(s) 'model_training_pipeline' retrieved from /home/airflow/dags/mlflow_tracking_dag.py
[2026-04-26T22:55:24.912+0000] {logging_mixin.py:188} INFO - [2026-04-26T22:55:24.911+0000] {dag.py:3036} INFO - Sync 1 DAGs
[2026-04-26T22:55:24.927+0000] {logging_mixin.py:188} INFO - [2026-04-26T22:55:24.927+0000] {dag.py:3823} INFO - Setting next_dagrun for model_training_pipeline to 2026-04-26 00:00:00+00:00, run_after=2026-05-03 00:00:00+00:00
[2026-04-26T22:55:24.950+0000] {processor.py:183} INFO - Processing /home/airflow/dags/mlflow_tracking_dag.py took 1.064 seconds
[2026-04-26T22:55:55.265+0000] {processor.py:161} INFO - Started process (PID=54258) to work on /home/airflow/dags/mlflow_tracking_dag.py
[2026-04-26T22:55:55.266+0000] {processor.py:830} INFO - Processing file /home/airflow/dags/mlflow_tracking_dag.py for tasks to queue
[2026-04-26T22:55:55.267+0000] {logging_mixin.py:188} INFO - [2026-04-26T22:55:55.267+0000] {dagbag.py:538} INFO - Filling up the DagBag from /home/airflow/dags/mlflow_tracking_dag.py
[2026-04-26T22:55:56.234+0000] {processor.py:840} INFO - DAG(s) 'model_training_pipeline' retrieved from /home/airflow/dags/mlflow_tracking_dag.py
[2026-04-26T22:55:56.318+0000] {logging_mixin.py:188} INFO - [2026-04-26T22:55:56.318+0000] {dag.py:3036} INFO - Sync 1 DAGs
[2026-04-26T22:55:56.333+0000] {logging_mixin.py:188} INFO - [2026-04-26T22:55:56.332+0000] {dag.py:3823} INFO - Setting next_dagrun for model_training_pipeline to 2026-04-26 00:00:00+00:00, run_after=2026-05-03 00:00:00+00:00
[2026-04-26T22:55:56.356+0000] {processor.py:183} INFO - Processing /home/airflow/dags/mlflow_tracking_dag.py took 1.094 seconds
[2026-04-26T22:56:26.746+0000] {processor.py:161} INFO - Started process (PID=54303) to work on /home/airflow/dags/mlflow_tracking_dag.py
[2026-04-26T22:56:26.747+0000] {processor.py:830} INFO - Processing file /home/airflow/dags/mlflow_tracking_dag.py for tasks to queue
[2026-04-26T22:56:26.748+0000] {logging_mixin.py:188} INFO - [2026-04-26T22:56:26.748+0000] {dagbag.py:538} INFO - Filling up the DagBag from /home/airflow/dags/mlflow_tracking_dag.py
[2026-04-26T22:56:27.717+0000] {processor.py:840} INFO - DAG(s) 'model_training_pipeline' retrieved from /home/airflow/dags/mlflow_tracking_dag.py
[2026-04-26T22:56:27.740+0000] {logging_mixin.py:188} INFO - [2026-04-26T22:56:27.740+0000] {dag.py:3036} INFO - Sync 1 DAGs
[2026-04-26T22:56:27.756+0000] {logging_mixin.py:188} INFO - [2026-04-26T22:56:27.756+0000] {dag.py:3823} INFO - Setting next_dagrun for model_training_pipeline to 2026-04-26 00:00:00+00:00, run_after=2026-05-03 00:00:00+00:00
[2026-04-26T22:56:27.780+0000] {processor.py:183} INFO - Processing /home/airflow/dags/mlflow_tracking_dag.py took 1.037 seconds
[2026-04-26T22:56:58.175+0000] {processor.py:161} INFO - Started process (PID=54348) to work on /home/airflow/dags/mlflow_tracking_dag.py
[2026-04-26T22:56:58.176+0000] {processor.py:830} INFO - Processing file /home/airflow/dags/mlflow_tracking_dag.py for tasks to queue
[2026-04-26T22:56:58.177+0000] {logging_mixin.py:188} INFO - [2026-04-26T22:56:58.177+0000] {dagbag.py:538} INFO - Filling up the DagBag from /home/airflow/dags/mlflow_tracking_dag.py
[2026-04-26T22:56:58.985+0000] {processor.py:840} INFO - DAG(s) 'model_training_pipeline' retrieved from /home/airflow/dags/mlflow_tracking_dag.py
[2026-04-26T22:56:58.999+0000] {logging_mixin.py:188} INFO - [2026-04-26T22:56:58.998+0000] {dag.py:3036} INFO - Sync 1 DAGs
[2026-04-26T22:56:59.018+0000] {logging_mixin.py:188} INFO - [2026-04-26T22:56:59.017+0000] {dag.py:3823} INFO - Setting next_dagrun for model_training_pipeline to 2026-04-26 00:00:00+00:00, run_after=2026-05-03 00:00:00+00:00
[2026-04-26T22:56:59.043+0000] {processor.py:183} INFO - Processing /home/airflow/dags/mlflow_tracking_dag.py took 0.871 seconds
[2026-04-26T22:57:29.184+0000] {processor.py:161} INFO - Started process (PID=54393) to work on /home/airflow/dags/mlflow_tracking_dag.py
[2026-04-26T22:57:29.185+0000] {processor.py:830} INFO - Processing file /home/airflow/dags/mlflow_tracking_dag.py for tasks to queue
[2026-04-26T22:57:29.187+0000] {logging_mixin.py:188} INFO - [2026-04-26T22:57:29.186+0000] {dagbag.py:538} INFO - Filling up the DagBag from /home/airflow/dags/mlflow_tracking_dag.py
[2026-04-26T22:57:30.135+0000] {processor.py:840} INFO - DAG(s) 'model_training_pipeline' retrieved from /home/airflow/dags/mlflow_tracking_dag.py
[2026-04-26T22:57:30.220+0000] {logging_mixin.py:188} INFO - [2026-04-26T22:57:30.219+0000] {dag.py:3036} INFO - Sync 1 DAGs
[2026-04-26T22:57:30.235+0000] {logging_mixin.py:188} INFO - [2026-04-26T22:57:30.235+0000] {dag.py:3823} INFO - Setting next_dagrun for model_training_pipeline to 2026-04-26 00:00:00+00:00, run_after=2026-05-03 00:00:00+00:00
[2026-04-26T22:57:30.258+0000] {processor.py:183} INFO - Processing /home/airflow/dags/mlflow_tracking_dag.py took 1.079 seconds
[2026-04-26T22:58:00.594+0000] {processor.py:161} INFO - Started process (PID=54438) to work on /home/airflow/dags/mlflow_tracking_dag.py
[2026-04-26T22:58:00.596+0000] {processor.py:830} INFO - Processing file /home/airflow/dags/mlflow_tracking_dag.py for tasks to queue
[2026-04-26T22:58:00.597+0000] {logging_mixin.py:188} INFO - [2026-04-26T22:58:00.597+0000] {dagbag.py:538} INFO - Filling up the DagBag from /home/airflow/dags/mlflow_tracking_dag.py
[2026-04-26T22:58:01.420+0000] {processor.py:840} INFO - DAG(s) 'model_training_pipeline' retrieved from /home/airflow/dags/mlflow_tracking_dag.py
[2026-04-26T22:58:01.442+0000] {logging_mixin.py:188} INFO - [2026-04-26T22:58:01.441+0000] {dag.py:3036} INFO - Sync 1 DAGs
[2026-04-26T22:58:01.460+0000] {logging_mixin.py:188} INFO - [2026-04-26T22:58:01.460+0000] {dag.py:3823} INFO - Setting next_dagrun for model_training_pipeline to 2026-04-26 00:00:00+00:00, run_after=2026-05-03 00:00:00+00:00
[2026-04-26T22:58:01.482+0000] {processor.py:183} INFO - Processing /home/airflow/dags/mlflow_tracking_dag.py took 0.892 seconds
[2026-04-26T22:58:31.897+0000] {processor.py:161} INFO - Started process (PID=54483) to work on /home/airflow/dags/mlflow_tracking_dag.py
[2026-04-26T22:58:31.899+0000] {processor.py:830} INFO - Processing file /home/airflow/dags/mlflow_tracking_dag.py for tasks to queue
[2026-04-26T22:58:31.901+0000] {logging_mixin.py:188} INFO - [2026-04-26T22:58:31.900+0000] {dagbag.py:538} INFO - Filling up the DagBag from /home/airflow/dags/mlflow_tracking_dag.py
[2026-04-26T22:58:32.787+0000] {processor.py:840} INFO - DAG(s) 'model_training_pipeline' retrieved from /home/airflow/dags/mlflow_tracking_dag.py
[2026-04-26T22:58:32.798+0000] {logging_mixin.py:188} INFO - [2026-04-26T22:58:32.798+0000] {dag.py:3036} INFO - Sync 1 DAGs
[2026-04-26T22:58:32.813+0000] {logging_mixin.py:188} INFO - [2026-04-26T22:58:32.813+0000] {dag.py:3823} INFO - Setting next_dagrun for model_training_pipeline to 2026-04-26 00:00:00+00:00, run_after=2026-05-03 00:00:00+00:00
[2026-04-26T22:58:32.833+0000] {processor.py:183} INFO - Processing /home/airflow/dags/mlflow_tracking_dag.py took 0.941 seconds
[2026-04-26T22:59:03.059+0000] {processor.py:161} INFO - Started process (PID=54528) to work on /home/airflow/dags/mlflow_tracking_dag.py
[2026-04-26T22:59:03.061+0000] {processor.py:830} INFO - Processing file /home/airflow/dags/mlflow_tracking_dag.py for tasks to queue
[2026-04-26T22:59:03.062+0000] {logging_mixin.py:188} INFO - [2026-04-26T22:59:03.062+0000] {dagbag.py:538} INFO - Filling up the DagBag from /home/airflow/dags/mlflow_tracking_dag.py
[2026-04-26T22:59:04.316+0000] {processor.py:840} INFO - DAG(s) 'model_training_pipeline' retrieved from /home/airflow/dags/mlflow_tracking_dag.py
[2026-04-26T22:59:04.401+0000] {logging_mixin.py:188} INFO - [2026-04-26T22:59:04.401+0000] {dag.py:3036} INFO - Sync 1 DAGs
[2026-04-26T22:59:04.415+0000] {logging_mixin.py:188} INFO - [2026-04-26T22:59:04.415+0000] {dag.py:3823} INFO - Setting next_dagrun for model_training_pipeline to 2026-04-26 00:00:00+00:00, run_after=2026-05-03 00:00:00+00:00
[2026-04-26T22:59:04.439+0000] {processor.py:183} INFO - Processing /home/airflow/dags/mlflow_tracking_dag.py took 1.385 seconds
[2026-04-26T22:59:34.738+0000] {processor.py:161} INFO - Started process (PID=54573) to work on /home/airflow/dags/mlflow_tracking_dag.py
[2026-04-26T22:59:34.740+0000] {processor.py:830} INFO - Processing file /home/airflow/dags/mlflow_tracking_dag.py for tasks to queue
[2026-04-26T22:59:34.741+0000] {logging_mixin.py:188} INFO - [2026-04-26T22:59:34.741+0000] {dagbag.py:538} INFO - Filling up the DagBag from /home/airflow/dags/mlflow_tracking_dag.py
[2026-04-26T22:59:35.655+0000] {processor.py:840} INFO - DAG(s) 'model_training_pipeline' retrieved from /home/airflow/dags/mlflow_tracking_dag.py
[2026-04-26T22:59:35.678+0000] {logging_mixin.py:188} INFO - [2026-04-26T22:59:35.677+0000] {dag.py:3036} INFO - Sync 1 DAGs
[2026-04-26T22:59:35.695+0000] {logging_mixin.py:188} INFO - [2026-04-26T22:59:35.695+0000] {dag.py:3823} INFO - Setting next_dagrun for model_training_pipeline to 2026-04-26 00:00:00+00:00, run_after=2026-05-03 00:00:00+00:00
[2026-04-26T22:59:35.719+0000] {processor.py:183} INFO - Processing /home/airflow/dags/mlflow_tracking_dag.py took 0.985 seconds
[2026-04-26T23:00:06.107+0000] {processor.py:161} INFO - Started process (PID=54618) to work on /home/airflow/dags/mlflow_tracking_dag.py
[2026-04-26T23:00:06.108+0000] {processor.py:830} INFO - Processing file /home/airflow/dags/mlflow_tracking_dag.py for tasks to queue
[2026-04-26T23:00:06.109+0000] {logging_mixin.py:188} INFO - [2026-04-26T23:00:06.109+0000] {dagbag.py:538} INFO - Filling up the DagBag from /home/airflow/dags/mlflow_tracking_dag.py
[2026-04-26T23:00:06.992+0000] {processor.py:840} INFO - DAG(s) 'model_training_pipeline' retrieved from /home/airflow/dags/mlflow_tracking_dag.py
[2026-04-26T23:00:07.004+0000] {logging_mixin.py:188} INFO - [2026-04-26T23:00:07.004+0000] {dag.py:3036} INFO - Sync 1 DAGs
[2026-04-26T23:00:07.018+0000] {logging_mixin.py:188} INFO - [2026-04-26T23:00:07.018+0000] {dag.py:3823} INFO - Setting next_dagrun for model_training_pipeline to 2026-04-26 00:00:00+00:00, run_after=2026-05-03 00:00:00+00:00
[2026-04-26T23:00:07.040+0000] {processor.py:183} INFO - Processing /home/airflow/dags/mlflow_tracking_dag.py took 0.936 seconds
[2026-04-26T23:00:37.478+0000] {processor.py:161} INFO - Started process (PID=54663) to work on /home/airflow/dags/mlflow_tracking_dag.py
[2026-04-26T23:00:37.480+0000] {processor.py:830} INFO - Processing file /home/airflow/dags/mlflow_tracking_dag.py for tasks to queue
[2026-04-26T23:00:37.481+0000] {logging_mixin.py:188} INFO - [2026-04-26T23:00:37.481+0000] {dagbag.py:538} INFO - Filling up the DagBag from /home/airflow/dags/mlflow_tracking_dag.py
[2026-04-26T23:00:38.382+0000] {processor.py:840} INFO - DAG(s) 'model_training_pipeline' retrieved from /home/airflow/dags/mlflow_tracking_dag.py
[2026-04-26T23:00:38.464+0000] {logging_mixin.py:188} INFO - [2026-04-26T23:00:38.464+0000] {dag.py:3036} INFO - Sync 1 DAGs
[2026-04-26T23:00:38.478+0000] {logging_mixin.py:188} INFO - [2026-04-26T23:00:38.478+0000] {dag.py:3823} INFO - Setting next_dagrun for model_training_pipeline to 2026-04-26 00:00:00+00:00, run_after=2026-05-03 00:00:00+00:00
[2026-04-26T23:00:38.502+0000] {processor.py:183} INFO - Processing /home/airflow/dags/mlflow_tracking_dag.py took 1.028 seconds
[2026-04-26T23:01:09.048+0000] {processor.py:161} INFO - Started process (PID=54708) to work on /home/airflow/dags/mlflow_tracking_dag.py
[2026-04-26T23:01:09.049+0000] {processor.py:830} INFO - Processing file /home/airflow/dags/mlflow_tracking_dag.py for tasks to queue
[2026-04-26T23:01:09.051+0000] {logging_mixin.py:188} INFO - [2026-04-26T23:01:09.050+0000] {dagbag.py:538} INFO - Filling up the DagBag from /home/airflow/dags/mlflow_tracking_dag.py
[2026-04-26T23:01:09.921+0000] {processor.py:840} INFO - DAG(s) 'model_training_pipeline' retrieved from /home/airflow/dags/mlflow_tracking_dag.py
[2026-04-26T23:01:09.944+0000] {logging_mixin.py:188} INFO - [2026-04-26T23:01:09.943+0000] {dag.py:3036} INFO - Sync 1 DAGs
[2026-04-26T23:01:09.964+0000] {logging_mixin.py:188} INFO - [2026-04-26T23:01:09.963+0000] {dag.py:3823} INFO - Setting next_dagrun for model_training_pipeline to 2026-04-26 00:00:00+00:00, run_after=2026-05-03 00:00:00+00:00
[2026-04-26T23:01:09.990+0000] {processor.py:183} INFO - Processing /home/airflow/dags/mlflow_tracking_dag.py took 0.946 seconds
[2026-04-26T23:01:40.504+0000] {processor.py:161} INFO - Started process (PID=54753) to work on /home/airflow/dags/mlflow_tracking_dag.py
[2026-04-26T23:01:40.506+0000] {processor.py:830} INFO - Processing file /home/airflow/dags/mlflow_tracking_dag.py for tasks to queue
[2026-04-26T23:01:40.507+0000] {logging_mixin.py:188} INFO - [2026-04-26T23:01:40.506+0000] {dagbag.py:538} INFO - Filling up the DagBag from /home/airflow/dags/mlflow_tracking_dag.py
[2026-04-26T23:01:41.307+0000] {processor.py:840} INFO - DAG(s) 'model_training_pipeline' retrieved from /home/airflow/dags/mlflow_tracking_dag.py
[2026-04-26T23:01:41.319+0000] {logging_mixin.py:188} INFO - [2026-04-26T23:01:41.319+0000] {dag.py:3036} INFO - Sync 1 DAGs
[2026-04-26T23:01:41.336+0000] {logging_mixin.py:188} INFO - [2026-04-26T23:01:41.336+0000] {dag.py:3823} INFO - Setting next_dagrun for model_training_pipeline to 2026-04-26 00:00:00+00:00, run_after=2026-05-03 00:00:00+00:00
[2026-04-26T23:01:41.362+0000] {processor.py:183} INFO - Processing /home/airflow/dags/mlflow_tracking_dag.py took 0.862 seconds
[2026-04-26T23:02:11.559+0000] {processor.py:161} INFO - Started process (PID=54798) to work on /home/airflow/dags/mlflow_tracking_dag.py
[2026-04-26T23:02:11.560+0000] {processor.py:830} INFO - Processing file /home/airflow/dags/mlflow_tracking_dag.py for tasks to queue
[2026-04-26T23:02:11.561+0000] {logging_mixin.py:188} INFO - [2026-04-26T23:02:11.561+0000] {dagbag.py:538} INFO - Filling up the DagBag from /home/airflow/dags/mlflow_tracking_dag.py
[2026-04-26T23:02:12.636+0000] {processor.py:840} INFO - DAG(s) 'model_training_pipeline' retrieved from /home/airflow/dags/mlflow_tracking_dag.py
[2026-04-26T23:02:12.739+0000] {logging_mixin.py:188} INFO - [2026-04-26T23:02:12.739+0000] {dag.py:3036} INFO - Sync 1 DAGs
[2026-04-26T23:02:12.756+0000] {logging_mixin.py:188} INFO - [2026-04-26T23:02:12.756+0000] {dag.py:3823} INFO - Setting next_dagrun for model_training_pipeline to 2026-04-26 00:00:00+00:00, run_after=2026-05-03 00:00:00+00:00
[2026-04-26T23:02:12.782+0000] {processor.py:183} INFO - Processing /home/airflow/dags/mlflow_tracking_dag.py took 1.227 seconds
[2026-04-26T23:02:42.949+0000] {processor.py:161} INFO - Started process (PID=54843) to work on /home/airflow/dags/mlflow_tracking_dag.py
[2026-04-26T23:02:42.951+0000] {processor.py:830} INFO - Processing file /home/airflow/dags/mlflow_tracking_dag.py for tasks to queue
[2026-04-26T23:02:42.952+0000] {logging_mixin.py:188} INFO - [2026-04-26T23:02:42.952+0000] {dagbag.py:538} INFO - Filling up the DagBag from /home/airflow/dags/mlflow_tracking_dag.py
[2026-04-26T23:02:43.949+0000] {processor.py:840} INFO - DAG(s) 'model_training_pipeline' retrieved from /home/airflow/dags/mlflow_tracking_dag.py
[2026-04-26T23:02:43.969+0000] {logging_mixin.py:188} INFO - [2026-04-26T23:02:43.968+0000] {dag.py:3036} INFO - Sync 1 DAGs
[2026-04-26T23:02:43.985+0000] {logging_mixin.py:188} INFO - [2026-04-26T23:02:43.985+0000] {dag.py:3823} INFO - Setting next_dagrun for model_training_pipeline to 2026-04-26 00:00:00+00:00, run_after=2026-05-03 00:00:00+00:00
[2026-04-26T23:02:44.007+0000] {processor.py:183} INFO - Processing /home/airflow/dags/mlflow_tracking_dag.py took 1.063 seconds
[2026-04-26T23:03:14.515+0000] {processor.py:161} INFO - Started process (PID=54888) to work on /home/airflow/dags/mlflow_tracking_dag.py
[2026-04-26T23:03:14.516+0000] {processor.py:830} INFO - Processing file /home/airflow/dags/mlflow_tracking_dag.py for tasks to queue
[2026-04-26T23:03:14.517+0000] {logging_mixin.py:188} INFO - [2026-04-26T23:03:14.517+0000] {dagbag.py:538} INFO - Filling up the DagBag from /home/airflow/dags/mlflow_tracking_dag.py
[2026-04-26T23:03:15.540+0000] {processor.py:840} INFO - DAG(s) 'model_training_pipeline' retrieved from /home/airflow/dags/mlflow_tracking_dag.py
[2026-04-26T23:03:15.551+0000] {logging_mixin.py:188} INFO - [2026-04-26T23:03:15.550+0000] {dag.py:3036} INFO - Sync 1 DAGs
[2026-04-26T23:03:15.571+0000] {logging_mixin.py:188} INFO - [2026-04-26T23:03:15.570+0000] {dag.py:3823} INFO - Setting next_dagrun for model_training_pipeline to 2026-04-26 00:00:00+00:00, run_after=2026-05-03 00:00:00+00:00
[2026-04-26T23:03:15.596+0000] {processor.py:183} INFO - Processing /home/airflow/dags/mlflow_tracking_dag.py took 1.085 seconds
[2026-04-26T23:03:45.894+0000] {processor.py:161} INFO - Started process (PID=54933) to work on /home/airflow/dags/mlflow_tracking_dag.py
[2026-04-26T23:03:45.896+0000] {processor.py:830} INFO - Processing file /home/airflow/dags/mlflow_tracking_dag.py for tasks to queue
[2026-04-26T23:03:45.898+0000] {logging_mixin.py:188} INFO - [2026-04-26T23:03:45.897+0000] {dagbag.py:538} INFO - Filling up the DagBag from /home/airflow/dags/mlflow_tracking_dag.py
[2026-04-26T23:03:46.848+0000] {processor.py:840} INFO - DAG(s) 'model_training_pipeline' retrieved from /home/airflow/dags/mlflow_tracking_dag.py
[2026-04-26T23:03:46.935+0000] {logging_mixin.py:188} INFO - [2026-04-26T23:03:46.934+0000] {dag.py:3036} INFO - Sync 1 DAGs
[2026-04-26T23:03:46.949+0000] {logging_mixin.py:188} INFO - [2026-04-26T23:03:46.949+0000] {dag.py:3823} INFO - Setting next_dagrun for model_training_pipeline to 2026-04-26 00:00:00+00:00, run_after=2026-05-03 00:00:00+00:00
[2026-04-26T23:03:46.974+0000] {processor.py:183} INFO - Processing /home/airflow/dags/mlflow_tracking_dag.py took 1.086 seconds
[2026-04-26T23:04:17.366+0000] {processor.py:161} INFO - Started process (PID=54978) to work on /home/airflow/dags/mlflow_tracking_dag.py
[2026-04-26T23:04:17.368+0000] {processor.py:830} INFO - Processing file /home/airflow/dags/mlflow_tracking_dag.py for tasks to queue
[2026-04-26T23:04:17.369+0000] {logging_mixin.py:188} INFO - [2026-04-26T23:04:17.369+0000] {dagbag.py:538} INFO - Filling up the DagBag from /home/airflow/dags/mlflow_tracking_dag.py
[2026-04-26T23:04:18.487+0000] {processor.py:840} INFO - DAG(s) 'model_training_pipeline' retrieved from /home/airflow/dags/mlflow_tracking_dag.py
[2026-04-26T23:04:18.511+0000] {logging_mixin.py:188} INFO - [2026-04-26T23:04:18.511+0000] {dag.py:3036} INFO - Sync 1 DAGs
[2026-04-26T23:04:18.534+0000] {logging_mixin.py:188} INFO - [2026-04-26T23:04:18.533+0000] {dag.py:3823} INFO - Setting next_dagrun for model_training_pipeline to 2026-04-26 00:00:00+00:00, run_after=2026-05-03 00:00:00+00:00
[2026-04-26T23:04:18.561+0000] {processor.py:183} INFO - Processing /home/airflow/dags/mlflow_tracking_dag.py took 1.198 seconds
[2026-04-26T23:04:49.035+0000] {processor.py:161} INFO - Started process (PID=55023) to work on /home/airflow/dags/mlflow_tracking_dag.py
[2026-04-26T23:04:49.036+0000] {processor.py:830} INFO - Processing file /home/airflow/dags/mlflow_tracking_dag.py for tasks to queue
[2026-04-26T23:04:49.038+0000] {logging_mixin.py:188} INFO - [2026-04-26T23:04:49.038+0000] {dagbag.py:538} INFO - Filling up the DagBag from /home/airflow/dags/mlflow_tracking_dag.py
[2026-04-26T23:04:50.030+0000] {processor.py:840} INFO - DAG(s) 'model_training_pipeline' retrieved from /home/airflow/dags/mlflow_tracking_dag.py
[2026-04-26T23:04:50.042+0000] {logging_mixin.py:188} INFO - [2026-04-26T23:04:50.041+0000] {dag.py:3036} INFO - Sync 1 DAGs
[2026-04-26T23:04:50.057+0000] {logging_mixin.py:188} INFO - [2026-04-26T23:04:50.057+0000] {dag.py:3823} INFO - Setting next_dagrun for model_training_pipeline to 2026-04-26 00:00:00+00:00, run_after=2026-05-03 00:00:00+00:00
[2026-04-26T23:04:50.076+0000] {processor.py:183} INFO - Processing /home/airflow/dags/mlflow_tracking_dag.py took 1.044 seconds
[2026-04-26T23:05:20.415+0000] {processor.py:161} INFO - Started process (PID=55068) to work on /home/airflow/dags/mlflow_tracking_dag.py
[2026-04-26T23:05:20.416+0000] {processor.py:830} INFO - Processing file /home/airflow/dags/mlflow_tracking_dag.py for tasks to queue
[2026-04-26T23:05:20.418+0000] {logging_mixin.py:188} INFO - [2026-04-26T23:05:20.417+0000] {dagbag.py:538} INFO - Filling up the DagBag from /home/airflow/dags/mlflow_tracking_dag.py
[2026-04-26T23:05:21.304+0000] {processor.py:840} INFO - DAG(s) 'model_training_pipeline' retrieved from /home/airflow/dags/mlflow_tracking_dag.py
[2026-04-26T23:05:21.383+0000] {logging_mixin.py:188} INFO - [2026-04-26T23:05:21.382+0000] {dag.py:3036} INFO - Sync 1 DAGs
[2026-04-26T23:05:21.397+0000] {logging_mixin.py:188} INFO - [2026-04-26T23:05:21.397+0000] {dag.py:3823} INFO - Setting next_dagrun for model_training_pipeline to 2026-04-26 00:00:00+00:00, run_after=2026-05-03 00:00:00+00:00
[2026-04-26T23:05:21.423+0000] {processor.py:183} INFO - Processing /home/airflow/dags/mlflow_tracking_dag.py took 1.010 seconds
[2026-04-26T23:05:51.976+0000] {processor.py:161} INFO - Started process (PID=55113) to work on /home/airflow/dags/mlflow_tracking_dag.py
[2026-04-26T23:05:51.977+0000] {processor.py:830} INFO - Processing file /home/airflow/dags/mlflow_tracking_dag.py for tasks to queue
[2026-04-26T23:05:51.978+0000] {logging_mixin.py:188} INFO - [2026-04-26T23:05:51.978+0000] {dagbag.py:538} INFO - Filling up the DagBag from /home/airflow/dags/mlflow_tracking_dag.py
[2026-04-26T23:05:52.994+0000] {processor.py:840} INFO - DAG(s) 'model_training_pipeline' retrieved from /home/airflow/dags/mlflow_tracking_dag.py
[2026-04-26T23:05:53.017+0000] {logging_mixin.py:188} INFO - [2026-04-26T23:05:53.016+0000] {dag.py:3036} INFO - Sync 1 DAGs
[2026-04-26T23:05:53.034+0000] {logging_mixin.py:188} INFO - [2026-04-26T23:05:53.033+0000] {dag.py:3823} INFO - Setting next_dagrun for model_training_pipeline to 2026-04-26 00:00:00+00:00, run_after=2026-05-03 00:00:00+00:00
[2026-04-26T23:05:53.057+0000] {processor.py:183} INFO - Processing /home/airflow/dags/mlflow_tracking_dag.py took 1.084 seconds
[2026-04-26T23:06:23.493+0000] {processor.py:161} INFO - Started process (PID=55158) to work on /home/airflow/dags/mlflow_tracking_dag.py
[2026-04-26T23:06:23.494+0000] {processor.py:830} INFO - Processing file /home/airflow/dags/mlflow_tracking_dag.py for tasks to queue
[2026-04-26T23:06:23.495+0000] {logging_mixin.py:188} INFO - [2026-04-26T23:06:23.495+0000] {dagbag.py:538} INFO - Filling up the DagBag from /home/airflow/dags/mlflow_tracking_dag.py
[2026-04-26T23:06:24.510+0000] {processor.py:840} INFO - DAG(s) 'model_training_pipeline' retrieved from /home/airflow/dags/mlflow_tracking_dag.py
[2026-04-26T23:06:24.524+0000] {logging_mixin.py:188} INFO - [2026-04-26T23:06:24.523+0000] {dag.py:3036} INFO - Sync 1 DAGs
[2026-04-26T23:06:24.545+0000] {logging_mixin.py:188} INFO - [2026-04-26T23:06:24.545+0000] {dag.py:3823} INFO - Setting next_dagrun for model_training_pipeline to 2026-04-26 00:00:00+00:00, run_after=2026-05-03 00:00:00+00:00
[2026-04-26T23:06:24.570+0000] {processor.py:183} INFO - Processing /home/airflow/dags/mlflow_tracking_dag.py took 1.080 seconds
[2026-04-26T23:06:55.026+0000] {processor.py:161} INFO - Started process (PID=55203) to work on /home/airflow/dags/mlflow_tracking_dag.py
[2026-04-26T23:06:55.028+0000] {processor.py:830} INFO - Processing file /home/airflow/dags/mlflow_tracking_dag.py for tasks to queue
[2026-04-26T23:06:55.029+0000] {logging_mixin.py:188} INFO - [2026-04-26T23:06:55.028+0000] {dagbag.py:538} INFO - Filling up the DagBag from /home/airflow/dags/mlflow_tracking_dag.py
[2026-04-26T23:06:55.857+0000] {processor.py:840} INFO - DAG(s) 'model_training_pipeline' retrieved from /home/airflow/dags/mlflow_tracking_dag.py
[2026-04-26T23:06:55.942+0000] {logging_mixin.py:188} INFO - [2026-04-26T23:06:55.941+0000] {dag.py:3036} INFO - Sync 1 DAGs
[2026-04-26T23:06:55.955+0000] {logging_mixin.py:188} INFO - [2026-04-26T23:06:55.955+0000] {dag.py:3823} INFO - Setting next_dagrun for model_training_pipeline to 2026-04-26 00:00:00+00:00, run_after=2026-05-03 00:00:00+00:00
[2026-04-26T23:06:55.980+0000] {processor.py:183} INFO - Processing /home/airflow/dags/mlflow_tracking_dag.py took 0.958 seconds
[2026-04-26T23:07:26.849+0000] {processor.py:161} INFO - Started process (PID=55248) to work on /home/airflow/dags/mlflow_tracking_dag.py
[2026-04-26T23:07:26.850+0000] {processor.py:830} INFO - Processing file /home/airflow/dags/mlflow_tracking_dag.py for tasks to queue
[2026-04-26T23:07:26.851+0000] {logging_mixin.py:188} INFO - [2026-04-26T23:07:26.851+0000] {dagbag.py:538} INFO - Filling up the DagBag from /home/airflow/dags/mlflow_tracking_dag.py
[2026-04-26T23:07:27.749+0000] {processor.py:840} INFO - DAG(s) 'model_training_pipeline' retrieved from /home/airflow/dags/mlflow_tracking_dag.py
[2026-04-26T23:07:27.773+0000] {logging_mixin.py:188} INFO - [2026-04-26T23:07:27.773+0000] {dag.py:3036} INFO - Sync 1 DAGs
[2026-04-26T23:07:27.794+0000] {logging_mixin.py:188} INFO - [2026-04-26T23:07:27.794+0000] {dag.py:3823} INFO - Setting next_dagrun for model_training_pipeline to 2026-04-26 00:00:00+00:00, run_after=2026-05-03 00:00:00+00:00
[2026-04-26T23:07:27.822+0000] {processor.py:183} INFO - Processing /home/airflow/dags/mlflow_tracking_dag.py took 0.977 seconds
[2026-04-26T23:07:58.274+0000] {processor.py:161} INFO - Started process (PID=55293) to work on /home/airflow/dags/mlflow_tracking_dag.py
[2026-04-26T23:07:58.275+0000] {processor.py:830} INFO - Processing file /home/airflow/dags/mlflow_tracking_dag.py for tasks to queue
[2026-04-26T23:07:58.276+0000] {logging_mixin.py:188} INFO - [2026-04-26T23:07:58.276+0000] {dagbag.py:538} INFO - Filling up the DagBag from /home/airflow/dags/mlflow_tracking_dag.py
[2026-04-26T23:07:59.079+0000] {processor.py:840} INFO - DAG(s) 'model_training_pipeline' retrieved from /home/airflow/dags/mlflow_tracking_dag.py
[2026-04-26T23:07:59.091+0000] {logging_mixin.py:188} INFO - [2026-04-26T23:07:59.091+0000] {dag.py:3036} INFO - Sync 1 DAGs
[2026-04-26T23:07:59.108+0000] {logging_mixin.py:188} INFO - [2026-04-26T23:07:59.107+0000] {dag.py:3823} INFO - Setting next_dagrun for model_training_pipeline to 2026-04-26 00:00:00+00:00, run_after=2026-05-03 00:00:00+00:00
[2026-04-26T23:07:59.130+0000] {processor.py:183} INFO - Processing /home/airflow/dags/mlflow_tracking_dag.py took 0.860 seconds
[2026-04-26T23:08:29.359+0000] {processor.py:161} INFO - Started process (PID=55338) to work on /home/airflow/dags/mlflow_tracking_dag.py
[2026-04-26T23:08:29.361+0000] {processor.py:830} INFO - Processing file /home/airflow/dags/mlflow_tracking_dag.py for tasks to queue
[2026-04-26T23:08:29.363+0000] {logging_mixin.py:188} INFO - [2026-04-26T23:08:29.362+0000] {dagbag.py:538} INFO - Filling up the DagBag from /home/airflow/dags/mlflow_tracking_dag.py
[2026-04-26T23:08:30.406+0000] {processor.py:840} INFO - DAG(s) 'model_training_pipeline' retrieved from /home/airflow/dags/mlflow_tracking_dag.py
[2026-04-26T23:08:30.494+0000] {logging_mixin.py:188} INFO - [2026-04-26T23:08:30.493+0000] {dag.py:3036} INFO - Sync 1 DAGs
[2026-04-26T23:08:30.507+0000] {logging_mixin.py:188} INFO - [2026-04-26T23:08:30.507+0000] {dag.py:3823} INFO - Setting next_dagrun for model_training_pipeline to 2026-04-26 00:00:00+00:00, run_after=2026-05-03 00:00:00+00:00
[2026-04-26T23:08:30.533+0000] {processor.py:183} INFO - Processing /home/airflow/dags/mlflow_tracking_dag.py took 1.180 seconds
[2026-04-26T23:09:00.985+0000] {processor.py:161} INFO - Started process (PID=55383) to work on /home/airflow/dags/mlflow_tracking_dag.py
[2026-04-26T23:09:00.987+0000] {processor.py:830} INFO - Processing file /home/airflow/dags/mlflow_tracking_dag.py for tasks to queue
[2026-04-26T23:09:00.988+0000] {logging_mixin.py:188} INFO - [2026-04-26T23:09:00.988+0000] {dagbag.py:538} INFO - Filling up the DagBag from /home/airflow/dags/mlflow_tracking_dag.py
[2026-04-26T23:09:01.846+0000] {processor.py:840} INFO - DAG(s) 'model_training_pipeline' retrieved from /home/airflow/dags/mlflow_tracking_dag.py
[2026-04-26T23:09:01.869+0000] {logging_mixin.py:188} INFO - [2026-04-26T23:09:01.869+0000] {dag.py:3036} INFO - Sync 1 DAGs
[2026-04-26T23:09:01.887+0000] {logging_mixin.py:188} INFO - [2026-04-26T23:09:01.886+0000] {dag.py:3823} INFO - Setting next_dagrun for model_training_pipeline to 2026-04-26 00:00:00+00:00, run_after=2026-05-03 00:00:00+00:00
[2026-04-26T23:09:01.909+0000] {processor.py:183} INFO - Processing /home/airflow/dags/mlflow_tracking_dag.py took 0.927 seconds
[2026-04-26T23:09:32.814+0000] {processor.py:161} INFO - Started process (PID=55428) to work on /home/airflow/dags/mlflow_tracking_dag.py
[2026-04-26T23:09:32.815+0000] {processor.py:830} INFO - Processing file /home/airflow/dags/mlflow_tracking_dag.py for tasks to queue
[2026-04-26T23:09:32.816+0000] {logging_mixin.py:188} INFO - [2026-04-26T23:09:32.816+0000] {dagbag.py:538} INFO - Filling up the DagBag from /home/airflow/dags/mlflow_tracking_dag.py
[2026-04-26T23:09:33.836+0000] {processor.py:840} INFO - DAG(s) 'model_training_pipeline' retrieved from /home/airflow/dags/mlflow_tracking_dag.py
[2026-04-26T23:09:33.850+0000] {logging_mixin.py:188} INFO - [2026-04-26T23:09:33.849+0000] {dag.py:3036} INFO - Sync 1 DAGs
[2026-04-26T23:09:33.869+0000] {logging_mixin.py:188} INFO - [2026-04-26T23:09:33.869+0000] {dag.py:3823} INFO - Setting next_dagrun for model_training_pipeline to 2026-04-26 00:00:00+00:00, run_after=2026-05-03 00:00:00+00:00
[2026-04-26T23:09:33.898+0000] {processor.py:183} INFO - Processing /home/airflow/dags/mlflow_tracking_dag.py took 1.088 seconds
[2026-04-26T23:10:04.237+0000] {processor.py:161} INFO - Started process (PID=55473) to work on /home/airflow/dags/mlflow_tracking_dag.py
[2026-04-26T23:10:04.238+0000] {processor.py:830} INFO - Processing file /home/airflow/dags/mlflow_tracking_dag.py for tasks to queue
[2026-04-26T23:10:04.240+0000] {logging_mixin.py:188} INFO - [2026-04-26T23:10:04.239+0000] {dagbag.py:538} INFO - Filling up the DagBag from /home/airflow/dags/mlflow_tracking_dag.py
[2026-04-26T23:10:05.161+0000] {processor.py:840} INFO - DAG(s) 'model_training_pipeline' retrieved from /home/airflow/dags/mlflow_tracking_dag.py
[2026-04-26T23:10:05.238+0000] {logging_mixin.py:188} INFO - [2026-04-26T23:10:05.237+0000] {dag.py:3036} INFO - Sync 1 DAGs
[2026-04-26T23:10:05.252+0000] {logging_mixin.py:188} INFO - [2026-04-26T23:10:05.252+0000] {dag.py:3823} INFO - Setting next_dagrun for model_training_pipeline to 2026-04-26 00:00:00+00:00, run_after=2026-05-03 00:00:00+00:00
[2026-04-26T23:10:05.279+0000] {processor.py:183} INFO - Processing /home/airflow/dags/mlflow_tracking_dag.py took 1.046 seconds
[2026-04-26T23:10:35.506+0000] {processor.py:161} INFO - Started process (PID=55518) to work on /home/airflow/dags/mlflow_tracking_dag.py
[2026-04-26T23:10:35.507+0000] {processor.py:830} INFO - Processing file /home/airflow/dags/mlflow_tracking_dag.py for tasks to queue
[2026-04-26T23:10:35.508+0000] {logging_mixin.py:188} INFO - [2026-04-26T23:10:35.508+0000] {dagbag.py:538} INFO - Filling up the DagBag from /home/airflow/dags/mlflow_tracking_dag.py
[2026-04-26T23:10:36.394+0000] {processor.py:840} INFO - DAG(s) 'model_training_pipeline' retrieved from /home/airflow/dags/mlflow_tracking_dag.py
[2026-04-26T23:10:36.415+0000] {logging_mixin.py:188} INFO - [2026-04-26T23:10:36.415+0000] {dag.py:3036} INFO - Sync 1 DAGs
[2026-04-26T23:10:36.431+0000] {logging_mixin.py:188} INFO - [2026-04-26T23:10:36.431+0000] {dag.py:3823} INFO - Setting next_dagrun for model_training_pipeline to 2026-04-26 00:00:00+00:00, run_after=2026-05-03 00:00:00+00:00
[2026-04-26T23:10:36.454+0000] {processor.py:183} INFO - Processing /home/airflow/dags/mlflow_tracking_dag.py took 0.951 seconds
[2026-04-26T23:11:06.836+0000] {processor.py:161} INFO - Started process (PID=55563) to work on /home/airflow/dags/mlflow_tracking_dag.py
[2026-04-26T23:11:06.838+0000] {processor.py:830} INFO - Processing file /home/airflow/dags/mlflow_tracking_dag.py for tasks to queue
[2026-04-26T23:11:06.839+0000] {logging_mixin.py:188} INFO - [2026-04-26T23:11:06.839+0000] {dagbag.py:538} INFO - Filling up the DagBag from /home/airflow/dags/mlflow_tracking_dag.py
[2026-04-26T23:11:07.632+0000] {processor.py:840} INFO - DAG(s) 'model_training_pipeline' retrieved from /home/airflow/dags/mlflow_tracking_dag.py
[2026-04-26T23:11:07.645+0000] {logging_mixin.py:188} INFO - [2026-04-26T23:11:07.644+0000] {dag.py:3036} INFO - Sync 1 DAGs
[2026-04-26T23:11:07.662+0000] {logging_mixin.py:188} INFO - [2026-04-26T23:11:07.661+0000] {dag.py:3823} INFO - Setting next_dagrun for model_training_pipeline to 2026-04-26 00:00:00+00:00, run_after=2026-05-03 00:00:00+00:00
[2026-04-26T23:11:07.686+0000] {processor.py:183} INFO - Processing /home/airflow/dags/mlflow_tracking_dag.py took 0.854 seconds
[2026-04-26T23:11:38.142+0000] {processor.py:161} INFO - Started process (PID=55608) to work on /home/airflow/dags/mlflow_tracking_dag.py
[2026-04-26T23:11:38.145+0000] {processor.py:830} INFO - Processing file /home/airflow/dags/mlflow_tracking_dag.py for tasks to queue
[2026-04-26T23:11:38.147+0000] {logging_mixin.py:188} INFO - [2026-04-26T23:11:38.146+0000] {dagbag.py:538} INFO - Filling up the DagBag from /home/airflow/dags/mlflow_tracking_dag.py
[2026-04-26T23:11:39.257+0000] {processor.py:840} INFO - DAG(s) 'model_training_pipeline' retrieved from /home/airflow/dags/mlflow_tracking_dag.py
[2026-04-26T23:11:39.356+0000] {logging_mixin.py:188} INFO - [2026-04-26T23:11:39.356+0000] {dag.py:3036} INFO - Sync 1 DAGs
[2026-04-26T23:11:39.375+0000] {logging_mixin.py:188} INFO - [2026-04-26T23:11:39.375+0000] {dag.py:3823} INFO - Setting next_dagrun for model_training_pipeline to 2026-04-26 00:00:00+00:00, run_after=2026-05-03 00:00:00+00:00
[2026-04-26T23:11:39.403+0000] {processor.py:183} INFO - Processing /home/airflow/dags/mlflow_tracking_dag.py took 1.269 seconds
[2026-04-26T23:12:10.217+0000] {processor.py:161} INFO - Started process (PID=55653) to work on /home/airflow/dags/mlflow_tracking_dag.py
[2026-04-26T23:12:10.219+0000] {processor.py:830} INFO - Processing file /home/airflow/dags/mlflow_tracking_dag.py for tasks to queue
[2026-04-26T23:12:10.220+0000] {logging_mixin.py:188} INFO - [2026-04-26T23:12:10.220+0000] {dagbag.py:538} INFO - Filling up the DagBag from /home/airflow/dags/mlflow_tracking_dag.py
[2026-04-26T23:12:11.116+0000] {processor.py:840} INFO - DAG(s) 'model_training_pipeline' retrieved from /home/airflow/dags/mlflow_tracking_dag.py
[2026-04-26T23:12:11.138+0000] {logging_mixin.py:188} INFO - [2026-04-26T23:12:11.138+0000] {dag.py:3036} INFO - Sync 1 DAGs
[2026-04-26T23:12:11.153+0000] {logging_mixin.py:188} INFO - [2026-04-26T23:12:11.153+0000] {dag.py:3823} INFO - Setting next_dagrun for model_training_pipeline to 2026-04-26 00:00:00+00:00, run_after=2026-05-03 00:00:00+00:00
[2026-04-26T23:12:11.176+0000] {processor.py:183} INFO - Processing /home/airflow/dags/mlflow_tracking_dag.py took 0.962 seconds
[2026-04-26T23:12:41.739+0000] {processor.py:161} INFO - Started process (PID=55698) to work on /home/airflow/dags/mlflow_tracking_dag.py
[2026-04-26T23:12:41.740+0000] {processor.py:830} INFO - Processing file /home/airflow/dags/mlflow_tracking_dag.py for tasks to queue
[2026-04-26T23:12:41.741+0000] {logging_mixin.py:188} INFO - [2026-04-26T23:12:41.741+0000] {dagbag.py:538} INFO - Filling up the DagBag from /home/airflow/dags/mlflow_tracking_dag.py
[2026-04-26T23:12:42.748+0000] {processor.py:840} INFO - DAG(s) 'model_training_pipeline' retrieved from /home/airflow/dags/mlflow_tracking_dag.py
[2026-04-26T23:12:42.762+0000] {logging_mixin.py:188} INFO - [2026-04-26T23:12:42.761+0000] {dag.py:3036} INFO - Sync 1 DAGs
[2026-04-26T23:12:42.780+0000] {logging_mixin.py:188} INFO - [2026-04-26T23:12:42.780+0000] {dag.py:3823} INFO - Setting next_dagrun for model_training_pipeline to 2026-04-26 00:00:00+00:00, run_after=2026-05-03 00:00:00+00:00
[2026-04-26T23:12:42.806+0000] {processor.py:183} INFO - Processing /home/airflow/dags/mlflow_tracking_dag.py took 1.071 seconds
[2026-04-26T23:13:13.128+0000] {processor.py:161} INFO - Started process (PID=55743) to work on /home/airflow/dags/mlflow_tracking_dag.py
[2026-04-26T23:13:13.129+0000] {processor.py:830} INFO - Processing file /home/airflow/dags/mlflow_tracking_dag.py for tasks to queue
[2026-04-26T23:13:13.130+0000] {logging_mixin.py:188} INFO - [2026-04-26T23:13:13.130+0000] {dagbag.py:538} INFO - Filling up the DagBag from /home/airflow/dags/mlflow_tracking_dag.py
[2026-04-26T23:13:14.182+0000] {processor.py:840} INFO - DAG(s) 'model_training_pipeline' retrieved from /home/airflow/dags/mlflow_tracking_dag.py
[2026-04-26T23:13:14.443+0000] {logging_mixin.py:188} INFO - [2026-04-26T23:13:14.443+0000] {dag.py:3036} INFO - Sync 1 DAGs
[2026-04-26T23:13:14.459+0000] {logging_mixin.py:188} INFO - [2026-04-26T23:13:14.459+0000] {dag.py:3823} INFO - Setting next_dagrun for model_training_pipeline to 2026-04-26 00:00:00+00:00, run_after=2026-05-03 00:00:00+00:00
[2026-04-26T23:13:14.483+0000] {processor.py:183} INFO - Processing /home/airflow/dags/mlflow_tracking_dag.py took 1.359 seconds
[2026-04-26T23:13:44.895+0000] {processor.py:161} INFO - Started process (PID=55788) to work on /home/airflow/dags/mlflow_tracking_dag.py
[2026-04-26T23:13:44.896+0000] {processor.py:830} INFO - Processing file /home/airflow/dags/mlflow_tracking_dag.py for tasks to queue
[2026-04-26T23:13:44.897+0000] {logging_mixin.py:188} INFO - [2026-04-26T23:13:44.897+0000] {dagbag.py:538} INFO - Filling up the DagBag from /home/airflow/dags/mlflow_tracking_dag.py
[2026-04-26T23:13:45.771+0000] {processor.py:840} INFO - DAG(s) 'model_training_pipeline' retrieved from /home/airflow/dags/mlflow_tracking_dag.py
[2026-04-26T23:13:45.796+0000] {logging_mixin.py:188} INFO - [2026-04-26T23:13:45.795+0000] {dag.py:3036} INFO - Sync 1 DAGs
[2026-04-26T23:13:45.919+0000] {logging_mixin.py:188} INFO - [2026-04-26T23:13:45.918+0000] {dag.py:3823} INFO - Setting next_dagrun for model_training_pipeline to 2026-04-26 00:00:00+00:00, run_after=2026-05-03 00:00:00+00:00
[2026-04-26T23:13:45.943+0000] {processor.py:183} INFO - Processing /home/airflow/dags/mlflow_tracking_dag.py took 1.051 seconds
[2026-04-26T23:14:16.011+0000] {processor.py:161} INFO - Started process (PID=55833) to work on /home/airflow/dags/mlflow_tracking_dag.py
[2026-04-26T23:14:16.012+0000] {processor.py:830} INFO - Processing file /home/airflow/dags/mlflow_tracking_dag.py for tasks to queue
[2026-04-26T23:14:16.013+0000] {logging_mixin.py:188} INFO - [2026-04-26T23:14:16.012+0000] {dagbag.py:538} INFO - Filling up the DagBag from /home/airflow/dags/mlflow_tracking_dag.py
[2026-04-26T23:14:16.947+0000] {processor.py:840} INFO - DAG(s) 'model_training_pipeline' retrieved from /home/airflow/dags/mlflow_tracking_dag.py
[2026-04-26T23:14:17.060+0000] {logging_mixin.py:188} INFO - [2026-04-26T23:14:16.957+0000] {dag.py:3036} INFO - Sync 1 DAGs
[2026-04-26T23:14:17.076+0000] {logging_mixin.py:188} INFO - [2026-04-26T23:14:17.075+0000] {dag.py:3823} INFO - Setting next_dagrun for model_training_pipeline to 2026-04-26 00:00:00+00:00, run_after=2026-05-03 00:00:00+00:00
[2026-04-26T23:14:17.097+0000] {processor.py:183} INFO - Processing /home/airflow/dags/mlflow_tracking_dag.py took 1.090 seconds
[2026-04-26T23:14:47.389+0000] {processor.py:161} INFO - Started process (PID=55878) to work on /home/airflow/dags/mlflow_tracking_dag.py
[2026-04-26T23:14:47.390+0000] {processor.py:830} INFO - Processing file /home/airflow/dags/mlflow_tracking_dag.py for tasks to queue
[2026-04-26T23:14:47.392+0000] {logging_mixin.py:188} INFO - [2026-04-26T23:14:47.391+0000] {dagbag.py:538} INFO - Filling up the DagBag from /home/airflow/dags/mlflow_tracking_dag.py
[2026-04-26T23:14:48.628+0000] {processor.py:840} INFO - DAG(s) 'model_training_pipeline' retrieved from /home/airflow/dags/mlflow_tracking_dag.py
[2026-04-26T23:14:48.720+0000] {logging_mixin.py:188} INFO - [2026-04-26T23:14:48.720+0000] {dag.py:3036} INFO - Sync 1 DAGs
[2026-04-26T23:14:48.734+0000] {logging_mixin.py:188} INFO - [2026-04-26T23:14:48.734+0000] {dag.py:3823} INFO - Setting next_dagrun for model_training_pipeline to 2026-04-26 00:00:00+00:00, run_after=2026-05-03 00:00:00+00:00
[2026-04-26T23:14:48.758+0000] {processor.py:183} INFO - Processing /home/airflow/dags/mlflow_tracking_dag.py took 1.373 seconds
[2026-04-26T23:15:19.136+0000] {processor.py:161} INFO - Started process (PID=55923) to work on /home/airflow/dags/mlflow_tracking_dag.py
[2026-04-26T23:15:19.138+0000] {processor.py:830} INFO - Processing file /home/airflow/dags/mlflow_tracking_dag.py for tasks to queue
[2026-04-26T23:15:19.139+0000] {logging_mixin.py:188} INFO - [2026-04-26T23:15:19.138+0000] {dagbag.py:538} INFO - Filling up the DagBag from /home/airflow/dags/mlflow_tracking_dag.py
[2026-04-26T23:15:20.048+0000] {processor.py:840} INFO - DAG(s) 'model_training_pipeline' retrieved from /home/airflow/dags/mlflow_tracking_dag.py
[2026-04-26T23:15:20.071+0000] {logging_mixin.py:188} INFO - [2026-04-26T23:15:20.071+0000] {dag.py:3036} INFO - Sync 1 DAGs
[2026-04-26T23:15:20.088+0000] {logging_mixin.py:188} INFO - [2026-04-26T23:15:20.088+0000] {dag.py:3823} INFO - Setting next_dagrun for model_training_pipeline to 2026-04-26 00:00:00+00:00, run_after=2026-05-03 00:00:00+00:00
[2026-04-26T23:15:20.112+0000] {processor.py:183} INFO - Processing /home/airflow/dags/mlflow_tracking_dag.py took 0.979 seconds
[2026-04-26T23:15:50.788+0000] {processor.py:161} INFO - Started process (PID=55968) to work on /home/airflow/dags/mlflow_tracking_dag.py
[2026-04-26T23:15:50.789+0000] {processor.py:830} INFO - Processing file /home/airflow/dags/mlflow_tracking_dag.py for tasks to queue
[2026-04-26T23:15:50.790+0000] {logging_mixin.py:188} INFO - [2026-04-26T23:15:50.790+0000] {dagbag.py:538} INFO - Filling up the DagBag from /home/airflow/dags/mlflow_tracking_dag.py
[2026-04-26T23:15:51.743+0000] {processor.py:840} INFO - DAG(s) 'model_training_pipeline' retrieved from /home/airflow/dags/mlflow_tracking_dag.py
[2026-04-26T23:15:51.757+0000] {logging_mixin.py:188} INFO - [2026-04-26T23:15:51.756+0000] {dag.py:3036} INFO - Sync 1 DAGs
[2026-04-26T23:15:51.774+0000] {logging_mixin.py:188} INFO - [2026-04-26T23:15:51.774+0000] {dag.py:3823} INFO - Setting next_dagrun for model_training_pipeline to 2026-04-26 00:00:00+00:00, run_after=2026-05-03 00:00:00+00:00
[2026-04-26T23:15:51.797+0000] {processor.py:183} INFO - Processing /home/airflow/dags/mlflow_tracking_dag.py took 1.012 seconds
[2026-04-26T23:16:22.285+0000] {processor.py:161} INFO - Started process (PID=56013) to work on /home/airflow/dags/mlflow_tracking_dag.py
[2026-04-26T23:16:22.286+0000] {processor.py:830} INFO - Processing file /home/airflow/dags/mlflow_tracking_dag.py for tasks to queue
[2026-04-26T23:16:22.287+0000] {logging_mixin.py:188} INFO - [2026-04-26T23:16:22.287+0000] {dagbag.py:538} INFO - Filling up the DagBag from /home/airflow/dags/mlflow_tracking_dag.py
[2026-04-26T23:16:23.244+0000] {processor.py:840} INFO - DAG(s) 'model_training_pipeline' retrieved from /home/airflow/dags/mlflow_tracking_dag.py
[2026-04-26T23:16:23.330+0000] {logging_mixin.py:188} INFO - [2026-04-26T23:16:23.330+0000] {dag.py:3036} INFO - Sync 1 DAGs
[2026-04-26T23:16:23.346+0000] {logging_mixin.py:188} INFO - [2026-04-26T23:16:23.345+0000] {dag.py:3823} INFO - Setting next_dagrun for model_training_pipeline to 2026-04-26 00:00:00+00:00, run_after=2026-05-03 00:00:00+00:00
[2026-04-26T23:16:23.366+0000] {processor.py:183} INFO - Processing /home/airflow/dags/mlflow_tracking_dag.py took 1.085 seconds
[2026-04-26T23:16:53.591+0000] {processor.py:161} INFO - Started process (PID=56058) to work on /home/airflow/dags/mlflow_tracking_dag.py
[2026-04-26T23:16:53.593+0000] {processor.py:830} INFO - Processing file /home/airflow/dags/mlflow_tracking_dag.py for tasks to queue
[2026-04-26T23:16:53.594+0000] {logging_mixin.py:188} INFO - [2026-04-26T23:16:53.594+0000] {dagbag.py:538} INFO - Filling up the DagBag from /home/airflow/dags/mlflow_tracking_dag.py
[2026-04-26T23:16:54.579+0000] {processor.py:840} INFO - DAG(s) 'model_training_pipeline' retrieved from /home/airflow/dags/mlflow_tracking_dag.py
[2026-04-26T23:16:54.600+0000] {logging_mixin.py:188} INFO - [2026-04-26T23:16:54.599+0000] {dag.py:3036} INFO - Sync 1 DAGs
[2026-04-26T23:16:54.616+0000] {logging_mixin.py:188} INFO - [2026-04-26T23:16:54.616+0000] {dag.py:3823} INFO - Setting next_dagrun for model_training_pipeline to 2026-04-26 00:00:00+00:00, run_after=2026-05-03 00:00:00+00:00
[2026-04-26T23:16:54.638+0000] {processor.py:183} INFO - Processing /home/airflow/dags/mlflow_tracking_dag.py took 1.053 seconds
[2026-04-26T23:17:25.020+0000] {processor.py:161} INFO - Started process (PID=56103) to work on /home/airflow/dags/mlflow_tracking_dag.py
[2026-04-26T23:17:25.022+0000] {processor.py:830} INFO - Processing file /home/airflow/dags/mlflow_tracking_dag.py for tasks to queue
[2026-04-26T23:17:25.023+0000] {logging_mixin.py:188} INFO - [2026-04-26T23:17:25.022+0000] {dagbag.py:538} INFO - Filling up the DagBag from /home/airflow/dags/mlflow_tracking_dag.py
[2026-04-26T23:17:25.922+0000] {processor.py:840} INFO - DAG(s) 'model_training_pipeline' retrieved from /home/airflow/dags/mlflow_tracking_dag.py
[2026-04-26T23:17:25.939+0000] {logging_mixin.py:188} INFO - [2026-04-26T23:17:25.938+0000] {dag.py:3036} INFO - Sync 1 DAGs
[2026-04-26T23:17:25.958+0000] {logging_mixin.py:188} INFO - [2026-04-26T23:17:25.958+0000] {dag.py:3823} INFO - Setting next_dagrun for model_training_pipeline to 2026-04-26 00:00:00+00:00, run_after=2026-05-03 00:00:00+00:00
[2026-04-26T23:17:25.983+0000] {processor.py:183} INFO - Processing /home/airflow/dags/mlflow_tracking_dag.py took 0.966 seconds
[2026-04-26T23:17:56.308+0000] {processor.py:161} INFO - Started process (PID=56148) to work on /home/airflow/dags/mlflow_tracking_dag.py
[2026-04-26T23:17:56.309+0000] {processor.py:830} INFO - Processing file /home/airflow/dags/mlflow_tracking_dag.py for tasks to queue
[2026-04-26T23:17:56.310+0000] {logging_mixin.py:188} INFO - [2026-04-26T23:17:56.309+0000] {dagbag.py:538} INFO - Filling up the DagBag from /home/airflow/dags/mlflow_tracking_dag.py
[2026-04-26T23:17:57.256+0000] {processor.py:840} INFO - DAG(s) 'model_training_pipeline' retrieved from /home/airflow/dags/mlflow_tracking_dag.py
[2026-04-26T23:17:57.342+0000] {logging_mixin.py:188} INFO - [2026-04-26T23:17:57.341+0000] {dag.py:3036} INFO - Sync 1 DAGs
[2026-04-26T23:17:57.356+0000] {logging_mixin.py:188} INFO - [2026-04-26T23:17:57.356+0000] {dag.py:3823} INFO - Setting next_dagrun for model_training_pipeline to 2026-04-26 00:00:00+00:00, run_after=2026-05-03 00:00:00+00:00
[2026-04-26T23:17:57.384+0000] {processor.py:183} INFO - Processing /home/airflow/dags/mlflow_tracking_dag.py took 1.079 seconds
[2026-04-26T23:18:27.647+0000] {processor.py:161} INFO - Started process (PID=56193) to work on /home/airflow/dags/mlflow_tracking_dag.py
[2026-04-26T23:18:27.648+0000] {processor.py:830} INFO - Processing file /home/airflow/dags/mlflow_tracking_dag.py for tasks to queue
[2026-04-26T23:18:27.649+0000] {logging_mixin.py:188} INFO - [2026-04-26T23:18:27.649+0000] {dagbag.py:538} INFO - Filling up the DagBag from /home/airflow/dags/mlflow_tracking_dag.py
[2026-04-26T23:18:28.747+0000] {processor.py:840} INFO - DAG(s) 'model_training_pipeline' retrieved from /home/airflow/dags/mlflow_tracking_dag.py
[2026-04-26T23:18:28.769+0000] {logging_mixin.py:188} INFO - [2026-04-26T23:18:28.768+0000] {dag.py:3036} INFO - Sync 1 DAGs
[2026-04-26T23:18:28.784+0000] {logging_mixin.py:188} INFO - [2026-04-26T23:18:28.784+0000] {dag.py:3823} INFO - Setting next_dagrun for model_training_pipeline to 2026-04-26 00:00:00+00:00, run_after=2026-05-03 00:00:00+00:00
[2026-04-26T23:18:28.811+0000] {processor.py:183} INFO - Processing /home/airflow/dags/mlflow_tracking_dag.py took 1.167 seconds
[2026-04-26T23:18:59.162+0000] {processor.py:161} INFO - Started process (PID=56238) to work on /home/airflow/dags/mlflow_tracking_dag.py
[2026-04-26T23:18:59.163+0000] {processor.py:830} INFO - Processing file /home/airflow/dags/mlflow_tracking_dag.py for tasks to queue
[2026-04-26T23:18:59.164+0000] {logging_mixin.py:188} INFO - [2026-04-26T23:18:59.164+0000] {dagbag.py:538} INFO - Filling up the DagBag from /home/airflow/dags/mlflow_tracking_dag.py
[2026-04-26T23:19:00.007+0000] {processor.py:840} INFO - DAG(s) 'model_training_pipeline' retrieved from /home/airflow/dags/mlflow_tracking_dag.py
[2026-04-26T23:19:00.023+0000] {logging_mixin.py:188} INFO - [2026-04-26T23:19:00.022+0000] {dag.py:3036} INFO - Sync 1 DAGs
[2026-04-26T23:19:00.042+0000] {logging_mixin.py:188} INFO - [2026-04-26T23:19:00.042+0000] {dag.py:3823} INFO - Setting next_dagrun for model_training_pipeline to 2026-04-26 00:00:00+00:00, run_after=2026-05-03 00:00:00+00:00
[2026-04-26T23:19:00.067+0000] {processor.py:183} INFO - Processing /home/airflow/dags/mlflow_tracking_dag.py took 0.908 seconds
[2026-04-26T23:19:30.516+0000] {processor.py:161} INFO - Started process (PID=56283) to work on /home/airflow/dags/mlflow_tracking_dag.py
[2026-04-26T23:19:30.518+0000] {processor.py:830} INFO - Processing file /home/airflow/dags/mlflow_tracking_dag.py for tasks to queue
[2026-04-26T23:19:30.520+0000] {logging_mixin.py:188} INFO - [2026-04-26T23:19:30.519+0000] {dagbag.py:538} INFO - Filling up the DagBag from /home/airflow/dags/mlflow_tracking_dag.py
[2026-04-26T23:19:31.565+0000] {processor.py:840} INFO - DAG(s) 'model_training_pipeline' retrieved from /home/airflow/dags/mlflow_tracking_dag.py
[2026-04-26T23:19:31.664+0000] {logging_mixin.py:188} INFO - [2026-04-26T23:19:31.663+0000] {dag.py:3036} INFO - Sync 1 DAGs
[2026-04-26T23:19:31.680+0000] {logging_mixin.py:188} INFO - [2026-04-26T23:19:31.680+0000] {dag.py:3823} INFO - Setting next_dagrun for model_training_pipeline to 2026-04-26 00:00:00+00:00, run_after=2026-05-03 00:00:00+00:00
[2026-04-26T23:19:31.706+0000] {processor.py:183} INFO - Processing /home/airflow/dags/mlflow_tracking_dag.py took 1.193 seconds
[2026-04-26T23:20:01.949+0000] {processor.py:161} INFO - Started process (PID=56328) to work on /home/airflow/dags/mlflow_tracking_dag.py
[2026-04-26T23:20:01.950+0000] {processor.py:830} INFO - Processing file /home/airflow/dags/mlflow_tracking_dag.py for tasks to queue
[2026-04-26T23:20:01.951+0000] {logging_mixin.py:188} INFO - [2026-04-26T23:20:01.951+0000] {dagbag.py:538} INFO - Filling up the DagBag from /home/airflow/dags/mlflow_tracking_dag.py
[2026-04-26T23:20:03.097+0000] {processor.py:840} INFO - DAG(s) 'model_training_pipeline' retrieved from /home/airflow/dags/mlflow_tracking_dag.py
[2026-04-26T23:20:03.119+0000] {logging_mixin.py:188} INFO - [2026-04-26T23:20:03.118+0000] {dag.py:3036} INFO - Sync 1 DAGs
[2026-04-26T23:20:03.136+0000] {logging_mixin.py:188} INFO - [2026-04-26T23:20:03.136+0000] {dag.py:3823} INFO - Setting next_dagrun for model_training_pipeline to 2026-04-26 00:00:00+00:00, run_after=2026-05-03 00:00:00+00:00
[2026-04-26T23:20:03.157+0000] {processor.py:183} INFO - Processing /home/airflow/dags/mlflow_tracking_dag.py took 1.217 seconds
[2026-04-26T23:20:33.507+0000] {processor.py:161} INFO - Started process (PID=56379) to work on /home/airflow/dags/mlflow_tracking_dag.py
[2026-04-26T23:20:33.508+0000] {processor.py:830} INFO - Processing file /home/airflow/dags/mlflow_tracking_dag.py for tasks to queue
[2026-04-26T23:20:33.509+0000] {logging_mixin.py:188} INFO - [2026-04-26T23:20:33.509+0000] {dagbag.py:538} INFO - Filling up the DagBag from /home/airflow/dags/mlflow_tracking_dag.py
[2026-04-26T23:20:34.500+0000] {processor.py:840} INFO - DAG(s) 'model_training_pipeline' retrieved from /home/airflow/dags/mlflow_tracking_dag.py
[2026-04-26T23:20:34.518+0000] {logging_mixin.py:188} INFO - [2026-04-26T23:20:34.517+0000] {dag.py:3036} INFO - Sync 1 DAGs
[2026-04-26T23:20:34.549+0000] {logging_mixin.py:188} INFO - [2026-04-26T23:20:34.548+0000] {dag.py:3823} INFO - Setting next_dagrun for model_training_pipeline to 2026-04-26 00:00:00+00:00, run_after=2026-05-03 00:00:00+00:00
[2026-04-26T23:20:34.576+0000] {processor.py:183} INFO - Processing /home/airflow/dags/mlflow_tracking_dag.py took 1.073 seconds
[2026-04-26T23:21:04.921+0000] {processor.py:161} INFO - Started process (PID=56424) to work on /home/airflow/dags/mlflow_tracking_dag.py
[2026-04-26T23:21:04.922+0000] {processor.py:830} INFO - Processing file /home/airflow/dags/mlflow_tracking_dag.py for tasks to queue
[2026-04-26T23:21:04.924+0000] {logging_mixin.py:188} INFO - [2026-04-26T23:21:04.923+0000] {dagbag.py:538} INFO - Filling up the DagBag from /home/airflow/dags/mlflow_tracking_dag.py
[2026-04-26T23:21:05.803+0000] {processor.py:840} INFO - DAG(s) 'model_training_pipeline' retrieved from /home/airflow/dags/mlflow_tracking_dag.py
[2026-04-26T23:21:05.891+0000] {logging_mixin.py:188} INFO - [2026-04-26T23:21:05.891+0000] {dag.py:3036} INFO - Sync 1 DAGs
[2026-04-26T23:21:05.916+0000] {logging_mixin.py:188} INFO - [2026-04-26T23:21:05.915+0000] {dag.py:3823} INFO - Setting next_dagrun for model_training_pipeline to 2026-04-26 00:00:00+00:00, run_after=2026-05-03 00:00:00+00:00
[2026-04-26T23:21:05.947+0000] {processor.py:183} INFO - Processing /home/airflow/dags/mlflow_tracking_dag.py took 1.029 seconds
[2026-04-26T23:21:36.410+0000] {processor.py:161} INFO - Started process (PID=56469) to work on /home/airflow/dags/mlflow_tracking_dag.py
[2026-04-26T23:21:36.411+0000] {processor.py:830} INFO - Processing file /home/airflow/dags/mlflow_tracking_dag.py for tasks to queue
[2026-04-26T23:21:36.412+0000] {logging_mixin.py:188} INFO - [2026-04-26T23:21:36.412+0000] {dagbag.py:538} INFO - Filling up the DagBag from /home/airflow/dags/mlflow_tracking_dag.py
[2026-04-26T23:21:37.484+0000] {processor.py:840} INFO - DAG(s) 'model_training_pipeline' retrieved from /home/airflow/dags/mlflow_tracking_dag.py
[2026-04-26T23:21:37.511+0000] {logging_mixin.py:188} INFO - [2026-04-26T23:21:37.510+0000] {dag.py:3036} INFO - Sync 1 DAGs
[2026-04-26T23:21:37.533+0000] {logging_mixin.py:188} INFO - [2026-04-26T23:21:37.532+0000] {dag.py:3823} INFO - Setting next_dagrun for model_training_pipeline to 2026-04-26 00:00:00+00:00, run_after=2026-05-03 00:00:00+00:00
[2026-04-26T23:21:37.560+0000] {processor.py:183} INFO - Processing /home/airflow/dags/mlflow_tracking_dag.py took 1.154 seconds
[2026-04-26T23:22:07.860+0000] {processor.py:161} INFO - Started process (PID=56514) to work on /home/airflow/dags/mlflow_tracking_dag.py
[2026-04-26T23:22:07.861+0000] {processor.py:830} INFO - Processing file /home/airflow/dags/mlflow_tracking_dag.py for tasks to queue
[2026-04-26T23:22:07.862+0000] {logging_mixin.py:188} INFO - [2026-04-26T23:22:07.861+0000] {dagbag.py:538} INFO - Filling up the DagBag from /home/airflow/dags/mlflow_tracking_dag.py
[2026-04-26T23:22:08.866+0000] {processor.py:840} INFO - DAG(s) 'model_training_pipeline' retrieved from /home/airflow/dags/mlflow_tracking_dag.py
[2026-04-26T23:22:08.877+0000] {logging_mixin.py:188} INFO - [2026-04-26T23:22:08.876+0000] {dag.py:3036} INFO - Sync 1 DAGs
[2026-04-26T23:22:08.894+0000] {logging_mixin.py:188} INFO - [2026-04-26T23:22:08.893+0000] {dag.py:3823} INFO - Setting next_dagrun for model_training_pipeline to 2026-04-26 00:00:00+00:00, run_after=2026-05-03 00:00:00+00:00
[2026-04-26T23:22:08.915+0000] {processor.py:183} INFO - Processing /home/airflow/dags/mlflow_tracking_dag.py took 1.059 seconds
[2026-04-26T23:22:39.253+0000] {processor.py:161} INFO - Started process (PID=56559) to work on /home/airflow/dags/mlflow_tracking_dag.py
[2026-04-26T23:22:39.254+0000] {processor.py:830} INFO - Processing file /home/airflow/dags/mlflow_tracking_dag.py for tasks to queue
[2026-04-26T23:22:39.255+0000] {logging_mixin.py:188} INFO - [2026-04-26T23:22:39.255+0000] {dagbag.py:538} INFO - Filling up the DagBag from /home/airflow/dags/mlflow_tracking_dag.py
[2026-04-26T23:22:40.093+0000] {processor.py:840} INFO - DAG(s) 'model_training_pipeline' retrieved from /home/airflow/dags/mlflow_tracking_dag.py
[2026-04-26T23:22:40.176+0000] {logging_mixin.py:188} INFO - [2026-04-26T23:22:40.175+0000] {dag.py:3036} INFO - Sync 1 DAGs
[2026-04-26T23:22:40.191+0000] {logging_mixin.py:188} INFO - [2026-04-26T23:22:40.191+0000] {dag.py:3823} INFO - Setting next_dagrun for model_training_pipeline to 2026-04-26 00:00:00+00:00, run_after=2026-05-03 00:00:00+00:00
[2026-04-26T23:22:40.217+0000] {processor.py:183} INFO - Processing /home/airflow/dags/mlflow_tracking_dag.py took 0.967 seconds
[2026-04-26T23:23:10.700+0000] {processor.py:161} INFO - Started process (PID=56604) to work on /home/airflow/dags/mlflow_tracking_dag.py
[2026-04-26T23:23:10.701+0000] {processor.py:830} INFO - Processing file /home/airflow/dags/mlflow_tracking_dag.py for tasks to queue
[2026-04-26T23:23:10.704+0000] {logging_mixin.py:188} INFO - [2026-04-26T23:23:10.703+0000] {dagbag.py:538} INFO - Filling up the DagBag from /home/airflow/dags/mlflow_tracking_dag.py
[2026-04-26T23:23:11.726+0000] {processor.py:840} INFO - DAG(s) 'model_training_pipeline' retrieved from /home/airflow/dags/mlflow_tracking_dag.py
[2026-04-26T23:23:11.750+0000] {logging_mixin.py:188} INFO - [2026-04-26T23:23:11.750+0000] {dag.py:3036} INFO - Sync 1 DAGs
[2026-04-26T23:23:11.768+0000] {logging_mixin.py:188} INFO - [2026-04-26T23:23:11.768+0000] {dag.py:3823} INFO - Setting next_dagrun for model_training_pipeline to 2026-04-26 00:00:00+00:00, run_after=2026-05-03 00:00:00+00:00
[2026-04-26T23:23:11.792+0000] {processor.py:183} INFO - Processing /home/airflow/dags/mlflow_tracking_dag.py took 1.097 seconds
[2026-04-26T23:23:42.170+0000] {processor.py:161} INFO - Started process (PID=56649) to work on /home/airflow/dags/mlflow_tracking_dag.py
[2026-04-26T23:23:42.171+0000] {processor.py:830} INFO - Processing file /home/airflow/dags/mlflow_tracking_dag.py for tasks to queue
[2026-04-26T23:23:42.173+0000] {logging_mixin.py:188} INFO - [2026-04-26T23:23:42.173+0000] {dagbag.py:538} INFO - Filling up the DagBag from /home/airflow/dags/mlflow_tracking_dag.py
[2026-04-26T23:23:43.207+0000] {processor.py:840} INFO - DAG(s) 'model_training_pipeline' retrieved from /home/airflow/dags/mlflow_tracking_dag.py
[2026-04-26T23:23:43.221+0000] {logging_mixin.py:188} INFO - [2026-04-26T23:23:43.220+0000] {dag.py:3036} INFO - Sync 1 DAGs
[2026-04-26T23:23:43.236+0000] {logging_mixin.py:188} INFO - [2026-04-26T23:23:43.236+0000] {dag.py:3823} INFO - Setting next_dagrun for model_training_pipeline to 2026-04-26 00:00:00+00:00, run_after=2026-05-03 00:00:00+00:00
[2026-04-26T23:23:43.258+0000] {processor.py:183} INFO - Processing /home/airflow/dags/mlflow_tracking_dag.py took 1.093 seconds
[2026-04-26T23:24:13.584+0000] {processor.py:161} INFO - Started process (PID=56694) to work on /home/airflow/dags/mlflow_tracking_dag.py
[2026-04-26T23:24:13.586+0000] {processor.py:830} INFO - Processing file /home/airflow/dags/mlflow_tracking_dag.py for tasks to queue
[2026-04-26T23:24:13.587+0000] {logging_mixin.py:188} INFO - [2026-04-26T23:24:13.586+0000] {dagbag.py:538} INFO - Filling up the DagBag from /home/airflow/dags/mlflow_tracking_dag.py
[2026-04-26T23:24:14.423+0000] {processor.py:840} INFO - DAG(s) 'model_training_pipeline' retrieved from /home/airflow/dags/mlflow_tracking_dag.py
[2026-04-26T23:24:14.516+0000] {logging_mixin.py:188} INFO - [2026-04-26T23:24:14.515+0000] {dag.py:3036} INFO - Sync 1 DAGs
[2026-04-26T23:24:14.531+0000] {logging_mixin.py:188} INFO - [2026-04-26T23:24:14.531+0000] {dag.py:3823} INFO - Setting next_dagrun for model_training_pipeline to 2026-04-26 00:00:00+00:00, run_after=2026-05-03 00:00:00+00:00
[2026-04-26T23:24:14.563+0000] {processor.py:183} INFO - Processing /home/airflow/dags/mlflow_tracking_dag.py took 0.982 seconds
[2026-04-26T23:24:44.901+0000] {processor.py:161} INFO - Started process (PID=56739) to work on /home/airflow/dags/mlflow_tracking_dag.py
[2026-04-26T23:24:44.902+0000] {processor.py:830} INFO - Processing file /home/airflow/dags/mlflow_tracking_dag.py for tasks to queue
[2026-04-26T23:24:44.903+0000] {logging_mixin.py:188} INFO - [2026-04-26T23:24:44.903+0000] {dagbag.py:538} INFO - Filling up the DagBag from /home/airflow/dags/mlflow_tracking_dag.py
[2026-04-26T23:24:45.780+0000] {processor.py:840} INFO - DAG(s) 'model_training_pipeline' retrieved from /home/airflow/dags/mlflow_tracking_dag.py
[2026-04-26T23:24:45.802+0000] {logging_mixin.py:188} INFO - [2026-04-26T23:24:45.802+0000] {dag.py:3036} INFO - Sync 1 DAGs
[2026-04-26T23:24:45.819+0000] {logging_mixin.py:188} INFO - [2026-04-26T23:24:45.819+0000] {dag.py:3823} INFO - Setting next_dagrun for model_training_pipeline to 2026-04-26 00:00:00+00:00, run_after=2026-05-03 00:00:00+00:00
[2026-04-26T23:24:45.843+0000] {processor.py:183} INFO - Processing /home/airflow/dags/mlflow_tracking_dag.py took 0.945 seconds
[2026-04-26T23:25:16.004+0000] {processor.py:161} INFO - Started process (PID=56784) to work on /home/airflow/dags/mlflow_tracking_dag.py
[2026-04-26T23:25:16.006+0000] {processor.py:830} INFO - Processing file /home/airflow/dags/mlflow_tracking_dag.py for tasks to queue
[2026-04-26T23:25:16.007+0000] {logging_mixin.py:188} INFO - [2026-04-26T23:25:16.007+0000] {dagbag.py:538} INFO - Filling up the DagBag from /home/airflow/dags/mlflow_tracking_dag.py
[2026-04-26T23:25:16.962+0000] {processor.py:840} INFO - DAG(s) 'model_training_pipeline' retrieved from /home/airflow/dags/mlflow_tracking_dag.py
[2026-04-26T23:25:16.975+0000] {logging_mixin.py:188} INFO - [2026-04-26T23:25:16.974+0000] {dag.py:3036} INFO - Sync 1 DAGs
[2026-04-26T23:25:16.994+0000] {logging_mixin.py:188} INFO - [2026-04-26T23:25:16.993+0000] {dag.py:3823} INFO - Setting next_dagrun for model_training_pipeline to 2026-04-26 00:00:00+00:00, run_after=2026-05-03 00:00:00+00:00
[2026-04-26T23:25:17.019+0000] {processor.py:183} INFO - Processing /home/airflow/dags/mlflow_tracking_dag.py took 1.018 seconds
[2026-04-26T23:25:47.358+0000] {processor.py:161} INFO - Started process (PID=56829) to work on /home/airflow/dags/mlflow_tracking_dag.py
[2026-04-26T23:25:47.359+0000] {processor.py:830} INFO - Processing file /home/airflow/dags/mlflow_tracking_dag.py for tasks to queue
[2026-04-26T23:25:47.360+0000] {logging_mixin.py:188} INFO - [2026-04-26T23:25:47.360+0000] {dagbag.py:538} INFO - Filling up the DagBag from /home/airflow/dags/mlflow_tracking_dag.py
[2026-04-26T23:25:48.163+0000] {processor.py:840} INFO - DAG(s) 'model_training_pipeline' retrieved from /home/airflow/dags/mlflow_tracking_dag.py
[2026-04-26T23:25:48.247+0000] {logging_mixin.py:188} INFO - [2026-04-26T23:25:48.246+0000] {dag.py:3036} INFO - Sync 1 DAGs
[2026-04-26T23:25:48.261+0000] {logging_mixin.py:188} INFO - [2026-04-26T23:25:48.261+0000] {dag.py:3823} INFO - Setting next_dagrun for model_training_pipeline to 2026-04-26 00:00:00+00:00, run_after=2026-05-03 00:00:00+00:00
[2026-04-26T23:25:48.286+0000] {processor.py:183} INFO - Processing /home/airflow/dags/mlflow_tracking_dag.py took 0.932 seconds
[2026-04-26T23:26:18.740+0000] {processor.py:161} INFO - Started process (PID=56874) to work on /home/airflow/dags/mlflow_tracking_dag.py
[2026-04-26T23:26:18.741+0000] {processor.py:830} INFO - Processing file /home/airflow/dags/mlflow_tracking_dag.py for tasks to queue
[2026-04-26T23:26:18.743+0000] {logging_mixin.py:188} INFO - [2026-04-26T23:26:18.742+0000] {dagbag.py:538} INFO - Filling up the DagBag from /home/airflow/dags/mlflow_tracking_dag.py
[2026-04-26T23:26:19.570+0000] {processor.py:840} INFO - DAG(s) 'model_training_pipeline' retrieved from /home/airflow/dags/mlflow_tracking_dag.py
[2026-04-26T23:26:19.590+0000] {logging_mixin.py:188} INFO - [2026-04-26T23:26:19.590+0000] {dag.py:3036} INFO - Sync 1 DAGs
[2026-04-26T23:26:19.604+0000] {logging_mixin.py:188} INFO - [2026-04-26T23:26:19.604+0000] {dag.py:3823} INFO - Setting next_dagrun for model_training_pipeline to 2026-04-26 00:00:00+00:00, run_after=2026-05-03 00:00:00+00:00
[2026-04-26T23:26:19.627+0000] {processor.py:183} INFO - Processing /home/airflow/dags/mlflow_tracking_dag.py took 0.892 seconds
[2026-04-26T23:26:49.950+0000] {processor.py:161} INFO - Started process (PID=56919) to work on /home/airflow/dags/mlflow_tracking_dag.py
[2026-04-26T23:26:49.951+0000] {processor.py:830} INFO - Processing file /home/airflow/dags/mlflow_tracking_dag.py for tasks to queue
[2026-04-26T23:26:49.952+0000] {logging_mixin.py:188} INFO - [2026-04-26T23:26:49.952+0000] {dagbag.py:538} INFO - Filling up the DagBag from /home/airflow/dags/mlflow_tracking_dag.py
[2026-04-26T23:26:50.885+0000] {processor.py:840} INFO - DAG(s) 'model_training_pipeline' retrieved from /home/airflow/dags/mlflow_tracking_dag.py
[2026-04-26T23:26:50.898+0000] {logging_mixin.py:188} INFO - [2026-04-26T23:26:50.898+0000] {dag.py:3036} INFO - Sync 1 DAGs
[2026-04-26T23:26:50.923+0000] {logging_mixin.py:188} INFO - [2026-04-26T23:26:50.923+0000] {dag.py:3823} INFO - Setting next_dagrun for model_training_pipeline to 2026-04-26 00:00:00+00:00, run_after=2026-05-03 00:00:00+00:00
[2026-04-26T23:26:50.953+0000] {processor.py:183} INFO - Processing /home/airflow/dags/mlflow_tracking_dag.py took 1.007 seconds
[2026-04-26T23:27:21.359+0000] {processor.py:161} INFO - Started process (PID=56964) to work on /home/airflow/dags/mlflow_tracking_dag.py
[2026-04-26T23:27:21.360+0000] {processor.py:830} INFO - Processing file /home/airflow/dags/mlflow_tracking_dag.py for tasks to queue
[2026-04-26T23:27:21.361+0000] {logging_mixin.py:188} INFO - [2026-04-26T23:27:21.361+0000] {dagbag.py:538} INFO - Filling up the DagBag from /home/airflow/dags/mlflow_tracking_dag.py
[2026-04-26T23:27:22.210+0000] {processor.py:840} INFO - DAG(s) 'model_training_pipeline' retrieved from /home/airflow/dags/mlflow_tracking_dag.py
[2026-04-26T23:27:22.304+0000] {logging_mixin.py:188} INFO - [2026-04-26T23:27:22.304+0000] {dag.py:3036} INFO - Sync 1 DAGs
[2026-04-26T23:27:22.321+0000] {logging_mixin.py:188} INFO - [2026-04-26T23:27:22.321+0000] {dag.py:3823} INFO - Setting next_dagrun for model_training_pipeline to 2026-04-26 00:00:00+00:00, run_after=2026-05-03 00:00:00+00:00
[2026-04-26T23:27:22.351+0000] {processor.py:183} INFO - Processing /home/airflow/dags/mlflow_tracking_dag.py took 0.995 seconds
[2026-04-26T23:27:52.811+0000] {processor.py:161} INFO - Started process (PID=57009) to work on /home/airflow/dags/mlflow_tracking_dag.py
[2026-04-26T23:27:52.812+0000] {processor.py:830} INFO - Processing file /home/airflow/dags/mlflow_tracking_dag.py for tasks to queue
[2026-04-26T23:27:52.814+0000] {logging_mixin.py:188} INFO - [2026-04-26T23:27:52.813+0000] {dagbag.py:538} INFO - Filling up the DagBag from /home/airflow/dags/mlflow_tracking_dag.py
[2026-04-26T23:27:53.702+0000] {processor.py:840} INFO - DAG(s) 'model_training_pipeline' retrieved from /home/airflow/dags/mlflow_tracking_dag.py
[2026-04-26T23:27:53.723+0000] {logging_mixin.py:188} INFO - [2026-04-26T23:27:53.723+0000] {dag.py:3036} INFO - Sync 1 DAGs
[2026-04-26T23:27:53.738+0000] {logging_mixin.py:188} INFO - [2026-04-26T23:27:53.737+0000] {dag.py:3823} INFO - Setting next_dagrun for model_training_pipeline to 2026-04-26 00:00:00+00:00, run_after=2026-05-03 00:00:00+00:00
[2026-04-26T23:27:53.762+0000] {processor.py:183} INFO - Processing /home/airflow/dags/mlflow_tracking_dag.py took 0.955 seconds
[2026-04-26T23:28:24.160+0000] {processor.py:161} INFO - Started process (PID=57054) to work on /home/airflow/dags/mlflow_tracking_dag.py
[2026-04-26T23:28:24.162+0000] {processor.py:830} INFO - Processing file /home/airflow/dags/mlflow_tracking_dag.py for tasks to queue
[2026-04-26T23:28:24.163+0000] {logging_mixin.py:188} INFO - [2026-04-26T23:28:24.162+0000] {dagbag.py:538} INFO - Filling up the DagBag from /home/airflow/dags/mlflow_tracking_dag.py
[2026-04-26T23:28:25.110+0000] {processor.py:840} INFO - DAG(s) 'model_training_pipeline' retrieved from /home/airflow/dags/mlflow_tracking_dag.py
[2026-04-26T23:28:25.122+0000] {logging_mixin.py:188} INFO - [2026-04-26T23:28:25.121+0000] {dag.py:3036} INFO - Sync 1 DAGs
[2026-04-26T23:28:25.138+0000] {logging_mixin.py:188} INFO - [2026-04-26T23:28:25.138+0000] {dag.py:3823} INFO - Setting next_dagrun for model_training_pipeline to 2026-04-26 00:00:00+00:00, run_after=2026-05-03 00:00:00+00:00
[2026-04-26T23:28:25.161+0000] {processor.py:183} INFO - Processing /home/airflow/dags/mlflow_tracking_dag.py took 1.004 seconds
[2026-04-26T23:28:55.541+0000] {processor.py:161} INFO - Started process (PID=57099) to work on /home/airflow/dags/mlflow_tracking_dag.py
[2026-04-26T23:28:55.542+0000] {processor.py:830} INFO - Processing file /home/airflow/dags/mlflow_tracking_dag.py for tasks to queue
[2026-04-26T23:28:55.543+0000] {logging_mixin.py:188} INFO - [2026-04-26T23:28:55.543+0000] {dagbag.py:538} INFO - Filling up the DagBag from /home/airflow/dags/mlflow_tracking_dag.py
[2026-04-26T23:28:56.413+0000] {processor.py:840} INFO - DAG(s) 'model_training_pipeline' retrieved from /home/airflow/dags/mlflow_tracking_dag.py
[2026-04-26T23:28:56.498+0000] {logging_mixin.py:188} INFO - [2026-04-26T23:28:56.497+0000] {dag.py:3036} INFO - Sync 1 DAGs
[2026-04-26T23:28:56.512+0000] {logging_mixin.py:188} INFO - [2026-04-26T23:28:56.511+0000] {dag.py:3823} INFO - Setting next_dagrun for model_training_pipeline to 2026-04-26 00:00:00+00:00, run_after=2026-05-03 00:00:00+00:00
[2026-04-26T23:28:56.535+0000] {processor.py:183} INFO - Processing /home/airflow/dags/mlflow_tracking_dag.py took 0.998 seconds
[2026-04-26T23:29:26.980+0000] {processor.py:161} INFO - Started process (PID=57144) to work on /home/airflow/dags/mlflow_tracking_dag.py
[2026-04-26T23:29:26.981+0000] {processor.py:830} INFO - Processing file /home/airflow/dags/mlflow_tracking_dag.py for tasks to queue
[2026-04-26T23:29:26.982+0000] {logging_mixin.py:188} INFO - [2026-04-26T23:29:26.982+0000] {dagbag.py:538} INFO - Filling up the DagBag from /home/airflow/dags/mlflow_tracking_dag.py
[2026-04-26T23:29:27.766+0000] {processor.py:840} INFO - DAG(s) 'model_training_pipeline' retrieved from /home/airflow/dags/mlflow_tracking_dag.py
[2026-04-26T23:29:27.788+0000] {logging_mixin.py:188} INFO - [2026-04-26T23:29:27.787+0000] {dag.py:3036} INFO - Sync 1 DAGs
[2026-04-26T23:29:27.802+0000] {logging_mixin.py:188} INFO - [2026-04-26T23:29:27.801+0000] {dag.py:3823} INFO - Setting next_dagrun for model_training_pipeline to 2026-04-26 00:00:00+00:00, run_after=2026-05-03 00:00:00+00:00
[2026-04-26T23:29:27.824+0000] {processor.py:183} INFO - Processing /home/airflow/dags/mlflow_tracking_dag.py took 0.848 seconds
[2026-04-26T23:29:58.048+0000] {processor.py:161} INFO - Started process (PID=57189) to work on /home/airflow/dags/mlflow_tracking_dag.py
[2026-04-26T23:29:58.050+0000] {processor.py:830} INFO - Processing file /home/airflow/dags/mlflow_tracking_dag.py for tasks to queue
[2026-04-26T23:29:58.051+0000] {logging_mixin.py:188} INFO - [2026-04-26T23:29:58.051+0000] {dagbag.py:538} INFO - Filling up the DagBag from /home/airflow/dags/mlflow_tracking_dag.py
[2026-04-26T23:29:59.018+0000] {processor.py:840} INFO - DAG(s) 'model_training_pipeline' retrieved from /home/airflow/dags/mlflow_tracking_dag.py
[2026-04-26T23:29:59.031+0000] {logging_mixin.py:188} INFO - [2026-04-26T23:29:59.030+0000] {dag.py:3036} INFO - Sync 1 DAGs
[2026-04-26T23:29:59.050+0000] {logging_mixin.py:188} INFO - [2026-04-26T23:29:59.050+0000] {dag.py:3823} INFO - Setting next_dagrun for model_training_pipeline to 2026-04-26 00:00:00+00:00, run_after=2026-05-03 00:00:00+00:00
[2026-04-26T23:29:59.070+0000] {processor.py:183} INFO - Processing /home/airflow/dags/mlflow_tracking_dag.py took 1.027 seconds
[2026-04-26T23:30:29.308+0000] {processor.py:161} INFO - Started process (PID=57234) to work on /home/airflow/dags/mlflow_tracking_dag.py
[2026-04-26T23:30:29.309+0000] {processor.py:830} INFO - Processing file /home/airflow/dags/mlflow_tracking_dag.py for tasks to queue
[2026-04-26T23:30:29.310+0000] {logging_mixin.py:188} INFO - [2026-04-26T23:30:29.310+0000] {dagbag.py:538} INFO - Filling up the DagBag from /home/airflow/dags/mlflow_tracking_dag.py
[2026-04-26T23:30:30.143+0000] {processor.py:840} INFO - DAG(s) 'model_training_pipeline' retrieved from /home/airflow/dags/mlflow_tracking_dag.py
[2026-04-26T23:30:30.223+0000] {logging_mixin.py:188} INFO - [2026-04-26T23:30:30.223+0000] {dag.py:3036} INFO - Sync 1 DAGs
[2026-04-26T23:30:30.237+0000] {logging_mixin.py:188} INFO - [2026-04-26T23:30:30.236+0000] {dag.py:3823} INFO - Setting next_dagrun for model_training_pipeline to 2026-04-26 00:00:00+00:00, run_after=2026-05-03 00:00:00+00:00
[2026-04-26T23:30:30.262+0000] {processor.py:183} INFO - Processing /home/airflow/dags/mlflow_tracking_dag.py took 0.958 seconds
[2026-04-26T23:31:00.784+0000] {processor.py:161} INFO - Started process (PID=57279) to work on /home/airflow/dags/mlflow_tracking_dag.py
[2026-04-26T23:31:00.785+0000] {processor.py:830} INFO - Processing file /home/airflow/dags/mlflow_tracking_dag.py for tasks to queue
[2026-04-26T23:31:00.787+0000] {logging_mixin.py:188} INFO - [2026-04-26T23:31:00.786+0000] {dagbag.py:538} INFO - Filling up the DagBag from /home/airflow/dags/mlflow_tracking_dag.py
[2026-04-26T23:31:01.722+0000] {processor.py:840} INFO - DAG(s) 'model_training_pipeline' retrieved from /home/airflow/dags/mlflow_tracking_dag.py
[2026-04-26T23:31:01.747+0000] {logging_mixin.py:188} INFO - [2026-04-26T23:31:01.746+0000] {dag.py:3036} INFO - Sync 1 DAGs
[2026-04-26T23:31:01.761+0000] {logging_mixin.py:188} INFO - [2026-04-26T23:31:01.761+0000] {dag.py:3823} INFO - Setting next_dagrun for model_training_pipeline to 2026-04-26 00:00:00+00:00, run_after=2026-05-03 00:00:00+00:00
[2026-04-26T23:31:01.782+0000] {processor.py:183} INFO - Processing /home/airflow/dags/mlflow_tracking_dag.py took 1.002 seconds
[2026-04-26T23:31:31.938+0000] {processor.py:161} INFO - Started process (PID=57324) to work on /home/airflow/dags/mlflow_tracking_dag.py
[2026-04-26T23:31:31.939+0000] {processor.py:830} INFO - Processing file /home/airflow/dags/mlflow_tracking_dag.py for tasks to queue
[2026-04-26T23:31:31.940+0000] {logging_mixin.py:188} INFO - [2026-04-26T23:31:31.940+0000] {dagbag.py:538} INFO - Filling up the DagBag from /home/airflow/dags/mlflow_tracking_dag.py
[2026-04-26T23:31:32.881+0000] {processor.py:840} INFO - DAG(s) 'model_training_pipeline' retrieved from /home/airflow/dags/mlflow_tracking_dag.py
[2026-04-26T23:31:32.893+0000] {logging_mixin.py:188} INFO - [2026-04-26T23:31:32.893+0000] {dag.py:3036} INFO - Sync 1 DAGs
[2026-04-26T23:31:32.912+0000] {logging_mixin.py:188} INFO - [2026-04-26T23:31:32.912+0000] {dag.py:3823} INFO - Setting next_dagrun for model_training_pipeline to 2026-04-26 00:00:00+00:00, run_after=2026-05-03 00:00:00+00:00
[2026-04-26T23:31:32.936+0000] {processor.py:183} INFO - Processing /home/airflow/dags/mlflow_tracking_dag.py took 1.003 seconds
[2026-04-26T23:32:03.215+0000] {processor.py:161} INFO - Started process (PID=57369) to work on /home/airflow/dags/mlflow_tracking_dag.py
[2026-04-26T23:32:03.216+0000] {processor.py:830} INFO - Processing file /home/airflow/dags/mlflow_tracking_dag.py for tasks to queue
[2026-04-26T23:32:03.217+0000] {logging_mixin.py:188} INFO - [2026-04-26T23:32:03.217+0000] {dagbag.py:538} INFO - Filling up the DagBag from /home/airflow/dags/mlflow_tracking_dag.py
[2026-04-26T23:32:04.073+0000] {processor.py:840} INFO - DAG(s) 'model_training_pipeline' retrieved from /home/airflow/dags/mlflow_tracking_dag.py
[2026-04-26T23:32:04.262+0000] {logging_mixin.py:188} INFO - [2026-04-26T23:32:04.262+0000] {dag.py:3036} INFO - Sync 1 DAGs
[2026-04-26T23:32:04.276+0000] {logging_mixin.py:188} INFO - [2026-04-26T23:32:04.276+0000] {dag.py:3823} INFO - Setting next_dagrun for model_training_pipeline to 2026-04-26 00:00:00+00:00, run_after=2026-05-03 00:00:00+00:00
[2026-04-26T23:32:04.299+0000] {processor.py:183} INFO - Processing /home/airflow/dags/mlflow_tracking_dag.py took 1.088 seconds
[2026-04-26T23:32:34.616+0000] {processor.py:161} INFO - Started process (PID=57414) to work on /home/airflow/dags/mlflow_tracking_dag.py
[2026-04-26T23:32:34.617+0000] {processor.py:830} INFO - Processing file /home/airflow/dags/mlflow_tracking_dag.py for tasks to queue
[2026-04-26T23:32:34.618+0000] {logging_mixin.py:188} INFO - [2026-04-26T23:32:34.618+0000] {dagbag.py:538} INFO - Filling up the DagBag from /home/airflow/dags/mlflow_tracking_dag.py
[2026-04-26T23:32:35.541+0000] {processor.py:840} INFO - DAG(s) 'model_training_pipeline' retrieved from /home/airflow/dags/mlflow_tracking_dag.py
[2026-04-26T23:32:35.563+0000] {logging_mixin.py:188} INFO - [2026-04-26T23:32:35.562+0000] {dag.py:3036} INFO - Sync 1 DAGs
[2026-04-26T23:32:35.580+0000] {logging_mixin.py:188} INFO - [2026-04-26T23:32:35.580+0000] {dag.py:3823} INFO - Setting next_dagrun for model_training_pipeline to 2026-04-26 00:00:00+00:00, run_after=2026-05-03 00:00:00+00:00
[2026-04-26T23:32:35.606+0000] {processor.py:183} INFO - Processing /home/airflow/dags/mlflow_tracking_dag.py took 0.994 seconds
[2026-04-26T23:33:06.036+0000] {processor.py:161} INFO - Started process (PID=57459) to work on /home/airflow/dags/mlflow_tracking_dag.py
[2026-04-26T23:33:06.037+0000] {processor.py:830} INFO - Processing file /home/airflow/dags/mlflow_tracking_dag.py for tasks to queue
[2026-04-26T23:33:06.038+0000] {logging_mixin.py:188} INFO - [2026-04-26T23:33:06.038+0000] {dagbag.py:538} INFO - Filling up the DagBag from /home/airflow/dags/mlflow_tracking_dag.py
[2026-04-26T23:33:06.863+0000] {processor.py:840} INFO - DAG(s) 'model_training_pipeline' retrieved from /home/airflow/dags/mlflow_tracking_dag.py
[2026-04-26T23:33:06.875+0000] {logging_mixin.py:188} INFO - [2026-04-26T23:33:06.875+0000] {dag.py:3036} INFO - Sync 1 DAGs
[2026-04-26T23:33:06.891+0000] {logging_mixin.py:188} INFO - [2026-04-26T23:33:06.890+0000] {dag.py:3823} INFO - Setting next_dagrun for model_training_pipeline to 2026-04-26 00:00:00+00:00, run_after=2026-05-03 00:00:00+00:00
[2026-04-26T23:33:06.913+0000] {processor.py:183} INFO - Processing /home/airflow/dags/mlflow_tracking_dag.py took 0.880 seconds
[2026-04-26T23:33:37.204+0000] {processor.py:161} INFO - Started process (PID=57504) to work on /home/airflow/dags/mlflow_tracking_dag.py
[2026-04-26T23:33:37.205+0000] {processor.py:830} INFO - Processing file /home/airflow/dags/mlflow_tracking_dag.py for tasks to queue
[2026-04-26T23:33:37.206+0000] {logging_mixin.py:188} INFO - [2026-04-26T23:33:37.206+0000] {dagbag.py:538} INFO - Filling up the DagBag from /home/airflow/dags/mlflow_tracking_dag.py
[2026-04-26T23:33:38.028+0000] {processor.py:840} INFO - DAG(s) 'model_training_pipeline' retrieved from /home/airflow/dags/mlflow_tracking_dag.py
[2026-04-26T23:33:38.261+0000] {logging_mixin.py:188} INFO - [2026-04-26T23:33:38.260+0000] {dag.py:3036} INFO - Sync 1 DAGs
[2026-04-26T23:33:38.279+0000] {logging_mixin.py:188} INFO - [2026-04-26T23:33:38.279+0000] {dag.py:3823} INFO - Setting next_dagrun for model_training_pipeline to 2026-04-26 00:00:00+00:00, run_after=2026-05-03 00:00:00+00:00
[2026-04-26T23:33:38.306+0000] {processor.py:183} INFO - Processing /home/airflow/dags/mlflow_tracking_dag.py took 1.105 seconds
[2026-04-26T23:34:08.645+0000] {processor.py:161} INFO - Started process (PID=57549) to work on /home/airflow/dags/mlflow_tracking_dag.py
[2026-04-26T23:34:08.647+0000] {processor.py:830} INFO - Processing file /home/airflow/dags/mlflow_tracking_dag.py for tasks to queue
[2026-04-26T23:34:08.649+0000] {logging_mixin.py:188} INFO - [2026-04-26T23:34:08.648+0000] {dagbag.py:538} INFO - Filling up the DagBag from /home/airflow/dags/mlflow_tracking_dag.py
[2026-04-26T23:34:09.632+0000] {processor.py:840} INFO - DAG(s) 'model_training_pipeline' retrieved from /home/airflow/dags/mlflow_tracking_dag.py
[2026-04-26T23:34:09.756+0000] {logging_mixin.py:188} INFO - [2026-04-26T23:34:09.755+0000] {dag.py:3036} INFO - Sync 1 DAGs
[2026-04-26T23:34:09.770+0000] {logging_mixin.py:188} INFO - [2026-04-26T23:34:09.769+0000] {dag.py:3823} INFO - Setting next_dagrun for model_training_pipeline to 2026-04-26 00:00:00+00:00, run_after=2026-05-03 00:00:00+00:00
[2026-04-26T23:34:09.792+0000] {processor.py:183} INFO - Processing /home/airflow/dags/mlflow_tracking_dag.py took 1.151 seconds
[2026-04-26T23:34:39.990+0000] {processor.py:161} INFO - Started process (PID=57594) to work on /home/airflow/dags/mlflow_tracking_dag.py
[2026-04-26T23:34:39.991+0000] {processor.py:830} INFO - Processing file /home/airflow/dags/mlflow_tracking_dag.py for tasks to queue
[2026-04-26T23:34:39.993+0000] {logging_mixin.py:188} INFO - [2026-04-26T23:34:39.992+0000] {dagbag.py:538} INFO - Filling up the DagBag from /home/airflow/dags/mlflow_tracking_dag.py
[2026-04-26T23:34:41.113+0000] {processor.py:840} INFO - DAG(s) 'model_training_pipeline' retrieved from /home/airflow/dags/mlflow_tracking_dag.py
[2026-04-26T23:34:41.125+0000] {logging_mixin.py:188} INFO - [2026-04-26T23:34:41.125+0000] {dag.py:3036} INFO - Sync 1 DAGs
[2026-04-26T23:34:41.142+0000] {logging_mixin.py:188} INFO - [2026-04-26T23:34:41.142+0000] {dag.py:3823} INFO - Setting next_dagrun for model_training_pipeline to 2026-04-26 00:00:00+00:00, run_after=2026-05-03 00:00:00+00:00
[2026-04-26T23:34:41.169+0000] {processor.py:183} INFO - Processing /home/airflow/dags/mlflow_tracking_dag.py took 1.182 seconds
[2026-04-26T23:35:11.405+0000] {processor.py:161} INFO - Started process (PID=57639) to work on /home/airflow/dags/mlflow_tracking_dag.py
[2026-04-26T23:35:11.406+0000] {processor.py:830} INFO - Processing file /home/airflow/dags/mlflow_tracking_dag.py for tasks to queue
[2026-04-26T23:35:11.407+0000] {logging_mixin.py:188} INFO - [2026-04-26T23:35:11.407+0000] {dagbag.py:538} INFO - Filling up the DagBag from /home/airflow/dags/mlflow_tracking_dag.py
[2026-04-26T23:35:12.201+0000] {processor.py:840} INFO - DAG(s) 'model_training_pipeline' retrieved from /home/airflow/dags/mlflow_tracking_dag.py
[2026-04-26T23:35:12.282+0000] {logging_mixin.py:188} INFO - [2026-04-26T23:35:12.281+0000] {dag.py:3036} INFO - Sync 1 DAGs
[2026-04-26T23:35:12.297+0000] {logging_mixin.py:188} INFO - [2026-04-26T23:35:12.296+0000] {dag.py:3823} INFO - Setting next_dagrun for model_training_pipeline to 2026-04-26 00:00:00+00:00, run_after=2026-05-03 00:00:00+00:00
[2026-04-26T23:35:12.321+0000] {processor.py:183} INFO - Processing /home/airflow/dags/mlflow_tracking_dag.py took 0.920 seconds
[2026-04-26T23:35:42.586+0000] {processor.py:161} INFO - Started process (PID=57684) to work on /home/airflow/dags/mlflow_tracking_dag.py
[2026-04-26T23:35:42.588+0000] {processor.py:830} INFO - Processing file /home/airflow/dags/mlflow_tracking_dag.py for tasks to queue
[2026-04-26T23:35:42.589+0000] {logging_mixin.py:188} INFO - [2026-04-26T23:35:42.589+0000] {dagbag.py:538} INFO - Filling up the DagBag from /home/airflow/dags/mlflow_tracking_dag.py
[2026-04-26T23:35:43.638+0000] {processor.py:840} INFO - DAG(s) 'model_training_pipeline' retrieved from /home/airflow/dags/mlflow_tracking_dag.py
[2026-04-26T23:35:43.661+0000] {logging_mixin.py:188} INFO - [2026-04-26T23:35:43.661+0000] {dag.py:3036} INFO - Sync 1 DAGs
[2026-04-26T23:35:43.678+0000] {logging_mixin.py:188} INFO - [2026-04-26T23:35:43.677+0000] {dag.py:3823} INFO - Setting next_dagrun for model_training_pipeline to 2026-04-26 00:00:00+00:00, run_after=2026-05-03 00:00:00+00:00
[2026-04-26T23:35:43.700+0000] {processor.py:183} INFO - Processing /home/airflow/dags/mlflow_tracking_dag.py took 1.118 seconds
[2026-04-26T23:36:14.149+0000] {processor.py:161} INFO - Started process (PID=57729) to work on /home/airflow/dags/mlflow_tracking_dag.py
[2026-04-26T23:36:14.150+0000] {processor.py:830} INFO - Processing file /home/airflow/dags/mlflow_tracking_dag.py for tasks to queue
[2026-04-26T23:36:14.151+0000] {logging_mixin.py:188} INFO - [2026-04-26T23:36:14.151+0000] {dagbag.py:538} INFO - Filling up the DagBag from /home/airflow/dags/mlflow_tracking_dag.py
[2026-04-26T23:36:15.057+0000] {processor.py:840} INFO - DAG(s) 'model_training_pipeline' retrieved from /home/airflow/dags/mlflow_tracking_dag.py
[2026-04-26T23:36:15.073+0000] {logging_mixin.py:188} INFO - [2026-04-26T23:36:15.072+0000] {dag.py:3036} INFO - Sync 1 DAGs
[2026-04-26T23:36:15.099+0000] {logging_mixin.py:188} INFO - [2026-04-26T23:36:15.099+0000] {dag.py:3823} INFO - Setting next_dagrun for model_training_pipeline to 2026-04-26 00:00:00+00:00, run_after=2026-05-03 00:00:00+00:00
[2026-04-26T23:36:15.130+0000] {processor.py:183} INFO - Processing /home/airflow/dags/mlflow_tracking_dag.py took 0.984 seconds
[2026-04-26T23:36:45.598+0000] {processor.py:161} INFO - Started process (PID=57774) to work on /home/airflow/dags/mlflow_tracking_dag.py
[2026-04-26T23:36:45.600+0000] {processor.py:830} INFO - Processing file /home/airflow/dags/mlflow_tracking_dag.py for tasks to queue
[2026-04-26T23:36:45.601+0000] {logging_mixin.py:188} INFO - [2026-04-26T23:36:45.601+0000] {dagbag.py:538} INFO - Filling up the DagBag from /home/airflow/dags/mlflow_tracking_dag.py
[2026-04-26T23:36:46.620+0000] {processor.py:840} INFO - DAG(s) 'model_training_pipeline' retrieved from /home/airflow/dags/mlflow_tracking_dag.py
[2026-04-26T23:36:46.719+0000] {logging_mixin.py:188} INFO - [2026-04-26T23:36:46.718+0000] {dag.py:3036} INFO - Sync 1 DAGs
[2026-04-26T23:36:46.735+0000] {logging_mixin.py:188} INFO - [2026-04-26T23:36:46.735+0000] {dag.py:3823} INFO - Setting next_dagrun for model_training_pipeline to 2026-04-26 00:00:00+00:00, run_after=2026-05-03 00:00:00+00:00
[2026-04-26T23:36:46.759+0000] {processor.py:183} INFO - Processing /home/airflow/dags/mlflow_tracking_dag.py took 1.165 seconds
[2026-04-26T23:37:17.178+0000] {processor.py:161} INFO - Started process (PID=57819) to work on /home/airflow/dags/mlflow_tracking_dag.py
[2026-04-26T23:37:17.179+0000] {processor.py:830} INFO - Processing file /home/airflow/dags/mlflow_tracking_dag.py for tasks to queue
[2026-04-26T23:37:17.180+0000] {logging_mixin.py:188} INFO - [2026-04-26T23:37:17.180+0000] {dagbag.py:538} INFO - Filling up the DagBag from /home/airflow/dags/mlflow_tracking_dag.py
[2026-04-26T23:37:18.100+0000] {processor.py:840} INFO - DAG(s) 'model_training_pipeline' retrieved from /home/airflow/dags/mlflow_tracking_dag.py
[2026-04-26T23:37:18.120+0000] {logging_mixin.py:188} INFO - [2026-04-26T23:37:18.120+0000] {dag.py:3036} INFO - Sync 1 DAGs
[2026-04-26T23:37:18.135+0000] {logging_mixin.py:188} INFO - [2026-04-26T23:37:18.135+0000] {dag.py:3823} INFO - Setting next_dagrun for model_training_pipeline to 2026-04-26 00:00:00+00:00, run_after=2026-05-03 00:00:00+00:00
[2026-04-26T23:37:18.157+0000] {processor.py:183} INFO - Processing /home/airflow/dags/mlflow_tracking_dag.py took 0.983 seconds
[2026-04-26T23:37:48.548+0000] {processor.py:161} INFO - Started process (PID=57864) to work on /home/airflow/dags/mlflow_tracking_dag.py
[2026-04-26T23:37:48.549+0000] {processor.py:830} INFO - Processing file /home/airflow/dags/mlflow_tracking_dag.py for tasks to queue
[2026-04-26T23:37:48.551+0000] {logging_mixin.py:188} INFO - [2026-04-26T23:37:48.550+0000] {dagbag.py:538} INFO - Filling up the DagBag from /home/airflow/dags/mlflow_tracking_dag.py
[2026-04-26T23:37:49.616+0000] {processor.py:840} INFO - DAG(s) 'model_training_pipeline' retrieved from /home/airflow/dags/mlflow_tracking_dag.py
[2026-04-26T23:37:49.631+0000] {logging_mixin.py:188} INFO - [2026-04-26T23:37:49.630+0000] {dag.py:3036} INFO - Sync 1 DAGs
[2026-04-26T23:37:49.653+0000] {logging_mixin.py:188} INFO - [2026-04-26T23:37:49.653+0000] {dag.py:3823} INFO - Setting next_dagrun for model_training_pipeline to 2026-04-26 00:00:00+00:00, run_after=2026-05-03 00:00:00+00:00
[2026-04-26T23:37:49.681+0000] {processor.py:183} INFO - Processing /home/airflow/dags/mlflow_tracking_dag.py took 1.136 seconds
[2026-04-26T23:38:19.959+0000] {processor.py:161} INFO - Started process (PID=57909) to work on /home/airflow/dags/mlflow_tracking_dag.py
[2026-04-26T23:38:19.960+0000] {processor.py:830} INFO - Processing file /home/airflow/dags/mlflow_tracking_dag.py for tasks to queue
[2026-04-26T23:38:19.961+0000] {logging_mixin.py:188} INFO - [2026-04-26T23:38:19.960+0000] {dagbag.py:538} INFO - Filling up the DagBag from /home/airflow/dags/mlflow_tracking_dag.py
[2026-04-26T23:38:20.794+0000] {processor.py:840} INFO - DAG(s) 'model_training_pipeline' retrieved from /home/airflow/dags/mlflow_tracking_dag.py
[2026-04-26T23:38:20.875+0000] {logging_mixin.py:188} INFO - [2026-04-26T23:38:20.874+0000] {dag.py:3036} INFO - Sync 1 DAGs
[2026-04-26T23:38:20.889+0000] {logging_mixin.py:188} INFO - [2026-04-26T23:38:20.888+0000] {dag.py:3823} INFO - Setting next_dagrun for model_training_pipeline to 2026-04-26 00:00:00+00:00, run_after=2026-05-03 00:00:00+00:00
[2026-04-26T23:38:20.913+0000] {processor.py:183} INFO - Processing /home/airflow/dags/mlflow_tracking_dag.py took 0.958 seconds
[2026-04-26T23:38:51.435+0000] {processor.py:161} INFO - Started process (PID=57954) to work on /home/airflow/dags/mlflow_tracking_dag.py
[2026-04-26T23:38:51.437+0000] {processor.py:830} INFO - Processing file /home/airflow/dags/mlflow_tracking_dag.py for tasks to queue
[2026-04-26T23:38:51.438+0000] {logging_mixin.py:188} INFO - [2026-04-26T23:38:51.438+0000] {dagbag.py:538} INFO - Filling up the DagBag from /home/airflow/dags/mlflow_tracking_dag.py
[2026-04-26T23:38:52.351+0000] {processor.py:840} INFO - DAG(s) 'model_training_pipeline' retrieved from /home/airflow/dags/mlflow_tracking_dag.py
[2026-04-26T23:38:52.373+0000] {logging_mixin.py:188} INFO - [2026-04-26T23:38:52.372+0000] {dag.py:3036} INFO - Sync 1 DAGs
[2026-04-26T23:38:52.389+0000] {logging_mixin.py:188} INFO - [2026-04-26T23:38:52.389+0000] {dag.py:3823} INFO - Setting next_dagrun for model_training_pipeline to 2026-04-26 00:00:00+00:00, run_after=2026-05-03 00:00:00+00:00
[2026-04-26T23:38:52.414+0000] {processor.py:183} INFO - Processing /home/airflow/dags/mlflow_tracking_dag.py took 0.984 seconds
[2026-04-26T23:39:22.834+0000] {processor.py:161} INFO - Started process (PID=57999) to work on /home/airflow/dags/mlflow_tracking_dag.py
[2026-04-26T23:39:22.835+0000] {processor.py:830} INFO - Processing file /home/airflow/dags/mlflow_tracking_dag.py for tasks to queue
[2026-04-26T23:39:22.836+0000] {logging_mixin.py:188} INFO - [2026-04-26T23:39:22.836+0000] {dagbag.py:538} INFO - Filling up the DagBag from /home/airflow/dags/mlflow_tracking_dag.py
[2026-04-26T23:39:23.957+0000] {processor.py:840} INFO - DAG(s) 'model_training_pipeline' retrieved from /home/airflow/dags/mlflow_tracking_dag.py
[2026-04-26T23:39:23.969+0000] {logging_mixin.py:188} INFO - [2026-04-26T23:39:23.969+0000] {dag.py:3036} INFO - Sync 1 DAGs
[2026-04-26T23:39:23.985+0000] {logging_mixin.py:188} INFO - [2026-04-26T23:39:23.985+0000] {dag.py:3823} INFO - Setting next_dagrun for model_training_pipeline to 2026-04-26 00:00:00+00:00, run_after=2026-05-03 00:00:00+00:00
[2026-04-26T23:39:24.008+0000] {processor.py:183} INFO - Processing /home/airflow/dags/mlflow_tracking_dag.py took 1.177 seconds
[2026-04-26T23:39:54.223+0000] {processor.py:161} INFO - Started process (PID=58044) to work on /home/airflow/dags/mlflow_tracking_dag.py
[2026-04-26T23:39:54.224+0000] {processor.py:830} INFO - Processing file /home/airflow/dags/mlflow_tracking_dag.py for tasks to queue
[2026-04-26T23:39:54.225+0000] {logging_mixin.py:188} INFO - [2026-04-26T23:39:54.225+0000] {dagbag.py:538} INFO - Filling up the DagBag from /home/airflow/dags/mlflow_tracking_dag.py
[2026-04-26T23:39:55.052+0000] {processor.py:840} INFO - DAG(s) 'model_training_pipeline' retrieved from /home/airflow/dags/mlflow_tracking_dag.py
[2026-04-26T23:39:55.149+0000] {logging_mixin.py:188} INFO - [2026-04-26T23:39:55.148+0000] {dag.py:3036} INFO - Sync 1 DAGs
[2026-04-26T23:39:55.165+0000] {logging_mixin.py:188} INFO - [2026-04-26T23:39:55.165+0000] {dag.py:3823} INFO - Setting next_dagrun for model_training_pipeline to 2026-04-26 00:00:00+00:00, run_after=2026-05-03 00:00:00+00:00
[2026-04-26T23:39:55.191+0000] {processor.py:183} INFO - Processing /home/airflow/dags/mlflow_tracking_dag.py took 0.971 seconds
[2026-04-26T23:40:25.882+0000] {processor.py:161} INFO - Started process (PID=58089) to work on /home/airflow/dags/mlflow_tracking_dag.py
[2026-04-26T23:40:25.883+0000] {processor.py:830} INFO - Processing file /home/airflow/dags/mlflow_tracking_dag.py for tasks to queue
[2026-04-26T23:40:25.884+0000] {logging_mixin.py:188} INFO - [2026-04-26T23:40:25.884+0000] {dagbag.py:538} INFO - Filling up the DagBag from /home/airflow/dags/mlflow_tracking_dag.py
[2026-04-26T23:40:26.800+0000] {processor.py:840} INFO - DAG(s) 'model_training_pipeline' retrieved from /home/airflow/dags/mlflow_tracking_dag.py
[2026-04-26T23:40:26.823+0000] {logging_mixin.py:188} INFO - [2026-04-26T23:40:26.823+0000] {dag.py:3036} INFO - Sync 1 DAGs
[2026-04-26T23:40:26.842+0000] {logging_mixin.py:188} INFO - [2026-04-26T23:40:26.841+0000] {dag.py:3823} INFO - Setting next_dagrun for model_training_pipeline to 2026-04-26 00:00:00+00:00, run_after=2026-05-03 00:00:00+00:00
[2026-04-26T23:40:26.863+0000] {processor.py:183} INFO - Processing /home/airflow/dags/mlflow_tracking_dag.py took 0.985 seconds
[2026-04-26T23:40:57.380+0000] {processor.py:161} INFO - Started process (PID=58134) to work on /home/airflow/dags/mlflow_tracking_dag.py
[2026-04-26T23:40:57.381+0000] {processor.py:830} INFO - Processing file /home/airflow/dags/mlflow_tracking_dag.py for tasks to queue
[2026-04-26T23:40:57.382+0000] {logging_mixin.py:188} INFO - [2026-04-26T23:40:57.382+0000] {dagbag.py:538} INFO - Filling up the DagBag from /home/airflow/dags/mlflow_tracking_dag.py
[2026-04-26T23:40:58.283+0000] {processor.py:840} INFO - DAG(s) 'model_training_pipeline' retrieved from /home/airflow/dags/mlflow_tracking_dag.py
[2026-04-26T23:40:58.296+0000] {logging_mixin.py:188} INFO - [2026-04-26T23:40:58.295+0000] {dag.py:3036} INFO - Sync 1 DAGs
[2026-04-26T23:40:58.313+0000] {logging_mixin.py:188} INFO - [2026-04-26T23:40:58.313+0000] {dag.py:3823} INFO - Setting next_dagrun for model_training_pipeline to 2026-04-26 00:00:00+00:00, run_after=2026-05-03 00:00:00+00:00
[2026-04-26T23:40:58.336+0000] {processor.py:183} INFO - Processing /home/airflow/dags/mlflow_tracking_dag.py took 0.959 seconds
[2026-04-26T23:41:28.791+0000] {processor.py:161} INFO - Started process (PID=58179) to work on /home/airflow/dags/mlflow_tracking_dag.py
[2026-04-26T23:41:28.792+0000] {processor.py:830} INFO - Processing file /home/airflow/dags/mlflow_tracking_dag.py for tasks to queue
[2026-04-26T23:41:28.793+0000] {logging_mixin.py:188} INFO - [2026-04-26T23:41:28.793+0000] {dagbag.py:538} INFO - Filling up the DagBag from /home/airflow/dags/mlflow_tracking_dag.py
[2026-04-26T23:41:29.770+0000] {processor.py:840} INFO - DAG(s) 'model_training_pipeline' retrieved from /home/airflow/dags/mlflow_tracking_dag.py
[2026-04-26T23:41:29.865+0000] {logging_mixin.py:188} INFO - [2026-04-26T23:41:29.865+0000] {dag.py:3036} INFO - Sync 1 DAGs
[2026-04-26T23:41:29.880+0000] {logging_mixin.py:188} INFO - [2026-04-26T23:41:29.880+0000] {dag.py:3823} INFO - Setting next_dagrun for model_training_pipeline to 2026-04-26 00:00:00+00:00, run_after=2026-05-03 00:00:00+00:00
[2026-04-26T23:41:29.904+0000] {processor.py:183} INFO - Processing /home/airflow/dags/mlflow_tracking_dag.py took 1.116 seconds
[2026-04-26T23:42:00.166+0000] {processor.py:161} INFO - Started process (PID=58224) to work on /home/airflow/dags/mlflow_tracking_dag.py
[2026-04-26T23:42:00.167+0000] {processor.py:830} INFO - Processing file /home/airflow/dags/mlflow_tracking_dag.py for tasks to queue
[2026-04-26T23:42:00.169+0000] {logging_mixin.py:188} INFO - [2026-04-26T23:42:00.168+0000] {dagbag.py:538} INFO - Filling up the DagBag from /home/airflow/dags/mlflow_tracking_dag.py
[2026-04-26T23:42:01.052+0000] {processor.py:840} INFO - DAG(s) 'model_training_pipeline' retrieved from /home/airflow/dags/mlflow_tracking_dag.py
[2026-04-26T23:42:01.072+0000] {logging_mixin.py:188} INFO - [2026-04-26T23:42:01.071+0000] {dag.py:3036} INFO - Sync 1 DAGs
[2026-04-26T23:42:01.086+0000] {logging_mixin.py:188} INFO - [2026-04-26T23:42:01.086+0000] {dag.py:3823} INFO - Setting next_dagrun for model_training_pipeline to 2026-04-26 00:00:00+00:00, run_after=2026-05-03 00:00:00+00:00
[2026-04-26T23:42:01.108+0000] {processor.py:183} INFO - Processing /home/airflow/dags/mlflow_tracking_dag.py took 0.947 seconds
[2026-04-26T23:42:31.289+0000] {processor.py:161} INFO - Started process (PID=58269) to work on /home/airflow/dags/mlflow_tracking_dag.py
[2026-04-26T23:42:31.291+0000] {processor.py:830} INFO - Processing file /home/airflow/dags/mlflow_tracking_dag.py for tasks to queue
[2026-04-26T23:42:31.292+0000] {logging_mixin.py:188} INFO - [2026-04-26T23:42:31.292+0000] {dagbag.py:538} INFO - Filling up the DagBag from /home/airflow/dags/mlflow_tracking_dag.py
[2026-04-26T23:42:32.317+0000] {processor.py:840} INFO - DAG(s) 'model_training_pipeline' retrieved from /home/airflow/dags/mlflow_tracking_dag.py
[2026-04-26T23:42:32.330+0000] {logging_mixin.py:188} INFO - [2026-04-26T23:42:32.329+0000] {dag.py:3036} INFO - Sync 1 DAGs
[2026-04-26T23:42:32.347+0000] {logging_mixin.py:188} INFO - [2026-04-26T23:42:32.347+0000] {dag.py:3823} INFO - Setting next_dagrun for model_training_pipeline to 2026-04-26 00:00:00+00:00, run_after=2026-05-03 00:00:00+00:00
[2026-04-26T23:42:32.371+0000] {processor.py:183} INFO - Processing /home/airflow/dags/mlflow_tracking_dag.py took 1.088 seconds
[2026-04-26T23:43:02.645+0000] {processor.py:161} INFO - Started process (PID=58314) to work on /home/airflow/dags/mlflow_tracking_dag.py
[2026-04-26T23:43:02.646+0000] {processor.py:830} INFO - Processing file /home/airflow/dags/mlflow_tracking_dag.py for tasks to queue
[2026-04-26T23:43:02.647+0000] {logging_mixin.py:188} INFO - [2026-04-26T23:43:02.647+0000] {dagbag.py:538} INFO - Filling up the DagBag from /home/airflow/dags/mlflow_tracking_dag.py
[2026-04-26T23:43:03.514+0000] {processor.py:840} INFO - DAG(s) 'model_training_pipeline' retrieved from /home/airflow/dags/mlflow_tracking_dag.py
[2026-04-26T23:43:03.609+0000] {logging_mixin.py:188} INFO - [2026-04-26T23:43:03.609+0000] {dag.py:3036} INFO - Sync 1 DAGs
[2026-04-26T23:43:03.625+0000] {logging_mixin.py:188} INFO - [2026-04-26T23:43:03.625+0000] {dag.py:3823} INFO - Setting next_dagrun for model_training_pipeline to 2026-04-26 00:00:00+00:00, run_after=2026-05-03 00:00:00+00:00
[2026-04-26T23:43:03.655+0000] {processor.py:183} INFO - Processing /home/airflow/dags/mlflow_tracking_dag.py took 1.013 seconds
[2026-04-26T23:43:33.970+0000] {processor.py:161} INFO - Started process (PID=58359) to work on /home/airflow/dags/mlflow_tracking_dag.py
[2026-04-26T23:43:33.971+0000] {processor.py:830} INFO - Processing file /home/airflow/dags/mlflow_tracking_dag.py for tasks to queue
[2026-04-26T23:43:33.972+0000] {logging_mixin.py:188} INFO - [2026-04-26T23:43:33.972+0000] {dagbag.py:538} INFO - Filling up the DagBag from /home/airflow/dags/mlflow_tracking_dag.py
[2026-04-26T23:43:34.787+0000] {processor.py:840} INFO - DAG(s) 'model_training_pipeline' retrieved from /home/airflow/dags/mlflow_tracking_dag.py
[2026-04-26T23:43:34.811+0000] {logging_mixin.py:188} INFO - [2026-04-26T23:43:34.811+0000] {dag.py:3036} INFO - Sync 1 DAGs
[2026-04-26T23:43:34.826+0000] {logging_mixin.py:188} INFO - [2026-04-26T23:43:34.826+0000] {dag.py:3823} INFO - Setting next_dagrun for model_training_pipeline to 2026-04-26 00:00:00+00:00, run_after=2026-05-03 00:00:00+00:00
[2026-04-26T23:43:34.848+0000] {processor.py:183} INFO - Processing /home/airflow/dags/mlflow_tracking_dag.py took 0.882 seconds
[2026-04-26T23:44:05.595+0000] {processor.py:161} INFO - Started process (PID=58404) to work on /home/airflow/dags/mlflow_tracking_dag.py
[2026-04-26T23:44:05.598+0000] {processor.py:830} INFO - Processing file /home/airflow/dags/mlflow_tracking_dag.py for tasks to queue
[2026-04-26T23:44:05.599+0000] {logging_mixin.py:188} INFO - [2026-04-26T23:44:05.599+0000] {dagbag.py:538} INFO - Filling up the DagBag from /home/airflow/dags/mlflow_tracking_dag.py
[2026-04-26T23:44:06.700+0000] {processor.py:840} INFO - DAG(s) 'model_training_pipeline' retrieved from /home/airflow/dags/mlflow_tracking_dag.py
[2026-04-26T23:44:06.713+0000] {logging_mixin.py:188} INFO - [2026-04-26T23:44:06.713+0000] {dag.py:3036} INFO - Sync 1 DAGs
[2026-04-26T23:44:06.733+0000] {logging_mixin.py:188} INFO - [2026-04-26T23:44:06.733+0000] {dag.py:3823} INFO - Setting next_dagrun for model_training_pipeline to 2026-04-26 00:00:00+00:00, run_after=2026-05-03 00:00:00+00:00
[2026-04-26T23:44:06.758+0000] {processor.py:183} INFO - Processing /home/airflow/dags/mlflow_tracking_dag.py took 1.166 seconds
[2026-04-26T23:44:37.022+0000] {processor.py:161} INFO - Started process (PID=58449) to work on /home/airflow/dags/mlflow_tracking_dag.py
[2026-04-26T23:44:37.023+0000] {processor.py:830} INFO - Processing file /home/airflow/dags/mlflow_tracking_dag.py for tasks to queue
[2026-04-26T23:44:37.025+0000] {logging_mixin.py:188} INFO - [2026-04-26T23:44:37.024+0000] {dagbag.py:538} INFO - Filling up the DagBag from /home/airflow/dags/mlflow_tracking_dag.py
[2026-04-26T23:44:37.853+0000] {processor.py:840} INFO - DAG(s) 'model_training_pipeline' retrieved from /home/airflow/dags/mlflow_tracking_dag.py
[2026-04-26T23:44:37.938+0000] {logging_mixin.py:188} INFO - [2026-04-26T23:44:37.937+0000] {dag.py:3036} INFO - Sync 1 DAGs
[2026-04-26T23:44:37.954+0000] {logging_mixin.py:188} INFO - [2026-04-26T23:44:37.953+0000] {dag.py:3823} INFO - Setting next_dagrun for model_training_pipeline to 2026-04-26 00:00:00+00:00, run_after=2026-05-03 00:00:00+00:00
[2026-04-26T23:44:37.977+0000] {processor.py:183} INFO - Processing /home/airflow/dags/mlflow_tracking_dag.py took 0.959 seconds
[2026-04-26T23:45:08.564+0000] {processor.py:161} INFO - Started process (PID=58494) to work on /home/airflow/dags/mlflow_tracking_dag.py
[2026-04-26T23:45:08.565+0000] {processor.py:830} INFO - Processing file /home/airflow/dags/mlflow_tracking_dag.py for tasks to queue
[2026-04-26T23:45:08.566+0000] {logging_mixin.py:188} INFO - [2026-04-26T23:45:08.566+0000] {dagbag.py:538} INFO - Filling up the DagBag from /home/airflow/dags/mlflow_tracking_dag.py
[2026-04-26T23:45:09.470+0000] {processor.py:840} INFO - DAG(s) 'model_training_pipeline' retrieved from /home/airflow/dags/mlflow_tracking_dag.py
[2026-04-26T23:45:09.493+0000] {logging_mixin.py:188} INFO - [2026-04-26T23:45:09.493+0000] {dag.py:3036} INFO - Sync 1 DAGs
[2026-04-26T23:45:09.513+0000] {logging_mixin.py:188} INFO - [2026-04-26T23:45:09.513+0000] {dag.py:3823} INFO - Setting next_dagrun for model_training_pipeline to 2026-04-26 00:00:00+00:00, run_after=2026-05-03 00:00:00+00:00
[2026-04-26T23:45:09.547+0000] {processor.py:183} INFO - Processing /home/airflow/dags/mlflow_tracking_dag.py took 0.986 seconds
[2026-04-26T23:45:39.958+0000] {processor.py:161} INFO - Started process (PID=58539) to work on /home/airflow/dags/mlflow_tracking_dag.py
[2026-04-26T23:45:39.960+0000] {processor.py:830} INFO - Processing file /home/airflow/dags/mlflow_tracking_dag.py for tasks to queue
[2026-04-26T23:45:39.961+0000] {logging_mixin.py:188} INFO - [2026-04-26T23:45:39.961+0000] {dagbag.py:538} INFO - Filling up the DagBag from /home/airflow/dags/mlflow_tracking_dag.py
[2026-04-26T23:45:41.021+0000] {processor.py:840} INFO - DAG(s) 'model_training_pipeline' retrieved from /home/airflow/dags/mlflow_tracking_dag.py
[2026-04-26T23:45:41.036+0000] {logging_mixin.py:188} INFO - [2026-04-26T23:45:41.035+0000] {dag.py:3036} INFO - Sync 1 DAGs
[2026-04-26T23:45:41.053+0000] {logging_mixin.py:188} INFO - [2026-04-26T23:45:41.053+0000] {dag.py:3823} INFO - Setting next_dagrun for model_training_pipeline to 2026-04-26 00:00:00+00:00, run_after=2026-05-03 00:00:00+00:00
[2026-04-26T23:45:41.078+0000] {processor.py:183} INFO - Processing /home/airflow/dags/mlflow_tracking_dag.py took 1.123 seconds
[2026-04-26T23:46:11.195+0000] {processor.py:161} INFO - Started process (PID=58584) to work on /home/airflow/dags/mlflow_tracking_dag.py
[2026-04-26T23:46:11.196+0000] {processor.py:830} INFO - Processing file /home/airflow/dags/mlflow_tracking_dag.py for tasks to queue
[2026-04-26T23:46:11.197+0000] {logging_mixin.py:188} INFO - [2026-04-26T23:46:11.197+0000] {dagbag.py:538} INFO - Filling up the DagBag from /home/airflow/dags/mlflow_tracking_dag.py
[2026-04-26T23:46:12.032+0000] {processor.py:840} INFO - DAG(s) 'model_training_pipeline' retrieved from /home/airflow/dags/mlflow_tracking_dag.py
[2026-04-26T23:46:12.113+0000] {logging_mixin.py:188} INFO - [2026-04-26T23:46:12.113+0000] {dag.py:3036} INFO - Sync 1 DAGs
[2026-04-26T23:46:12.128+0000] {logging_mixin.py:188} INFO - [2026-04-26T23:46:12.128+0000] {dag.py:3823} INFO - Setting next_dagrun for model_training_pipeline to 2026-04-26 00:00:00+00:00, run_after=2026-05-03 00:00:00+00:00
[2026-04-26T23:46:12.258+0000] {processor.py:183} INFO - Processing /home/airflow/dags/mlflow_tracking_dag.py took 1.067 seconds
[2026-04-26T23:46:42.753+0000] {processor.py:161} INFO - Started process (PID=58629) to work on /home/airflow/dags/mlflow_tracking_dag.py
[2026-04-26T23:46:42.754+0000] {processor.py:830} INFO - Processing file /home/airflow/dags/mlflow_tracking_dag.py for tasks to queue
[2026-04-26T23:46:42.755+0000] {logging_mixin.py:188} INFO - [2026-04-26T23:46:42.755+0000] {dagbag.py:538} INFO - Filling up the DagBag from /home/airflow/dags/mlflow_tracking_dag.py
[2026-04-26T23:46:43.597+0000] {processor.py:840} INFO - DAG(s) 'model_training_pipeline' retrieved from /home/airflow/dags/mlflow_tracking_dag.py
[2026-04-26T23:46:43.623+0000] {logging_mixin.py:188} INFO - [2026-04-26T23:46:43.622+0000] {dag.py:3036} INFO - Sync 1 DAGs
[2026-04-26T23:46:43.640+0000] {logging_mixin.py:188} INFO - [2026-04-26T23:46:43.640+0000] {dag.py:3823} INFO - Setting next_dagrun for model_training_pipeline to 2026-04-26 00:00:00+00:00, run_after=2026-05-03 00:00:00+00:00
[2026-04-26T23:46:43.663+0000] {processor.py:183} INFO - Processing /home/airflow/dags/mlflow_tracking_dag.py took 0.914 seconds
[2026-04-26T23:47:14.200+0000] {processor.py:161} INFO - Started process (PID=58674) to work on /home/airflow/dags/mlflow_tracking_dag.py
[2026-04-26T23:47:14.201+0000] {processor.py:830} INFO - Processing file /home/airflow/dags/mlflow_tracking_dag.py for tasks to queue
[2026-04-26T23:47:14.202+0000] {logging_mixin.py:188} INFO - [2026-04-26T23:47:14.202+0000] {dagbag.py:538} INFO - Filling up the DagBag from /home/airflow/dags/mlflow_tracking_dag.py
[2026-04-26T23:47:15.123+0000] {processor.py:840} INFO - DAG(s) 'model_training_pipeline' retrieved from /home/airflow/dags/mlflow_tracking_dag.py
[2026-04-26T23:47:15.134+0000] {logging_mixin.py:188} INFO - [2026-04-26T23:47:15.134+0000] {dag.py:3036} INFO - Sync 1 DAGs
[2026-04-26T23:47:15.149+0000] {logging_mixin.py:188} INFO - [2026-04-26T23:47:15.149+0000] {dag.py:3823} INFO - Setting next_dagrun for model_training_pipeline to 2026-04-26 00:00:00+00:00, run_after=2026-05-03 00:00:00+00:00
[2026-04-26T23:47:15.174+0000] {processor.py:183} INFO - Processing /home/airflow/dags/mlflow_tracking_dag.py took 0.978 seconds
[2026-04-26T23:47:45.445+0000] {processor.py:161} INFO - Started process (PID=58719) to work on /home/airflow/dags/mlflow_tracking_dag.py
[2026-04-26T23:47:45.446+0000] {processor.py:830} INFO - Processing file /home/airflow/dags/mlflow_tracking_dag.py for tasks to queue
[2026-04-26T23:47:45.447+0000] {logging_mixin.py:188} INFO - [2026-04-26T23:47:45.447+0000] {dagbag.py:538} INFO - Filling up the DagBag from /home/airflow/dags/mlflow_tracking_dag.py
[2026-04-26T23:47:46.423+0000] {processor.py:840} INFO - DAG(s) 'model_training_pipeline' retrieved from /home/airflow/dags/mlflow_tracking_dag.py
[2026-04-26T23:47:46.622+0000] {logging_mixin.py:188} INFO - [2026-04-26T23:47:46.621+0000] {dag.py:3036} INFO - Sync 1 DAGs
[2026-04-26T23:47:46.638+0000] {logging_mixin.py:188} INFO - [2026-04-26T23:47:46.637+0000] {dag.py:3823} INFO - Setting next_dagrun for model_training_pipeline to 2026-04-26 00:00:00+00:00, run_after=2026-05-03 00:00:00+00:00
[2026-04-26T23:47:46.665+0000] {processor.py:183} INFO - Processing /home/airflow/dags/mlflow_tracking_dag.py took 1.224 seconds
[2026-04-26T23:48:16.933+0000] {processor.py:161} INFO - Started process (PID=58764) to work on /home/airflow/dags/mlflow_tracking_dag.py
[2026-04-26T23:48:16.934+0000] {processor.py:830} INFO - Processing file /home/airflow/dags/mlflow_tracking_dag.py for tasks to queue
[2026-04-26T23:48:16.935+0000] {logging_mixin.py:188} INFO - [2026-04-26T23:48:16.935+0000] {dagbag.py:538} INFO - Filling up the DagBag from /home/airflow/dags/mlflow_tracking_dag.py
[2026-04-26T23:48:17.800+0000] {processor.py:840} INFO - DAG(s) 'model_training_pipeline' retrieved from /home/airflow/dags/mlflow_tracking_dag.py
[2026-04-26T23:48:17.823+0000] {logging_mixin.py:188} INFO - [2026-04-26T23:48:17.822+0000] {dag.py:3036} INFO - Sync 1 DAGs
[2026-04-26T23:48:17.941+0000] {logging_mixin.py:188} INFO - [2026-04-26T23:48:17.940+0000] {dag.py:3823} INFO - Setting next_dagrun for model_training_pipeline to 2026-04-26 00:00:00+00:00, run_after=2026-05-03 00:00:00+00:00
[2026-04-26T23:48:17.963+0000] {processor.py:183} INFO - Processing /home/airflow/dags/mlflow_tracking_dag.py took 1.034 seconds
[2026-04-26T23:48:48.056+0000] {processor.py:161} INFO - Started process (PID=58809) to work on /home/airflow/dags/mlflow_tracking_dag.py
[2026-04-26T23:48:48.058+0000] {processor.py:830} INFO - Processing file /home/airflow/dags/mlflow_tracking_dag.py for tasks to queue
[2026-04-26T23:48:48.059+0000] {logging_mixin.py:188} INFO - [2026-04-26T23:48:48.059+0000] {dagbag.py:538} INFO - Filling up the DagBag from /home/airflow/dags/mlflow_tracking_dag.py
[2026-04-26T23:48:48.952+0000] {processor.py:840} INFO - DAG(s) 'model_training_pipeline' retrieved from /home/airflow/dags/mlflow_tracking_dag.py
[2026-04-26T23:48:48.964+0000] {logging_mixin.py:188} INFO - [2026-04-26T23:48:48.963+0000] {dag.py:3036} INFO - Sync 1 DAGs
[2026-04-26T23:48:48.979+0000] {logging_mixin.py:188} INFO - [2026-04-26T23:48:48.979+0000] {dag.py:3823} INFO - Setting next_dagrun for model_training_pipeline to 2026-04-26 00:00:00+00:00, run_after=2026-05-03 00:00:00+00:00
[2026-04-26T23:48:49.001+0000] {processor.py:183} INFO - Processing /home/airflow/dags/mlflow_tracking_dag.py took 0.947 seconds
[2026-04-26T23:49:19.542+0000] {processor.py:161} INFO - Started process (PID=58854) to work on /home/airflow/dags/mlflow_tracking_dag.py
[2026-04-26T23:49:19.543+0000] {processor.py:830} INFO - Processing file /home/airflow/dags/mlflow_tracking_dag.py for tasks to queue
[2026-04-26T23:49:19.544+0000] {logging_mixin.py:188} INFO - [2026-04-26T23:49:19.544+0000] {dagbag.py:538} INFO - Filling up the DagBag from /home/airflow/dags/mlflow_tracking_dag.py
[2026-04-26T23:49:20.587+0000] {processor.py:840} INFO - DAG(s) 'model_training_pipeline' retrieved from /home/airflow/dags/mlflow_tracking_dag.py
[2026-04-26T23:49:20.672+0000] {logging_mixin.py:188} INFO - [2026-04-26T23:49:20.671+0000] {dag.py:3036} INFO - Sync 1 DAGs
[2026-04-26T23:49:20.688+0000] {logging_mixin.py:188} INFO - [2026-04-26T23:49:20.688+0000] {dag.py:3823} INFO - Setting next_dagrun for model_training_pipeline to 2026-04-26 00:00:00+00:00, run_after=2026-05-03 00:00:00+00:00
[2026-04-26T23:49:20.710+0000] {processor.py:183} INFO - Processing /home/airflow/dags/mlflow_tracking_dag.py took 1.172 seconds
[2026-04-26T23:49:50.875+0000] {processor.py:161} INFO - Started process (PID=58899) to work on /home/airflow/dags/mlflow_tracking_dag.py
[2026-04-26T23:49:50.877+0000] {processor.py:830} INFO - Processing file /home/airflow/dags/mlflow_tracking_dag.py for tasks to queue
[2026-04-26T23:49:50.878+0000] {logging_mixin.py:188} INFO - [2026-04-26T23:49:50.877+0000] {dagbag.py:538} INFO - Filling up the DagBag from /home/airflow/dags/mlflow_tracking_dag.py
[2026-04-26T23:49:51.780+0000] {processor.py:840} INFO - DAG(s) 'model_training_pipeline' retrieved from /home/airflow/dags/mlflow_tracking_dag.py
[2026-04-26T23:49:51.804+0000] {logging_mixin.py:188} INFO - [2026-04-26T23:49:51.804+0000] {dag.py:3036} INFO - Sync 1 DAGs
[2026-04-26T23:49:51.820+0000] {logging_mixin.py:188} INFO - [2026-04-26T23:49:51.819+0000] {dag.py:3823} INFO - Setting next_dagrun for model_training_pipeline to 2026-04-26 00:00:00+00:00, run_after=2026-05-03 00:00:00+00:00
[2026-04-26T23:49:51.841+0000] {processor.py:183} INFO - Processing /home/airflow/dags/mlflow_tracking_dag.py took 0.969 seconds
[2026-04-26T23:50:22.165+0000] {processor.py:161} INFO - Started process (PID=58944) to work on /home/airflow/dags/mlflow_tracking_dag.py
[2026-04-26T23:50:22.166+0000] {processor.py:830} INFO - Processing file /home/airflow/dags/mlflow_tracking_dag.py for tasks to queue
[2026-04-26T23:50:22.168+0000] {logging_mixin.py:188} INFO - [2026-04-26T23:50:22.167+0000] {dagbag.py:538} INFO - Filling up the DagBag from /home/airflow/dags/mlflow_tracking_dag.py
[2026-04-26T23:50:22.982+0000] {processor.py:840} INFO - DAG(s) 'model_training_pipeline' retrieved from /home/airflow/dags/mlflow_tracking_dag.py
[2026-04-26T23:50:22.994+0000] {logging_mixin.py:188} INFO - [2026-04-26T23:50:22.994+0000] {dag.py:3036} INFO - Sync 1 DAGs
[2026-04-26T23:50:23.010+0000] {logging_mixin.py:188} INFO - [2026-04-26T23:50:23.010+0000] {dag.py:3823} INFO - Setting next_dagrun for model_training_pipeline to 2026-04-26 00:00:00+00:00, run_after=2026-05-03 00:00:00+00:00
[2026-04-26T23:50:23.032+0000] {processor.py:183} INFO - Processing /home/airflow/dags/mlflow_tracking_dag.py took 0.870 seconds
[2026-04-26T23:50:53.410+0000] {processor.py:161} INFO - Started process (PID=58989) to work on /home/airflow/dags/mlflow_tracking_dag.py
[2026-04-26T23:50:53.412+0000] {processor.py:830} INFO - Processing file /home/airflow/dags/mlflow_tracking_dag.py for tasks to queue
[2026-04-26T23:50:53.413+0000] {logging_mixin.py:188} INFO - [2026-04-26T23:50:53.413+0000] {dagbag.py:538} INFO - Filling up the DagBag from /home/airflow/dags/mlflow_tracking_dag.py
[2026-04-26T23:50:54.398+0000] {processor.py:840} INFO - DAG(s) 'model_training_pipeline' retrieved from /home/airflow/dags/mlflow_tracking_dag.py
[2026-04-26T23:50:54.480+0000] {logging_mixin.py:188} INFO - [2026-04-26T23:50:54.480+0000] {dag.py:3036} INFO - Sync 1 DAGs
[2026-04-26T23:50:54.496+0000] {logging_mixin.py:188} INFO - [2026-04-26T23:50:54.495+0000] {dag.py:3823} INFO - Setting next_dagrun for model_training_pipeline to 2026-04-26 00:00:00+00:00, run_after=2026-05-03 00:00:00+00:00
[2026-04-26T23:50:54.521+0000] {processor.py:183} INFO - Processing /home/airflow/dags/mlflow_tracking_dag.py took 1.114 seconds
[2026-04-26T23:51:24.903+0000] {processor.py:161} INFO - Started process (PID=59034) to work on /home/airflow/dags/mlflow_tracking_dag.py
[2026-04-26T23:51:24.904+0000] {processor.py:830} INFO - Processing file /home/airflow/dags/mlflow_tracking_dag.py for tasks to queue
[2026-04-26T23:51:24.905+0000] {logging_mixin.py:188} INFO - [2026-04-26T23:51:24.905+0000] {dagbag.py:538} INFO - Filling up the DagBag from /home/airflow/dags/mlflow_tracking_dag.py
[2026-04-26T23:51:25.863+0000] {processor.py:840} INFO - DAG(s) 'model_training_pipeline' retrieved from /home/airflow/dags/mlflow_tracking_dag.py
[2026-04-26T23:51:25.888+0000] {logging_mixin.py:188} INFO - [2026-04-26T23:51:25.887+0000] {dag.py:3036} INFO - Sync 1 DAGs
[2026-04-26T23:51:25.910+0000] {logging_mixin.py:188} INFO - [2026-04-26T23:51:25.910+0000] {dag.py:3823} INFO - Setting next_dagrun for model_training_pipeline to 2026-04-26 00:00:00+00:00, run_after=2026-05-03 00:00:00+00:00
[2026-04-26T23:51:25.939+0000] {processor.py:183} INFO - Processing /home/airflow/dags/mlflow_tracking_dag.py took 1.040 seconds
[2026-04-26T23:51:56.358+0000] {processor.py:161} INFO - Started process (PID=59079) to work on /home/airflow/dags/mlflow_tracking_dag.py
[2026-04-26T23:51:56.360+0000] {processor.py:830} INFO - Processing file /home/airflow/dags/mlflow_tracking_dag.py for tasks to queue
[2026-04-26T23:51:56.361+0000] {logging_mixin.py:188} INFO - [2026-04-26T23:51:56.361+0000] {dagbag.py:538} INFO - Filling up the DagBag from /home/airflow/dags/mlflow_tracking_dag.py
[2026-04-26T23:51:57.431+0000] {processor.py:840} INFO - DAG(s) 'model_training_pipeline' retrieved from /home/airflow/dags/mlflow_tracking_dag.py
[2026-04-26T23:51:57.443+0000] {logging_mixin.py:188} INFO - [2026-04-26T23:51:57.442+0000] {dag.py:3036} INFO - Sync 1 DAGs
[2026-04-26T23:51:57.458+0000] {logging_mixin.py:188} INFO - [2026-04-26T23:51:57.458+0000] {dag.py:3823} INFO - Setting next_dagrun for model_training_pipeline to 2026-04-26 00:00:00+00:00, run_after=2026-05-03 00:00:00+00:00
[2026-04-26T23:51:57.478+0000] {processor.py:183} INFO - Processing /home/airflow/dags/mlflow_tracking_dag.py took 1.123 seconds
[2026-04-26T23:52:27.803+0000] {processor.py:161} INFO - Started process (PID=59124) to work on /home/airflow/dags/mlflow_tracking_dag.py
[2026-04-26T23:52:27.805+0000] {processor.py:830} INFO - Processing file /home/airflow/dags/mlflow_tracking_dag.py for tasks to queue
[2026-04-26T23:52:27.806+0000] {logging_mixin.py:188} INFO - [2026-04-26T23:52:27.805+0000] {dagbag.py:538} INFO - Filling up the DagBag from /home/airflow/dags/mlflow_tracking_dag.py
[2026-04-26T23:52:28.869+0000] {processor.py:840} INFO - DAG(s) 'model_training_pipeline' retrieved from /home/airflow/dags/mlflow_tracking_dag.py
[2026-04-26T23:52:28.972+0000] {logging_mixin.py:188} INFO - [2026-04-26T23:52:28.972+0000] {dag.py:3036} INFO - Sync 1 DAGs
[2026-04-26T23:52:28.990+0000] {logging_mixin.py:188} INFO - [2026-04-26T23:52:28.989+0000] {dag.py:3823} INFO - Setting next_dagrun for model_training_pipeline to 2026-04-26 00:00:00+00:00, run_after=2026-05-03 00:00:00+00:00
[2026-04-26T23:52:29.015+0000] {processor.py:183} INFO - Processing /home/airflow/dags/mlflow_tracking_dag.py took 1.215 seconds
[2026-04-26T23:52:59.367+0000] {processor.py:161} INFO - Started process (PID=59169) to work on /home/airflow/dags/mlflow_tracking_dag.py
[2026-04-26T23:52:59.368+0000] {processor.py:830} INFO - Processing file /home/airflow/dags/mlflow_tracking_dag.py for tasks to queue
[2026-04-26T23:52:59.370+0000] {logging_mixin.py:188} INFO - [2026-04-26T23:52:59.369+0000] {dagbag.py:538} INFO - Filling up the DagBag from /home/airflow/dags/mlflow_tracking_dag.py
[2026-04-26T23:53:00.555+0000] {processor.py:840} INFO - DAG(s) 'model_training_pipeline' retrieved from /home/airflow/dags/mlflow_tracking_dag.py
[2026-04-26T23:53:00.581+0000] {logging_mixin.py:188} INFO - [2026-04-26T23:53:00.581+0000] {dag.py:3036} INFO - Sync 1 DAGs
[2026-04-26T23:53:00.598+0000] {logging_mixin.py:188} INFO - [2026-04-26T23:53:00.598+0000] {dag.py:3823} INFO - Setting next_dagrun for model_training_pipeline to 2026-04-26 00:00:00+00:00, run_after=2026-05-03 00:00:00+00:00
[2026-04-26T23:53:00.620+0000] {processor.py:183} INFO - Processing /home/airflow/dags/mlflow_tracking_dag.py took 1.258 seconds
[2026-04-26T23:53:30.778+0000] {processor.py:161} INFO - Started process (PID=59214) to work on /home/airflow/dags/mlflow_tracking_dag.py
[2026-04-26T23:53:30.779+0000] {processor.py:830} INFO - Processing file /home/airflow/dags/mlflow_tracking_dag.py for tasks to queue
[2026-04-26T23:53:30.781+0000] {logging_mixin.py:188} INFO - [2026-04-26T23:53:30.780+0000] {dagbag.py:538} INFO - Filling up the DagBag from /home/airflow/dags/mlflow_tracking_dag.py
[2026-04-26T23:53:31.705+0000] {processor.py:840} INFO - DAG(s) 'model_training_pipeline' retrieved from /home/airflow/dags/mlflow_tracking_dag.py
[2026-04-26T23:53:31.718+0000] {logging_mixin.py:188} INFO - [2026-04-26T23:53:31.717+0000] {dag.py:3036} INFO - Sync 1 DAGs
[2026-04-26T23:53:31.735+0000] {logging_mixin.py:188} INFO - [2026-04-26T23:53:31.734+0000] {dag.py:3823} INFO - Setting next_dagrun for model_training_pipeline to 2026-04-26 00:00:00+00:00, run_after=2026-05-03 00:00:00+00:00
[2026-04-26T23:53:31.756+0000] {processor.py:183} INFO - Processing /home/airflow/dags/mlflow_tracking_dag.py took 0.982 seconds
[2026-04-26T23:54:02.329+0000] {processor.py:161} INFO - Started process (PID=59265) to work on /home/airflow/dags/mlflow_tracking_dag.py
[2026-04-26T23:54:02.331+0000] {processor.py:830} INFO - Processing file /home/airflow/dags/mlflow_tracking_dag.py for tasks to queue
[2026-04-26T23:54:02.332+0000] {logging_mixin.py:188} INFO - [2026-04-26T23:54:02.331+0000] {dagbag.py:538} INFO - Filling up the DagBag from /home/airflow/dags/mlflow_tracking_dag.py
[2026-04-26T23:54:03.400+0000] {processor.py:840} INFO - DAG(s) 'model_training_pipeline' retrieved from /home/airflow/dags/mlflow_tracking_dag.py
[2026-04-26T23:54:03.503+0000] {logging_mixin.py:188} INFO - [2026-04-26T23:54:03.503+0000] {dag.py:3036} INFO - Sync 1 DAGs
[2026-04-26T23:54:03.523+0000] {logging_mixin.py:188} INFO - [2026-04-26T23:54:03.522+0000] {dag.py:3823} INFO - Setting next_dagrun for model_training_pipeline to 2026-04-26 00:00:00+00:00, run_after=2026-05-03 00:00:00+00:00
[2026-04-26T23:54:03.555+0000] {processor.py:183} INFO - Processing /home/airflow/dags/mlflow_tracking_dag.py took 1.230 seconds
[2026-04-26T23:54:33.816+0000] {processor.py:161} INFO - Started process (PID=59310) to work on /home/airflow/dags/mlflow_tracking_dag.py
[2026-04-26T23:54:33.818+0000] {processor.py:830} INFO - Processing file /home/airflow/dags/mlflow_tracking_dag.py for tasks to queue
[2026-04-26T23:54:33.819+0000] {logging_mixin.py:188} INFO - [2026-04-26T23:54:33.819+0000] {dagbag.py:538} INFO - Filling up the DagBag from /home/airflow/dags/mlflow_tracking_dag.py
[2026-04-26T23:54:34.763+0000] {processor.py:840} INFO - DAG(s) 'model_training_pipeline' retrieved from /home/airflow/dags/mlflow_tracking_dag.py
[2026-04-26T23:54:34.784+0000] {logging_mixin.py:188} INFO - [2026-04-26T23:54:34.784+0000] {dag.py:3036} INFO - Sync 1 DAGs
[2026-04-26T23:54:34.802+0000] {logging_mixin.py:188} INFO - [2026-04-26T23:54:34.802+0000] {dag.py:3823} INFO - Setting next_dagrun for model_training_pipeline to 2026-04-26 00:00:00+00:00, run_after=2026-05-03 00:00:00+00:00
[2026-04-26T23:54:34.824+0000] {processor.py:183} INFO - Processing /home/airflow/dags/mlflow_tracking_dag.py took 1.011 seconds
[2026-04-26T23:55:05.180+0000] {processor.py:161} INFO - Started process (PID=59355) to work on /home/airflow/dags/mlflow_tracking_dag.py
[2026-04-26T23:55:05.181+0000] {processor.py:830} INFO - Processing file /home/airflow/dags/mlflow_tracking_dag.py for tasks to queue
[2026-04-26T23:55:05.183+0000] {logging_mixin.py:188} INFO - [2026-04-26T23:55:05.182+0000] {dagbag.py:538} INFO - Filling up the DagBag from /home/airflow/dags/mlflow_tracking_dag.py
[2026-04-26T23:55:06.255+0000] {processor.py:840} INFO - DAG(s) 'model_training_pipeline' retrieved from /home/airflow/dags/mlflow_tracking_dag.py
[2026-04-26T23:55:06.266+0000] {logging_mixin.py:188} INFO - [2026-04-26T23:55:06.265+0000] {dag.py:3036} INFO - Sync 1 DAGs
[2026-04-26T23:55:06.281+0000] {logging_mixin.py:188} INFO - [2026-04-26T23:55:06.280+0000] {dag.py:3823} INFO - Setting next_dagrun for model_training_pipeline to 2026-04-26 00:00:00+00:00, run_after=2026-05-03 00:00:00+00:00
[2026-04-26T23:55:06.301+0000] {processor.py:183} INFO - Processing /home/airflow/dags/mlflow_tracking_dag.py took 1.124 seconds
[2026-04-26T23:55:36.691+0000] {processor.py:161} INFO - Started process (PID=59400) to work on /home/airflow/dags/mlflow_tracking_dag.py
[2026-04-26T23:55:36.692+0000] {processor.py:830} INFO - Processing file /home/airflow/dags/mlflow_tracking_dag.py for tasks to queue
[2026-04-26T23:55:36.693+0000] {logging_mixin.py:188} INFO - [2026-04-26T23:55:36.693+0000] {dagbag.py:538} INFO - Filling up the DagBag from /home/airflow/dags/mlflow_tracking_dag.py
[2026-04-26T23:55:37.766+0000] {processor.py:840} INFO - DAG(s) 'model_training_pipeline' retrieved from /home/airflow/dags/mlflow_tracking_dag.py
[2026-04-26T23:55:37.864+0000] {logging_mixin.py:188} INFO - [2026-04-26T23:55:37.864+0000] {dag.py:3036} INFO - Sync 1 DAGs
[2026-04-26T23:55:37.882+0000] {logging_mixin.py:188} INFO - [2026-04-26T23:55:37.882+0000] {dag.py:3823} INFO - Setting next_dagrun for model_training_pipeline to 2026-04-26 00:00:00+00:00, run_after=2026-05-03 00:00:00+00:00
[2026-04-26T23:55:37.909+0000] {processor.py:183} INFO - Processing /home/airflow/dags/mlflow_tracking_dag.py took 1.222 seconds
[2026-04-26T23:56:08.797+0000] {processor.py:161} INFO - Started process (PID=59445) to work on /home/airflow/dags/mlflow_tracking_dag.py
[2026-04-26T23:56:08.798+0000] {processor.py:830} INFO - Processing file /home/airflow/dags/mlflow_tracking_dag.py for tasks to queue
[2026-04-26T23:56:08.799+0000] {logging_mixin.py:188} INFO - [2026-04-26T23:56:08.799+0000] {dagbag.py:538} INFO - Filling up the DagBag from /home/airflow/dags/mlflow_tracking_dag.py
[2026-04-26T23:56:09.688+0000] {processor.py:840} INFO - DAG(s) 'model_training_pipeline' retrieved from /home/airflow/dags/mlflow_tracking_dag.py
[2026-04-26T23:56:09.711+0000] {logging_mixin.py:188} INFO - [2026-04-26T23:56:09.711+0000] {dag.py:3036} INFO - Sync 1 DAGs
[2026-04-26T23:56:09.731+0000] {logging_mixin.py:188} INFO - [2026-04-26T23:56:09.731+0000] {dag.py:3823} INFO - Setting next_dagrun for model_training_pipeline to 2026-04-26 00:00:00+00:00, run_after=2026-05-03 00:00:00+00:00
[2026-04-26T23:56:09.756+0000] {processor.py:183} INFO - Processing /home/airflow/dags/mlflow_tracking_dag.py took 0.963 seconds
[2026-04-26T23:56:40.258+0000] {processor.py:161} INFO - Started process (PID=59490) to work on /home/airflow/dags/mlflow_tracking_dag.py
[2026-04-26T23:56:40.260+0000] {processor.py:830} INFO - Processing file /home/airflow/dags/mlflow_tracking_dag.py for tasks to queue
[2026-04-26T23:56:40.261+0000] {logging_mixin.py:188} INFO - [2026-04-26T23:56:40.260+0000] {dagbag.py:538} INFO - Filling up the DagBag from /home/airflow/dags/mlflow_tracking_dag.py
[2026-04-26T23:56:41.206+0000] {processor.py:840} INFO - DAG(s) 'model_training_pipeline' retrieved from /home/airflow/dags/mlflow_tracking_dag.py
[2026-04-26T23:56:41.218+0000] {logging_mixin.py:188} INFO - [2026-04-26T23:56:41.217+0000] {dag.py:3036} INFO - Sync 1 DAGs
[2026-04-26T23:56:41.233+0000] {logging_mixin.py:188} INFO - [2026-04-26T23:56:41.233+0000] {dag.py:3823} INFO - Setting next_dagrun for model_training_pipeline to 2026-04-26 00:00:00+00:00, run_after=2026-05-03 00:00:00+00:00
[2026-04-26T23:56:41.262+0000] {processor.py:183} INFO - Processing /home/airflow/dags/mlflow_tracking_dag.py took 1.007 seconds
[2026-04-26T23:57:11.725+0000] {processor.py:161} INFO - Started process (PID=59535) to work on /home/airflow/dags/mlflow_tracking_dag.py
[2026-04-26T23:57:11.727+0000] {processor.py:830} INFO - Processing file /home/airflow/dags/mlflow_tracking_dag.py for tasks to queue
[2026-04-26T23:57:11.728+0000] {logging_mixin.py:188} INFO - [2026-04-26T23:57:11.728+0000] {dagbag.py:538} INFO - Filling up the DagBag from /home/airflow/dags/mlflow_tracking_dag.py
[2026-04-26T23:57:12.897+0000] {processor.py:840} INFO - DAG(s) 'model_training_pipeline' retrieved from /home/airflow/dags/mlflow_tracking_dag.py
[2026-04-26T23:57:13.001+0000] {logging_mixin.py:188} INFO - [2026-04-26T23:57:13.000+0000] {dag.py:3036} INFO - Sync 1 DAGs
[2026-04-26T23:57:13.018+0000] {logging_mixin.py:188} INFO - [2026-04-26T23:57:13.017+0000] {dag.py:3823} INFO - Setting next_dagrun for model_training_pipeline to 2026-04-26 00:00:00+00:00, run_after=2026-05-03 00:00:00+00:00
[2026-04-26T23:57:13.044+0000] {processor.py:183} INFO - Processing /home/airflow/dags/mlflow_tracking_dag.py took 1.322 seconds
[2026-04-26T23:57:43.392+0000] {processor.py:161} INFO - Started process (PID=59580) to work on /home/airflow/dags/mlflow_tracking_dag.py
[2026-04-26T23:57:43.393+0000] {processor.py:830} INFO - Processing file /home/airflow/dags/mlflow_tracking_dag.py for tasks to queue
[2026-04-26T23:57:43.394+0000] {logging_mixin.py:188} INFO - [2026-04-26T23:57:43.394+0000] {dagbag.py:538} INFO - Filling up the DagBag from /home/airflow/dags/mlflow_tracking_dag.py
[2026-04-26T23:57:44.257+0000] {processor.py:840} INFO - DAG(s) 'model_training_pipeline' retrieved from /home/airflow/dags/mlflow_tracking_dag.py
[2026-04-26T23:57:44.281+0000] {logging_mixin.py:188} INFO - [2026-04-26T23:57:44.280+0000] {dag.py:3036} INFO - Sync 1 DAGs
[2026-04-26T23:57:44.299+0000] {logging_mixin.py:188} INFO - [2026-04-26T23:57:44.298+0000] {dag.py:3823} INFO - Setting next_dagrun for model_training_pipeline to 2026-04-26 00:00:00+00:00, run_after=2026-05-03 00:00:00+00:00
[2026-04-26T23:57:44.325+0000] {processor.py:183} INFO - Processing /home/airflow/dags/mlflow_tracking_dag.py took 0.937 seconds
[2026-04-26T23:58:15.072+0000] {processor.py:161} INFO - Started process (PID=59625) to work on /home/airflow/dags/mlflow_tracking_dag.py
[2026-04-26T23:58:15.073+0000] {processor.py:830} INFO - Processing file /home/airflow/dags/mlflow_tracking_dag.py for tasks to queue
[2026-04-26T23:58:15.075+0000] {logging_mixin.py:188} INFO - [2026-04-26T23:58:15.074+0000] {dagbag.py:538} INFO - Filling up the DagBag from /home/airflow/dags/mlflow_tracking_dag.py
[2026-04-26T23:58:15.916+0000] {processor.py:840} INFO - DAG(s) 'model_training_pipeline' retrieved from /home/airflow/dags/mlflow_tracking_dag.py
[2026-04-26T23:58:15.929+0000] {logging_mixin.py:188} INFO - [2026-04-26T23:58:15.929+0000] {dag.py:3036} INFO - Sync 1 DAGs
[2026-04-26T23:58:15.947+0000] {logging_mixin.py:188} INFO - [2026-04-26T23:58:15.947+0000] {dag.py:3823} INFO - Setting next_dagrun for model_training_pipeline to 2026-04-26 00:00:00+00:00, run_after=2026-05-03 00:00:00+00:00
[2026-04-26T23:58:15.970+0000] {processor.py:183} INFO - Processing /home/airflow/dags/mlflow_tracking_dag.py took 0.901 seconds
[2026-04-26T23:58:46.435+0000] {processor.py:161} INFO - Started process (PID=59670) to work on /home/airflow/dags/mlflow_tracking_dag.py
[2026-04-26T23:58:46.436+0000] {processor.py:830} INFO - Processing file /home/airflow/dags/mlflow_tracking_dag.py for tasks to queue
[2026-04-26T23:58:46.437+0000] {logging_mixin.py:188} INFO - [2026-04-26T23:58:46.437+0000] {dagbag.py:538} INFO - Filling up the DagBag from /home/airflow/dags/mlflow_tracking_dag.py
[2026-04-26T23:58:47.329+0000] {processor.py:840} INFO - DAG(s) 'model_training_pipeline' retrieved from /home/airflow/dags/mlflow_tracking_dag.py
[2026-04-26T23:58:47.420+0000] {logging_mixin.py:188} INFO - [2026-04-26T23:58:47.419+0000] {dag.py:3036} INFO - Sync 1 DAGs
[2026-04-26T23:58:47.436+0000] {logging_mixin.py:188} INFO - [2026-04-26T23:58:47.435+0000] {dag.py:3823} INFO - Setting next_dagrun for model_training_pipeline to 2026-04-26 00:00:00+00:00, run_after=2026-05-03 00:00:00+00:00
[2026-04-26T23:58:47.460+0000] {processor.py:183} INFO - Processing /home/airflow/dags/mlflow_tracking_dag.py took 1.029 seconds
[2026-04-26T23:59:17.835+0000] {processor.py:161} INFO - Started process (PID=59715) to work on /home/airflow/dags/mlflow_tracking_dag.py
[2026-04-26T23:59:17.836+0000] {processor.py:830} INFO - Processing file /home/airflow/dags/mlflow_tracking_dag.py for tasks to queue
[2026-04-26T23:59:17.837+0000] {logging_mixin.py:188} INFO - [2026-04-26T23:59:17.837+0000] {dagbag.py:538} INFO - Filling up the DagBag from /home/airflow/dags/mlflow_tracking_dag.py
[2026-04-26T23:59:18.735+0000] {processor.py:840} INFO - DAG(s) 'model_training_pipeline' retrieved from /home/airflow/dags/mlflow_tracking_dag.py
[2026-04-26T23:59:18.760+0000] {logging_mixin.py:188} INFO - [2026-04-26T23:59:18.759+0000] {dag.py:3036} INFO - Sync 1 DAGs
[2026-04-26T23:59:18.778+0000] {logging_mixin.py:188} INFO - [2026-04-26T23:59:18.778+0000] {dag.py:3823} INFO - Setting next_dagrun for model_training_pipeline to 2026-04-26 00:00:00+00:00, run_after=2026-05-03 00:00:00+00:00
[2026-04-26T23:59:18.802+0000] {processor.py:183} INFO - Processing /home/airflow/dags/mlflow_tracking_dag.py took 0.970 seconds
[2026-04-26T23:59:49.004+0000] {processor.py:161} INFO - Started process (PID=59760) to work on /home/airflow/dags/mlflow_tracking_dag.py
[2026-04-26T23:59:49.005+0000] {processor.py:830} INFO - Processing file /home/airflow/dags/mlflow_tracking_dag.py for tasks to queue
[2026-04-26T23:59:49.006+0000] {logging_mixin.py:188} INFO - [2026-04-26T23:59:49.006+0000] {dagbag.py:538} INFO - Filling up the DagBag from /home/airflow/dags/mlflow_tracking_dag.py
[2026-04-26T23:59:49.963+0000] {processor.py:840} INFO - DAG(s) 'model_training_pipeline' retrieved from /home/airflow/dags/mlflow_tracking_dag.py
[2026-04-26T23:59:49.976+0000] {logging_mixin.py:188} INFO - [2026-04-26T23:59:49.975+0000] {dag.py:3036} INFO - Sync 1 DAGs
[2026-04-26T23:59:49.996+0000] {logging_mixin.py:188} INFO - [2026-04-26T23:59:49.996+0000] {dag.py:3823} INFO - Setting next_dagrun for model_training_pipeline to 2026-04-26 00:00:00+00:00, run_after=2026-05-03 00:00:00+00:00
[2026-04-26T23:59:50.020+0000] {processor.py:183} INFO - Processing /home/airflow/dags/mlflow_tracking_dag.py took 1.019 seconds
