[2026-04-22T19:06:07.932+0000] {processor.py:161} INFO - Started process (PID=164) to work on /home/airflow/dags/data_merge_dag.py
[2026-04-22T19:06:07.939+0000] {processor.py:830} INFO - Processing file /home/airflow/dags/data_merge_dag.py for tasks to queue
[2026-04-22T19:06:07.946+0000] {logging_mixin.py:188} INFO - [2026-04-22T19:06:07.942+0000] {dagbag.py:538} INFO - Filling up the DagBag from /home/airflow/dags/data_merge_dag.py
[2026-04-22T19:06:08.751+0000] {processor.py:840} INFO - DAG(s) 'data_merge_pipeline' retrieved from /home/airflow/dags/data_merge_dag.py
[2026-04-22T19:06:09.183+0000] {logging_mixin.py:188} INFO - [2026-04-22T19:06:09.182+0000] {override.py:1769} INFO - Created Permission View: can read on DAG:data_merge_pipeline
[2026-04-22T19:06:09.194+0000] {logging_mixin.py:188} INFO - [2026-04-22T19:06:09.193+0000] {override.py:1769} INFO - Created Permission View: can edit on DAG:data_merge_pipeline
[2026-04-22T19:06:09.204+0000] {logging_mixin.py:188} INFO - [2026-04-22T19:06:09.204+0000] {override.py:1769} INFO - Created Permission View: can delete on DAG:data_merge_pipeline
[2026-04-22T19:06:09.208+0000] {logging_mixin.py:188} INFO - [2026-04-22T19:06:09.207+0000] {dag.py:3036} INFO - Sync 1 DAGs
[2026-04-22T19:06:09.235+0000] {logging_mixin.py:188} INFO - [2026-04-22T19:06:09.234+0000] {dag.py:3058} INFO - Creating ORM DAG for data_merge_pipeline
[2026-04-22T19:06:09.262+0000] {logging_mixin.py:188} INFO - [2026-04-22T19:06:09.261+0000] {dag.py:3823} INFO - Setting next_dagrun for data_merge_pipeline to 2026-04-26 00:00:00+00:00, run_after=2026-05-03 00:00:00+00:00
[2026-04-22T19:06:09.298+0000] {processor.py:183} INFO - Processing /home/airflow/dags/data_merge_dag.py took 1.387 seconds
[2026-04-22T19:06:39.592+0000] {processor.py:161} INFO - Started process (PID=170) to work on /home/airflow/dags/data_merge_dag.py
[2026-04-22T19:06:39.596+0000] {processor.py:830} INFO - Processing file /home/airflow/dags/data_merge_dag.py for tasks to queue
[2026-04-22T19:06:39.599+0000] {logging_mixin.py:188} INFO - [2026-04-22T19:06:39.598+0000] {dagbag.py:538} INFO - Filling up the DagBag from /home/airflow/dags/data_merge_dag.py
[2026-04-22T19:06:40.264+0000] {processor.py:840} INFO - DAG(s) 'data_merge_pipeline' retrieved from /home/airflow/dags/data_merge_dag.py
[2026-04-22T19:06:40.304+0000] {logging_mixin.py:188} INFO - [2026-04-22T19:06:40.304+0000] {dag.py:3036} INFO - Sync 1 DAGs
[2026-04-22T19:06:40.327+0000] {logging_mixin.py:188} INFO - [2026-04-22T19:06:40.326+0000] {dag.py:3823} INFO - Setting next_dagrun for data_merge_pipeline to 2026-04-26 00:00:00+00:00, run_after=2026-05-03 00:00:00+00:00
[2026-04-22T19:06:40.354+0000] {processor.py:183} INFO - Processing /home/airflow/dags/data_merge_dag.py took 0.775 seconds
[2026-04-22T19:07:10.541+0000] {processor.py:161} INFO - Started process (PID=176) to work on /home/airflow/dags/data_merge_dag.py
[2026-04-22T19:07:10.542+0000] {processor.py:830} INFO - Processing file /home/airflow/dags/data_merge_dag.py for tasks to queue
[2026-04-22T19:07:10.543+0000] {logging_mixin.py:188} INFO - [2026-04-22T19:07:10.543+0000] {dagbag.py:538} INFO - Filling up the DagBag from /home/airflow/dags/data_merge_dag.py
[2026-04-22T19:07:10.800+0000] {processor.py:840} INFO - DAG(s) 'data_merge_pipeline' retrieved from /home/airflow/dags/data_merge_dag.py
[2026-04-22T19:07:10.824+0000] {logging_mixin.py:188} INFO - [2026-04-22T19:07:10.824+0000] {dag.py:3036} INFO - Sync 1 DAGs
[2026-04-22T19:07:10.846+0000] {logging_mixin.py:188} INFO - [2026-04-22T19:07:10.846+0000] {dag.py:3823} INFO - Setting next_dagrun for data_merge_pipeline to 2026-04-26 00:00:00+00:00, run_after=2026-05-03 00:00:00+00:00
[2026-04-22T19:07:10.868+0000] {processor.py:183} INFO - Processing /home/airflow/dags/data_merge_dag.py took 0.331 seconds
[2026-04-22T19:07:41.128+0000] {processor.py:161} INFO - Started process (PID=194) to work on /home/airflow/dags/data_merge_dag.py
[2026-04-22T19:07:41.131+0000] {processor.py:830} INFO - Processing file /home/airflow/dags/data_merge_dag.py for tasks to queue
[2026-04-22T19:07:41.133+0000] {logging_mixin.py:188} INFO - [2026-04-22T19:07:41.132+0000] {dagbag.py:538} INFO - Filling up the DagBag from /home/airflow/dags/data_merge_dag.py
[2026-04-22T19:07:41.614+0000] {processor.py:840} INFO - DAG(s) 'data_merge_pipeline' retrieved from /home/airflow/dags/data_merge_dag.py
[2026-04-22T19:07:41.648+0000] {logging_mixin.py:188} INFO - [2026-04-22T19:07:41.648+0000] {dag.py:3036} INFO - Sync 1 DAGs
[2026-04-22T19:07:41.679+0000] {logging_mixin.py:188} INFO - [2026-04-22T19:07:41.679+0000] {dag.py:3823} INFO - Setting next_dagrun for data_merge_pipeline to 2026-04-26 00:00:00+00:00, run_after=2026-05-03 00:00:00+00:00
[2026-04-22T19:07:41.711+0000] {processor.py:183} INFO - Processing /home/airflow/dags/data_merge_dag.py took 0.590 seconds
[2026-04-22T19:08:11.978+0000] {processor.py:161} INFO - Started process (PID=200) to work on /home/airflow/dags/data_merge_dag.py
[2026-04-22T19:08:11.980+0000] {processor.py:830} INFO - Processing file /home/airflow/dags/data_merge_dag.py for tasks to queue
[2026-04-22T19:08:11.981+0000] {logging_mixin.py:188} INFO - [2026-04-22T19:08:11.980+0000] {dagbag.py:538} INFO - Filling up the DagBag from /home/airflow/dags/data_merge_dag.py
[2026-04-22T19:08:12.212+0000] {processor.py:840} INFO - DAG(s) 'data_merge_pipeline' retrieved from /home/airflow/dags/data_merge_dag.py
[2026-04-22T19:08:12.235+0000] {logging_mixin.py:188} INFO - [2026-04-22T19:08:12.235+0000] {dag.py:3036} INFO - Sync 1 DAGs
[2026-04-22T19:08:12.254+0000] {logging_mixin.py:188} INFO - [2026-04-22T19:08:12.253+0000] {dag.py:3823} INFO - Setting next_dagrun for data_merge_pipeline to 2026-04-26 00:00:00+00:00, run_after=2026-05-03 00:00:00+00:00
[2026-04-22T19:08:12.273+0000] {processor.py:183} INFO - Processing /home/airflow/dags/data_merge_dag.py took 0.298 seconds
[2026-04-22T19:08:42.489+0000] {processor.py:161} INFO - Started process (PID=206) to work on /home/airflow/dags/data_merge_dag.py
[2026-04-22T19:08:42.490+0000] {processor.py:830} INFO - Processing file /home/airflow/dags/data_merge_dag.py for tasks to queue
[2026-04-22T19:08:42.492+0000] {logging_mixin.py:188} INFO - [2026-04-22T19:08:42.492+0000] {dagbag.py:538} INFO - Filling up the DagBag from /home/airflow/dags/data_merge_dag.py
[2026-04-22T19:08:42.809+0000] {processor.py:840} INFO - DAG(s) 'data_merge_pipeline' retrieved from /home/airflow/dags/data_merge_dag.py
[2026-04-22T19:08:42.842+0000] {logging_mixin.py:188} INFO - [2026-04-22T19:08:42.841+0000] {dag.py:3036} INFO - Sync 1 DAGs
[2026-04-22T19:08:42.866+0000] {logging_mixin.py:188} INFO - [2026-04-22T19:08:42.866+0000] {dag.py:3823} INFO - Setting next_dagrun for data_merge_pipeline to 2026-04-26 00:00:00+00:00, run_after=2026-05-03 00:00:00+00:00
[2026-04-22T19:08:42.890+0000] {processor.py:183} INFO - Processing /home/airflow/dags/data_merge_dag.py took 0.405 seconds
[2026-04-22T19:09:13.262+0000] {processor.py:161} INFO - Started process (PID=212) to work on /home/airflow/dags/data_merge_dag.py
[2026-04-22T19:09:13.263+0000] {processor.py:830} INFO - Processing file /home/airflow/dags/data_merge_dag.py for tasks to queue
[2026-04-22T19:09:13.265+0000] {logging_mixin.py:188} INFO - [2026-04-22T19:09:13.264+0000] {dagbag.py:538} INFO - Filling up the DagBag from /home/airflow/dags/data_merge_dag.py
[2026-04-22T19:09:13.526+0000] {processor.py:840} INFO - DAG(s) 'data_merge_pipeline' retrieved from /home/airflow/dags/data_merge_dag.py
[2026-04-22T19:09:13.556+0000] {logging_mixin.py:188} INFO - [2026-04-22T19:09:13.556+0000] {dag.py:3036} INFO - Sync 1 DAGs
[2026-04-22T19:09:13.579+0000] {logging_mixin.py:188} INFO - [2026-04-22T19:09:13.579+0000] {dag.py:3823} INFO - Setting next_dagrun for data_merge_pipeline to 2026-04-26 00:00:00+00:00, run_after=2026-05-03 00:00:00+00:00
[2026-04-22T19:09:13.605+0000] {processor.py:183} INFO - Processing /home/airflow/dags/data_merge_dag.py took 0.346 seconds
[2026-04-22T19:09:43.834+0000] {processor.py:161} INFO - Started process (PID=218) to work on /home/airflow/dags/data_merge_dag.py
[2026-04-22T19:09:43.836+0000] {processor.py:830} INFO - Processing file /home/airflow/dags/data_merge_dag.py for tasks to queue
[2026-04-22T19:09:43.838+0000] {logging_mixin.py:188} INFO - [2026-04-22T19:09:43.837+0000] {dagbag.py:538} INFO - Filling up the DagBag from /home/airflow/dags/data_merge_dag.py
[2026-04-22T19:09:44.106+0000] {processor.py:840} INFO - DAG(s) 'data_merge_pipeline' retrieved from /home/airflow/dags/data_merge_dag.py
[2026-04-22T19:09:44.131+0000] {logging_mixin.py:188} INFO - [2026-04-22T19:09:44.131+0000] {dag.py:3036} INFO - Sync 1 DAGs
[2026-04-22T19:09:44.151+0000] {logging_mixin.py:188} INFO - [2026-04-22T19:09:44.151+0000] {dag.py:3823} INFO - Setting next_dagrun for data_merge_pipeline to 2026-04-26 00:00:00+00:00, run_after=2026-05-03 00:00:00+00:00
[2026-04-22T19:09:44.173+0000] {processor.py:183} INFO - Processing /home/airflow/dags/data_merge_dag.py took 0.345 seconds
[2026-04-22T19:10:14.384+0000] {processor.py:161} INFO - Started process (PID=224) to work on /home/airflow/dags/data_merge_dag.py
[2026-04-22T19:10:14.385+0000] {processor.py:830} INFO - Processing file /home/airflow/dags/data_merge_dag.py for tasks to queue
[2026-04-22T19:10:14.386+0000] {logging_mixin.py:188} INFO - [2026-04-22T19:10:14.386+0000] {dagbag.py:538} INFO - Filling up the DagBag from /home/airflow/dags/data_merge_dag.py
[2026-04-22T19:10:14.672+0000] {processor.py:840} INFO - DAG(s) 'data_merge_pipeline' retrieved from /home/airflow/dags/data_merge_dag.py
[2026-04-22T19:10:14.698+0000] {logging_mixin.py:188} INFO - [2026-04-22T19:10:14.698+0000] {dag.py:3036} INFO - Sync 1 DAGs
[2026-04-22T19:10:14.724+0000] {logging_mixin.py:188} INFO - [2026-04-22T19:10:14.723+0000] {dag.py:3823} INFO - Setting next_dagrun for data_merge_pipeline to 2026-04-26 00:00:00+00:00, run_after=2026-05-03 00:00:00+00:00
[2026-04-22T19:10:14.749+0000] {processor.py:183} INFO - Processing /home/airflow/dags/data_merge_dag.py took 0.368 seconds
[2026-04-22T19:10:44.961+0000] {processor.py:161} INFO - Started process (PID=230) to work on /home/airflow/dags/data_merge_dag.py
[2026-04-22T19:10:44.965+0000] {processor.py:830} INFO - Processing file /home/airflow/dags/data_merge_dag.py for tasks to queue
[2026-04-22T19:10:44.966+0000] {logging_mixin.py:188} INFO - [2026-04-22T19:10:44.966+0000] {dagbag.py:538} INFO - Filling up the DagBag from /home/airflow/dags/data_merge_dag.py
[2026-04-22T19:10:45.258+0000] {processor.py:840} INFO - DAG(s) 'data_merge_pipeline' retrieved from /home/airflow/dags/data_merge_dag.py
[2026-04-22T19:10:45.283+0000] {logging_mixin.py:188} INFO - [2026-04-22T19:10:45.283+0000] {dag.py:3036} INFO - Sync 1 DAGs
[2026-04-22T19:10:45.301+0000] {logging_mixin.py:188} INFO - [2026-04-22T19:10:45.301+0000] {dag.py:3823} INFO - Setting next_dagrun for data_merge_pipeline to 2026-04-26 00:00:00+00:00, run_after=2026-05-03 00:00:00+00:00
[2026-04-22T19:10:45.323+0000] {processor.py:183} INFO - Processing /home/airflow/dags/data_merge_dag.py took 0.365 seconds
[2026-04-22T19:11:15.532+0000] {processor.py:161} INFO - Started process (PID=236) to work on /home/airflow/dags/data_merge_dag.py
[2026-04-22T19:11:15.533+0000] {processor.py:830} INFO - Processing file /home/airflow/dags/data_merge_dag.py for tasks to queue
[2026-04-22T19:11:15.534+0000] {logging_mixin.py:188} INFO - [2026-04-22T19:11:15.534+0000] {dagbag.py:538} INFO - Filling up the DagBag from /home/airflow/dags/data_merge_dag.py
[2026-04-22T19:11:15.778+0000] {processor.py:840} INFO - DAG(s) 'data_merge_pipeline' retrieved from /home/airflow/dags/data_merge_dag.py
[2026-04-22T19:11:15.802+0000] {logging_mixin.py:188} INFO - [2026-04-22T19:11:15.802+0000] {dag.py:3036} INFO - Sync 1 DAGs
[2026-04-22T19:11:15.822+0000] {logging_mixin.py:188} INFO - [2026-04-22T19:11:15.822+0000] {dag.py:3823} INFO - Setting next_dagrun for data_merge_pipeline to 2026-04-26 00:00:00+00:00, run_after=2026-05-03 00:00:00+00:00
[2026-04-22T19:11:15.846+0000] {processor.py:183} INFO - Processing /home/airflow/dags/data_merge_dag.py took 0.317 seconds
[2026-04-22T19:11:46.034+0000] {processor.py:161} INFO - Started process (PID=242) to work on /home/airflow/dags/data_merge_dag.py
[2026-04-22T19:11:46.035+0000] {processor.py:830} INFO - Processing file /home/airflow/dags/data_merge_dag.py for tasks to queue
[2026-04-22T19:11:46.036+0000] {logging_mixin.py:188} INFO - [2026-04-22T19:11:46.036+0000] {dagbag.py:538} INFO - Filling up the DagBag from /home/airflow/dags/data_merge_dag.py
[2026-04-22T19:11:46.296+0000] {processor.py:840} INFO - DAG(s) 'data_merge_pipeline' retrieved from /home/airflow/dags/data_merge_dag.py
[2026-04-22T19:11:46.320+0000] {logging_mixin.py:188} INFO - [2026-04-22T19:11:46.320+0000] {dag.py:3036} INFO - Sync 1 DAGs
[2026-04-22T19:11:46.338+0000] {logging_mixin.py:188} INFO - [2026-04-22T19:11:46.338+0000] {dag.py:3823} INFO - Setting next_dagrun for data_merge_pipeline to 2026-04-26 00:00:00+00:00, run_after=2026-05-03 00:00:00+00:00
[2026-04-22T19:11:46.360+0000] {processor.py:183} INFO - Processing /home/airflow/dags/data_merge_dag.py took 0.329 seconds
[2026-04-22T19:12:16.567+0000] {processor.py:161} INFO - Started process (PID=248) to work on /home/airflow/dags/data_merge_dag.py
[2026-04-22T19:12:16.568+0000] {processor.py:830} INFO - Processing file /home/airflow/dags/data_merge_dag.py for tasks to queue
[2026-04-22T19:12:16.569+0000] {logging_mixin.py:188} INFO - [2026-04-22T19:12:16.569+0000] {dagbag.py:538} INFO - Filling up the DagBag from /home/airflow/dags/data_merge_dag.py
[2026-04-22T19:12:16.811+0000] {processor.py:840} INFO - DAG(s) 'data_merge_pipeline' retrieved from /home/airflow/dags/data_merge_dag.py
[2026-04-22T19:12:16.836+0000] {logging_mixin.py:188} INFO - [2026-04-22T19:12:16.836+0000] {dag.py:3036} INFO - Sync 1 DAGs
[2026-04-22T19:12:17.033+0000] {logging_mixin.py:188} INFO - [2026-04-22T19:12:17.032+0000] {dag.py:3823} INFO - Setting next_dagrun for data_merge_pipeline to 2026-04-26 00:00:00+00:00, run_after=2026-05-03 00:00:00+00:00
[2026-04-22T19:12:17.052+0000] {processor.py:183} INFO - Processing /home/airflow/dags/data_merge_dag.py took 0.488 seconds
[2026-04-22T19:12:47.283+0000] {processor.py:161} INFO - Started process (PID=260) to work on /home/airflow/dags/data_merge_dag.py
[2026-04-22T19:12:47.285+0000] {processor.py:830} INFO - Processing file /home/airflow/dags/data_merge_dag.py for tasks to queue
[2026-04-22T19:12:47.287+0000] {logging_mixin.py:188} INFO - [2026-04-22T19:12:47.286+0000] {dagbag.py:538} INFO - Filling up the DagBag from /home/airflow/dags/data_merge_dag.py
[2026-04-22T19:12:47.670+0000] {processor.py:840} INFO - DAG(s) 'data_merge_pipeline' retrieved from /home/airflow/dags/data_merge_dag.py
[2026-04-22T19:12:47.715+0000] {logging_mixin.py:188} INFO - [2026-04-22T19:12:47.714+0000] {dag.py:3036} INFO - Sync 1 DAGs
[2026-04-22T19:12:47.772+0000] {logging_mixin.py:188} INFO - [2026-04-22T19:12:47.772+0000] {dag.py:3823} INFO - Setting next_dagrun for data_merge_pipeline to 2026-04-26 00:00:00+00:00, run_after=2026-05-03 00:00:00+00:00
[2026-04-22T19:12:47.860+0000] {processor.py:183} INFO - Processing /home/airflow/dags/data_merge_dag.py took 0.582 seconds
[2026-04-22T19:13:18.102+0000] {processor.py:161} INFO - Started process (PID=266) to work on /home/airflow/dags/data_merge_dag.py
[2026-04-22T19:13:18.104+0000] {processor.py:830} INFO - Processing file /home/airflow/dags/data_merge_dag.py for tasks to queue
[2026-04-22T19:13:18.105+0000] {logging_mixin.py:188} INFO - [2026-04-22T19:13:18.104+0000] {dagbag.py:538} INFO - Filling up the DagBag from /home/airflow/dags/data_merge_dag.py
[2026-04-22T19:13:18.364+0000] {processor.py:840} INFO - DAG(s) 'data_merge_pipeline' retrieved from /home/airflow/dags/data_merge_dag.py
[2026-04-22T19:13:18.391+0000] {logging_mixin.py:188} INFO - [2026-04-22T19:13:18.391+0000] {dag.py:3036} INFO - Sync 1 DAGs
[2026-04-22T19:13:18.558+0000] {logging_mixin.py:188} INFO - [2026-04-22T19:13:18.558+0000] {dag.py:3823} INFO - Setting next_dagrun for data_merge_pipeline to 2026-04-26 00:00:00+00:00, run_after=2026-05-03 00:00:00+00:00
[2026-04-22T19:13:18.580+0000] {processor.py:183} INFO - Processing /home/airflow/dags/data_merge_dag.py took 0.481 seconds
[2026-04-22T19:13:48.793+0000] {processor.py:161} INFO - Started process (PID=272) to work on /home/airflow/dags/data_merge_dag.py
[2026-04-22T19:13:48.795+0000] {processor.py:830} INFO - Processing file /home/airflow/dags/data_merge_dag.py for tasks to queue
[2026-04-22T19:13:48.796+0000] {logging_mixin.py:188} INFO - [2026-04-22T19:13:48.795+0000] {dagbag.py:538} INFO - Filling up the DagBag from /home/airflow/dags/data_merge_dag.py
[2026-04-22T19:13:49.036+0000] {processor.py:840} INFO - DAG(s) 'data_merge_pipeline' retrieved from /home/airflow/dags/data_merge_dag.py
[2026-04-22T19:13:49.219+0000] {logging_mixin.py:188} INFO - [2026-04-22T19:13:49.218+0000] {dag.py:3036} INFO - Sync 1 DAGs
[2026-04-22T19:13:49.236+0000] {logging_mixin.py:188} INFO - [2026-04-22T19:13:49.236+0000] {dag.py:3823} INFO - Setting next_dagrun for data_merge_pipeline to 2026-04-26 00:00:00+00:00, run_after=2026-05-03 00:00:00+00:00
[2026-04-22T19:13:49.261+0000] {processor.py:183} INFO - Processing /home/airflow/dags/data_merge_dag.py took 0.471 seconds
[2026-04-22T19:14:19.473+0000] {processor.py:161} INFO - Started process (PID=278) to work on /home/airflow/dags/data_merge_dag.py
[2026-04-22T19:14:19.474+0000] {processor.py:830} INFO - Processing file /home/airflow/dags/data_merge_dag.py for tasks to queue
[2026-04-22T19:14:19.475+0000] {logging_mixin.py:188} INFO - [2026-04-22T19:14:19.475+0000] {dagbag.py:538} INFO - Filling up the DagBag from /home/airflow/dags/data_merge_dag.py
[2026-04-22T19:14:19.848+0000] {processor.py:840} INFO - DAG(s) 'data_merge_pipeline' retrieved from /home/airflow/dags/data_merge_dag.py
[2026-04-22T19:14:19.868+0000] {logging_mixin.py:188} INFO - [2026-04-22T19:14:19.868+0000] {dag.py:3036} INFO - Sync 1 DAGs
[2026-04-22T19:14:19.885+0000] {logging_mixin.py:188} INFO - [2026-04-22T19:14:19.884+0000] {dag.py:3823} INFO - Setting next_dagrun for data_merge_pipeline to 2026-04-26 00:00:00+00:00, run_after=2026-05-03 00:00:00+00:00
[2026-04-22T19:14:19.904+0000] {processor.py:183} INFO - Processing /home/airflow/dags/data_merge_dag.py took 0.433 seconds
[2026-04-22T19:14:50.116+0000] {processor.py:161} INFO - Started process (PID=284) to work on /home/airflow/dags/data_merge_dag.py
[2026-04-22T19:14:50.117+0000] {processor.py:830} INFO - Processing file /home/airflow/dags/data_merge_dag.py for tasks to queue
[2026-04-22T19:14:50.119+0000] {logging_mixin.py:188} INFO - [2026-04-22T19:14:50.118+0000] {dagbag.py:538} INFO - Filling up the DagBag from /home/airflow/dags/data_merge_dag.py
[2026-04-22T19:14:50.487+0000] {processor.py:840} INFO - DAG(s) 'data_merge_pipeline' retrieved from /home/airflow/dags/data_merge_dag.py
[2026-04-22T19:14:50.509+0000] {logging_mixin.py:188} INFO - [2026-04-22T19:14:50.509+0000] {dag.py:3036} INFO - Sync 1 DAGs
[2026-04-22T19:14:50.525+0000] {logging_mixin.py:188} INFO - [2026-04-22T19:14:50.525+0000] {dag.py:3823} INFO - Setting next_dagrun for data_merge_pipeline to 2026-04-26 00:00:00+00:00, run_after=2026-05-03 00:00:00+00:00
[2026-04-22T19:14:50.548+0000] {processor.py:183} INFO - Processing /home/airflow/dags/data_merge_dag.py took 0.436 seconds
[2026-04-22T19:15:20.778+0000] {processor.py:161} INFO - Started process (PID=290) to work on /home/airflow/dags/data_merge_dag.py
[2026-04-22T19:15:20.780+0000] {processor.py:830} INFO - Processing file /home/airflow/dags/data_merge_dag.py for tasks to queue
[2026-04-22T19:15:20.782+0000] {logging_mixin.py:188} INFO - [2026-04-22T19:15:20.781+0000] {dagbag.py:538} INFO - Filling up the DagBag from /home/airflow/dags/data_merge_dag.py
[2026-04-22T19:15:21.252+0000] {processor.py:840} INFO - DAG(s) 'data_merge_pipeline' retrieved from /home/airflow/dags/data_merge_dag.py
[2026-04-22T19:15:21.279+0000] {logging_mixin.py:188} INFO - [2026-04-22T19:15:21.279+0000] {dag.py:3036} INFO - Sync 1 DAGs
[2026-04-22T19:15:21.306+0000] {logging_mixin.py:188} INFO - [2026-04-22T19:15:21.306+0000] {dag.py:3823} INFO - Setting next_dagrun for data_merge_pipeline to 2026-04-26 00:00:00+00:00, run_after=2026-05-03 00:00:00+00:00
[2026-04-22T19:15:21.328+0000] {processor.py:183} INFO - Processing /home/airflow/dags/data_merge_dag.py took 0.555 seconds
[2026-04-22T19:15:51.467+0000] {processor.py:161} INFO - Started process (PID=296) to work on /home/airflow/dags/data_merge_dag.py
[2026-04-22T19:15:51.469+0000] {processor.py:830} INFO - Processing file /home/airflow/dags/data_merge_dag.py for tasks to queue
[2026-04-22T19:15:51.470+0000] {logging_mixin.py:188} INFO - [2026-04-22T19:15:51.470+0000] {dagbag.py:538} INFO - Filling up the DagBag from /home/airflow/dags/data_merge_dag.py
[2026-04-22T19:15:51.857+0000] {processor.py:840} INFO - DAG(s) 'data_merge_pipeline' retrieved from /home/airflow/dags/data_merge_dag.py
[2026-04-22T19:15:51.878+0000] {logging_mixin.py:188} INFO - [2026-04-22T19:15:51.878+0000] {dag.py:3036} INFO - Sync 1 DAGs
[2026-04-22T19:15:51.894+0000] {logging_mixin.py:188} INFO - [2026-04-22T19:15:51.893+0000] {dag.py:3823} INFO - Setting next_dagrun for data_merge_pipeline to 2026-04-26 00:00:00+00:00, run_after=2026-05-03 00:00:00+00:00
[2026-04-22T19:15:51.914+0000] {processor.py:183} INFO - Processing /home/airflow/dags/data_merge_dag.py took 0.450 seconds
[2026-04-22T19:16:22.115+0000] {processor.py:161} INFO - Started process (PID=302) to work on /home/airflow/dags/data_merge_dag.py
[2026-04-22T19:16:22.117+0000] {processor.py:830} INFO - Processing file /home/airflow/dags/data_merge_dag.py for tasks to queue
[2026-04-22T19:16:22.118+0000] {logging_mixin.py:188} INFO - [2026-04-22T19:16:22.117+0000] {dagbag.py:538} INFO - Filling up the DagBag from /home/airflow/dags/data_merge_dag.py
[2026-04-22T19:16:22.477+0000] {processor.py:840} INFO - DAG(s) 'data_merge_pipeline' retrieved from /home/airflow/dags/data_merge_dag.py
[2026-04-22T19:16:22.502+0000] {logging_mixin.py:188} INFO - [2026-04-22T19:16:22.502+0000] {dag.py:3036} INFO - Sync 1 DAGs
[2026-04-22T19:16:22.522+0000] {logging_mixin.py:188} INFO - [2026-04-22T19:16:22.522+0000] {dag.py:3823} INFO - Setting next_dagrun for data_merge_pipeline to 2026-04-26 00:00:00+00:00, run_after=2026-05-03 00:00:00+00:00
[2026-04-22T19:16:22.546+0000] {processor.py:183} INFO - Processing /home/airflow/dags/data_merge_dag.py took 0.435 seconds
[2026-04-22T19:16:52.765+0000] {processor.py:161} INFO - Started process (PID=308) to work on /home/airflow/dags/data_merge_dag.py
[2026-04-22T19:16:52.766+0000] {processor.py:830} INFO - Processing file /home/airflow/dags/data_merge_dag.py for tasks to queue
[2026-04-22T19:16:52.767+0000] {logging_mixin.py:188} INFO - [2026-04-22T19:16:52.766+0000] {dagbag.py:538} INFO - Filling up the DagBag from /home/airflow/dags/data_merge_dag.py
[2026-04-22T19:16:53.120+0000] {processor.py:840} INFO - DAG(s) 'data_merge_pipeline' retrieved from /home/airflow/dags/data_merge_dag.py
[2026-04-22T19:16:53.141+0000] {logging_mixin.py:188} INFO - [2026-04-22T19:16:53.141+0000] {dag.py:3036} INFO - Sync 1 DAGs
[2026-04-22T19:16:53.157+0000] {logging_mixin.py:188} INFO - [2026-04-22T19:16:53.157+0000] {dag.py:3823} INFO - Setting next_dagrun for data_merge_pipeline to 2026-04-26 00:00:00+00:00, run_after=2026-05-03 00:00:00+00:00
[2026-04-22T19:16:53.178+0000] {processor.py:183} INFO - Processing /home/airflow/dags/data_merge_dag.py took 0.416 seconds
[2026-04-22T19:17:23.385+0000] {processor.py:161} INFO - Started process (PID=314) to work on /home/airflow/dags/data_merge_dag.py
[2026-04-22T19:17:23.386+0000] {processor.py:830} INFO - Processing file /home/airflow/dags/data_merge_dag.py for tasks to queue
[2026-04-22T19:17:23.387+0000] {logging_mixin.py:188} INFO - [2026-04-22T19:17:23.387+0000] {dagbag.py:538} INFO - Filling up the DagBag from /home/airflow/dags/data_merge_dag.py
[2026-04-22T19:17:23.747+0000] {processor.py:840} INFO - DAG(s) 'data_merge_pipeline' retrieved from /home/airflow/dags/data_merge_dag.py
[2026-04-22T19:17:23.768+0000] {logging_mixin.py:188} INFO - [2026-04-22T19:17:23.768+0000] {dag.py:3036} INFO - Sync 1 DAGs
[2026-04-22T19:17:23.784+0000] {logging_mixin.py:188} INFO - [2026-04-22T19:17:23.784+0000] {dag.py:3823} INFO - Setting next_dagrun for data_merge_pipeline to 2026-04-26 00:00:00+00:00, run_after=2026-05-03 00:00:00+00:00
[2026-04-22T19:17:23.809+0000] {processor.py:183} INFO - Processing /home/airflow/dags/data_merge_dag.py took 0.427 seconds
[2026-04-22T19:17:54.020+0000] {processor.py:161} INFO - Started process (PID=320) to work on /home/airflow/dags/data_merge_dag.py
[2026-04-22T19:17:54.021+0000] {processor.py:830} INFO - Processing file /home/airflow/dags/data_merge_dag.py for tasks to queue
[2026-04-22T19:17:54.022+0000] {logging_mixin.py:188} INFO - [2026-04-22T19:17:54.022+0000] {dagbag.py:538} INFO - Filling up the DagBag from /home/airflow/dags/data_merge_dag.py
[2026-04-22T19:17:54.431+0000] {processor.py:840} INFO - DAG(s) 'data_merge_pipeline' retrieved from /home/airflow/dags/data_merge_dag.py
[2026-04-22T19:17:54.452+0000] {logging_mixin.py:188} INFO - [2026-04-22T19:17:54.452+0000] {dag.py:3036} INFO - Sync 1 DAGs
[2026-04-22T19:17:54.469+0000] {logging_mixin.py:188} INFO - [2026-04-22T19:17:54.469+0000] {dag.py:3823} INFO - Setting next_dagrun for data_merge_pipeline to 2026-04-26 00:00:00+00:00, run_after=2026-05-03 00:00:00+00:00
[2026-04-22T19:17:54.489+0000] {processor.py:183} INFO - Processing /home/airflow/dags/data_merge_dag.py took 0.474 seconds
[2026-04-22T19:18:24.702+0000] {processor.py:161} INFO - Started process (PID=326) to work on /home/airflow/dags/data_merge_dag.py
[2026-04-22T19:18:24.703+0000] {processor.py:830} INFO - Processing file /home/airflow/dags/data_merge_dag.py for tasks to queue
[2026-04-22T19:18:24.704+0000] {logging_mixin.py:188} INFO - [2026-04-22T19:18:24.704+0000] {dagbag.py:538} INFO - Filling up the DagBag from /home/airflow/dags/data_merge_dag.py
[2026-04-22T19:18:25.053+0000] {processor.py:840} INFO - DAG(s) 'data_merge_pipeline' retrieved from /home/airflow/dags/data_merge_dag.py
[2026-04-22T19:18:25.074+0000] {logging_mixin.py:188} INFO - [2026-04-22T19:18:25.074+0000] {dag.py:3036} INFO - Sync 1 DAGs
[2026-04-22T19:18:25.092+0000] {logging_mixin.py:188} INFO - [2026-04-22T19:18:25.091+0000] {dag.py:3823} INFO - Setting next_dagrun for data_merge_pipeline to 2026-04-26 00:00:00+00:00, run_after=2026-05-03 00:00:00+00:00
[2026-04-22T19:18:25.114+0000] {processor.py:183} INFO - Processing /home/airflow/dags/data_merge_dag.py took 0.415 seconds
[2026-04-22T19:18:55.412+0000] {processor.py:161} INFO - Started process (PID=332) to work on /home/airflow/dags/data_merge_dag.py
[2026-04-22T19:18:55.413+0000] {processor.py:830} INFO - Processing file /home/airflow/dags/data_merge_dag.py for tasks to queue
[2026-04-22T19:18:55.414+0000] {logging_mixin.py:188} INFO - [2026-04-22T19:18:55.414+0000] {dagbag.py:538} INFO - Filling up the DagBag from /home/airflow/dags/data_merge_dag.py
[2026-04-22T19:18:55.780+0000] {processor.py:840} INFO - DAG(s) 'data_merge_pipeline' retrieved from /home/airflow/dags/data_merge_dag.py
[2026-04-22T19:18:55.804+0000] {logging_mixin.py:188} INFO - [2026-04-22T19:18:55.804+0000] {dag.py:3036} INFO - Sync 1 DAGs
[2026-04-22T19:18:55.821+0000] {logging_mixin.py:188} INFO - [2026-04-22T19:18:55.821+0000] {dag.py:3823} INFO - Setting next_dagrun for data_merge_pipeline to 2026-04-26 00:00:00+00:00, run_after=2026-05-03 00:00:00+00:00
[2026-04-22T19:18:55.842+0000] {processor.py:183} INFO - Processing /home/airflow/dags/data_merge_dag.py took 0.434 seconds
[2026-04-22T19:19:26.084+0000] {processor.py:161} INFO - Started process (PID=338) to work on /home/airflow/dags/data_merge_dag.py
[2026-04-22T19:19:26.086+0000] {processor.py:830} INFO - Processing file /home/airflow/dags/data_merge_dag.py for tasks to queue
[2026-04-22T19:19:26.088+0000] {logging_mixin.py:188} INFO - [2026-04-22T19:19:26.087+0000] {dagbag.py:538} INFO - Filling up the DagBag from /home/airflow/dags/data_merge_dag.py
[2026-04-22T19:19:26.684+0000] {processor.py:840} INFO - DAG(s) 'data_merge_pipeline' retrieved from /home/airflow/dags/data_merge_dag.py
[2026-04-22T19:19:26.721+0000] {logging_mixin.py:188} INFO - [2026-04-22T19:19:26.720+0000] {dag.py:3036} INFO - Sync 1 DAGs
[2026-04-22T19:19:26.754+0000] {logging_mixin.py:188} INFO - [2026-04-22T19:19:26.754+0000] {dag.py:3823} INFO - Setting next_dagrun for data_merge_pipeline to 2026-04-26 00:00:00+00:00, run_after=2026-05-03 00:00:00+00:00
[2026-04-22T19:19:26.778+0000] {processor.py:183} INFO - Processing /home/airflow/dags/data_merge_dag.py took 0.700 seconds
[2026-04-22T19:19:57.011+0000] {processor.py:161} INFO - Started process (PID=344) to work on /home/airflow/dags/data_merge_dag.py
[2026-04-22T19:19:57.013+0000] {processor.py:830} INFO - Processing file /home/airflow/dags/data_merge_dag.py for tasks to queue
[2026-04-22T19:19:57.014+0000] {logging_mixin.py:188} INFO - [2026-04-22T19:19:57.014+0000] {dagbag.py:538} INFO - Filling up the DagBag from /home/airflow/dags/data_merge_dag.py
[2026-04-22T19:19:57.564+0000] {processor.py:840} INFO - DAG(s) 'data_merge_pipeline' retrieved from /home/airflow/dags/data_merge_dag.py
[2026-04-22T19:19:57.587+0000] {logging_mixin.py:188} INFO - [2026-04-22T19:19:57.587+0000] {dag.py:3036} INFO - Sync 1 DAGs
[2026-04-22T19:19:57.604+0000] {logging_mixin.py:188} INFO - [2026-04-22T19:19:57.604+0000] {dag.py:3823} INFO - Setting next_dagrun for data_merge_pipeline to 2026-04-26 00:00:00+00:00, run_after=2026-05-03 00:00:00+00:00
[2026-04-22T19:19:57.624+0000] {processor.py:183} INFO - Processing /home/airflow/dags/data_merge_dag.py took 0.617 seconds
[2026-04-22T19:20:14.116+0000] {processor.py:161} INFO - Started process (PID=350) to work on /home/airflow/dags/data_merge_dag.py
[2026-04-22T19:20:14.118+0000] {processor.py:830} INFO - Processing file /home/airflow/dags/data_merge_dag.py for tasks to queue
[2026-04-22T19:20:14.120+0000] {logging_mixin.py:188} INFO - [2026-04-22T19:20:14.119+0000] {dagbag.py:538} INFO - Filling up the DagBag from /home/airflow/dags/data_merge_dag.py
[2026-04-22T19:20:14.695+0000] {processor.py:840} INFO - DAG(s) 'data_merge_pipeline' retrieved from /home/airflow/dags/data_merge_dag.py
[2026-04-22T19:20:14.797+0000] {logging_mixin.py:188} INFO - [2026-04-22T19:20:14.797+0000] {dag.py:3036} INFO - Sync 1 DAGs
[2026-04-22T19:20:14.818+0000] {logging_mixin.py:188} INFO - [2026-04-22T19:20:14.818+0000] {dag.py:3823} INFO - Setting next_dagrun for data_merge_pipeline to 2026-04-26 00:00:00+00:00, run_after=2026-05-03 00:00:00+00:00
[2026-04-22T19:20:14.850+0000] {processor.py:183} INFO - Processing /home/airflow/dags/data_merge_dag.py took 0.739 seconds
[2026-04-22T19:20:44.949+0000] {processor.py:161} INFO - Started process (PID=356) to work on /home/airflow/dags/data_merge_dag.py
[2026-04-22T19:20:44.950+0000] {processor.py:830} INFO - Processing file /home/airflow/dags/data_merge_dag.py for tasks to queue
[2026-04-22T19:20:44.952+0000] {logging_mixin.py:188} INFO - [2026-04-22T19:20:44.951+0000] {dagbag.py:538} INFO - Filling up the DagBag from /home/airflow/dags/data_merge_dag.py
[2026-04-22T19:20:45.387+0000] {processor.py:840} INFO - DAG(s) 'data_merge_pipeline' retrieved from /home/airflow/dags/data_merge_dag.py
[2026-04-22T19:20:45.417+0000] {logging_mixin.py:188} INFO - [2026-04-22T19:20:45.416+0000] {dag.py:3036} INFO - Sync 1 DAGs
[2026-04-22T19:20:45.440+0000] {logging_mixin.py:188} INFO - [2026-04-22T19:20:45.440+0000] {dag.py:3823} INFO - Setting next_dagrun for data_merge_pipeline to 2026-04-26 00:00:00+00:00, run_after=2026-05-03 00:00:00+00:00
[2026-04-22T19:20:45.464+0000] {processor.py:183} INFO - Processing /home/airflow/dags/data_merge_dag.py took 0.518 seconds
[2026-04-22T19:21:15.695+0000] {processor.py:161} INFO - Started process (PID=365) to work on /home/airflow/dags/data_merge_dag.py
[2026-04-22T19:21:15.697+0000] {processor.py:830} INFO - Processing file /home/airflow/dags/data_merge_dag.py for tasks to queue
[2026-04-22T19:21:15.697+0000] {logging_mixin.py:188} INFO - [2026-04-22T19:21:15.697+0000] {dagbag.py:538} INFO - Filling up the DagBag from /home/airflow/dags/data_merge_dag.py
[2026-04-22T19:21:16.030+0000] {processor.py:840} INFO - DAG(s) 'data_merge_pipeline' retrieved from /home/airflow/dags/data_merge_dag.py
[2026-04-22T19:21:16.050+0000] {logging_mixin.py:188} INFO - [2026-04-22T19:21:16.049+0000] {dag.py:3036} INFO - Sync 1 DAGs
[2026-04-22T19:21:16.066+0000] {logging_mixin.py:188} INFO - [2026-04-22T19:21:16.066+0000] {dag.py:3823} INFO - Setting next_dagrun for data_merge_pipeline to 2026-04-26 00:00:00+00:00, run_after=2026-05-03 00:00:00+00:00
[2026-04-22T19:21:16.088+0000] {processor.py:183} INFO - Processing /home/airflow/dags/data_merge_dag.py took 0.395 seconds
[2026-04-22T19:21:46.296+0000] {processor.py:161} INFO - Started process (PID=371) to work on /home/airflow/dags/data_merge_dag.py
[2026-04-22T19:21:46.297+0000] {processor.py:830} INFO - Processing file /home/airflow/dags/data_merge_dag.py for tasks to queue
[2026-04-22T19:21:46.297+0000] {logging_mixin.py:188} INFO - [2026-04-22T19:21:46.297+0000] {dagbag.py:538} INFO - Filling up the DagBag from /home/airflow/dags/data_merge_dag.py
[2026-04-22T19:21:46.652+0000] {processor.py:840} INFO - DAG(s) 'data_merge_pipeline' retrieved from /home/airflow/dags/data_merge_dag.py
[2026-04-22T19:21:46.673+0000] {logging_mixin.py:188} INFO - [2026-04-22T19:21:46.672+0000] {dag.py:3036} INFO - Sync 1 DAGs
[2026-04-22T19:21:46.689+0000] {logging_mixin.py:188} INFO - [2026-04-22T19:21:46.689+0000] {dag.py:3823} INFO - Setting next_dagrun for data_merge_pipeline to 2026-04-26 00:00:00+00:00, run_after=2026-05-03 00:00:00+00:00
[2026-04-22T19:21:46.708+0000] {processor.py:183} INFO - Processing /home/airflow/dags/data_merge_dag.py took 0.415 seconds
[2026-04-22T19:22:16.904+0000] {processor.py:161} INFO - Started process (PID=377) to work on /home/airflow/dags/data_merge_dag.py
[2026-04-22T19:22:16.905+0000] {processor.py:830} INFO - Processing file /home/airflow/dags/data_merge_dag.py for tasks to queue
[2026-04-22T19:22:16.906+0000] {logging_mixin.py:188} INFO - [2026-04-22T19:22:16.906+0000] {dagbag.py:538} INFO - Filling up the DagBag from /home/airflow/dags/data_merge_dag.py
[2026-04-22T19:22:17.289+0000] {processor.py:840} INFO - DAG(s) 'data_merge_pipeline' retrieved from /home/airflow/dags/data_merge_dag.py
[2026-04-22T19:22:17.309+0000] {logging_mixin.py:188} INFO - [2026-04-22T19:22:17.308+0000] {dag.py:3036} INFO - Sync 1 DAGs
[2026-04-22T19:22:17.330+0000] {logging_mixin.py:188} INFO - [2026-04-22T19:22:17.330+0000] {dag.py:3823} INFO - Setting next_dagrun for data_merge_pipeline to 2026-04-26 00:00:00+00:00, run_after=2026-05-03 00:00:00+00:00
[2026-04-22T19:22:17.347+0000] {processor.py:183} INFO - Processing /home/airflow/dags/data_merge_dag.py took 0.447 seconds
[2026-04-22T19:22:47.553+0000] {processor.py:161} INFO - Started process (PID=383) to work on /home/airflow/dags/data_merge_dag.py
[2026-04-22T19:22:47.554+0000] {processor.py:830} INFO - Processing file /home/airflow/dags/data_merge_dag.py for tasks to queue
[2026-04-22T19:22:47.555+0000] {logging_mixin.py:188} INFO - [2026-04-22T19:22:47.555+0000] {dagbag.py:538} INFO - Filling up the DagBag from /home/airflow/dags/data_merge_dag.py
[2026-04-22T19:22:48.287+0000] {processor.py:840} INFO - DAG(s) 'data_merge_pipeline' retrieved from /home/airflow/dags/data_merge_dag.py
[2026-04-22T19:22:48.337+0000] {logging_mixin.py:188} INFO - [2026-04-22T19:22:48.336+0000] {dag.py:3036} INFO - Sync 1 DAGs
[2026-04-22T19:22:48.404+0000] {logging_mixin.py:188} INFO - [2026-04-22T19:22:48.404+0000] {dag.py:3823} INFO - Setting next_dagrun for data_merge_pipeline to 2026-04-26 00:00:00+00:00, run_after=2026-05-03 00:00:00+00:00
[2026-04-22T19:22:48.474+0000] {processor.py:183} INFO - Processing /home/airflow/dags/data_merge_dag.py took 0.924 seconds
[2026-04-22T19:23:18.696+0000] {processor.py:161} INFO - Started process (PID=389) to work on /home/airflow/dags/data_merge_dag.py
[2026-04-22T19:23:18.698+0000] {processor.py:830} INFO - Processing file /home/airflow/dags/data_merge_dag.py for tasks to queue
[2026-04-22T19:23:18.699+0000] {logging_mixin.py:188} INFO - [2026-04-22T19:23:18.699+0000] {dagbag.py:538} INFO - Filling up the DagBag from /home/airflow/dags/data_merge_dag.py
[2026-04-22T19:23:19.111+0000] {processor.py:840} INFO - DAG(s) 'data_merge_pipeline' retrieved from /home/airflow/dags/data_merge_dag.py
[2026-04-22T19:23:19.132+0000] {logging_mixin.py:188} INFO - [2026-04-22T19:23:19.131+0000] {dag.py:3036} INFO - Sync 1 DAGs
[2026-04-22T19:23:19.151+0000] {logging_mixin.py:188} INFO - [2026-04-22T19:23:19.151+0000] {dag.py:3823} INFO - Setting next_dagrun for data_merge_pipeline to 2026-04-26 00:00:00+00:00, run_after=2026-05-03 00:00:00+00:00
[2026-04-22T19:23:19.172+0000] {processor.py:183} INFO - Processing /home/airflow/dags/data_merge_dag.py took 0.479 seconds
[2026-04-22T19:23:49.380+0000] {processor.py:161} INFO - Started process (PID=395) to work on /home/airflow/dags/data_merge_dag.py
[2026-04-22T19:23:49.381+0000] {processor.py:830} INFO - Processing file /home/airflow/dags/data_merge_dag.py for tasks to queue
[2026-04-22T19:23:49.382+0000] {logging_mixin.py:188} INFO - [2026-04-22T19:23:49.382+0000] {dagbag.py:538} INFO - Filling up the DagBag from /home/airflow/dags/data_merge_dag.py
[2026-04-22T19:23:49.775+0000] {processor.py:840} INFO - DAG(s) 'data_merge_pipeline' retrieved from /home/airflow/dags/data_merge_dag.py
[2026-04-22T19:23:49.794+0000] {logging_mixin.py:188} INFO - [2026-04-22T19:23:49.793+0000] {dag.py:3036} INFO - Sync 1 DAGs
[2026-04-22T19:23:49.811+0000] {logging_mixin.py:188} INFO - [2026-04-22T19:23:49.811+0000] {dag.py:3823} INFO - Setting next_dagrun for data_merge_pipeline to 2026-04-26 00:00:00+00:00, run_after=2026-05-03 00:00:00+00:00
[2026-04-22T19:23:49.830+0000] {processor.py:183} INFO - Processing /home/airflow/dags/data_merge_dag.py took 0.453 seconds
[2026-04-22T19:24:20.039+0000] {processor.py:161} INFO - Started process (PID=401) to work on /home/airflow/dags/data_merge_dag.py
[2026-04-22T19:24:20.040+0000] {processor.py:830} INFO - Processing file /home/airflow/dags/data_merge_dag.py for tasks to queue
[2026-04-22T19:24:20.041+0000] {logging_mixin.py:188} INFO - [2026-04-22T19:24:20.041+0000] {dagbag.py:538} INFO - Filling up the DagBag from /home/airflow/dags/data_merge_dag.py
[2026-04-22T19:24:20.385+0000] {processor.py:840} INFO - DAG(s) 'data_merge_pipeline' retrieved from /home/airflow/dags/data_merge_dag.py
[2026-04-22T19:24:20.406+0000] {logging_mixin.py:188} INFO - [2026-04-22T19:24:20.405+0000] {dag.py:3036} INFO - Sync 1 DAGs
[2026-04-22T19:24:20.421+0000] {logging_mixin.py:188} INFO - [2026-04-22T19:24:20.420+0000] {dag.py:3823} INFO - Setting next_dagrun for data_merge_pipeline to 2026-04-26 00:00:00+00:00, run_after=2026-05-03 00:00:00+00:00
[2026-04-22T19:24:20.439+0000] {processor.py:183} INFO - Processing /home/airflow/dags/data_merge_dag.py took 0.402 seconds
[2026-04-22T19:24:50.637+0000] {processor.py:161} INFO - Started process (PID=407) to work on /home/airflow/dags/data_merge_dag.py
[2026-04-22T19:24:50.638+0000] {processor.py:830} INFO - Processing file /home/airflow/dags/data_merge_dag.py for tasks to queue
[2026-04-22T19:24:50.639+0000] {logging_mixin.py:188} INFO - [2026-04-22T19:24:50.639+0000] {dagbag.py:538} INFO - Filling up the DagBag from /home/airflow/dags/data_merge_dag.py
[2026-04-22T19:24:51.118+0000] {processor.py:840} INFO - DAG(s) 'data_merge_pipeline' retrieved from /home/airflow/dags/data_merge_dag.py
[2026-04-22T19:24:51.147+0000] {logging_mixin.py:188} INFO - [2026-04-22T19:24:51.147+0000] {dag.py:3036} INFO - Sync 1 DAGs
[2026-04-22T19:24:51.169+0000] {logging_mixin.py:188} INFO - [2026-04-22T19:24:51.169+0000] {dag.py:3823} INFO - Setting next_dagrun for data_merge_pipeline to 2026-04-26 00:00:00+00:00, run_after=2026-05-03 00:00:00+00:00
[2026-04-22T19:24:51.192+0000] {processor.py:183} INFO - Processing /home/airflow/dags/data_merge_dag.py took 0.558 seconds
[2026-04-22T19:25:21.409+0000] {processor.py:161} INFO - Started process (PID=413) to work on /home/airflow/dags/data_merge_dag.py
[2026-04-22T19:25:21.410+0000] {processor.py:830} INFO - Processing file /home/airflow/dags/data_merge_dag.py for tasks to queue
[2026-04-22T19:25:21.411+0000] {logging_mixin.py:188} INFO - [2026-04-22T19:25:21.410+0000] {dagbag.py:538} INFO - Filling up the DagBag from /home/airflow/dags/data_merge_dag.py
[2026-04-22T19:25:21.743+0000] {processor.py:840} INFO - DAG(s) 'data_merge_pipeline' retrieved from /home/airflow/dags/data_merge_dag.py
[2026-04-22T19:25:21.763+0000] {logging_mixin.py:188} INFO - [2026-04-22T19:25:21.763+0000] {dag.py:3036} INFO - Sync 1 DAGs
[2026-04-22T19:25:21.780+0000] {logging_mixin.py:188} INFO - [2026-04-22T19:25:21.780+0000] {dag.py:3823} INFO - Setting next_dagrun for data_merge_pipeline to 2026-04-26 00:00:00+00:00, run_after=2026-05-03 00:00:00+00:00
[2026-04-22T19:25:21.799+0000] {processor.py:183} INFO - Processing /home/airflow/dags/data_merge_dag.py took 0.393 seconds
[2026-04-22T19:25:52.005+0000] {processor.py:161} INFO - Started process (PID=422) to work on /home/airflow/dags/data_merge_dag.py
[2026-04-22T19:25:52.006+0000] {processor.py:830} INFO - Processing file /home/airflow/dags/data_merge_dag.py for tasks to queue
[2026-04-22T19:25:52.007+0000] {logging_mixin.py:188} INFO - [2026-04-22T19:25:52.007+0000] {dagbag.py:538} INFO - Filling up the DagBag from /home/airflow/dags/data_merge_dag.py
[2026-04-22T19:25:52.442+0000] {processor.py:840} INFO - DAG(s) 'data_merge_pipeline' retrieved from /home/airflow/dags/data_merge_dag.py
[2026-04-22T19:25:52.463+0000] {logging_mixin.py:188} INFO - [2026-04-22T19:25:52.462+0000] {dag.py:3036} INFO - Sync 1 DAGs
[2026-04-22T19:25:52.479+0000] {logging_mixin.py:188} INFO - [2026-04-22T19:25:52.478+0000] {dag.py:3823} INFO - Setting next_dagrun for data_merge_pipeline to 2026-04-26 00:00:00+00:00, run_after=2026-05-03 00:00:00+00:00
[2026-04-22T19:25:52.498+0000] {processor.py:183} INFO - Processing /home/airflow/dags/data_merge_dag.py took 0.496 seconds
[2026-04-22T19:26:22.754+0000] {processor.py:161} INFO - Started process (PID=428) to work on /home/airflow/dags/data_merge_dag.py
[2026-04-22T19:26:22.755+0000] {processor.py:830} INFO - Processing file /home/airflow/dags/data_merge_dag.py for tasks to queue
[2026-04-22T19:26:22.757+0000] {logging_mixin.py:188} INFO - [2026-04-22T19:26:22.756+0000] {dagbag.py:538} INFO - Filling up the DagBag from /home/airflow/dags/data_merge_dag.py
[2026-04-22T19:26:23.175+0000] {processor.py:840} INFO - DAG(s) 'data_merge_pipeline' retrieved from /home/airflow/dags/data_merge_dag.py
[2026-04-22T19:26:23.197+0000] {logging_mixin.py:188} INFO - [2026-04-22T19:26:23.196+0000] {dag.py:3036} INFO - Sync 1 DAGs
[2026-04-22T19:26:23.215+0000] {logging_mixin.py:188} INFO - [2026-04-22T19:26:23.214+0000] {dag.py:3823} INFO - Setting next_dagrun for data_merge_pipeline to 2026-04-26 00:00:00+00:00, run_after=2026-05-03 00:00:00+00:00
[2026-04-22T19:26:23.237+0000] {processor.py:183} INFO - Processing /home/airflow/dags/data_merge_dag.py took 0.486 seconds
[2026-04-22T19:26:53.361+0000] {processor.py:161} INFO - Started process (PID=434) to work on /home/airflow/dags/data_merge_dag.py
[2026-04-22T19:26:53.362+0000] {processor.py:830} INFO - Processing file /home/airflow/dags/data_merge_dag.py for tasks to queue
[2026-04-22T19:26:53.363+0000] {logging_mixin.py:188} INFO - [2026-04-22T19:26:53.363+0000] {dagbag.py:538} INFO - Filling up the DagBag from /home/airflow/dags/data_merge_dag.py
[2026-04-22T19:26:53.700+0000] {processor.py:840} INFO - DAG(s) 'data_merge_pipeline' retrieved from /home/airflow/dags/data_merge_dag.py
[2026-04-22T19:26:53.720+0000] {logging_mixin.py:188} INFO - [2026-04-22T19:26:53.720+0000] {dag.py:3036} INFO - Sync 1 DAGs
[2026-04-22T19:26:53.736+0000] {logging_mixin.py:188} INFO - [2026-04-22T19:26:53.736+0000] {dag.py:3823} INFO - Setting next_dagrun for data_merge_pipeline to 2026-04-26 00:00:00+00:00, run_after=2026-05-03 00:00:00+00:00
[2026-04-22T19:26:53.756+0000] {processor.py:183} INFO - Processing /home/airflow/dags/data_merge_dag.py took 0.397 seconds
[2026-04-22T19:27:23.971+0000] {processor.py:161} INFO - Started process (PID=440) to work on /home/airflow/dags/data_merge_dag.py
[2026-04-22T19:27:23.972+0000] {processor.py:830} INFO - Processing file /home/airflow/dags/data_merge_dag.py for tasks to queue
[2026-04-22T19:27:23.973+0000] {logging_mixin.py:188} INFO - [2026-04-22T19:27:23.973+0000] {dagbag.py:538} INFO - Filling up the DagBag from /home/airflow/dags/data_merge_dag.py
[2026-04-22T19:27:24.383+0000] {processor.py:840} INFO - DAG(s) 'data_merge_pipeline' retrieved from /home/airflow/dags/data_merge_dag.py
[2026-04-22T19:27:24.407+0000] {logging_mixin.py:188} INFO - [2026-04-22T19:27:24.406+0000] {dag.py:3036} INFO - Sync 1 DAGs
[2026-04-22T19:27:24.426+0000] {logging_mixin.py:188} INFO - [2026-04-22T19:27:24.426+0000] {dag.py:3823} INFO - Setting next_dagrun for data_merge_pipeline to 2026-04-26 00:00:00+00:00, run_after=2026-05-03 00:00:00+00:00
[2026-04-22T19:27:24.450+0000] {processor.py:183} INFO - Processing /home/airflow/dags/data_merge_dag.py took 0.482 seconds
[2026-04-22T19:27:54.660+0000] {processor.py:161} INFO - Started process (PID=446) to work on /home/airflow/dags/data_merge_dag.py
[2026-04-22T19:27:54.661+0000] {processor.py:830} INFO - Processing file /home/airflow/dags/data_merge_dag.py for tasks to queue
[2026-04-22T19:27:54.662+0000] {logging_mixin.py:188} INFO - [2026-04-22T19:27:54.662+0000] {dagbag.py:538} INFO - Filling up the DagBag from /home/airflow/dags/data_merge_dag.py
[2026-04-22T19:27:54.991+0000] {processor.py:840} INFO - DAG(s) 'data_merge_pipeline' retrieved from /home/airflow/dags/data_merge_dag.py
[2026-04-22T19:27:55.009+0000] {logging_mixin.py:188} INFO - [2026-04-22T19:27:55.009+0000] {dag.py:3036} INFO - Sync 1 DAGs
[2026-04-22T19:27:55.024+0000] {logging_mixin.py:188} INFO - [2026-04-22T19:27:55.024+0000] {dag.py:3823} INFO - Setting next_dagrun for data_merge_pipeline to 2026-04-26 00:00:00+00:00, run_after=2026-05-03 00:00:00+00:00
[2026-04-22T19:27:55.042+0000] {processor.py:183} INFO - Processing /home/airflow/dags/data_merge_dag.py took 0.386 seconds
[2026-04-22T19:28:25.243+0000] {processor.py:161} INFO - Started process (PID=452) to work on /home/airflow/dags/data_merge_dag.py
[2026-04-22T19:28:25.245+0000] {processor.py:830} INFO - Processing file /home/airflow/dags/data_merge_dag.py for tasks to queue
[2026-04-22T19:28:25.246+0000] {logging_mixin.py:188} INFO - [2026-04-22T19:28:25.245+0000] {dagbag.py:538} INFO - Filling up the DagBag from /home/airflow/dags/data_merge_dag.py
[2026-04-22T19:28:25.641+0000] {processor.py:840} INFO - DAG(s) 'data_merge_pipeline' retrieved from /home/airflow/dags/data_merge_dag.py
[2026-04-22T19:28:25.671+0000] {logging_mixin.py:188} INFO - [2026-04-22T19:28:25.670+0000] {dag.py:3036} INFO - Sync 1 DAGs
[2026-04-22T19:28:25.698+0000] {logging_mixin.py:188} INFO - [2026-04-22T19:28:25.698+0000] {dag.py:3823} INFO - Setting next_dagrun for data_merge_pipeline to 2026-04-26 00:00:00+00:00, run_after=2026-05-03 00:00:00+00:00
[2026-04-22T19:28:25.723+0000] {processor.py:183} INFO - Processing /home/airflow/dags/data_merge_dag.py took 0.482 seconds
[2026-04-22T19:28:55.967+0000] {processor.py:161} INFO - Started process (PID=458) to work on /home/airflow/dags/data_merge_dag.py
[2026-04-22T19:28:55.968+0000] {processor.py:830} INFO - Processing file /home/airflow/dags/data_merge_dag.py for tasks to queue
[2026-04-22T19:28:55.969+0000] {logging_mixin.py:188} INFO - [2026-04-22T19:28:55.969+0000] {dagbag.py:538} INFO - Filling up the DagBag from /home/airflow/dags/data_merge_dag.py
[2026-04-22T19:28:56.326+0000] {processor.py:840} INFO - DAG(s) 'data_merge_pipeline' retrieved from /home/airflow/dags/data_merge_dag.py
[2026-04-22T19:28:56.346+0000] {logging_mixin.py:188} INFO - [2026-04-22T19:28:56.346+0000] {dag.py:3036} INFO - Sync 1 DAGs
[2026-04-22T19:28:56.361+0000] {logging_mixin.py:188} INFO - [2026-04-22T19:28:56.361+0000] {dag.py:3823} INFO - Setting next_dagrun for data_merge_pipeline to 2026-04-26 00:00:00+00:00, run_after=2026-05-03 00:00:00+00:00
[2026-04-22T19:28:56.379+0000] {processor.py:183} INFO - Processing /home/airflow/dags/data_merge_dag.py took 0.414 seconds
[2026-04-22T19:29:26.584+0000] {processor.py:161} INFO - Started process (PID=464) to work on /home/airflow/dags/data_merge_dag.py
[2026-04-22T19:29:26.585+0000] {processor.py:830} INFO - Processing file /home/airflow/dags/data_merge_dag.py for tasks to queue
[2026-04-22T19:29:26.586+0000] {logging_mixin.py:188} INFO - [2026-04-22T19:29:26.586+0000] {dagbag.py:538} INFO - Filling up the DagBag from /home/airflow/dags/data_merge_dag.py
[2026-04-22T19:29:26.950+0000] {processor.py:840} INFO - DAG(s) 'data_merge_pipeline' retrieved from /home/airflow/dags/data_merge_dag.py
[2026-04-22T19:29:26.970+0000] {logging_mixin.py:188} INFO - [2026-04-22T19:29:26.970+0000] {dag.py:3036} INFO - Sync 1 DAGs
[2026-04-22T19:29:26.985+0000] {logging_mixin.py:188} INFO - [2026-04-22T19:29:26.985+0000] {dag.py:3823} INFO - Setting next_dagrun for data_merge_pipeline to 2026-04-26 00:00:00+00:00, run_after=2026-05-03 00:00:00+00:00
[2026-04-22T19:29:27.005+0000] {processor.py:183} INFO - Processing /home/airflow/dags/data_merge_dag.py took 0.424 seconds
[2026-04-22T19:29:57.211+0000] {processor.py:161} INFO - Started process (PID=470) to work on /home/airflow/dags/data_merge_dag.py
[2026-04-22T19:29:57.212+0000] {processor.py:830} INFO - Processing file /home/airflow/dags/data_merge_dag.py for tasks to queue
[2026-04-22T19:29:57.213+0000] {logging_mixin.py:188} INFO - [2026-04-22T19:29:57.213+0000] {dagbag.py:538} INFO - Filling up the DagBag from /home/airflow/dags/data_merge_dag.py
[2026-04-22T19:29:57.635+0000] {processor.py:840} INFO - DAG(s) 'data_merge_pipeline' retrieved from /home/airflow/dags/data_merge_dag.py
[2026-04-22T19:29:57.662+0000] {logging_mixin.py:188} INFO - [2026-04-22T19:29:57.662+0000] {dag.py:3036} INFO - Sync 1 DAGs
[2026-04-22T19:29:57.686+0000] {logging_mixin.py:188} INFO - [2026-04-22T19:29:57.686+0000] {dag.py:3823} INFO - Setting next_dagrun for data_merge_pipeline to 2026-04-26 00:00:00+00:00, run_after=2026-05-03 00:00:00+00:00
[2026-04-22T19:29:57.703+0000] {processor.py:183} INFO - Processing /home/airflow/dags/data_merge_dag.py took 0.495 seconds
[2026-04-22T19:30:27.909+0000] {processor.py:161} INFO - Started process (PID=476) to work on /home/airflow/dags/data_merge_dag.py
[2026-04-22T19:30:27.910+0000] {processor.py:830} INFO - Processing file /home/airflow/dags/data_merge_dag.py for tasks to queue
[2026-04-22T19:30:27.911+0000] {logging_mixin.py:188} INFO - [2026-04-22T19:30:27.911+0000] {dagbag.py:538} INFO - Filling up the DagBag from /home/airflow/dags/data_merge_dag.py
[2026-04-22T19:30:28.322+0000] {processor.py:840} INFO - DAG(s) 'data_merge_pipeline' retrieved from /home/airflow/dags/data_merge_dag.py
[2026-04-22T19:30:28.344+0000] {logging_mixin.py:188} INFO - [2026-04-22T19:30:28.343+0000] {dag.py:3036} INFO - Sync 1 DAGs
[2026-04-22T19:30:28.363+0000] {logging_mixin.py:188} INFO - [2026-04-22T19:30:28.363+0000] {dag.py:3823} INFO - Setting next_dagrun for data_merge_pipeline to 2026-04-26 00:00:00+00:00, run_after=2026-05-03 00:00:00+00:00
[2026-04-22T19:30:28.383+0000] {processor.py:183} INFO - Processing /home/airflow/dags/data_merge_dag.py took 0.478 seconds
[2026-04-22T19:30:58.575+0000] {processor.py:161} INFO - Started process (PID=482) to work on /home/airflow/dags/data_merge_dag.py
[2026-04-22T19:30:58.577+0000] {processor.py:830} INFO - Processing file /home/airflow/dags/data_merge_dag.py for tasks to queue
[2026-04-22T19:30:58.578+0000] {logging_mixin.py:188} INFO - [2026-04-22T19:30:58.577+0000] {dagbag.py:538} INFO - Filling up the DagBag from /home/airflow/dags/data_merge_dag.py
[2026-04-22T19:30:59.033+0000] {processor.py:840} INFO - DAG(s) 'data_merge_pipeline' retrieved from /home/airflow/dags/data_merge_dag.py
[2026-04-22T19:30:59.056+0000] {logging_mixin.py:188} INFO - [2026-04-22T19:30:59.056+0000] {dag.py:3036} INFO - Sync 1 DAGs
[2026-04-22T19:30:59.076+0000] {logging_mixin.py:188} INFO - [2026-04-22T19:30:59.076+0000] {dag.py:3823} INFO - Setting next_dagrun for data_merge_pipeline to 2026-04-26 00:00:00+00:00, run_after=2026-05-03 00:00:00+00:00
[2026-04-22T19:30:59.103+0000] {processor.py:183} INFO - Processing /home/airflow/dags/data_merge_dag.py took 0.531 seconds
[2026-04-22T19:31:29.310+0000] {processor.py:161} INFO - Started process (PID=488) to work on /home/airflow/dags/data_merge_dag.py
[2026-04-22T19:31:29.311+0000] {processor.py:830} INFO - Processing file /home/airflow/dags/data_merge_dag.py for tasks to queue
[2026-04-22T19:31:29.312+0000] {logging_mixin.py:188} INFO - [2026-04-22T19:31:29.311+0000] {dagbag.py:538} INFO - Filling up the DagBag from /home/airflow/dags/data_merge_dag.py
[2026-04-22T19:31:29.727+0000] {processor.py:840} INFO - DAG(s) 'data_merge_pipeline' retrieved from /home/airflow/dags/data_merge_dag.py
[2026-04-22T19:31:29.750+0000] {logging_mixin.py:188} INFO - [2026-04-22T19:31:29.748+0000] {dag.py:3036} INFO - Sync 1 DAGs
[2026-04-22T19:31:29.772+0000] {logging_mixin.py:188} INFO - [2026-04-22T19:31:29.771+0000] {dag.py:3823} INFO - Setting next_dagrun for data_merge_pipeline to 2026-04-26 00:00:00+00:00, run_after=2026-05-03 00:00:00+00:00
[2026-04-22T19:31:29.792+0000] {processor.py:183} INFO - Processing /home/airflow/dags/data_merge_dag.py took 0.486 seconds
[2026-04-22T19:32:00.013+0000] {processor.py:161} INFO - Started process (PID=494) to work on /home/airflow/dags/data_merge_dag.py
[2026-04-22T19:32:00.015+0000] {processor.py:830} INFO - Processing file /home/airflow/dags/data_merge_dag.py for tasks to queue
[2026-04-22T19:32:00.017+0000] {logging_mixin.py:188} INFO - [2026-04-22T19:32:00.016+0000] {dagbag.py:538} INFO - Filling up the DagBag from /home/airflow/dags/data_merge_dag.py
[2026-04-22T19:32:00.682+0000] {processor.py:840} INFO - DAG(s) 'data_merge_pipeline' retrieved from /home/airflow/dags/data_merge_dag.py
[2026-04-22T19:32:00.724+0000] {logging_mixin.py:188} INFO - [2026-04-22T19:32:00.723+0000] {dag.py:3036} INFO - Sync 1 DAGs
[2026-04-22T19:32:00.753+0000] {logging_mixin.py:188} INFO - [2026-04-22T19:32:00.753+0000] {dag.py:3823} INFO - Setting next_dagrun for data_merge_pipeline to 2026-04-26 00:00:00+00:00, run_after=2026-05-03 00:00:00+00:00
[2026-04-22T19:32:00.788+0000] {processor.py:183} INFO - Processing /home/airflow/dags/data_merge_dag.py took 0.781 seconds
[2026-04-22T19:32:31.383+0000] {processor.py:161} INFO - Started process (PID=500) to work on /home/airflow/dags/data_merge_dag.py
[2026-04-22T19:32:31.385+0000] {processor.py:830} INFO - Processing file /home/airflow/dags/data_merge_dag.py for tasks to queue
[2026-04-22T19:32:31.388+0000] {logging_mixin.py:188} INFO - [2026-04-22T19:32:31.387+0000] {dagbag.py:538} INFO - Filling up the DagBag from /home/airflow/dags/data_merge_dag.py
[2026-04-22T19:32:31.947+0000] {processor.py:840} INFO - DAG(s) 'data_merge_pipeline' retrieved from /home/airflow/dags/data_merge_dag.py
[2026-04-22T19:32:31.972+0000] {logging_mixin.py:188} INFO - [2026-04-22T19:32:31.971+0000] {dag.py:3036} INFO - Sync 1 DAGs
[2026-04-22T19:32:31.996+0000] {logging_mixin.py:188} INFO - [2026-04-22T19:32:31.996+0000] {dag.py:3823} INFO - Setting next_dagrun for data_merge_pipeline to 2026-04-26 00:00:00+00:00, run_after=2026-05-03 00:00:00+00:00
[2026-04-22T19:32:32.022+0000] {processor.py:183} INFO - Processing /home/airflow/dags/data_merge_dag.py took 0.645 seconds
[2026-04-22T19:33:02.270+0000] {processor.py:161} INFO - Started process (PID=506) to work on /home/airflow/dags/data_merge_dag.py
[2026-04-22T19:33:02.271+0000] {processor.py:830} INFO - Processing file /home/airflow/dags/data_merge_dag.py for tasks to queue
[2026-04-22T19:33:02.272+0000] {logging_mixin.py:188} INFO - [2026-04-22T19:33:02.272+0000] {dagbag.py:538} INFO - Filling up the DagBag from /home/airflow/dags/data_merge_dag.py
[2026-04-22T19:33:02.773+0000] {processor.py:840} INFO - DAG(s) 'data_merge_pipeline' retrieved from /home/airflow/dags/data_merge_dag.py
[2026-04-22T19:33:02.805+0000] {logging_mixin.py:188} INFO - [2026-04-22T19:33:02.803+0000] {dag.py:3036} INFO - Sync 1 DAGs
[2026-04-22T19:33:02.831+0000] {logging_mixin.py:188} INFO - [2026-04-22T19:33:02.830+0000] {dag.py:3823} INFO - Setting next_dagrun for data_merge_pipeline to 2026-04-26 00:00:00+00:00, run_after=2026-05-03 00:00:00+00:00
[2026-04-22T19:33:02.856+0000] {processor.py:183} INFO - Processing /home/airflow/dags/data_merge_dag.py took 0.589 seconds
[2026-04-22T19:33:33.082+0000] {processor.py:161} INFO - Started process (PID=512) to work on /home/airflow/dags/data_merge_dag.py
[2026-04-22T19:33:33.083+0000] {processor.py:830} INFO - Processing file /home/airflow/dags/data_merge_dag.py for tasks to queue
[2026-04-22T19:33:33.084+0000] {logging_mixin.py:188} INFO - [2026-04-22T19:33:33.084+0000] {dagbag.py:538} INFO - Filling up the DagBag from /home/airflow/dags/data_merge_dag.py
[2026-04-22T19:33:33.489+0000] {processor.py:840} INFO - DAG(s) 'data_merge_pipeline' retrieved from /home/airflow/dags/data_merge_dag.py
[2026-04-22T19:33:33.511+0000] {logging_mixin.py:188} INFO - [2026-04-22T19:33:33.510+0000] {dag.py:3036} INFO - Sync 1 DAGs
[2026-04-22T19:33:33.528+0000] {logging_mixin.py:188} INFO - [2026-04-22T19:33:33.528+0000] {dag.py:3823} INFO - Setting next_dagrun for data_merge_pipeline to 2026-04-26 00:00:00+00:00, run_after=2026-05-03 00:00:00+00:00
[2026-04-22T19:33:33.551+0000] {processor.py:183} INFO - Processing /home/airflow/dags/data_merge_dag.py took 0.473 seconds
[2026-04-22T19:34:03.796+0000] {processor.py:161} INFO - Started process (PID=518) to work on /home/airflow/dags/data_merge_dag.py
[2026-04-22T19:34:03.798+0000] {processor.py:830} INFO - Processing file /home/airflow/dags/data_merge_dag.py for tasks to queue
[2026-04-22T19:34:03.799+0000] {logging_mixin.py:188} INFO - [2026-04-22T19:34:03.799+0000] {dagbag.py:538} INFO - Filling up the DagBag from /home/airflow/dags/data_merge_dag.py
[2026-04-22T19:34:04.307+0000] {processor.py:840} INFO - DAG(s) 'data_merge_pipeline' retrieved from /home/airflow/dags/data_merge_dag.py
[2026-04-22T19:34:04.331+0000] {logging_mixin.py:188} INFO - [2026-04-22T19:34:04.331+0000] {dag.py:3036} INFO - Sync 1 DAGs
[2026-04-22T19:34:04.352+0000] {logging_mixin.py:188} INFO - [2026-04-22T19:34:04.352+0000] {dag.py:3823} INFO - Setting next_dagrun for data_merge_pipeline to 2026-04-26 00:00:00+00:00, run_after=2026-05-03 00:00:00+00:00
[2026-04-22T19:34:04.375+0000] {processor.py:183} INFO - Processing /home/airflow/dags/data_merge_dag.py took 0.583 seconds
[2026-04-22T19:34:34.458+0000] {processor.py:161} INFO - Started process (PID=524) to work on /home/airflow/dags/data_merge_dag.py
[2026-04-22T19:34:34.460+0000] {processor.py:830} INFO - Processing file /home/airflow/dags/data_merge_dag.py for tasks to queue
[2026-04-22T19:34:34.462+0000] {logging_mixin.py:188} INFO - [2026-04-22T19:34:34.461+0000] {dagbag.py:538} INFO - Filling up the DagBag from /home/airflow/dags/data_merge_dag.py
[2026-04-22T19:34:34.975+0000] {processor.py:840} INFO - DAG(s) 'data_merge_pipeline' retrieved from /home/airflow/dags/data_merge_dag.py
[2026-04-22T19:34:34.999+0000] {logging_mixin.py:188} INFO - [2026-04-22T19:34:34.997+0000] {dag.py:3036} INFO - Sync 1 DAGs
[2026-04-22T19:34:35.016+0000] {logging_mixin.py:188} INFO - [2026-04-22T19:34:35.016+0000] {dag.py:3823} INFO - Setting next_dagrun for data_merge_pipeline to 2026-04-26 00:00:00+00:00, run_after=2026-05-03 00:00:00+00:00
[2026-04-22T19:34:35.039+0000] {processor.py:183} INFO - Processing /home/airflow/dags/data_merge_dag.py took 0.584 seconds
[2026-04-22T19:35:05.261+0000] {processor.py:161} INFO - Started process (PID=530) to work on /home/airflow/dags/data_merge_dag.py
[2026-04-22T19:35:05.263+0000] {processor.py:830} INFO - Processing file /home/airflow/dags/data_merge_dag.py for tasks to queue
[2026-04-22T19:35:05.264+0000] {logging_mixin.py:188} INFO - [2026-04-22T19:35:05.264+0000] {dagbag.py:538} INFO - Filling up the DagBag from /home/airflow/dags/data_merge_dag.py
[2026-04-22T19:35:05.683+0000] {processor.py:840} INFO - DAG(s) 'data_merge_pipeline' retrieved from /home/airflow/dags/data_merge_dag.py
[2026-04-22T19:35:05.706+0000] {logging_mixin.py:188} INFO - [2026-04-22T19:35:05.706+0000] {dag.py:3036} INFO - Sync 1 DAGs
[2026-04-22T19:35:05.724+0000] {logging_mixin.py:188} INFO - [2026-04-22T19:35:05.724+0000] {dag.py:3823} INFO - Setting next_dagrun for data_merge_pipeline to 2026-04-26 00:00:00+00:00, run_after=2026-05-03 00:00:00+00:00
[2026-04-22T19:35:05.747+0000] {processor.py:183} INFO - Processing /home/airflow/dags/data_merge_dag.py took 0.490 seconds
[2026-04-22T19:35:35.952+0000] {processor.py:161} INFO - Started process (PID=536) to work on /home/airflow/dags/data_merge_dag.py
[2026-04-22T19:35:35.953+0000] {processor.py:830} INFO - Processing file /home/airflow/dags/data_merge_dag.py for tasks to queue
[2026-04-22T19:35:35.955+0000] {logging_mixin.py:188} INFO - [2026-04-22T19:35:35.954+0000] {dagbag.py:538} INFO - Filling up the DagBag from /home/airflow/dags/data_merge_dag.py
[2026-04-22T19:35:36.338+0000] {processor.py:840} INFO - DAG(s) 'data_merge_pipeline' retrieved from /home/airflow/dags/data_merge_dag.py
[2026-04-22T19:35:36.359+0000] {logging_mixin.py:188} INFO - [2026-04-22T19:35:36.358+0000] {dag.py:3036} INFO - Sync 1 DAGs
[2026-04-22T19:35:36.376+0000] {logging_mixin.py:188} INFO - [2026-04-22T19:35:36.376+0000] {dag.py:3823} INFO - Setting next_dagrun for data_merge_pipeline to 2026-04-26 00:00:00+00:00, run_after=2026-05-03 00:00:00+00:00
[2026-04-22T19:35:36.400+0000] {processor.py:183} INFO - Processing /home/airflow/dags/data_merge_dag.py took 0.451 seconds
[2026-04-22T19:36:06.627+0000] {processor.py:161} INFO - Started process (PID=542) to work on /home/airflow/dags/data_merge_dag.py
[2026-04-22T19:36:06.628+0000] {processor.py:830} INFO - Processing file /home/airflow/dags/data_merge_dag.py for tasks to queue
[2026-04-22T19:36:06.629+0000] {logging_mixin.py:188} INFO - [2026-04-22T19:36:06.629+0000] {dagbag.py:538} INFO - Filling up the DagBag from /home/airflow/dags/data_merge_dag.py
[2026-04-22T19:36:07.146+0000] {processor.py:840} INFO - DAG(s) 'data_merge_pipeline' retrieved from /home/airflow/dags/data_merge_dag.py
[2026-04-22T19:36:07.174+0000] {logging_mixin.py:188} INFO - [2026-04-22T19:36:07.173+0000] {dag.py:3036} INFO - Sync 1 DAGs
[2026-04-22T19:36:07.195+0000] {logging_mixin.py:188} INFO - [2026-04-22T19:36:07.195+0000] {dag.py:3823} INFO - Setting next_dagrun for data_merge_pipeline to 2026-04-26 00:00:00+00:00, run_after=2026-05-03 00:00:00+00:00
[2026-04-22T19:36:07.220+0000] {processor.py:183} INFO - Processing /home/airflow/dags/data_merge_dag.py took 0.597 seconds
[2026-04-22T19:36:37.448+0000] {processor.py:161} INFO - Started process (PID=548) to work on /home/airflow/dags/data_merge_dag.py
[2026-04-22T19:36:37.455+0000] {processor.py:830} INFO - Processing file /home/airflow/dags/data_merge_dag.py for tasks to queue
[2026-04-22T19:36:37.461+0000] {logging_mixin.py:188} INFO - [2026-04-22T19:36:37.460+0000] {dagbag.py:538} INFO - Filling up the DagBag from /home/airflow/dags/data_merge_dag.py
[2026-04-22T19:36:38.390+0000] {processor.py:840} INFO - DAG(s) 'data_merge_pipeline' retrieved from /home/airflow/dags/data_merge_dag.py
[2026-04-22T19:36:38.414+0000] {logging_mixin.py:188} INFO - [2026-04-22T19:36:38.413+0000] {dag.py:3036} INFO - Sync 1 DAGs
[2026-04-22T19:36:38.435+0000] {logging_mixin.py:188} INFO - [2026-04-22T19:36:38.435+0000] {dag.py:3823} INFO - Setting next_dagrun for data_merge_pipeline to 2026-04-26 00:00:00+00:00, run_after=2026-05-03 00:00:00+00:00
[2026-04-22T19:36:38.456+0000] {processor.py:183} INFO - Processing /home/airflow/dags/data_merge_dag.py took 1.013 seconds
[2026-04-22T19:37:08.652+0000] {processor.py:161} INFO - Started process (PID=554) to work on /home/airflow/dags/data_merge_dag.py
[2026-04-22T19:37:08.654+0000] {processor.py:830} INFO - Processing file /home/airflow/dags/data_merge_dag.py for tasks to queue
[2026-04-22T19:37:08.656+0000] {logging_mixin.py:188} INFO - [2026-04-22T19:37:08.655+0000] {dagbag.py:538} INFO - Filling up the DagBag from /home/airflow/dags/data_merge_dag.py
[2026-04-22T19:37:09.178+0000] {processor.py:840} INFO - DAG(s) 'data_merge_pipeline' retrieved from /home/airflow/dags/data_merge_dag.py
[2026-04-22T19:37:09.202+0000] {logging_mixin.py:188} INFO - [2026-04-22T19:37:09.202+0000] {dag.py:3036} INFO - Sync 1 DAGs
[2026-04-22T19:37:09.223+0000] {logging_mixin.py:188} INFO - [2026-04-22T19:37:09.223+0000] {dag.py:3823} INFO - Setting next_dagrun for data_merge_pipeline to 2026-04-26 00:00:00+00:00, run_after=2026-05-03 00:00:00+00:00
[2026-04-22T19:37:09.246+0000] {processor.py:183} INFO - Processing /home/airflow/dags/data_merge_dag.py took 0.598 seconds
[2026-04-22T19:37:39.472+0000] {processor.py:161} INFO - Started process (PID=560) to work on /home/airflow/dags/data_merge_dag.py
[2026-04-22T19:37:39.474+0000] {processor.py:830} INFO - Processing file /home/airflow/dags/data_merge_dag.py for tasks to queue
[2026-04-22T19:37:39.475+0000] {logging_mixin.py:188} INFO - [2026-04-22T19:37:39.475+0000] {dagbag.py:538} INFO - Filling up the DagBag from /home/airflow/dags/data_merge_dag.py
[2026-04-22T19:37:39.910+0000] {processor.py:840} INFO - DAG(s) 'data_merge_pipeline' retrieved from /home/airflow/dags/data_merge_dag.py
[2026-04-22T19:37:39.937+0000] {logging_mixin.py:188} INFO - [2026-04-22T19:37:39.937+0000] {dag.py:3036} INFO - Sync 1 DAGs
[2026-04-22T19:37:39.958+0000] {logging_mixin.py:188} INFO - [2026-04-22T19:37:39.958+0000] {dag.py:3823} INFO - Setting next_dagrun for data_merge_pipeline to 2026-04-26 00:00:00+00:00, run_after=2026-05-03 00:00:00+00:00
[2026-04-22T19:37:39.983+0000] {processor.py:183} INFO - Processing /home/airflow/dags/data_merge_dag.py took 0.515 seconds
[2026-04-22T19:38:10.238+0000] {processor.py:161} INFO - Started process (PID=566) to work on /home/airflow/dags/data_merge_dag.py
[2026-04-22T19:38:10.240+0000] {processor.py:830} INFO - Processing file /home/airflow/dags/data_merge_dag.py for tasks to queue
[2026-04-22T19:38:10.242+0000] {logging_mixin.py:188} INFO - [2026-04-22T19:38:10.241+0000] {dagbag.py:538} INFO - Filling up the DagBag from /home/airflow/dags/data_merge_dag.py
[2026-04-22T19:38:10.692+0000] {processor.py:840} INFO - DAG(s) 'data_merge_pipeline' retrieved from /home/airflow/dags/data_merge_dag.py
[2026-04-22T19:38:10.714+0000] {logging_mixin.py:188} INFO - [2026-04-22T19:38:10.714+0000] {dag.py:3036} INFO - Sync 1 DAGs
[2026-04-22T19:38:10.733+0000] {logging_mixin.py:188} INFO - [2026-04-22T19:38:10.733+0000] {dag.py:3823} INFO - Setting next_dagrun for data_merge_pipeline to 2026-04-26 00:00:00+00:00, run_after=2026-05-03 00:00:00+00:00
[2026-04-22T19:38:10.753+0000] {processor.py:183} INFO - Processing /home/airflow/dags/data_merge_dag.py took 0.524 seconds
[2026-04-22T19:38:40.972+0000] {processor.py:161} INFO - Started process (PID=572) to work on /home/airflow/dags/data_merge_dag.py
[2026-04-22T19:38:40.974+0000] {processor.py:830} INFO - Processing file /home/airflow/dags/data_merge_dag.py for tasks to queue
[2026-04-22T19:38:40.975+0000] {logging_mixin.py:188} INFO - [2026-04-22T19:38:40.975+0000] {dagbag.py:538} INFO - Filling up the DagBag from /home/airflow/dags/data_merge_dag.py
[2026-04-22T19:38:41.410+0000] {processor.py:840} INFO - DAG(s) 'data_merge_pipeline' retrieved from /home/airflow/dags/data_merge_dag.py
[2026-04-22T19:38:41.435+0000] {logging_mixin.py:188} INFO - [2026-04-22T19:38:41.435+0000] {dag.py:3036} INFO - Sync 1 DAGs
[2026-04-22T19:38:41.455+0000] {logging_mixin.py:188} INFO - [2026-04-22T19:38:41.455+0000] {dag.py:3823} INFO - Setting next_dagrun for data_merge_pipeline to 2026-04-26 00:00:00+00:00, run_after=2026-05-03 00:00:00+00:00
[2026-04-22T19:38:41.476+0000] {processor.py:183} INFO - Processing /home/airflow/dags/data_merge_dag.py took 0.509 seconds
[2026-04-22T19:39:11.599+0000] {processor.py:161} INFO - Started process (PID=578) to work on /home/airflow/dags/data_merge_dag.py
[2026-04-22T19:39:11.600+0000] {processor.py:830} INFO - Processing file /home/airflow/dags/data_merge_dag.py for tasks to queue
[2026-04-22T19:39:11.601+0000] {logging_mixin.py:188} INFO - [2026-04-22T19:39:11.601+0000] {dagbag.py:538} INFO - Filling up the DagBag from /home/airflow/dags/data_merge_dag.py
[2026-04-22T19:39:12.019+0000] {processor.py:840} INFO - DAG(s) 'data_merge_pipeline' retrieved from /home/airflow/dags/data_merge_dag.py
[2026-04-22T19:39:12.045+0000] {logging_mixin.py:188} INFO - [2026-04-22T19:39:12.044+0000] {dag.py:3036} INFO - Sync 1 DAGs
[2026-04-22T19:39:12.063+0000] {logging_mixin.py:188} INFO - [2026-04-22T19:39:12.062+0000] {dag.py:3823} INFO - Setting next_dagrun for data_merge_pipeline to 2026-04-26 00:00:00+00:00, run_after=2026-05-03 00:00:00+00:00
[2026-04-22T19:39:12.086+0000] {processor.py:183} INFO - Processing /home/airflow/dags/data_merge_dag.py took 0.492 seconds
[2026-04-22T19:39:42.306+0000] {processor.py:161} INFO - Started process (PID=584) to work on /home/airflow/dags/data_merge_dag.py
[2026-04-22T19:39:42.307+0000] {processor.py:830} INFO - Processing file /home/airflow/dags/data_merge_dag.py for tasks to queue
[2026-04-22T19:39:42.309+0000] {logging_mixin.py:188} INFO - [2026-04-22T19:39:42.308+0000] {dagbag.py:538} INFO - Filling up the DagBag from /home/airflow/dags/data_merge_dag.py
[2026-04-22T19:39:42.834+0000] {processor.py:840} INFO - DAG(s) 'data_merge_pipeline' retrieved from /home/airflow/dags/data_merge_dag.py
[2026-04-22T19:39:42.857+0000] {logging_mixin.py:188} INFO - [2026-04-22T19:39:42.857+0000] {dag.py:3036} INFO - Sync 1 DAGs
[2026-04-22T19:39:42.878+0000] {logging_mixin.py:188} INFO - [2026-04-22T19:39:42.877+0000] {dag.py:3823} INFO - Setting next_dagrun for data_merge_pipeline to 2026-04-26 00:00:00+00:00, run_after=2026-05-03 00:00:00+00:00
[2026-04-22T19:39:42.898+0000] {processor.py:183} INFO - Processing /home/airflow/dags/data_merge_dag.py took 0.596 seconds
[2026-04-22T19:40:13.047+0000] {processor.py:161} INFO - Started process (PID=590) to work on /home/airflow/dags/data_merge_dag.py
[2026-04-22T19:40:13.048+0000] {processor.py:830} INFO - Processing file /home/airflow/dags/data_merge_dag.py for tasks to queue
[2026-04-22T19:40:13.050+0000] {logging_mixin.py:188} INFO - [2026-04-22T19:40:13.049+0000] {dagbag.py:538} INFO - Filling up the DagBag from /home/airflow/dags/data_merge_dag.py
[2026-04-22T19:40:13.576+0000] {processor.py:840} INFO - DAG(s) 'data_merge_pipeline' retrieved from /home/airflow/dags/data_merge_dag.py
[2026-04-22T19:40:13.602+0000] {logging_mixin.py:188} INFO - [2026-04-22T19:40:13.601+0000] {dag.py:3036} INFO - Sync 1 DAGs
[2026-04-22T19:40:13.626+0000] {logging_mixin.py:188} INFO - [2026-04-22T19:40:13.626+0000] {dag.py:3823} INFO - Setting next_dagrun for data_merge_pipeline to 2026-04-26 00:00:00+00:00, run_after=2026-05-03 00:00:00+00:00
[2026-04-22T19:40:13.647+0000] {processor.py:183} INFO - Processing /home/airflow/dags/data_merge_dag.py took 0.603 seconds
[2026-04-22T19:40:43.876+0000] {processor.py:161} INFO - Started process (PID=596) to work on /home/airflow/dags/data_merge_dag.py
[2026-04-22T19:40:43.878+0000] {processor.py:830} INFO - Processing file /home/airflow/dags/data_merge_dag.py for tasks to queue
[2026-04-22T19:40:43.879+0000] {logging_mixin.py:188} INFO - [2026-04-22T19:40:43.879+0000] {dagbag.py:538} INFO - Filling up the DagBag from /home/airflow/dags/data_merge_dag.py
[2026-04-22T19:40:44.321+0000] {processor.py:840} INFO - DAG(s) 'data_merge_pipeline' retrieved from /home/airflow/dags/data_merge_dag.py
[2026-04-22T19:40:44.343+0000] {logging_mixin.py:188} INFO - [2026-04-22T19:40:44.343+0000] {dag.py:3036} INFO - Sync 1 DAGs
[2026-04-22T19:40:44.363+0000] {logging_mixin.py:188} INFO - [2026-04-22T19:40:44.363+0000] {dag.py:3823} INFO - Setting next_dagrun for data_merge_pipeline to 2026-04-26 00:00:00+00:00, run_after=2026-05-03 00:00:00+00:00
[2026-04-22T19:40:44.385+0000] {processor.py:183} INFO - Processing /home/airflow/dags/data_merge_dag.py took 0.515 seconds
[2026-04-22T19:41:14.493+0000] {processor.py:161} INFO - Started process (PID=602) to work on /home/airflow/dags/data_merge_dag.py
[2026-04-22T19:41:14.494+0000] {processor.py:830} INFO - Processing file /home/airflow/dags/data_merge_dag.py for tasks to queue
[2026-04-22T19:41:14.495+0000] {logging_mixin.py:188} INFO - [2026-04-22T19:41:14.495+0000] {dagbag.py:538} INFO - Filling up the DagBag from /home/airflow/dags/data_merge_dag.py
[2026-04-22T19:41:14.991+0000] {processor.py:840} INFO - DAG(s) 'data_merge_pipeline' retrieved from /home/airflow/dags/data_merge_dag.py
[2026-04-22T19:41:15.018+0000] {logging_mixin.py:188} INFO - [2026-04-22T19:41:15.017+0000] {dag.py:3036} INFO - Sync 1 DAGs
[2026-04-22T19:41:15.047+0000] {logging_mixin.py:188} INFO - [2026-04-22T19:41:15.047+0000] {dag.py:3823} INFO - Setting next_dagrun for data_merge_pipeline to 2026-04-26 00:00:00+00:00, run_after=2026-05-03 00:00:00+00:00
[2026-04-22T19:41:15.079+0000] {processor.py:183} INFO - Processing /home/airflow/dags/data_merge_dag.py took 0.592 seconds
[2026-04-22T19:41:45.327+0000] {processor.py:161} INFO - Started process (PID=608) to work on /home/airflow/dags/data_merge_dag.py
[2026-04-22T19:41:45.328+0000] {processor.py:830} INFO - Processing file /home/airflow/dags/data_merge_dag.py for tasks to queue
[2026-04-22T19:41:45.329+0000] {logging_mixin.py:188} INFO - [2026-04-22T19:41:45.329+0000] {dagbag.py:538} INFO - Filling up the DagBag from /home/airflow/dags/data_merge_dag.py
[2026-04-22T19:41:45.844+0000] {processor.py:840} INFO - DAG(s) 'data_merge_pipeline' retrieved from /home/airflow/dags/data_merge_dag.py
[2026-04-22T19:41:45.864+0000] {logging_mixin.py:188} INFO - [2026-04-22T19:41:45.864+0000] {dag.py:3036} INFO - Sync 1 DAGs
[2026-04-22T19:41:45.888+0000] {logging_mixin.py:188} INFO - [2026-04-22T19:41:45.887+0000] {dag.py:3823} INFO - Setting next_dagrun for data_merge_pipeline to 2026-04-26 00:00:00+00:00, run_after=2026-05-03 00:00:00+00:00
[2026-04-22T19:41:45.910+0000] {processor.py:183} INFO - Processing /home/airflow/dags/data_merge_dag.py took 0.588 seconds
[2026-04-22T19:42:15.988+0000] {processor.py:161} INFO - Started process (PID=614) to work on /home/airflow/dags/data_merge_dag.py
[2026-04-22T19:42:15.990+0000] {processor.py:830} INFO - Processing file /home/airflow/dags/data_merge_dag.py for tasks to queue
[2026-04-22T19:42:15.992+0000] {logging_mixin.py:188} INFO - [2026-04-22T19:42:15.991+0000] {dagbag.py:538} INFO - Filling up the DagBag from /home/airflow/dags/data_merge_dag.py
[2026-04-22T19:42:16.664+0000] {processor.py:840} INFO - DAG(s) 'data_merge_pipeline' retrieved from /home/airflow/dags/data_merge_dag.py
[2026-04-22T19:42:16.699+0000] {logging_mixin.py:188} INFO - [2026-04-22T19:42:16.699+0000] {dag.py:3036} INFO - Sync 1 DAGs
[2026-04-22T19:42:16.743+0000] {logging_mixin.py:188} INFO - [2026-04-22T19:42:16.742+0000] {dag.py:3823} INFO - Setting next_dagrun for data_merge_pipeline to 2026-04-26 00:00:00+00:00, run_after=2026-05-03 00:00:00+00:00
[2026-04-22T19:42:16.776+0000] {processor.py:183} INFO - Processing /home/airflow/dags/data_merge_dag.py took 0.793 seconds
[2026-04-22T19:42:47.028+0000] {processor.py:161} INFO - Started process (PID=620) to work on /home/airflow/dags/data_merge_dag.py
[2026-04-22T19:42:47.030+0000] {processor.py:830} INFO - Processing file /home/airflow/dags/data_merge_dag.py for tasks to queue
[2026-04-22T19:42:47.031+0000] {logging_mixin.py:188} INFO - [2026-04-22T19:42:47.030+0000] {dagbag.py:538} INFO - Filling up the DagBag from /home/airflow/dags/data_merge_dag.py
[2026-04-22T19:42:47.494+0000] {processor.py:840} INFO - DAG(s) 'data_merge_pipeline' retrieved from /home/airflow/dags/data_merge_dag.py
[2026-04-22T19:42:47.526+0000] {logging_mixin.py:188} INFO - [2026-04-22T19:42:47.525+0000] {dag.py:3036} INFO - Sync 1 DAGs
[2026-04-22T19:42:47.544+0000] {logging_mixin.py:188} INFO - [2026-04-22T19:42:47.544+0000] {dag.py:3823} INFO - Setting next_dagrun for data_merge_pipeline to 2026-04-26 00:00:00+00:00, run_after=2026-05-03 00:00:00+00:00
[2026-04-22T19:42:47.569+0000] {processor.py:183} INFO - Processing /home/airflow/dags/data_merge_dag.py took 0.545 seconds
[2026-04-22T19:43:17.803+0000] {processor.py:161} INFO - Started process (PID=626) to work on /home/airflow/dags/data_merge_dag.py
[2026-04-22T19:43:17.804+0000] {processor.py:830} INFO - Processing file /home/airflow/dags/data_merge_dag.py for tasks to queue
[2026-04-22T19:43:17.806+0000] {logging_mixin.py:188} INFO - [2026-04-22T19:43:17.806+0000] {dagbag.py:538} INFO - Filling up the DagBag from /home/airflow/dags/data_merge_dag.py
[2026-04-22T19:43:18.471+0000] {processor.py:840} INFO - DAG(s) 'data_merge_pipeline' retrieved from /home/airflow/dags/data_merge_dag.py
[2026-04-22T19:43:18.492+0000] {logging_mixin.py:188} INFO - [2026-04-22T19:43:18.492+0000] {dag.py:3036} INFO - Sync 1 DAGs
[2026-04-22T19:43:18.512+0000] {logging_mixin.py:188} INFO - [2026-04-22T19:43:18.511+0000] {dag.py:3823} INFO - Setting next_dagrun for data_merge_pipeline to 2026-04-26 00:00:00+00:00, run_after=2026-05-03 00:00:00+00:00
[2026-04-22T19:43:18.529+0000] {processor.py:183} INFO - Processing /home/airflow/dags/data_merge_dag.py took 0.731 seconds
[2026-04-22T19:43:48.678+0000] {processor.py:161} INFO - Started process (PID=632) to work on /home/airflow/dags/data_merge_dag.py
[2026-04-22T19:43:48.680+0000] {processor.py:830} INFO - Processing file /home/airflow/dags/data_merge_dag.py for tasks to queue
[2026-04-22T19:43:48.682+0000] {logging_mixin.py:188} INFO - [2026-04-22T19:43:48.681+0000] {dagbag.py:538} INFO - Filling up the DagBag from /home/airflow/dags/data_merge_dag.py
[2026-04-22T19:43:49.203+0000] {processor.py:840} INFO - DAG(s) 'data_merge_pipeline' retrieved from /home/airflow/dags/data_merge_dag.py
[2026-04-22T19:43:49.225+0000] {logging_mixin.py:188} INFO - [2026-04-22T19:43:49.225+0000] {dag.py:3036} INFO - Sync 1 DAGs
[2026-04-22T19:43:49.242+0000] {logging_mixin.py:188} INFO - [2026-04-22T19:43:49.241+0000] {dag.py:3823} INFO - Setting next_dagrun for data_merge_pipeline to 2026-04-26 00:00:00+00:00, run_after=2026-05-03 00:00:00+00:00
[2026-04-22T19:43:49.265+0000] {processor.py:183} INFO - Processing /home/airflow/dags/data_merge_dag.py took 0.593 seconds
[2026-04-22T19:44:19.467+0000] {processor.py:161} INFO - Started process (PID=638) to work on /home/airflow/dags/data_merge_dag.py
[2026-04-22T19:44:19.469+0000] {processor.py:830} INFO - Processing file /home/airflow/dags/data_merge_dag.py for tasks to queue
[2026-04-22T19:44:19.470+0000] {logging_mixin.py:188} INFO - [2026-04-22T19:44:19.469+0000] {dagbag.py:538} INFO - Filling up the DagBag from /home/airflow/dags/data_merge_dag.py
[2026-04-22T19:44:19.881+0000] {processor.py:840} INFO - DAG(s) 'data_merge_pipeline' retrieved from /home/airflow/dags/data_merge_dag.py
[2026-04-22T19:44:19.901+0000] {logging_mixin.py:188} INFO - [2026-04-22T19:44:19.900+0000] {dag.py:3036} INFO - Sync 1 DAGs
[2026-04-22T19:44:19.917+0000] {logging_mixin.py:188} INFO - [2026-04-22T19:44:19.917+0000] {dag.py:3823} INFO - Setting next_dagrun for data_merge_pipeline to 2026-04-26 00:00:00+00:00, run_after=2026-05-03 00:00:00+00:00
[2026-04-22T19:44:19.940+0000] {processor.py:183} INFO - Processing /home/airflow/dags/data_merge_dag.py took 0.476 seconds
[2026-04-22T19:44:50.070+0000] {processor.py:161} INFO - Started process (PID=644) to work on /home/airflow/dags/data_merge_dag.py
[2026-04-22T19:44:50.071+0000] {processor.py:830} INFO - Processing file /home/airflow/dags/data_merge_dag.py for tasks to queue
[2026-04-22T19:44:50.072+0000] {logging_mixin.py:188} INFO - [2026-04-22T19:44:50.072+0000] {dagbag.py:538} INFO - Filling up the DagBag from /home/airflow/dags/data_merge_dag.py
[2026-04-22T19:44:50.505+0000] {processor.py:840} INFO - DAG(s) 'data_merge_pipeline' retrieved from /home/airflow/dags/data_merge_dag.py
[2026-04-22T19:44:50.528+0000] {logging_mixin.py:188} INFO - [2026-04-22T19:44:50.528+0000] {dag.py:3036} INFO - Sync 1 DAGs
[2026-04-22T19:44:50.548+0000] {logging_mixin.py:188} INFO - [2026-04-22T19:44:50.548+0000] {dag.py:3823} INFO - Setting next_dagrun for data_merge_pipeline to 2026-04-26 00:00:00+00:00, run_after=2026-05-03 00:00:00+00:00
[2026-04-22T19:44:50.572+0000] {processor.py:183} INFO - Processing /home/airflow/dags/data_merge_dag.py took 0.506 seconds
[2026-04-22T19:45:20.780+0000] {processor.py:161} INFO - Started process (PID=650) to work on /home/airflow/dags/data_merge_dag.py
[2026-04-22T19:45:20.781+0000] {processor.py:830} INFO - Processing file /home/airflow/dags/data_merge_dag.py for tasks to queue
[2026-04-22T19:45:20.782+0000] {logging_mixin.py:188} INFO - [2026-04-22T19:45:20.782+0000] {dagbag.py:538} INFO - Filling up the DagBag from /home/airflow/dags/data_merge_dag.py
[2026-04-22T19:45:21.163+0000] {processor.py:840} INFO - DAG(s) 'data_merge_pipeline' retrieved from /home/airflow/dags/data_merge_dag.py
[2026-04-22T19:45:21.184+0000] {logging_mixin.py:188} INFO - [2026-04-22T19:45:21.184+0000] {dag.py:3036} INFO - Sync 1 DAGs
[2026-04-22T19:45:21.200+0000] {logging_mixin.py:188} INFO - [2026-04-22T19:45:21.200+0000] {dag.py:3823} INFO - Setting next_dagrun for data_merge_pipeline to 2026-04-26 00:00:00+00:00, run_after=2026-05-03 00:00:00+00:00
[2026-04-22T19:45:21.219+0000] {processor.py:183} INFO - Processing /home/airflow/dags/data_merge_dag.py took 0.443 seconds
[2026-04-22T19:45:51.422+0000] {processor.py:161} INFO - Started process (PID=656) to work on /home/airflow/dags/data_merge_dag.py
[2026-04-22T19:45:51.423+0000] {processor.py:830} INFO - Processing file /home/airflow/dags/data_merge_dag.py for tasks to queue
[2026-04-22T19:45:51.424+0000] {logging_mixin.py:188} INFO - [2026-04-22T19:45:51.424+0000] {dagbag.py:538} INFO - Filling up the DagBag from /home/airflow/dags/data_merge_dag.py
[2026-04-22T19:45:51.763+0000] {processor.py:840} INFO - DAG(s) 'data_merge_pipeline' retrieved from /home/airflow/dags/data_merge_dag.py
[2026-04-22T19:45:51.783+0000] {logging_mixin.py:188} INFO - [2026-04-22T19:45:51.782+0000] {dag.py:3036} INFO - Sync 1 DAGs
[2026-04-22T19:45:51.798+0000] {logging_mixin.py:188} INFO - [2026-04-22T19:45:51.798+0000] {dag.py:3823} INFO - Setting next_dagrun for data_merge_pipeline to 2026-04-26 00:00:00+00:00, run_after=2026-05-03 00:00:00+00:00
[2026-04-22T19:45:51.817+0000] {processor.py:183} INFO - Processing /home/airflow/dags/data_merge_dag.py took 0.398 seconds
[2026-04-22T19:46:22.030+0000] {processor.py:161} INFO - Started process (PID=662) to work on /home/airflow/dags/data_merge_dag.py
[2026-04-22T19:46:22.031+0000] {processor.py:830} INFO - Processing file /home/airflow/dags/data_merge_dag.py for tasks to queue
[2026-04-22T19:46:22.033+0000] {logging_mixin.py:188} INFO - [2026-04-22T19:46:22.032+0000] {dagbag.py:538} INFO - Filling up the DagBag from /home/airflow/dags/data_merge_dag.py
[2026-04-22T19:46:22.511+0000] {processor.py:840} INFO - DAG(s) 'data_merge_pipeline' retrieved from /home/airflow/dags/data_merge_dag.py
[2026-04-22T19:46:22.534+0000] {logging_mixin.py:188} INFO - [2026-04-22T19:46:22.533+0000] {dag.py:3036} INFO - Sync 1 DAGs
[2026-04-22T19:46:22.553+0000] {logging_mixin.py:188} INFO - [2026-04-22T19:46:22.553+0000] {dag.py:3823} INFO - Setting next_dagrun for data_merge_pipeline to 2026-04-26 00:00:00+00:00, run_after=2026-05-03 00:00:00+00:00
[2026-04-22T19:46:22.575+0000] {processor.py:183} INFO - Processing /home/airflow/dags/data_merge_dag.py took 0.550 seconds
[2026-04-22T19:46:52.789+0000] {processor.py:161} INFO - Started process (PID=668) to work on /home/airflow/dags/data_merge_dag.py
[2026-04-22T19:46:52.790+0000] {processor.py:830} INFO - Processing file /home/airflow/dags/data_merge_dag.py for tasks to queue
[2026-04-22T19:46:52.791+0000] {logging_mixin.py:188} INFO - [2026-04-22T19:46:52.791+0000] {dagbag.py:538} INFO - Filling up the DagBag from /home/airflow/dags/data_merge_dag.py
[2026-04-22T19:46:53.153+0000] {processor.py:840} INFO - DAG(s) 'data_merge_pipeline' retrieved from /home/airflow/dags/data_merge_dag.py
[2026-04-22T19:46:53.172+0000] {logging_mixin.py:188} INFO - [2026-04-22T19:46:53.172+0000] {dag.py:3036} INFO - Sync 1 DAGs
[2026-04-22T19:46:53.188+0000] {logging_mixin.py:188} INFO - [2026-04-22T19:46:53.188+0000] {dag.py:3823} INFO - Setting next_dagrun for data_merge_pipeline to 2026-04-26 00:00:00+00:00, run_after=2026-05-03 00:00:00+00:00
[2026-04-22T19:46:53.207+0000] {processor.py:183} INFO - Processing /home/airflow/dags/data_merge_dag.py took 0.423 seconds
[2026-04-22T19:47:23.382+0000] {processor.py:161} INFO - Started process (PID=674) to work on /home/airflow/dags/data_merge_dag.py
[2026-04-22T19:47:23.383+0000] {processor.py:830} INFO - Processing file /home/airflow/dags/data_merge_dag.py for tasks to queue
[2026-04-22T19:47:23.384+0000] {logging_mixin.py:188} INFO - [2026-04-22T19:47:23.384+0000] {dagbag.py:538} INFO - Filling up the DagBag from /home/airflow/dags/data_merge_dag.py
[2026-04-22T19:47:23.754+0000] {processor.py:840} INFO - DAG(s) 'data_merge_pipeline' retrieved from /home/airflow/dags/data_merge_dag.py
[2026-04-22T19:47:23.790+0000] {logging_mixin.py:188} INFO - [2026-04-22T19:47:23.789+0000] {dag.py:3036} INFO - Sync 1 DAGs
[2026-04-22T19:47:23.827+0000] {logging_mixin.py:188} INFO - [2026-04-22T19:47:23.827+0000] {dag.py:3823} INFO - Setting next_dagrun for data_merge_pipeline to 2026-04-26 00:00:00+00:00, run_after=2026-05-03 00:00:00+00:00
[2026-04-22T19:47:23.855+0000] {processor.py:183} INFO - Processing /home/airflow/dags/data_merge_dag.py took 0.476 seconds
[2026-04-22T19:47:54.069+0000] {processor.py:161} INFO - Started process (PID=680) to work on /home/airflow/dags/data_merge_dag.py
[2026-04-22T19:47:54.071+0000] {processor.py:830} INFO - Processing file /home/airflow/dags/data_merge_dag.py for tasks to queue
[2026-04-22T19:47:54.072+0000] {logging_mixin.py:188} INFO - [2026-04-22T19:47:54.071+0000] {dagbag.py:538} INFO - Filling up the DagBag from /home/airflow/dags/data_merge_dag.py
[2026-04-22T19:47:54.521+0000] {processor.py:840} INFO - DAG(s) 'data_merge_pipeline' retrieved from /home/airflow/dags/data_merge_dag.py
[2026-04-22T19:47:54.547+0000] {logging_mixin.py:188} INFO - [2026-04-22T19:47:54.545+0000] {dag.py:3036} INFO - Sync 1 DAGs
[2026-04-22T19:47:54.566+0000] {logging_mixin.py:188} INFO - [2026-04-22T19:47:54.566+0000] {dag.py:3823} INFO - Setting next_dagrun for data_merge_pipeline to 2026-04-26 00:00:00+00:00, run_after=2026-05-03 00:00:00+00:00
[2026-04-22T19:47:54.591+0000] {processor.py:183} INFO - Processing /home/airflow/dags/data_merge_dag.py took 0.526 seconds
[2026-04-22T19:48:24.757+0000] {processor.py:161} INFO - Started process (PID=686) to work on /home/airflow/dags/data_merge_dag.py
[2026-04-22T19:48:24.758+0000] {processor.py:830} INFO - Processing file /home/airflow/dags/data_merge_dag.py for tasks to queue
[2026-04-22T19:48:24.759+0000] {logging_mixin.py:188} INFO - [2026-04-22T19:48:24.759+0000] {dagbag.py:538} INFO - Filling up the DagBag from /home/airflow/dags/data_merge_dag.py
[2026-04-22T19:48:25.175+0000] {processor.py:840} INFO - DAG(s) 'data_merge_pipeline' retrieved from /home/airflow/dags/data_merge_dag.py
[2026-04-22T19:48:25.203+0000] {logging_mixin.py:188} INFO - [2026-04-22T19:48:25.202+0000] {dag.py:3036} INFO - Sync 1 DAGs
[2026-04-22T19:48:25.225+0000] {logging_mixin.py:188} INFO - [2026-04-22T19:48:25.225+0000] {dag.py:3823} INFO - Setting next_dagrun for data_merge_pipeline to 2026-04-26 00:00:00+00:00, run_after=2026-05-03 00:00:00+00:00
[2026-04-22T19:48:25.252+0000] {processor.py:183} INFO - Processing /home/airflow/dags/data_merge_dag.py took 0.498 seconds
[2026-04-22T19:48:55.462+0000] {processor.py:161} INFO - Started process (PID=692) to work on /home/airflow/dags/data_merge_dag.py
[2026-04-22T19:48:55.463+0000] {processor.py:830} INFO - Processing file /home/airflow/dags/data_merge_dag.py for tasks to queue
[2026-04-22T19:48:55.464+0000] {logging_mixin.py:188} INFO - [2026-04-22T19:48:55.464+0000] {dagbag.py:538} INFO - Filling up the DagBag from /home/airflow/dags/data_merge_dag.py
[2026-04-22T19:48:55.856+0000] {processor.py:840} INFO - DAG(s) 'data_merge_pipeline' retrieved from /home/airflow/dags/data_merge_dag.py
[2026-04-22T19:48:55.876+0000] {logging_mixin.py:188} INFO - [2026-04-22T19:48:55.876+0000] {dag.py:3036} INFO - Sync 1 DAGs
[2026-04-22T19:48:55.894+0000] {logging_mixin.py:188} INFO - [2026-04-22T19:48:55.894+0000] {dag.py:3823} INFO - Setting next_dagrun for data_merge_pipeline to 2026-04-26 00:00:00+00:00, run_after=2026-05-03 00:00:00+00:00
[2026-04-22T19:48:55.918+0000] {processor.py:183} INFO - Processing /home/airflow/dags/data_merge_dag.py took 0.460 seconds
[2026-04-22T19:49:26.140+0000] {processor.py:161} INFO - Started process (PID=698) to work on /home/airflow/dags/data_merge_dag.py
[2026-04-22T19:49:26.142+0000] {processor.py:830} INFO - Processing file /home/airflow/dags/data_merge_dag.py for tasks to queue
[2026-04-22T19:49:26.144+0000] {logging_mixin.py:188} INFO - [2026-04-22T19:49:26.143+0000] {dagbag.py:538} INFO - Filling up the DagBag from /home/airflow/dags/data_merge_dag.py
[2026-04-22T19:49:26.596+0000] {processor.py:840} INFO - DAG(s) 'data_merge_pipeline' retrieved from /home/airflow/dags/data_merge_dag.py
[2026-04-22T19:49:26.617+0000] {logging_mixin.py:188} INFO - [2026-04-22T19:49:26.615+0000] {dag.py:3036} INFO - Sync 1 DAGs
[2026-04-22T19:49:26.634+0000] {logging_mixin.py:188} INFO - [2026-04-22T19:49:26.633+0000] {dag.py:3823} INFO - Setting next_dagrun for data_merge_pipeline to 2026-04-26 00:00:00+00:00, run_after=2026-05-03 00:00:00+00:00
[2026-04-22T19:49:26.651+0000] {processor.py:183} INFO - Processing /home/airflow/dags/data_merge_dag.py took 0.513 seconds
[2026-04-22T19:49:56.863+0000] {processor.py:161} INFO - Started process (PID=704) to work on /home/airflow/dags/data_merge_dag.py
[2026-04-22T19:49:56.865+0000] {processor.py:830} INFO - Processing file /home/airflow/dags/data_merge_dag.py for tasks to queue
[2026-04-22T19:49:56.866+0000] {logging_mixin.py:188} INFO - [2026-04-22T19:49:56.865+0000] {dagbag.py:538} INFO - Filling up the DagBag from /home/airflow/dags/data_merge_dag.py
[2026-04-22T19:49:57.239+0000] {processor.py:840} INFO - DAG(s) 'data_merge_pipeline' retrieved from /home/airflow/dags/data_merge_dag.py
[2026-04-22T19:49:57.260+0000] {logging_mixin.py:188} INFO - [2026-04-22T19:49:57.260+0000] {dag.py:3036} INFO - Sync 1 DAGs
[2026-04-22T19:49:57.277+0000] {logging_mixin.py:188} INFO - [2026-04-22T19:49:57.276+0000] {dag.py:3823} INFO - Setting next_dagrun for data_merge_pipeline to 2026-04-26 00:00:00+00:00, run_after=2026-05-03 00:00:00+00:00
[2026-04-22T19:49:57.297+0000] {processor.py:183} INFO - Processing /home/airflow/dags/data_merge_dag.py took 0.437 seconds
[2026-04-22T19:50:27.501+0000] {processor.py:161} INFO - Started process (PID=710) to work on /home/airflow/dags/data_merge_dag.py
[2026-04-22T19:50:27.502+0000] {processor.py:830} INFO - Processing file /home/airflow/dags/data_merge_dag.py for tasks to queue
[2026-04-22T19:50:27.504+0000] {logging_mixin.py:188} INFO - [2026-04-22T19:50:27.503+0000] {dagbag.py:538} INFO - Filling up the DagBag from /home/airflow/dags/data_merge_dag.py
[2026-04-22T19:50:27.872+0000] {processor.py:840} INFO - DAG(s) 'data_merge_pipeline' retrieved from /home/airflow/dags/data_merge_dag.py
[2026-04-22T19:50:27.893+0000] {logging_mixin.py:188} INFO - [2026-04-22T19:50:27.893+0000] {dag.py:3036} INFO - Sync 1 DAGs
[2026-04-22T19:50:27.911+0000] {logging_mixin.py:188} INFO - [2026-04-22T19:50:27.911+0000] {dag.py:3823} INFO - Setting next_dagrun for data_merge_pipeline to 2026-04-26 00:00:00+00:00, run_after=2026-05-03 00:00:00+00:00
[2026-04-22T19:50:27.930+0000] {processor.py:183} INFO - Processing /home/airflow/dags/data_merge_dag.py took 0.433 seconds
[2026-04-22T19:50:58.151+0000] {processor.py:161} INFO - Started process (PID=716) to work on /home/airflow/dags/data_merge_dag.py
[2026-04-22T19:50:58.153+0000] {processor.py:830} INFO - Processing file /home/airflow/dags/data_merge_dag.py for tasks to queue
[2026-04-22T19:50:58.154+0000] {logging_mixin.py:188} INFO - [2026-04-22T19:50:58.153+0000] {dagbag.py:538} INFO - Filling up the DagBag from /home/airflow/dags/data_merge_dag.py
[2026-04-22T19:50:58.611+0000] {processor.py:840} INFO - DAG(s) 'data_merge_pipeline' retrieved from /home/airflow/dags/data_merge_dag.py
[2026-04-22T19:50:58.641+0000] {logging_mixin.py:188} INFO - [2026-04-22T19:50:58.640+0000] {dag.py:3036} INFO - Sync 1 DAGs
[2026-04-22T19:50:58.671+0000] {logging_mixin.py:188} INFO - [2026-04-22T19:50:58.671+0000] {dag.py:3823} INFO - Setting next_dagrun for data_merge_pipeline to 2026-04-26 00:00:00+00:00, run_after=2026-05-03 00:00:00+00:00
[2026-04-22T19:50:58.690+0000] {processor.py:183} INFO - Processing /home/airflow/dags/data_merge_dag.py took 0.542 seconds
[2026-04-22T19:51:28.887+0000] {processor.py:161} INFO - Started process (PID=722) to work on /home/airflow/dags/data_merge_dag.py
[2026-04-22T19:51:28.888+0000] {processor.py:830} INFO - Processing file /home/airflow/dags/data_merge_dag.py for tasks to queue
[2026-04-22T19:51:28.889+0000] {logging_mixin.py:188} INFO - [2026-04-22T19:51:28.889+0000] {dagbag.py:538} INFO - Filling up the DagBag from /home/airflow/dags/data_merge_dag.py
[2026-04-22T19:51:29.275+0000] {processor.py:840} INFO - DAG(s) 'data_merge_pipeline' retrieved from /home/airflow/dags/data_merge_dag.py
[2026-04-22T19:51:29.302+0000] {logging_mixin.py:188} INFO - [2026-04-22T19:51:29.301+0000] {dag.py:3036} INFO - Sync 1 DAGs
[2026-04-22T19:51:29.327+0000] {logging_mixin.py:188} INFO - [2026-04-22T19:51:29.327+0000] {dag.py:3823} INFO - Setting next_dagrun for data_merge_pipeline to 2026-04-26 00:00:00+00:00, run_after=2026-05-03 00:00:00+00:00
[2026-04-22T19:51:29.354+0000] {processor.py:183} INFO - Processing /home/airflow/dags/data_merge_dag.py took 0.470 seconds
[2026-04-22T19:51:59.561+0000] {processor.py:161} INFO - Started process (PID=728) to work on /home/airflow/dags/data_merge_dag.py
[2026-04-22T19:51:59.562+0000] {processor.py:830} INFO - Processing file /home/airflow/dags/data_merge_dag.py for tasks to queue
[2026-04-22T19:51:59.564+0000] {logging_mixin.py:188} INFO - [2026-04-22T19:51:59.563+0000] {dagbag.py:538} INFO - Filling up the DagBag from /home/airflow/dags/data_merge_dag.py
[2026-04-22T19:51:59.931+0000] {processor.py:840} INFO - DAG(s) 'data_merge_pipeline' retrieved from /home/airflow/dags/data_merge_dag.py
[2026-04-22T19:51:59.951+0000] {logging_mixin.py:188} INFO - [2026-04-22T19:51:59.951+0000] {dag.py:3036} INFO - Sync 1 DAGs
[2026-04-22T19:51:59.968+0000] {logging_mixin.py:188} INFO - [2026-04-22T19:51:59.968+0000] {dag.py:3823} INFO - Setting next_dagrun for data_merge_pipeline to 2026-04-26 00:00:00+00:00, run_after=2026-05-03 00:00:00+00:00
[2026-04-22T19:51:59.986+0000] {processor.py:183} INFO - Processing /home/airflow/dags/data_merge_dag.py took 0.429 seconds
[2026-04-22T19:52:30.212+0000] {processor.py:161} INFO - Started process (PID=734) to work on /home/airflow/dags/data_merge_dag.py
[2026-04-22T19:52:30.213+0000] {processor.py:830} INFO - Processing file /home/airflow/dags/data_merge_dag.py for tasks to queue
[2026-04-22T19:52:30.214+0000] {logging_mixin.py:188} INFO - [2026-04-22T19:52:30.214+0000] {dagbag.py:538} INFO - Filling up the DagBag from /home/airflow/dags/data_merge_dag.py
[2026-04-22T19:52:30.567+0000] {processor.py:840} INFO - DAG(s) 'data_merge_pipeline' retrieved from /home/airflow/dags/data_merge_dag.py
[2026-04-22T19:52:30.587+0000] {logging_mixin.py:188} INFO - [2026-04-22T19:52:30.586+0000] {dag.py:3036} INFO - Sync 1 DAGs
[2026-04-22T19:52:30.602+0000] {logging_mixin.py:188} INFO - [2026-04-22T19:52:30.601+0000] {dag.py:3823} INFO - Setting next_dagrun for data_merge_pipeline to 2026-04-26 00:00:00+00:00, run_after=2026-05-03 00:00:00+00:00
[2026-04-22T19:52:30.622+0000] {processor.py:183} INFO - Processing /home/airflow/dags/data_merge_dag.py took 0.413 seconds
[2026-04-22T19:53:00.827+0000] {processor.py:161} INFO - Started process (PID=740) to work on /home/airflow/dags/data_merge_dag.py
[2026-04-22T19:53:00.829+0000] {processor.py:830} INFO - Processing file /home/airflow/dags/data_merge_dag.py for tasks to queue
[2026-04-22T19:53:00.831+0000] {logging_mixin.py:188} INFO - [2026-04-22T19:53:00.831+0000] {dagbag.py:538} INFO - Filling up the DagBag from /home/airflow/dags/data_merge_dag.py
[2026-04-22T19:53:01.269+0000] {processor.py:840} INFO - DAG(s) 'data_merge_pipeline' retrieved from /home/airflow/dags/data_merge_dag.py
[2026-04-22T19:53:01.290+0000] {logging_mixin.py:188} INFO - [2026-04-22T19:53:01.289+0000] {dag.py:3036} INFO - Sync 1 DAGs
[2026-04-22T19:53:01.306+0000] {logging_mixin.py:188} INFO - [2026-04-22T19:53:01.305+0000] {dag.py:3823} INFO - Setting next_dagrun for data_merge_pipeline to 2026-04-26 00:00:00+00:00, run_after=2026-05-03 00:00:00+00:00
[2026-04-22T19:53:01.326+0000] {processor.py:183} INFO - Processing /home/airflow/dags/data_merge_dag.py took 0.504 seconds
[2026-04-22T19:53:31.533+0000] {processor.py:161} INFO - Started process (PID=746) to work on /home/airflow/dags/data_merge_dag.py
[2026-04-22T19:53:31.535+0000] {processor.py:830} INFO - Processing file /home/airflow/dags/data_merge_dag.py for tasks to queue
[2026-04-22T19:53:31.536+0000] {logging_mixin.py:188} INFO - [2026-04-22T19:53:31.535+0000] {dagbag.py:538} INFO - Filling up the DagBag from /home/airflow/dags/data_merge_dag.py
[2026-04-22T19:53:31.906+0000] {processor.py:840} INFO - DAG(s) 'data_merge_pipeline' retrieved from /home/airflow/dags/data_merge_dag.py
[2026-04-22T19:53:31.925+0000] {logging_mixin.py:188} INFO - [2026-04-22T19:53:31.924+0000] {dag.py:3036} INFO - Sync 1 DAGs
[2026-04-22T19:53:31.941+0000] {logging_mixin.py:188} INFO - [2026-04-22T19:53:31.941+0000] {dag.py:3823} INFO - Setting next_dagrun for data_merge_pipeline to 2026-04-26 00:00:00+00:00, run_after=2026-05-03 00:00:00+00:00
[2026-04-22T19:53:31.959+0000] {processor.py:183} INFO - Processing /home/airflow/dags/data_merge_dag.py took 0.429 seconds
[2026-04-22T19:54:02.173+0000] {processor.py:161} INFO - Started process (PID=752) to work on /home/airflow/dags/data_merge_dag.py
[2026-04-22T19:54:02.174+0000] {processor.py:830} INFO - Processing file /home/airflow/dags/data_merge_dag.py for tasks to queue
[2026-04-22T19:54:02.175+0000] {logging_mixin.py:188} INFO - [2026-04-22T19:54:02.175+0000] {dagbag.py:538} INFO - Filling up the DagBag from /home/airflow/dags/data_merge_dag.py
[2026-04-22T19:54:02.497+0000] {processor.py:840} INFO - DAG(s) 'data_merge_pipeline' retrieved from /home/airflow/dags/data_merge_dag.py
[2026-04-22T19:54:02.517+0000] {logging_mixin.py:188} INFO - [2026-04-22T19:54:02.516+0000] {dag.py:3036} INFO - Sync 1 DAGs
[2026-04-22T19:54:02.531+0000] {logging_mixin.py:188} INFO - [2026-04-22T19:54:02.531+0000] {dag.py:3823} INFO - Setting next_dagrun for data_merge_pipeline to 2026-04-26 00:00:00+00:00, run_after=2026-05-03 00:00:00+00:00
[2026-04-22T19:54:02.548+0000] {processor.py:183} INFO - Processing /home/airflow/dags/data_merge_dag.py took 0.378 seconds
[2026-04-22T19:54:32.763+0000] {processor.py:161} INFO - Started process (PID=758) to work on /home/airflow/dags/data_merge_dag.py
[2026-04-22T19:54:32.764+0000] {processor.py:830} INFO - Processing file /home/airflow/dags/data_merge_dag.py for tasks to queue
[2026-04-22T19:54:32.766+0000] {logging_mixin.py:188} INFO - [2026-04-22T19:54:32.765+0000] {dagbag.py:538} INFO - Filling up the DagBag from /home/airflow/dags/data_merge_dag.py
[2026-04-22T19:54:33.248+0000] {processor.py:840} INFO - DAG(s) 'data_merge_pipeline' retrieved from /home/airflow/dags/data_merge_dag.py
[2026-04-22T19:54:33.273+0000] {logging_mixin.py:188} INFO - [2026-04-22T19:54:33.272+0000] {dag.py:3036} INFO - Sync 1 DAGs
[2026-04-22T19:54:33.296+0000] {logging_mixin.py:188} INFO - [2026-04-22T19:54:33.296+0000] {dag.py:3823} INFO - Setting next_dagrun for data_merge_pipeline to 2026-04-26 00:00:00+00:00, run_after=2026-05-03 00:00:00+00:00
[2026-04-22T19:54:33.319+0000] {processor.py:183} INFO - Processing /home/airflow/dags/data_merge_dag.py took 0.560 seconds
[2026-04-22T19:55:03.543+0000] {processor.py:161} INFO - Started process (PID=764) to work on /home/airflow/dags/data_merge_dag.py
[2026-04-22T19:55:03.545+0000] {processor.py:830} INFO - Processing file /home/airflow/dags/data_merge_dag.py for tasks to queue
[2026-04-22T19:55:03.546+0000] {logging_mixin.py:188} INFO - [2026-04-22T19:55:03.545+0000] {dagbag.py:538} INFO - Filling up the DagBag from /home/airflow/dags/data_merge_dag.py
[2026-04-22T19:55:03.931+0000] {processor.py:840} INFO - DAG(s) 'data_merge_pipeline' retrieved from /home/airflow/dags/data_merge_dag.py
[2026-04-22T19:55:03.951+0000] {logging_mixin.py:188} INFO - [2026-04-22T19:55:03.950+0000] {dag.py:3036} INFO - Sync 1 DAGs
[2026-04-22T19:55:03.968+0000] {logging_mixin.py:188} INFO - [2026-04-22T19:55:03.967+0000] {dag.py:3823} INFO - Setting next_dagrun for data_merge_pipeline to 2026-04-26 00:00:00+00:00, run_after=2026-05-03 00:00:00+00:00
[2026-04-22T19:55:03.987+0000] {processor.py:183} INFO - Processing /home/airflow/dags/data_merge_dag.py took 0.447 seconds
[2026-04-22T19:55:34.188+0000] {processor.py:161} INFO - Started process (PID=770) to work on /home/airflow/dags/data_merge_dag.py
[2026-04-22T19:55:34.189+0000] {processor.py:830} INFO - Processing file /home/airflow/dags/data_merge_dag.py for tasks to queue
[2026-04-22T19:55:34.190+0000] {logging_mixin.py:188} INFO - [2026-04-22T19:55:34.190+0000] {dagbag.py:538} INFO - Filling up the DagBag from /home/airflow/dags/data_merge_dag.py
[2026-04-22T19:55:34.548+0000] {processor.py:840} INFO - DAG(s) 'data_merge_pipeline' retrieved from /home/airflow/dags/data_merge_dag.py
[2026-04-22T19:55:34.568+0000] {logging_mixin.py:188} INFO - [2026-04-22T19:55:34.567+0000] {dag.py:3036} INFO - Sync 1 DAGs
[2026-04-22T19:55:34.584+0000] {logging_mixin.py:188} INFO - [2026-04-22T19:55:34.583+0000] {dag.py:3823} INFO - Setting next_dagrun for data_merge_pipeline to 2026-04-26 00:00:00+00:00, run_after=2026-05-03 00:00:00+00:00
[2026-04-22T19:55:34.601+0000] {processor.py:183} INFO - Processing /home/airflow/dags/data_merge_dag.py took 0.416 seconds
[2026-04-22T19:56:04.804+0000] {processor.py:161} INFO - Started process (PID=776) to work on /home/airflow/dags/data_merge_dag.py
[2026-04-22T19:56:04.806+0000] {processor.py:830} INFO - Processing file /home/airflow/dags/data_merge_dag.py for tasks to queue
[2026-04-22T19:56:04.807+0000] {logging_mixin.py:188} INFO - [2026-04-22T19:56:04.807+0000] {dagbag.py:538} INFO - Filling up the DagBag from /home/airflow/dags/data_merge_dag.py
[2026-04-22T19:56:05.208+0000] {processor.py:840} INFO - DAG(s) 'data_merge_pipeline' retrieved from /home/airflow/dags/data_merge_dag.py
[2026-04-22T19:56:05.228+0000] {logging_mixin.py:188} INFO - [2026-04-22T19:56:05.228+0000] {dag.py:3036} INFO - Sync 1 DAGs
[2026-04-22T19:56:05.246+0000] {logging_mixin.py:188} INFO - [2026-04-22T19:56:05.246+0000] {dag.py:3823} INFO - Setting next_dagrun for data_merge_pipeline to 2026-04-26 00:00:00+00:00, run_after=2026-05-03 00:00:00+00:00
[2026-04-22T19:56:05.268+0000] {processor.py:183} INFO - Processing /home/airflow/dags/data_merge_dag.py took 0.468 seconds
[2026-04-22T19:56:35.482+0000] {processor.py:161} INFO - Started process (PID=782) to work on /home/airflow/dags/data_merge_dag.py
[2026-04-22T19:56:35.483+0000] {processor.py:830} INFO - Processing file /home/airflow/dags/data_merge_dag.py for tasks to queue
[2026-04-22T19:56:35.484+0000] {logging_mixin.py:188} INFO - [2026-04-22T19:56:35.484+0000] {dagbag.py:538} INFO - Filling up the DagBag from /home/airflow/dags/data_merge_dag.py
[2026-04-22T19:56:35.897+0000] {processor.py:840} INFO - DAG(s) 'data_merge_pipeline' retrieved from /home/airflow/dags/data_merge_dag.py
[2026-04-22T19:56:35.919+0000] {logging_mixin.py:188} INFO - [2026-04-22T19:56:35.918+0000] {dag.py:3036} INFO - Sync 1 DAGs
[2026-04-22T19:56:35.935+0000] {logging_mixin.py:188} INFO - [2026-04-22T19:56:35.935+0000] {dag.py:3823} INFO - Setting next_dagrun for data_merge_pipeline to 2026-04-26 00:00:00+00:00, run_after=2026-05-03 00:00:00+00:00
[2026-04-22T19:56:35.953+0000] {processor.py:183} INFO - Processing /home/airflow/dags/data_merge_dag.py took 0.475 seconds
[2026-04-22T19:57:06.174+0000] {processor.py:161} INFO - Started process (PID=788) to work on /home/airflow/dags/data_merge_dag.py
[2026-04-22T19:57:06.175+0000] {processor.py:830} INFO - Processing file /home/airflow/dags/data_merge_dag.py for tasks to queue
[2026-04-22T19:57:06.176+0000] {logging_mixin.py:188} INFO - [2026-04-22T19:57:06.176+0000] {dagbag.py:538} INFO - Filling up the DagBag from /home/airflow/dags/data_merge_dag.py
[2026-04-22T19:57:06.507+0000] {processor.py:840} INFO - DAG(s) 'data_merge_pipeline' retrieved from /home/airflow/dags/data_merge_dag.py
[2026-04-22T19:57:06.526+0000] {logging_mixin.py:188} INFO - [2026-04-22T19:57:06.526+0000] {dag.py:3036} INFO - Sync 1 DAGs
[2026-04-22T19:57:06.541+0000] {logging_mixin.py:188} INFO - [2026-04-22T19:57:06.541+0000] {dag.py:3823} INFO - Setting next_dagrun for data_merge_pipeline to 2026-04-26 00:00:00+00:00, run_after=2026-05-03 00:00:00+00:00
[2026-04-22T19:57:06.560+0000] {processor.py:183} INFO - Processing /home/airflow/dags/data_merge_dag.py took 0.389 seconds
[2026-04-22T19:57:36.772+0000] {processor.py:161} INFO - Started process (PID=794) to work on /home/airflow/dags/data_merge_dag.py
[2026-04-22T19:57:36.773+0000] {processor.py:830} INFO - Processing file /home/airflow/dags/data_merge_dag.py for tasks to queue
[2026-04-22T19:57:36.775+0000] {logging_mixin.py:188} INFO - [2026-04-22T19:57:36.774+0000] {dagbag.py:538} INFO - Filling up the DagBag from /home/airflow/dags/data_merge_dag.py
[2026-04-22T19:57:37.179+0000] {processor.py:840} INFO - DAG(s) 'data_merge_pipeline' retrieved from /home/airflow/dags/data_merge_dag.py
[2026-04-22T19:57:37.202+0000] {logging_mixin.py:188} INFO - [2026-04-22T19:57:37.201+0000] {dag.py:3036} INFO - Sync 1 DAGs
[2026-04-22T19:57:37.222+0000] {logging_mixin.py:188} INFO - [2026-04-22T19:57:37.221+0000] {dag.py:3823} INFO - Setting next_dagrun for data_merge_pipeline to 2026-04-26 00:00:00+00:00, run_after=2026-05-03 00:00:00+00:00
[2026-04-22T19:57:37.243+0000] {processor.py:183} INFO - Processing /home/airflow/dags/data_merge_dag.py took 0.475 seconds
[2026-04-22T19:58:07.460+0000] {processor.py:161} INFO - Started process (PID=800) to work on /home/airflow/dags/data_merge_dag.py
[2026-04-22T19:58:07.461+0000] {processor.py:830} INFO - Processing file /home/airflow/dags/data_merge_dag.py for tasks to queue
[2026-04-22T19:58:07.462+0000] {logging_mixin.py:188} INFO - [2026-04-22T19:58:07.462+0000] {dagbag.py:538} INFO - Filling up the DagBag from /home/airflow/dags/data_merge_dag.py
[2026-04-22T19:58:07.818+0000] {processor.py:840} INFO - DAG(s) 'data_merge_pipeline' retrieved from /home/airflow/dags/data_merge_dag.py
[2026-04-22T19:58:07.842+0000] {logging_mixin.py:188} INFO - [2026-04-22T19:58:07.840+0000] {dag.py:3036} INFO - Sync 1 DAGs
[2026-04-22T19:58:07.871+0000] {logging_mixin.py:188} INFO - [2026-04-22T19:58:07.871+0000] {dag.py:3823} INFO - Setting next_dagrun for data_merge_pipeline to 2026-04-26 00:00:00+00:00, run_after=2026-05-03 00:00:00+00:00
[2026-04-22T19:58:07.893+0000] {processor.py:183} INFO - Processing /home/airflow/dags/data_merge_dag.py took 0.437 seconds
[2026-04-22T19:58:38.235+0000] {processor.py:161} INFO - Started process (PID=806) to work on /home/airflow/dags/data_merge_dag.py
[2026-04-22T19:58:38.236+0000] {processor.py:830} INFO - Processing file /home/airflow/dags/data_merge_dag.py for tasks to queue
[2026-04-22T19:58:38.238+0000] {logging_mixin.py:188} INFO - [2026-04-22T19:58:38.237+0000] {dagbag.py:538} INFO - Filling up the DagBag from /home/airflow/dags/data_merge_dag.py
[2026-04-22T19:58:38.477+0000] {processor.py:840} INFO - DAG(s) 'data_merge_pipeline' retrieved from /home/airflow/dags/data_merge_dag.py
[2026-04-22T19:58:38.499+0000] {logging_mixin.py:188} INFO - [2026-04-22T19:58:38.499+0000] {dag.py:3036} INFO - Sync 1 DAGs
[2026-04-22T19:58:38.522+0000] {logging_mixin.py:188} INFO - [2026-04-22T19:58:38.522+0000] {dag.py:3823} INFO - Setting next_dagrun for data_merge_pipeline to 2026-04-26 00:00:00+00:00, run_after=2026-05-03 00:00:00+00:00
[2026-04-22T19:58:38.543+0000] {processor.py:183} INFO - Processing /home/airflow/dags/data_merge_dag.py took 0.312 seconds
[2026-04-22T19:59:08.744+0000] {processor.py:161} INFO - Started process (PID=812) to work on /home/airflow/dags/data_merge_dag.py
[2026-04-22T19:59:08.746+0000] {processor.py:830} INFO - Processing file /home/airflow/dags/data_merge_dag.py for tasks to queue
[2026-04-22T19:59:08.747+0000] {logging_mixin.py:188} INFO - [2026-04-22T19:59:08.746+0000] {dagbag.py:538} INFO - Filling up the DagBag from /home/airflow/dags/data_merge_dag.py
[2026-04-22T19:59:09.025+0000] {processor.py:840} INFO - DAG(s) 'data_merge_pipeline' retrieved from /home/airflow/dags/data_merge_dag.py
[2026-04-22T19:59:09.051+0000] {logging_mixin.py:188} INFO - [2026-04-22T19:59:09.050+0000] {dag.py:3036} INFO - Sync 1 DAGs
[2026-04-22T19:59:09.071+0000] {logging_mixin.py:188} INFO - [2026-04-22T19:59:09.071+0000] {dag.py:3823} INFO - Setting next_dagrun for data_merge_pipeline to 2026-04-26 00:00:00+00:00, run_after=2026-05-03 00:00:00+00:00
[2026-04-22T19:59:09.091+0000] {processor.py:183} INFO - Processing /home/airflow/dags/data_merge_dag.py took 0.350 seconds
[2026-04-22T19:59:39.295+0000] {processor.py:161} INFO - Started process (PID=818) to work on /home/airflow/dags/data_merge_dag.py
[2026-04-22T19:59:39.297+0000] {processor.py:830} INFO - Processing file /home/airflow/dags/data_merge_dag.py for tasks to queue
[2026-04-22T19:59:39.298+0000] {logging_mixin.py:188} INFO - [2026-04-22T19:59:39.298+0000] {dagbag.py:538} INFO - Filling up the DagBag from /home/airflow/dags/data_merge_dag.py
[2026-04-22T19:59:39.548+0000] {processor.py:840} INFO - DAG(s) 'data_merge_pipeline' retrieved from /home/airflow/dags/data_merge_dag.py
[2026-04-22T19:59:39.575+0000] {logging_mixin.py:188} INFO - [2026-04-22T19:59:39.574+0000] {dag.py:3036} INFO - Sync 1 DAGs
[2026-04-22T19:59:39.601+0000] {logging_mixin.py:188} INFO - [2026-04-22T19:59:39.601+0000] {dag.py:3823} INFO - Setting next_dagrun for data_merge_pipeline to 2026-04-26 00:00:00+00:00, run_after=2026-05-03 00:00:00+00:00
[2026-04-22T19:59:39.625+0000] {processor.py:183} INFO - Processing /home/airflow/dags/data_merge_dag.py took 0.334 seconds
[2026-04-22T20:00:09.828+0000] {processor.py:161} INFO - Started process (PID=824) to work on /home/airflow/dags/data_merge_dag.py
[2026-04-22T20:00:09.829+0000] {processor.py:830} INFO - Processing file /home/airflow/dags/data_merge_dag.py for tasks to queue
[2026-04-22T20:00:09.830+0000] {logging_mixin.py:188} INFO - [2026-04-22T20:00:09.830+0000] {dagbag.py:538} INFO - Filling up the DagBag from /home/airflow/dags/data_merge_dag.py
[2026-04-22T20:00:10.086+0000] {processor.py:840} INFO - DAG(s) 'data_merge_pipeline' retrieved from /home/airflow/dags/data_merge_dag.py
[2026-04-22T20:00:10.111+0000] {logging_mixin.py:188} INFO - [2026-04-22T20:00:10.110+0000] {dag.py:3036} INFO - Sync 1 DAGs
[2026-04-22T20:00:10.130+0000] {logging_mixin.py:188} INFO - [2026-04-22T20:00:10.129+0000] {dag.py:3823} INFO - Setting next_dagrun for data_merge_pipeline to 2026-04-26 00:00:00+00:00, run_after=2026-05-03 00:00:00+00:00
[2026-04-22T20:00:10.152+0000] {processor.py:183} INFO - Processing /home/airflow/dags/data_merge_dag.py took 0.329 seconds
[2026-04-22T20:00:40.351+0000] {processor.py:161} INFO - Started process (PID=830) to work on /home/airflow/dags/data_merge_dag.py
[2026-04-22T20:00:40.352+0000] {processor.py:830} INFO - Processing file /home/airflow/dags/data_merge_dag.py for tasks to queue
[2026-04-22T20:00:40.353+0000] {logging_mixin.py:188} INFO - [2026-04-22T20:00:40.353+0000] {dagbag.py:538} INFO - Filling up the DagBag from /home/airflow/dags/data_merge_dag.py
[2026-04-22T20:00:40.597+0000] {processor.py:840} INFO - DAG(s) 'data_merge_pipeline' retrieved from /home/airflow/dags/data_merge_dag.py
[2026-04-22T20:00:40.626+0000] {logging_mixin.py:188} INFO - [2026-04-22T20:00:40.626+0000] {dag.py:3036} INFO - Sync 1 DAGs
[2026-04-22T20:00:40.649+0000] {logging_mixin.py:188} INFO - [2026-04-22T20:00:40.649+0000] {dag.py:3823} INFO - Setting next_dagrun for data_merge_pipeline to 2026-04-26 00:00:00+00:00, run_after=2026-05-03 00:00:00+00:00
[2026-04-22T20:00:40.671+0000] {processor.py:183} INFO - Processing /home/airflow/dags/data_merge_dag.py took 0.323 seconds
[2026-04-22T20:01:10.901+0000] {processor.py:161} INFO - Started process (PID=836) to work on /home/airflow/dags/data_merge_dag.py
[2026-04-22T20:01:10.902+0000] {processor.py:830} INFO - Processing file /home/airflow/dags/data_merge_dag.py for tasks to queue
[2026-04-22T20:01:10.903+0000] {logging_mixin.py:188} INFO - [2026-04-22T20:01:10.903+0000] {dagbag.py:538} INFO - Filling up the DagBag from /home/airflow/dags/data_merge_dag.py
[2026-04-22T20:01:11.249+0000] {processor.py:840} INFO - DAG(s) 'data_merge_pipeline' retrieved from /home/airflow/dags/data_merge_dag.py
[2026-04-22T20:01:11.281+0000] {logging_mixin.py:188} INFO - [2026-04-22T20:01:11.281+0000] {dag.py:3036} INFO - Sync 1 DAGs
[2026-04-22T20:01:11.304+0000] {logging_mixin.py:188} INFO - [2026-04-22T20:01:11.304+0000] {dag.py:3823} INFO - Setting next_dagrun for data_merge_pipeline to 2026-04-26 00:00:00+00:00, run_after=2026-05-03 00:00:00+00:00
[2026-04-22T20:01:11.329+0000] {processor.py:183} INFO - Processing /home/airflow/dags/data_merge_dag.py took 0.433 seconds
[2026-04-22T20:01:41.570+0000] {processor.py:161} INFO - Started process (PID=842) to work on /home/airflow/dags/data_merge_dag.py
[2026-04-22T20:01:41.571+0000] {processor.py:830} INFO - Processing file /home/airflow/dags/data_merge_dag.py for tasks to queue
[2026-04-22T20:01:41.573+0000] {logging_mixin.py:188} INFO - [2026-04-22T20:01:41.573+0000] {dagbag.py:538} INFO - Filling up the DagBag from /home/airflow/dags/data_merge_dag.py
[2026-04-22T20:01:41.881+0000] {processor.py:840} INFO - DAG(s) 'data_merge_pipeline' retrieved from /home/airflow/dags/data_merge_dag.py
[2026-04-22T20:01:41.918+0000] {logging_mixin.py:188} INFO - [2026-04-22T20:01:41.917+0000] {dag.py:3036} INFO - Sync 1 DAGs
[2026-04-22T20:01:41.947+0000] {logging_mixin.py:188} INFO - [2026-04-22T20:01:41.946+0000] {dag.py:3823} INFO - Setting next_dagrun for data_merge_pipeline to 2026-04-26 00:00:00+00:00, run_after=2026-05-03 00:00:00+00:00
[2026-04-22T20:01:41.975+0000] {processor.py:183} INFO - Processing /home/airflow/dags/data_merge_dag.py took 0.410 seconds
[2026-04-22T20:02:12.175+0000] {processor.py:161} INFO - Started process (PID=848) to work on /home/airflow/dags/data_merge_dag.py
[2026-04-22T20:02:12.177+0000] {processor.py:830} INFO - Processing file /home/airflow/dags/data_merge_dag.py for tasks to queue
[2026-04-22T20:02:12.178+0000] {logging_mixin.py:188} INFO - [2026-04-22T20:02:12.178+0000] {dagbag.py:538} INFO - Filling up the DagBag from /home/airflow/dags/data_merge_dag.py
[2026-04-22T20:02:12.499+0000] {processor.py:840} INFO - DAG(s) 'data_merge_pipeline' retrieved from /home/airflow/dags/data_merge_dag.py
[2026-04-22T20:02:12.536+0000] {logging_mixin.py:188} INFO - [2026-04-22T20:02:12.535+0000] {dag.py:3036} INFO - Sync 1 DAGs
[2026-04-22T20:02:12.565+0000] {logging_mixin.py:188} INFO - [2026-04-22T20:02:12.565+0000] {dag.py:3823} INFO - Setting next_dagrun for data_merge_pipeline to 2026-04-26 00:00:00+00:00, run_after=2026-05-03 00:00:00+00:00
[2026-04-22T20:02:12.590+0000] {processor.py:183} INFO - Processing /home/airflow/dags/data_merge_dag.py took 0.419 seconds
[2026-04-22T20:02:42.813+0000] {processor.py:161} INFO - Started process (PID=854) to work on /home/airflow/dags/data_merge_dag.py
[2026-04-22T20:02:42.814+0000] {processor.py:830} INFO - Processing file /home/airflow/dags/data_merge_dag.py for tasks to queue
[2026-04-22T20:02:42.816+0000] {logging_mixin.py:188} INFO - [2026-04-22T20:02:42.815+0000] {dagbag.py:538} INFO - Filling up the DagBag from /home/airflow/dags/data_merge_dag.py
[2026-04-22T20:02:43.116+0000] {processor.py:840} INFO - DAG(s) 'data_merge_pipeline' retrieved from /home/airflow/dags/data_merge_dag.py
[2026-04-22T20:02:43.142+0000] {logging_mixin.py:188} INFO - [2026-04-22T20:02:43.142+0000] {dag.py:3036} INFO - Sync 1 DAGs
[2026-04-22T20:02:43.163+0000] {logging_mixin.py:188} INFO - [2026-04-22T20:02:43.162+0000] {dag.py:3823} INFO - Setting next_dagrun for data_merge_pipeline to 2026-04-26 00:00:00+00:00, run_after=2026-05-03 00:00:00+00:00
[2026-04-22T20:02:43.186+0000] {processor.py:183} INFO - Processing /home/airflow/dags/data_merge_dag.py took 0.377 seconds
[2026-04-22T20:03:13.382+0000] {processor.py:161} INFO - Started process (PID=860) to work on /home/airflow/dags/data_merge_dag.py
[2026-04-22T20:03:13.383+0000] {processor.py:830} INFO - Processing file /home/airflow/dags/data_merge_dag.py for tasks to queue
[2026-04-22T20:03:13.384+0000] {logging_mixin.py:188} INFO - [2026-04-22T20:03:13.384+0000] {dagbag.py:538} INFO - Filling up the DagBag from /home/airflow/dags/data_merge_dag.py
[2026-04-22T20:03:13.630+0000] {processor.py:840} INFO - DAG(s) 'data_merge_pipeline' retrieved from /home/airflow/dags/data_merge_dag.py
[2026-04-22T20:03:13.655+0000] {logging_mixin.py:188} INFO - [2026-04-22T20:03:13.654+0000] {dag.py:3036} INFO - Sync 1 DAGs
[2026-04-22T20:03:13.673+0000] {logging_mixin.py:188} INFO - [2026-04-22T20:03:13.673+0000] {dag.py:3823} INFO - Setting next_dagrun for data_merge_pipeline to 2026-04-26 00:00:00+00:00, run_after=2026-05-03 00:00:00+00:00
[2026-04-22T20:03:13.697+0000] {processor.py:183} INFO - Processing /home/airflow/dags/data_merge_dag.py took 0.319 seconds
[2026-04-22T20:03:43.890+0000] {processor.py:161} INFO - Started process (PID=866) to work on /home/airflow/dags/data_merge_dag.py
[2026-04-22T20:03:43.892+0000] {processor.py:830} INFO - Processing file /home/airflow/dags/data_merge_dag.py for tasks to queue
[2026-04-22T20:03:43.893+0000] {logging_mixin.py:188} INFO - [2026-04-22T20:03:43.892+0000] {dagbag.py:538} INFO - Filling up the DagBag from /home/airflow/dags/data_merge_dag.py
[2026-04-22T20:03:44.126+0000] {processor.py:840} INFO - DAG(s) 'data_merge_pipeline' retrieved from /home/airflow/dags/data_merge_dag.py
[2026-04-22T20:03:44.153+0000] {logging_mixin.py:188} INFO - [2026-04-22T20:03:44.152+0000] {dag.py:3036} INFO - Sync 1 DAGs
[2026-04-22T20:03:44.176+0000] {logging_mixin.py:188} INFO - [2026-04-22T20:03:44.176+0000] {dag.py:3823} INFO - Setting next_dagrun for data_merge_pipeline to 2026-04-26 00:00:00+00:00, run_after=2026-05-03 00:00:00+00:00
[2026-04-22T20:03:44.195+0000] {processor.py:183} INFO - Processing /home/airflow/dags/data_merge_dag.py took 0.310 seconds
[2026-04-22T20:04:14.393+0000] {processor.py:161} INFO - Started process (PID=872) to work on /home/airflow/dags/data_merge_dag.py
[2026-04-22T20:04:14.395+0000] {processor.py:830} INFO - Processing file /home/airflow/dags/data_merge_dag.py for tasks to queue
[2026-04-22T20:04:14.396+0000] {logging_mixin.py:188} INFO - [2026-04-22T20:04:14.396+0000] {dagbag.py:538} INFO - Filling up the DagBag from /home/airflow/dags/data_merge_dag.py
[2026-04-22T20:04:14.664+0000] {processor.py:840} INFO - DAG(s) 'data_merge_pipeline' retrieved from /home/airflow/dags/data_merge_dag.py
[2026-04-22T20:04:14.690+0000] {logging_mixin.py:188} INFO - [2026-04-22T20:04:14.689+0000] {dag.py:3036} INFO - Sync 1 DAGs
[2026-04-22T20:04:14.711+0000] {logging_mixin.py:188} INFO - [2026-04-22T20:04:14.711+0000] {dag.py:3823} INFO - Setting next_dagrun for data_merge_pipeline to 2026-04-26 00:00:00+00:00, run_after=2026-05-03 00:00:00+00:00
[2026-04-22T20:04:14.731+0000] {processor.py:183} INFO - Processing /home/airflow/dags/data_merge_dag.py took 0.342 seconds
[2026-04-22T20:04:44.937+0000] {processor.py:161} INFO - Started process (PID=878) to work on /home/airflow/dags/data_merge_dag.py
[2026-04-22T20:04:44.939+0000] {processor.py:830} INFO - Processing file /home/airflow/dags/data_merge_dag.py for tasks to queue
[2026-04-22T20:04:44.940+0000] {logging_mixin.py:188} INFO - [2026-04-22T20:04:44.939+0000] {dagbag.py:538} INFO - Filling up the DagBag from /home/airflow/dags/data_merge_dag.py
[2026-04-22T20:04:45.183+0000] {processor.py:840} INFO - DAG(s) 'data_merge_pipeline' retrieved from /home/airflow/dags/data_merge_dag.py
[2026-04-22T20:04:45.208+0000] {logging_mixin.py:188} INFO - [2026-04-22T20:04:45.207+0000] {dag.py:3036} INFO - Sync 1 DAGs
[2026-04-22T20:04:45.227+0000] {logging_mixin.py:188} INFO - [2026-04-22T20:04:45.227+0000] {dag.py:3823} INFO - Setting next_dagrun for data_merge_pipeline to 2026-04-26 00:00:00+00:00, run_after=2026-05-03 00:00:00+00:00
[2026-04-22T20:04:45.248+0000] {processor.py:183} INFO - Processing /home/airflow/dags/data_merge_dag.py took 0.315 seconds
[2026-04-22T20:05:15.442+0000] {processor.py:161} INFO - Started process (PID=884) to work on /home/airflow/dags/data_merge_dag.py
[2026-04-22T20:05:15.444+0000] {processor.py:830} INFO - Processing file /home/airflow/dags/data_merge_dag.py for tasks to queue
[2026-04-22T20:05:15.445+0000] {logging_mixin.py:188} INFO - [2026-04-22T20:05:15.444+0000] {dagbag.py:538} INFO - Filling up the DagBag from /home/airflow/dags/data_merge_dag.py
[2026-04-22T20:05:15.677+0000] {processor.py:840} INFO - DAG(s) 'data_merge_pipeline' retrieved from /home/airflow/dags/data_merge_dag.py
[2026-04-22T20:05:15.704+0000] {logging_mixin.py:188} INFO - [2026-04-22T20:05:15.703+0000] {dag.py:3036} INFO - Sync 1 DAGs
[2026-04-22T20:05:15.726+0000] {logging_mixin.py:188} INFO - [2026-04-22T20:05:15.725+0000] {dag.py:3823} INFO - Setting next_dagrun for data_merge_pipeline to 2026-04-26 00:00:00+00:00, run_after=2026-05-03 00:00:00+00:00
[2026-04-22T20:05:15.747+0000] {processor.py:183} INFO - Processing /home/airflow/dags/data_merge_dag.py took 0.308 seconds
[2026-04-22T20:05:45.950+0000] {processor.py:161} INFO - Started process (PID=890) to work on /home/airflow/dags/data_merge_dag.py
[2026-04-22T20:05:45.951+0000] {processor.py:830} INFO - Processing file /home/airflow/dags/data_merge_dag.py for tasks to queue
[2026-04-22T20:05:45.953+0000] {logging_mixin.py:188} INFO - [2026-04-22T20:05:45.952+0000] {dagbag.py:538} INFO - Filling up the DagBag from /home/airflow/dags/data_merge_dag.py
[2026-04-22T20:05:46.246+0000] {processor.py:840} INFO - DAG(s) 'data_merge_pipeline' retrieved from /home/airflow/dags/data_merge_dag.py
[2026-04-22T20:05:46.270+0000] {logging_mixin.py:188} INFO - [2026-04-22T20:05:46.269+0000] {dag.py:3036} INFO - Sync 1 DAGs
[2026-04-22T20:05:46.289+0000] {logging_mixin.py:188} INFO - [2026-04-22T20:05:46.288+0000] {dag.py:3823} INFO - Setting next_dagrun for data_merge_pipeline to 2026-04-26 00:00:00+00:00, run_after=2026-05-03 00:00:00+00:00
[2026-04-22T20:05:46.310+0000] {processor.py:183} INFO - Processing /home/airflow/dags/data_merge_dag.py took 0.363 seconds
[2026-04-22T20:06:16.524+0000] {processor.py:161} INFO - Started process (PID=896) to work on /home/airflow/dags/data_merge_dag.py
[2026-04-22T20:06:16.526+0000] {processor.py:830} INFO - Processing file /home/airflow/dags/data_merge_dag.py for tasks to queue
[2026-04-22T20:06:16.527+0000] {logging_mixin.py:188} INFO - [2026-04-22T20:06:16.527+0000] {dagbag.py:538} INFO - Filling up the DagBag from /home/airflow/dags/data_merge_dag.py
[2026-04-22T20:06:16.821+0000] {processor.py:840} INFO - DAG(s) 'data_merge_pipeline' retrieved from /home/airflow/dags/data_merge_dag.py
[2026-04-22T20:06:16.849+0000] {logging_mixin.py:188} INFO - [2026-04-22T20:06:16.849+0000] {dag.py:3036} INFO - Sync 1 DAGs
[2026-04-22T20:06:16.875+0000] {logging_mixin.py:188} INFO - [2026-04-22T20:06:16.874+0000] {dag.py:3823} INFO - Setting next_dagrun for data_merge_pipeline to 2026-04-26 00:00:00+00:00, run_after=2026-05-03 00:00:00+00:00
[2026-04-22T20:06:16.900+0000] {processor.py:183} INFO - Processing /home/airflow/dags/data_merge_dag.py took 0.380 seconds
[2026-04-22T20:06:47.113+0000] {processor.py:161} INFO - Started process (PID=902) to work on /home/airflow/dags/data_merge_dag.py
[2026-04-22T20:06:47.115+0000] {processor.py:830} INFO - Processing file /home/airflow/dags/data_merge_dag.py for tasks to queue
[2026-04-22T20:06:47.116+0000] {logging_mixin.py:188} INFO - [2026-04-22T20:06:47.116+0000] {dagbag.py:538} INFO - Filling up the DagBag from /home/airflow/dags/data_merge_dag.py
[2026-04-22T20:06:47.408+0000] {processor.py:840} INFO - DAG(s) 'data_merge_pipeline' retrieved from /home/airflow/dags/data_merge_dag.py
[2026-04-22T20:06:47.434+0000] {logging_mixin.py:188} INFO - [2026-04-22T20:06:47.434+0000] {dag.py:3036} INFO - Sync 1 DAGs
[2026-04-22T20:06:47.457+0000] {logging_mixin.py:188} INFO - [2026-04-22T20:06:47.457+0000] {dag.py:3823} INFO - Setting next_dagrun for data_merge_pipeline to 2026-04-26 00:00:00+00:00, run_after=2026-05-03 00:00:00+00:00
[2026-04-22T20:06:47.480+0000] {processor.py:183} INFO - Processing /home/airflow/dags/data_merge_dag.py took 0.372 seconds
[2026-04-22T20:07:17.684+0000] {processor.py:161} INFO - Started process (PID=908) to work on /home/airflow/dags/data_merge_dag.py
[2026-04-22T20:07:17.685+0000] {processor.py:830} INFO - Processing file /home/airflow/dags/data_merge_dag.py for tasks to queue
[2026-04-22T20:07:17.686+0000] {logging_mixin.py:188} INFO - [2026-04-22T20:07:17.686+0000] {dagbag.py:538} INFO - Filling up the DagBag from /home/airflow/dags/data_merge_dag.py
[2026-04-22T20:07:17.929+0000] {processor.py:840} INFO - DAG(s) 'data_merge_pipeline' retrieved from /home/airflow/dags/data_merge_dag.py
[2026-04-22T20:07:17.953+0000] {logging_mixin.py:188} INFO - [2026-04-22T20:07:17.953+0000] {dag.py:3036} INFO - Sync 1 DAGs
[2026-04-22T20:07:17.972+0000] {logging_mixin.py:188} INFO - [2026-04-22T20:07:17.972+0000] {dag.py:3823} INFO - Setting next_dagrun for data_merge_pipeline to 2026-04-26 00:00:00+00:00, run_after=2026-05-03 00:00:00+00:00
[2026-04-22T20:07:17.993+0000] {processor.py:183} INFO - Processing /home/airflow/dags/data_merge_dag.py took 0.313 seconds
[2026-04-22T20:07:48.195+0000] {processor.py:161} INFO - Started process (PID=914) to work on /home/airflow/dags/data_merge_dag.py
[2026-04-22T20:07:48.196+0000] {processor.py:830} INFO - Processing file /home/airflow/dags/data_merge_dag.py for tasks to queue
[2026-04-22T20:07:48.198+0000] {logging_mixin.py:188} INFO - [2026-04-22T20:07:48.197+0000] {dagbag.py:538} INFO - Filling up the DagBag from /home/airflow/dags/data_merge_dag.py
[2026-04-22T20:07:48.504+0000] {processor.py:840} INFO - DAG(s) 'data_merge_pipeline' retrieved from /home/airflow/dags/data_merge_dag.py
[2026-04-22T20:07:48.529+0000] {logging_mixin.py:188} INFO - [2026-04-22T20:07:48.528+0000] {dag.py:3036} INFO - Sync 1 DAGs
[2026-04-22T20:07:48.550+0000] {logging_mixin.py:188} INFO - [2026-04-22T20:07:48.549+0000] {dag.py:3823} INFO - Setting next_dagrun for data_merge_pipeline to 2026-04-26 00:00:00+00:00, run_after=2026-05-03 00:00:00+00:00
[2026-04-22T20:07:48.572+0000] {processor.py:183} INFO - Processing /home/airflow/dags/data_merge_dag.py took 0.382 seconds
[2026-04-22T20:08:18.779+0000] {processor.py:161} INFO - Started process (PID=920) to work on /home/airflow/dags/data_merge_dag.py
[2026-04-22T20:08:18.781+0000] {processor.py:830} INFO - Processing file /home/airflow/dags/data_merge_dag.py for tasks to queue
[2026-04-22T20:08:18.782+0000] {logging_mixin.py:188} INFO - [2026-04-22T20:08:18.782+0000] {dagbag.py:538} INFO - Filling up the DagBag from /home/airflow/dags/data_merge_dag.py
[2026-04-22T20:08:19.023+0000] {processor.py:840} INFO - DAG(s) 'data_merge_pipeline' retrieved from /home/airflow/dags/data_merge_dag.py
[2026-04-22T20:08:19.047+0000] {logging_mixin.py:188} INFO - [2026-04-22T20:08:19.046+0000] {dag.py:3036} INFO - Sync 1 DAGs
[2026-04-22T20:08:19.072+0000] {logging_mixin.py:188} INFO - [2026-04-22T20:08:19.071+0000] {dag.py:3823} INFO - Setting next_dagrun for data_merge_pipeline to 2026-04-26 00:00:00+00:00, run_after=2026-05-03 00:00:00+00:00
[2026-04-22T20:08:19.095+0000] {processor.py:183} INFO - Processing /home/airflow/dags/data_merge_dag.py took 0.320 seconds
[2026-04-22T20:08:49.297+0000] {processor.py:161} INFO - Started process (PID=926) to work on /home/airflow/dags/data_merge_dag.py
[2026-04-22T20:08:49.300+0000] {processor.py:830} INFO - Processing file /home/airflow/dags/data_merge_dag.py for tasks to queue
[2026-04-22T20:08:49.301+0000] {logging_mixin.py:188} INFO - [2026-04-22T20:08:49.300+0000] {dagbag.py:538} INFO - Filling up the DagBag from /home/airflow/dags/data_merge_dag.py
[2026-04-22T20:08:49.579+0000] {processor.py:840} INFO - DAG(s) 'data_merge_pipeline' retrieved from /home/airflow/dags/data_merge_dag.py
[2026-04-22T20:08:49.603+0000] {logging_mixin.py:188} INFO - [2026-04-22T20:08:49.602+0000] {dag.py:3036} INFO - Sync 1 DAGs
[2026-04-22T20:08:49.621+0000] {logging_mixin.py:188} INFO - [2026-04-22T20:08:49.621+0000] {dag.py:3823} INFO - Setting next_dagrun for data_merge_pipeline to 2026-04-26 00:00:00+00:00, run_after=2026-05-03 00:00:00+00:00
[2026-04-22T20:08:49.640+0000] {processor.py:183} INFO - Processing /home/airflow/dags/data_merge_dag.py took 0.348 seconds
[2026-04-22T20:09:19.847+0000] {processor.py:161} INFO - Started process (PID=932) to work on /home/airflow/dags/data_merge_dag.py
[2026-04-22T20:09:19.850+0000] {processor.py:830} INFO - Processing file /home/airflow/dags/data_merge_dag.py for tasks to queue
[2026-04-22T20:09:19.851+0000] {logging_mixin.py:188} INFO - [2026-04-22T20:09:19.851+0000] {dagbag.py:538} INFO - Filling up the DagBag from /home/airflow/dags/data_merge_dag.py
[2026-04-22T20:09:20.094+0000] {processor.py:840} INFO - DAG(s) 'data_merge_pipeline' retrieved from /home/airflow/dags/data_merge_dag.py
[2026-04-22T20:09:20.125+0000] {logging_mixin.py:188} INFO - [2026-04-22T20:09:20.124+0000] {dag.py:3036} INFO - Sync 1 DAGs
[2026-04-22T20:09:20.148+0000] {logging_mixin.py:188} INFO - [2026-04-22T20:09:20.148+0000] {dag.py:3823} INFO - Setting next_dagrun for data_merge_pipeline to 2026-04-26 00:00:00+00:00, run_after=2026-05-03 00:00:00+00:00
[2026-04-22T20:09:20.175+0000] {processor.py:183} INFO - Processing /home/airflow/dags/data_merge_dag.py took 0.331 seconds
[2026-04-22T20:09:50.380+0000] {processor.py:161} INFO - Started process (PID=938) to work on /home/airflow/dags/data_merge_dag.py
[2026-04-22T20:09:50.381+0000] {processor.py:830} INFO - Processing file /home/airflow/dags/data_merge_dag.py for tasks to queue
[2026-04-22T20:09:50.383+0000] {logging_mixin.py:188} INFO - [2026-04-22T20:09:50.382+0000] {dagbag.py:538} INFO - Filling up the DagBag from /home/airflow/dags/data_merge_dag.py
[2026-04-22T20:09:50.653+0000] {processor.py:840} INFO - DAG(s) 'data_merge_pipeline' retrieved from /home/airflow/dags/data_merge_dag.py
[2026-04-22T20:09:50.678+0000] {logging_mixin.py:188} INFO - [2026-04-22T20:09:50.678+0000] {dag.py:3036} INFO - Sync 1 DAGs
[2026-04-22T20:09:50.699+0000] {logging_mixin.py:188} INFO - [2026-04-22T20:09:50.699+0000] {dag.py:3823} INFO - Setting next_dagrun for data_merge_pipeline to 2026-04-26 00:00:00+00:00, run_after=2026-05-03 00:00:00+00:00
[2026-04-22T20:09:50.719+0000] {processor.py:183} INFO - Processing /home/airflow/dags/data_merge_dag.py took 0.344 seconds
[2026-04-22T20:10:20.922+0000] {processor.py:161} INFO - Started process (PID=944) to work on /home/airflow/dags/data_merge_dag.py
[2026-04-22T20:10:20.923+0000] {processor.py:830} INFO - Processing file /home/airflow/dags/data_merge_dag.py for tasks to queue
[2026-04-22T20:10:20.925+0000] {logging_mixin.py:188} INFO - [2026-04-22T20:10:20.924+0000] {dagbag.py:538} INFO - Filling up the DagBag from /home/airflow/dags/data_merge_dag.py
[2026-04-22T20:10:21.160+0000] {processor.py:840} INFO - DAG(s) 'data_merge_pipeline' retrieved from /home/airflow/dags/data_merge_dag.py
[2026-04-22T20:10:21.186+0000] {logging_mixin.py:188} INFO - [2026-04-22T20:10:21.186+0000] {dag.py:3036} INFO - Sync 1 DAGs
[2026-04-22T20:10:21.208+0000] {logging_mixin.py:188} INFO - [2026-04-22T20:10:21.208+0000] {dag.py:3823} INFO - Setting next_dagrun for data_merge_pipeline to 2026-04-26 00:00:00+00:00, run_after=2026-05-03 00:00:00+00:00
[2026-04-22T20:10:21.229+0000] {processor.py:183} INFO - Processing /home/airflow/dags/data_merge_dag.py took 0.310 seconds
[2026-04-22T20:10:51.427+0000] {processor.py:161} INFO - Started process (PID=950) to work on /home/airflow/dags/data_merge_dag.py
[2026-04-22T20:10:51.428+0000] {processor.py:830} INFO - Processing file /home/airflow/dags/data_merge_dag.py for tasks to queue
[2026-04-22T20:10:51.429+0000] {logging_mixin.py:188} INFO - [2026-04-22T20:10:51.429+0000] {dagbag.py:538} INFO - Filling up the DagBag from /home/airflow/dags/data_merge_dag.py
[2026-04-22T20:10:51.683+0000] {processor.py:840} INFO - DAG(s) 'data_merge_pipeline' retrieved from /home/airflow/dags/data_merge_dag.py
[2026-04-22T20:10:51.707+0000] {logging_mixin.py:188} INFO - [2026-04-22T20:10:51.706+0000] {dag.py:3036} INFO - Sync 1 DAGs
[2026-04-22T20:10:51.726+0000] {logging_mixin.py:188} INFO - [2026-04-22T20:10:51.725+0000] {dag.py:3823} INFO - Setting next_dagrun for data_merge_pipeline to 2026-04-26 00:00:00+00:00, run_after=2026-05-03 00:00:00+00:00
[2026-04-22T20:10:51.749+0000] {processor.py:183} INFO - Processing /home/airflow/dags/data_merge_dag.py took 0.325 seconds
[2026-04-22T20:11:21.953+0000] {processor.py:161} INFO - Started process (PID=956) to work on /home/airflow/dags/data_merge_dag.py
[2026-04-22T20:11:21.955+0000] {processor.py:830} INFO - Processing file /home/airflow/dags/data_merge_dag.py for tasks to queue
[2026-04-22T20:11:21.956+0000] {logging_mixin.py:188} INFO - [2026-04-22T20:11:21.955+0000] {dagbag.py:538} INFO - Filling up the DagBag from /home/airflow/dags/data_merge_dag.py
[2026-04-22T20:11:22.231+0000] {processor.py:840} INFO - DAG(s) 'data_merge_pipeline' retrieved from /home/airflow/dags/data_merge_dag.py
[2026-04-22T20:11:22.259+0000] {logging_mixin.py:188} INFO - [2026-04-22T20:11:22.258+0000] {dag.py:3036} INFO - Sync 1 DAGs
[2026-04-22T20:11:22.282+0000] {logging_mixin.py:188} INFO - [2026-04-22T20:11:22.282+0000] {dag.py:3823} INFO - Setting next_dagrun for data_merge_pipeline to 2026-04-26 00:00:00+00:00, run_after=2026-05-03 00:00:00+00:00
[2026-04-22T20:11:22.308+0000] {processor.py:183} INFO - Processing /home/airflow/dags/data_merge_dag.py took 0.358 seconds
[2026-04-22T20:11:52.508+0000] {processor.py:161} INFO - Started process (PID=962) to work on /home/airflow/dags/data_merge_dag.py
[2026-04-22T20:11:52.509+0000] {processor.py:830} INFO - Processing file /home/airflow/dags/data_merge_dag.py for tasks to queue
[2026-04-22T20:11:52.510+0000] {logging_mixin.py:188} INFO - [2026-04-22T20:11:52.510+0000] {dagbag.py:538} INFO - Filling up the DagBag from /home/airflow/dags/data_merge_dag.py
[2026-04-22T20:11:52.742+0000] {processor.py:840} INFO - DAG(s) 'data_merge_pipeline' retrieved from /home/airflow/dags/data_merge_dag.py
[2026-04-22T20:11:52.766+0000] {logging_mixin.py:188} INFO - [2026-04-22T20:11:52.765+0000] {dag.py:3036} INFO - Sync 1 DAGs
[2026-04-22T20:11:52.784+0000] {logging_mixin.py:188} INFO - [2026-04-22T20:11:52.784+0000] {dag.py:3823} INFO - Setting next_dagrun for data_merge_pipeline to 2026-04-26 00:00:00+00:00, run_after=2026-05-03 00:00:00+00:00
[2026-04-22T20:11:52.805+0000] {processor.py:183} INFO - Processing /home/airflow/dags/data_merge_dag.py took 0.300 seconds
[2026-04-22T20:12:23.006+0000] {processor.py:161} INFO - Started process (PID=968) to work on /home/airflow/dags/data_merge_dag.py
[2026-04-22T20:12:23.007+0000] {processor.py:830} INFO - Processing file /home/airflow/dags/data_merge_dag.py for tasks to queue
[2026-04-22T20:12:23.008+0000] {logging_mixin.py:188} INFO - [2026-04-22T20:12:23.007+0000] {dagbag.py:538} INFO - Filling up the DagBag from /home/airflow/dags/data_merge_dag.py
[2026-04-22T20:12:23.238+0000] {processor.py:840} INFO - DAG(s) 'data_merge_pipeline' retrieved from /home/airflow/dags/data_merge_dag.py
[2026-04-22T20:12:23.263+0000] {logging_mixin.py:188} INFO - [2026-04-22T20:12:23.262+0000] {dag.py:3036} INFO - Sync 1 DAGs
[2026-04-22T20:12:23.284+0000] {logging_mixin.py:188} INFO - [2026-04-22T20:12:23.283+0000] {dag.py:3823} INFO - Setting next_dagrun for data_merge_pipeline to 2026-04-26 00:00:00+00:00, run_after=2026-05-03 00:00:00+00:00
[2026-04-22T20:12:23.302+0000] {processor.py:183} INFO - Processing /home/airflow/dags/data_merge_dag.py took 0.299 seconds
[2026-04-22T20:12:53.498+0000] {processor.py:161} INFO - Started process (PID=974) to work on /home/airflow/dags/data_merge_dag.py
[2026-04-22T20:12:53.500+0000] {processor.py:830} INFO - Processing file /home/airflow/dags/data_merge_dag.py for tasks to queue
[2026-04-22T20:12:53.501+0000] {logging_mixin.py:188} INFO - [2026-04-22T20:12:53.501+0000] {dagbag.py:538} INFO - Filling up the DagBag from /home/airflow/dags/data_merge_dag.py
[2026-04-22T20:12:53.736+0000] {processor.py:840} INFO - DAG(s) 'data_merge_pipeline' retrieved from /home/airflow/dags/data_merge_dag.py
[2026-04-22T20:12:53.764+0000] {logging_mixin.py:188} INFO - [2026-04-22T20:12:53.763+0000] {dag.py:3036} INFO - Sync 1 DAGs
[2026-04-22T20:12:53.785+0000] {logging_mixin.py:188} INFO - [2026-04-22T20:12:53.785+0000] {dag.py:3823} INFO - Setting next_dagrun for data_merge_pipeline to 2026-04-26 00:00:00+00:00, run_after=2026-05-03 00:00:00+00:00
[2026-04-22T20:12:53.813+0000] {processor.py:183} INFO - Processing /home/airflow/dags/data_merge_dag.py took 0.319 seconds
[2026-04-22T20:13:24.036+0000] {processor.py:161} INFO - Started process (PID=980) to work on /home/airflow/dags/data_merge_dag.py
[2026-04-22T20:13:24.037+0000] {processor.py:830} INFO - Processing file /home/airflow/dags/data_merge_dag.py for tasks to queue
[2026-04-22T20:13:24.038+0000] {logging_mixin.py:188} INFO - [2026-04-22T20:13:24.038+0000] {dagbag.py:538} INFO - Filling up the DagBag from /home/airflow/dags/data_merge_dag.py
[2026-04-22T20:13:24.289+0000] {processor.py:840} INFO - DAG(s) 'data_merge_pipeline' retrieved from /home/airflow/dags/data_merge_dag.py
[2026-04-22T20:13:24.316+0000] {logging_mixin.py:188} INFO - [2026-04-22T20:13:24.315+0000] {dag.py:3036} INFO - Sync 1 DAGs
[2026-04-22T20:13:24.338+0000] {logging_mixin.py:188} INFO - [2026-04-22T20:13:24.338+0000] {dag.py:3823} INFO - Setting next_dagrun for data_merge_pipeline to 2026-04-26 00:00:00+00:00, run_after=2026-05-03 00:00:00+00:00
[2026-04-22T20:13:24.362+0000] {processor.py:183} INFO - Processing /home/airflow/dags/data_merge_dag.py took 0.331 seconds
[2026-04-22T20:13:54.569+0000] {processor.py:161} INFO - Started process (PID=986) to work on /home/airflow/dags/data_merge_dag.py
[2026-04-22T20:13:54.571+0000] {processor.py:830} INFO - Processing file /home/airflow/dags/data_merge_dag.py for tasks to queue
[2026-04-22T20:13:54.572+0000] {logging_mixin.py:188} INFO - [2026-04-22T20:13:54.571+0000] {dagbag.py:538} INFO - Filling up the DagBag from /home/airflow/dags/data_merge_dag.py
[2026-04-22T20:13:54.840+0000] {processor.py:840} INFO - DAG(s) 'data_merge_pipeline' retrieved from /home/airflow/dags/data_merge_dag.py
[2026-04-22T20:13:54.866+0000] {logging_mixin.py:188} INFO - [2026-04-22T20:13:54.865+0000] {dag.py:3036} INFO - Sync 1 DAGs
[2026-04-22T20:13:54.885+0000] {logging_mixin.py:188} INFO - [2026-04-22T20:13:54.885+0000] {dag.py:3823} INFO - Setting next_dagrun for data_merge_pipeline to 2026-04-26 00:00:00+00:00, run_after=2026-05-03 00:00:00+00:00
[2026-04-22T20:13:54.907+0000] {processor.py:183} INFO - Processing /home/airflow/dags/data_merge_dag.py took 0.344 seconds
[2026-04-22T20:14:25.108+0000] {processor.py:161} INFO - Started process (PID=992) to work on /home/airflow/dags/data_merge_dag.py
[2026-04-22T20:14:25.110+0000] {processor.py:830} INFO - Processing file /home/airflow/dags/data_merge_dag.py for tasks to queue
[2026-04-22T20:14:25.111+0000] {logging_mixin.py:188} INFO - [2026-04-22T20:14:25.110+0000] {dagbag.py:538} INFO - Filling up the DagBag from /home/airflow/dags/data_merge_dag.py
[2026-04-22T20:14:25.333+0000] {processor.py:840} INFO - DAG(s) 'data_merge_pipeline' retrieved from /home/airflow/dags/data_merge_dag.py
[2026-04-22T20:14:25.359+0000] {logging_mixin.py:188} INFO - [2026-04-22T20:14:25.358+0000] {dag.py:3036} INFO - Sync 1 DAGs
[2026-04-22T20:14:25.379+0000] {logging_mixin.py:188} INFO - [2026-04-22T20:14:25.378+0000] {dag.py:3823} INFO - Setting next_dagrun for data_merge_pipeline to 2026-04-26 00:00:00+00:00, run_after=2026-05-03 00:00:00+00:00
[2026-04-22T20:14:25.400+0000] {processor.py:183} INFO - Processing /home/airflow/dags/data_merge_dag.py took 0.294 seconds
[2026-04-22T20:14:55.590+0000] {processor.py:161} INFO - Started process (PID=998) to work on /home/airflow/dags/data_merge_dag.py
[2026-04-22T20:14:55.591+0000] {processor.py:830} INFO - Processing file /home/airflow/dags/data_merge_dag.py for tasks to queue
[2026-04-22T20:14:55.592+0000] {logging_mixin.py:188} INFO - [2026-04-22T20:14:55.592+0000] {dagbag.py:538} INFO - Filling up the DagBag from /home/airflow/dags/data_merge_dag.py
[2026-04-22T20:14:55.844+0000] {processor.py:840} INFO - DAG(s) 'data_merge_pipeline' retrieved from /home/airflow/dags/data_merge_dag.py
[2026-04-22T20:14:55.868+0000] {logging_mixin.py:188} INFO - [2026-04-22T20:14:55.867+0000] {dag.py:3036} INFO - Sync 1 DAGs
[2026-04-22T20:14:55.888+0000] {logging_mixin.py:188} INFO - [2026-04-22T20:14:55.888+0000] {dag.py:3823} INFO - Setting next_dagrun for data_merge_pipeline to 2026-04-26 00:00:00+00:00, run_after=2026-05-03 00:00:00+00:00
[2026-04-22T20:14:55.911+0000] {processor.py:183} INFO - Processing /home/airflow/dags/data_merge_dag.py took 0.325 seconds
[2026-04-22T20:15:26.114+0000] {processor.py:161} INFO - Started process (PID=1004) to work on /home/airflow/dags/data_merge_dag.py
[2026-04-22T20:15:26.116+0000] {processor.py:830} INFO - Processing file /home/airflow/dags/data_merge_dag.py for tasks to queue
[2026-04-22T20:15:26.118+0000] {logging_mixin.py:188} INFO - [2026-04-22T20:15:26.117+0000] {dagbag.py:538} INFO - Filling up the DagBag from /home/airflow/dags/data_merge_dag.py
[2026-04-22T20:15:26.385+0000] {processor.py:840} INFO - DAG(s) 'data_merge_pipeline' retrieved from /home/airflow/dags/data_merge_dag.py
[2026-04-22T20:15:26.412+0000] {logging_mixin.py:188} INFO - [2026-04-22T20:15:26.412+0000] {dag.py:3036} INFO - Sync 1 DAGs
[2026-04-22T20:15:26.447+0000] {logging_mixin.py:188} INFO - [2026-04-22T20:15:26.446+0000] {dag.py:3823} INFO - Setting next_dagrun for data_merge_pipeline to 2026-04-26 00:00:00+00:00, run_after=2026-05-03 00:00:00+00:00
[2026-04-22T20:15:26.482+0000] {processor.py:183} INFO - Processing /home/airflow/dags/data_merge_dag.py took 0.373 seconds
[2026-04-22T20:15:56.687+0000] {processor.py:161} INFO - Started process (PID=1010) to work on /home/airflow/dags/data_merge_dag.py
[2026-04-22T20:15:56.688+0000] {processor.py:830} INFO - Processing file /home/airflow/dags/data_merge_dag.py for tasks to queue
[2026-04-22T20:15:56.689+0000] {logging_mixin.py:188} INFO - [2026-04-22T20:15:56.689+0000] {dagbag.py:538} INFO - Filling up the DagBag from /home/airflow/dags/data_merge_dag.py
[2026-04-22T20:15:57.014+0000] {processor.py:840} INFO - DAG(s) 'data_merge_pipeline' retrieved from /home/airflow/dags/data_merge_dag.py
[2026-04-22T20:15:57.044+0000] {logging_mixin.py:188} INFO - [2026-04-22T20:15:57.042+0000] {dag.py:3036} INFO - Sync 1 DAGs
[2026-04-22T20:15:57.068+0000] {logging_mixin.py:188} INFO - [2026-04-22T20:15:57.068+0000] {dag.py:3823} INFO - Setting next_dagrun for data_merge_pipeline to 2026-04-26 00:00:00+00:00, run_after=2026-05-03 00:00:00+00:00
[2026-04-22T20:15:57.095+0000] {processor.py:183} INFO - Processing /home/airflow/dags/data_merge_dag.py took 0.412 seconds
[2026-04-22T20:16:27.299+0000] {processor.py:161} INFO - Started process (PID=1016) to work on /home/airflow/dags/data_merge_dag.py
[2026-04-22T20:16:27.300+0000] {processor.py:830} INFO - Processing file /home/airflow/dags/data_merge_dag.py for tasks to queue
[2026-04-22T20:16:27.301+0000] {logging_mixin.py:188} INFO - [2026-04-22T20:16:27.301+0000] {dagbag.py:538} INFO - Filling up the DagBag from /home/airflow/dags/data_merge_dag.py
[2026-04-22T20:16:27.560+0000] {processor.py:840} INFO - DAG(s) 'data_merge_pipeline' retrieved from /home/airflow/dags/data_merge_dag.py
[2026-04-22T20:16:27.584+0000] {logging_mixin.py:188} INFO - [2026-04-22T20:16:27.583+0000] {dag.py:3036} INFO - Sync 1 DAGs
[2026-04-22T20:16:27.607+0000] {logging_mixin.py:188} INFO - [2026-04-22T20:16:27.607+0000] {dag.py:3823} INFO - Setting next_dagrun for data_merge_pipeline to 2026-04-26 00:00:00+00:00, run_after=2026-05-03 00:00:00+00:00
[2026-04-22T20:16:27.631+0000] {processor.py:183} INFO - Processing /home/airflow/dags/data_merge_dag.py took 0.336 seconds
[2026-04-22T20:16:57.929+0000] {processor.py:161} INFO - Started process (PID=1022) to work on /home/airflow/dags/data_merge_dag.py
[2026-04-22T20:16:57.931+0000] {processor.py:830} INFO - Processing file /home/airflow/dags/data_merge_dag.py for tasks to queue
[2026-04-22T20:16:57.932+0000] {logging_mixin.py:188} INFO - [2026-04-22T20:16:57.931+0000] {dagbag.py:538} INFO - Filling up the DagBag from /home/airflow/dags/data_merge_dag.py
[2026-04-22T20:16:58.171+0000] {processor.py:840} INFO - DAG(s) 'data_merge_pipeline' retrieved from /home/airflow/dags/data_merge_dag.py
[2026-04-22T20:16:58.196+0000] {logging_mixin.py:188} INFO - [2026-04-22T20:16:58.196+0000] {dag.py:3036} INFO - Sync 1 DAGs
[2026-04-22T20:16:58.218+0000] {logging_mixin.py:188} INFO - [2026-04-22T20:16:58.218+0000] {dag.py:3823} INFO - Setting next_dagrun for data_merge_pipeline to 2026-04-26 00:00:00+00:00, run_after=2026-05-03 00:00:00+00:00
[2026-04-22T20:16:58.239+0000] {processor.py:183} INFO - Processing /home/airflow/dags/data_merge_dag.py took 0.314 seconds
[2026-04-22T20:17:28.439+0000] {processor.py:161} INFO - Started process (PID=1028) to work on /home/airflow/dags/data_merge_dag.py
[2026-04-22T20:17:28.441+0000] {processor.py:830} INFO - Processing file /home/airflow/dags/data_merge_dag.py for tasks to queue
[2026-04-22T20:17:28.442+0000] {logging_mixin.py:188} INFO - [2026-04-22T20:17:28.442+0000] {dagbag.py:538} INFO - Filling up the DagBag from /home/airflow/dags/data_merge_dag.py
[2026-04-22T20:17:28.702+0000] {processor.py:840} INFO - DAG(s) 'data_merge_pipeline' retrieved from /home/airflow/dags/data_merge_dag.py
[2026-04-22T20:17:28.744+0000] {logging_mixin.py:188} INFO - [2026-04-22T20:17:28.741+0000] {dag.py:3036} INFO - Sync 1 DAGs
[2026-04-22T20:17:28.774+0000] {logging_mixin.py:188} INFO - [2026-04-22T20:17:28.774+0000] {dag.py:3823} INFO - Setting next_dagrun for data_merge_pipeline to 2026-04-26 00:00:00+00:00, run_after=2026-05-03 00:00:00+00:00
[2026-04-22T20:17:28.798+0000] {processor.py:183} INFO - Processing /home/airflow/dags/data_merge_dag.py took 0.363 seconds
[2026-04-22T20:17:59.008+0000] {processor.py:161} INFO - Started process (PID=1034) to work on /home/airflow/dags/data_merge_dag.py
[2026-04-22T20:17:59.009+0000] {processor.py:830} INFO - Processing file /home/airflow/dags/data_merge_dag.py for tasks to queue
[2026-04-22T20:17:59.011+0000] {logging_mixin.py:188} INFO - [2026-04-22T20:17:59.010+0000] {dagbag.py:538} INFO - Filling up the DagBag from /home/airflow/dags/data_merge_dag.py
[2026-04-22T20:17:59.299+0000] {processor.py:840} INFO - DAG(s) 'data_merge_pipeline' retrieved from /home/airflow/dags/data_merge_dag.py
[2026-04-22T20:17:59.327+0000] {logging_mixin.py:188} INFO - [2026-04-22T20:17:59.327+0000] {dag.py:3036} INFO - Sync 1 DAGs
[2026-04-22T20:17:59.349+0000] {logging_mixin.py:188} INFO - [2026-04-22T20:17:59.349+0000] {dag.py:3823} INFO - Setting next_dagrun for data_merge_pipeline to 2026-04-26 00:00:00+00:00, run_after=2026-05-03 00:00:00+00:00
[2026-04-22T20:17:59.374+0000] {processor.py:183} INFO - Processing /home/airflow/dags/data_merge_dag.py took 0.369 seconds
[2026-04-22T20:18:29.597+0000] {processor.py:161} INFO - Started process (PID=1040) to work on /home/airflow/dags/data_merge_dag.py
[2026-04-22T20:18:29.599+0000] {processor.py:830} INFO - Processing file /home/airflow/dags/data_merge_dag.py for tasks to queue
[2026-04-22T20:18:29.600+0000] {logging_mixin.py:188} INFO - [2026-04-22T20:18:29.600+0000] {dagbag.py:538} INFO - Filling up the DagBag from /home/airflow/dags/data_merge_dag.py
[2026-04-22T20:18:29.953+0000] {processor.py:840} INFO - DAG(s) 'data_merge_pipeline' retrieved from /home/airflow/dags/data_merge_dag.py
[2026-04-22T20:18:29.980+0000] {logging_mixin.py:188} INFO - [2026-04-22T20:18:29.980+0000] {dag.py:3036} INFO - Sync 1 DAGs
[2026-04-22T20:18:30.005+0000] {logging_mixin.py:188} INFO - [2026-04-22T20:18:30.005+0000] {dag.py:3823} INFO - Setting next_dagrun for data_merge_pipeline to 2026-04-26 00:00:00+00:00, run_after=2026-05-03 00:00:00+00:00
[2026-04-22T20:18:30.027+0000] {processor.py:183} INFO - Processing /home/airflow/dags/data_merge_dag.py took 0.433 seconds
[2026-04-22T20:19:00.240+0000] {processor.py:161} INFO - Started process (PID=1046) to work on /home/airflow/dags/data_merge_dag.py
[2026-04-22T20:19:00.242+0000] {processor.py:830} INFO - Processing file /home/airflow/dags/data_merge_dag.py for tasks to queue
[2026-04-22T20:19:00.243+0000] {logging_mixin.py:188} INFO - [2026-04-22T20:19:00.242+0000] {dagbag.py:538} INFO - Filling up the DagBag from /home/airflow/dags/data_merge_dag.py
[2026-04-22T20:19:00.528+0000] {processor.py:840} INFO - DAG(s) 'data_merge_pipeline' retrieved from /home/airflow/dags/data_merge_dag.py
[2026-04-22T20:19:00.565+0000] {logging_mixin.py:188} INFO - [2026-04-22T20:19:00.563+0000] {dag.py:3036} INFO - Sync 1 DAGs
[2026-04-22T20:19:00.596+0000] {logging_mixin.py:188} INFO - [2026-04-22T20:19:00.595+0000] {dag.py:3823} INFO - Setting next_dagrun for data_merge_pipeline to 2026-04-26 00:00:00+00:00, run_after=2026-05-03 00:00:00+00:00
[2026-04-22T20:19:00.624+0000] {processor.py:183} INFO - Processing /home/airflow/dags/data_merge_dag.py took 0.388 seconds
[2026-04-22T20:19:30.829+0000] {processor.py:161} INFO - Started process (PID=1052) to work on /home/airflow/dags/data_merge_dag.py
[2026-04-22T20:19:30.831+0000] {processor.py:830} INFO - Processing file /home/airflow/dags/data_merge_dag.py for tasks to queue
[2026-04-22T20:19:30.832+0000] {logging_mixin.py:188} INFO - [2026-04-22T20:19:30.831+0000] {dagbag.py:538} INFO - Filling up the DagBag from /home/airflow/dags/data_merge_dag.py
[2026-04-22T20:19:31.059+0000] {processor.py:840} INFO - DAG(s) 'data_merge_pipeline' retrieved from /home/airflow/dags/data_merge_dag.py
[2026-04-22T20:19:31.081+0000] {logging_mixin.py:188} INFO - [2026-04-22T20:19:31.081+0000] {dag.py:3036} INFO - Sync 1 DAGs
[2026-04-22T20:19:31.100+0000] {logging_mixin.py:188} INFO - [2026-04-22T20:19:31.100+0000] {dag.py:3823} INFO - Setting next_dagrun for data_merge_pipeline to 2026-04-26 00:00:00+00:00, run_after=2026-05-03 00:00:00+00:00
[2026-04-22T20:19:31.122+0000] {processor.py:183} INFO - Processing /home/airflow/dags/data_merge_dag.py took 0.295 seconds
[2026-04-22T20:20:01.333+0000] {processor.py:161} INFO - Started process (PID=1058) to work on /home/airflow/dags/data_merge_dag.py
[2026-04-22T20:20:01.334+0000] {processor.py:830} INFO - Processing file /home/airflow/dags/data_merge_dag.py for tasks to queue
[2026-04-22T20:20:01.335+0000] {logging_mixin.py:188} INFO - [2026-04-22T20:20:01.334+0000] {dagbag.py:538} INFO - Filling up the DagBag from /home/airflow/dags/data_merge_dag.py
[2026-04-22T20:20:01.649+0000] {processor.py:840} INFO - DAG(s) 'data_merge_pipeline' retrieved from /home/airflow/dags/data_merge_dag.py
[2026-04-22T20:20:01.680+0000] {logging_mixin.py:188} INFO - [2026-04-22T20:20:01.680+0000] {dag.py:3036} INFO - Sync 1 DAGs
[2026-04-22T20:20:01.709+0000] {logging_mixin.py:188} INFO - [2026-04-22T20:20:01.709+0000] {dag.py:3823} INFO - Setting next_dagrun for data_merge_pipeline to 2026-04-26 00:00:00+00:00, run_after=2026-05-03 00:00:00+00:00
[2026-04-22T20:20:01.735+0000] {processor.py:183} INFO - Processing /home/airflow/dags/data_merge_dag.py took 0.406 seconds
[2026-04-22T20:20:31.954+0000] {processor.py:161} INFO - Started process (PID=1064) to work on /home/airflow/dags/data_merge_dag.py
[2026-04-22T20:20:31.956+0000] {processor.py:830} INFO - Processing file /home/airflow/dags/data_merge_dag.py for tasks to queue
[2026-04-22T20:20:31.958+0000] {logging_mixin.py:188} INFO - [2026-04-22T20:20:31.957+0000] {dagbag.py:538} INFO - Filling up the DagBag from /home/airflow/dags/data_merge_dag.py
[2026-04-22T20:20:32.281+0000] {processor.py:840} INFO - DAG(s) 'data_merge_pipeline' retrieved from /home/airflow/dags/data_merge_dag.py
[2026-04-22T20:20:32.306+0000] {logging_mixin.py:188} INFO - [2026-04-22T20:20:32.305+0000] {dag.py:3036} INFO - Sync 1 DAGs
[2026-04-22T20:20:32.326+0000] {logging_mixin.py:188} INFO - [2026-04-22T20:20:32.326+0000] {dag.py:3823} INFO - Setting next_dagrun for data_merge_pipeline to 2026-04-26 00:00:00+00:00, run_after=2026-05-03 00:00:00+00:00
[2026-04-22T20:20:32.350+0000] {processor.py:183} INFO - Processing /home/airflow/dags/data_merge_dag.py took 0.403 seconds
[2026-04-22T20:21:02.565+0000] {processor.py:161} INFO - Started process (PID=1070) to work on /home/airflow/dags/data_merge_dag.py
[2026-04-22T20:21:02.566+0000] {processor.py:830} INFO - Processing file /home/airflow/dags/data_merge_dag.py for tasks to queue
[2026-04-22T20:21:02.567+0000] {logging_mixin.py:188} INFO - [2026-04-22T20:21:02.567+0000] {dagbag.py:538} INFO - Filling up the DagBag from /home/airflow/dags/data_merge_dag.py
[2026-04-22T20:21:02.800+0000] {processor.py:840} INFO - DAG(s) 'data_merge_pipeline' retrieved from /home/airflow/dags/data_merge_dag.py
[2026-04-22T20:21:02.824+0000] {logging_mixin.py:188} INFO - [2026-04-22T20:21:02.823+0000] {dag.py:3036} INFO - Sync 1 DAGs
[2026-04-22T20:21:02.842+0000] {logging_mixin.py:188} INFO - [2026-04-22T20:21:02.842+0000] {dag.py:3823} INFO - Setting next_dagrun for data_merge_pipeline to 2026-04-26 00:00:00+00:00, run_after=2026-05-03 00:00:00+00:00
[2026-04-22T20:21:02.862+0000] {processor.py:183} INFO - Processing /home/airflow/dags/data_merge_dag.py took 0.301 seconds
[2026-04-22T20:21:33.097+0000] {processor.py:161} INFO - Started process (PID=1076) to work on /home/airflow/dags/data_merge_dag.py
[2026-04-22T20:21:33.098+0000] {processor.py:830} INFO - Processing file /home/airflow/dags/data_merge_dag.py for tasks to queue
[2026-04-22T20:21:33.099+0000] {logging_mixin.py:188} INFO - [2026-04-22T20:21:33.099+0000] {dagbag.py:538} INFO - Filling up the DagBag from /home/airflow/dags/data_merge_dag.py
[2026-04-22T20:21:33.327+0000] {processor.py:840} INFO - DAG(s) 'data_merge_pipeline' retrieved from /home/airflow/dags/data_merge_dag.py
[2026-04-22T20:21:33.350+0000] {logging_mixin.py:188} INFO - [2026-04-22T20:21:33.349+0000] {dag.py:3036} INFO - Sync 1 DAGs
[2026-04-22T20:21:33.369+0000] {logging_mixin.py:188} INFO - [2026-04-22T20:21:33.369+0000] {dag.py:3823} INFO - Setting next_dagrun for data_merge_pipeline to 2026-04-26 00:00:00+00:00, run_after=2026-05-03 00:00:00+00:00
[2026-04-22T20:21:33.391+0000] {processor.py:183} INFO - Processing /home/airflow/dags/data_merge_dag.py took 0.297 seconds
[2026-04-22T20:22:03.599+0000] {processor.py:161} INFO - Started process (PID=1082) to work on /home/airflow/dags/data_merge_dag.py
[2026-04-22T20:22:03.600+0000] {processor.py:830} INFO - Processing file /home/airflow/dags/data_merge_dag.py for tasks to queue
[2026-04-22T20:22:03.601+0000] {logging_mixin.py:188} INFO - [2026-04-22T20:22:03.601+0000] {dagbag.py:538} INFO - Filling up the DagBag from /home/airflow/dags/data_merge_dag.py
[2026-04-22T20:22:03.839+0000] {processor.py:840} INFO - DAG(s) 'data_merge_pipeline' retrieved from /home/airflow/dags/data_merge_dag.py
[2026-04-22T20:22:03.863+0000] {logging_mixin.py:188} INFO - [2026-04-22T20:22:03.862+0000] {dag.py:3036} INFO - Sync 1 DAGs
[2026-04-22T20:22:03.881+0000] {logging_mixin.py:188} INFO - [2026-04-22T20:22:03.881+0000] {dag.py:3823} INFO - Setting next_dagrun for data_merge_pipeline to 2026-04-26 00:00:00+00:00, run_after=2026-05-03 00:00:00+00:00
[2026-04-22T20:22:03.905+0000] {processor.py:183} INFO - Processing /home/airflow/dags/data_merge_dag.py took 0.310 seconds
[2026-04-22T20:22:34.106+0000] {processor.py:161} INFO - Started process (PID=1088) to work on /home/airflow/dags/data_merge_dag.py
[2026-04-22T20:22:34.107+0000] {processor.py:830} INFO - Processing file /home/airflow/dags/data_merge_dag.py for tasks to queue
[2026-04-22T20:22:34.108+0000] {logging_mixin.py:188} INFO - [2026-04-22T20:22:34.108+0000] {dagbag.py:538} INFO - Filling up the DagBag from /home/airflow/dags/data_merge_dag.py
[2026-04-22T20:22:34.339+0000] {processor.py:840} INFO - DAG(s) 'data_merge_pipeline' retrieved from /home/airflow/dags/data_merge_dag.py
[2026-04-22T20:22:34.363+0000] {logging_mixin.py:188} INFO - [2026-04-22T20:22:34.362+0000] {dag.py:3036} INFO - Sync 1 DAGs
[2026-04-22T20:22:34.382+0000] {logging_mixin.py:188} INFO - [2026-04-22T20:22:34.382+0000] {dag.py:3823} INFO - Setting next_dagrun for data_merge_pipeline to 2026-04-26 00:00:00+00:00, run_after=2026-05-03 00:00:00+00:00
[2026-04-22T20:22:34.406+0000] {processor.py:183} INFO - Processing /home/airflow/dags/data_merge_dag.py took 0.303 seconds
[2026-04-22T20:23:04.613+0000] {processor.py:161} INFO - Started process (PID=1094) to work on /home/airflow/dags/data_merge_dag.py
[2026-04-22T20:23:04.614+0000] {processor.py:830} INFO - Processing file /home/airflow/dags/data_merge_dag.py for tasks to queue
[2026-04-22T20:23:04.615+0000] {logging_mixin.py:188} INFO - [2026-04-22T20:23:04.615+0000] {dagbag.py:538} INFO - Filling up the DagBag from /home/airflow/dags/data_merge_dag.py
[2026-04-22T20:23:04.832+0000] {processor.py:840} INFO - DAG(s) 'data_merge_pipeline' retrieved from /home/airflow/dags/data_merge_dag.py
[2026-04-22T20:23:04.854+0000] {logging_mixin.py:188} INFO - [2026-04-22T20:23:04.853+0000] {dag.py:3036} INFO - Sync 1 DAGs
[2026-04-22T20:23:04.872+0000] {logging_mixin.py:188} INFO - [2026-04-22T20:23:04.871+0000] {dag.py:3823} INFO - Setting next_dagrun for data_merge_pipeline to 2026-04-26 00:00:00+00:00, run_after=2026-05-03 00:00:00+00:00
[2026-04-22T20:23:04.893+0000] {processor.py:183} INFO - Processing /home/airflow/dags/data_merge_dag.py took 0.284 seconds
[2026-04-22T20:23:35.102+0000] {processor.py:161} INFO - Started process (PID=1100) to work on /home/airflow/dags/data_merge_dag.py
[2026-04-22T20:23:35.103+0000] {processor.py:830} INFO - Processing file /home/airflow/dags/data_merge_dag.py for tasks to queue
[2026-04-22T20:23:35.104+0000] {logging_mixin.py:188} INFO - [2026-04-22T20:23:35.104+0000] {dagbag.py:538} INFO - Filling up the DagBag from /home/airflow/dags/data_merge_dag.py
[2026-04-22T20:23:35.345+0000] {processor.py:840} INFO - DAG(s) 'data_merge_pipeline' retrieved from /home/airflow/dags/data_merge_dag.py
[2026-04-22T20:23:35.371+0000] {logging_mixin.py:188} INFO - [2026-04-22T20:23:35.371+0000] {dag.py:3036} INFO - Sync 1 DAGs
[2026-04-22T20:23:35.391+0000] {logging_mixin.py:188} INFO - [2026-04-22T20:23:35.391+0000] {dag.py:3823} INFO - Setting next_dagrun for data_merge_pipeline to 2026-04-26 00:00:00+00:00, run_after=2026-05-03 00:00:00+00:00
[2026-04-22T20:23:35.413+0000] {processor.py:183} INFO - Processing /home/airflow/dags/data_merge_dag.py took 0.316 seconds
[2026-04-22T20:24:05.622+0000] {processor.py:161} INFO - Started process (PID=1106) to work on /home/airflow/dags/data_merge_dag.py
[2026-04-22T20:24:05.624+0000] {processor.py:830} INFO - Processing file /home/airflow/dags/data_merge_dag.py for tasks to queue
[2026-04-22T20:24:05.625+0000] {logging_mixin.py:188} INFO - [2026-04-22T20:24:05.625+0000] {dagbag.py:538} INFO - Filling up the DagBag from /home/airflow/dags/data_merge_dag.py
[2026-04-22T20:24:05.899+0000] {processor.py:840} INFO - DAG(s) 'data_merge_pipeline' retrieved from /home/airflow/dags/data_merge_dag.py
[2026-04-22T20:24:05.925+0000] {logging_mixin.py:188} INFO - [2026-04-22T20:24:05.924+0000] {dag.py:3036} INFO - Sync 1 DAGs
[2026-04-22T20:24:05.946+0000] {logging_mixin.py:188} INFO - [2026-04-22T20:24:05.945+0000] {dag.py:3823} INFO - Setting next_dagrun for data_merge_pipeline to 2026-04-26 00:00:00+00:00, run_after=2026-05-03 00:00:00+00:00
[2026-04-22T20:24:05.968+0000] {processor.py:183} INFO - Processing /home/airflow/dags/data_merge_dag.py took 0.351 seconds
[2026-04-22T20:24:36.172+0000] {processor.py:161} INFO - Started process (PID=1112) to work on /home/airflow/dags/data_merge_dag.py
[2026-04-22T20:24:36.173+0000] {processor.py:830} INFO - Processing file /home/airflow/dags/data_merge_dag.py for tasks to queue
[2026-04-22T20:24:36.175+0000] {logging_mixin.py:188} INFO - [2026-04-22T20:24:36.174+0000] {dagbag.py:538} INFO - Filling up the DagBag from /home/airflow/dags/data_merge_dag.py
[2026-04-22T20:24:36.486+0000] {processor.py:840} INFO - DAG(s) 'data_merge_pipeline' retrieved from /home/airflow/dags/data_merge_dag.py
[2026-04-22T20:24:36.516+0000] {logging_mixin.py:188} INFO - [2026-04-22T20:24:36.515+0000] {dag.py:3036} INFO - Sync 1 DAGs
[2026-04-22T20:24:36.537+0000] {logging_mixin.py:188} INFO - [2026-04-22T20:24:36.537+0000] {dag.py:3823} INFO - Setting next_dagrun for data_merge_pipeline to 2026-04-26 00:00:00+00:00, run_after=2026-05-03 00:00:00+00:00
[2026-04-22T20:24:36.559+0000] {processor.py:183} INFO - Processing /home/airflow/dags/data_merge_dag.py took 0.392 seconds
[2026-04-22T20:25:06.771+0000] {processor.py:161} INFO - Started process (PID=1118) to work on /home/airflow/dags/data_merge_dag.py
[2026-04-22T20:25:06.772+0000] {processor.py:830} INFO - Processing file /home/airflow/dags/data_merge_dag.py for tasks to queue
[2026-04-22T20:25:06.774+0000] {logging_mixin.py:188} INFO - [2026-04-22T20:25:06.773+0000] {dagbag.py:538} INFO - Filling up the DagBag from /home/airflow/dags/data_merge_dag.py
[2026-04-22T20:25:07.114+0000] {processor.py:840} INFO - DAG(s) 'data_merge_pipeline' retrieved from /home/airflow/dags/data_merge_dag.py
[2026-04-22T20:25:07.141+0000] {logging_mixin.py:188} INFO - [2026-04-22T20:25:07.141+0000] {dag.py:3036} INFO - Sync 1 DAGs
[2026-04-22T20:25:07.162+0000] {logging_mixin.py:188} INFO - [2026-04-22T20:25:07.162+0000] {dag.py:3823} INFO - Setting next_dagrun for data_merge_pipeline to 2026-04-26 00:00:00+00:00, run_after=2026-05-03 00:00:00+00:00
[2026-04-22T20:25:07.181+0000] {processor.py:183} INFO - Processing /home/airflow/dags/data_merge_dag.py took 0.415 seconds
[2026-04-22T20:25:37.397+0000] {processor.py:161} INFO - Started process (PID=1124) to work on /home/airflow/dags/data_merge_dag.py
[2026-04-22T20:25:37.398+0000] {processor.py:830} INFO - Processing file /home/airflow/dags/data_merge_dag.py for tasks to queue
[2026-04-22T20:25:37.399+0000] {logging_mixin.py:188} INFO - [2026-04-22T20:25:37.399+0000] {dagbag.py:538} INFO - Filling up the DagBag from /home/airflow/dags/data_merge_dag.py
[2026-04-22T20:25:37.641+0000] {processor.py:840} INFO - DAG(s) 'data_merge_pipeline' retrieved from /home/airflow/dags/data_merge_dag.py
[2026-04-22T20:25:37.666+0000] {logging_mixin.py:188} INFO - [2026-04-22T20:25:37.665+0000] {dag.py:3036} INFO - Sync 1 DAGs
[2026-04-22T20:25:37.685+0000] {logging_mixin.py:188} INFO - [2026-04-22T20:25:37.685+0000] {dag.py:3823} INFO - Setting next_dagrun for data_merge_pipeline to 2026-04-26 00:00:00+00:00, run_after=2026-05-03 00:00:00+00:00
[2026-04-22T20:25:37.705+0000] {processor.py:183} INFO - Processing /home/airflow/dags/data_merge_dag.py took 0.312 seconds
[2026-04-22T20:26:07.907+0000] {processor.py:161} INFO - Started process (PID=1130) to work on /home/airflow/dags/data_merge_dag.py
[2026-04-22T20:26:07.909+0000] {processor.py:830} INFO - Processing file /home/airflow/dags/data_merge_dag.py for tasks to queue
[2026-04-22T20:26:07.910+0000] {logging_mixin.py:188} INFO - [2026-04-22T20:26:07.909+0000] {dagbag.py:538} INFO - Filling up the DagBag from /home/airflow/dags/data_merge_dag.py
[2026-04-22T20:26:08.182+0000] {processor.py:840} INFO - DAG(s) 'data_merge_pipeline' retrieved from /home/airflow/dags/data_merge_dag.py
[2026-04-22T20:26:08.208+0000] {logging_mixin.py:188} INFO - [2026-04-22T20:26:08.207+0000] {dag.py:3036} INFO - Sync 1 DAGs
[2026-04-22T20:26:08.228+0000] {logging_mixin.py:188} INFO - [2026-04-22T20:26:08.228+0000] {dag.py:3823} INFO - Setting next_dagrun for data_merge_pipeline to 2026-04-26 00:00:00+00:00, run_after=2026-05-03 00:00:00+00:00
[2026-04-22T20:26:08.249+0000] {processor.py:183} INFO - Processing /home/airflow/dags/data_merge_dag.py took 0.346 seconds
[2026-04-22T20:26:38.498+0000] {processor.py:161} INFO - Started process (PID=1136) to work on /home/airflow/dags/data_merge_dag.py
[2026-04-22T20:26:38.499+0000] {processor.py:830} INFO - Processing file /home/airflow/dags/data_merge_dag.py for tasks to queue
[2026-04-22T20:26:38.500+0000] {logging_mixin.py:188} INFO - [2026-04-22T20:26:38.500+0000] {dagbag.py:538} INFO - Filling up the DagBag from /home/airflow/dags/data_merge_dag.py
[2026-04-22T20:26:38.771+0000] {processor.py:840} INFO - DAG(s) 'data_merge_pipeline' retrieved from /home/airflow/dags/data_merge_dag.py
[2026-04-22T20:26:38.799+0000] {logging_mixin.py:188} INFO - [2026-04-22T20:26:38.799+0000] {dag.py:3036} INFO - Sync 1 DAGs
[2026-04-22T20:26:38.824+0000] {logging_mixin.py:188} INFO - [2026-04-22T20:26:38.824+0000] {dag.py:3823} INFO - Setting next_dagrun for data_merge_pipeline to 2026-04-26 00:00:00+00:00, run_after=2026-05-03 00:00:00+00:00
[2026-04-22T20:26:38.848+0000] {processor.py:183} INFO - Processing /home/airflow/dags/data_merge_dag.py took 0.354 seconds
[2026-04-22T20:27:09.059+0000] {processor.py:161} INFO - Started process (PID=1142) to work on /home/airflow/dags/data_merge_dag.py
[2026-04-22T20:27:09.060+0000] {processor.py:830} INFO - Processing file /home/airflow/dags/data_merge_dag.py for tasks to queue
[2026-04-22T20:27:09.062+0000] {logging_mixin.py:188} INFO - [2026-04-22T20:27:09.061+0000] {dagbag.py:538} INFO - Filling up the DagBag from /home/airflow/dags/data_merge_dag.py
[2026-04-22T20:27:09.325+0000] {processor.py:840} INFO - DAG(s) 'data_merge_pipeline' retrieved from /home/airflow/dags/data_merge_dag.py
[2026-04-22T20:27:09.349+0000] {logging_mixin.py:188} INFO - [2026-04-22T20:27:09.349+0000] {dag.py:3036} INFO - Sync 1 DAGs
[2026-04-22T20:27:09.367+0000] {logging_mixin.py:188} INFO - [2026-04-22T20:27:09.367+0000] {dag.py:3823} INFO - Setting next_dagrun for data_merge_pipeline to 2026-04-26 00:00:00+00:00, run_after=2026-05-03 00:00:00+00:00
[2026-04-22T20:27:09.386+0000] {processor.py:183} INFO - Processing /home/airflow/dags/data_merge_dag.py took 0.331 seconds
[2026-04-22T20:27:39.594+0000] {processor.py:161} INFO - Started process (PID=1148) to work on /home/airflow/dags/data_merge_dag.py
[2026-04-22T20:27:39.595+0000] {processor.py:830} INFO - Processing file /home/airflow/dags/data_merge_dag.py for tasks to queue
[2026-04-22T20:27:39.597+0000] {logging_mixin.py:188} INFO - [2026-04-22T20:27:39.596+0000] {dagbag.py:538} INFO - Filling up the DagBag from /home/airflow/dags/data_merge_dag.py
[2026-04-22T20:27:39.840+0000] {processor.py:840} INFO - DAG(s) 'data_merge_pipeline' retrieved from /home/airflow/dags/data_merge_dag.py
[2026-04-22T20:27:39.867+0000] {logging_mixin.py:188} INFO - [2026-04-22T20:27:39.866+0000] {dag.py:3036} INFO - Sync 1 DAGs
[2026-04-22T20:27:39.888+0000] {logging_mixin.py:188} INFO - [2026-04-22T20:27:39.888+0000] {dag.py:3823} INFO - Setting next_dagrun for data_merge_pipeline to 2026-04-26 00:00:00+00:00, run_after=2026-05-03 00:00:00+00:00
[2026-04-22T20:27:39.909+0000] {processor.py:183} INFO - Processing /home/airflow/dags/data_merge_dag.py took 0.318 seconds
[2026-04-22T20:28:10.113+0000] {processor.py:161} INFO - Started process (PID=1154) to work on /home/airflow/dags/data_merge_dag.py
[2026-04-22T20:28:10.115+0000] {processor.py:830} INFO - Processing file /home/airflow/dags/data_merge_dag.py for tasks to queue
[2026-04-22T20:28:10.116+0000] {logging_mixin.py:188} INFO - [2026-04-22T20:28:10.116+0000] {dagbag.py:538} INFO - Filling up the DagBag from /home/airflow/dags/data_merge_dag.py
[2026-04-22T20:28:10.456+0000] {processor.py:840} INFO - DAG(s) 'data_merge_pipeline' retrieved from /home/airflow/dags/data_merge_dag.py
[2026-04-22T20:28:10.482+0000] {logging_mixin.py:188} INFO - [2026-04-22T20:28:10.481+0000] {dag.py:3036} INFO - Sync 1 DAGs
[2026-04-22T20:28:10.502+0000] {logging_mixin.py:188} INFO - [2026-04-22T20:28:10.502+0000] {dag.py:3823} INFO - Setting next_dagrun for data_merge_pipeline to 2026-04-26 00:00:00+00:00, run_after=2026-05-03 00:00:00+00:00
[2026-04-22T20:28:10.527+0000] {processor.py:183} INFO - Processing /home/airflow/dags/data_merge_dag.py took 0.419 seconds
[2026-04-22T20:28:40.964+0000] {processor.py:161} INFO - Started process (PID=1160) to work on /home/airflow/dags/data_merge_dag.py
[2026-04-22T20:28:40.966+0000] {processor.py:830} INFO - Processing file /home/airflow/dags/data_merge_dag.py for tasks to queue
[2026-04-22T20:28:40.967+0000] {logging_mixin.py:188} INFO - [2026-04-22T20:28:40.967+0000] {dagbag.py:538} INFO - Filling up the DagBag from /home/airflow/dags/data_merge_dag.py
[2026-04-22T20:28:41.345+0000] {processor.py:840} INFO - DAG(s) 'data_merge_pipeline' retrieved from /home/airflow/dags/data_merge_dag.py
[2026-04-22T20:28:41.381+0000] {logging_mixin.py:188} INFO - [2026-04-22T20:28:41.380+0000] {dag.py:3036} INFO - Sync 1 DAGs
[2026-04-22T20:28:41.423+0000] {logging_mixin.py:188} INFO - [2026-04-22T20:28:41.423+0000] {dag.py:3823} INFO - Setting next_dagrun for data_merge_pipeline to 2026-04-26 00:00:00+00:00, run_after=2026-05-03 00:00:00+00:00
[2026-04-22T20:28:41.460+0000] {processor.py:183} INFO - Processing /home/airflow/dags/data_merge_dag.py took 0.501 seconds
[2026-04-22T20:39:04.245+0000] {processor.py:161} INFO - Started process (PID=1166) to work on /home/airflow/dags/data_merge_dag.py
[2026-04-22T20:39:04.250+0000] {processor.py:830} INFO - Processing file /home/airflow/dags/data_merge_dag.py for tasks to queue
[2026-04-22T20:39:04.257+0000] {logging_mixin.py:188} INFO - [2026-04-22T20:39:04.257+0000] {dagbag.py:538} INFO - Filling up the DagBag from /home/airflow/dags/data_merge_dag.py
[2026-04-22T20:39:05.939+0000] {processor.py:840} INFO - DAG(s) 'data_merge_pipeline' retrieved from /home/airflow/dags/data_merge_dag.py
[2026-04-22T20:39:06.201+0000] {logging_mixin.py:188} INFO - [2026-04-22T20:39:06.200+0000] {dag.py:3036} INFO - Sync 1 DAGs
[2026-04-22T20:39:06.296+0000] {logging_mixin.py:188} INFO - [2026-04-22T20:39:06.295+0000] {dag.py:3823} INFO - Setting next_dagrun for data_merge_pipeline to 2026-04-26 00:00:00+00:00, run_after=2026-05-03 00:00:00+00:00
[2026-04-22T20:39:06.398+0000] {processor.py:183} INFO - Processing /home/airflow/dags/data_merge_dag.py took 2.235 seconds
[2026-04-22T20:39:36.716+0000] {processor.py:161} INFO - Started process (PID=1174) to work on /home/airflow/dags/data_merge_dag.py
[2026-04-22T20:39:36.717+0000] {processor.py:830} INFO - Processing file /home/airflow/dags/data_merge_dag.py for tasks to queue
[2026-04-22T20:39:36.718+0000] {logging_mixin.py:188} INFO - [2026-04-22T20:39:36.718+0000] {dagbag.py:538} INFO - Filling up the DagBag from /home/airflow/dags/data_merge_dag.py
[2026-04-22T20:39:37.167+0000] {processor.py:840} INFO - DAG(s) 'data_merge_pipeline' retrieved from /home/airflow/dags/data_merge_dag.py
[2026-04-22T20:39:37.250+0000] {logging_mixin.py:188} INFO - [2026-04-22T20:39:37.249+0000] {dag.py:3036} INFO - Sync 1 DAGs
[2026-04-22T20:39:37.308+0000] {logging_mixin.py:188} INFO - [2026-04-22T20:39:37.308+0000] {dag.py:3823} INFO - Setting next_dagrun for data_merge_pipeline to 2026-04-26 00:00:00+00:00, run_after=2026-05-03 00:00:00+00:00
[2026-04-22T20:39:37.348+0000] {processor.py:183} INFO - Processing /home/airflow/dags/data_merge_dag.py took 0.635 seconds
[2026-04-22T20:40:07.558+0000] {processor.py:161} INFO - Started process (PID=1180) to work on /home/airflow/dags/data_merge_dag.py
[2026-04-22T20:40:07.559+0000] {processor.py:830} INFO - Processing file /home/airflow/dags/data_merge_dag.py for tasks to queue
[2026-04-22T20:40:07.560+0000] {logging_mixin.py:188} INFO - [2026-04-22T20:40:07.559+0000] {dagbag.py:538} INFO - Filling up the DagBag from /home/airflow/dags/data_merge_dag.py
[2026-04-22T20:40:07.966+0000] {processor.py:840} INFO - DAG(s) 'data_merge_pipeline' retrieved from /home/airflow/dags/data_merge_dag.py
[2026-04-22T20:40:08.037+0000] {logging_mixin.py:188} INFO - [2026-04-22T20:40:08.036+0000] {dag.py:3036} INFO - Sync 1 DAGs
[2026-04-22T20:40:08.067+0000] {logging_mixin.py:188} INFO - [2026-04-22T20:40:08.067+0000] {dag.py:3823} INFO - Setting next_dagrun for data_merge_pipeline to 2026-04-26 00:00:00+00:00, run_after=2026-05-03 00:00:00+00:00
[2026-04-22T20:40:08.089+0000] {processor.py:183} INFO - Processing /home/airflow/dags/data_merge_dag.py took 0.534 seconds
[2026-04-22T20:40:38.321+0000] {processor.py:161} INFO - Started process (PID=1186) to work on /home/airflow/dags/data_merge_dag.py
[2026-04-22T20:40:38.323+0000] {processor.py:830} INFO - Processing file /home/airflow/dags/data_merge_dag.py for tasks to queue
[2026-04-22T20:40:38.324+0000] {logging_mixin.py:188} INFO - [2026-04-22T20:40:38.324+0000] {dagbag.py:538} INFO - Filling up the DagBag from /home/airflow/dags/data_merge_dag.py
[2026-04-22T20:40:38.708+0000] {processor.py:840} INFO - DAG(s) 'data_merge_pipeline' retrieved from /home/airflow/dags/data_merge_dag.py
[2026-04-22T20:40:38.738+0000] {logging_mixin.py:188} INFO - [2026-04-22T20:40:38.738+0000] {dag.py:3036} INFO - Sync 1 DAGs
[2026-04-22T20:40:38.762+0000] {logging_mixin.py:188} INFO - [2026-04-22T20:40:38.762+0000] {dag.py:3823} INFO - Setting next_dagrun for data_merge_pipeline to 2026-04-26 00:00:00+00:00, run_after=2026-05-03 00:00:00+00:00
[2026-04-22T20:40:38.788+0000] {processor.py:183} INFO - Processing /home/airflow/dags/data_merge_dag.py took 0.472 seconds
[2026-04-22T20:41:08.937+0000] {processor.py:161} INFO - Started process (PID=1192) to work on /home/airflow/dags/data_merge_dag.py
[2026-04-22T20:41:08.939+0000] {processor.py:830} INFO - Processing file /home/airflow/dags/data_merge_dag.py for tasks to queue
[2026-04-22T20:41:08.940+0000] {logging_mixin.py:188} INFO - [2026-04-22T20:41:08.940+0000] {dagbag.py:538} INFO - Filling up the DagBag from /home/airflow/dags/data_merge_dag.py
[2026-04-22T20:41:09.212+0000] {processor.py:840} INFO - DAG(s) 'data_merge_pipeline' retrieved from /home/airflow/dags/data_merge_dag.py
[2026-04-22T20:41:09.237+0000] {logging_mixin.py:188} INFO - [2026-04-22T20:41:09.236+0000] {dag.py:3036} INFO - Sync 1 DAGs
[2026-04-22T20:41:09.257+0000] {logging_mixin.py:188} INFO - [2026-04-22T20:41:09.256+0000] {dag.py:3823} INFO - Setting next_dagrun for data_merge_pipeline to 2026-04-26 00:00:00+00:00, run_after=2026-05-03 00:00:00+00:00
[2026-04-22T20:41:09.280+0000] {processor.py:183} INFO - Processing /home/airflow/dags/data_merge_dag.py took 0.347 seconds
[2026-04-22T20:41:39.493+0000] {processor.py:161} INFO - Started process (PID=1198) to work on /home/airflow/dags/data_merge_dag.py
[2026-04-22T20:41:39.495+0000] {processor.py:830} INFO - Processing file /home/airflow/dags/data_merge_dag.py for tasks to queue
[2026-04-22T20:41:39.497+0000] {logging_mixin.py:188} INFO - [2026-04-22T20:41:39.496+0000] {dagbag.py:538} INFO - Filling up the DagBag from /home/airflow/dags/data_merge_dag.py
[2026-04-22T20:41:39.846+0000] {processor.py:840} INFO - DAG(s) 'data_merge_pipeline' retrieved from /home/airflow/dags/data_merge_dag.py
[2026-04-22T20:41:39.895+0000] {logging_mixin.py:188} INFO - [2026-04-22T20:41:39.894+0000] {dag.py:3036} INFO - Sync 1 DAGs
[2026-04-22T20:41:39.944+0000] {logging_mixin.py:188} INFO - [2026-04-22T20:41:39.944+0000] {dag.py:3823} INFO - Setting next_dagrun for data_merge_pipeline to 2026-04-26 00:00:00+00:00, run_after=2026-05-03 00:00:00+00:00
[2026-04-22T20:41:39.994+0000] {processor.py:183} INFO - Processing /home/airflow/dags/data_merge_dag.py took 0.507 seconds
[2026-04-22T20:42:10.245+0000] {processor.py:161} INFO - Started process (PID=1204) to work on /home/airflow/dags/data_merge_dag.py
[2026-04-22T20:42:10.247+0000] {processor.py:830} INFO - Processing file /home/airflow/dags/data_merge_dag.py for tasks to queue
[2026-04-22T20:42:10.248+0000] {logging_mixin.py:188} INFO - [2026-04-22T20:42:10.248+0000] {dagbag.py:538} INFO - Filling up the DagBag from /home/airflow/dags/data_merge_dag.py
[2026-04-22T20:42:10.586+0000] {processor.py:840} INFO - DAG(s) 'data_merge_pipeline' retrieved from /home/airflow/dags/data_merge_dag.py
[2026-04-22T20:42:10.611+0000] {logging_mixin.py:188} INFO - [2026-04-22T20:42:10.610+0000] {dag.py:3036} INFO - Sync 1 DAGs
[2026-04-22T20:42:10.634+0000] {logging_mixin.py:188} INFO - [2026-04-22T20:42:10.634+0000] {dag.py:3823} INFO - Setting next_dagrun for data_merge_pipeline to 2026-04-26 00:00:00+00:00, run_after=2026-05-03 00:00:00+00:00
[2026-04-22T20:42:10.658+0000] {processor.py:183} INFO - Processing /home/airflow/dags/data_merge_dag.py took 0.417 seconds
[2026-04-22T20:42:40.879+0000] {processor.py:161} INFO - Started process (PID=1210) to work on /home/airflow/dags/data_merge_dag.py
[2026-04-22T20:42:40.880+0000] {processor.py:830} INFO - Processing file /home/airflow/dags/data_merge_dag.py for tasks to queue
[2026-04-22T20:42:40.881+0000] {logging_mixin.py:188} INFO - [2026-04-22T20:42:40.881+0000] {dagbag.py:538} INFO - Filling up the DagBag from /home/airflow/dags/data_merge_dag.py
[2026-04-22T20:42:41.189+0000] {processor.py:840} INFO - DAG(s) 'data_merge_pipeline' retrieved from /home/airflow/dags/data_merge_dag.py
[2026-04-22T20:42:41.215+0000] {logging_mixin.py:188} INFO - [2026-04-22T20:42:41.214+0000] {dag.py:3036} INFO - Sync 1 DAGs
[2026-04-22T20:42:41.235+0000] {logging_mixin.py:188} INFO - [2026-04-22T20:42:41.235+0000] {dag.py:3823} INFO - Setting next_dagrun for data_merge_pipeline to 2026-04-26 00:00:00+00:00, run_after=2026-05-03 00:00:00+00:00
[2026-04-22T20:42:41.257+0000] {processor.py:183} INFO - Processing /home/airflow/dags/data_merge_dag.py took 0.381 seconds
[2026-04-22T20:43:11.473+0000] {processor.py:161} INFO - Started process (PID=1216) to work on /home/airflow/dags/data_merge_dag.py
[2026-04-22T20:43:11.475+0000] {processor.py:830} INFO - Processing file /home/airflow/dags/data_merge_dag.py for tasks to queue
[2026-04-22T20:43:11.476+0000] {logging_mixin.py:188} INFO - [2026-04-22T20:43:11.476+0000] {dagbag.py:538} INFO - Filling up the DagBag from /home/airflow/dags/data_merge_dag.py
[2026-04-22T20:43:11.718+0000] {processor.py:840} INFO - DAG(s) 'data_merge_pipeline' retrieved from /home/airflow/dags/data_merge_dag.py
[2026-04-22T20:43:11.744+0000] {logging_mixin.py:188} INFO - [2026-04-22T20:43:11.744+0000] {dag.py:3036} INFO - Sync 1 DAGs
[2026-04-22T20:43:11.765+0000] {logging_mixin.py:188} INFO - [2026-04-22T20:43:11.764+0000] {dag.py:3823} INFO - Setting next_dagrun for data_merge_pipeline to 2026-04-26 00:00:00+00:00, run_after=2026-05-03 00:00:00+00:00
[2026-04-22T20:43:11.786+0000] {processor.py:183} INFO - Processing /home/airflow/dags/data_merge_dag.py took 0.317 seconds
[2026-04-22T20:43:42.038+0000] {processor.py:161} INFO - Started process (PID=1222) to work on /home/airflow/dags/data_merge_dag.py
[2026-04-22T20:43:42.041+0000] {processor.py:830} INFO - Processing file /home/airflow/dags/data_merge_dag.py for tasks to queue
[2026-04-22T20:43:42.051+0000] {logging_mixin.py:188} INFO - [2026-04-22T20:43:42.050+0000] {dagbag.py:538} INFO - Filling up the DagBag from /home/airflow/dags/data_merge_dag.py
[2026-04-22T20:43:42.355+0000] {processor.py:840} INFO - DAG(s) 'data_merge_pipeline' retrieved from /home/airflow/dags/data_merge_dag.py
[2026-04-22T20:43:42.380+0000] {logging_mixin.py:188} INFO - [2026-04-22T20:43:42.380+0000] {dag.py:3036} INFO - Sync 1 DAGs
[2026-04-22T20:43:42.402+0000] {logging_mixin.py:188} INFO - [2026-04-22T20:43:42.402+0000] {dag.py:3823} INFO - Setting next_dagrun for data_merge_pipeline to 2026-04-26 00:00:00+00:00, run_after=2026-05-03 00:00:00+00:00
[2026-04-22T20:43:42.427+0000] {processor.py:183} INFO - Processing /home/airflow/dags/data_merge_dag.py took 0.394 seconds
[2026-04-22T20:44:12.687+0000] {processor.py:161} INFO - Started process (PID=1228) to work on /home/airflow/dags/data_merge_dag.py
[2026-04-22T20:44:12.688+0000] {processor.py:830} INFO - Processing file /home/airflow/dags/data_merge_dag.py for tasks to queue
[2026-04-22T20:44:12.689+0000] {logging_mixin.py:188} INFO - [2026-04-22T20:44:12.689+0000] {dagbag.py:538} INFO - Filling up the DagBag from /home/airflow/dags/data_merge_dag.py
[2026-04-22T20:44:12.920+0000] {processor.py:840} INFO - DAG(s) 'data_merge_pipeline' retrieved from /home/airflow/dags/data_merge_dag.py
[2026-04-22T20:44:12.946+0000] {logging_mixin.py:188} INFO - [2026-04-22T20:44:12.946+0000] {dag.py:3036} INFO - Sync 1 DAGs
[2026-04-22T20:44:12.967+0000] {logging_mixin.py:188} INFO - [2026-04-22T20:44:12.967+0000] {dag.py:3823} INFO - Setting next_dagrun for data_merge_pipeline to 2026-04-26 00:00:00+00:00, run_after=2026-05-03 00:00:00+00:00
[2026-04-22T20:44:12.989+0000] {processor.py:183} INFO - Processing /home/airflow/dags/data_merge_dag.py took 0.306 seconds
[2026-04-22T20:44:43.207+0000] {processor.py:161} INFO - Started process (PID=1234) to work on /home/airflow/dags/data_merge_dag.py
[2026-04-22T20:44:43.208+0000] {processor.py:830} INFO - Processing file /home/airflow/dags/data_merge_dag.py for tasks to queue
[2026-04-22T20:44:43.209+0000] {logging_mixin.py:188} INFO - [2026-04-22T20:44:43.209+0000] {dagbag.py:538} INFO - Filling up the DagBag from /home/airflow/dags/data_merge_dag.py
[2026-04-22T20:44:43.456+0000] {processor.py:840} INFO - DAG(s) 'data_merge_pipeline' retrieved from /home/airflow/dags/data_merge_dag.py
[2026-04-22T20:44:43.483+0000] {logging_mixin.py:188} INFO - [2026-04-22T20:44:43.482+0000] {dag.py:3036} INFO - Sync 1 DAGs
[2026-04-22T20:44:43.502+0000] {logging_mixin.py:188} INFO - [2026-04-22T20:44:43.502+0000] {dag.py:3823} INFO - Setting next_dagrun for data_merge_pipeline to 2026-04-26 00:00:00+00:00, run_after=2026-05-03 00:00:00+00:00
[2026-04-22T20:44:43.525+0000] {processor.py:183} INFO - Processing /home/airflow/dags/data_merge_dag.py took 0.323 seconds
[2026-04-22T20:45:13.730+0000] {processor.py:161} INFO - Started process (PID=1240) to work on /home/airflow/dags/data_merge_dag.py
[2026-04-22T20:45:13.732+0000] {processor.py:830} INFO - Processing file /home/airflow/dags/data_merge_dag.py for tasks to queue
[2026-04-22T20:45:13.733+0000] {logging_mixin.py:188} INFO - [2026-04-22T20:45:13.732+0000] {dagbag.py:538} INFO - Filling up the DagBag from /home/airflow/dags/data_merge_dag.py
[2026-04-22T20:45:13.956+0000] {processor.py:840} INFO - DAG(s) 'data_merge_pipeline' retrieved from /home/airflow/dags/data_merge_dag.py
[2026-04-22T20:45:13.981+0000] {logging_mixin.py:188} INFO - [2026-04-22T20:45:13.980+0000] {dag.py:3036} INFO - Sync 1 DAGs
[2026-04-22T20:45:14.003+0000] {logging_mixin.py:188} INFO - [2026-04-22T20:45:14.002+0000] {dag.py:3823} INFO - Setting next_dagrun for data_merge_pipeline to 2026-04-26 00:00:00+00:00, run_after=2026-05-03 00:00:00+00:00
[2026-04-22T20:45:14.023+0000] {processor.py:183} INFO - Processing /home/airflow/dags/data_merge_dag.py took 0.296 seconds
[2026-04-22T20:45:44.231+0000] {processor.py:161} INFO - Started process (PID=1246) to work on /home/airflow/dags/data_merge_dag.py
[2026-04-22T20:45:44.233+0000] {processor.py:830} INFO - Processing file /home/airflow/dags/data_merge_dag.py for tasks to queue
[2026-04-22T20:45:44.234+0000] {logging_mixin.py:188} INFO - [2026-04-22T20:45:44.233+0000] {dagbag.py:538} INFO - Filling up the DagBag from /home/airflow/dags/data_merge_dag.py
[2026-04-22T20:45:44.490+0000] {processor.py:840} INFO - DAG(s) 'data_merge_pipeline' retrieved from /home/airflow/dags/data_merge_dag.py
[2026-04-22T20:45:44.517+0000] {logging_mixin.py:188} INFO - [2026-04-22T20:45:44.516+0000] {dag.py:3036} INFO - Sync 1 DAGs
[2026-04-22T20:45:44.538+0000] {logging_mixin.py:188} INFO - [2026-04-22T20:45:44.538+0000] {dag.py:3823} INFO - Setting next_dagrun for data_merge_pipeline to 2026-04-26 00:00:00+00:00, run_after=2026-05-03 00:00:00+00:00
[2026-04-22T20:45:44.560+0000] {processor.py:183} INFO - Processing /home/airflow/dags/data_merge_dag.py took 0.334 seconds
[2026-04-22T20:46:14.774+0000] {processor.py:161} INFO - Started process (PID=1252) to work on /home/airflow/dags/data_merge_dag.py
[2026-04-22T20:46:14.775+0000] {processor.py:830} INFO - Processing file /home/airflow/dags/data_merge_dag.py for tasks to queue
[2026-04-22T20:46:14.776+0000] {logging_mixin.py:188} INFO - [2026-04-22T20:46:14.775+0000] {dagbag.py:538} INFO - Filling up the DagBag from /home/airflow/dags/data_merge_dag.py
[2026-04-22T20:46:15.011+0000] {processor.py:840} INFO - DAG(s) 'data_merge_pipeline' retrieved from /home/airflow/dags/data_merge_dag.py
[2026-04-22T20:46:15.033+0000] {logging_mixin.py:188} INFO - [2026-04-22T20:46:15.032+0000] {dag.py:3036} INFO - Sync 1 DAGs
[2026-04-22T20:46:15.051+0000] {logging_mixin.py:188} INFO - [2026-04-22T20:46:15.051+0000] {dag.py:3823} INFO - Setting next_dagrun for data_merge_pipeline to 2026-04-26 00:00:00+00:00, run_after=2026-05-03 00:00:00+00:00
[2026-04-22T20:46:15.073+0000] {processor.py:183} INFO - Processing /home/airflow/dags/data_merge_dag.py took 0.303 seconds
[2026-04-22T20:46:45.295+0000] {processor.py:161} INFO - Started process (PID=1258) to work on /home/airflow/dags/data_merge_dag.py
[2026-04-22T20:46:45.297+0000] {processor.py:830} INFO - Processing file /home/airflow/dags/data_merge_dag.py for tasks to queue
[2026-04-22T20:46:45.298+0000] {logging_mixin.py:188} INFO - [2026-04-22T20:46:45.298+0000] {dagbag.py:538} INFO - Filling up the DagBag from /home/airflow/dags/data_merge_dag.py
[2026-04-22T20:46:45.635+0000] {processor.py:840} INFO - DAG(s) 'data_merge_pipeline' retrieved from /home/airflow/dags/data_merge_dag.py
[2026-04-22T20:46:45.662+0000] {logging_mixin.py:188} INFO - [2026-04-22T20:46:45.661+0000] {dag.py:3036} INFO - Sync 1 DAGs
[2026-04-22T20:46:45.684+0000] {logging_mixin.py:188} INFO - [2026-04-22T20:46:45.683+0000] {dag.py:3823} INFO - Setting next_dagrun for data_merge_pipeline to 2026-04-26 00:00:00+00:00, run_after=2026-05-03 00:00:00+00:00
[2026-04-22T20:46:45.707+0000] {processor.py:183} INFO - Processing /home/airflow/dags/data_merge_dag.py took 0.417 seconds
[2026-04-22T20:47:15.929+0000] {processor.py:161} INFO - Started process (PID=1264) to work on /home/airflow/dags/data_merge_dag.py
[2026-04-22T20:47:15.930+0000] {processor.py:830} INFO - Processing file /home/airflow/dags/data_merge_dag.py for tasks to queue
[2026-04-22T20:47:15.932+0000] {logging_mixin.py:188} INFO - [2026-04-22T20:47:15.931+0000] {dagbag.py:538} INFO - Filling up the DagBag from /home/airflow/dags/data_merge_dag.py
[2026-04-22T20:47:16.186+0000] {processor.py:840} INFO - DAG(s) 'data_merge_pipeline' retrieved from /home/airflow/dags/data_merge_dag.py
[2026-04-22T20:47:16.212+0000] {logging_mixin.py:188} INFO - [2026-04-22T20:47:16.212+0000] {dag.py:3036} INFO - Sync 1 DAGs
[2026-04-22T20:47:16.236+0000] {logging_mixin.py:188} INFO - [2026-04-22T20:47:16.236+0000] {dag.py:3823} INFO - Setting next_dagrun for data_merge_pipeline to 2026-04-26 00:00:00+00:00, run_after=2026-05-03 00:00:00+00:00
[2026-04-22T20:47:16.261+0000] {processor.py:183} INFO - Processing /home/airflow/dags/data_merge_dag.py took 0.336 seconds
[2026-04-22T20:47:46.479+0000] {processor.py:161} INFO - Started process (PID=1270) to work on /home/airflow/dags/data_merge_dag.py
[2026-04-22T20:47:46.481+0000] {processor.py:830} INFO - Processing file /home/airflow/dags/data_merge_dag.py for tasks to queue
[2026-04-22T20:47:46.482+0000] {logging_mixin.py:188} INFO - [2026-04-22T20:47:46.482+0000] {dagbag.py:538} INFO - Filling up the DagBag from /home/airflow/dags/data_merge_dag.py
[2026-04-22T20:47:46.744+0000] {processor.py:840} INFO - DAG(s) 'data_merge_pipeline' retrieved from /home/airflow/dags/data_merge_dag.py
[2026-04-22T20:47:46.771+0000] {logging_mixin.py:188} INFO - [2026-04-22T20:47:46.771+0000] {dag.py:3036} INFO - Sync 1 DAGs
[2026-04-22T20:47:46.793+0000] {logging_mixin.py:188} INFO - [2026-04-22T20:47:46.793+0000] {dag.py:3823} INFO - Setting next_dagrun for data_merge_pipeline to 2026-04-26 00:00:00+00:00, run_after=2026-05-03 00:00:00+00:00
[2026-04-22T20:47:46.818+0000] {processor.py:183} INFO - Processing /home/airflow/dags/data_merge_dag.py took 0.342 seconds
[2026-04-22T20:48:17.034+0000] {processor.py:161} INFO - Started process (PID=1276) to work on /home/airflow/dags/data_merge_dag.py
[2026-04-22T20:48:17.036+0000] {processor.py:830} INFO - Processing file /home/airflow/dags/data_merge_dag.py for tasks to queue
[2026-04-22T20:48:17.037+0000] {logging_mixin.py:188} INFO - [2026-04-22T20:48:17.036+0000] {dagbag.py:538} INFO - Filling up the DagBag from /home/airflow/dags/data_merge_dag.py
[2026-04-22T20:48:17.285+0000] {processor.py:840} INFO - DAG(s) 'data_merge_pipeline' retrieved from /home/airflow/dags/data_merge_dag.py
[2026-04-22T20:48:17.311+0000] {logging_mixin.py:188} INFO - [2026-04-22T20:48:17.311+0000] {dag.py:3036} INFO - Sync 1 DAGs
[2026-04-22T20:48:17.331+0000] {logging_mixin.py:188} INFO - [2026-04-22T20:48:17.331+0000] {dag.py:3823} INFO - Setting next_dagrun for data_merge_pipeline to 2026-04-26 00:00:00+00:00, run_after=2026-05-03 00:00:00+00:00
[2026-04-22T20:48:17.353+0000] {processor.py:183} INFO - Processing /home/airflow/dags/data_merge_dag.py took 0.324 seconds
[2026-04-22T20:48:47.563+0000] {processor.py:161} INFO - Started process (PID=1282) to work on /home/airflow/dags/data_merge_dag.py
[2026-04-22T20:48:47.564+0000] {processor.py:830} INFO - Processing file /home/airflow/dags/data_merge_dag.py for tasks to queue
[2026-04-22T20:48:47.566+0000] {logging_mixin.py:188} INFO - [2026-04-22T20:48:47.565+0000] {dagbag.py:538} INFO - Filling up the DagBag from /home/airflow/dags/data_merge_dag.py
[2026-04-22T20:48:47.814+0000] {processor.py:840} INFO - DAG(s) 'data_merge_pipeline' retrieved from /home/airflow/dags/data_merge_dag.py
[2026-04-22T20:48:47.839+0000] {logging_mixin.py:188} INFO - [2026-04-22T20:48:47.838+0000] {dag.py:3036} INFO - Sync 1 DAGs
[2026-04-22T20:48:47.858+0000] {logging_mixin.py:188} INFO - [2026-04-22T20:48:47.858+0000] {dag.py:3823} INFO - Setting next_dagrun for data_merge_pipeline to 2026-04-26 00:00:00+00:00, run_after=2026-05-03 00:00:00+00:00
[2026-04-22T20:48:47.883+0000] {processor.py:183} INFO - Processing /home/airflow/dags/data_merge_dag.py took 0.324 seconds
[2026-04-22T20:49:18.091+0000] {processor.py:161} INFO - Started process (PID=1288) to work on /home/airflow/dags/data_merge_dag.py
[2026-04-22T20:49:18.093+0000] {processor.py:830} INFO - Processing file /home/airflow/dags/data_merge_dag.py for tasks to queue
[2026-04-22T20:49:18.094+0000] {logging_mixin.py:188} INFO - [2026-04-22T20:49:18.094+0000] {dagbag.py:538} INFO - Filling up the DagBag from /home/airflow/dags/data_merge_dag.py
[2026-04-22T20:49:18.387+0000] {processor.py:840} INFO - DAG(s) 'data_merge_pipeline' retrieved from /home/airflow/dags/data_merge_dag.py
[2026-04-22T20:49:18.410+0000] {logging_mixin.py:188} INFO - [2026-04-22T20:49:18.409+0000] {dag.py:3036} INFO - Sync 1 DAGs
[2026-04-22T20:49:18.434+0000] {logging_mixin.py:188} INFO - [2026-04-22T20:49:18.434+0000] {dag.py:3823} INFO - Setting next_dagrun for data_merge_pipeline to 2026-04-26 00:00:00+00:00, run_after=2026-05-03 00:00:00+00:00
[2026-04-22T20:49:18.456+0000] {processor.py:183} INFO - Processing /home/airflow/dags/data_merge_dag.py took 0.370 seconds
[2026-04-22T20:49:48.674+0000] {processor.py:161} INFO - Started process (PID=1294) to work on /home/airflow/dags/data_merge_dag.py
[2026-04-22T20:49:48.676+0000] {processor.py:830} INFO - Processing file /home/airflow/dags/data_merge_dag.py for tasks to queue
[2026-04-22T20:49:48.677+0000] {logging_mixin.py:188} INFO - [2026-04-22T20:49:48.677+0000] {dagbag.py:538} INFO - Filling up the DagBag from /home/airflow/dags/data_merge_dag.py
[2026-04-22T20:49:48.932+0000] {processor.py:840} INFO - DAG(s) 'data_merge_pipeline' retrieved from /home/airflow/dags/data_merge_dag.py
[2026-04-22T20:49:48.960+0000] {logging_mixin.py:188} INFO - [2026-04-22T20:49:48.958+0000] {dag.py:3036} INFO - Sync 1 DAGs
[2026-04-22T20:49:48.982+0000] {logging_mixin.py:188} INFO - [2026-04-22T20:49:48.981+0000] {dag.py:3823} INFO - Setting next_dagrun for data_merge_pipeline to 2026-04-26 00:00:00+00:00, run_after=2026-05-03 00:00:00+00:00
[2026-04-22T20:49:49.004+0000] {processor.py:183} INFO - Processing /home/airflow/dags/data_merge_dag.py took 0.334 seconds
[2026-04-22T20:50:19.206+0000] {processor.py:161} INFO - Started process (PID=1300) to work on /home/airflow/dags/data_merge_dag.py
[2026-04-22T20:50:19.207+0000] {processor.py:830} INFO - Processing file /home/airflow/dags/data_merge_dag.py for tasks to queue
[2026-04-22T20:50:19.208+0000] {logging_mixin.py:188} INFO - [2026-04-22T20:50:19.208+0000] {dagbag.py:538} INFO - Filling up the DagBag from /home/airflow/dags/data_merge_dag.py
[2026-04-22T20:50:19.444+0000] {processor.py:840} INFO - DAG(s) 'data_merge_pipeline' retrieved from /home/airflow/dags/data_merge_dag.py
[2026-04-22T20:50:19.467+0000] {logging_mixin.py:188} INFO - [2026-04-22T20:50:19.467+0000] {dag.py:3036} INFO - Sync 1 DAGs
[2026-04-22T20:50:19.488+0000] {logging_mixin.py:188} INFO - [2026-04-22T20:50:19.488+0000] {dag.py:3823} INFO - Setting next_dagrun for data_merge_pipeline to 2026-04-26 00:00:00+00:00, run_after=2026-05-03 00:00:00+00:00
[2026-04-22T20:50:19.514+0000] {processor.py:183} INFO - Processing /home/airflow/dags/data_merge_dag.py took 0.312 seconds
[2026-04-22T20:50:49.797+0000] {processor.py:161} INFO - Started process (PID=1306) to work on /home/airflow/dags/data_merge_dag.py
[2026-04-22T20:50:49.799+0000] {processor.py:830} INFO - Processing file /home/airflow/dags/data_merge_dag.py for tasks to queue
[2026-04-22T20:50:49.800+0000] {logging_mixin.py:188} INFO - [2026-04-22T20:50:49.800+0000] {dagbag.py:538} INFO - Filling up the DagBag from /home/airflow/dags/data_merge_dag.py
[2026-04-22T20:50:50.110+0000] {processor.py:840} INFO - DAG(s) 'data_merge_pipeline' retrieved from /home/airflow/dags/data_merge_dag.py
[2026-04-22T20:50:50.143+0000] {logging_mixin.py:188} INFO - [2026-04-22T20:50:50.143+0000] {dag.py:3036} INFO - Sync 1 DAGs
[2026-04-22T20:50:50.176+0000] {logging_mixin.py:188} INFO - [2026-04-22T20:50:50.175+0000] {dag.py:3823} INFO - Setting next_dagrun for data_merge_pipeline to 2026-04-26 00:00:00+00:00, run_after=2026-05-03 00:00:00+00:00
[2026-04-22T20:50:50.211+0000] {processor.py:183} INFO - Processing /home/airflow/dags/data_merge_dag.py took 0.418 seconds
[2026-04-22T20:51:20.440+0000] {processor.py:161} INFO - Started process (PID=1312) to work on /home/airflow/dags/data_merge_dag.py
[2026-04-22T20:51:20.442+0000] {processor.py:830} INFO - Processing file /home/airflow/dags/data_merge_dag.py for tasks to queue
[2026-04-22T20:51:20.444+0000] {logging_mixin.py:188} INFO - [2026-04-22T20:51:20.443+0000] {dagbag.py:538} INFO - Filling up the DagBag from /home/airflow/dags/data_merge_dag.py
[2026-04-22T20:51:20.718+0000] {processor.py:840} INFO - DAG(s) 'data_merge_pipeline' retrieved from /home/airflow/dags/data_merge_dag.py
[2026-04-22T20:51:20.741+0000] {logging_mixin.py:188} INFO - [2026-04-22T20:51:20.740+0000] {dag.py:3036} INFO - Sync 1 DAGs
[2026-04-22T20:51:20.759+0000] {logging_mixin.py:188} INFO - [2026-04-22T20:51:20.759+0000] {dag.py:3823} INFO - Setting next_dagrun for data_merge_pipeline to 2026-04-26 00:00:00+00:00, run_after=2026-05-03 00:00:00+00:00
[2026-04-22T20:51:20.781+0000] {processor.py:183} INFO - Processing /home/airflow/dags/data_merge_dag.py took 0.346 seconds
[2026-04-22T20:51:50.989+0000] {processor.py:161} INFO - Started process (PID=1318) to work on /home/airflow/dags/data_merge_dag.py
[2026-04-22T20:51:50.992+0000] {processor.py:830} INFO - Processing file /home/airflow/dags/data_merge_dag.py for tasks to queue
[2026-04-22T20:51:50.993+0000] {logging_mixin.py:188} INFO - [2026-04-22T20:51:50.993+0000] {dagbag.py:538} INFO - Filling up the DagBag from /home/airflow/dags/data_merge_dag.py
[2026-04-22T20:51:51.357+0000] {processor.py:840} INFO - DAG(s) 'data_merge_pipeline' retrieved from /home/airflow/dags/data_merge_dag.py
[2026-04-22T20:51:51.390+0000] {logging_mixin.py:188} INFO - [2026-04-22T20:51:51.389+0000] {dag.py:3036} INFO - Sync 1 DAGs
[2026-04-22T20:51:51.410+0000] {logging_mixin.py:188} INFO - [2026-04-22T20:51:51.410+0000] {dag.py:3823} INFO - Setting next_dagrun for data_merge_pipeline to 2026-04-26 00:00:00+00:00, run_after=2026-05-03 00:00:00+00:00
[2026-04-22T20:51:51.430+0000] {processor.py:183} INFO - Processing /home/airflow/dags/data_merge_dag.py took 0.447 seconds
[2026-04-22T20:52:21.649+0000] {processor.py:161} INFO - Started process (PID=1324) to work on /home/airflow/dags/data_merge_dag.py
[2026-04-22T20:52:21.651+0000] {processor.py:830} INFO - Processing file /home/airflow/dags/data_merge_dag.py for tasks to queue
[2026-04-22T20:52:21.652+0000] {logging_mixin.py:188} INFO - [2026-04-22T20:52:21.652+0000] {dagbag.py:538} INFO - Filling up the DagBag from /home/airflow/dags/data_merge_dag.py
[2026-04-22T20:52:21.896+0000] {processor.py:840} INFO - DAG(s) 'data_merge_pipeline' retrieved from /home/airflow/dags/data_merge_dag.py
[2026-04-22T20:52:21.924+0000] {logging_mixin.py:188} INFO - [2026-04-22T20:52:21.923+0000] {dag.py:3036} INFO - Sync 1 DAGs
[2026-04-22T20:52:21.948+0000] {logging_mixin.py:188} INFO - [2026-04-22T20:52:21.948+0000] {dag.py:3823} INFO - Setting next_dagrun for data_merge_pipeline to 2026-04-26 00:00:00+00:00, run_after=2026-05-03 00:00:00+00:00
[2026-04-22T20:52:21.971+0000] {processor.py:183} INFO - Processing /home/airflow/dags/data_merge_dag.py took 0.327 seconds
[2026-04-22T20:52:52.182+0000] {processor.py:161} INFO - Started process (PID=1330) to work on /home/airflow/dags/data_merge_dag.py
[2026-04-22T20:52:52.183+0000] {processor.py:830} INFO - Processing file /home/airflow/dags/data_merge_dag.py for tasks to queue
[2026-04-22T20:52:52.184+0000] {logging_mixin.py:188} INFO - [2026-04-22T20:52:52.184+0000] {dagbag.py:538} INFO - Filling up the DagBag from /home/airflow/dags/data_merge_dag.py
[2026-04-22T20:52:52.425+0000] {processor.py:840} INFO - DAG(s) 'data_merge_pipeline' retrieved from /home/airflow/dags/data_merge_dag.py
[2026-04-22T20:52:52.463+0000] {logging_mixin.py:188} INFO - [2026-04-22T20:52:52.461+0000] {dag.py:3036} INFO - Sync 1 DAGs
[2026-04-22T20:52:52.482+0000] {logging_mixin.py:188} INFO - [2026-04-22T20:52:52.482+0000] {dag.py:3823} INFO - Setting next_dagrun for data_merge_pipeline to 2026-04-26 00:00:00+00:00, run_after=2026-05-03 00:00:00+00:00
[2026-04-22T20:52:52.507+0000] {processor.py:183} INFO - Processing /home/airflow/dags/data_merge_dag.py took 0.329 seconds
[2026-04-22T20:53:22.729+0000] {processor.py:161} INFO - Started process (PID=1336) to work on /home/airflow/dags/data_merge_dag.py
[2026-04-22T20:53:22.731+0000] {processor.py:830} INFO - Processing file /home/airflow/dags/data_merge_dag.py for tasks to queue
[2026-04-22T20:53:22.732+0000] {logging_mixin.py:188} INFO - [2026-04-22T20:53:22.732+0000] {dagbag.py:538} INFO - Filling up the DagBag from /home/airflow/dags/data_merge_dag.py
[2026-04-22T20:53:22.988+0000] {processor.py:840} INFO - DAG(s) 'data_merge_pipeline' retrieved from /home/airflow/dags/data_merge_dag.py
[2026-04-22T20:53:23.016+0000] {logging_mixin.py:188} INFO - [2026-04-22T20:53:23.016+0000] {dag.py:3036} INFO - Sync 1 DAGs
[2026-04-22T20:53:23.038+0000] {logging_mixin.py:188} INFO - [2026-04-22T20:53:23.037+0000] {dag.py:3823} INFO - Setting next_dagrun for data_merge_pipeline to 2026-04-26 00:00:00+00:00, run_after=2026-05-03 00:00:00+00:00
[2026-04-22T20:53:23.060+0000] {processor.py:183} INFO - Processing /home/airflow/dags/data_merge_dag.py took 0.335 seconds
[2026-04-22T20:53:53.274+0000] {processor.py:161} INFO - Started process (PID=1342) to work on /home/airflow/dags/data_merge_dag.py
[2026-04-22T20:53:53.276+0000] {processor.py:830} INFO - Processing file /home/airflow/dags/data_merge_dag.py for tasks to queue
[2026-04-22T20:53:53.277+0000] {logging_mixin.py:188} INFO - [2026-04-22T20:53:53.277+0000] {dagbag.py:538} INFO - Filling up the DagBag from /home/airflow/dags/data_merge_dag.py
[2026-04-22T20:53:53.548+0000] {processor.py:840} INFO - DAG(s) 'data_merge_pipeline' retrieved from /home/airflow/dags/data_merge_dag.py
[2026-04-22T20:53:53.580+0000] {logging_mixin.py:188} INFO - [2026-04-22T20:53:53.580+0000] {dag.py:3036} INFO - Sync 1 DAGs
[2026-04-22T20:53:53.604+0000] {logging_mixin.py:188} INFO - [2026-04-22T20:53:53.604+0000] {dag.py:3823} INFO - Setting next_dagrun for data_merge_pipeline to 2026-04-26 00:00:00+00:00, run_after=2026-05-03 00:00:00+00:00
[2026-04-22T20:53:53.629+0000] {processor.py:183} INFO - Processing /home/airflow/dags/data_merge_dag.py took 0.360 seconds
[2026-04-22T20:54:23.865+0000] {processor.py:161} INFO - Started process (PID=1348) to work on /home/airflow/dags/data_merge_dag.py
[2026-04-22T20:54:23.867+0000] {processor.py:830} INFO - Processing file /home/airflow/dags/data_merge_dag.py for tasks to queue
[2026-04-22T20:54:23.868+0000] {logging_mixin.py:188} INFO - [2026-04-22T20:54:23.868+0000] {dagbag.py:538} INFO - Filling up the DagBag from /home/airflow/dags/data_merge_dag.py
[2026-04-22T20:54:24.178+0000] {processor.py:840} INFO - DAG(s) 'data_merge_pipeline' retrieved from /home/airflow/dags/data_merge_dag.py
[2026-04-22T20:54:24.208+0000] {logging_mixin.py:188} INFO - [2026-04-22T20:54:24.207+0000] {dag.py:3036} INFO - Sync 1 DAGs
[2026-04-22T20:54:24.235+0000] {logging_mixin.py:188} INFO - [2026-04-22T20:54:24.234+0000] {dag.py:3823} INFO - Setting next_dagrun for data_merge_pipeline to 2026-04-26 00:00:00+00:00, run_after=2026-05-03 00:00:00+00:00
[2026-04-22T20:54:24.260+0000] {processor.py:183} INFO - Processing /home/airflow/dags/data_merge_dag.py took 0.399 seconds
[2026-04-22T20:54:54.461+0000] {processor.py:161} INFO - Started process (PID=1354) to work on /home/airflow/dags/data_merge_dag.py
[2026-04-22T20:54:54.462+0000] {processor.py:830} INFO - Processing file /home/airflow/dags/data_merge_dag.py for tasks to queue
[2026-04-22T20:54:54.464+0000] {logging_mixin.py:188} INFO - [2026-04-22T20:54:54.463+0000] {dagbag.py:538} INFO - Filling up the DagBag from /home/airflow/dags/data_merge_dag.py
[2026-04-22T20:54:54.750+0000] {processor.py:840} INFO - DAG(s) 'data_merge_pipeline' retrieved from /home/airflow/dags/data_merge_dag.py
[2026-04-22T20:54:54.785+0000] {logging_mixin.py:188} INFO - [2026-04-22T20:54:54.784+0000] {dag.py:3036} INFO - Sync 1 DAGs
[2026-04-22T20:54:54.821+0000] {logging_mixin.py:188} INFO - [2026-04-22T20:54:54.821+0000] {dag.py:3823} INFO - Setting next_dagrun for data_merge_pipeline to 2026-04-26 00:00:00+00:00, run_after=2026-05-03 00:00:00+00:00
[2026-04-22T20:54:54.849+0000] {processor.py:183} INFO - Processing /home/airflow/dags/data_merge_dag.py took 0.393 seconds
[2026-04-22T20:55:25.058+0000] {processor.py:161} INFO - Started process (PID=1360) to work on /home/airflow/dags/data_merge_dag.py
[2026-04-22T20:55:25.059+0000] {processor.py:830} INFO - Processing file /home/airflow/dags/data_merge_dag.py for tasks to queue
[2026-04-22T20:55:25.060+0000] {logging_mixin.py:188} INFO - [2026-04-22T20:55:25.060+0000] {dagbag.py:538} INFO - Filling up the DagBag from /home/airflow/dags/data_merge_dag.py
[2026-04-22T20:55:25.292+0000] {processor.py:840} INFO - DAG(s) 'data_merge_pipeline' retrieved from /home/airflow/dags/data_merge_dag.py
[2026-04-22T20:55:25.315+0000] {logging_mixin.py:188} INFO - [2026-04-22T20:55:25.314+0000] {dag.py:3036} INFO - Sync 1 DAGs
[2026-04-22T20:55:25.334+0000] {logging_mixin.py:188} INFO - [2026-04-22T20:55:25.334+0000] {dag.py:3823} INFO - Setting next_dagrun for data_merge_pipeline to 2026-04-26 00:00:00+00:00, run_after=2026-05-03 00:00:00+00:00
[2026-04-22T20:55:25.355+0000] {processor.py:183} INFO - Processing /home/airflow/dags/data_merge_dag.py took 0.301 seconds
[2026-04-22T20:55:55.565+0000] {processor.py:161} INFO - Started process (PID=1366) to work on /home/airflow/dags/data_merge_dag.py
[2026-04-22T20:55:55.567+0000] {processor.py:830} INFO - Processing file /home/airflow/dags/data_merge_dag.py for tasks to queue
[2026-04-22T20:55:55.568+0000] {logging_mixin.py:188} INFO - [2026-04-22T20:55:55.568+0000] {dagbag.py:538} INFO - Filling up the DagBag from /home/airflow/dags/data_merge_dag.py
[2026-04-22T20:55:55.813+0000] {processor.py:840} INFO - DAG(s) 'data_merge_pipeline' retrieved from /home/airflow/dags/data_merge_dag.py
[2026-04-22T20:55:55.838+0000] {logging_mixin.py:188} INFO - [2026-04-22T20:55:55.838+0000] {dag.py:3036} INFO - Sync 1 DAGs
[2026-04-22T20:55:55.858+0000] {logging_mixin.py:188} INFO - [2026-04-22T20:55:55.857+0000] {dag.py:3823} INFO - Setting next_dagrun for data_merge_pipeline to 2026-04-26 00:00:00+00:00, run_after=2026-05-03 00:00:00+00:00
[2026-04-22T20:55:55.882+0000] {processor.py:183} INFO - Processing /home/airflow/dags/data_merge_dag.py took 0.321 seconds
[2026-04-22T20:56:26.087+0000] {processor.py:161} INFO - Started process (PID=1372) to work on /home/airflow/dags/data_merge_dag.py
[2026-04-22T20:56:26.088+0000] {processor.py:830} INFO - Processing file /home/airflow/dags/data_merge_dag.py for tasks to queue
[2026-04-22T20:56:26.089+0000] {logging_mixin.py:188} INFO - [2026-04-22T20:56:26.089+0000] {dagbag.py:538} INFO - Filling up the DagBag from /home/airflow/dags/data_merge_dag.py
[2026-04-22T20:56:26.335+0000] {processor.py:840} INFO - DAG(s) 'data_merge_pipeline' retrieved from /home/airflow/dags/data_merge_dag.py
[2026-04-22T20:56:26.361+0000] {logging_mixin.py:188} INFO - [2026-04-22T20:56:26.360+0000] {dag.py:3036} INFO - Sync 1 DAGs
[2026-04-22T20:56:26.381+0000] {logging_mixin.py:188} INFO - [2026-04-22T20:56:26.380+0000] {dag.py:3823} INFO - Setting next_dagrun for data_merge_pipeline to 2026-04-26 00:00:00+00:00, run_after=2026-05-03 00:00:00+00:00
[2026-04-22T20:56:26.403+0000] {processor.py:183} INFO - Processing /home/airflow/dags/data_merge_dag.py took 0.321 seconds
[2026-04-22T20:56:56.606+0000] {processor.py:161} INFO - Started process (PID=1378) to work on /home/airflow/dags/data_merge_dag.py
[2026-04-22T20:56:56.608+0000] {processor.py:830} INFO - Processing file /home/airflow/dags/data_merge_dag.py for tasks to queue
[2026-04-22T20:56:56.609+0000] {logging_mixin.py:188} INFO - [2026-04-22T20:56:56.608+0000] {dagbag.py:538} INFO - Filling up the DagBag from /home/airflow/dags/data_merge_dag.py
[2026-04-22T20:56:56.891+0000] {processor.py:840} INFO - DAG(s) 'data_merge_pipeline' retrieved from /home/airflow/dags/data_merge_dag.py
[2026-04-22T20:56:56.915+0000] {logging_mixin.py:188} INFO - [2026-04-22T20:56:56.914+0000] {dag.py:3036} INFO - Sync 1 DAGs
[2026-04-22T20:56:56.935+0000] {logging_mixin.py:188} INFO - [2026-04-22T20:56:56.935+0000] {dag.py:3823} INFO - Setting next_dagrun for data_merge_pipeline to 2026-04-26 00:00:00+00:00, run_after=2026-05-03 00:00:00+00:00
[2026-04-22T20:56:56.956+0000] {processor.py:183} INFO - Processing /home/airflow/dags/data_merge_dag.py took 0.352 seconds
[2026-04-22T20:57:27.163+0000] {processor.py:161} INFO - Started process (PID=1384) to work on /home/airflow/dags/data_merge_dag.py
[2026-04-22T20:57:27.164+0000] {processor.py:830} INFO - Processing file /home/airflow/dags/data_merge_dag.py for tasks to queue
[2026-04-22T20:57:27.165+0000] {logging_mixin.py:188} INFO - [2026-04-22T20:57:27.164+0000] {dagbag.py:538} INFO - Filling up the DagBag from /home/airflow/dags/data_merge_dag.py
[2026-04-22T20:57:27.426+0000] {processor.py:840} INFO - DAG(s) 'data_merge_pipeline' retrieved from /home/airflow/dags/data_merge_dag.py
[2026-04-22T20:57:27.454+0000] {logging_mixin.py:188} INFO - [2026-04-22T20:57:27.454+0000] {dag.py:3036} INFO - Sync 1 DAGs
[2026-04-22T20:57:27.475+0000] {logging_mixin.py:188} INFO - [2026-04-22T20:57:27.475+0000] {dag.py:3823} INFO - Setting next_dagrun for data_merge_pipeline to 2026-04-26 00:00:00+00:00, run_after=2026-05-03 00:00:00+00:00
[2026-04-22T20:57:27.497+0000] {processor.py:183} INFO - Processing /home/airflow/dags/data_merge_dag.py took 0.337 seconds
[2026-04-22T20:57:57.735+0000] {processor.py:161} INFO - Started process (PID=1390) to work on /home/airflow/dags/data_merge_dag.py
[2026-04-22T20:57:57.737+0000] {processor.py:830} INFO - Processing file /home/airflow/dags/data_merge_dag.py for tasks to queue
[2026-04-22T20:57:57.738+0000] {logging_mixin.py:188} INFO - [2026-04-22T20:57:57.737+0000] {dagbag.py:538} INFO - Filling up the DagBag from /home/airflow/dags/data_merge_dag.py
[2026-04-22T20:57:57.973+0000] {processor.py:840} INFO - DAG(s) 'data_merge_pipeline' retrieved from /home/airflow/dags/data_merge_dag.py
[2026-04-22T20:57:57.996+0000] {logging_mixin.py:188} INFO - [2026-04-22T20:57:57.995+0000] {dag.py:3036} INFO - Sync 1 DAGs
[2026-04-22T20:57:58.015+0000] {logging_mixin.py:188} INFO - [2026-04-22T20:57:58.015+0000] {dag.py:3823} INFO - Setting next_dagrun for data_merge_pipeline to 2026-04-26 00:00:00+00:00, run_after=2026-05-03 00:00:00+00:00
[2026-04-22T20:57:58.036+0000] {processor.py:183} INFO - Processing /home/airflow/dags/data_merge_dag.py took 0.304 seconds
[2026-04-22T20:58:28.238+0000] {processor.py:161} INFO - Started process (PID=1396) to work on /home/airflow/dags/data_merge_dag.py
[2026-04-22T20:58:28.240+0000] {processor.py:830} INFO - Processing file /home/airflow/dags/data_merge_dag.py for tasks to queue
[2026-04-22T20:58:28.241+0000] {logging_mixin.py:188} INFO - [2026-04-22T20:58:28.241+0000] {dagbag.py:538} INFO - Filling up the DagBag from /home/airflow/dags/data_merge_dag.py
[2026-04-22T20:58:28.533+0000] {processor.py:840} INFO - DAG(s) 'data_merge_pipeline' retrieved from /home/airflow/dags/data_merge_dag.py
[2026-04-22T20:58:28.561+0000] {logging_mixin.py:188} INFO - [2026-04-22T20:58:28.561+0000] {dag.py:3036} INFO - Sync 1 DAGs
[2026-04-22T20:58:28.587+0000] {logging_mixin.py:188} INFO - [2026-04-22T20:58:28.587+0000] {dag.py:3823} INFO - Setting next_dagrun for data_merge_pipeline to 2026-04-26 00:00:00+00:00, run_after=2026-05-03 00:00:00+00:00
[2026-04-22T20:58:28.611+0000] {processor.py:183} INFO - Processing /home/airflow/dags/data_merge_dag.py took 0.377 seconds
[2026-04-22T20:58:58.802+0000] {processor.py:161} INFO - Started process (PID=1402) to work on /home/airflow/dags/data_merge_dag.py
[2026-04-22T20:58:58.803+0000] {processor.py:830} INFO - Processing file /home/airflow/dags/data_merge_dag.py for tasks to queue
[2026-04-22T20:58:58.805+0000] {logging_mixin.py:188} INFO - [2026-04-22T20:58:58.804+0000] {dagbag.py:538} INFO - Filling up the DagBag from /home/airflow/dags/data_merge_dag.py
[2026-04-22T20:58:59.034+0000] {processor.py:840} INFO - DAG(s) 'data_merge_pipeline' retrieved from /home/airflow/dags/data_merge_dag.py
[2026-04-22T20:58:59.058+0000] {logging_mixin.py:188} INFO - [2026-04-22T20:58:59.057+0000] {dag.py:3036} INFO - Sync 1 DAGs
[2026-04-22T20:58:59.076+0000] {logging_mixin.py:188} INFO - [2026-04-22T20:58:59.076+0000] {dag.py:3823} INFO - Setting next_dagrun for data_merge_pipeline to 2026-04-26 00:00:00+00:00, run_after=2026-05-03 00:00:00+00:00
[2026-04-22T20:58:59.097+0000] {processor.py:183} INFO - Processing /home/airflow/dags/data_merge_dag.py took 0.298 seconds
[2026-04-22T20:59:29.306+0000] {processor.py:161} INFO - Started process (PID=1408) to work on /home/airflow/dags/data_merge_dag.py
[2026-04-22T20:59:29.307+0000] {processor.py:830} INFO - Processing file /home/airflow/dags/data_merge_dag.py for tasks to queue
[2026-04-22T20:59:29.308+0000] {logging_mixin.py:188} INFO - [2026-04-22T20:59:29.308+0000] {dagbag.py:538} INFO - Filling up the DagBag from /home/airflow/dags/data_merge_dag.py
[2026-04-22T20:59:29.613+0000] {processor.py:840} INFO - DAG(s) 'data_merge_pipeline' retrieved from /home/airflow/dags/data_merge_dag.py
[2026-04-22T20:59:29.642+0000] {logging_mixin.py:188} INFO - [2026-04-22T20:59:29.642+0000] {dag.py:3036} INFO - Sync 1 DAGs
[2026-04-22T20:59:29.664+0000] {logging_mixin.py:188} INFO - [2026-04-22T20:59:29.664+0000] {dag.py:3823} INFO - Setting next_dagrun for data_merge_pipeline to 2026-04-26 00:00:00+00:00, run_after=2026-05-03 00:00:00+00:00
[2026-04-22T20:59:29.682+0000] {processor.py:183} INFO - Processing /home/airflow/dags/data_merge_dag.py took 0.380 seconds
[2026-04-22T20:59:59.880+0000] {processor.py:161} INFO - Started process (PID=1414) to work on /home/airflow/dags/data_merge_dag.py
[2026-04-22T20:59:59.882+0000] {processor.py:830} INFO - Processing file /home/airflow/dags/data_merge_dag.py for tasks to queue
[2026-04-22T20:59:59.883+0000] {logging_mixin.py:188} INFO - [2026-04-22T20:59:59.882+0000] {dagbag.py:538} INFO - Filling up the DagBag from /home/airflow/dags/data_merge_dag.py
[2026-04-22T21:00:00.144+0000] {processor.py:840} INFO - DAG(s) 'data_merge_pipeline' retrieved from /home/airflow/dags/data_merge_dag.py
[2026-04-22T21:00:00.170+0000] {logging_mixin.py:188} INFO - [2026-04-22T21:00:00.170+0000] {dag.py:3036} INFO - Sync 1 DAGs
[2026-04-22T21:00:00.193+0000] {logging_mixin.py:188} INFO - [2026-04-22T21:00:00.193+0000] {dag.py:3823} INFO - Setting next_dagrun for data_merge_pipeline to 2026-04-26 00:00:00+00:00, run_after=2026-05-03 00:00:00+00:00
[2026-04-22T21:00:00.213+0000] {processor.py:183} INFO - Processing /home/airflow/dags/data_merge_dag.py took 0.337 seconds
[2026-04-22T21:00:30.423+0000] {processor.py:161} INFO - Started process (PID=1420) to work on /home/airflow/dags/data_merge_dag.py
[2026-04-22T21:00:30.426+0000] {processor.py:830} INFO - Processing file /home/airflow/dags/data_merge_dag.py for tasks to queue
[2026-04-22T21:00:30.428+0000] {logging_mixin.py:188} INFO - [2026-04-22T21:00:30.427+0000] {dagbag.py:538} INFO - Filling up the DagBag from /home/airflow/dags/data_merge_dag.py
[2026-04-22T21:00:30.790+0000] {processor.py:840} INFO - DAG(s) 'data_merge_pipeline' retrieved from /home/airflow/dags/data_merge_dag.py
[2026-04-22T21:00:30.822+0000] {logging_mixin.py:188} INFO - [2026-04-22T21:00:30.822+0000] {dag.py:3036} INFO - Sync 1 DAGs
[2026-04-22T21:00:30.852+0000] {logging_mixin.py:188} INFO - [2026-04-22T21:00:30.851+0000] {dag.py:3823} INFO - Setting next_dagrun for data_merge_pipeline to 2026-04-26 00:00:00+00:00, run_after=2026-05-03 00:00:00+00:00
[2026-04-22T21:00:30.873+0000] {processor.py:183} INFO - Processing /home/airflow/dags/data_merge_dag.py took 0.454 seconds
[2026-04-22T21:01:01.098+0000] {processor.py:161} INFO - Started process (PID=1426) to work on /home/airflow/dags/data_merge_dag.py
[2026-04-22T21:01:01.099+0000] {processor.py:830} INFO - Processing file /home/airflow/dags/data_merge_dag.py for tasks to queue
[2026-04-22T21:01:01.100+0000] {logging_mixin.py:188} INFO - [2026-04-22T21:01:01.100+0000] {dagbag.py:538} INFO - Filling up the DagBag from /home/airflow/dags/data_merge_dag.py
[2026-04-22T21:01:01.354+0000] {processor.py:840} INFO - DAG(s) 'data_merge_pipeline' retrieved from /home/airflow/dags/data_merge_dag.py
[2026-04-22T21:01:01.390+0000] {logging_mixin.py:188} INFO - [2026-04-22T21:01:01.390+0000] {dag.py:3036} INFO - Sync 1 DAGs
[2026-04-22T21:01:01.420+0000] {logging_mixin.py:188} INFO - [2026-04-22T21:01:01.420+0000] {dag.py:3823} INFO - Setting next_dagrun for data_merge_pipeline to 2026-04-26 00:00:00+00:00, run_after=2026-05-03 00:00:00+00:00
[2026-04-22T21:01:01.446+0000] {processor.py:183} INFO - Processing /home/airflow/dags/data_merge_dag.py took 0.353 seconds
[2026-04-22T21:01:31.644+0000] {processor.py:161} INFO - Started process (PID=1432) to work on /home/airflow/dags/data_merge_dag.py
[2026-04-22T21:01:31.645+0000] {processor.py:830} INFO - Processing file /home/airflow/dags/data_merge_dag.py for tasks to queue
[2026-04-22T21:01:31.646+0000] {logging_mixin.py:188} INFO - [2026-04-22T21:01:31.646+0000] {dagbag.py:538} INFO - Filling up the DagBag from /home/airflow/dags/data_merge_dag.py
[2026-04-22T21:01:31.890+0000] {processor.py:840} INFO - DAG(s) 'data_merge_pipeline' retrieved from /home/airflow/dags/data_merge_dag.py
[2026-04-22T21:01:31.911+0000] {logging_mixin.py:188} INFO - [2026-04-22T21:01:31.911+0000] {dag.py:3036} INFO - Sync 1 DAGs
[2026-04-22T21:01:31.931+0000] {logging_mixin.py:188} INFO - [2026-04-22T21:01:31.931+0000] {dag.py:3823} INFO - Setting next_dagrun for data_merge_pipeline to 2026-04-26 00:00:00+00:00, run_after=2026-05-03 00:00:00+00:00
[2026-04-22T21:01:31.951+0000] {processor.py:183} INFO - Processing /home/airflow/dags/data_merge_dag.py took 0.310 seconds
[2026-04-22T21:02:02.167+0000] {processor.py:161} INFO - Started process (PID=1438) to work on /home/airflow/dags/data_merge_dag.py
[2026-04-22T21:02:02.170+0000] {processor.py:830} INFO - Processing file /home/airflow/dags/data_merge_dag.py for tasks to queue
[2026-04-22T21:02:02.171+0000] {logging_mixin.py:188} INFO - [2026-04-22T21:02:02.171+0000] {dagbag.py:538} INFO - Filling up the DagBag from /home/airflow/dags/data_merge_dag.py
[2026-04-22T21:02:02.545+0000] {processor.py:840} INFO - DAG(s) 'data_merge_pipeline' retrieved from /home/airflow/dags/data_merge_dag.py
[2026-04-22T21:02:02.689+0000] {logging_mixin.py:188} INFO - [2026-04-22T21:02:02.688+0000] {dag.py:3036} INFO - Sync 1 DAGs
[2026-04-22T21:02:02.741+0000] {logging_mixin.py:188} INFO - [2026-04-22T21:02:02.740+0000] {dag.py:3823} INFO - Setting next_dagrun for data_merge_pipeline to 2026-04-26 00:00:00+00:00, run_after=2026-05-03 00:00:00+00:00
[2026-04-22T21:02:02.764+0000] {processor.py:183} INFO - Processing /home/airflow/dags/data_merge_dag.py took 0.602 seconds
[2026-04-22T21:02:32.983+0000] {processor.py:161} INFO - Started process (PID=1444) to work on /home/airflow/dags/data_merge_dag.py
[2026-04-22T21:02:32.985+0000] {processor.py:830} INFO - Processing file /home/airflow/dags/data_merge_dag.py for tasks to queue
[2026-04-22T21:02:32.986+0000] {logging_mixin.py:188} INFO - [2026-04-22T21:02:32.986+0000] {dagbag.py:538} INFO - Filling up the DagBag from /home/airflow/dags/data_merge_dag.py
[2026-04-22T21:02:33.279+0000] {processor.py:840} INFO - DAG(s) 'data_merge_pipeline' retrieved from /home/airflow/dags/data_merge_dag.py
[2026-04-22T21:02:33.311+0000] {logging_mixin.py:188} INFO - [2026-04-22T21:02:33.311+0000] {dag.py:3036} INFO - Sync 1 DAGs
[2026-04-22T21:02:33.335+0000] {logging_mixin.py:188} INFO - [2026-04-22T21:02:33.335+0000] {dag.py:3823} INFO - Setting next_dagrun for data_merge_pipeline to 2026-04-26 00:00:00+00:00, run_after=2026-05-03 00:00:00+00:00
[2026-04-22T21:02:33.357+0000] {processor.py:183} INFO - Processing /home/airflow/dags/data_merge_dag.py took 0.380 seconds
[2026-04-22T21:03:03.517+0000] {processor.py:161} INFO - Started process (PID=1450) to work on /home/airflow/dags/data_merge_dag.py
[2026-04-22T21:03:03.518+0000] {processor.py:830} INFO - Processing file /home/airflow/dags/data_merge_dag.py for tasks to queue
[2026-04-22T21:03:03.520+0000] {logging_mixin.py:188} INFO - [2026-04-22T21:03:03.519+0000] {dagbag.py:538} INFO - Filling up the DagBag from /home/airflow/dags/data_merge_dag.py
[2026-04-22T21:03:03.769+0000] {processor.py:840} INFO - DAG(s) 'data_merge_pipeline' retrieved from /home/airflow/dags/data_merge_dag.py
[2026-04-22T21:03:03.798+0000] {logging_mixin.py:188} INFO - [2026-04-22T21:03:03.797+0000] {dag.py:3036} INFO - Sync 1 DAGs
[2026-04-22T21:03:03.819+0000] {logging_mixin.py:188} INFO - [2026-04-22T21:03:03.819+0000] {dag.py:3823} INFO - Setting next_dagrun for data_merge_pipeline to 2026-04-26 00:00:00+00:00, run_after=2026-05-03 00:00:00+00:00
[2026-04-22T21:03:03.842+0000] {processor.py:183} INFO - Processing /home/airflow/dags/data_merge_dag.py took 0.329 seconds
[2026-04-22T21:03:34.061+0000] {processor.py:161} INFO - Started process (PID=1456) to work on /home/airflow/dags/data_merge_dag.py
[2026-04-22T21:03:34.062+0000] {processor.py:830} INFO - Processing file /home/airflow/dags/data_merge_dag.py for tasks to queue
[2026-04-22T21:03:34.063+0000] {logging_mixin.py:188} INFO - [2026-04-22T21:03:34.063+0000] {dagbag.py:538} INFO - Filling up the DagBag from /home/airflow/dags/data_merge_dag.py
[2026-04-22T21:03:34.312+0000] {processor.py:840} INFO - DAG(s) 'data_merge_pipeline' retrieved from /home/airflow/dags/data_merge_dag.py
[2026-04-22T21:03:34.338+0000] {logging_mixin.py:188} INFO - [2026-04-22T21:03:34.338+0000] {dag.py:3036} INFO - Sync 1 DAGs
[2026-04-22T21:03:34.357+0000] {logging_mixin.py:188} INFO - [2026-04-22T21:03:34.357+0000] {dag.py:3823} INFO - Setting next_dagrun for data_merge_pipeline to 2026-04-26 00:00:00+00:00, run_after=2026-05-03 00:00:00+00:00
[2026-04-22T21:03:34.379+0000] {processor.py:183} INFO - Processing /home/airflow/dags/data_merge_dag.py took 0.322 seconds
[2026-04-22T21:04:04.610+0000] {processor.py:161} INFO - Started process (PID=1462) to work on /home/airflow/dags/data_merge_dag.py
[2026-04-22T21:04:04.611+0000] {processor.py:830} INFO - Processing file /home/airflow/dags/data_merge_dag.py for tasks to queue
[2026-04-22T21:04:04.612+0000] {logging_mixin.py:188} INFO - [2026-04-22T21:04:04.612+0000] {dagbag.py:538} INFO - Filling up the DagBag from /home/airflow/dags/data_merge_dag.py
[2026-04-22T21:04:04.830+0000] {processor.py:840} INFO - DAG(s) 'data_merge_pipeline' retrieved from /home/airflow/dags/data_merge_dag.py
[2026-04-22T21:04:04.853+0000] {logging_mixin.py:188} INFO - [2026-04-22T21:04:04.852+0000] {dag.py:3036} INFO - Sync 1 DAGs
[2026-04-22T21:04:04.872+0000] {logging_mixin.py:188} INFO - [2026-04-22T21:04:04.872+0000] {dag.py:3823} INFO - Setting next_dagrun for data_merge_pipeline to 2026-04-26 00:00:00+00:00, run_after=2026-05-03 00:00:00+00:00
[2026-04-22T21:04:04.894+0000] {processor.py:183} INFO - Processing /home/airflow/dags/data_merge_dag.py took 0.287 seconds
[2026-04-22T21:04:35.103+0000] {processor.py:161} INFO - Started process (PID=1468) to work on /home/airflow/dags/data_merge_dag.py
[2026-04-22T21:04:35.104+0000] {processor.py:830} INFO - Processing file /home/airflow/dags/data_merge_dag.py for tasks to queue
[2026-04-22T21:04:35.106+0000] {logging_mixin.py:188} INFO - [2026-04-22T21:04:35.105+0000] {dagbag.py:538} INFO - Filling up the DagBag from /home/airflow/dags/data_merge_dag.py
[2026-04-22T21:04:35.407+0000] {processor.py:840} INFO - DAG(s) 'data_merge_pipeline' retrieved from /home/airflow/dags/data_merge_dag.py
[2026-04-22T21:04:35.433+0000] {logging_mixin.py:188} INFO - [2026-04-22T21:04:35.433+0000] {dag.py:3036} INFO - Sync 1 DAGs
[2026-04-22T21:04:35.460+0000] {logging_mixin.py:188} INFO - [2026-04-22T21:04:35.460+0000] {dag.py:3823} INFO - Setting next_dagrun for data_merge_pipeline to 2026-04-26 00:00:00+00:00, run_after=2026-05-03 00:00:00+00:00
[2026-04-22T21:04:35.483+0000] {processor.py:183} INFO - Processing /home/airflow/dags/data_merge_dag.py took 0.387 seconds
[2026-04-22T21:05:05.689+0000] {processor.py:161} INFO - Started process (PID=1474) to work on /home/airflow/dags/data_merge_dag.py
[2026-04-22T21:05:05.690+0000] {processor.py:830} INFO - Processing file /home/airflow/dags/data_merge_dag.py for tasks to queue
[2026-04-22T21:05:05.691+0000] {logging_mixin.py:188} INFO - [2026-04-22T21:05:05.691+0000] {dagbag.py:538} INFO - Filling up the DagBag from /home/airflow/dags/data_merge_dag.py
[2026-04-22T21:05:05.929+0000] {processor.py:840} INFO - DAG(s) 'data_merge_pipeline' retrieved from /home/airflow/dags/data_merge_dag.py
[2026-04-22T21:05:05.956+0000] {logging_mixin.py:188} INFO - [2026-04-22T21:05:05.955+0000] {dag.py:3036} INFO - Sync 1 DAGs
[2026-04-22T21:05:05.976+0000] {logging_mixin.py:188} INFO - [2026-04-22T21:05:05.975+0000] {dag.py:3823} INFO - Setting next_dagrun for data_merge_pipeline to 2026-04-26 00:00:00+00:00, run_after=2026-05-03 00:00:00+00:00
[2026-04-22T21:05:05.998+0000] {processor.py:183} INFO - Processing /home/airflow/dags/data_merge_dag.py took 0.313 seconds
[2026-04-22T21:05:36.204+0000] {processor.py:161} INFO - Started process (PID=1480) to work on /home/airflow/dags/data_merge_dag.py
[2026-04-22T21:05:36.205+0000] {processor.py:830} INFO - Processing file /home/airflow/dags/data_merge_dag.py for tasks to queue
[2026-04-22T21:05:36.206+0000] {logging_mixin.py:188} INFO - [2026-04-22T21:05:36.206+0000] {dagbag.py:538} INFO - Filling up the DagBag from /home/airflow/dags/data_merge_dag.py
[2026-04-22T21:05:36.438+0000] {processor.py:840} INFO - DAG(s) 'data_merge_pipeline' retrieved from /home/airflow/dags/data_merge_dag.py
[2026-04-22T21:05:36.461+0000] {logging_mixin.py:188} INFO - [2026-04-22T21:05:36.460+0000] {dag.py:3036} INFO - Sync 1 DAGs
[2026-04-22T21:05:36.478+0000] {logging_mixin.py:188} INFO - [2026-04-22T21:05:36.477+0000] {dag.py:3823} INFO - Setting next_dagrun for data_merge_pipeline to 2026-04-26 00:00:00+00:00, run_after=2026-05-03 00:00:00+00:00
[2026-04-22T21:05:36.499+0000] {processor.py:183} INFO - Processing /home/airflow/dags/data_merge_dag.py took 0.298 seconds
[2026-04-22T21:06:06.709+0000] {processor.py:161} INFO - Started process (PID=1486) to work on /home/airflow/dags/data_merge_dag.py
[2026-04-22T21:06:06.711+0000] {processor.py:830} INFO - Processing file /home/airflow/dags/data_merge_dag.py for tasks to queue
[2026-04-22T21:06:06.712+0000] {logging_mixin.py:188} INFO - [2026-04-22T21:06:06.712+0000] {dagbag.py:538} INFO - Filling up the DagBag from /home/airflow/dags/data_merge_dag.py
[2026-04-22T21:06:06.958+0000] {processor.py:840} INFO - DAG(s) 'data_merge_pipeline' retrieved from /home/airflow/dags/data_merge_dag.py
[2026-04-22T21:06:06.981+0000] {logging_mixin.py:188} INFO - [2026-04-22T21:06:06.981+0000] {dag.py:3036} INFO - Sync 1 DAGs
[2026-04-22T21:06:07.001+0000] {logging_mixin.py:188} INFO - [2026-04-22T21:06:07.001+0000] {dag.py:3823} INFO - Setting next_dagrun for data_merge_pipeline to 2026-04-26 00:00:00+00:00, run_after=2026-05-03 00:00:00+00:00
[2026-04-22T21:06:07.025+0000] {processor.py:183} INFO - Processing /home/airflow/dags/data_merge_dag.py took 0.320 seconds
[2026-04-22T21:06:37.231+0000] {processor.py:161} INFO - Started process (PID=1492) to work on /home/airflow/dags/data_merge_dag.py
[2026-04-22T21:06:37.233+0000] {processor.py:830} INFO - Processing file /home/airflow/dags/data_merge_dag.py for tasks to queue
[2026-04-22T21:06:37.234+0000] {logging_mixin.py:188} INFO - [2026-04-22T21:06:37.234+0000] {dagbag.py:538} INFO - Filling up the DagBag from /home/airflow/dags/data_merge_dag.py
[2026-04-22T21:06:37.512+0000] {processor.py:840} INFO - DAG(s) 'data_merge_pipeline' retrieved from /home/airflow/dags/data_merge_dag.py
[2026-04-22T21:06:37.543+0000] {logging_mixin.py:188} INFO - [2026-04-22T21:06:37.542+0000] {dag.py:3036} INFO - Sync 1 DAGs
[2026-04-22T21:06:37.566+0000] {logging_mixin.py:188} INFO - [2026-04-22T21:06:37.566+0000] {dag.py:3823} INFO - Setting next_dagrun for data_merge_pipeline to 2026-04-26 00:00:00+00:00, run_after=2026-05-03 00:00:00+00:00
[2026-04-22T21:06:37.594+0000] {processor.py:183} INFO - Processing /home/airflow/dags/data_merge_dag.py took 0.367 seconds
[2026-04-22T21:07:07.810+0000] {processor.py:161} INFO - Started process (PID=1498) to work on /home/airflow/dags/data_merge_dag.py
[2026-04-22T21:07:07.812+0000] {processor.py:830} INFO - Processing file /home/airflow/dags/data_merge_dag.py for tasks to queue
[2026-04-22T21:07:07.813+0000] {logging_mixin.py:188} INFO - [2026-04-22T21:07:07.813+0000] {dagbag.py:538} INFO - Filling up the DagBag from /home/airflow/dags/data_merge_dag.py
[2026-04-22T21:07:08.059+0000] {processor.py:840} INFO - DAG(s) 'data_merge_pipeline' retrieved from /home/airflow/dags/data_merge_dag.py
[2026-04-22T21:07:08.084+0000] {logging_mixin.py:188} INFO - [2026-04-22T21:07:08.084+0000] {dag.py:3036} INFO - Sync 1 DAGs
[2026-04-22T21:07:08.104+0000] {logging_mixin.py:188} INFO - [2026-04-22T21:07:08.104+0000] {dag.py:3823} INFO - Setting next_dagrun for data_merge_pipeline to 2026-04-26 00:00:00+00:00, run_after=2026-05-03 00:00:00+00:00
[2026-04-22T21:07:08.127+0000] {processor.py:183} INFO - Processing /home/airflow/dags/data_merge_dag.py took 0.321 seconds
[2026-04-22T21:07:38.336+0000] {processor.py:161} INFO - Started process (PID=1504) to work on /home/airflow/dags/data_merge_dag.py
[2026-04-22T21:07:38.337+0000] {processor.py:830} INFO - Processing file /home/airflow/dags/data_merge_dag.py for tasks to queue
[2026-04-22T21:07:38.338+0000] {logging_mixin.py:188} INFO - [2026-04-22T21:07:38.338+0000] {dagbag.py:538} INFO - Filling up the DagBag from /home/airflow/dags/data_merge_dag.py
[2026-04-22T21:07:38.581+0000] {processor.py:840} INFO - DAG(s) 'data_merge_pipeline' retrieved from /home/airflow/dags/data_merge_dag.py
[2026-04-22T21:07:38.605+0000] {logging_mixin.py:188} INFO - [2026-04-22T21:07:38.605+0000] {dag.py:3036} INFO - Sync 1 DAGs
[2026-04-22T21:07:38.626+0000] {logging_mixin.py:188} INFO - [2026-04-22T21:07:38.626+0000] {dag.py:3823} INFO - Setting next_dagrun for data_merge_pipeline to 2026-04-26 00:00:00+00:00, run_after=2026-05-03 00:00:00+00:00
[2026-04-22T21:07:38.647+0000] {processor.py:183} INFO - Processing /home/airflow/dags/data_merge_dag.py took 0.316 seconds
[2026-04-22T21:08:08.865+0000] {processor.py:161} INFO - Started process (PID=1510) to work on /home/airflow/dags/data_merge_dag.py
[2026-04-22T21:08:08.867+0000] {processor.py:830} INFO - Processing file /home/airflow/dags/data_merge_dag.py for tasks to queue
[2026-04-22T21:08:08.868+0000] {logging_mixin.py:188} INFO - [2026-04-22T21:08:08.868+0000] {dagbag.py:538} INFO - Filling up the DagBag from /home/airflow/dags/data_merge_dag.py
[2026-04-22T21:08:09.178+0000] {processor.py:840} INFO - DAG(s) 'data_merge_pipeline' retrieved from /home/airflow/dags/data_merge_dag.py
[2026-04-22T21:08:09.208+0000] {logging_mixin.py:188} INFO - [2026-04-22T21:08:09.208+0000] {dag.py:3036} INFO - Sync 1 DAGs
[2026-04-22T21:08:09.231+0000] {logging_mixin.py:188} INFO - [2026-04-22T21:08:09.230+0000] {dag.py:3823} INFO - Setting next_dagrun for data_merge_pipeline to 2026-04-26 00:00:00+00:00, run_after=2026-05-03 00:00:00+00:00
[2026-04-22T21:08:09.252+0000] {processor.py:183} INFO - Processing /home/airflow/dags/data_merge_dag.py took 0.393 seconds
[2026-04-22T21:08:39.462+0000] {processor.py:161} INFO - Started process (PID=1516) to work on /home/airflow/dags/data_merge_dag.py
[2026-04-22T21:08:39.464+0000] {processor.py:830} INFO - Processing file /home/airflow/dags/data_merge_dag.py for tasks to queue
[2026-04-22T21:08:39.465+0000] {logging_mixin.py:188} INFO - [2026-04-22T21:08:39.465+0000] {dagbag.py:538} INFO - Filling up the DagBag from /home/airflow/dags/data_merge_dag.py
[2026-04-22T21:08:39.741+0000] {processor.py:840} INFO - DAG(s) 'data_merge_pipeline' retrieved from /home/airflow/dags/data_merge_dag.py
[2026-04-22T21:08:39.770+0000] {logging_mixin.py:188} INFO - [2026-04-22T21:08:39.769+0000] {dag.py:3036} INFO - Sync 1 DAGs
[2026-04-22T21:08:39.792+0000] {logging_mixin.py:188} INFO - [2026-04-22T21:08:39.791+0000] {dag.py:3823} INFO - Setting next_dagrun for data_merge_pipeline to 2026-04-26 00:00:00+00:00, run_after=2026-05-03 00:00:00+00:00
[2026-04-22T21:08:39.815+0000] {processor.py:183} INFO - Processing /home/airflow/dags/data_merge_dag.py took 0.357 seconds
[2026-04-22T21:09:10.040+0000] {processor.py:161} INFO - Started process (PID=1522) to work on /home/airflow/dags/data_merge_dag.py
[2026-04-22T21:09:10.041+0000] {processor.py:830} INFO - Processing file /home/airflow/dags/data_merge_dag.py for tasks to queue
[2026-04-22T21:09:10.042+0000] {logging_mixin.py:188} INFO - [2026-04-22T21:09:10.042+0000] {dagbag.py:538} INFO - Filling up the DagBag from /home/airflow/dags/data_merge_dag.py
[2026-04-22T21:09:10.278+0000] {processor.py:840} INFO - DAG(s) 'data_merge_pipeline' retrieved from /home/airflow/dags/data_merge_dag.py
[2026-04-22T21:09:10.302+0000] {logging_mixin.py:188} INFO - [2026-04-22T21:09:10.300+0000] {dag.py:3036} INFO - Sync 1 DAGs
[2026-04-22T21:09:10.319+0000] {logging_mixin.py:188} INFO - [2026-04-22T21:09:10.319+0000] {dag.py:3823} INFO - Setting next_dagrun for data_merge_pipeline to 2026-04-26 00:00:00+00:00, run_after=2026-05-03 00:00:00+00:00
[2026-04-22T21:09:10.340+0000] {processor.py:183} INFO - Processing /home/airflow/dags/data_merge_dag.py took 0.303 seconds
[2026-04-22T21:09:40.545+0000] {processor.py:161} INFO - Started process (PID=1528) to work on /home/airflow/dags/data_merge_dag.py
[2026-04-22T21:09:40.547+0000] {processor.py:830} INFO - Processing file /home/airflow/dags/data_merge_dag.py for tasks to queue
[2026-04-22T21:09:40.548+0000] {logging_mixin.py:188} INFO - [2026-04-22T21:09:40.548+0000] {dagbag.py:538} INFO - Filling up the DagBag from /home/airflow/dags/data_merge_dag.py
[2026-04-22T21:09:40.805+0000] {processor.py:840} INFO - DAG(s) 'data_merge_pipeline' retrieved from /home/airflow/dags/data_merge_dag.py
[2026-04-22T21:09:40.832+0000] {logging_mixin.py:188} INFO - [2026-04-22T21:09:40.832+0000] {dag.py:3036} INFO - Sync 1 DAGs
[2026-04-22T21:09:40.854+0000] {logging_mixin.py:188} INFO - [2026-04-22T21:09:40.854+0000] {dag.py:3823} INFO - Setting next_dagrun for data_merge_pipeline to 2026-04-26 00:00:00+00:00, run_after=2026-05-03 00:00:00+00:00
[2026-04-22T21:09:40.877+0000] {processor.py:183} INFO - Processing /home/airflow/dags/data_merge_dag.py took 0.336 seconds
[2026-04-22T21:10:11.108+0000] {processor.py:161} INFO - Started process (PID=1534) to work on /home/airflow/dags/data_merge_dag.py
[2026-04-22T21:10:11.109+0000] {processor.py:830} INFO - Processing file /home/airflow/dags/data_merge_dag.py for tasks to queue
[2026-04-22T21:10:11.111+0000] {logging_mixin.py:188} INFO - [2026-04-22T21:10:11.110+0000] {dagbag.py:538} INFO - Filling up the DagBag from /home/airflow/dags/data_merge_dag.py
[2026-04-22T21:10:11.444+0000] {processor.py:840} INFO - DAG(s) 'data_merge_pipeline' retrieved from /home/airflow/dags/data_merge_dag.py
[2026-04-22T21:10:11.476+0000] {logging_mixin.py:188} INFO - [2026-04-22T21:10:11.476+0000] {dag.py:3036} INFO - Sync 1 DAGs
[2026-04-22T21:10:11.510+0000] {logging_mixin.py:188} INFO - [2026-04-22T21:10:11.510+0000] {dag.py:3823} INFO - Setting next_dagrun for data_merge_pipeline to 2026-04-26 00:00:00+00:00, run_after=2026-05-03 00:00:00+00:00
[2026-04-22T21:10:11.541+0000] {processor.py:183} INFO - Processing /home/airflow/dags/data_merge_dag.py took 0.438 seconds
[2026-04-22T21:10:41.770+0000] {processor.py:161} INFO - Started process (PID=1540) to work on /home/airflow/dags/data_merge_dag.py
[2026-04-22T21:10:41.772+0000] {processor.py:830} INFO - Processing file /home/airflow/dags/data_merge_dag.py for tasks to queue
[2026-04-22T21:10:41.774+0000] {logging_mixin.py:188} INFO - [2026-04-22T21:10:41.773+0000] {dagbag.py:538} INFO - Filling up the DagBag from /home/airflow/dags/data_merge_dag.py
[2026-04-22T21:10:42.140+0000] {processor.py:840} INFO - DAG(s) 'data_merge_pipeline' retrieved from /home/airflow/dags/data_merge_dag.py
[2026-04-22T21:10:42.184+0000] {logging_mixin.py:188} INFO - [2026-04-22T21:10:42.182+0000] {dag.py:3036} INFO - Sync 1 DAGs
[2026-04-22T21:10:42.208+0000] {logging_mixin.py:188} INFO - [2026-04-22T21:10:42.208+0000] {dag.py:3823} INFO - Setting next_dagrun for data_merge_pipeline to 2026-04-26 00:00:00+00:00, run_after=2026-05-03 00:00:00+00:00
[2026-04-22T21:10:42.228+0000] {processor.py:183} INFO - Processing /home/airflow/dags/data_merge_dag.py took 0.462 seconds
[2026-04-22T21:11:12.439+0000] {processor.py:161} INFO - Started process (PID=1546) to work on /home/airflow/dags/data_merge_dag.py
[2026-04-22T21:11:12.441+0000] {processor.py:830} INFO - Processing file /home/airflow/dags/data_merge_dag.py for tasks to queue
[2026-04-22T21:11:12.443+0000] {logging_mixin.py:188} INFO - [2026-04-22T21:11:12.442+0000] {dagbag.py:538} INFO - Filling up the DagBag from /home/airflow/dags/data_merge_dag.py
[2026-04-22T21:11:12.791+0000] {processor.py:840} INFO - DAG(s) 'data_merge_pipeline' retrieved from /home/airflow/dags/data_merge_dag.py
[2026-04-22T21:11:12.825+0000] {logging_mixin.py:188} INFO - [2026-04-22T21:11:12.824+0000] {dag.py:3036} INFO - Sync 1 DAGs
[2026-04-22T21:11:12.855+0000] {logging_mixin.py:188} INFO - [2026-04-22T21:11:12.854+0000] {dag.py:3823} INFO - Setting next_dagrun for data_merge_pipeline to 2026-04-26 00:00:00+00:00, run_after=2026-05-03 00:00:00+00:00
[2026-04-22T21:11:12.881+0000] {processor.py:183} INFO - Processing /home/airflow/dags/data_merge_dag.py took 0.448 seconds
[2026-04-22T21:11:43.102+0000] {processor.py:161} INFO - Started process (PID=1552) to work on /home/airflow/dags/data_merge_dag.py
[2026-04-22T21:11:43.104+0000] {processor.py:830} INFO - Processing file /home/airflow/dags/data_merge_dag.py for tasks to queue
[2026-04-22T21:11:43.105+0000] {logging_mixin.py:188} INFO - [2026-04-22T21:11:43.105+0000] {dagbag.py:538} INFO - Filling up the DagBag from /home/airflow/dags/data_merge_dag.py
[2026-04-22T21:11:43.417+0000] {processor.py:840} INFO - DAG(s) 'data_merge_pipeline' retrieved from /home/airflow/dags/data_merge_dag.py
[2026-04-22T21:11:43.442+0000] {logging_mixin.py:188} INFO - [2026-04-22T21:11:43.441+0000] {dag.py:3036} INFO - Sync 1 DAGs
[2026-04-22T21:11:43.461+0000] {logging_mixin.py:188} INFO - [2026-04-22T21:11:43.461+0000] {dag.py:3823} INFO - Setting next_dagrun for data_merge_pipeline to 2026-04-26 00:00:00+00:00, run_after=2026-05-03 00:00:00+00:00
[2026-04-22T21:11:43.876+0000] {processor.py:183} INFO - Processing /home/airflow/dags/data_merge_dag.py took 0.778 seconds
[2026-04-22T21:12:14.079+0000] {processor.py:161} INFO - Started process (PID=1558) to work on /home/airflow/dags/data_merge_dag.py
[2026-04-22T21:12:14.080+0000] {processor.py:830} INFO - Processing file /home/airflow/dags/data_merge_dag.py for tasks to queue
[2026-04-22T21:12:14.081+0000] {logging_mixin.py:188} INFO - [2026-04-22T21:12:14.081+0000] {dagbag.py:538} INFO - Filling up the DagBag from /home/airflow/dags/data_merge_dag.py
[2026-04-22T21:12:14.345+0000] {processor.py:840} INFO - DAG(s) 'data_merge_pipeline' retrieved from /home/airflow/dags/data_merge_dag.py
[2026-04-22T21:12:14.374+0000] {logging_mixin.py:188} INFO - [2026-04-22T21:12:14.372+0000] {dag.py:3036} INFO - Sync 1 DAGs
[2026-04-22T21:12:14.395+0000] {logging_mixin.py:188} INFO - [2026-04-22T21:12:14.394+0000] {dag.py:3823} INFO - Setting next_dagrun for data_merge_pipeline to 2026-04-26 00:00:00+00:00, run_after=2026-05-03 00:00:00+00:00
[2026-04-22T21:12:14.418+0000] {processor.py:183} INFO - Processing /home/airflow/dags/data_merge_dag.py took 0.344 seconds
[2026-04-22T21:12:44.622+0000] {processor.py:161} INFO - Started process (PID=1564) to work on /home/airflow/dags/data_merge_dag.py
[2026-04-22T21:12:44.623+0000] {processor.py:830} INFO - Processing file /home/airflow/dags/data_merge_dag.py for tasks to queue
[2026-04-22T21:12:44.624+0000] {logging_mixin.py:188} INFO - [2026-04-22T21:12:44.623+0000] {dagbag.py:538} INFO - Filling up the DagBag from /home/airflow/dags/data_merge_dag.py
[2026-04-22T21:12:44.861+0000] {processor.py:840} INFO - DAG(s) 'data_merge_pipeline' retrieved from /home/airflow/dags/data_merge_dag.py
[2026-04-22T21:12:44.885+0000] {logging_mixin.py:188} INFO - [2026-04-22T21:12:44.885+0000] {dag.py:3036} INFO - Sync 1 DAGs
[2026-04-22T21:12:44.905+0000] {logging_mixin.py:188} INFO - [2026-04-22T21:12:44.904+0000] {dag.py:3823} INFO - Setting next_dagrun for data_merge_pipeline to 2026-04-26 00:00:00+00:00, run_after=2026-05-03 00:00:00+00:00
[2026-04-22T21:12:44.925+0000] {processor.py:183} INFO - Processing /home/airflow/dags/data_merge_dag.py took 0.307 seconds
[2026-04-22T21:13:15.135+0000] {processor.py:161} INFO - Started process (PID=1570) to work on /home/airflow/dags/data_merge_dag.py
[2026-04-22T21:13:15.136+0000] {processor.py:830} INFO - Processing file /home/airflow/dags/data_merge_dag.py for tasks to queue
[2026-04-22T21:13:15.138+0000] {logging_mixin.py:188} INFO - [2026-04-22T21:13:15.137+0000] {dagbag.py:538} INFO - Filling up the DagBag from /home/airflow/dags/data_merge_dag.py
[2026-04-22T21:13:15.385+0000] {processor.py:840} INFO - DAG(s) 'data_merge_pipeline' retrieved from /home/airflow/dags/data_merge_dag.py
[2026-04-22T21:13:15.412+0000] {logging_mixin.py:188} INFO - [2026-04-22T21:13:15.411+0000] {dag.py:3036} INFO - Sync 1 DAGs
[2026-04-22T21:13:15.433+0000] {logging_mixin.py:188} INFO - [2026-04-22T21:13:15.433+0000] {dag.py:3823} INFO - Setting next_dagrun for data_merge_pipeline to 2026-04-26 00:00:00+00:00, run_after=2026-05-03 00:00:00+00:00
[2026-04-22T21:13:15.605+0000] {processor.py:183} INFO - Processing /home/airflow/dags/data_merge_dag.py took 0.474 seconds
[2026-04-22T21:13:45.813+0000] {processor.py:161} INFO - Started process (PID=1576) to work on /home/airflow/dags/data_merge_dag.py
[2026-04-22T21:13:45.814+0000] {processor.py:830} INFO - Processing file /home/airflow/dags/data_merge_dag.py for tasks to queue
[2026-04-22T21:13:45.815+0000] {logging_mixin.py:188} INFO - [2026-04-22T21:13:45.815+0000] {dagbag.py:538} INFO - Filling up the DagBag from /home/airflow/dags/data_merge_dag.py
[2026-04-22T21:13:46.044+0000] {processor.py:840} INFO - DAG(s) 'data_merge_pipeline' retrieved from /home/airflow/dags/data_merge_dag.py
[2026-04-22T21:13:46.067+0000] {logging_mixin.py:188} INFO - [2026-04-22T21:13:46.066+0000] {dag.py:3036} INFO - Sync 1 DAGs
[2026-04-22T21:13:46.085+0000] {logging_mixin.py:188} INFO - [2026-04-22T21:13:46.085+0000] {dag.py:3823} INFO - Setting next_dagrun for data_merge_pipeline to 2026-04-26 00:00:00+00:00, run_after=2026-05-03 00:00:00+00:00
[2026-04-22T21:13:46.105+0000] {processor.py:183} INFO - Processing /home/airflow/dags/data_merge_dag.py took 0.296 seconds
[2026-04-22T21:14:16.310+0000] {processor.py:161} INFO - Started process (PID=1582) to work on /home/airflow/dags/data_merge_dag.py
[2026-04-22T21:14:16.311+0000] {processor.py:830} INFO - Processing file /home/airflow/dags/data_merge_dag.py for tasks to queue
[2026-04-22T21:14:16.312+0000] {logging_mixin.py:188} INFO - [2026-04-22T21:14:16.312+0000] {dagbag.py:538} INFO - Filling up the DagBag from /home/airflow/dags/data_merge_dag.py
[2026-04-22T21:14:16.552+0000] {processor.py:840} INFO - DAG(s) 'data_merge_pipeline' retrieved from /home/airflow/dags/data_merge_dag.py
[2026-04-22T21:14:16.577+0000] {logging_mixin.py:188} INFO - [2026-04-22T21:14:16.576+0000] {dag.py:3036} INFO - Sync 1 DAGs
[2026-04-22T21:14:16.596+0000] {logging_mixin.py:188} INFO - [2026-04-22T21:14:16.596+0000] {dag.py:3823} INFO - Setting next_dagrun for data_merge_pipeline to 2026-04-26 00:00:00+00:00, run_after=2026-05-03 00:00:00+00:00
[2026-04-22T21:14:16.619+0000] {processor.py:183} INFO - Processing /home/airflow/dags/data_merge_dag.py took 0.312 seconds
[2026-04-22T21:14:46.822+0000] {processor.py:161} INFO - Started process (PID=1588) to work on /home/airflow/dags/data_merge_dag.py
[2026-04-22T21:14:46.823+0000] {processor.py:830} INFO - Processing file /home/airflow/dags/data_merge_dag.py for tasks to queue
[2026-04-22T21:14:46.825+0000] {logging_mixin.py:188} INFO - [2026-04-22T21:14:46.824+0000] {dagbag.py:538} INFO - Filling up the DagBag from /home/airflow/dags/data_merge_dag.py
[2026-04-22T21:14:47.060+0000] {processor.py:840} INFO - DAG(s) 'data_merge_pipeline' retrieved from /home/airflow/dags/data_merge_dag.py
[2026-04-22T21:14:47.085+0000] {logging_mixin.py:188} INFO - [2026-04-22T21:14:47.084+0000] {dag.py:3036} INFO - Sync 1 DAGs
[2026-04-22T21:14:47.289+0000] {logging_mixin.py:188} INFO - [2026-04-22T21:14:47.288+0000] {dag.py:3823} INFO - Setting next_dagrun for data_merge_pipeline to 2026-04-26 00:00:00+00:00, run_after=2026-05-03 00:00:00+00:00
[2026-04-22T21:14:47.309+0000] {processor.py:183} INFO - Processing /home/airflow/dags/data_merge_dag.py took 0.492 seconds
[2026-04-22T21:15:17.522+0000] {processor.py:161} INFO - Started process (PID=1594) to work on /home/airflow/dags/data_merge_dag.py
[2026-04-22T21:15:17.524+0000] {processor.py:830} INFO - Processing file /home/airflow/dags/data_merge_dag.py for tasks to queue
[2026-04-22T21:15:17.525+0000] {logging_mixin.py:188} INFO - [2026-04-22T21:15:17.524+0000] {dagbag.py:538} INFO - Filling up the DagBag from /home/airflow/dags/data_merge_dag.py
[2026-04-22T21:15:17.767+0000] {processor.py:840} INFO - DAG(s) 'data_merge_pipeline' retrieved from /home/airflow/dags/data_merge_dag.py
[2026-04-22T21:15:17.795+0000] {logging_mixin.py:188} INFO - [2026-04-22T21:15:17.794+0000] {dag.py:3036} INFO - Sync 1 DAGs
[2026-04-22T21:15:17.817+0000] {logging_mixin.py:188} INFO - [2026-04-22T21:15:17.817+0000] {dag.py:3823} INFO - Setting next_dagrun for data_merge_pipeline to 2026-04-26 00:00:00+00:00, run_after=2026-05-03 00:00:00+00:00
[2026-04-22T21:15:17.841+0000] {processor.py:183} INFO - Processing /home/airflow/dags/data_merge_dag.py took 0.324 seconds
[2026-04-22T21:15:48.048+0000] {processor.py:161} INFO - Started process (PID=1600) to work on /home/airflow/dags/data_merge_dag.py
[2026-04-22T21:15:48.049+0000] {processor.py:830} INFO - Processing file /home/airflow/dags/data_merge_dag.py for tasks to queue
[2026-04-22T21:15:48.050+0000] {logging_mixin.py:188} INFO - [2026-04-22T21:15:48.050+0000] {dagbag.py:538} INFO - Filling up the DagBag from /home/airflow/dags/data_merge_dag.py
[2026-04-22T21:15:48.295+0000] {processor.py:840} INFO - DAG(s) 'data_merge_pipeline' retrieved from /home/airflow/dags/data_merge_dag.py
[2026-04-22T21:15:48.322+0000] {logging_mixin.py:188} INFO - [2026-04-22T21:15:48.321+0000] {dag.py:3036} INFO - Sync 1 DAGs
[2026-04-22T21:15:48.342+0000] {logging_mixin.py:188} INFO - [2026-04-22T21:15:48.341+0000] {dag.py:3823} INFO - Setting next_dagrun for data_merge_pipeline to 2026-04-26 00:00:00+00:00, run_after=2026-05-03 00:00:00+00:00
[2026-04-22T21:15:48.366+0000] {processor.py:183} INFO - Processing /home/airflow/dags/data_merge_dag.py took 0.322 seconds
[2026-04-22T21:16:18.569+0000] {processor.py:161} INFO - Started process (PID=1606) to work on /home/airflow/dags/data_merge_dag.py
[2026-04-22T21:16:18.570+0000] {processor.py:830} INFO - Processing file /home/airflow/dags/data_merge_dag.py for tasks to queue
[2026-04-22T21:16:18.572+0000] {logging_mixin.py:188} INFO - [2026-04-22T21:16:18.571+0000] {dagbag.py:538} INFO - Filling up the DagBag from /home/airflow/dags/data_merge_dag.py
[2026-04-22T21:16:18.848+0000] {processor.py:840} INFO - DAG(s) 'data_merge_pipeline' retrieved from /home/airflow/dags/data_merge_dag.py
[2026-04-22T21:16:18.872+0000] {logging_mixin.py:188} INFO - [2026-04-22T21:16:18.872+0000] {dag.py:3036} INFO - Sync 1 DAGs
[2026-04-22T21:16:19.047+0000] {logging_mixin.py:188} INFO - [2026-04-22T21:16:19.046+0000] {dag.py:3823} INFO - Setting next_dagrun for data_merge_pipeline to 2026-04-26 00:00:00+00:00, run_after=2026-05-03 00:00:00+00:00
[2026-04-22T21:16:19.068+0000] {processor.py:183} INFO - Processing /home/airflow/dags/data_merge_dag.py took 0.502 seconds
[2026-04-22T21:16:49.290+0000] {processor.py:161} INFO - Started process (PID=1612) to work on /home/airflow/dags/data_merge_dag.py
[2026-04-22T21:16:49.292+0000] {processor.py:830} INFO - Processing file /home/airflow/dags/data_merge_dag.py for tasks to queue
[2026-04-22T21:16:49.293+0000] {logging_mixin.py:188} INFO - [2026-04-22T21:16:49.292+0000] {dagbag.py:538} INFO - Filling up the DagBag from /home/airflow/dags/data_merge_dag.py
[2026-04-22T21:16:49.548+0000] {processor.py:840} INFO - DAG(s) 'data_merge_pipeline' retrieved from /home/airflow/dags/data_merge_dag.py
[2026-04-22T21:16:49.575+0000] {logging_mixin.py:188} INFO - [2026-04-22T21:16:49.575+0000] {dag.py:3036} INFO - Sync 1 DAGs
[2026-04-22T21:16:49.595+0000] {logging_mixin.py:188} INFO - [2026-04-22T21:16:49.595+0000] {dag.py:3823} INFO - Setting next_dagrun for data_merge_pipeline to 2026-04-26 00:00:00+00:00, run_after=2026-05-03 00:00:00+00:00
[2026-04-22T21:16:49.617+0000] {processor.py:183} INFO - Processing /home/airflow/dags/data_merge_dag.py took 0.331 seconds
[2026-04-22T21:17:19.826+0000] {processor.py:161} INFO - Started process (PID=1618) to work on /home/airflow/dags/data_merge_dag.py
[2026-04-22T21:17:19.827+0000] {processor.py:830} INFO - Processing file /home/airflow/dags/data_merge_dag.py for tasks to queue
[2026-04-22T21:17:19.828+0000] {logging_mixin.py:188} INFO - [2026-04-22T21:17:19.828+0000] {dagbag.py:538} INFO - Filling up the DagBag from /home/airflow/dags/data_merge_dag.py
[2026-04-22T21:17:20.044+0000] {processor.py:840} INFO - DAG(s) 'data_merge_pipeline' retrieved from /home/airflow/dags/data_merge_dag.py
[2026-04-22T21:17:20.067+0000] {logging_mixin.py:188} INFO - [2026-04-22T21:17:20.066+0000] {dag.py:3036} INFO - Sync 1 DAGs
[2026-04-22T21:17:20.085+0000] {logging_mixin.py:188} INFO - [2026-04-22T21:17:20.085+0000] {dag.py:3823} INFO - Setting next_dagrun for data_merge_pipeline to 2026-04-26 00:00:00+00:00, run_after=2026-05-03 00:00:00+00:00
[2026-04-22T21:17:20.104+0000] {processor.py:183} INFO - Processing /home/airflow/dags/data_merge_dag.py took 0.281 seconds
[2026-04-22T21:17:50.295+0000] {processor.py:161} INFO - Started process (PID=1624) to work on /home/airflow/dags/data_merge_dag.py
[2026-04-22T21:17:50.297+0000] {processor.py:830} INFO - Processing file /home/airflow/dags/data_merge_dag.py for tasks to queue
[2026-04-22T21:17:50.299+0000] {logging_mixin.py:188} INFO - [2026-04-22T21:17:50.298+0000] {dagbag.py:538} INFO - Filling up the DagBag from /home/airflow/dags/data_merge_dag.py
[2026-04-22T21:17:50.581+0000] {processor.py:840} INFO - DAG(s) 'data_merge_pipeline' retrieved from /home/airflow/dags/data_merge_dag.py
[2026-04-22T21:17:50.606+0000] {logging_mixin.py:188} INFO - [2026-04-22T21:17:50.606+0000] {dag.py:3036} INFO - Sync 1 DAGs
[2026-04-22T21:17:50.771+0000] {logging_mixin.py:188} INFO - [2026-04-22T21:17:50.771+0000] {dag.py:3823} INFO - Setting next_dagrun for data_merge_pipeline to 2026-04-26 00:00:00+00:00, run_after=2026-05-03 00:00:00+00:00
[2026-04-22T21:17:50.790+0000] {processor.py:183} INFO - Processing /home/airflow/dags/data_merge_dag.py took 0.500 seconds
[2026-04-22T21:18:21.007+0000] {processor.py:161} INFO - Started process (PID=1630) to work on /home/airflow/dags/data_merge_dag.py
[2026-04-22T21:18:21.008+0000] {processor.py:830} INFO - Processing file /home/airflow/dags/data_merge_dag.py for tasks to queue
[2026-04-22T21:18:21.009+0000] {logging_mixin.py:188} INFO - [2026-04-22T21:18:21.009+0000] {dagbag.py:538} INFO - Filling up the DagBag from /home/airflow/dags/data_merge_dag.py
[2026-04-22T21:18:21.278+0000] {processor.py:840} INFO - DAG(s) 'data_merge_pipeline' retrieved from /home/airflow/dags/data_merge_dag.py
[2026-04-22T21:18:21.310+0000] {logging_mixin.py:188} INFO - [2026-04-22T21:18:21.309+0000] {dag.py:3036} INFO - Sync 1 DAGs
[2026-04-22T21:18:21.337+0000] {logging_mixin.py:188} INFO - [2026-04-22T21:18:21.336+0000] {dag.py:3823} INFO - Setting next_dagrun for data_merge_pipeline to 2026-04-26 00:00:00+00:00, run_after=2026-05-03 00:00:00+00:00
[2026-04-22T21:18:21.369+0000] {processor.py:183} INFO - Processing /home/airflow/dags/data_merge_dag.py took 0.366 seconds
[2026-04-22T21:18:51.579+0000] {processor.py:161} INFO - Started process (PID=1636) to work on /home/airflow/dags/data_merge_dag.py
[2026-04-22T21:18:51.580+0000] {processor.py:830} INFO - Processing file /home/airflow/dags/data_merge_dag.py for tasks to queue
[2026-04-22T21:18:51.581+0000] {logging_mixin.py:188} INFO - [2026-04-22T21:18:51.581+0000] {dagbag.py:538} INFO - Filling up the DagBag from /home/airflow/dags/data_merge_dag.py
[2026-04-22T21:18:51.879+0000] {processor.py:840} INFO - DAG(s) 'data_merge_pipeline' retrieved from /home/airflow/dags/data_merge_dag.py
[2026-04-22T21:18:51.904+0000] {logging_mixin.py:188} INFO - [2026-04-22T21:18:51.903+0000] {dag.py:3036} INFO - Sync 1 DAGs
[2026-04-22T21:18:51.929+0000] {logging_mixin.py:188} INFO - [2026-04-22T21:18:51.929+0000] {dag.py:3823} INFO - Setting next_dagrun for data_merge_pipeline to 2026-04-26 00:00:00+00:00, run_after=2026-05-03 00:00:00+00:00
[2026-04-22T21:18:51.955+0000] {processor.py:183} INFO - Processing /home/airflow/dags/data_merge_dag.py took 0.379 seconds
[2026-04-22T21:19:22.263+0000] {processor.py:161} INFO - Started process (PID=1642) to work on /home/airflow/dags/data_merge_dag.py
[2026-04-22T21:19:22.264+0000] {processor.py:830} INFO - Processing file /home/airflow/dags/data_merge_dag.py for tasks to queue
[2026-04-22T21:19:22.267+0000] {logging_mixin.py:188} INFO - [2026-04-22T21:19:22.266+0000] {dagbag.py:538} INFO - Filling up the DagBag from /home/airflow/dags/data_merge_dag.py
[2026-04-22T21:19:22.585+0000] {processor.py:840} INFO - DAG(s) 'data_merge_pipeline' retrieved from /home/airflow/dags/data_merge_dag.py
[2026-04-22T21:19:22.622+0000] {logging_mixin.py:188} INFO - [2026-04-22T21:19:22.621+0000] {dag.py:3036} INFO - Sync 1 DAGs
[2026-04-22T21:19:22.819+0000] {logging_mixin.py:188} INFO - [2026-04-22T21:19:22.819+0000] {dag.py:3823} INFO - Setting next_dagrun for data_merge_pipeline to 2026-04-26 00:00:00+00:00, run_after=2026-05-03 00:00:00+00:00
[2026-04-22T21:19:22.841+0000] {processor.py:183} INFO - Processing /home/airflow/dags/data_merge_dag.py took 0.584 seconds
[2026-04-22T21:19:52.957+0000] {processor.py:161} INFO - Started process (PID=1648) to work on /home/airflow/dags/data_merge_dag.py
[2026-04-22T21:19:52.958+0000] {processor.py:830} INFO - Processing file /home/airflow/dags/data_merge_dag.py for tasks to queue
[2026-04-22T21:19:52.959+0000] {logging_mixin.py:188} INFO - [2026-04-22T21:19:52.959+0000] {dagbag.py:538} INFO - Filling up the DagBag from /home/airflow/dags/data_merge_dag.py
[2026-04-22T21:19:53.204+0000] {processor.py:840} INFO - DAG(s) 'data_merge_pipeline' retrieved from /home/airflow/dags/data_merge_dag.py
[2026-04-22T21:19:53.230+0000] {logging_mixin.py:188} INFO - [2026-04-22T21:19:53.229+0000] {dag.py:3036} INFO - Sync 1 DAGs
[2026-04-22T21:19:53.252+0000] {logging_mixin.py:188} INFO - [2026-04-22T21:19:53.252+0000] {dag.py:3823} INFO - Setting next_dagrun for data_merge_pipeline to 2026-04-26 00:00:00+00:00, run_after=2026-05-03 00:00:00+00:00
[2026-04-22T21:19:53.277+0000] {processor.py:183} INFO - Processing /home/airflow/dags/data_merge_dag.py took 0.323 seconds
[2026-04-22T21:20:23.480+0000] {processor.py:161} INFO - Started process (PID=1654) to work on /home/airflow/dags/data_merge_dag.py
[2026-04-22T21:20:23.482+0000] {processor.py:830} INFO - Processing file /home/airflow/dags/data_merge_dag.py for tasks to queue
[2026-04-22T21:20:23.483+0000] {logging_mixin.py:188} INFO - [2026-04-22T21:20:23.482+0000] {dagbag.py:538} INFO - Filling up the DagBag from /home/airflow/dags/data_merge_dag.py
[2026-04-22T21:20:23.794+0000] {processor.py:840} INFO - DAG(s) 'data_merge_pipeline' retrieved from /home/airflow/dags/data_merge_dag.py
[2026-04-22T21:20:23.825+0000] {logging_mixin.py:188} INFO - [2026-04-22T21:20:23.824+0000] {dag.py:3036} INFO - Sync 1 DAGs
[2026-04-22T21:20:23.849+0000] {logging_mixin.py:188} INFO - [2026-04-22T21:20:23.849+0000] {dag.py:3823} INFO - Setting next_dagrun for data_merge_pipeline to 2026-04-26 00:00:00+00:00, run_after=2026-05-03 00:00:00+00:00
[2026-04-22T21:20:23.877+0000] {processor.py:183} INFO - Processing /home/airflow/dags/data_merge_dag.py took 0.401 seconds
[2026-04-22T21:20:54.089+0000] {processor.py:161} INFO - Started process (PID=1660) to work on /home/airflow/dags/data_merge_dag.py
[2026-04-22T21:20:54.091+0000] {processor.py:830} INFO - Processing file /home/airflow/dags/data_merge_dag.py for tasks to queue
[2026-04-22T21:20:54.092+0000] {logging_mixin.py:188} INFO - [2026-04-22T21:20:54.092+0000] {dagbag.py:538} INFO - Filling up the DagBag from /home/airflow/dags/data_merge_dag.py
[2026-04-22T21:20:54.425+0000] {processor.py:840} INFO - DAG(s) 'data_merge_pipeline' retrieved from /home/airflow/dags/data_merge_dag.py
[2026-04-22T21:20:54.455+0000] {logging_mixin.py:188} INFO - [2026-04-22T21:20:54.455+0000] {dag.py:3036} INFO - Sync 1 DAGs
[2026-04-22T21:20:54.612+0000] {logging_mixin.py:188} INFO - [2026-04-22T21:20:54.612+0000] {dag.py:3823} INFO - Setting next_dagrun for data_merge_pipeline to 2026-04-26 00:00:00+00:00, run_after=2026-05-03 00:00:00+00:00
[2026-04-22T21:20:54.632+0000] {processor.py:183} INFO - Processing /home/airflow/dags/data_merge_dag.py took 0.548 seconds
[2026-04-22T21:21:24.841+0000] {processor.py:161} INFO - Started process (PID=1666) to work on /home/airflow/dags/data_merge_dag.py
[2026-04-22T21:21:24.842+0000] {processor.py:830} INFO - Processing file /home/airflow/dags/data_merge_dag.py for tasks to queue
[2026-04-22T21:21:24.843+0000] {logging_mixin.py:188} INFO - [2026-04-22T21:21:24.843+0000] {dagbag.py:538} INFO - Filling up the DagBag from /home/airflow/dags/data_merge_dag.py
[2026-04-22T21:21:25.079+0000] {processor.py:840} INFO - DAG(s) 'data_merge_pipeline' retrieved from /home/airflow/dags/data_merge_dag.py
[2026-04-22T21:21:25.103+0000] {logging_mixin.py:188} INFO - [2026-04-22T21:21:25.103+0000] {dag.py:3036} INFO - Sync 1 DAGs
[2026-04-22T21:21:25.124+0000] {logging_mixin.py:188} INFO - [2026-04-22T21:21:25.124+0000] {dag.py:3823} INFO - Setting next_dagrun for data_merge_pipeline to 2026-04-26 00:00:00+00:00, run_after=2026-05-03 00:00:00+00:00
[2026-04-22T21:21:25.144+0000] {processor.py:183} INFO - Processing /home/airflow/dags/data_merge_dag.py took 0.306 seconds
[2026-04-22T21:21:55.346+0000] {processor.py:161} INFO - Started process (PID=1672) to work on /home/airflow/dags/data_merge_dag.py
[2026-04-22T21:21:55.347+0000] {processor.py:830} INFO - Processing file /home/airflow/dags/data_merge_dag.py for tasks to queue
[2026-04-22T21:21:55.349+0000] {logging_mixin.py:188} INFO - [2026-04-22T21:21:55.348+0000] {dagbag.py:538} INFO - Filling up the DagBag from /home/airflow/dags/data_merge_dag.py
[2026-04-22T21:21:55.592+0000] {processor.py:840} INFO - DAG(s) 'data_merge_pipeline' retrieved from /home/airflow/dags/data_merge_dag.py
[2026-04-22T21:21:55.616+0000] {logging_mixin.py:188} INFO - [2026-04-22T21:21:55.615+0000] {dag.py:3036} INFO - Sync 1 DAGs
[2026-04-22T21:21:55.635+0000] {logging_mixin.py:188} INFO - [2026-04-22T21:21:55.634+0000] {dag.py:3823} INFO - Setting next_dagrun for data_merge_pipeline to 2026-04-26 00:00:00+00:00, run_after=2026-05-03 00:00:00+00:00
[2026-04-22T21:21:55.654+0000] {processor.py:183} INFO - Processing /home/airflow/dags/data_merge_dag.py took 0.312 seconds
[2026-04-22T21:22:16.834+0000] {processor.py:161} INFO - Started process (PID=1678) to work on /home/airflow/dags/data_merge_dag.py
[2026-04-22T21:22:16.836+0000] {processor.py:830} INFO - Processing file /home/airflow/dags/data_merge_dag.py for tasks to queue
[2026-04-22T21:22:16.837+0000] {logging_mixin.py:188} INFO - [2026-04-22T21:22:16.836+0000] {dagbag.py:538} INFO - Filling up the DagBag from /home/airflow/dags/data_merge_dag.py
[2026-04-22T21:22:16.852+0000] {logging_mixin.py:188} INFO - [2026-04-22T21:22:16.849+0000] {dagbag.py:348} ERROR - Failed to import: /home/airflow/dags/data_merge_dag.py
Traceback (most recent call last):
  File "/home/airflow/.local/lib/python3.11/site-packages/airflow/models/dagbag.py", line 344, in parse
    loader.exec_module(new_module)
  File "<frozen importlib._bootstrap_external>", line 936, in exec_module
  File "<frozen importlib._bootstrap_external>", line 1074, in get_code
  File "<frozen importlib._bootstrap_external>", line 1004, in source_to_code
  File "<frozen importlib._bootstrap>", line 241, in _call_with_frames_removed
  File "/home/airflow/dags/data_merge_dag.py", line 1
    ```python
    ^
SyntaxError: invalid syntax
[2026-04-22T21:22:16.853+0000] {processor.py:842} WARNING - No viable dags retrieved from /home/airflow/dags/data_merge_dag.py
[2026-04-22T21:22:16.880+0000] {processor.py:183} INFO - Processing /home/airflow/dags/data_merge_dag.py took 0.050 seconds
[2026-04-22T21:22:33.952+0000] {processor.py:161} INFO - Started process (PID=1683) to work on /home/airflow/dags/data_merge_dag.py
[2026-04-22T21:22:33.954+0000] {processor.py:830} INFO - Processing file /home/airflow/dags/data_merge_dag.py for tasks to queue
[2026-04-22T21:22:33.956+0000] {logging_mixin.py:188} INFO - [2026-04-22T21:22:33.955+0000] {dagbag.py:538} INFO - Filling up the DagBag from /home/airflow/dags/data_merge_dag.py
[2026-04-22T21:22:34.297+0000] {processor.py:840} INFO - DAG(s) 'data_merge_pipeline' retrieved from /home/airflow/dags/data_merge_dag.py
[2026-04-22T21:22:34.610+0000] {logging_mixin.py:188} INFO - [2026-04-22T21:22:34.609+0000] {dag.py:3036} INFO - Sync 1 DAGs
[2026-04-22T21:22:34.627+0000] {logging_mixin.py:188} INFO - [2026-04-22T21:22:34.627+0000] {dag.py:3823} INFO - Setting next_dagrun for data_merge_pipeline to 2026-04-26 00:00:00+00:00, run_after=2026-05-03 00:00:00+00:00
[2026-04-22T21:22:34.658+0000] {processor.py:183} INFO - Processing /home/airflow/dags/data_merge_dag.py took 0.710 seconds
[2026-04-22T21:23:04.864+0000] {processor.py:161} INFO - Started process (PID=1689) to work on /home/airflow/dags/data_merge_dag.py
[2026-04-22T21:23:04.865+0000] {processor.py:830} INFO - Processing file /home/airflow/dags/data_merge_dag.py for tasks to queue
[2026-04-22T21:23:04.866+0000] {logging_mixin.py:188} INFO - [2026-04-22T21:23:04.866+0000] {dagbag.py:538} INFO - Filling up the DagBag from /home/airflow/dags/data_merge_dag.py
[2026-04-22T21:23:05.117+0000] {processor.py:840} INFO - DAG(s) 'data_merge_pipeline' retrieved from /home/airflow/dags/data_merge_dag.py
[2026-04-22T21:23:05.145+0000] {logging_mixin.py:188} INFO - [2026-04-22T21:23:05.144+0000] {dag.py:3036} INFO - Sync 1 DAGs
[2026-04-22T21:23:05.170+0000] {logging_mixin.py:188} INFO - [2026-04-22T21:23:05.170+0000] {dag.py:3823} INFO - Setting next_dagrun for data_merge_pipeline to 2026-04-26 00:00:00+00:00, run_after=2026-05-03 00:00:00+00:00
[2026-04-22T21:23:05.200+0000] {processor.py:183} INFO - Processing /home/airflow/dags/data_merge_dag.py took 0.339 seconds
[2026-04-22T21:23:35.412+0000] {processor.py:161} INFO - Started process (PID=1695) to work on /home/airflow/dags/data_merge_dag.py
[2026-04-22T21:23:35.414+0000] {processor.py:830} INFO - Processing file /home/airflow/dags/data_merge_dag.py for tasks to queue
[2026-04-22T21:23:35.415+0000] {logging_mixin.py:188} INFO - [2026-04-22T21:23:35.415+0000] {dagbag.py:538} INFO - Filling up the DagBag from /home/airflow/dags/data_merge_dag.py
[2026-04-22T21:23:35.754+0000] {processor.py:840} INFO - DAG(s) 'data_merge_pipeline' retrieved from /home/airflow/dags/data_merge_dag.py
[2026-04-22T21:23:35.792+0000] {logging_mixin.py:188} INFO - [2026-04-22T21:23:35.792+0000] {dag.py:3036} INFO - Sync 1 DAGs
[2026-04-22T21:23:35.821+0000] {logging_mixin.py:188} INFO - [2026-04-22T21:23:35.821+0000] {dag.py:3823} INFO - Setting next_dagrun for data_merge_pipeline to 2026-04-26 00:00:00+00:00, run_after=2026-05-03 00:00:00+00:00
[2026-04-22T21:23:35.881+0000] {processor.py:183} INFO - Processing /home/airflow/dags/data_merge_dag.py took 0.478 seconds
[2026-04-22T21:24:06.141+0000] {processor.py:161} INFO - Started process (PID=1701) to work on /home/airflow/dags/data_merge_dag.py
[2026-04-22T21:24:06.142+0000] {processor.py:830} INFO - Processing file /home/airflow/dags/data_merge_dag.py for tasks to queue
[2026-04-22T21:24:06.143+0000] {logging_mixin.py:188} INFO - [2026-04-22T21:24:06.143+0000] {dagbag.py:538} INFO - Filling up the DagBag from /home/airflow/dags/data_merge_dag.py
[2026-04-22T21:24:06.411+0000] {processor.py:840} INFO - DAG(s) 'data_merge_pipeline' retrieved from /home/airflow/dags/data_merge_dag.py
[2026-04-22T21:24:06.437+0000] {logging_mixin.py:188} INFO - [2026-04-22T21:24:06.437+0000] {dag.py:3036} INFO - Sync 1 DAGs
[2026-04-22T21:24:06.459+0000] {logging_mixin.py:188} INFO - [2026-04-22T21:24:06.459+0000] {dag.py:3823} INFO - Setting next_dagrun for data_merge_pipeline to 2026-04-26 00:00:00+00:00, run_after=2026-05-03 00:00:00+00:00
[2026-04-22T21:24:06.646+0000] {processor.py:183} INFO - Processing /home/airflow/dags/data_merge_dag.py took 0.508 seconds
[2026-04-22T21:24:36.786+0000] {processor.py:161} INFO - Started process (PID=1707) to work on /home/airflow/dags/data_merge_dag.py
[2026-04-22T21:24:36.787+0000] {processor.py:830} INFO - Processing file /home/airflow/dags/data_merge_dag.py for tasks to queue
[2026-04-22T21:24:36.788+0000] {logging_mixin.py:188} INFO - [2026-04-22T21:24:36.788+0000] {dagbag.py:538} INFO - Filling up the DagBag from /home/airflow/dags/data_merge_dag.py
[2026-04-22T21:24:37.067+0000] {processor.py:840} INFO - DAG(s) 'data_merge_pipeline' retrieved from /home/airflow/dags/data_merge_dag.py
[2026-04-22T21:24:37.092+0000] {logging_mixin.py:188} INFO - [2026-04-22T21:24:37.091+0000] {dag.py:3036} INFO - Sync 1 DAGs
[2026-04-22T21:24:37.253+0000] {logging_mixin.py:188} INFO - [2026-04-22T21:24:37.253+0000] {dag.py:3823} INFO - Setting next_dagrun for data_merge_pipeline to 2026-04-26 00:00:00+00:00, run_after=2026-05-03 00:00:00+00:00
[2026-04-22T21:24:37.275+0000] {processor.py:183} INFO - Processing /home/airflow/dags/data_merge_dag.py took 0.492 seconds
[2026-04-22T21:24:39.337+0000] {processor.py:161} INFO - Started process (PID=1713) to work on /home/airflow/dags/data_merge_dag.py
[2026-04-22T21:24:39.338+0000] {processor.py:830} INFO - Processing file /home/airflow/dags/data_merge_dag.py for tasks to queue
[2026-04-22T21:24:39.339+0000] {logging_mixin.py:188} INFO - [2026-04-22T21:24:39.339+0000] {dagbag.py:538} INFO - Filling up the DagBag from /home/airflow/dags/data_merge_dag.py
[2026-04-22T21:24:39.629+0000] {processor.py:840} INFO - DAG(s) 'data_merge_pipeline' retrieved from /home/airflow/dags/data_merge_dag.py
[2026-04-22T21:24:39.918+0000] {logging_mixin.py:188} INFO - [2026-04-22T21:24:39.917+0000] {dag.py:3036} INFO - Sync 1 DAGs
[2026-04-22T21:24:39.927+0000] {logging_mixin.py:188} INFO - [2026-04-22T21:24:39.926+0000] {dag.py:3823} INFO - Setting next_dagrun for data_merge_pipeline to None, run_after=None
[2026-04-22T21:24:39.956+0000] {processor.py:183} INFO - Processing /home/airflow/dags/data_merge_dag.py took 0.623 seconds
[2026-04-22T21:25:10.101+0000] {processor.py:161} INFO - Started process (PID=1719) to work on /home/airflow/dags/data_merge_dag.py
[2026-04-22T21:25:10.103+0000] {processor.py:830} INFO - Processing file /home/airflow/dags/data_merge_dag.py for tasks to queue
[2026-04-22T21:25:10.104+0000] {logging_mixin.py:188} INFO - [2026-04-22T21:25:10.103+0000] {dagbag.py:538} INFO - Filling up the DagBag from /home/airflow/dags/data_merge_dag.py
[2026-04-22T21:25:10.359+0000] {processor.py:840} INFO - DAG(s) 'data_merge_pipeline' retrieved from /home/airflow/dags/data_merge_dag.py
[2026-04-22T21:25:10.387+0000] {logging_mixin.py:188} INFO - [2026-04-22T21:25:10.387+0000] {dag.py:3036} INFO - Sync 1 DAGs
[2026-04-22T21:25:10.402+0000] {logging_mixin.py:188} INFO - [2026-04-22T21:25:10.402+0000] {dag.py:3823} INFO - Setting next_dagrun for data_merge_pipeline to None, run_after=None
[2026-04-22T21:25:10.432+0000] {processor.py:183} INFO - Processing /home/airflow/dags/data_merge_dag.py took 0.335 seconds
[2026-04-22T21:25:40.661+0000] {processor.py:161} INFO - Started process (PID=1725) to work on /home/airflow/dags/data_merge_dag.py
[2026-04-22T21:25:40.662+0000] {processor.py:830} INFO - Processing file /home/airflow/dags/data_merge_dag.py for tasks to queue
[2026-04-22T21:25:40.664+0000] {logging_mixin.py:188} INFO - [2026-04-22T21:25:40.663+0000] {dagbag.py:538} INFO - Filling up the DagBag from /home/airflow/dags/data_merge_dag.py
[2026-04-22T21:25:40.961+0000] {processor.py:840} INFO - DAG(s) 'data_merge_pipeline' retrieved from /home/airflow/dags/data_merge_dag.py
[2026-04-22T21:25:40.984+0000] {logging_mixin.py:188} INFO - [2026-04-22T21:25:40.984+0000] {dag.py:3036} INFO - Sync 1 DAGs
[2026-04-22T21:25:40.995+0000] {logging_mixin.py:188} INFO - [2026-04-22T21:25:40.994+0000] {dag.py:3823} INFO - Setting next_dagrun for data_merge_pipeline to None, run_after=None
[2026-04-22T21:25:41.016+0000] {processor.py:183} INFO - Processing /home/airflow/dags/data_merge_dag.py took 0.359 seconds
[2026-04-22T21:26:11.225+0000] {processor.py:161} INFO - Started process (PID=1731) to work on /home/airflow/dags/data_merge_dag.py
[2026-04-22T21:26:11.226+0000] {processor.py:830} INFO - Processing file /home/airflow/dags/data_merge_dag.py for tasks to queue
[2026-04-22T21:26:11.228+0000] {logging_mixin.py:188} INFO - [2026-04-22T21:26:11.227+0000] {dagbag.py:538} INFO - Filling up the DagBag from /home/airflow/dags/data_merge_dag.py
[2026-04-22T21:26:11.546+0000] {processor.py:840} INFO - DAG(s) 'data_merge_pipeline' retrieved from /home/airflow/dags/data_merge_dag.py
[2026-04-22T21:26:11.574+0000] {logging_mixin.py:188} INFO - [2026-04-22T21:26:11.574+0000] {dag.py:3036} INFO - Sync 1 DAGs
[2026-04-22T21:26:11.587+0000] {logging_mixin.py:188} INFO - [2026-04-22T21:26:11.587+0000] {dag.py:3823} INFO - Setting next_dagrun for data_merge_pipeline to None, run_after=None
[2026-04-22T21:26:11.615+0000] {processor.py:183} INFO - Processing /home/airflow/dags/data_merge_dag.py took 0.394 seconds
[2026-04-22T21:26:41.837+0000] {processor.py:161} INFO - Started process (PID=1737) to work on /home/airflow/dags/data_merge_dag.py
[2026-04-22T21:26:41.840+0000] {processor.py:830} INFO - Processing file /home/airflow/dags/data_merge_dag.py for tasks to queue
[2026-04-22T21:26:41.842+0000] {logging_mixin.py:188} INFO - [2026-04-22T21:26:41.841+0000] {dagbag.py:538} INFO - Filling up the DagBag from /home/airflow/dags/data_merge_dag.py
[2026-04-22T21:26:42.135+0000] {processor.py:840} INFO - DAG(s) 'data_merge_pipeline' retrieved from /home/airflow/dags/data_merge_dag.py
[2026-04-22T21:26:42.167+0000] {logging_mixin.py:188} INFO - [2026-04-22T21:26:42.166+0000] {dag.py:3036} INFO - Sync 1 DAGs
[2026-04-22T21:26:42.353+0000] {logging_mixin.py:188} INFO - [2026-04-22T21:26:42.353+0000] {dag.py:3823} INFO - Setting next_dagrun for data_merge_pipeline to None, run_after=None
[2026-04-22T21:26:42.378+0000] {processor.py:183} INFO - Processing /home/airflow/dags/data_merge_dag.py took 0.545 seconds
[2026-04-22T21:27:12.707+0000] {processor.py:161} INFO - Started process (PID=1743) to work on /home/airflow/dags/data_merge_dag.py
[2026-04-22T21:27:12.709+0000] {processor.py:830} INFO - Processing file /home/airflow/dags/data_merge_dag.py for tasks to queue
[2026-04-22T21:27:12.711+0000] {logging_mixin.py:188} INFO - [2026-04-22T21:27:12.710+0000] {dagbag.py:538} INFO - Filling up the DagBag from /home/airflow/dags/data_merge_dag.py
[2026-04-22T21:27:13.091+0000] {processor.py:840} INFO - DAG(s) 'data_merge_pipeline' retrieved from /home/airflow/dags/data_merge_dag.py
[2026-04-22T21:27:13.299+0000] {logging_mixin.py:188} INFO - [2026-04-22T21:27:13.299+0000] {dag.py:3036} INFO - Sync 1 DAGs
[2026-04-22T21:27:13.311+0000] {logging_mixin.py:188} INFO - [2026-04-22T21:27:13.311+0000] {dag.py:3823} INFO - Setting next_dagrun for data_merge_pipeline to None, run_after=None
[2026-04-22T21:27:13.333+0000] {processor.py:183} INFO - Processing /home/airflow/dags/data_merge_dag.py took 0.631 seconds
[2026-04-22T21:27:43.548+0000] {processor.py:161} INFO - Started process (PID=1749) to work on /home/airflow/dags/data_merge_dag.py
[2026-04-22T21:27:43.550+0000] {processor.py:830} INFO - Processing file /home/airflow/dags/data_merge_dag.py for tasks to queue
[2026-04-22T21:27:43.551+0000] {logging_mixin.py:188} INFO - [2026-04-22T21:27:43.551+0000] {dagbag.py:538} INFO - Filling up the DagBag from /home/airflow/dags/data_merge_dag.py
[2026-04-22T21:27:43.810+0000] {processor.py:840} INFO - DAG(s) 'data_merge_pipeline' retrieved from /home/airflow/dags/data_merge_dag.py
[2026-04-22T21:27:43.837+0000] {logging_mixin.py:188} INFO - [2026-04-22T21:27:43.837+0000] {dag.py:3036} INFO - Sync 1 DAGs
[2026-04-22T21:27:43.849+0000] {logging_mixin.py:188} INFO - [2026-04-22T21:27:43.848+0000] {dag.py:3823} INFO - Setting next_dagrun for data_merge_pipeline to None, run_after=None
[2026-04-22T21:27:43.878+0000] {processor.py:183} INFO - Processing /home/airflow/dags/data_merge_dag.py took 0.334 seconds
[2026-04-22T21:28:14.104+0000] {processor.py:161} INFO - Started process (PID=1755) to work on /home/airflow/dags/data_merge_dag.py
[2026-04-22T21:28:14.106+0000] {processor.py:830} INFO - Processing file /home/airflow/dags/data_merge_dag.py for tasks to queue
[2026-04-22T21:28:14.107+0000] {logging_mixin.py:188} INFO - [2026-04-22T21:28:14.106+0000] {dagbag.py:538} INFO - Filling up the DagBag from /home/airflow/dags/data_merge_dag.py
[2026-04-22T21:28:14.397+0000] {processor.py:840} INFO - DAG(s) 'data_merge_pipeline' retrieved from /home/airflow/dags/data_merge_dag.py
[2026-04-22T21:28:14.425+0000] {logging_mixin.py:188} INFO - [2026-04-22T21:28:14.425+0000] {dag.py:3036} INFO - Sync 1 DAGs
[2026-04-22T21:28:14.439+0000] {logging_mixin.py:188} INFO - [2026-04-22T21:28:14.439+0000] {dag.py:3823} INFO - Setting next_dagrun for data_merge_pipeline to None, run_after=None
[2026-04-22T21:28:14.470+0000] {processor.py:183} INFO - Processing /home/airflow/dags/data_merge_dag.py took 0.369 seconds
[2026-04-22T21:28:44.714+0000] {processor.py:161} INFO - Started process (PID=1761) to work on /home/airflow/dags/data_merge_dag.py
[2026-04-22T21:28:44.715+0000] {processor.py:830} INFO - Processing file /home/airflow/dags/data_merge_dag.py for tasks to queue
[2026-04-22T21:28:44.717+0000] {logging_mixin.py:188} INFO - [2026-04-22T21:28:44.716+0000] {dagbag.py:538} INFO - Filling up the DagBag from /home/airflow/dags/data_merge_dag.py
[2026-04-22T21:28:44.974+0000] {processor.py:840} INFO - DAG(s) 'data_merge_pipeline' retrieved from /home/airflow/dags/data_merge_dag.py
[2026-04-22T21:28:45.001+0000] {logging_mixin.py:188} INFO - [2026-04-22T21:28:45.001+0000] {dag.py:3036} INFO - Sync 1 DAGs
[2026-04-22T21:28:45.151+0000] {logging_mixin.py:188} INFO - [2026-04-22T21:28:45.151+0000] {dag.py:3823} INFO - Setting next_dagrun for data_merge_pipeline to None, run_after=None
[2026-04-22T21:28:45.174+0000] {processor.py:183} INFO - Processing /home/airflow/dags/data_merge_dag.py took 0.464 seconds
[2026-04-22T21:29:15.456+0000] {processor.py:161} INFO - Started process (PID=1767) to work on /home/airflow/dags/data_merge_dag.py
[2026-04-22T21:29:15.457+0000] {processor.py:830} INFO - Processing file /home/airflow/dags/data_merge_dag.py for tasks to queue
[2026-04-22T21:29:15.459+0000] {logging_mixin.py:188} INFO - [2026-04-22T21:29:15.458+0000] {dagbag.py:538} INFO - Filling up the DagBag from /home/airflow/dags/data_merge_dag.py
[2026-04-22T21:29:15.697+0000] {processor.py:840} INFO - DAG(s) 'data_merge_pipeline' retrieved from /home/airflow/dags/data_merge_dag.py
[2026-04-22T21:29:15.854+0000] {logging_mixin.py:188} INFO - [2026-04-22T21:29:15.854+0000] {dag.py:3036} INFO - Sync 1 DAGs
[2026-04-22T21:29:15.863+0000] {logging_mixin.py:188} INFO - [2026-04-22T21:29:15.863+0000] {dag.py:3823} INFO - Setting next_dagrun for data_merge_pipeline to None, run_after=None
[2026-04-22T21:29:15.884+0000] {processor.py:183} INFO - Processing /home/airflow/dags/data_merge_dag.py took 0.432 seconds
[2026-04-22T21:29:46.069+0000] {processor.py:161} INFO - Started process (PID=1773) to work on /home/airflow/dags/data_merge_dag.py
[2026-04-22T21:29:46.070+0000] {processor.py:830} INFO - Processing file /home/airflow/dags/data_merge_dag.py for tasks to queue
[2026-04-22T21:29:46.071+0000] {logging_mixin.py:188} INFO - [2026-04-22T21:29:46.070+0000] {dagbag.py:538} INFO - Filling up the DagBag from /home/airflow/dags/data_merge_dag.py
[2026-04-22T21:29:46.299+0000] {processor.py:840} INFO - DAG(s) 'data_merge_pipeline' retrieved from /home/airflow/dags/data_merge_dag.py
[2026-04-22T21:29:46.320+0000] {logging_mixin.py:188} INFO - [2026-04-22T21:29:46.319+0000] {dag.py:3036} INFO - Sync 1 DAGs
[2026-04-22T21:29:46.329+0000] {logging_mixin.py:188} INFO - [2026-04-22T21:29:46.329+0000] {dag.py:3823} INFO - Setting next_dagrun for data_merge_pipeline to None, run_after=None
[2026-04-22T21:29:46.349+0000] {processor.py:183} INFO - Processing /home/airflow/dags/data_merge_dag.py took 0.283 seconds
[2026-04-22T21:30:16.552+0000] {processor.py:161} INFO - Started process (PID=1779) to work on /home/airflow/dags/data_merge_dag.py
[2026-04-22T21:30:16.553+0000] {processor.py:830} INFO - Processing file /home/airflow/dags/data_merge_dag.py for tasks to queue
[2026-04-22T21:30:16.555+0000] {logging_mixin.py:188} INFO - [2026-04-22T21:30:16.554+0000] {dagbag.py:538} INFO - Filling up the DagBag from /home/airflow/dags/data_merge_dag.py
[2026-04-22T21:30:16.801+0000] {processor.py:840} INFO - DAG(s) 'data_merge_pipeline' retrieved from /home/airflow/dags/data_merge_dag.py
[2026-04-22T21:30:16.827+0000] {logging_mixin.py:188} INFO - [2026-04-22T21:30:16.826+0000] {dag.py:3036} INFO - Sync 1 DAGs
[2026-04-22T21:30:16.838+0000] {logging_mixin.py:188} INFO - [2026-04-22T21:30:16.837+0000] {dag.py:3823} INFO - Setting next_dagrun for data_merge_pipeline to None, run_after=None
[2026-04-22T21:30:16.861+0000] {processor.py:183} INFO - Processing /home/airflow/dags/data_merge_dag.py took 0.313 seconds
[2026-04-22T21:30:47.056+0000] {processor.py:161} INFO - Started process (PID=1785) to work on /home/airflow/dags/data_merge_dag.py
[2026-04-22T21:30:47.057+0000] {processor.py:830} INFO - Processing file /home/airflow/dags/data_merge_dag.py for tasks to queue
[2026-04-22T21:30:47.058+0000] {logging_mixin.py:188} INFO - [2026-04-22T21:30:47.058+0000] {dagbag.py:538} INFO - Filling up the DagBag from /home/airflow/dags/data_merge_dag.py
[2026-04-22T21:30:47.277+0000] {processor.py:840} INFO - DAG(s) 'data_merge_pipeline' retrieved from /home/airflow/dags/data_merge_dag.py
[2026-04-22T21:30:47.299+0000] {logging_mixin.py:188} INFO - [2026-04-22T21:30:47.298+0000] {dag.py:3036} INFO - Sync 1 DAGs
[2026-04-22T21:30:47.427+0000] {logging_mixin.py:188} INFO - [2026-04-22T21:30:47.427+0000] {dag.py:3823} INFO - Setting next_dagrun for data_merge_pipeline to None, run_after=None
[2026-04-22T21:30:47.449+0000] {processor.py:183} INFO - Processing /home/airflow/dags/data_merge_dag.py took 0.397 seconds
[2026-04-22T21:31:17.659+0000] {processor.py:161} INFO - Started process (PID=1791) to work on /home/airflow/dags/data_merge_dag.py
[2026-04-22T21:31:17.660+0000] {processor.py:830} INFO - Processing file /home/airflow/dags/data_merge_dag.py for tasks to queue
[2026-04-22T21:31:17.662+0000] {logging_mixin.py:188} INFO - [2026-04-22T21:31:17.661+0000] {dagbag.py:538} INFO - Filling up the DagBag from /home/airflow/dags/data_merge_dag.py
[2026-04-22T21:31:17.909+0000] {processor.py:840} INFO - DAG(s) 'data_merge_pipeline' retrieved from /home/airflow/dags/data_merge_dag.py
[2026-04-22T21:31:18.067+0000] {logging_mixin.py:188} INFO - [2026-04-22T21:31:18.067+0000] {dag.py:3036} INFO - Sync 1 DAGs
[2026-04-22T21:31:18.079+0000] {logging_mixin.py:188} INFO - [2026-04-22T21:31:18.079+0000] {dag.py:3823} INFO - Setting next_dagrun for data_merge_pipeline to None, run_after=None
[2026-04-22T21:31:18.101+0000] {processor.py:183} INFO - Processing /home/airflow/dags/data_merge_dag.py took 0.446 seconds
[2026-04-22T21:31:48.311+0000] {processor.py:161} INFO - Started process (PID=1797) to work on /home/airflow/dags/data_merge_dag.py
[2026-04-22T21:31:48.312+0000] {processor.py:830} INFO - Processing file /home/airflow/dags/data_merge_dag.py for tasks to queue
[2026-04-22T21:31:48.313+0000] {logging_mixin.py:188} INFO - [2026-04-22T21:31:48.313+0000] {dagbag.py:538} INFO - Filling up the DagBag from /home/airflow/dags/data_merge_dag.py
[2026-04-22T21:31:48.680+0000] {processor.py:840} INFO - DAG(s) 'data_merge_pipeline' retrieved from /home/airflow/dags/data_merge_dag.py
[2026-04-22T21:31:48.700+0000] {logging_mixin.py:188} INFO - [2026-04-22T21:31:48.699+0000] {dag.py:3036} INFO - Sync 1 DAGs
[2026-04-22T21:31:48.708+0000] {logging_mixin.py:188} INFO - [2026-04-22T21:31:48.708+0000] {dag.py:3823} INFO - Setting next_dagrun for data_merge_pipeline to None, run_after=None
[2026-04-22T21:31:48.730+0000] {processor.py:183} INFO - Processing /home/airflow/dags/data_merge_dag.py took 0.423 seconds
[2026-04-22T21:32:18.932+0000] {processor.py:161} INFO - Started process (PID=1803) to work on /home/airflow/dags/data_merge_dag.py
[2026-04-22T21:32:18.933+0000] {processor.py:830} INFO - Processing file /home/airflow/dags/data_merge_dag.py for tasks to queue
[2026-04-22T21:32:18.934+0000] {logging_mixin.py:188} INFO - [2026-04-22T21:32:18.934+0000] {dagbag.py:538} INFO - Filling up the DagBag from /home/airflow/dags/data_merge_dag.py
[2026-04-22T21:32:19.180+0000] {processor.py:840} INFO - DAG(s) 'data_merge_pipeline' retrieved from /home/airflow/dags/data_merge_dag.py
[2026-04-22T21:32:19.206+0000] {logging_mixin.py:188} INFO - [2026-04-22T21:32:19.205+0000] {dag.py:3036} INFO - Sync 1 DAGs
[2026-04-22T21:32:19.217+0000] {logging_mixin.py:188} INFO - [2026-04-22T21:32:19.217+0000] {dag.py:3823} INFO - Setting next_dagrun for data_merge_pipeline to None, run_after=None
[2026-04-22T21:32:19.241+0000] {processor.py:183} INFO - Processing /home/airflow/dags/data_merge_dag.py took 0.313 seconds
[2026-04-22T21:32:49.441+0000] {processor.py:161} INFO - Started process (PID=1809) to work on /home/airflow/dags/data_merge_dag.py
[2026-04-22T21:32:49.442+0000] {processor.py:830} INFO - Processing file /home/airflow/dags/data_merge_dag.py for tasks to queue
[2026-04-22T21:32:49.444+0000] {logging_mixin.py:188} INFO - [2026-04-22T21:32:49.443+0000] {dagbag.py:538} INFO - Filling up the DagBag from /home/airflow/dags/data_merge_dag.py
[2026-04-22T21:32:49.696+0000] {processor.py:840} INFO - DAG(s) 'data_merge_pipeline' retrieved from /home/airflow/dags/data_merge_dag.py
[2026-04-22T21:32:49.720+0000] {logging_mixin.py:188} INFO - [2026-04-22T21:32:49.720+0000] {dag.py:3036} INFO - Sync 1 DAGs
[2026-04-22T21:32:49.870+0000] {logging_mixin.py:188} INFO - [2026-04-22T21:32:49.870+0000] {dag.py:3823} INFO - Setting next_dagrun for data_merge_pipeline to None, run_after=None
[2026-04-22T21:32:49.892+0000] {processor.py:183} INFO - Processing /home/airflow/dags/data_merge_dag.py took 0.455 seconds
[2026-04-22T21:33:20.114+0000] {processor.py:161} INFO - Started process (PID=1815) to work on /home/airflow/dags/data_merge_dag.py
[2026-04-22T21:33:20.116+0000] {processor.py:830} INFO - Processing file /home/airflow/dags/data_merge_dag.py for tasks to queue
[2026-04-22T21:33:20.117+0000] {logging_mixin.py:188} INFO - [2026-04-22T21:33:20.117+0000] {dagbag.py:538} INFO - Filling up the DagBag from /home/airflow/dags/data_merge_dag.py
[2026-04-22T21:33:20.415+0000] {processor.py:840} INFO - DAG(s) 'data_merge_pipeline' retrieved from /home/airflow/dags/data_merge_dag.py
[2026-04-22T21:33:20.589+0000] {logging_mixin.py:188} INFO - [2026-04-22T21:33:20.588+0000] {dag.py:3036} INFO - Sync 1 DAGs
[2026-04-22T21:33:20.607+0000] {logging_mixin.py:188} INFO - [2026-04-22T21:33:20.606+0000] {dag.py:3823} INFO - Setting next_dagrun for data_merge_pipeline to None, run_after=None
[2026-04-22T21:33:20.631+0000] {processor.py:183} INFO - Processing /home/airflow/dags/data_merge_dag.py took 0.522 seconds
[2026-04-22T21:33:50.830+0000] {processor.py:161} INFO - Started process (PID=1821) to work on /home/airflow/dags/data_merge_dag.py
[2026-04-22T21:33:50.832+0000] {processor.py:830} INFO - Processing file /home/airflow/dags/data_merge_dag.py for tasks to queue
[2026-04-22T21:33:50.833+0000] {logging_mixin.py:188} INFO - [2026-04-22T21:33:50.833+0000] {dagbag.py:538} INFO - Filling up the DagBag from /home/airflow/dags/data_merge_dag.py
[2026-04-22T21:33:51.301+0000] {processor.py:840} INFO - DAG(s) 'data_merge_pipeline' retrieved from /home/airflow/dags/data_merge_dag.py
[2026-04-22T21:33:51.324+0000] {logging_mixin.py:188} INFO - [2026-04-22T21:33:51.324+0000] {dag.py:3036} INFO - Sync 1 DAGs
[2026-04-22T21:33:51.335+0000] {logging_mixin.py:188} INFO - [2026-04-22T21:33:51.335+0000] {dag.py:3823} INFO - Setting next_dagrun for data_merge_pipeline to None, run_after=None
[2026-04-22T21:33:51.360+0000] {processor.py:183} INFO - Processing /home/airflow/dags/data_merge_dag.py took 0.533 seconds
[2026-04-22T21:34:21.622+0000] {processor.py:161} INFO - Started process (PID=1827) to work on /home/airflow/dags/data_merge_dag.py
[2026-04-22T21:34:21.623+0000] {processor.py:830} INFO - Processing file /home/airflow/dags/data_merge_dag.py for tasks to queue
[2026-04-22T21:34:21.624+0000] {logging_mixin.py:188} INFO - [2026-04-22T21:34:21.623+0000] {dagbag.py:538} INFO - Filling up the DagBag from /home/airflow/dags/data_merge_dag.py
[2026-04-22T21:34:21.994+0000] {processor.py:840} INFO - DAG(s) 'data_merge_pipeline' retrieved from /home/airflow/dags/data_merge_dag.py
[2026-04-22T21:34:22.017+0000] {logging_mixin.py:188} INFO - [2026-04-22T21:34:22.016+0000] {dag.py:3036} INFO - Sync 1 DAGs
[2026-04-22T21:34:22.026+0000] {logging_mixin.py:188} INFO - [2026-04-22T21:34:22.026+0000] {dag.py:3823} INFO - Setting next_dagrun for data_merge_pipeline to None, run_after=None
[2026-04-22T21:34:22.050+0000] {processor.py:183} INFO - Processing /home/airflow/dags/data_merge_dag.py took 0.432 seconds
[2026-04-22T21:34:52.202+0000] {processor.py:161} INFO - Started process (PID=1833) to work on /home/airflow/dags/data_merge_dag.py
[2026-04-22T21:34:52.203+0000] {processor.py:830} INFO - Processing file /home/airflow/dags/data_merge_dag.py for tasks to queue
[2026-04-22T21:34:52.205+0000] {logging_mixin.py:188} INFO - [2026-04-22T21:34:52.204+0000] {dagbag.py:538} INFO - Filling up the DagBag from /home/airflow/dags/data_merge_dag.py
[2026-04-22T21:34:52.476+0000] {processor.py:840} INFO - DAG(s) 'data_merge_pipeline' retrieved from /home/airflow/dags/data_merge_dag.py
[2026-04-22T21:34:52.505+0000] {logging_mixin.py:188} INFO - [2026-04-22T21:34:52.505+0000] {dag.py:3036} INFO - Sync 1 DAGs
[2026-04-22T21:34:52.694+0000] {logging_mixin.py:188} INFO - [2026-04-22T21:34:52.694+0000] {dag.py:3823} INFO - Setting next_dagrun for data_merge_pipeline to None, run_after=None
[2026-04-22T21:34:52.715+0000] {processor.py:183} INFO - Processing /home/airflow/dags/data_merge_dag.py took 0.519 seconds
[2026-04-22T21:35:22.948+0000] {processor.py:161} INFO - Started process (PID=1839) to work on /home/airflow/dags/data_merge_dag.py
[2026-04-22T21:35:22.950+0000] {processor.py:830} INFO - Processing file /home/airflow/dags/data_merge_dag.py for tasks to queue
[2026-04-22T21:35:22.952+0000] {logging_mixin.py:188} INFO - [2026-04-22T21:35:22.951+0000] {dagbag.py:538} INFO - Filling up the DagBag from /home/airflow/dags/data_merge_dag.py
[2026-04-22T21:35:23.244+0000] {processor.py:840} INFO - DAG(s) 'data_merge_pipeline' retrieved from /home/airflow/dags/data_merge_dag.py
[2026-04-22T21:35:23.410+0000] {logging_mixin.py:188} INFO - [2026-04-22T21:35:23.409+0000] {dag.py:3036} INFO - Sync 1 DAGs
[2026-04-22T21:35:23.419+0000] {logging_mixin.py:188} INFO - [2026-04-22T21:35:23.419+0000] {dag.py:3823} INFO - Setting next_dagrun for data_merge_pipeline to None, run_after=None
[2026-04-22T21:35:23.440+0000] {processor.py:183} INFO - Processing /home/airflow/dags/data_merge_dag.py took 0.497 seconds
[2026-04-22T21:35:53.604+0000] {processor.py:161} INFO - Started process (PID=1845) to work on /home/airflow/dags/data_merge_dag.py
[2026-04-22T21:35:53.605+0000] {processor.py:830} INFO - Processing file /home/airflow/dags/data_merge_dag.py for tasks to queue
[2026-04-22T21:35:53.607+0000] {logging_mixin.py:188} INFO - [2026-04-22T21:35:53.606+0000] {dagbag.py:538} INFO - Filling up the DagBag from /home/airflow/dags/data_merge_dag.py
[2026-04-22T21:35:54.018+0000] {processor.py:840} INFO - DAG(s) 'data_merge_pipeline' retrieved from /home/airflow/dags/data_merge_dag.py
[2026-04-22T21:35:54.038+0000] {logging_mixin.py:188} INFO - [2026-04-22T21:35:54.037+0000] {dag.py:3036} INFO - Sync 1 DAGs
[2026-04-22T21:35:54.046+0000] {logging_mixin.py:188} INFO - [2026-04-22T21:35:54.046+0000] {dag.py:3823} INFO - Setting next_dagrun for data_merge_pipeline to None, run_after=None
[2026-04-22T21:35:54.071+0000] {processor.py:183} INFO - Processing /home/airflow/dags/data_merge_dag.py took 0.472 seconds
[2026-04-22T21:36:24.297+0000] {processor.py:161} INFO - Started process (PID=1851) to work on /home/airflow/dags/data_merge_dag.py
[2026-04-22T21:36:24.298+0000] {processor.py:830} INFO - Processing file /home/airflow/dags/data_merge_dag.py for tasks to queue
[2026-04-22T21:36:24.300+0000] {logging_mixin.py:188} INFO - [2026-04-22T21:36:24.299+0000] {dagbag.py:538} INFO - Filling up the DagBag from /home/airflow/dags/data_merge_dag.py
[2026-04-22T21:36:24.675+0000] {processor.py:840} INFO - DAG(s) 'data_merge_pipeline' retrieved from /home/airflow/dags/data_merge_dag.py
[2026-04-22T21:36:24.697+0000] {logging_mixin.py:188} INFO - [2026-04-22T21:36:24.697+0000] {dag.py:3036} INFO - Sync 1 DAGs
[2026-04-22T21:36:24.706+0000] {logging_mixin.py:188} INFO - [2026-04-22T21:36:24.706+0000] {dag.py:3823} INFO - Setting next_dagrun for data_merge_pipeline to None, run_after=None
[2026-04-22T21:36:24.729+0000] {processor.py:183} INFO - Processing /home/airflow/dags/data_merge_dag.py took 0.437 seconds
[2026-04-22T21:36:54.943+0000] {processor.py:161} INFO - Started process (PID=1857) to work on /home/airflow/dags/data_merge_dag.py
[2026-04-22T21:36:54.944+0000] {processor.py:830} INFO - Processing file /home/airflow/dags/data_merge_dag.py for tasks to queue
[2026-04-22T21:36:54.945+0000] {logging_mixin.py:188} INFO - [2026-04-22T21:36:54.945+0000] {dagbag.py:538} INFO - Filling up the DagBag from /home/airflow/dags/data_merge_dag.py
[2026-04-22T21:36:56.036+0000] {processor.py:840} INFO - DAG(s) 'data_merge_pipeline' retrieved from /home/airflow/dags/data_merge_dag.py
[2026-04-22T21:36:56.094+0000] {logging_mixin.py:188} INFO - [2026-04-22T21:36:56.094+0000] {dag.py:3036} INFO - Sync 1 DAGs
[2026-04-22T21:36:56.131+0000] {logging_mixin.py:188} INFO - [2026-04-22T21:36:56.131+0000] {dag.py:3823} INFO - Setting next_dagrun for data_merge_pipeline to None, run_after=None
[2026-04-22T21:36:56.196+0000] {processor.py:183} INFO - Processing /home/airflow/dags/data_merge_dag.py took 1.257 seconds
[2026-04-22T21:37:26.408+0000] {processor.py:161} INFO - Started process (PID=1863) to work on /home/airflow/dags/data_merge_dag.py
[2026-04-22T21:37:26.409+0000] {processor.py:830} INFO - Processing file /home/airflow/dags/data_merge_dag.py for tasks to queue
[2026-04-22T21:37:26.410+0000] {logging_mixin.py:188} INFO - [2026-04-22T21:37:26.410+0000] {dagbag.py:538} INFO - Filling up the DagBag from /home/airflow/dags/data_merge_dag.py
[2026-04-22T21:37:26.781+0000] {processor.py:840} INFO - DAG(s) 'data_merge_pipeline' retrieved from /home/airflow/dags/data_merge_dag.py
[2026-04-22T21:37:26.804+0000] {logging_mixin.py:188} INFO - [2026-04-22T21:37:26.803+0000] {dag.py:3036} INFO - Sync 1 DAGs
[2026-04-22T21:37:26.813+0000] {logging_mixin.py:188} INFO - [2026-04-22T21:37:26.813+0000] {dag.py:3823} INFO - Setting next_dagrun for data_merge_pipeline to None, run_after=None
[2026-04-22T21:37:26.833+0000] {processor.py:183} INFO - Processing /home/airflow/dags/data_merge_dag.py took 0.429 seconds
[2026-04-22T21:37:57.034+0000] {processor.py:161} INFO - Started process (PID=1869) to work on /home/airflow/dags/data_merge_dag.py
[2026-04-22T21:37:57.035+0000] {processor.py:830} INFO - Processing file /home/airflow/dags/data_merge_dag.py for tasks to queue
[2026-04-22T21:37:57.036+0000] {logging_mixin.py:188} INFO - [2026-04-22T21:37:57.036+0000] {dagbag.py:538} INFO - Filling up the DagBag from /home/airflow/dags/data_merge_dag.py
[2026-04-22T21:37:57.368+0000] {processor.py:840} INFO - DAG(s) 'data_merge_pipeline' retrieved from /home/airflow/dags/data_merge_dag.py
[2026-04-22T21:37:57.386+0000] {logging_mixin.py:188} INFO - [2026-04-22T21:37:57.386+0000] {dag.py:3036} INFO - Sync 1 DAGs
[2026-04-22T21:37:57.396+0000] {logging_mixin.py:188} INFO - [2026-04-22T21:37:57.395+0000] {dag.py:3823} INFO - Setting next_dagrun for data_merge_pipeline to None, run_after=None
[2026-04-22T21:37:57.415+0000] {processor.py:183} INFO - Processing /home/airflow/dags/data_merge_dag.py took 0.384 seconds
[2026-04-22T21:38:27.623+0000] {processor.py:161} INFO - Started process (PID=1875) to work on /home/airflow/dags/data_merge_dag.py
[2026-04-22T21:38:27.624+0000] {processor.py:830} INFO - Processing file /home/airflow/dags/data_merge_dag.py for tasks to queue
[2026-04-22T21:38:27.625+0000] {logging_mixin.py:188} INFO - [2026-04-22T21:38:27.625+0000] {dagbag.py:538} INFO - Filling up the DagBag from /home/airflow/dags/data_merge_dag.py
[2026-04-22T21:38:27.988+0000] {processor.py:840} INFO - DAG(s) 'data_merge_pipeline' retrieved from /home/airflow/dags/data_merge_dag.py
[2026-04-22T21:38:28.009+0000] {logging_mixin.py:188} INFO - [2026-04-22T21:38:28.009+0000] {dag.py:3036} INFO - Sync 1 DAGs
[2026-04-22T21:38:28.018+0000] {logging_mixin.py:188} INFO - [2026-04-22T21:38:28.017+0000] {dag.py:3823} INFO - Setting next_dagrun for data_merge_pipeline to None, run_after=None
[2026-04-22T21:38:28.037+0000] {processor.py:183} INFO - Processing /home/airflow/dags/data_merge_dag.py took 0.419 seconds
[2026-04-22T21:38:58.233+0000] {processor.py:161} INFO - Started process (PID=1881) to work on /home/airflow/dags/data_merge_dag.py
[2026-04-22T21:38:58.234+0000] {processor.py:830} INFO - Processing file /home/airflow/dags/data_merge_dag.py for tasks to queue
[2026-04-22T21:38:58.235+0000] {logging_mixin.py:188} INFO - [2026-04-22T21:38:58.235+0000] {dagbag.py:538} INFO - Filling up the DagBag from /home/airflow/dags/data_merge_dag.py
[2026-04-22T21:38:58.727+0000] {processor.py:840} INFO - DAG(s) 'data_merge_pipeline' retrieved from /home/airflow/dags/data_merge_dag.py
[2026-04-22T21:38:58.750+0000] {logging_mixin.py:188} INFO - [2026-04-22T21:38:58.750+0000] {dag.py:3036} INFO - Sync 1 DAGs
[2026-04-22T21:38:58.763+0000] {logging_mixin.py:188} INFO - [2026-04-22T21:38:58.762+0000] {dag.py:3823} INFO - Setting next_dagrun for data_merge_pipeline to None, run_after=None
[2026-04-22T21:38:58.784+0000] {processor.py:183} INFO - Processing /home/airflow/dags/data_merge_dag.py took 0.554 seconds
[2026-04-22T21:39:29.024+0000] {processor.py:161} INFO - Started process (PID=1887) to work on /home/airflow/dags/data_merge_dag.py
[2026-04-22T21:39:29.026+0000] {processor.py:830} INFO - Processing file /home/airflow/dags/data_merge_dag.py for tasks to queue
[2026-04-22T21:39:29.027+0000] {logging_mixin.py:188} INFO - [2026-04-22T21:39:29.027+0000] {dagbag.py:538} INFO - Filling up the DagBag from /home/airflow/dags/data_merge_dag.py
[2026-04-22T21:39:29.437+0000] {processor.py:840} INFO - DAG(s) 'data_merge_pipeline' retrieved from /home/airflow/dags/data_merge_dag.py
[2026-04-22T21:39:29.462+0000] {logging_mixin.py:188} INFO - [2026-04-22T21:39:29.462+0000] {dag.py:3036} INFO - Sync 1 DAGs
[2026-04-22T21:39:29.471+0000] {logging_mixin.py:188} INFO - [2026-04-22T21:39:29.471+0000] {dag.py:3823} INFO - Setting next_dagrun for data_merge_pipeline to None, run_after=None
[2026-04-22T21:39:29.493+0000] {processor.py:183} INFO - Processing /home/airflow/dags/data_merge_dag.py took 0.472 seconds
[2026-04-22T21:39:59.703+0000] {processor.py:161} INFO - Started process (PID=1893) to work on /home/airflow/dags/data_merge_dag.py
[2026-04-22T21:39:59.705+0000] {processor.py:830} INFO - Processing file /home/airflow/dags/data_merge_dag.py for tasks to queue
[2026-04-22T21:39:59.706+0000] {logging_mixin.py:188} INFO - [2026-04-22T21:39:59.706+0000] {dagbag.py:538} INFO - Filling up the DagBag from /home/airflow/dags/data_merge_dag.py
[2026-04-22T21:40:00.183+0000] {processor.py:840} INFO - DAG(s) 'data_merge_pipeline' retrieved from /home/airflow/dags/data_merge_dag.py
[2026-04-22T21:40:00.203+0000] {logging_mixin.py:188} INFO - [2026-04-22T21:40:00.203+0000] {dag.py:3036} INFO - Sync 1 DAGs
[2026-04-22T21:40:00.211+0000] {logging_mixin.py:188} INFO - [2026-04-22T21:40:00.211+0000] {dag.py:3823} INFO - Setting next_dagrun for data_merge_pipeline to None, run_after=None
[2026-04-22T21:40:00.233+0000] {processor.py:183} INFO - Processing /home/airflow/dags/data_merge_dag.py took 0.535 seconds
[2026-04-22T21:40:30.381+0000] {processor.py:161} INFO - Started process (PID=1899) to work on /home/airflow/dags/data_merge_dag.py
[2026-04-22T21:40:30.382+0000] {processor.py:830} INFO - Processing file /home/airflow/dags/data_merge_dag.py for tasks to queue
[2026-04-22T21:40:30.383+0000] {logging_mixin.py:188} INFO - [2026-04-22T21:40:30.383+0000] {dagbag.py:538} INFO - Filling up the DagBag from /home/airflow/dags/data_merge_dag.py
[2026-04-22T21:40:30.783+0000] {processor.py:840} INFO - DAG(s) 'data_merge_pipeline' retrieved from /home/airflow/dags/data_merge_dag.py
[2026-04-22T21:40:30.808+0000] {logging_mixin.py:188} INFO - [2026-04-22T21:40:30.808+0000] {dag.py:3036} INFO - Sync 1 DAGs
[2026-04-22T21:40:30.821+0000] {logging_mixin.py:188} INFO - [2026-04-22T21:40:30.821+0000] {dag.py:3823} INFO - Setting next_dagrun for data_merge_pipeline to None, run_after=None
[2026-04-22T21:40:30.846+0000] {processor.py:183} INFO - Processing /home/airflow/dags/data_merge_dag.py took 0.469 seconds
[2026-04-22T21:41:01.062+0000] {processor.py:161} INFO - Started process (PID=1905) to work on /home/airflow/dags/data_merge_dag.py
[2026-04-22T21:41:01.063+0000] {processor.py:830} INFO - Processing file /home/airflow/dags/data_merge_dag.py for tasks to queue
[2026-04-22T21:41:01.064+0000] {logging_mixin.py:188} INFO - [2026-04-22T21:41:01.063+0000] {dagbag.py:538} INFO - Filling up the DagBag from /home/airflow/dags/data_merge_dag.py
[2026-04-22T21:41:01.537+0000] {processor.py:840} INFO - DAG(s) 'data_merge_pipeline' retrieved from /home/airflow/dags/data_merge_dag.py
[2026-04-22T21:41:01.559+0000] {logging_mixin.py:188} INFO - [2026-04-22T21:41:01.559+0000] {dag.py:3036} INFO - Sync 1 DAGs
[2026-04-22T21:41:01.570+0000] {logging_mixin.py:188} INFO - [2026-04-22T21:41:01.569+0000] {dag.py:3823} INFO - Setting next_dagrun for data_merge_pipeline to None, run_after=None
[2026-04-22T21:41:01.591+0000] {processor.py:183} INFO - Processing /home/airflow/dags/data_merge_dag.py took 0.532 seconds
[2026-04-22T21:41:31.776+0000] {processor.py:161} INFO - Started process (PID=1911) to work on /home/airflow/dags/data_merge_dag.py
[2026-04-22T21:41:31.778+0000] {processor.py:830} INFO - Processing file /home/airflow/dags/data_merge_dag.py for tasks to queue
[2026-04-22T21:41:31.779+0000] {logging_mixin.py:188} INFO - [2026-04-22T21:41:31.778+0000] {dagbag.py:538} INFO - Filling up the DagBag from /home/airflow/dags/data_merge_dag.py
[2026-04-22T21:41:32.233+0000] {processor.py:840} INFO - DAG(s) 'data_merge_pipeline' retrieved from /home/airflow/dags/data_merge_dag.py
[2026-04-22T21:41:32.261+0000] {logging_mixin.py:188} INFO - [2026-04-22T21:41:32.261+0000] {dag.py:3036} INFO - Sync 1 DAGs
[2026-04-22T21:41:32.272+0000] {logging_mixin.py:188} INFO - [2026-04-22T21:41:32.271+0000] {dag.py:3823} INFO - Setting next_dagrun for data_merge_pipeline to None, run_after=None
[2026-04-22T21:41:32.292+0000] {processor.py:183} INFO - Processing /home/airflow/dags/data_merge_dag.py took 0.519 seconds
[2026-04-22T21:42:02.529+0000] {processor.py:161} INFO - Started process (PID=1917) to work on /home/airflow/dags/data_merge_dag.py
[2026-04-22T21:42:02.531+0000] {processor.py:830} INFO - Processing file /home/airflow/dags/data_merge_dag.py for tasks to queue
[2026-04-22T21:42:02.533+0000] {logging_mixin.py:188} INFO - [2026-04-22T21:42:02.532+0000] {dagbag.py:538} INFO - Filling up the DagBag from /home/airflow/dags/data_merge_dag.py
[2026-04-22T21:42:02.941+0000] {processor.py:840} INFO - DAG(s) 'data_merge_pipeline' retrieved from /home/airflow/dags/data_merge_dag.py
[2026-04-22T21:42:02.963+0000] {logging_mixin.py:188} INFO - [2026-04-22T21:42:02.963+0000] {dag.py:3036} INFO - Sync 1 DAGs
[2026-04-22T21:42:02.972+0000] {logging_mixin.py:188} INFO - [2026-04-22T21:42:02.972+0000] {dag.py:3823} INFO - Setting next_dagrun for data_merge_pipeline to None, run_after=None
[2026-04-22T21:42:02.993+0000] {processor.py:183} INFO - Processing /home/airflow/dags/data_merge_dag.py took 0.470 seconds
[2026-04-22T21:42:36.580+0000] {processor.py:161} INFO - Started process (PID=1923) to work on /home/airflow/dags/data_merge_dag.py
[2026-04-22T21:42:36.636+0000] {processor.py:830} INFO - Processing file /home/airflow/dags/data_merge_dag.py for tasks to queue
[2026-04-22T21:42:36.696+0000] {logging_mixin.py:188} INFO - [2026-04-22T21:42:36.676+0000] {dagbag.py:538} INFO - Filling up the DagBag from /home/airflow/dags/data_merge_dag.py
[2026-04-22T21:43:14.613+0000] {logging_mixin.py:188} INFO - [2026-04-22T21:43:14.579+0000] {timeout.py:68} ERROR - Process timed out, PID: 1923
[2026-04-22T21:43:14.800+0000] {logging_mixin.py:188} WARNING - Exception ignored in: <function WeakKeyDictionary.__init__.<locals>.remove at 0x7781680e2d40>
[2026-04-22T21:43:14.994+0000] {logging_mixin.py:188} WARNING - Traceback (most recent call last):
[2026-04-22T21:43:15.109+0000] {logging_mixin.py:188} WARNING -   File "/usr/local/lib/python3.11/weakref.py", line 369, in remove
[2026-04-22T21:43:15.566+0000] {logging_mixin.py:188} WARNING -     def remove(k, selfref=ref(self)):
[2026-04-22T21:43:15.618+0000] {logging_mixin.py:188} WARNING -   File "/home/airflow/.local/lib/python3.11/site-packages/airflow/utils/timeout.py", line 69, in handle_timeout
[2026-04-22T21:43:15.801+0000] {logging_mixin.py:188} WARNING -     raise AirflowTaskTimeout(self.error_message)
[2026-04-22T21:43:15.869+0000] {logging_mixin.py:188} WARNING - airflow.exceptions.AirflowTaskTimeout: DagBag import timeout for /home/airflow/dags/data_merge_dag.py after 30.0s.
Please take a look at these docs to improve your DAG import time:
* https://airflow.apache.org/docs/apache-airflow/2.8.1/best-practices.html#top-level-python-code
* https://airflow.apache.org/docs/apache-airflow/2.8.1/best-practices.html#reducing-dag-complexity, PID: 1923
[2026-04-22T21:43:17.474+0000] {processor.py:840} INFO - DAG(s) 'data_merge_pipeline' retrieved from /home/airflow/dags/data_merge_dag.py
[2026-04-22T21:43:20.884+0000] {logging_mixin.py:188} INFO - [2026-04-22T21:43:20.850+0000] {dag.py:3036} INFO - Sync 1 DAGs
[2026-04-22T21:43:23.635+0000] {logging_mixin.py:188} INFO - [2026-04-22T21:43:23.619+0000] {dag.py:3823} INFO - Setting next_dagrun for data_merge_pipeline to None, run_after=None
[2026-04-22T21:44:01.163+0000] {processor.py:161} INFO - Started process (PID=1927) to work on /home/airflow/dags/data_merge_dag.py
[2026-04-22T21:44:01.203+0000] {processor.py:830} INFO - Processing file /home/airflow/dags/data_merge_dag.py for tasks to queue
[2026-04-22T21:44:01.293+0000] {logging_mixin.py:188} INFO - [2026-04-22T21:44:01.244+0000] {dagbag.py:538} INFO - Filling up the DagBag from /home/airflow/dags/data_merge_dag.py
[2026-04-22T21:44:32.858+0000] {logging_mixin.py:188} INFO - [2026-04-22T21:44:32.479+0000] {timeout.py:68} ERROR - Process timed out, PID: 1927
[2026-04-22T21:44:34.950+0000] {logging_mixin.py:188} INFO - [2026-04-22T21:44:33.027+0000] {dagbag.py:348} ERROR - Failed to import: /home/airflow/dags/data_merge_dag.py
Traceback (most recent call last):
  File "/home/airflow/.local/lib/python3.11/site-packages/airflow/models/dagbag.py", line 344, in parse
    loader.exec_module(new_module)
  File "<frozen importlib._bootstrap_external>", line 940, in exec_module
  File "<frozen importlib._bootstrap>", line 241, in _call_with_frames_removed
  File "/home/airflow/dags/data_merge_dag.py", line 3, in <module>
    import pandas as pd
  File "/home/airflow/.local/lib/python3.11/site-packages/pandas/__init__.py", line 48, in <module>
    from pandas.core.api import (
  File "/home/airflow/.local/lib/python3.11/site-packages/pandas/core/api.py", line 47, in <module>
    from pandas.core.groupby import (
  File "/home/airflow/.local/lib/python3.11/site-packages/pandas/core/groupby/__init__.py", line 1, in <module>
    from pandas.core.groupby.generic import (
  File "/home/airflow/.local/lib/python3.11/site-packages/pandas/core/groupby/generic.py", line 78, in <module>
    from pandas.core.groupby import base
  File "/home/airflow/.local/lib/python3.11/site-packages/pandas/core/groupby/base.py", line 10, in <module>
    @dataclasses.dataclass(order=True, frozen=True)
     ^^^^^^^^^^^^^^^^^^^^^^^^^^^^^^^^^^^^^^^^^^^^^^
  File "/usr/local/lib/python3.11/dataclasses.py", line 1220, in wrap
    return _process_class(cls, init, repr, eq, order, unsafe_hash,
           ^^^^^^^^^^^^^^^^^^^^^^^^^^^^^^^^^^^^^^^^^^^^^^^^^^^^^^^
  File "/usr/local/lib/python3.11/dataclasses.py", line 1056, in _process_class
    _cmp_fn('__eq__', '==',
  File "/usr/local/lib/python3.11/dataclasses.py", line 630, in _cmp_fn
    return _create_fn(name,
           ^^^^^^^^^^^^^^^^
  File "/usr/local/lib/python3.11/dataclasses.py", line 433, in _create_fn
    exec(txt, globals, ns)
  File "<string>", line 0, in <module>
  File "/home/airflow/.local/lib/python3.11/site-packages/airflow/utils/timeout.py", line 69, in handle_timeout
    raise AirflowTaskTimeout(self.error_message)
airflow.exceptions.AirflowTaskTimeout: DagBag import timeout for /home/airflow/dags/data_merge_dag.py after 30.0s.
Please take a look at these docs to improve your DAG import time:
* https://airflow.apache.org/docs/apache-airflow/2.8.1/best-practices.html#top-level-python-code
* https://airflow.apache.org/docs/apache-airflow/2.8.1/best-practices.html#reducing-dag-complexity, PID: 1927
[2026-04-22T21:44:35.142+0000] {processor.py:842} WARNING - No viable dags retrieved from /home/airflow/dags/data_merge_dag.py
[2026-04-22T21:44:39.711+0000] {processor.py:183} INFO - Processing /home/airflow/dags/data_merge_dag.py took 38.953 seconds
[2026-04-22T21:45:14.316+0000] {processor.py:161} INFO - Started process (PID=1933) to work on /home/airflow/dags/data_merge_dag.py
[2026-04-22T21:45:14.365+0000] {processor.py:830} INFO - Processing file /home/airflow/dags/data_merge_dag.py for tasks to queue
[2026-04-22T21:45:14.451+0000] {logging_mixin.py:188} INFO - [2026-04-22T21:45:14.420+0000] {dagbag.py:538} INFO - Filling up the DagBag from /home/airflow/dags/data_merge_dag.py
[2026-04-22T21:45:45.302+0000] {logging_mixin.py:188} INFO - [2026-04-22T21:45:44.993+0000] {timeout.py:68} ERROR - Process timed out, PID: 1933
[2026-04-22T21:45:48.137+0000] {logging_mixin.py:188} INFO - [2026-04-22T21:45:45.501+0000] {dagbag.py:348} ERROR - Failed to import: /home/airflow/dags/data_merge_dag.py
Traceback (most recent call last):
  File "<frozen importlib._bootstrap_external>", line 1437, in _path_importer_cache
KeyError: '/home/airflow/.local/lib/python3.11/site-packages/pandas/core/internals'

During handling of the above exception, another exception occurred:

Traceback (most recent call last):
  File "/home/airflow/.local/lib/python3.11/site-packages/airflow/models/dagbag.py", line 344, in parse
    loader.exec_module(new_module)
  File "<frozen importlib._bootstrap_external>", line 940, in exec_module
  File "<frozen importlib._bootstrap>", line 241, in _call_with_frames_removed
  File "/home/airflow/dags/data_merge_dag.py", line 3, in <module>
    import pandas as pd
  File "/home/airflow/.local/lib/python3.11/site-packages/pandas/__init__.py", line 48, in <module>
    from pandas.core.api import (
  File "/home/airflow/.local/lib/python3.11/site-packages/pandas/core/api.py", line 47, in <module>
    from pandas.core.groupby import (
  File "/home/airflow/.local/lib/python3.11/site-packages/pandas/core/groupby/__init__.py", line 1, in <module>
    from pandas.core.groupby.generic import (
  File "/home/airflow/.local/lib/python3.11/site-packages/pandas/core/groupby/generic.py", line 77, in <module>
    from pandas.core.frame import DataFrame
  File "/home/airflow/.local/lib/python3.11/site-packages/pandas/core/frame.py", line 182, in <module>
    from pandas.core.generic import NDFrame
  File "/home/airflow/.local/lib/python3.11/site-packages/pandas/core/generic.py", line 160, in <module>
    from pandas.core.internals import (
  File "/home/airflow/.local/lib/python3.11/site-packages/pandas/core/internals/__init__.py", line 1, in <module>
    from pandas.core.internals.api import make_block
  File "<frozen importlib._bootstrap>", line 1176, in _find_and_load
  File "<frozen importlib._bootstrap>", line 1138, in _find_and_load_unlocked
  File "<frozen importlib._bootstrap>", line 1078, in _find_spec
  File "<frozen importlib._bootstrap_external>", line 1504, in find_spec
  File "<frozen importlib._bootstrap_external>", line 1473, in _get_spec
  File "<frozen importlib._bootstrap_external>", line 1439, in _path_importer_cache
  File "<frozen importlib._bootstrap_external>", line 1417, in _path_hooks
  File "/home/airflow/.local/lib/python3.11/site-packages/airflow/utils/timeout.py", line 69, in handle_timeout
    raise AirflowTaskTimeout(self.error_message)
airflow.exceptions.AirflowTaskTimeout: DagBag import timeout for /home/airflow/dags/data_merge_dag.py after 30.0s.
Please take a look at these docs to improve your DAG import time:
* https://airflow.apache.org/docs/apache-airflow/2.8.1/best-practices.html#top-level-python-code
* https://airflow.apache.org/docs/apache-airflow/2.8.1/best-practices.html#reducing-dag-complexity, PID: 1933
[2026-04-22T21:45:48.482+0000] {processor.py:842} WARNING - No viable dags retrieved from /home/airflow/dags/data_merge_dag.py
[2026-04-22T21:45:50.387+0000] {processor.py:183} INFO - Processing /home/airflow/dags/data_merge_dag.py took 36.670 seconds
[2026-04-22T21:46:26.435+0000] {processor.py:161} INFO - Started process (PID=1939) to work on /home/airflow/dags/data_merge_dag.py
[2026-04-22T21:46:26.494+0000] {processor.py:830} INFO - Processing file /home/airflow/dags/data_merge_dag.py for tasks to queue
[2026-04-22T21:46:26.568+0000] {logging_mixin.py:188} INFO - [2026-04-22T21:46:26.539+0000] {dagbag.py:538} INFO - Filling up the DagBag from /home/airflow/dags/data_merge_dag.py
[2026-04-22T21:46:57.450+0000] {logging_mixin.py:188} INFO - [2026-04-22T21:46:57.039+0000] {timeout.py:68} ERROR - Process timed out, PID: 1939
[2026-04-22T21:47:01.800+0000] {logging_mixin.py:188} INFO - [2026-04-22T21:46:57.643+0000] {dagbag.py:348} ERROR - Failed to import: /home/airflow/dags/data_merge_dag.py
Traceback (most recent call last):
  File "/home/airflow/.local/lib/python3.11/site-packages/airflow/models/dagbag.py", line 344, in parse
    loader.exec_module(new_module)
  File "<frozen importlib._bootstrap_external>", line 940, in exec_module
  File "<frozen importlib._bootstrap>", line 241, in _call_with_frames_removed
  File "/home/airflow/dags/data_merge_dag.py", line 3, in <module>
    import pandas as pd
  File "/home/airflow/.local/lib/python3.11/site-packages/pandas/__init__.py", line 48, in <module>
    from pandas.core.api import (
  File "/home/airflow/.local/lib/python3.11/site-packages/pandas/core/api.py", line 47, in <module>
    from pandas.core.groupby import (
  File "/home/airflow/.local/lib/python3.11/site-packages/pandas/core/groupby/__init__.py", line 1, in <module>
    from pandas.core.groupby.generic import (
  File "/home/airflow/.local/lib/python3.11/site-packages/pandas/core/groupby/generic.py", line 77, in <module>
    from pandas.core.frame import DataFrame
  File "/home/airflow/.local/lib/python3.11/site-packages/pandas/core/frame.py", line 182, in <module>
    from pandas.core.generic import NDFrame
  File "/home/airflow/.local/lib/python3.11/site-packages/pandas/core/generic.py", line 138, in <module>
    from pandas.core import (
  File "/home/airflow/.local/lib/python3.11/site-packages/pandas/core/indexing.py", line 77, in <module>
    from pandas.core.indexes.api import (
  File "/home/airflow/.local/lib/python3.11/site-packages/pandas/core/indexes/api.py", line 26, in <module>
    from pandas.core.indexes.datetimes import DatetimeIndex
  File "/home/airflow/.local/lib/python3.11/site-packages/pandas/core/indexes/datetimes.py", line 61, in <module>
    from pandas.core.tools.times import to_time
  File "<frozen importlib._bootstrap>", line 1176, in _find_and_load
  File "<frozen importlib._bootstrap>", line 1138, in _find_and_load_unlocked
  File "<frozen importlib._bootstrap>", line 1078, in _find_spec
  File "<frozen importlib._bootstrap_external>", line 1504, in find_spec
  File "<frozen importlib._bootstrap_external>", line 1476, in _get_spec
  File "<frozen importlib._bootstrap_external>", line 1645, in find_spec
  File "<frozen importlib._bootstrap_external>", line 161, in _path_isfile
  File "<frozen importlib._bootstrap_external>", line 153, in _path_is_mode_type
  File "<frozen importlib._bootstrap_external>", line 147, in _path_stat
  File "/home/airflow/.local/lib/python3.11/site-packages/airflow/utils/timeout.py", line 69, in handle_timeout
    raise AirflowTaskTimeout(self.error_message)
airflow.exceptions.AirflowTaskTimeout: DagBag import timeout for /home/airflow/dags/data_merge_dag.py after 30.0s.
Please take a look at these docs to improve your DAG import time:
* https://airflow.apache.org/docs/apache-airflow/2.8.1/best-practices.html#top-level-python-code
* https://airflow.apache.org/docs/apache-airflow/2.8.1/best-practices.html#reducing-dag-complexity, PID: 1939
[2026-04-22T21:47:02.846+0000] {processor.py:842} WARNING - No viable dags retrieved from /home/airflow/dags/data_merge_dag.py
[2026-04-22T21:47:04.749+0000] {processor.py:183} INFO - Processing /home/airflow/dags/data_merge_dag.py took 38.683 seconds
[2026-04-22T21:47:41.518+0000] {processor.py:161} INFO - Started process (PID=1945) to work on /home/airflow/dags/data_merge_dag.py
[2026-04-22T21:47:41.603+0000] {processor.py:830} INFO - Processing file /home/airflow/dags/data_merge_dag.py for tasks to queue
[2026-04-22T21:47:41.688+0000] {logging_mixin.py:188} INFO - [2026-04-22T21:47:41.655+0000] {dagbag.py:538} INFO - Filling up the DagBag from /home/airflow/dags/data_merge_dag.py
[2026-04-22T21:48:13.700+0000] {logging_mixin.py:188} INFO - [2026-04-22T21:48:13.490+0000] {timeout.py:68} ERROR - Process timed out, PID: 1945
[2026-04-22T21:48:16.847+0000] {logging_mixin.py:188} INFO - [2026-04-22T21:48:13.784+0000] {dagbag.py:348} ERROR - Failed to import: /home/airflow/dags/data_merge_dag.py
Traceback (most recent call last):
  File "/home/airflow/.local/lib/python3.11/site-packages/airflow/models/dagbag.py", line 344, in parse
    loader.exec_module(new_module)
  File "<frozen importlib._bootstrap_external>", line 940, in exec_module
  File "<frozen importlib._bootstrap>", line 241, in _call_with_frames_removed
  File "/home/airflow/dags/data_merge_dag.py", line 3, in <module>
    import pandas as pd
  File "/home/airflow/.local/lib/python3.11/site-packages/pandas/__init__.py", line 48, in <module>
    from pandas.core.api import (
  File "/home/airflow/.local/lib/python3.11/site-packages/pandas/core/api.py", line 47, in <module>
    from pandas.core.groupby import (
  File "/home/airflow/.local/lib/python3.11/site-packages/pandas/core/groupby/__init__.py", line 1, in <module>
    from pandas.core.groupby.generic import (
  File "/home/airflow/.local/lib/python3.11/site-packages/pandas/core/groupby/generic.py", line 77, in <module>
    from pandas.core.frame import DataFrame
  File "/home/airflow/.local/lib/python3.11/site-packages/pandas/core/frame.py", line 217, in <module>
    from pandas.core.reshape.melt import melt
  File "/home/airflow/.local/lib/python3.11/site-packages/pandas/core/reshape/melt.py", line 28, in <module>
    from pandas.core.reshape.util import tile_compat
  File "<frozen importlib._bootstrap>", line 1176, in _find_and_load
  File "<frozen importlib._bootstrap>", line 1147, in _find_and_load_unlocked
  File "<frozen importlib._bootstrap>", line 676, in _load_unlocked
  File "<frozen importlib._bootstrap>", line 579, in module_from_spec
  File "<frozen importlib._bootstrap>", line 533, in _init_module_attrs
  File "<frozen importlib._bootstrap>", line 405, in parent
  File "/home/airflow/.local/lib/python3.11/site-packages/airflow/utils/timeout.py", line 69, in handle_timeout
    raise AirflowTaskTimeout(self.error_message)
airflow.exceptions.AirflowTaskTimeout: DagBag import timeout for /home/airflow/dags/data_merge_dag.py after 30.0s.
Please take a look at these docs to improve your DAG import time:
* https://airflow.apache.org/docs/apache-airflow/2.8.1/best-practices.html#top-level-python-code
* https://airflow.apache.org/docs/apache-airflow/2.8.1/best-practices.html#reducing-dag-complexity, PID: 1945
[2026-04-22T21:48:17.291+0000] {processor.py:842} WARNING - No viable dags retrieved from /home/airflow/dags/data_merge_dag.py
[2026-04-22T21:48:20.774+0000] {processor.py:183} INFO - Processing /home/airflow/dags/data_merge_dag.py took 39.808 seconds
[2026-04-22T21:48:56.275+0000] {processor.py:161} INFO - Started process (PID=1951) to work on /home/airflow/dags/data_merge_dag.py
[2026-04-22T21:48:56.430+0000] {processor.py:830} INFO - Processing file /home/airflow/dags/data_merge_dag.py for tasks to queue
[2026-04-22T21:48:56.499+0000] {logging_mixin.py:188} INFO - [2026-04-22T21:48:56.466+0000] {dagbag.py:538} INFO - Filling up the DagBag from /home/airflow/dags/data_merge_dag.py
[2026-04-22T21:49:42.715+0000] {logging_mixin.py:188} INFO - [2026-04-22T21:49:42.682+0000] {timeout.py:68} ERROR - Process timed out, PID: 1951
[2026-04-22T21:49:42.753+0000] {logging_mixin.py:188} WARNING - Exception ignored in: <function WeakKeyDictionary.__init__.<locals>.remove at 0x7781680e2d40>
[2026-04-22T21:49:42.767+0000] {logging_mixin.py:188} WARNING - Traceback (most recent call last):
[2026-04-22T21:49:42.785+0000] {logging_mixin.py:188} WARNING -   File "/usr/local/lib/python3.11/weakref.py", line 369, in remove
[2026-04-22T21:49:42.819+0000] {logging_mixin.py:188} WARNING -     def remove(k, selfref=ref(self)):
[2026-04-22T21:49:42.845+0000] {logging_mixin.py:188} WARNING -   File "/home/airflow/.local/lib/python3.11/site-packages/airflow/utils/timeout.py", line 69, in handle_timeout
[2026-04-22T21:49:42.881+0000] {logging_mixin.py:188} WARNING -     raise AirflowTaskTimeout(self.error_message)
[2026-04-22T21:49:42.905+0000] {logging_mixin.py:188} WARNING - airflow.exceptions.AirflowTaskTimeout: DagBag import timeout for /home/airflow/dags/data_merge_dag.py after 30.0s.
Please take a look at these docs to improve your DAG import time:
* https://airflow.apache.org/docs/apache-airflow/2.8.1/best-practices.html#top-level-python-code
* https://airflow.apache.org/docs/apache-airflow/2.8.1/best-practices.html#reducing-dag-complexity, PID: 1951
[2026-04-22T22:52:15.473+0000] {processor.py:161} INFO - Started process (PID=1955) to work on /home/airflow/dags/data_merge_dag.py
[2026-04-22T22:52:15.816+0000] {processor.py:830} INFO - Processing file /home/airflow/dags/data_merge_dag.py for tasks to queue
[2026-04-22T22:52:16.736+0000] {logging_mixin.py:188} INFO - [2026-04-22T22:52:16.636+0000] {dagbag.py:538} INFO - Filling up the DagBag from /home/airflow/dags/data_merge_dag.py
[2026-04-22T22:53:21.359+0000] {processor.py:161} INFO - Started process (PID=1959) to work on /home/airflow/dags/data_merge_dag.py
[2026-04-22T22:53:22.593+0000] {processor.py:830} INFO - Processing file /home/airflow/dags/data_merge_dag.py for tasks to queue
[2026-04-22T22:53:23.289+0000] {logging_mixin.py:188} INFO - [2026-04-22T22:53:23.057+0000] {dagbag.py:538} INFO - Filling up the DagBag from /home/airflow/dags/data_merge_dag.py
[2026-04-22T22:54:14.438+0000] {logging_mixin.py:188} INFO - [2026-04-22T22:54:14.421+0000] {timeout.py:68} ERROR - Process timed out, PID: 1959
[2026-04-24T14:27:48.796+0000] {logging_mixin.py:188} INFO - [2026-04-24T14:26:58.467+0000] {dagbag.py:348} ERROR - Failed to import: /home/airflow/dags/data_merge_dag.py
Traceback (most recent call last):
  File "/home/airflow/.local/lib/python3.11/site-packages/airflow/models/dagbag.py", line 344, in parse
    loader.exec_module(new_module)
  File "<frozen importlib._bootstrap_external>", line 940, in exec_module
  File "<frozen importlib._bootstrap>", line 241, in _call_with_frames_removed
  File "/home/airflow/dags/data_merge_dag.py", line 3, in <module>
    import pandas as pd
  File "/home/airflow/.local/lib/python3.11/site-packages/pandas/__init__.py", line 22, in <module>
    from pandas.compat import is_numpy_dev as _is_numpy_dev  # pyright: ignore # noqa:F401
    ^^^^^^^^^^^^^^^^^^^^^^^^^^^^^^^^^^^^^^^^^^^^^^^^^^^^^^^
  File "<frozen importlib._bootstrap>", line 1176, in _find_and_load
  File "<frozen importlib._bootstrap>", line 1147, in _find_and_load_unlocked
  File "<frozen importlib._bootstrap>", line 690, in _load_unlocked
  File "<frozen importlib._bootstrap_external>", line 936, in exec_module
  File "<frozen importlib._bootstrap_external>", line 1069, in get_code
  File "<frozen importlib._bootstrap_external>", line 729, in _compile_bytecode
  File "/home/airflow/.local/lib/python3.11/site-packages/airflow/utils/timeout.py", line 69, in handle_timeout
    raise AirflowTaskTimeout(self.error_message)
airflow.exceptions.AirflowTaskTimeout: DagBag import timeout for /home/airflow/dags/data_merge_dag.py after 30.0s.
Please take a look at these docs to improve your DAG import time:
* https://airflow.apache.org/docs/apache-airflow/2.8.1/best-practices.html#top-level-python-code
* https://airflow.apache.org/docs/apache-airflow/2.8.1/best-practices.html#reducing-dag-complexity, PID: 1959
[2026-04-24T14:27:50.396+0000] {processor.py:842} WARNING - No viable dags retrieved from /home/airflow/dags/data_merge_dag.py
[2026-04-24T14:28:52.752+0000] {processor.py:183} INFO - Processing /home/airflow/dags/data_merge_dag.py took 226.736 seconds
