[2026-04-27T00:00:06.310+0000] {processor.py:161} INFO - Started process (PID=59786) to work on /home/airflow/dags/feature_engineering_dag.py
[2026-04-27T00:00:06.312+0000] {processor.py:830} INFO - Processing file /home/airflow/dags/feature_engineering_dag.py for tasks to queue
[2026-04-27T00:00:06.314+0000] {logging_mixin.py:188} INFO - [2026-04-27T00:00:06.313+0000] {dagbag.py:538} INFO - Filling up the DagBag from /home/airflow/dags/feature_engineering_dag.py
[2026-04-27T00:00:07.490+0000] {processor.py:840} INFO - DAG(s) 'feature_engineering_pipeline' retrieved from /home/airflow/dags/feature_engineering_dag.py
[2026-04-27T00:00:07.582+0000] {logging_mixin.py:188} INFO - [2026-04-27T00:00:07.581+0000] {dag.py:3036} INFO - Sync 1 DAGs
[2026-04-27T00:00:07.601+0000] {logging_mixin.py:188} INFO - [2026-04-27T00:00:07.601+0000] {dag.py:3823} INFO - Setting next_dagrun for feature_engineering_pipeline to 2026-04-26 00:00:00+00:00, run_after=2026-05-03 00:00:00+00:00
[2026-04-27T00:00:07.627+0000] {processor.py:183} INFO - Processing /home/airflow/dags/feature_engineering_dag.py took 1.321 seconds
[2026-04-27T00:00:38.045+0000] {processor.py:161} INFO - Started process (PID=59831) to work on /home/airflow/dags/feature_engineering_dag.py
[2026-04-27T00:00:38.046+0000] {processor.py:830} INFO - Processing file /home/airflow/dags/feature_engineering_dag.py for tasks to queue
[2026-04-27T00:00:38.047+0000] {logging_mixin.py:188} INFO - [2026-04-27T00:00:38.047+0000] {dagbag.py:538} INFO - Filling up the DagBag from /home/airflow/dags/feature_engineering_dag.py
[2026-04-27T00:00:38.797+0000] {processor.py:840} INFO - DAG(s) 'feature_engineering_pipeline' retrieved from /home/airflow/dags/feature_engineering_dag.py
[2026-04-27T00:00:38.821+0000] {logging_mixin.py:188} INFO - [2026-04-27T00:00:38.820+0000] {dag.py:3036} INFO - Sync 1 DAGs
[2026-04-27T00:00:38.836+0000] {logging_mixin.py:188} INFO - [2026-04-27T00:00:38.836+0000] {dag.py:3823} INFO - Setting next_dagrun for feature_engineering_pipeline to 2026-04-26 00:00:00+00:00, run_after=2026-05-03 00:00:00+00:00
[2026-04-27T00:00:38.858+0000] {processor.py:183} INFO - Processing /home/airflow/dags/feature_engineering_dag.py took 0.817 seconds
[2026-04-27T00:01:09.398+0000] {processor.py:161} INFO - Started process (PID=59876) to work on /home/airflow/dags/feature_engineering_dag.py
[2026-04-27T00:01:09.399+0000] {processor.py:830} INFO - Processing file /home/airflow/dags/feature_engineering_dag.py for tasks to queue
[2026-04-27T00:01:09.401+0000] {logging_mixin.py:188} INFO - [2026-04-27T00:01:09.400+0000] {dagbag.py:538} INFO - Filling up the DagBag from /home/airflow/dags/feature_engineering_dag.py
[2026-04-27T00:01:10.199+0000] {processor.py:840} INFO - DAG(s) 'feature_engineering_pipeline' retrieved from /home/airflow/dags/feature_engineering_dag.py
[2026-04-27T00:01:10.230+0000] {logging_mixin.py:188} INFO - [2026-04-27T00:01:10.229+0000] {dag.py:3036} INFO - Sync 1 DAGs
[2026-04-27T00:01:10.255+0000] {logging_mixin.py:188} INFO - [2026-04-27T00:01:10.255+0000] {dag.py:3823} INFO - Setting next_dagrun for feature_engineering_pipeline to 2026-04-26 00:00:00+00:00, run_after=2026-05-03 00:00:00+00:00
[2026-04-27T00:01:10.280+0000] {processor.py:183} INFO - Processing /home/airflow/dags/feature_engineering_dag.py took 0.885 seconds
[2026-04-27T00:01:40.785+0000] {processor.py:161} INFO - Started process (PID=59921) to work on /home/airflow/dags/feature_engineering_dag.py
[2026-04-27T00:01:40.786+0000] {processor.py:830} INFO - Processing file /home/airflow/dags/feature_engineering_dag.py for tasks to queue
[2026-04-27T00:01:40.787+0000] {logging_mixin.py:188} INFO - [2026-04-27T00:01:40.787+0000] {dagbag.py:538} INFO - Filling up the DagBag from /home/airflow/dags/feature_engineering_dag.py
[2026-04-27T00:01:41.583+0000] {processor.py:840} INFO - DAG(s) 'feature_engineering_pipeline' retrieved from /home/airflow/dags/feature_engineering_dag.py
[2026-04-27T00:01:41.602+0000] {logging_mixin.py:188} INFO - [2026-04-27T00:01:41.602+0000] {dag.py:3036} INFO - Sync 1 DAGs
[2026-04-27T00:01:41.617+0000] {logging_mixin.py:188} INFO - [2026-04-27T00:01:41.617+0000] {dag.py:3823} INFO - Setting next_dagrun for feature_engineering_pipeline to 2026-04-26 00:00:00+00:00, run_after=2026-05-03 00:00:00+00:00
[2026-04-27T00:01:41.638+0000] {processor.py:183} INFO - Processing /home/airflow/dags/feature_engineering_dag.py took 0.857 seconds
[2026-04-27T00:02:12.163+0000] {processor.py:161} INFO - Started process (PID=59966) to work on /home/airflow/dags/feature_engineering_dag.py
[2026-04-27T00:02:12.164+0000] {processor.py:830} INFO - Processing file /home/airflow/dags/feature_engineering_dag.py for tasks to queue
[2026-04-27T00:02:12.165+0000] {logging_mixin.py:188} INFO - [2026-04-27T00:02:12.165+0000] {dagbag.py:538} INFO - Filling up the DagBag from /home/airflow/dags/feature_engineering_dag.py
[2026-04-27T00:02:12.983+0000] {processor.py:840} INFO - DAG(s) 'feature_engineering_pipeline' retrieved from /home/airflow/dags/feature_engineering_dag.py
[2026-04-27T00:02:13.005+0000] {logging_mixin.py:188} INFO - [2026-04-27T00:02:13.005+0000] {dag.py:3036} INFO - Sync 1 DAGs
[2026-04-27T00:02:13.021+0000] {logging_mixin.py:188} INFO - [2026-04-27T00:02:13.020+0000] {dag.py:3823} INFO - Setting next_dagrun for feature_engineering_pipeline to 2026-04-26 00:00:00+00:00, run_after=2026-05-03 00:00:00+00:00
[2026-04-27T00:02:13.042+0000] {processor.py:183} INFO - Processing /home/airflow/dags/feature_engineering_dag.py took 0.882 seconds
[2026-04-27T00:02:43.927+0000] {processor.py:161} INFO - Started process (PID=60011) to work on /home/airflow/dags/feature_engineering_dag.py
[2026-04-27T00:02:43.928+0000] {processor.py:830} INFO - Processing file /home/airflow/dags/feature_engineering_dag.py for tasks to queue
[2026-04-27T00:02:43.930+0000] {logging_mixin.py:188} INFO - [2026-04-27T00:02:43.929+0000] {dagbag.py:538} INFO - Filling up the DagBag from /home/airflow/dags/feature_engineering_dag.py
[2026-04-27T00:02:44.951+0000] {processor.py:840} INFO - DAG(s) 'feature_engineering_pipeline' retrieved from /home/airflow/dags/feature_engineering_dag.py
[2026-04-27T00:02:44.976+0000] {logging_mixin.py:188} INFO - [2026-04-27T00:02:44.976+0000] {dag.py:3036} INFO - Sync 1 DAGs
[2026-04-27T00:02:44.997+0000] {logging_mixin.py:188} INFO - [2026-04-27T00:02:44.997+0000] {dag.py:3823} INFO - Setting next_dagrun for feature_engineering_pipeline to 2026-04-26 00:00:00+00:00, run_after=2026-05-03 00:00:00+00:00
[2026-04-27T00:02:45.021+0000] {processor.py:183} INFO - Processing /home/airflow/dags/feature_engineering_dag.py took 1.097 seconds
[2026-04-27T00:03:15.358+0000] {processor.py:161} INFO - Started process (PID=60056) to work on /home/airflow/dags/feature_engineering_dag.py
[2026-04-27T00:03:15.359+0000] {processor.py:830} INFO - Processing file /home/airflow/dags/feature_engineering_dag.py for tasks to queue
[2026-04-27T00:03:15.361+0000] {logging_mixin.py:188} INFO - [2026-04-27T00:03:15.360+0000] {dagbag.py:538} INFO - Filling up the DagBag from /home/airflow/dags/feature_engineering_dag.py
[2026-04-27T00:03:16.112+0000] {processor.py:840} INFO - DAG(s) 'feature_engineering_pipeline' retrieved from /home/airflow/dags/feature_engineering_dag.py
[2026-04-27T00:03:16.132+0000] {logging_mixin.py:188} INFO - [2026-04-27T00:03:16.132+0000] {dag.py:3036} INFO - Sync 1 DAGs
[2026-04-27T00:03:16.148+0000] {logging_mixin.py:188} INFO - [2026-04-27T00:03:16.147+0000] {dag.py:3823} INFO - Setting next_dagrun for feature_engineering_pipeline to 2026-04-26 00:00:00+00:00, run_after=2026-05-03 00:00:00+00:00
[2026-04-27T00:03:16.170+0000] {processor.py:183} INFO - Processing /home/airflow/dags/feature_engineering_dag.py took 0.815 seconds
[2026-04-27T00:03:46.778+0000] {processor.py:161} INFO - Started process (PID=60101) to work on /home/airflow/dags/feature_engineering_dag.py
[2026-04-27T00:03:46.783+0000] {processor.py:830} INFO - Processing file /home/airflow/dags/feature_engineering_dag.py for tasks to queue
[2026-04-27T00:03:46.785+0000] {logging_mixin.py:188} INFO - [2026-04-27T00:03:46.784+0000] {dagbag.py:538} INFO - Filling up the DagBag from /home/airflow/dags/feature_engineering_dag.py
[2026-04-27T00:03:47.738+0000] {processor.py:840} INFO - DAG(s) 'feature_engineering_pipeline' retrieved from /home/airflow/dags/feature_engineering_dag.py
[2026-04-27T00:03:47.760+0000] {logging_mixin.py:188} INFO - [2026-04-27T00:03:47.759+0000] {dag.py:3036} INFO - Sync 1 DAGs
[2026-04-27T00:03:47.775+0000] {logging_mixin.py:188} INFO - [2026-04-27T00:03:47.775+0000] {dag.py:3823} INFO - Setting next_dagrun for feature_engineering_pipeline to 2026-04-26 00:00:00+00:00, run_after=2026-05-03 00:00:00+00:00
[2026-04-27T00:03:47.804+0000] {processor.py:183} INFO - Processing /home/airflow/dags/feature_engineering_dag.py took 1.031 seconds
[2026-04-27T00:04:18.139+0000] {processor.py:161} INFO - Started process (PID=60146) to work on /home/airflow/dags/feature_engineering_dag.py
[2026-04-27T00:04:18.140+0000] {processor.py:830} INFO - Processing file /home/airflow/dags/feature_engineering_dag.py for tasks to queue
[2026-04-27T00:04:18.141+0000] {logging_mixin.py:188} INFO - [2026-04-27T00:04:18.141+0000] {dagbag.py:538} INFO - Filling up the DagBag from /home/airflow/dags/feature_engineering_dag.py
[2026-04-27T00:04:18.934+0000] {processor.py:840} INFO - DAG(s) 'feature_engineering_pipeline' retrieved from /home/airflow/dags/feature_engineering_dag.py
[2026-04-27T00:04:18.954+0000] {logging_mixin.py:188} INFO - [2026-04-27T00:04:18.953+0000] {dag.py:3036} INFO - Sync 1 DAGs
[2026-04-27T00:04:18.968+0000] {logging_mixin.py:188} INFO - [2026-04-27T00:04:18.967+0000] {dag.py:3823} INFO - Setting next_dagrun for feature_engineering_pipeline to 2026-04-26 00:00:00+00:00, run_after=2026-05-03 00:00:00+00:00
[2026-04-27T00:04:18.992+0000] {processor.py:183} INFO - Processing /home/airflow/dags/feature_engineering_dag.py took 0.856 seconds
[2026-04-27T00:04:49.287+0000] {processor.py:161} INFO - Started process (PID=60191) to work on /home/airflow/dags/feature_engineering_dag.py
[2026-04-27T00:04:49.289+0000] {processor.py:830} INFO - Processing file /home/airflow/dags/feature_engineering_dag.py for tasks to queue
[2026-04-27T00:04:49.290+0000] {logging_mixin.py:188} INFO - [2026-04-27T00:04:49.289+0000] {dagbag.py:538} INFO - Filling up the DagBag from /home/airflow/dags/feature_engineering_dag.py
[2026-04-27T00:04:50.102+0000] {processor.py:840} INFO - DAG(s) 'feature_engineering_pipeline' retrieved from /home/airflow/dags/feature_engineering_dag.py
[2026-04-27T00:04:50.129+0000] {logging_mixin.py:188} INFO - [2026-04-27T00:04:50.129+0000] {dag.py:3036} INFO - Sync 1 DAGs
[2026-04-27T00:04:50.154+0000] {logging_mixin.py:188} INFO - [2026-04-27T00:04:50.154+0000] {dag.py:3823} INFO - Setting next_dagrun for feature_engineering_pipeline to 2026-04-26 00:00:00+00:00, run_after=2026-05-03 00:00:00+00:00
[2026-04-27T00:04:50.185+0000] {processor.py:183} INFO - Processing /home/airflow/dags/feature_engineering_dag.py took 0.901 seconds
[2026-04-27T00:05:20.502+0000] {processor.py:161} INFO - Started process (PID=60236) to work on /home/airflow/dags/feature_engineering_dag.py
[2026-04-27T00:05:20.503+0000] {processor.py:830} INFO - Processing file /home/airflow/dags/feature_engineering_dag.py for tasks to queue
[2026-04-27T00:05:20.505+0000] {logging_mixin.py:188} INFO - [2026-04-27T00:05:20.504+0000] {dagbag.py:538} INFO - Filling up the DagBag from /home/airflow/dags/feature_engineering_dag.py
[2026-04-27T00:05:21.318+0000] {processor.py:840} INFO - DAG(s) 'feature_engineering_pipeline' retrieved from /home/airflow/dags/feature_engineering_dag.py
[2026-04-27T00:05:21.343+0000] {logging_mixin.py:188} INFO - [2026-04-27T00:05:21.342+0000] {dag.py:3036} INFO - Sync 1 DAGs
[2026-04-27T00:05:21.357+0000] {logging_mixin.py:188} INFO - [2026-04-27T00:05:21.356+0000] {dag.py:3823} INFO - Setting next_dagrun for feature_engineering_pipeline to 2026-04-26 00:00:00+00:00, run_after=2026-05-03 00:00:00+00:00
[2026-04-27T00:05:21.378+0000] {processor.py:183} INFO - Processing /home/airflow/dags/feature_engineering_dag.py took 0.880 seconds
[2026-04-27T00:05:51.839+0000] {processor.py:161} INFO - Started process (PID=60281) to work on /home/airflow/dags/feature_engineering_dag.py
[2026-04-27T00:05:51.840+0000] {processor.py:830} INFO - Processing file /home/airflow/dags/feature_engineering_dag.py for tasks to queue
[2026-04-27T00:05:51.841+0000] {logging_mixin.py:188} INFO - [2026-04-27T00:05:51.841+0000] {dagbag.py:538} INFO - Filling up the DagBag from /home/airflow/dags/feature_engineering_dag.py
[2026-04-27T00:05:52.660+0000] {processor.py:840} INFO - DAG(s) 'feature_engineering_pipeline' retrieved from /home/airflow/dags/feature_engineering_dag.py
[2026-04-27T00:05:52.679+0000] {logging_mixin.py:188} INFO - [2026-04-27T00:05:52.679+0000] {dag.py:3036} INFO - Sync 1 DAGs
[2026-04-27T00:05:52.699+0000] {logging_mixin.py:188} INFO - [2026-04-27T00:05:52.699+0000] {dag.py:3823} INFO - Setting next_dagrun for feature_engineering_pipeline to 2026-04-26 00:00:00+00:00, run_after=2026-05-03 00:00:00+00:00
[2026-04-27T00:05:52.719+0000] {processor.py:183} INFO - Processing /home/airflow/dags/feature_engineering_dag.py took 0.884 seconds
[2026-04-27T00:06:23.029+0000] {processor.py:161} INFO - Started process (PID=60326) to work on /home/airflow/dags/feature_engineering_dag.py
[2026-04-27T00:06:23.030+0000] {processor.py:830} INFO - Processing file /home/airflow/dags/feature_engineering_dag.py for tasks to queue
[2026-04-27T00:06:23.031+0000] {logging_mixin.py:188} INFO - [2026-04-27T00:06:23.031+0000] {dagbag.py:538} INFO - Filling up the DagBag from /home/airflow/dags/feature_engineering_dag.py
[2026-04-27T00:06:23.801+0000] {processor.py:840} INFO - DAG(s) 'feature_engineering_pipeline' retrieved from /home/airflow/dags/feature_engineering_dag.py
[2026-04-27T00:06:23.820+0000] {logging_mixin.py:188} INFO - [2026-04-27T00:06:23.820+0000] {dag.py:3036} INFO - Sync 1 DAGs
[2026-04-27T00:06:23.836+0000] {logging_mixin.py:188} INFO - [2026-04-27T00:06:23.836+0000] {dag.py:3823} INFO - Setting next_dagrun for feature_engineering_pipeline to 2026-04-26 00:00:00+00:00, run_after=2026-05-03 00:00:00+00:00
[2026-04-27T00:06:23.858+0000] {processor.py:183} INFO - Processing /home/airflow/dags/feature_engineering_dag.py took 0.833 seconds
[2026-04-27T00:06:54.408+0000] {processor.py:161} INFO - Started process (PID=60371) to work on /home/airflow/dags/feature_engineering_dag.py
[2026-04-27T00:06:54.410+0000] {processor.py:830} INFO - Processing file /home/airflow/dags/feature_engineering_dag.py for tasks to queue
[2026-04-27T00:06:54.412+0000] {logging_mixin.py:188} INFO - [2026-04-27T00:06:54.411+0000] {dagbag.py:538} INFO - Filling up the DagBag from /home/airflow/dags/feature_engineering_dag.py
[2026-04-27T00:06:55.463+0000] {processor.py:840} INFO - DAG(s) 'feature_engineering_pipeline' retrieved from /home/airflow/dags/feature_engineering_dag.py
[2026-04-27T00:06:55.487+0000] {logging_mixin.py:188} INFO - [2026-04-27T00:06:55.487+0000] {dag.py:3036} INFO - Sync 1 DAGs
[2026-04-27T00:06:55.504+0000] {logging_mixin.py:188} INFO - [2026-04-27T00:06:55.503+0000] {dag.py:3823} INFO - Setting next_dagrun for feature_engineering_pipeline to 2026-04-26 00:00:00+00:00, run_after=2026-05-03 00:00:00+00:00
[2026-04-27T00:06:55.526+0000] {processor.py:183} INFO - Processing /home/airflow/dags/feature_engineering_dag.py took 1.124 seconds
[2026-04-27T00:07:25.932+0000] {processor.py:161} INFO - Started process (PID=60416) to work on /home/airflow/dags/feature_engineering_dag.py
[2026-04-27T00:07:25.933+0000] {processor.py:830} INFO - Processing file /home/airflow/dags/feature_engineering_dag.py for tasks to queue
[2026-04-27T00:07:25.934+0000] {logging_mixin.py:188} INFO - [2026-04-27T00:07:25.934+0000] {dagbag.py:538} INFO - Filling up the DagBag from /home/airflow/dags/feature_engineering_dag.py
[2026-04-27T00:07:26.856+0000] {processor.py:840} INFO - DAG(s) 'feature_engineering_pipeline' retrieved from /home/airflow/dags/feature_engineering_dag.py
[2026-04-27T00:07:26.885+0000] {logging_mixin.py:188} INFO - [2026-04-27T00:07:26.885+0000] {dag.py:3036} INFO - Sync 1 DAGs
[2026-04-27T00:07:26.909+0000] {logging_mixin.py:188} INFO - [2026-04-27T00:07:26.909+0000] {dag.py:3823} INFO - Setting next_dagrun for feature_engineering_pipeline to 2026-04-26 00:00:00+00:00, run_after=2026-05-03 00:00:00+00:00
[2026-04-27T00:07:26.934+0000] {processor.py:183} INFO - Processing /home/airflow/dags/feature_engineering_dag.py took 1.006 seconds
[2026-04-27T00:07:57.307+0000] {processor.py:161} INFO - Started process (PID=60461) to work on /home/airflow/dags/feature_engineering_dag.py
[2026-04-27T00:07:57.309+0000] {processor.py:830} INFO - Processing file /home/airflow/dags/feature_engineering_dag.py for tasks to queue
[2026-04-27T00:07:57.310+0000] {logging_mixin.py:188} INFO - [2026-04-27T00:07:57.310+0000] {dagbag.py:538} INFO - Filling up the DagBag from /home/airflow/dags/feature_engineering_dag.py
[2026-04-27T00:07:58.134+0000] {processor.py:840} INFO - DAG(s) 'feature_engineering_pipeline' retrieved from /home/airflow/dags/feature_engineering_dag.py
[2026-04-27T00:07:58.154+0000] {logging_mixin.py:188} INFO - [2026-04-27T00:07:58.154+0000] {dag.py:3036} INFO - Sync 1 DAGs
[2026-04-27T00:07:58.171+0000] {logging_mixin.py:188} INFO - [2026-04-27T00:07:58.171+0000] {dag.py:3823} INFO - Setting next_dagrun for feature_engineering_pipeline to 2026-04-26 00:00:00+00:00, run_after=2026-05-03 00:00:00+00:00
[2026-04-27T00:07:58.194+0000] {processor.py:183} INFO - Processing /home/airflow/dags/feature_engineering_dag.py took 0.889 seconds
[2026-04-27T00:08:28.621+0000] {processor.py:161} INFO - Started process (PID=60506) to work on /home/airflow/dags/feature_engineering_dag.py
[2026-04-27T00:08:28.624+0000] {processor.py:830} INFO - Processing file /home/airflow/dags/feature_engineering_dag.py for tasks to queue
[2026-04-27T00:08:28.627+0000] {logging_mixin.py:188} INFO - [2026-04-27T00:08:28.626+0000] {dagbag.py:538} INFO - Filling up the DagBag from /home/airflow/dags/feature_engineering_dag.py
[2026-04-27T00:08:29.575+0000] {processor.py:840} INFO - DAG(s) 'feature_engineering_pipeline' retrieved from /home/airflow/dags/feature_engineering_dag.py
[2026-04-27T00:08:29.596+0000] {logging_mixin.py:188} INFO - [2026-04-27T00:08:29.596+0000] {dag.py:3036} INFO - Sync 1 DAGs
[2026-04-27T00:08:29.611+0000] {logging_mixin.py:188} INFO - [2026-04-27T00:08:29.610+0000] {dag.py:3823} INFO - Setting next_dagrun for feature_engineering_pipeline to 2026-04-26 00:00:00+00:00, run_after=2026-05-03 00:00:00+00:00
[2026-04-27T00:08:29.632+0000] {processor.py:183} INFO - Processing /home/airflow/dags/feature_engineering_dag.py took 1.017 seconds
[2026-04-27T00:09:00.012+0000] {processor.py:161} INFO - Started process (PID=60551) to work on /home/airflow/dags/feature_engineering_dag.py
[2026-04-27T00:09:00.013+0000] {processor.py:830} INFO - Processing file /home/airflow/dags/feature_engineering_dag.py for tasks to queue
[2026-04-27T00:09:00.015+0000] {logging_mixin.py:188} INFO - [2026-04-27T00:09:00.014+0000] {dagbag.py:538} INFO - Filling up the DagBag from /home/airflow/dags/feature_engineering_dag.py
[2026-04-27T00:09:00.947+0000] {processor.py:840} INFO - DAG(s) 'feature_engineering_pipeline' retrieved from /home/airflow/dags/feature_engineering_dag.py
[2026-04-27T00:09:00.967+0000] {logging_mixin.py:188} INFO - [2026-04-27T00:09:00.966+0000] {dag.py:3036} INFO - Sync 1 DAGs
[2026-04-27T00:09:00.981+0000] {logging_mixin.py:188} INFO - [2026-04-27T00:09:00.980+0000] {dag.py:3823} INFO - Setting next_dagrun for feature_engineering_pipeline to 2026-04-26 00:00:00+00:00, run_after=2026-05-03 00:00:00+00:00
[2026-04-27T00:09:01.003+0000] {processor.py:183} INFO - Processing /home/airflow/dags/feature_engineering_dag.py took 0.995 seconds
[2026-04-27T00:09:31.299+0000] {processor.py:161} INFO - Started process (PID=60596) to work on /home/airflow/dags/feature_engineering_dag.py
[2026-04-27T00:09:31.300+0000] {processor.py:830} INFO - Processing file /home/airflow/dags/feature_engineering_dag.py for tasks to queue
[2026-04-27T00:09:31.301+0000] {logging_mixin.py:188} INFO - [2026-04-27T00:09:31.301+0000] {dagbag.py:538} INFO - Filling up the DagBag from /home/airflow/dags/feature_engineering_dag.py
[2026-04-27T00:09:32.160+0000] {processor.py:840} INFO - DAG(s) 'feature_engineering_pipeline' retrieved from /home/airflow/dags/feature_engineering_dag.py
[2026-04-27T00:09:32.190+0000] {logging_mixin.py:188} INFO - [2026-04-27T00:09:32.190+0000] {dag.py:3036} INFO - Sync 1 DAGs
[2026-04-27T00:09:32.313+0000] {logging_mixin.py:188} INFO - [2026-04-27T00:09:32.313+0000] {dag.py:3823} INFO - Setting next_dagrun for feature_engineering_pipeline to 2026-04-26 00:00:00+00:00, run_after=2026-05-03 00:00:00+00:00
[2026-04-27T00:09:32.335+0000] {processor.py:183} INFO - Processing /home/airflow/dags/feature_engineering_dag.py took 1.042 seconds
[2026-04-27T00:10:02.491+0000] {processor.py:161} INFO - Started process (PID=60647) to work on /home/airflow/dags/feature_engineering_dag.py
[2026-04-27T00:10:02.493+0000] {processor.py:830} INFO - Processing file /home/airflow/dags/feature_engineering_dag.py for tasks to queue
[2026-04-27T00:10:02.495+0000] {logging_mixin.py:188} INFO - [2026-04-27T00:10:02.494+0000] {dagbag.py:538} INFO - Filling up the DagBag from /home/airflow/dags/feature_engineering_dag.py
[2026-04-27T00:10:04.426+0000] {processor.py:840} INFO - DAG(s) 'feature_engineering_pipeline' retrieved from /home/airflow/dags/feature_engineering_dag.py
[2026-04-27T00:10:04.462+0000] {logging_mixin.py:188} INFO - [2026-04-27T00:10:04.461+0000] {dag.py:3036} INFO - Sync 1 DAGs
[2026-04-27T00:10:04.504+0000] {logging_mixin.py:188} INFO - [2026-04-27T00:10:04.503+0000] {dag.py:3823} INFO - Setting next_dagrun for feature_engineering_pipeline to 2026-04-26 00:00:00+00:00, run_after=2026-05-03 00:00:00+00:00
[2026-04-27T00:10:04.570+0000] {processor.py:183} INFO - Processing /home/airflow/dags/feature_engineering_dag.py took 2.084 seconds
[2026-04-27T00:10:34.790+0000] {processor.py:161} INFO - Started process (PID=60692) to work on /home/airflow/dags/feature_engineering_dag.py
[2026-04-27T00:10:34.794+0000] {processor.py:830} INFO - Processing file /home/airflow/dags/feature_engineering_dag.py for tasks to queue
[2026-04-27T00:10:34.796+0000] {logging_mixin.py:188} INFO - [2026-04-27T00:10:34.795+0000] {dagbag.py:538} INFO - Filling up the DagBag from /home/airflow/dags/feature_engineering_dag.py
[2026-04-27T00:10:36.353+0000] {processor.py:840} INFO - DAG(s) 'feature_engineering_pipeline' retrieved from /home/airflow/dags/feature_engineering_dag.py
[2026-04-27T00:10:36.375+0000] {logging_mixin.py:188} INFO - [2026-04-27T00:10:36.374+0000] {dag.py:3036} INFO - Sync 1 DAGs
[2026-04-27T00:10:36.391+0000] {logging_mixin.py:188} INFO - [2026-04-27T00:10:36.391+0000] {dag.py:3823} INFO - Setting next_dagrun for feature_engineering_pipeline to 2026-04-26 00:00:00+00:00, run_after=2026-05-03 00:00:00+00:00
[2026-04-27T00:10:36.415+0000] {processor.py:183} INFO - Processing /home/airflow/dags/feature_engineering_dag.py took 1.630 seconds
[2026-04-27T00:11:06.789+0000] {processor.py:161} INFO - Started process (PID=60737) to work on /home/airflow/dags/feature_engineering_dag.py
[2026-04-27T00:11:06.790+0000] {processor.py:830} INFO - Processing file /home/airflow/dags/feature_engineering_dag.py for tasks to queue
[2026-04-27T00:11:06.792+0000] {logging_mixin.py:188} INFO - [2026-04-27T00:11:06.791+0000] {dagbag.py:538} INFO - Filling up the DagBag from /home/airflow/dags/feature_engineering_dag.py
[2026-04-27T00:11:07.813+0000] {processor.py:840} INFO - DAG(s) 'feature_engineering_pipeline' retrieved from /home/airflow/dags/feature_engineering_dag.py
[2026-04-27T00:11:07.833+0000] {logging_mixin.py:188} INFO - [2026-04-27T00:11:07.832+0000] {dag.py:3036} INFO - Sync 1 DAGs
[2026-04-27T00:11:07.848+0000] {logging_mixin.py:188} INFO - [2026-04-27T00:11:07.847+0000] {dag.py:3823} INFO - Setting next_dagrun for feature_engineering_pipeline to 2026-04-26 00:00:00+00:00, run_after=2026-05-03 00:00:00+00:00
[2026-04-27T00:11:07.925+0000] {processor.py:183} INFO - Processing /home/airflow/dags/feature_engineering_dag.py took 1.139 seconds
[2026-04-27T00:11:38.386+0000] {processor.py:161} INFO - Started process (PID=60782) to work on /home/airflow/dags/feature_engineering_dag.py
[2026-04-27T00:11:38.387+0000] {processor.py:830} INFO - Processing file /home/airflow/dags/feature_engineering_dag.py for tasks to queue
[2026-04-27T00:11:38.389+0000] {logging_mixin.py:188} INFO - [2026-04-27T00:11:38.388+0000] {dagbag.py:538} INFO - Filling up the DagBag from /home/airflow/dags/feature_engineering_dag.py
[2026-04-27T00:11:39.458+0000] {processor.py:840} INFO - DAG(s) 'feature_engineering_pipeline' retrieved from /home/airflow/dags/feature_engineering_dag.py
[2026-04-27T00:11:39.486+0000] {logging_mixin.py:188} INFO - [2026-04-27T00:11:39.485+0000] {dag.py:3036} INFO - Sync 1 DAGs
[2026-04-27T00:11:39.508+0000] {logging_mixin.py:188} INFO - [2026-04-27T00:11:39.508+0000] {dag.py:3823} INFO - Setting next_dagrun for feature_engineering_pipeline to 2026-04-26 00:00:00+00:00, run_after=2026-05-03 00:00:00+00:00
[2026-04-27T00:11:39.536+0000] {processor.py:183} INFO - Processing /home/airflow/dags/feature_engineering_dag.py took 1.154 seconds
[2026-04-27T00:12:10.183+0000] {processor.py:161} INFO - Started process (PID=60827) to work on /home/airflow/dags/feature_engineering_dag.py
[2026-04-27T00:12:10.184+0000] {processor.py:830} INFO - Processing file /home/airflow/dags/feature_engineering_dag.py for tasks to queue
[2026-04-27T00:12:10.185+0000] {logging_mixin.py:188} INFO - [2026-04-27T00:12:10.185+0000] {dagbag.py:538} INFO - Filling up the DagBag from /home/airflow/dags/feature_engineering_dag.py
[2026-04-27T00:12:11.279+0000] {processor.py:840} INFO - DAG(s) 'feature_engineering_pipeline' retrieved from /home/airflow/dags/feature_engineering_dag.py
[2026-04-27T00:12:11.305+0000] {logging_mixin.py:188} INFO - [2026-04-27T00:12:11.305+0000] {dag.py:3036} INFO - Sync 1 DAGs
[2026-04-27T00:12:11.322+0000] {logging_mixin.py:188} INFO - [2026-04-27T00:12:11.322+0000] {dag.py:3823} INFO - Setting next_dagrun for feature_engineering_pipeline to 2026-04-26 00:00:00+00:00, run_after=2026-05-03 00:00:00+00:00
[2026-04-27T00:12:11.348+0000] {processor.py:183} INFO - Processing /home/airflow/dags/feature_engineering_dag.py took 1.169 seconds
[2026-04-27T00:12:41.786+0000] {processor.py:161} INFO - Started process (PID=60872) to work on /home/airflow/dags/feature_engineering_dag.py
[2026-04-27T00:12:41.787+0000] {processor.py:830} INFO - Processing file /home/airflow/dags/feature_engineering_dag.py for tasks to queue
[2026-04-27T00:12:41.788+0000] {logging_mixin.py:188} INFO - [2026-04-27T00:12:41.788+0000] {dagbag.py:538} INFO - Filling up the DagBag from /home/airflow/dags/feature_engineering_dag.py
[2026-04-27T00:12:42.538+0000] {processor.py:840} INFO - DAG(s) 'feature_engineering_pipeline' retrieved from /home/airflow/dags/feature_engineering_dag.py
[2026-04-27T00:12:42.561+0000] {logging_mixin.py:188} INFO - [2026-04-27T00:12:42.560+0000] {dag.py:3036} INFO - Sync 1 DAGs
[2026-04-27T00:12:42.577+0000] {logging_mixin.py:188} INFO - [2026-04-27T00:12:42.577+0000] {dag.py:3823} INFO - Setting next_dagrun for feature_engineering_pipeline to 2026-04-26 00:00:00+00:00, run_after=2026-05-03 00:00:00+00:00
[2026-04-27T00:12:42.633+0000] {processor.py:183} INFO - Processing /home/airflow/dags/feature_engineering_dag.py took 0.850 seconds
[2026-04-27T00:13:30.826+0000] {processor.py:161} INFO - Started process (PID=78) to work on /home/airflow/dags/feature_engineering_dag.py
[2026-04-27T00:13:30.830+0000] {processor.py:830} INFO - Processing file /home/airflow/dags/feature_engineering_dag.py for tasks to queue
[2026-04-27T00:13:30.833+0000] {logging_mixin.py:188} INFO - [2026-04-27T00:13:30.831+0000] {dagbag.py:538} INFO - Filling up the DagBag from /home/airflow/dags/feature_engineering_dag.py
[2026-04-27T00:13:31.938+0000] {processor.py:840} INFO - DAG(s) 'feature_engineering_pipeline' retrieved from /home/airflow/dags/feature_engineering_dag.py
[2026-04-27T00:13:31.950+0000] {logging_mixin.py:188} INFO - [2026-04-27T00:13:31.950+0000] {dag.py:3036} INFO - Sync 1 DAGs
[2026-04-27T00:13:31.973+0000] {logging_mixin.py:188} INFO - [2026-04-27T00:13:31.973+0000] {dag.py:3823} INFO - Setting next_dagrun for feature_engineering_pipeline to 2026-04-26 00:00:00+00:00, run_after=2026-05-03 00:00:00+00:00
[2026-04-27T00:13:31.996+0000] {processor.py:183} INFO - Processing /home/airflow/dags/feature_engineering_dag.py took 1.175 seconds
[2026-04-27T00:14:09.281+0000] {processor.py:161} INFO - Started process (PID=127) to work on /home/airflow/dags/feature_engineering_dag.py
[2026-04-27T00:14:09.287+0000] {processor.py:830} INFO - Processing file /home/airflow/dags/feature_engineering_dag.py for tasks to queue
[2026-04-27T00:14:09.288+0000] {logging_mixin.py:188} INFO - [2026-04-27T00:14:09.288+0000] {dagbag.py:538} INFO - Filling up the DagBag from /home/airflow/dags/feature_engineering_dag.py
[2026-04-27T00:14:10.321+0000] {processor.py:840} INFO - DAG(s) 'feature_engineering_pipeline' retrieved from /home/airflow/dags/feature_engineering_dag.py
[2026-04-27T00:14:10.430+0000] {logging_mixin.py:188} INFO - [2026-04-27T00:14:10.430+0000] {dag.py:3036} INFO - Sync 1 DAGs
[2026-04-27T00:14:10.458+0000] {logging_mixin.py:188} INFO - [2026-04-27T00:14:10.458+0000] {dag.py:3823} INFO - Setting next_dagrun for feature_engineering_pipeline to 2026-04-26 00:00:00+00:00, run_after=2026-05-03 00:00:00+00:00
[2026-04-27T00:14:10.558+0000] {processor.py:183} INFO - Processing /home/airflow/dags/feature_engineering_dag.py took 1.280 seconds
[2026-04-27T00:14:40.825+0000] {processor.py:161} INFO - Started process (PID=174) to work on /home/airflow/dags/feature_engineering_dag.py
[2026-04-27T00:14:40.827+0000] {processor.py:830} INFO - Processing file /home/airflow/dags/feature_engineering_dag.py for tasks to queue
[2026-04-27T00:14:40.830+0000] {logging_mixin.py:188} INFO - [2026-04-27T00:14:40.829+0000] {dagbag.py:538} INFO - Filling up the DagBag from /home/airflow/dags/feature_engineering_dag.py
[2026-04-27T00:14:41.899+0000] {processor.py:840} INFO - DAG(s) 'feature_engineering_pipeline' retrieved from /home/airflow/dags/feature_engineering_dag.py
[2026-04-27T00:14:41.926+0000] {logging_mixin.py:188} INFO - [2026-04-27T00:14:41.925+0000] {dag.py:3036} INFO - Sync 1 DAGs
[2026-04-27T00:14:41.946+0000] {logging_mixin.py:188} INFO - [2026-04-27T00:14:41.946+0000] {dag.py:3823} INFO - Setting next_dagrun for feature_engineering_pipeline to 2026-04-26 00:00:00+00:00, run_after=2026-05-03 00:00:00+00:00
[2026-04-27T00:14:41.970+0000] {processor.py:183} INFO - Processing /home/airflow/dags/feature_engineering_dag.py took 1.150 seconds
[2026-04-27T00:15:12.902+0000] {processor.py:161} INFO - Started process (PID=217) to work on /home/airflow/dags/feature_engineering_dag.py
[2026-04-27T00:15:12.904+0000] {processor.py:830} INFO - Processing file /home/airflow/dags/feature_engineering_dag.py for tasks to queue
[2026-04-27T00:15:12.905+0000] {logging_mixin.py:188} INFO - [2026-04-27T00:15:12.905+0000] {dagbag.py:538} INFO - Filling up the DagBag from /home/airflow/dags/feature_engineering_dag.py
[2026-04-27T00:15:14.201+0000] {processor.py:840} INFO - DAG(s) 'feature_engineering_pipeline' retrieved from /home/airflow/dags/feature_engineering_dag.py
[2026-04-27T00:15:14.226+0000] {logging_mixin.py:188} INFO - [2026-04-27T00:15:14.225+0000] {dag.py:3036} INFO - Sync 1 DAGs
[2026-04-27T00:15:14.244+0000] {logging_mixin.py:188} INFO - [2026-04-27T00:15:14.244+0000] {dag.py:3823} INFO - Setting next_dagrun for feature_engineering_pipeline to 2026-04-26 00:00:00+00:00, run_after=2026-05-03 00:00:00+00:00
[2026-04-27T00:15:14.278+0000] {processor.py:183} INFO - Processing /home/airflow/dags/feature_engineering_dag.py took 1.380 seconds
[2026-04-27T00:15:44.529+0000] {processor.py:161} INFO - Started process (PID=270) to work on /home/airflow/dags/feature_engineering_dag.py
[2026-04-27T00:15:44.531+0000] {processor.py:830} INFO - Processing file /home/airflow/dags/feature_engineering_dag.py for tasks to queue
[2026-04-27T00:15:44.532+0000] {logging_mixin.py:188} INFO - [2026-04-27T00:15:44.531+0000] {dagbag.py:538} INFO - Filling up the DagBag from /home/airflow/dags/feature_engineering_dag.py
[2026-04-27T00:15:45.285+0000] {processor.py:840} INFO - DAG(s) 'feature_engineering_pipeline' retrieved from /home/airflow/dags/feature_engineering_dag.py
[2026-04-27T00:15:45.304+0000] {logging_mixin.py:188} INFO - [2026-04-27T00:15:45.304+0000] {dag.py:3036} INFO - Sync 1 DAGs
[2026-04-27T00:15:45.321+0000] {logging_mixin.py:188} INFO - [2026-04-27T00:15:45.320+0000] {dag.py:3823} INFO - Setting next_dagrun for feature_engineering_pipeline to 2026-04-26 00:00:00+00:00, run_after=2026-05-03 00:00:00+00:00
[2026-04-27T00:15:45.342+0000] {processor.py:183} INFO - Processing /home/airflow/dags/feature_engineering_dag.py took 0.815 seconds
[2026-04-27T00:16:16.040+0000] {processor.py:161} INFO - Started process (PID=315) to work on /home/airflow/dags/feature_engineering_dag.py
[2026-04-27T00:16:16.041+0000] {processor.py:830} INFO - Processing file /home/airflow/dags/feature_engineering_dag.py for tasks to queue
[2026-04-27T00:16:16.042+0000] {logging_mixin.py:188} INFO - [2026-04-27T00:16:16.042+0000] {dagbag.py:538} INFO - Filling up the DagBag from /home/airflow/dags/feature_engineering_dag.py
[2026-04-27T00:16:16.848+0000] {processor.py:840} INFO - DAG(s) 'feature_engineering_pipeline' retrieved from /home/airflow/dags/feature_engineering_dag.py
[2026-04-27T00:16:16.887+0000] {logging_mixin.py:188} INFO - [2026-04-27T00:16:16.885+0000] {dag.py:3036} INFO - Sync 1 DAGs
[2026-04-27T00:16:16.923+0000] {logging_mixin.py:188} INFO - [2026-04-27T00:16:16.922+0000] {dag.py:3823} INFO - Setting next_dagrun for feature_engineering_pipeline to 2026-04-26 00:00:00+00:00, run_after=2026-05-03 00:00:00+00:00
[2026-04-27T00:16:16.959+0000] {processor.py:183} INFO - Processing /home/airflow/dags/feature_engineering_dag.py took 0.923 seconds
[2026-04-27T00:16:47.037+0000] {processor.py:161} INFO - Started process (PID=357) to work on /home/airflow/dags/feature_engineering_dag.py
[2026-04-27T00:16:47.039+0000] {processor.py:830} INFO - Processing file /home/airflow/dags/feature_engineering_dag.py for tasks to queue
[2026-04-27T00:16:47.041+0000] {logging_mixin.py:188} INFO - [2026-04-27T00:16:47.040+0000] {dagbag.py:538} INFO - Filling up the DagBag from /home/airflow/dags/feature_engineering_dag.py
[2026-04-27T00:16:48.226+0000] {processor.py:840} INFO - DAG(s) 'feature_engineering_pipeline' retrieved from /home/airflow/dags/feature_engineering_dag.py
[2026-04-27T00:16:48.256+0000] {logging_mixin.py:188} INFO - [2026-04-27T00:16:48.255+0000] {dag.py:3036} INFO - Sync 1 DAGs
[2026-04-27T00:16:48.284+0000] {logging_mixin.py:188} INFO - [2026-04-27T00:16:48.284+0000] {dag.py:3823} INFO - Setting next_dagrun for feature_engineering_pipeline to 2026-04-26 00:00:00+00:00, run_after=2026-05-03 00:00:00+00:00
[2026-04-27T00:16:48.317+0000] {processor.py:183} INFO - Processing /home/airflow/dags/feature_engineering_dag.py took 1.284 seconds
[2026-04-27T00:17:19.196+0000] {processor.py:161} INFO - Started process (PID=409) to work on /home/airflow/dags/feature_engineering_dag.py
[2026-04-27T00:17:19.197+0000] {processor.py:830} INFO - Processing file /home/airflow/dags/feature_engineering_dag.py for tasks to queue
[2026-04-27T00:17:19.198+0000] {logging_mixin.py:188} INFO - [2026-04-27T00:17:19.198+0000] {dagbag.py:538} INFO - Filling up the DagBag from /home/airflow/dags/feature_engineering_dag.py
[2026-04-27T00:17:20.215+0000] {processor.py:840} INFO - DAG(s) 'feature_engineering_pipeline' retrieved from /home/airflow/dags/feature_engineering_dag.py
[2026-04-27T00:17:20.246+0000] {logging_mixin.py:188} INFO - [2026-04-27T00:17:20.245+0000] {dag.py:3036} INFO - Sync 1 DAGs
[2026-04-27T00:17:20.270+0000] {logging_mixin.py:188} INFO - [2026-04-27T00:17:20.269+0000] {dag.py:3823} INFO - Setting next_dagrun for feature_engineering_pipeline to 2026-04-26 00:00:00+00:00, run_after=2026-05-03 00:00:00+00:00
[2026-04-27T00:17:20.297+0000] {processor.py:183} INFO - Processing /home/airflow/dags/feature_engineering_dag.py took 1.106 seconds
[2026-04-27T00:17:50.706+0000] {processor.py:161} INFO - Started process (PID=460) to work on /home/airflow/dags/feature_engineering_dag.py
[2026-04-27T00:17:50.708+0000] {processor.py:830} INFO - Processing file /home/airflow/dags/feature_engineering_dag.py for tasks to queue
[2026-04-27T00:17:50.709+0000] {logging_mixin.py:188} INFO - [2026-04-27T00:17:50.708+0000] {dagbag.py:538} INFO - Filling up the DagBag from /home/airflow/dags/feature_engineering_dag.py
[2026-04-27T00:17:51.718+0000] {processor.py:840} INFO - DAG(s) 'feature_engineering_pipeline' retrieved from /home/airflow/dags/feature_engineering_dag.py
[2026-04-27T00:17:51.741+0000] {logging_mixin.py:188} INFO - [2026-04-27T00:17:51.741+0000] {dag.py:3036} INFO - Sync 1 DAGs
[2026-04-27T00:17:51.757+0000] {logging_mixin.py:188} INFO - [2026-04-27T00:17:51.757+0000] {dag.py:3823} INFO - Setting next_dagrun for feature_engineering_pipeline to 2026-04-26 00:00:00+00:00, run_after=2026-05-03 00:00:00+00:00
[2026-04-27T00:17:51.780+0000] {processor.py:183} INFO - Processing /home/airflow/dags/feature_engineering_dag.py took 1.078 seconds
[2026-04-27T00:18:25.000+0000] {processor.py:161} INFO - Started process (PID=498) to work on /home/airflow/dags/feature_engineering_dag.py
[2026-04-27T00:18:25.015+0000] {processor.py:830} INFO - Processing file /home/airflow/dags/feature_engineering_dag.py for tasks to queue
[2026-04-27T00:18:25.018+0000] {logging_mixin.py:188} INFO - [2026-04-27T00:18:25.017+0000] {dagbag.py:538} INFO - Filling up the DagBag from /home/airflow/dags/feature_engineering_dag.py
[2026-04-27T00:18:26.953+0000] {processor.py:840} INFO - DAG(s) 'feature_engineering_pipeline' retrieved from /home/airflow/dags/feature_engineering_dag.py
[2026-04-27T00:18:27.002+0000] {logging_mixin.py:188} INFO - [2026-04-27T00:18:27.001+0000] {dag.py:3036} INFO - Sync 1 DAGs
[2026-04-27T00:18:27.048+0000] {logging_mixin.py:188} INFO - [2026-04-27T00:18:27.047+0000] {dag.py:3823} INFO - Setting next_dagrun for feature_engineering_pipeline to 2026-04-26 00:00:00+00:00, run_after=2026-05-03 00:00:00+00:00
[2026-04-27T00:18:27.085+0000] {processor.py:183} INFO - Processing /home/airflow/dags/feature_engineering_dag.py took 2.089 seconds
[2026-04-27T00:18:57.512+0000] {processor.py:161} INFO - Started process (PID=543) to work on /home/airflow/dags/feature_engineering_dag.py
[2026-04-27T00:18:57.514+0000] {processor.py:830} INFO - Processing file /home/airflow/dags/feature_engineering_dag.py for tasks to queue
[2026-04-27T00:18:57.515+0000] {logging_mixin.py:188} INFO - [2026-04-27T00:18:57.515+0000] {dagbag.py:538} INFO - Filling up the DagBag from /home/airflow/dags/feature_engineering_dag.py
[2026-04-27T00:18:58.632+0000] {processor.py:840} INFO - DAG(s) 'feature_engineering_pipeline' retrieved from /home/airflow/dags/feature_engineering_dag.py
[2026-04-27T00:18:58.657+0000] {logging_mixin.py:188} INFO - [2026-04-27T00:18:58.657+0000] {dag.py:3036} INFO - Sync 1 DAGs
[2026-04-27T00:18:58.684+0000] {logging_mixin.py:188} INFO - [2026-04-27T00:18:58.683+0000] {dag.py:3823} INFO - Setting next_dagrun for feature_engineering_pipeline to 2026-04-26 00:00:00+00:00, run_after=2026-05-03 00:00:00+00:00
[2026-04-27T00:18:58.717+0000] {processor.py:183} INFO - Processing /home/airflow/dags/feature_engineering_dag.py took 1.210 seconds
[2026-04-27T00:19:29.843+0000] {processor.py:161} INFO - Started process (PID=609) to work on /home/airflow/dags/feature_engineering_dag.py
[2026-04-27T00:19:29.845+0000] {processor.py:830} INFO - Processing file /home/airflow/dags/feature_engineering_dag.py for tasks to queue
[2026-04-27T00:19:29.847+0000] {logging_mixin.py:188} INFO - [2026-04-27T00:19:29.846+0000] {dagbag.py:538} INFO - Filling up the DagBag from /home/airflow/dags/feature_engineering_dag.py
[2026-04-27T00:19:33.136+0000] {processor.py:840} INFO - DAG(s) 'feature_engineering_pipeline' retrieved from /home/airflow/dags/feature_engineering_dag.py
[2026-04-27T00:19:33.165+0000] {logging_mixin.py:188} INFO - [2026-04-27T00:19:33.165+0000] {dag.py:3036} INFO - Sync 1 DAGs
[2026-04-27T00:19:33.190+0000] {logging_mixin.py:188} INFO - [2026-04-27T00:19:33.189+0000] {dag.py:3823} INFO - Setting next_dagrun for feature_engineering_pipeline to 2026-04-26 00:00:00+00:00, run_after=2026-05-03 00:00:00+00:00
[2026-04-27T00:19:33.236+0000] {processor.py:183} INFO - Processing /home/airflow/dags/feature_engineering_dag.py took 3.399 seconds
[2026-04-27T00:20:03.631+0000] {processor.py:161} INFO - Started process (PID=674) to work on /home/airflow/dags/feature_engineering_dag.py
[2026-04-27T00:20:03.633+0000] {processor.py:830} INFO - Processing file /home/airflow/dags/feature_engineering_dag.py for tasks to queue
[2026-04-27T00:20:03.635+0000] {logging_mixin.py:188} INFO - [2026-04-27T00:20:03.634+0000] {dagbag.py:538} INFO - Filling up the DagBag from /home/airflow/dags/feature_engineering_dag.py
[2026-04-27T00:20:04.693+0000] {processor.py:840} INFO - DAG(s) 'feature_engineering_pipeline' retrieved from /home/airflow/dags/feature_engineering_dag.py
[2026-04-27T00:20:04.715+0000] {logging_mixin.py:188} INFO - [2026-04-27T00:20:04.714+0000] {dag.py:3036} INFO - Sync 1 DAGs
[2026-04-27T00:20:04.734+0000] {logging_mixin.py:188} INFO - [2026-04-27T00:20:04.733+0000] {dag.py:3823} INFO - Setting next_dagrun for feature_engineering_pipeline to 2026-04-26 00:00:00+00:00, run_after=2026-05-03 00:00:00+00:00
[2026-04-27T00:20:04.764+0000] {processor.py:183} INFO - Processing /home/airflow/dags/feature_engineering_dag.py took 1.136 seconds
[2026-04-27T00:20:35.332+0000] {processor.py:161} INFO - Started process (PID=740) to work on /home/airflow/dags/feature_engineering_dag.py
[2026-04-27T00:20:35.333+0000] {processor.py:830} INFO - Processing file /home/airflow/dags/feature_engineering_dag.py for tasks to queue
[2026-04-27T00:20:35.334+0000] {logging_mixin.py:188} INFO - [2026-04-27T00:20:35.334+0000] {dagbag.py:538} INFO - Filling up the DagBag from /home/airflow/dags/feature_engineering_dag.py
[2026-04-27T00:20:36.483+0000] {processor.py:840} INFO - DAG(s) 'feature_engineering_pipeline' retrieved from /home/airflow/dags/feature_engineering_dag.py
[2026-04-27T00:20:36.508+0000] {logging_mixin.py:188} INFO - [2026-04-27T00:20:36.508+0000] {dag.py:3036} INFO - Sync 1 DAGs
[2026-04-27T00:20:36.528+0000] {logging_mixin.py:188} INFO - [2026-04-27T00:20:36.528+0000] {dag.py:3823} INFO - Setting next_dagrun for feature_engineering_pipeline to 2026-04-26 00:00:00+00:00, run_after=2026-05-03 00:00:00+00:00
[2026-04-27T00:20:36.554+0000] {processor.py:183} INFO - Processing /home/airflow/dags/feature_engineering_dag.py took 1.226 seconds
[2026-04-27T00:21:06.814+0000] {processor.py:161} INFO - Started process (PID=785) to work on /home/airflow/dags/feature_engineering_dag.py
[2026-04-27T00:21:06.817+0000] {processor.py:830} INFO - Processing file /home/airflow/dags/feature_engineering_dag.py for tasks to queue
[2026-04-27T00:21:06.819+0000] {logging_mixin.py:188} INFO - [2026-04-27T00:21:06.818+0000] {dagbag.py:538} INFO - Filling up the DagBag from /home/airflow/dags/feature_engineering_dag.py
[2026-04-27T00:21:08.544+0000] {processor.py:840} INFO - DAG(s) 'feature_engineering_pipeline' retrieved from /home/airflow/dags/feature_engineering_dag.py
[2026-04-27T00:21:08.577+0000] {logging_mixin.py:188} INFO - [2026-04-27T00:21:08.577+0000] {dag.py:3036} INFO - Sync 1 DAGs
[2026-04-27T00:21:08.609+0000] {logging_mixin.py:188} INFO - [2026-04-27T00:21:08.608+0000] {dag.py:3823} INFO - Setting next_dagrun for feature_engineering_pipeline to 2026-04-26 00:00:00+00:00, run_after=2026-05-03 00:00:00+00:00
[2026-04-27T00:21:08.637+0000] {processor.py:183} INFO - Processing /home/airflow/dags/feature_engineering_dag.py took 1.828 seconds
[2026-04-27T00:21:39.197+0000] {processor.py:161} INFO - Started process (PID=830) to work on /home/airflow/dags/feature_engineering_dag.py
[2026-04-27T00:21:39.198+0000] {processor.py:830} INFO - Processing file /home/airflow/dags/feature_engineering_dag.py for tasks to queue
[2026-04-27T00:21:39.200+0000] {logging_mixin.py:188} INFO - [2026-04-27T00:21:39.199+0000] {dagbag.py:538} INFO - Filling up the DagBag from /home/airflow/dags/feature_engineering_dag.py
[2026-04-27T00:21:40.567+0000] {processor.py:840} INFO - DAG(s) 'feature_engineering_pipeline' retrieved from /home/airflow/dags/feature_engineering_dag.py
[2026-04-27T00:21:40.609+0000] {logging_mixin.py:188} INFO - [2026-04-27T00:21:40.608+0000] {dag.py:3036} INFO - Sync 1 DAGs
[2026-04-27T00:21:40.644+0000] {logging_mixin.py:188} INFO - [2026-04-27T00:21:40.643+0000] {dag.py:3823} INFO - Setting next_dagrun for feature_engineering_pipeline to 2026-04-26 00:00:00+00:00, run_after=2026-05-03 00:00:00+00:00
[2026-04-27T00:21:40.680+0000] {processor.py:183} INFO - Processing /home/airflow/dags/feature_engineering_dag.py took 1.488 seconds
[2026-04-27T00:22:16.878+0000] {processor.py:161} INFO - Started process (PID=76) to work on /home/airflow/dags/feature_engineering_dag.py
[2026-04-27T00:22:16.880+0000] {processor.py:830} INFO - Processing file /home/airflow/dags/feature_engineering_dag.py for tasks to queue
[2026-04-27T00:22:16.881+0000] {logging_mixin.py:188} INFO - [2026-04-27T00:22:16.881+0000] {dagbag.py:538} INFO - Filling up the DagBag from /home/airflow/dags/feature_engineering_dag.py
[2026-04-27T00:22:17.823+0000] {processor.py:840} INFO - DAG(s) 'feature_engineering_pipeline' retrieved from /home/airflow/dags/feature_engineering_dag.py
[2026-04-27T00:22:17.845+0000] {logging_mixin.py:188} INFO - [2026-04-27T00:22:17.844+0000] {dag.py:3036} INFO - Sync 1 DAGs
[2026-04-27T00:22:17.861+0000] {logging_mixin.py:188} INFO - [2026-04-27T00:22:17.861+0000] {dag.py:3823} INFO - Setting next_dagrun for feature_engineering_pipeline to 2026-04-26 00:00:00+00:00, run_after=2026-05-03 00:00:00+00:00
[2026-04-27T00:22:17.895+0000] {processor.py:183} INFO - Processing /home/airflow/dags/feature_engineering_dag.py took 1.022 seconds
[2026-04-27T00:22:49.186+0000] {processor.py:161} INFO - Started process (PID=137) to work on /home/airflow/dags/feature_engineering_dag.py
[2026-04-27T00:22:49.187+0000] {processor.py:830} INFO - Processing file /home/airflow/dags/feature_engineering_dag.py for tasks to queue
[2026-04-27T00:22:49.189+0000] {logging_mixin.py:188} INFO - [2026-04-27T00:22:49.188+0000] {dagbag.py:538} INFO - Filling up the DagBag from /home/airflow/dags/feature_engineering_dag.py
[2026-04-27T00:22:50.290+0000] {processor.py:840} INFO - DAG(s) 'feature_engineering_pipeline' retrieved from /home/airflow/dags/feature_engineering_dag.py
[2026-04-27T00:22:50.316+0000] {logging_mixin.py:188} INFO - [2026-04-27T00:22:50.315+0000] {dag.py:3036} INFO - Sync 1 DAGs
[2026-04-27T00:22:50.337+0000] {logging_mixin.py:188} INFO - [2026-04-27T00:22:50.337+0000] {dag.py:3823} INFO - Setting next_dagrun for feature_engineering_pipeline to 2026-04-26 00:00:00+00:00, run_after=2026-05-03 00:00:00+00:00
[2026-04-27T00:22:50.391+0000] {processor.py:183} INFO - Processing /home/airflow/dags/feature_engineering_dag.py took 1.210 seconds
[2026-04-27T00:23:21.232+0000] {processor.py:161} INFO - Started process (PID=182) to work on /home/airflow/dags/feature_engineering_dag.py
[2026-04-27T00:23:21.234+0000] {processor.py:830} INFO - Processing file /home/airflow/dags/feature_engineering_dag.py for tasks to queue
[2026-04-27T00:23:21.236+0000] {logging_mixin.py:188} INFO - [2026-04-27T00:23:21.235+0000] {dagbag.py:538} INFO - Filling up the DagBag from /home/airflow/dags/feature_engineering_dag.py
[2026-04-27T00:23:22.368+0000] {processor.py:840} INFO - DAG(s) 'feature_engineering_pipeline' retrieved from /home/airflow/dags/feature_engineering_dag.py
[2026-04-27T00:23:22.387+0000] {logging_mixin.py:188} INFO - [2026-04-27T00:23:22.386+0000] {dag.py:3036} INFO - Sync 1 DAGs
[2026-04-27T00:23:22.403+0000] {logging_mixin.py:188} INFO - [2026-04-27T00:23:22.403+0000] {dag.py:3823} INFO - Setting next_dagrun for feature_engineering_pipeline to 2026-04-26 00:00:00+00:00, run_after=2026-05-03 00:00:00+00:00
[2026-04-27T00:23:22.426+0000] {processor.py:183} INFO - Processing /home/airflow/dags/feature_engineering_dag.py took 1.198 seconds
[2026-04-27T00:23:52.778+0000] {processor.py:161} INFO - Started process (PID=227) to work on /home/airflow/dags/feature_engineering_dag.py
[2026-04-27T00:23:52.780+0000] {processor.py:830} INFO - Processing file /home/airflow/dags/feature_engineering_dag.py for tasks to queue
[2026-04-27T00:23:52.781+0000] {logging_mixin.py:188} INFO - [2026-04-27T00:23:52.780+0000] {dagbag.py:538} INFO - Filling up the DagBag from /home/airflow/dags/feature_engineering_dag.py
[2026-04-27T00:23:53.675+0000] {processor.py:840} INFO - DAG(s) 'feature_engineering_pipeline' retrieved from /home/airflow/dags/feature_engineering_dag.py
[2026-04-27T00:23:53.695+0000] {logging_mixin.py:188} INFO - [2026-04-27T00:23:53.695+0000] {dag.py:3036} INFO - Sync 1 DAGs
[2026-04-27T00:23:53.715+0000] {logging_mixin.py:188} INFO - [2026-04-27T00:23:53.714+0000] {dag.py:3823} INFO - Setting next_dagrun for feature_engineering_pipeline to 2026-04-26 00:00:00+00:00, run_after=2026-05-03 00:00:00+00:00
[2026-04-27T00:23:53.744+0000] {processor.py:183} INFO - Processing /home/airflow/dags/feature_engineering_dag.py took 0.968 seconds
[2026-04-27T00:24:25.091+0000] {processor.py:161} INFO - Started process (PID=272) to work on /home/airflow/dags/feature_engineering_dag.py
[2026-04-27T00:24:25.093+0000] {processor.py:830} INFO - Processing file /home/airflow/dags/feature_engineering_dag.py for tasks to queue
[2026-04-27T00:24:25.095+0000] {logging_mixin.py:188} INFO - [2026-04-27T00:24:25.094+0000] {dagbag.py:538} INFO - Filling up the DagBag from /home/airflow/dags/feature_engineering_dag.py
[2026-04-27T00:24:26.380+0000] {processor.py:840} INFO - DAG(s) 'feature_engineering_pipeline' retrieved from /home/airflow/dags/feature_engineering_dag.py
[2026-04-27T00:24:26.412+0000] {logging_mixin.py:188} INFO - [2026-04-27T00:24:26.411+0000] {dag.py:3036} INFO - Sync 1 DAGs
[2026-04-27T00:24:26.440+0000] {logging_mixin.py:188} INFO - [2026-04-27T00:24:26.438+0000] {dag.py:3823} INFO - Setting next_dagrun for feature_engineering_pipeline to 2026-04-26 00:00:00+00:00, run_after=2026-05-03 00:00:00+00:00
[2026-04-27T00:24:26.474+0000] {processor.py:183} INFO - Processing /home/airflow/dags/feature_engineering_dag.py took 1.388 seconds
[2026-04-27T00:24:54.809+0000] {processor.py:161} INFO - Started process (PID=76) to work on /home/airflow/dags/feature_engineering_dag.py
[2026-04-27T00:24:54.810+0000] {processor.py:830} INFO - Processing file /home/airflow/dags/feature_engineering_dag.py for tasks to queue
[2026-04-27T00:24:54.811+0000] {logging_mixin.py:188} INFO - [2026-04-27T00:24:54.811+0000] {dagbag.py:538} INFO - Filling up the DagBag from /home/airflow/dags/feature_engineering_dag.py
[2026-04-27T00:24:55.780+0000] {processor.py:840} INFO - DAG(s) 'feature_engineering_pipeline' retrieved from /home/airflow/dags/feature_engineering_dag.py
[2026-04-27T00:24:55.803+0000] {logging_mixin.py:188} INFO - [2026-04-27T00:24:55.802+0000] {dag.py:3036} INFO - Sync 1 DAGs
[2026-04-27T00:24:55.821+0000] {logging_mixin.py:188} INFO - [2026-04-27T00:24:55.821+0000] {dag.py:3823} INFO - Setting next_dagrun for feature_engineering_pipeline to 2026-04-26 00:00:00+00:00, run_after=2026-05-03 00:00:00+00:00
[2026-04-27T00:24:55.849+0000] {processor.py:183} INFO - Processing /home/airflow/dags/feature_engineering_dag.py took 1.043 seconds
[2026-04-27T00:25:27.082+0000] {processor.py:161} INFO - Started process (PID=155) to work on /home/airflow/dags/feature_engineering_dag.py
[2026-04-27T00:25:27.084+0000] {processor.py:830} INFO - Processing file /home/airflow/dags/feature_engineering_dag.py for tasks to queue
[2026-04-27T00:25:27.085+0000] {logging_mixin.py:188} INFO - [2026-04-27T00:25:27.085+0000] {dagbag.py:538} INFO - Filling up the DagBag from /home/airflow/dags/feature_engineering_dag.py
[2026-04-27T00:25:28.274+0000] {processor.py:840} INFO - DAG(s) 'feature_engineering_pipeline' retrieved from /home/airflow/dags/feature_engineering_dag.py
[2026-04-27T00:25:28.295+0000] {logging_mixin.py:188} INFO - [2026-04-27T00:25:28.295+0000] {dag.py:3036} INFO - Sync 1 DAGs
[2026-04-27T00:25:28.312+0000] {logging_mixin.py:188} INFO - [2026-04-27T00:25:28.312+0000] {dag.py:3823} INFO - Setting next_dagrun for feature_engineering_pipeline to 2026-04-26 00:00:00+00:00, run_after=2026-05-03 00:00:00+00:00
[2026-04-27T00:25:28.336+0000] {processor.py:183} INFO - Processing /home/airflow/dags/feature_engineering_dag.py took 1.257 seconds
[2026-04-27T00:25:58.996+0000] {processor.py:161} INFO - Started process (PID=200) to work on /home/airflow/dags/feature_engineering_dag.py
[2026-04-27T00:25:58.997+0000] {processor.py:830} INFO - Processing file /home/airflow/dags/feature_engineering_dag.py for tasks to queue
[2026-04-27T00:25:58.999+0000] {logging_mixin.py:188} INFO - [2026-04-27T00:25:58.998+0000] {dagbag.py:538} INFO - Filling up the DagBag from /home/airflow/dags/feature_engineering_dag.py
[2026-04-27T00:25:59.995+0000] {processor.py:840} INFO - DAG(s) 'feature_engineering_pipeline' retrieved from /home/airflow/dags/feature_engineering_dag.py
[2026-04-27T00:26:00.019+0000] {logging_mixin.py:188} INFO - [2026-04-27T00:26:00.019+0000] {dag.py:3036} INFO - Sync 1 DAGs
[2026-04-27T00:26:00.046+0000] {logging_mixin.py:188} INFO - [2026-04-27T00:26:00.045+0000] {dag.py:3823} INFO - Setting next_dagrun for feature_engineering_pipeline to 2026-04-26 00:00:00+00:00, run_after=2026-05-03 00:00:00+00:00
[2026-04-27T00:26:00.074+0000] {processor.py:183} INFO - Processing /home/airflow/dags/feature_engineering_dag.py took 1.082 seconds
[2026-04-27T00:26:32.555+0000] {processor.py:161} INFO - Started process (PID=255) to work on /home/airflow/dags/feature_engineering_dag.py
[2026-04-27T00:26:32.557+0000] {processor.py:830} INFO - Processing file /home/airflow/dags/feature_engineering_dag.py for tasks to queue
[2026-04-27T00:26:32.559+0000] {logging_mixin.py:188} INFO - [2026-04-27T00:26:32.558+0000] {dagbag.py:538} INFO - Filling up the DagBag from /home/airflow/dags/feature_engineering_dag.py
[2026-04-27T00:26:34.844+0000] {processor.py:840} INFO - DAG(s) 'feature_engineering_pipeline' retrieved from /home/airflow/dags/feature_engineering_dag.py
[2026-04-27T00:26:34.874+0000] {logging_mixin.py:188} INFO - [2026-04-27T00:26:34.873+0000] {dag.py:3036} INFO - Sync 1 DAGs
[2026-04-27T00:26:34.894+0000] {logging_mixin.py:188} INFO - [2026-04-27T00:26:34.894+0000] {dag.py:3823} INFO - Setting next_dagrun for feature_engineering_pipeline to 2026-04-26 00:00:00+00:00, run_after=2026-05-03 00:00:00+00:00
[2026-04-27T00:26:34.922+0000] {processor.py:183} INFO - Processing /home/airflow/dags/feature_engineering_dag.py took 2.370 seconds
[2026-04-27T00:27:05.124+0000] {processor.py:161} INFO - Started process (PID=320) to work on /home/airflow/dags/feature_engineering_dag.py
[2026-04-27T00:27:05.125+0000] {processor.py:830} INFO - Processing file /home/airflow/dags/feature_engineering_dag.py for tasks to queue
[2026-04-27T00:27:05.127+0000] {logging_mixin.py:188} INFO - [2026-04-27T00:27:05.126+0000] {dagbag.py:538} INFO - Filling up the DagBag from /home/airflow/dags/feature_engineering_dag.py
[2026-04-27T00:27:05.946+0000] {processor.py:840} INFO - DAG(s) 'feature_engineering_pipeline' retrieved from /home/airflow/dags/feature_engineering_dag.py
[2026-04-27T00:27:05.969+0000] {logging_mixin.py:188} INFO - [2026-04-27T00:27:05.969+0000] {dag.py:3036} INFO - Sync 1 DAGs
[2026-04-27T00:27:05.988+0000] {logging_mixin.py:188} INFO - [2026-04-27T00:27:05.987+0000] {dag.py:3823} INFO - Setting next_dagrun for feature_engineering_pipeline to 2026-04-26 00:00:00+00:00, run_after=2026-05-03 00:00:00+00:00
[2026-04-27T00:27:06.013+0000] {processor.py:183} INFO - Processing /home/airflow/dags/feature_engineering_dag.py took 0.892 seconds
[2026-04-27T00:27:36.256+0000] {processor.py:161} INFO - Started process (PID=393) to work on /home/airflow/dags/feature_engineering_dag.py
[2026-04-27T00:27:36.258+0000] {processor.py:830} INFO - Processing file /home/airflow/dags/feature_engineering_dag.py for tasks to queue
[2026-04-27T00:27:36.259+0000] {logging_mixin.py:188} INFO - [2026-04-27T00:27:36.259+0000] {dagbag.py:538} INFO - Filling up the DagBag from /home/airflow/dags/feature_engineering_dag.py
[2026-04-27T00:27:37.117+0000] {processor.py:840} INFO - DAG(s) 'feature_engineering_pipeline' retrieved from /home/airflow/dags/feature_engineering_dag.py
[2026-04-27T00:27:37.141+0000] {logging_mixin.py:188} INFO - [2026-04-27T00:27:37.140+0000] {dag.py:3036} INFO - Sync 1 DAGs
[2026-04-27T00:27:37.165+0000] {logging_mixin.py:188} INFO - [2026-04-27T00:27:37.164+0000] {dag.py:3823} INFO - Setting next_dagrun for feature_engineering_pipeline to 2026-04-26 00:00:00+00:00, run_after=2026-05-03 00:00:00+00:00
[2026-04-27T00:27:37.195+0000] {processor.py:183} INFO - Processing /home/airflow/dags/feature_engineering_dag.py took 0.942 seconds
[2026-04-27T00:28:07.886+0000] {processor.py:161} INFO - Started process (PID=436) to work on /home/airflow/dags/feature_engineering_dag.py
[2026-04-27T00:28:07.887+0000] {processor.py:830} INFO - Processing file /home/airflow/dags/feature_engineering_dag.py for tasks to queue
[2026-04-27T00:28:07.888+0000] {logging_mixin.py:188} INFO - [2026-04-27T00:28:07.888+0000] {dagbag.py:538} INFO - Filling up the DagBag from /home/airflow/dags/feature_engineering_dag.py
[2026-04-27T00:28:09.103+0000] {processor.py:840} INFO - DAG(s) 'feature_engineering_pipeline' retrieved from /home/airflow/dags/feature_engineering_dag.py
[2026-04-27T00:28:09.125+0000] {logging_mixin.py:188} INFO - [2026-04-27T00:28:09.124+0000] {dag.py:3036} INFO - Sync 1 DAGs
[2026-04-27T00:28:09.144+0000] {logging_mixin.py:188} INFO - [2026-04-27T00:28:09.144+0000] {dag.py:3823} INFO - Setting next_dagrun for feature_engineering_pipeline to 2026-04-26 00:00:00+00:00, run_after=2026-05-03 00:00:00+00:00
[2026-04-27T00:28:09.169+0000] {processor.py:183} INFO - Processing /home/airflow/dags/feature_engineering_dag.py took 1.287 seconds
[2026-04-27T00:28:39.685+0000] {processor.py:161} INFO - Started process (PID=492) to work on /home/airflow/dags/feature_engineering_dag.py
[2026-04-27T00:28:39.687+0000] {processor.py:830} INFO - Processing file /home/airflow/dags/feature_engineering_dag.py for tasks to queue
[2026-04-27T00:28:39.689+0000] {logging_mixin.py:188} INFO - [2026-04-27T00:28:39.688+0000] {dagbag.py:538} INFO - Filling up the DagBag from /home/airflow/dags/feature_engineering_dag.py
[2026-04-27T00:28:40.868+0000] {processor.py:840} INFO - DAG(s) 'feature_engineering_pipeline' retrieved from /home/airflow/dags/feature_engineering_dag.py
[2026-04-27T00:28:40.916+0000] {logging_mixin.py:188} INFO - [2026-04-27T00:28:40.915+0000] {dag.py:3036} INFO - Sync 1 DAGs
[2026-04-27T00:28:40.958+0000] {logging_mixin.py:188} INFO - [2026-04-27T00:28:40.958+0000] {dag.py:3823} INFO - Setting next_dagrun for feature_engineering_pipeline to 2026-04-26 00:00:00+00:00, run_after=2026-05-03 00:00:00+00:00
[2026-04-27T00:28:41.000+0000] {processor.py:183} INFO - Processing /home/airflow/dags/feature_engineering_dag.py took 1.320 seconds
[2026-04-27T00:29:11.380+0000] {processor.py:161} INFO - Started process (PID=548) to work on /home/airflow/dags/feature_engineering_dag.py
[2026-04-27T00:29:11.382+0000] {processor.py:830} INFO - Processing file /home/airflow/dags/feature_engineering_dag.py for tasks to queue
[2026-04-27T00:29:11.383+0000] {logging_mixin.py:188} INFO - [2026-04-27T00:29:11.382+0000] {dagbag.py:538} INFO - Filling up the DagBag from /home/airflow/dags/feature_engineering_dag.py
[2026-04-27T00:29:12.396+0000] {processor.py:840} INFO - DAG(s) 'feature_engineering_pipeline' retrieved from /home/airflow/dags/feature_engineering_dag.py
[2026-04-27T00:29:12.424+0000] {logging_mixin.py:188} INFO - [2026-04-27T00:29:12.423+0000] {dag.py:3036} INFO - Sync 1 DAGs
[2026-04-27T00:29:12.446+0000] {logging_mixin.py:188} INFO - [2026-04-27T00:29:12.446+0000] {dag.py:3823} INFO - Setting next_dagrun for feature_engineering_pipeline to 2026-04-26 00:00:00+00:00, run_after=2026-05-03 00:00:00+00:00
[2026-04-27T00:29:12.468+0000] {processor.py:183} INFO - Processing /home/airflow/dags/feature_engineering_dag.py took 1.092 seconds
[2026-04-27T00:29:43.252+0000] {processor.py:161} INFO - Started process (PID=623) to work on /home/airflow/dags/feature_engineering_dag.py
[2026-04-27T00:29:43.253+0000] {processor.py:830} INFO - Processing file /home/airflow/dags/feature_engineering_dag.py for tasks to queue
[2026-04-27T00:29:43.255+0000] {logging_mixin.py:188} INFO - [2026-04-27T00:29:43.255+0000] {dagbag.py:538} INFO - Filling up the DagBag from /home/airflow/dags/feature_engineering_dag.py
[2026-04-27T00:29:44.697+0000] {processor.py:840} INFO - DAG(s) 'feature_engineering_pipeline' retrieved from /home/airflow/dags/feature_engineering_dag.py
[2026-04-27T00:29:44.729+0000] {logging_mixin.py:188} INFO - [2026-04-27T00:29:44.728+0000] {dag.py:3036} INFO - Sync 1 DAGs
[2026-04-27T00:29:44.749+0000] {logging_mixin.py:188} INFO - [2026-04-27T00:29:44.749+0000] {dag.py:3823} INFO - Setting next_dagrun for feature_engineering_pipeline to 2026-04-26 00:00:00+00:00, run_after=2026-05-03 00:00:00+00:00
[2026-04-27T00:29:44.776+0000] {processor.py:183} INFO - Processing /home/airflow/dags/feature_engineering_dag.py took 1.529 seconds
[2026-04-27T00:30:15.304+0000] {processor.py:161} INFO - Started process (PID=669) to work on /home/airflow/dags/feature_engineering_dag.py
[2026-04-27T00:30:15.311+0000] {processor.py:830} INFO - Processing file /home/airflow/dags/feature_engineering_dag.py for tasks to queue
[2026-04-27T00:30:15.315+0000] {logging_mixin.py:188} INFO - [2026-04-27T00:30:15.314+0000] {dagbag.py:538} INFO - Filling up the DagBag from /home/airflow/dags/feature_engineering_dag.py
[2026-04-27T00:30:18.066+0000] {processor.py:840} INFO - DAG(s) 'feature_engineering_pipeline' retrieved from /home/airflow/dags/feature_engineering_dag.py
[2026-04-27T00:30:18.154+0000] {logging_mixin.py:188} INFO - [2026-04-27T00:30:18.153+0000] {dag.py:3036} INFO - Sync 1 DAGs
[2026-04-27T00:30:18.199+0000] {logging_mixin.py:188} INFO - [2026-04-27T00:30:18.199+0000] {dag.py:3823} INFO - Setting next_dagrun for feature_engineering_pipeline to 2026-04-26 00:00:00+00:00, run_after=2026-05-03 00:00:00+00:00
[2026-04-27T00:30:18.256+0000] {processor.py:183} INFO - Processing /home/airflow/dags/feature_engineering_dag.py took 2.983 seconds
[2026-04-27T00:30:48.712+0000] {processor.py:161} INFO - Started process (PID=725) to work on /home/airflow/dags/feature_engineering_dag.py
[2026-04-27T00:30:48.713+0000] {processor.py:830} INFO - Processing file /home/airflow/dags/feature_engineering_dag.py for tasks to queue
[2026-04-27T00:30:48.715+0000] {logging_mixin.py:188} INFO - [2026-04-27T00:30:48.714+0000] {dagbag.py:538} INFO - Filling up the DagBag from /home/airflow/dags/feature_engineering_dag.py
[2026-04-27T00:30:49.497+0000] {processor.py:840} INFO - DAG(s) 'feature_engineering_pipeline' retrieved from /home/airflow/dags/feature_engineering_dag.py
[2026-04-27T00:30:49.524+0000] {logging_mixin.py:188} INFO - [2026-04-27T00:30:49.523+0000] {dag.py:3036} INFO - Sync 1 DAGs
[2026-04-27T00:30:49.556+0000] {logging_mixin.py:188} INFO - [2026-04-27T00:30:49.556+0000] {dag.py:3823} INFO - Setting next_dagrun for feature_engineering_pipeline to 2026-04-26 00:00:00+00:00, run_after=2026-05-03 00:00:00+00:00
[2026-04-27T00:30:49.581+0000] {processor.py:183} INFO - Processing /home/airflow/dags/feature_engineering_dag.py took 0.872 seconds
[2026-04-27T00:31:19.682+0000] {processor.py:161} INFO - Started process (PID=761) to work on /home/airflow/dags/feature_engineering_dag.py
[2026-04-27T00:31:19.684+0000] {processor.py:830} INFO - Processing file /home/airflow/dags/feature_engineering_dag.py for tasks to queue
[2026-04-27T00:31:19.685+0000] {logging_mixin.py:188} INFO - [2026-04-27T00:31:19.684+0000] {dagbag.py:538} INFO - Filling up the DagBag from /home/airflow/dags/feature_engineering_dag.py
[2026-04-27T00:31:20.610+0000] {processor.py:840} INFO - DAG(s) 'feature_engineering_pipeline' retrieved from /home/airflow/dags/feature_engineering_dag.py
[2026-04-27T00:31:20.637+0000] {logging_mixin.py:188} INFO - [2026-04-27T00:31:20.637+0000] {dag.py:3036} INFO - Sync 1 DAGs
[2026-04-27T00:31:20.659+0000] {logging_mixin.py:188} INFO - [2026-04-27T00:31:20.658+0000] {dag.py:3823} INFO - Setting next_dagrun for feature_engineering_pipeline to 2026-04-26 00:00:00+00:00, run_after=2026-05-03 00:00:00+00:00
[2026-04-27T00:31:20.682+0000] {processor.py:183} INFO - Processing /home/airflow/dags/feature_engineering_dag.py took 1.004 seconds
[2026-04-27T00:31:50.936+0000] {processor.py:161} INFO - Started process (PID=815) to work on /home/airflow/dags/feature_engineering_dag.py
[2026-04-27T00:31:50.937+0000] {processor.py:830} INFO - Processing file /home/airflow/dags/feature_engineering_dag.py for tasks to queue
[2026-04-27T00:31:50.939+0000] {logging_mixin.py:188} INFO - [2026-04-27T00:31:50.938+0000] {dagbag.py:538} INFO - Filling up the DagBag from /home/airflow/dags/feature_engineering_dag.py
[2026-04-27T00:31:52.239+0000] {processor.py:840} INFO - DAG(s) 'feature_engineering_pipeline' retrieved from /home/airflow/dags/feature_engineering_dag.py
[2026-04-27T00:31:52.262+0000] {logging_mixin.py:188} INFO - [2026-04-27T00:31:52.262+0000] {dag.py:3036} INFO - Sync 1 DAGs
[2026-04-27T00:31:52.289+0000] {logging_mixin.py:188} INFO - [2026-04-27T00:31:52.288+0000] {dag.py:3823} INFO - Setting next_dagrun for feature_engineering_pipeline to 2026-04-26 00:00:00+00:00, run_after=2026-05-03 00:00:00+00:00
[2026-04-27T00:31:52.314+0000] {processor.py:183} INFO - Processing /home/airflow/dags/feature_engineering_dag.py took 1.383 seconds
[2026-04-27T00:32:22.753+0000] {processor.py:161} INFO - Started process (PID=860) to work on /home/airflow/dags/feature_engineering_dag.py
[2026-04-27T00:32:22.758+0000] {processor.py:830} INFO - Processing file /home/airflow/dags/feature_engineering_dag.py for tasks to queue
[2026-04-27T00:32:22.759+0000] {logging_mixin.py:188} INFO - [2026-04-27T00:32:22.759+0000] {dagbag.py:538} INFO - Filling up the DagBag from /home/airflow/dags/feature_engineering_dag.py
[2026-04-27T00:32:23.971+0000] {processor.py:840} INFO - DAG(s) 'feature_engineering_pipeline' retrieved from /home/airflow/dags/feature_engineering_dag.py
[2026-04-27T00:32:24.001+0000] {logging_mixin.py:188} INFO - [2026-04-27T00:32:24.000+0000] {dag.py:3036} INFO - Sync 1 DAGs
[2026-04-27T00:32:24.025+0000] {logging_mixin.py:188} INFO - [2026-04-27T00:32:24.025+0000] {dag.py:3823} INFO - Setting next_dagrun for feature_engineering_pipeline to 2026-04-26 00:00:00+00:00, run_after=2026-05-03 00:00:00+00:00
[2026-04-27T00:32:24.052+0000] {processor.py:183} INFO - Processing /home/airflow/dags/feature_engineering_dag.py took 1.303 seconds
[2026-04-27T00:32:54.489+0000] {processor.py:161} INFO - Started process (PID=905) to work on /home/airflow/dags/feature_engineering_dag.py
[2026-04-27T00:32:54.490+0000] {processor.py:830} INFO - Processing file /home/airflow/dags/feature_engineering_dag.py for tasks to queue
[2026-04-27T00:32:54.491+0000] {logging_mixin.py:188} INFO - [2026-04-27T00:32:54.491+0000] {dagbag.py:538} INFO - Filling up the DagBag from /home/airflow/dags/feature_engineering_dag.py
[2026-04-27T00:32:55.370+0000] {processor.py:840} INFO - DAG(s) 'feature_engineering_pipeline' retrieved from /home/airflow/dags/feature_engineering_dag.py
[2026-04-27T00:32:55.395+0000] {logging_mixin.py:188} INFO - [2026-04-27T00:32:55.395+0000] {dag.py:3036} INFO - Sync 1 DAGs
[2026-04-27T00:32:55.414+0000] {logging_mixin.py:188} INFO - [2026-04-27T00:32:55.414+0000] {dag.py:3823} INFO - Setting next_dagrun for feature_engineering_pipeline to 2026-04-26 00:00:00+00:00, run_after=2026-05-03 00:00:00+00:00
[2026-04-27T00:32:55.441+0000] {processor.py:183} INFO - Processing /home/airflow/dags/feature_engineering_dag.py took 0.955 seconds
[2026-04-27T00:33:25.941+0000] {processor.py:161} INFO - Started process (PID=950) to work on /home/airflow/dags/feature_engineering_dag.py
[2026-04-27T00:33:25.943+0000] {processor.py:830} INFO - Processing file /home/airflow/dags/feature_engineering_dag.py for tasks to queue
[2026-04-27T00:33:25.944+0000] {logging_mixin.py:188} INFO - [2026-04-27T00:33:25.944+0000] {dagbag.py:538} INFO - Filling up the DagBag from /home/airflow/dags/feature_engineering_dag.py
[2026-04-27T00:33:27.158+0000] {processor.py:840} INFO - DAG(s) 'feature_engineering_pipeline' retrieved from /home/airflow/dags/feature_engineering_dag.py
[2026-04-27T00:33:27.194+0000] {logging_mixin.py:188} INFO - [2026-04-27T00:33:27.194+0000] {dag.py:3036} INFO - Sync 1 DAGs
[2026-04-27T00:33:27.230+0000] {logging_mixin.py:188} INFO - [2026-04-27T00:33:27.229+0000] {dag.py:3823} INFO - Setting next_dagrun for feature_engineering_pipeline to 2026-04-26 00:00:00+00:00, run_after=2026-05-03 00:00:00+00:00
[2026-04-27T00:33:27.268+0000] {processor.py:183} INFO - Processing /home/airflow/dags/feature_engineering_dag.py took 1.331 seconds
[2026-04-27T00:33:57.481+0000] {processor.py:161} INFO - Started process (PID=995) to work on /home/airflow/dags/feature_engineering_dag.py
[2026-04-27T00:33:57.482+0000] {processor.py:830} INFO - Processing file /home/airflow/dags/feature_engineering_dag.py for tasks to queue
[2026-04-27T00:33:57.483+0000] {logging_mixin.py:188} INFO - [2026-04-27T00:33:57.483+0000] {dagbag.py:538} INFO - Filling up the DagBag from /home/airflow/dags/feature_engineering_dag.py
[2026-04-27T00:33:58.471+0000] {processor.py:840} INFO - DAG(s) 'feature_engineering_pipeline' retrieved from /home/airflow/dags/feature_engineering_dag.py
[2026-04-27T00:33:58.497+0000] {logging_mixin.py:188} INFO - [2026-04-27T00:33:58.496+0000] {dag.py:3036} INFO - Sync 1 DAGs
[2026-04-27T00:33:58.519+0000] {logging_mixin.py:188} INFO - [2026-04-27T00:33:58.519+0000] {dag.py:3823} INFO - Setting next_dagrun for feature_engineering_pipeline to 2026-04-26 00:00:00+00:00, run_after=2026-05-03 00:00:00+00:00
[2026-04-27T00:33:58.555+0000] {processor.py:183} INFO - Processing /home/airflow/dags/feature_engineering_dag.py took 1.079 seconds
[2026-04-27T00:34:29.037+0000] {processor.py:161} INFO - Started process (PID=1050) to work on /home/airflow/dags/feature_engineering_dag.py
[2026-04-27T00:34:29.039+0000] {processor.py:830} INFO - Processing file /home/airflow/dags/feature_engineering_dag.py for tasks to queue
[2026-04-27T00:34:29.040+0000] {logging_mixin.py:188} INFO - [2026-04-27T00:34:29.039+0000] {dagbag.py:538} INFO - Filling up the DagBag from /home/airflow/dags/feature_engineering_dag.py
[2026-04-27T00:34:30.096+0000] {processor.py:840} INFO - DAG(s) 'feature_engineering_pipeline' retrieved from /home/airflow/dags/feature_engineering_dag.py
[2026-04-27T00:34:30.128+0000] {logging_mixin.py:188} INFO - [2026-04-27T00:34:30.128+0000] {dag.py:3036} INFO - Sync 1 DAGs
[2026-04-27T00:34:30.159+0000] {logging_mixin.py:188} INFO - [2026-04-27T00:34:30.158+0000] {dag.py:3823} INFO - Setting next_dagrun for feature_engineering_pipeline to 2026-04-26 00:00:00+00:00, run_after=2026-05-03 00:00:00+00:00
[2026-04-27T00:34:30.187+0000] {processor.py:183} INFO - Processing /home/airflow/dags/feature_engineering_dag.py took 1.153 seconds
[2026-04-27T00:35:00.669+0000] {processor.py:161} INFO - Started process (PID=1095) to work on /home/airflow/dags/feature_engineering_dag.py
[2026-04-27T00:35:00.670+0000] {processor.py:830} INFO - Processing file /home/airflow/dags/feature_engineering_dag.py for tasks to queue
[2026-04-27T00:35:00.672+0000] {logging_mixin.py:188} INFO - [2026-04-27T00:35:00.671+0000] {dagbag.py:538} INFO - Filling up the DagBag from /home/airflow/dags/feature_engineering_dag.py
[2026-04-27T00:35:01.900+0000] {processor.py:840} INFO - DAG(s) 'feature_engineering_pipeline' retrieved from /home/airflow/dags/feature_engineering_dag.py
[2026-04-27T00:35:01.931+0000] {logging_mixin.py:188} INFO - [2026-04-27T00:35:01.930+0000] {dag.py:3036} INFO - Sync 1 DAGs
[2026-04-27T00:35:01.956+0000] {logging_mixin.py:188} INFO - [2026-04-27T00:35:01.956+0000] {dag.py:3823} INFO - Setting next_dagrun for feature_engineering_pipeline to 2026-04-26 00:00:00+00:00, run_after=2026-05-03 00:00:00+00:00
[2026-04-27T00:35:01.987+0000] {processor.py:183} INFO - Processing /home/airflow/dags/feature_engineering_dag.py took 1.322 seconds
[2026-04-27T00:35:32.464+0000] {processor.py:161} INFO - Started process (PID=1140) to work on /home/airflow/dags/feature_engineering_dag.py
[2026-04-27T00:35:32.465+0000] {processor.py:830} INFO - Processing file /home/airflow/dags/feature_engineering_dag.py for tasks to queue
[2026-04-27T00:35:32.466+0000] {logging_mixin.py:188} INFO - [2026-04-27T00:35:32.466+0000] {dagbag.py:538} INFO - Filling up the DagBag from /home/airflow/dags/feature_engineering_dag.py
[2026-04-27T00:35:33.331+0000] {processor.py:840} INFO - DAG(s) 'feature_engineering_pipeline' retrieved from /home/airflow/dags/feature_engineering_dag.py
[2026-04-27T00:35:33.356+0000] {logging_mixin.py:188} INFO - [2026-04-27T00:35:33.355+0000] {dag.py:3036} INFO - Sync 1 DAGs
[2026-04-27T00:35:33.374+0000] {logging_mixin.py:188} INFO - [2026-04-27T00:35:33.374+0000] {dag.py:3823} INFO - Setting next_dagrun for feature_engineering_pipeline to 2026-04-26 00:00:00+00:00, run_after=2026-05-03 00:00:00+00:00
[2026-04-27T00:35:33.400+0000] {processor.py:183} INFO - Processing /home/airflow/dags/feature_engineering_dag.py took 0.939 seconds
[2026-04-27T00:36:03.861+0000] {processor.py:161} INFO - Started process (PID=1185) to work on /home/airflow/dags/feature_engineering_dag.py
[2026-04-27T00:36:03.862+0000] {processor.py:830} INFO - Processing file /home/airflow/dags/feature_engineering_dag.py for tasks to queue
[2026-04-27T00:36:03.864+0000] {logging_mixin.py:188} INFO - [2026-04-27T00:36:03.863+0000] {dagbag.py:538} INFO - Filling up the DagBag from /home/airflow/dags/feature_engineering_dag.py
[2026-04-27T00:36:04.944+0000] {processor.py:840} INFO - DAG(s) 'feature_engineering_pipeline' retrieved from /home/airflow/dags/feature_engineering_dag.py
[2026-04-27T00:36:04.969+0000] {logging_mixin.py:188} INFO - [2026-04-27T00:36:04.969+0000] {dag.py:3036} INFO - Sync 1 DAGs
[2026-04-27T00:36:04.994+0000] {logging_mixin.py:188} INFO - [2026-04-27T00:36:04.994+0000] {dag.py:3823} INFO - Setting next_dagrun for feature_engineering_pipeline to 2026-04-26 00:00:00+00:00, run_after=2026-05-03 00:00:00+00:00
[2026-04-27T00:36:05.027+0000] {processor.py:183} INFO - Processing /home/airflow/dags/feature_engineering_dag.py took 1.171 seconds
[2026-04-27T00:36:35.598+0000] {processor.py:161} INFO - Started process (PID=1230) to work on /home/airflow/dags/feature_engineering_dag.py
[2026-04-27T00:36:35.599+0000] {processor.py:830} INFO - Processing file /home/airflow/dags/feature_engineering_dag.py for tasks to queue
[2026-04-27T00:36:35.600+0000] {logging_mixin.py:188} INFO - [2026-04-27T00:36:35.599+0000] {dagbag.py:538} INFO - Filling up the DagBag from /home/airflow/dags/feature_engineering_dag.py
[2026-04-27T00:36:36.571+0000] {processor.py:840} INFO - DAG(s) 'feature_engineering_pipeline' retrieved from /home/airflow/dags/feature_engineering_dag.py
[2026-04-27T00:36:36.596+0000] {logging_mixin.py:188} INFO - [2026-04-27T00:36:36.596+0000] {dag.py:3036} INFO - Sync 1 DAGs
[2026-04-27T00:36:36.615+0000] {logging_mixin.py:188} INFO - [2026-04-27T00:36:36.615+0000] {dag.py:3823} INFO - Setting next_dagrun for feature_engineering_pipeline to 2026-04-26 00:00:00+00:00, run_after=2026-05-03 00:00:00+00:00
[2026-04-27T00:36:36.642+0000] {processor.py:183} INFO - Processing /home/airflow/dags/feature_engineering_dag.py took 1.048 seconds
[2026-04-27T00:37:07.067+0000] {processor.py:161} INFO - Started process (PID=1275) to work on /home/airflow/dags/feature_engineering_dag.py
[2026-04-27T00:37:07.068+0000] {processor.py:830} INFO - Processing file /home/airflow/dags/feature_engineering_dag.py for tasks to queue
[2026-04-27T00:37:07.069+0000] {logging_mixin.py:188} INFO - [2026-04-27T00:37:07.068+0000] {dagbag.py:538} INFO - Filling up the DagBag from /home/airflow/dags/feature_engineering_dag.py
[2026-04-27T00:37:08.087+0000] {processor.py:840} INFO - DAG(s) 'feature_engineering_pipeline' retrieved from /home/airflow/dags/feature_engineering_dag.py
[2026-04-27T00:37:08.110+0000] {logging_mixin.py:188} INFO - [2026-04-27T00:37:08.109+0000] {dag.py:3036} INFO - Sync 1 DAGs
[2026-04-27T00:37:08.131+0000] {logging_mixin.py:188} INFO - [2026-04-27T00:37:08.131+0000] {dag.py:3823} INFO - Setting next_dagrun for feature_engineering_pipeline to 2026-04-26 00:00:00+00:00, run_after=2026-05-03 00:00:00+00:00
[2026-04-27T00:37:08.155+0000] {processor.py:183} INFO - Processing /home/airflow/dags/feature_engineering_dag.py took 1.092 seconds
[2026-04-27T00:37:38.236+0000] {processor.py:161} INFO - Started process (PID=1327) to work on /home/airflow/dags/feature_engineering_dag.py
[2026-04-27T00:37:38.237+0000] {processor.py:830} INFO - Processing file /home/airflow/dags/feature_engineering_dag.py for tasks to queue
[2026-04-27T00:37:38.239+0000] {logging_mixin.py:188} INFO - [2026-04-27T00:37:38.238+0000] {dagbag.py:538} INFO - Filling up the DagBag from /home/airflow/dags/feature_engineering_dag.py
[2026-04-27T00:37:39.328+0000] {processor.py:840} INFO - DAG(s) 'feature_engineering_pipeline' retrieved from /home/airflow/dags/feature_engineering_dag.py
[2026-04-27T00:37:39.354+0000] {logging_mixin.py:188} INFO - [2026-04-27T00:37:39.354+0000] {dag.py:3036} INFO - Sync 1 DAGs
[2026-04-27T00:37:39.378+0000] {logging_mixin.py:188} INFO - [2026-04-27T00:37:39.378+0000] {dag.py:3823} INFO - Setting next_dagrun for feature_engineering_pipeline to 2026-04-26 00:00:00+00:00, run_after=2026-05-03 00:00:00+00:00
[2026-04-27T00:37:39.410+0000] {processor.py:183} INFO - Processing /home/airflow/dags/feature_engineering_dag.py took 1.178 seconds
[2026-04-27T00:38:09.508+0000] {processor.py:161} INFO - Started process (PID=1372) to work on /home/airflow/dags/feature_engineering_dag.py
[2026-04-27T00:38:09.509+0000] {processor.py:830} INFO - Processing file /home/airflow/dags/feature_engineering_dag.py for tasks to queue
[2026-04-27T00:38:09.511+0000] {logging_mixin.py:188} INFO - [2026-04-27T00:38:09.510+0000] {dagbag.py:538} INFO - Filling up the DagBag from /home/airflow/dags/feature_engineering_dag.py
[2026-04-27T00:38:10.377+0000] {processor.py:840} INFO - DAG(s) 'feature_engineering_pipeline' retrieved from /home/airflow/dags/feature_engineering_dag.py
[2026-04-27T00:38:10.399+0000] {logging_mixin.py:188} INFO - [2026-04-27T00:38:10.399+0000] {dag.py:3036} INFO - Sync 1 DAGs
[2026-04-27T00:38:10.420+0000] {logging_mixin.py:188} INFO - [2026-04-27T00:38:10.420+0000] {dag.py:3823} INFO - Setting next_dagrun for feature_engineering_pipeline to 2026-04-26 00:00:00+00:00, run_after=2026-05-03 00:00:00+00:00
[2026-04-27T00:38:10.447+0000] {processor.py:183} INFO - Processing /home/airflow/dags/feature_engineering_dag.py took 0.943 seconds
[2026-04-27T00:38:40.568+0000] {processor.py:161} INFO - Started process (PID=1427) to work on /home/airflow/dags/feature_engineering_dag.py
[2026-04-27T00:38:40.569+0000] {processor.py:830} INFO - Processing file /home/airflow/dags/feature_engineering_dag.py for tasks to queue
[2026-04-27T00:38:40.570+0000] {logging_mixin.py:188} INFO - [2026-04-27T00:38:40.569+0000] {dagbag.py:538} INFO - Filling up the DagBag from /home/airflow/dags/feature_engineering_dag.py
[2026-04-27T00:38:41.370+0000] {processor.py:840} INFO - DAG(s) 'feature_engineering_pipeline' retrieved from /home/airflow/dags/feature_engineering_dag.py
[2026-04-27T00:38:41.394+0000] {logging_mixin.py:188} INFO - [2026-04-27T00:38:41.393+0000] {dag.py:3036} INFO - Sync 1 DAGs
[2026-04-27T00:38:41.415+0000] {logging_mixin.py:188} INFO - [2026-04-27T00:38:41.415+0000] {dag.py:3823} INFO - Setting next_dagrun for feature_engineering_pipeline to 2026-04-26 00:00:00+00:00, run_after=2026-05-03 00:00:00+00:00
[2026-04-27T00:38:41.444+0000] {processor.py:183} INFO - Processing /home/airflow/dags/feature_engineering_dag.py took 0.879 seconds
[2026-04-27T00:39:11.908+0000] {processor.py:161} INFO - Started process (PID=1472) to work on /home/airflow/dags/feature_engineering_dag.py
[2026-04-27T00:39:11.910+0000] {processor.py:830} INFO - Processing file /home/airflow/dags/feature_engineering_dag.py for tasks to queue
[2026-04-27T00:39:11.911+0000] {logging_mixin.py:188} INFO - [2026-04-27T00:39:11.911+0000] {dagbag.py:538} INFO - Filling up the DagBag from /home/airflow/dags/feature_engineering_dag.py
[2026-04-27T00:39:12.785+0000] {processor.py:840} INFO - DAG(s) 'feature_engineering_pipeline' retrieved from /home/airflow/dags/feature_engineering_dag.py
[2026-04-27T00:39:12.808+0000] {logging_mixin.py:188} INFO - [2026-04-27T00:39:12.808+0000] {dag.py:3036} INFO - Sync 1 DAGs
[2026-04-27T00:39:12.826+0000] {logging_mixin.py:188} INFO - [2026-04-27T00:39:12.826+0000] {dag.py:3823} INFO - Setting next_dagrun for feature_engineering_pipeline to 2026-04-26 00:00:00+00:00, run_after=2026-05-03 00:00:00+00:00
[2026-04-27T00:39:12.850+0000] {processor.py:183} INFO - Processing /home/airflow/dags/feature_engineering_dag.py took 0.946 seconds
[2026-04-27T00:39:43.146+0000] {processor.py:161} INFO - Started process (PID=1517) to work on /home/airflow/dags/feature_engineering_dag.py
[2026-04-27T00:39:43.148+0000] {processor.py:830} INFO - Processing file /home/airflow/dags/feature_engineering_dag.py for tasks to queue
[2026-04-27T00:39:43.150+0000] {logging_mixin.py:188} INFO - [2026-04-27T00:39:43.149+0000] {dagbag.py:538} INFO - Filling up the DagBag from /home/airflow/dags/feature_engineering_dag.py
[2026-04-27T00:39:44.146+0000] {processor.py:840} INFO - DAG(s) 'feature_engineering_pipeline' retrieved from /home/airflow/dags/feature_engineering_dag.py
[2026-04-27T00:39:44.174+0000] {logging_mixin.py:188} INFO - [2026-04-27T00:39:44.173+0000] {dag.py:3036} INFO - Sync 1 DAGs
[2026-04-27T00:39:44.200+0000] {logging_mixin.py:188} INFO - [2026-04-27T00:39:44.200+0000] {dag.py:3823} INFO - Setting next_dagrun for feature_engineering_pipeline to 2026-04-26 00:00:00+00:00, run_after=2026-05-03 00:00:00+00:00
[2026-04-27T00:39:44.231+0000] {processor.py:183} INFO - Processing /home/airflow/dags/feature_engineering_dag.py took 1.088 seconds
[2026-04-27T00:40:14.718+0000] {processor.py:161} INFO - Started process (PID=1562) to work on /home/airflow/dags/feature_engineering_dag.py
[2026-04-27T00:40:14.719+0000] {processor.py:830} INFO - Processing file /home/airflow/dags/feature_engineering_dag.py for tasks to queue
[2026-04-27T00:40:14.720+0000] {logging_mixin.py:188} INFO - [2026-04-27T00:40:14.720+0000] {dagbag.py:538} INFO - Filling up the DagBag from /home/airflow/dags/feature_engineering_dag.py
[2026-04-27T00:40:15.510+0000] {processor.py:840} INFO - DAG(s) 'feature_engineering_pipeline' retrieved from /home/airflow/dags/feature_engineering_dag.py
[2026-04-27T00:40:15.532+0000] {logging_mixin.py:188} INFO - [2026-04-27T00:40:15.532+0000] {dag.py:3036} INFO - Sync 1 DAGs
[2026-04-27T00:40:15.550+0000] {logging_mixin.py:188} INFO - [2026-04-27T00:40:15.549+0000] {dag.py:3823} INFO - Setting next_dagrun for feature_engineering_pipeline to 2026-04-26 00:00:00+00:00, run_after=2026-05-03 00:00:00+00:00
[2026-04-27T00:40:15.577+0000] {processor.py:183} INFO - Processing /home/airflow/dags/feature_engineering_dag.py took 0.862 seconds
[2026-04-27T00:40:45.964+0000] {processor.py:161} INFO - Started process (PID=1607) to work on /home/airflow/dags/feature_engineering_dag.py
[2026-04-27T00:40:45.965+0000] {processor.py:830} INFO - Processing file /home/airflow/dags/feature_engineering_dag.py for tasks to queue
[2026-04-27T00:40:45.966+0000] {logging_mixin.py:188} INFO - [2026-04-27T00:40:45.966+0000] {dagbag.py:538} INFO - Filling up the DagBag from /home/airflow/dags/feature_engineering_dag.py
[2026-04-27T00:40:46.711+0000] {processor.py:840} INFO - DAG(s) 'feature_engineering_pipeline' retrieved from /home/airflow/dags/feature_engineering_dag.py
[2026-04-27T00:40:46.733+0000] {logging_mixin.py:188} INFO - [2026-04-27T00:40:46.732+0000] {dag.py:3036} INFO - Sync 1 DAGs
[2026-04-27T00:40:46.751+0000] {logging_mixin.py:188} INFO - [2026-04-27T00:40:46.750+0000] {dag.py:3823} INFO - Setting next_dagrun for feature_engineering_pipeline to 2026-04-26 00:00:00+00:00, run_after=2026-05-03 00:00:00+00:00
[2026-04-27T00:40:46.775+0000] {processor.py:183} INFO - Processing /home/airflow/dags/feature_engineering_dag.py took 0.814 seconds
[2026-04-27T00:41:17.191+0000] {processor.py:161} INFO - Started process (PID=1652) to work on /home/airflow/dags/feature_engineering_dag.py
[2026-04-27T00:41:17.192+0000] {processor.py:830} INFO - Processing file /home/airflow/dags/feature_engineering_dag.py for tasks to queue
[2026-04-27T00:41:17.194+0000] {logging_mixin.py:188} INFO - [2026-04-27T00:41:17.193+0000] {dagbag.py:538} INFO - Filling up the DagBag from /home/airflow/dags/feature_engineering_dag.py
[2026-04-27T00:41:18.238+0000] {processor.py:840} INFO - DAG(s) 'feature_engineering_pipeline' retrieved from /home/airflow/dags/feature_engineering_dag.py
[2026-04-27T00:41:18.263+0000] {logging_mixin.py:188} INFO - [2026-04-27T00:41:18.263+0000] {dag.py:3036} INFO - Sync 1 DAGs
[2026-04-27T00:41:18.291+0000] {logging_mixin.py:188} INFO - [2026-04-27T00:41:18.290+0000] {dag.py:3823} INFO - Setting next_dagrun for feature_engineering_pipeline to 2026-04-26 00:00:00+00:00, run_after=2026-05-03 00:00:00+00:00
[2026-04-27T00:41:18.321+0000] {processor.py:183} INFO - Processing /home/airflow/dags/feature_engineering_dag.py took 1.133 seconds
[2026-04-27T00:41:48.824+0000] {processor.py:161} INFO - Started process (PID=1707) to work on /home/airflow/dags/feature_engineering_dag.py
[2026-04-27T00:41:48.825+0000] {processor.py:830} INFO - Processing file /home/airflow/dags/feature_engineering_dag.py for tasks to queue
[2026-04-27T00:41:48.826+0000] {logging_mixin.py:188} INFO - [2026-04-27T00:41:48.826+0000] {dagbag.py:538} INFO - Filling up the DagBag from /home/airflow/dags/feature_engineering_dag.py
[2026-04-27T00:41:49.687+0000] {processor.py:840} INFO - DAG(s) 'feature_engineering_pipeline' retrieved from /home/airflow/dags/feature_engineering_dag.py
[2026-04-27T00:41:49.808+0000] {logging_mixin.py:188} INFO - [2026-04-27T00:41:49.808+0000] {dag.py:3036} INFO - Sync 1 DAGs
[2026-04-27T00:41:49.827+0000] {logging_mixin.py:188} INFO - [2026-04-27T00:41:49.827+0000] {dag.py:3823} INFO - Setting next_dagrun for feature_engineering_pipeline to 2026-04-26 00:00:00+00:00, run_after=2026-05-03 00:00:00+00:00
[2026-04-27T00:41:49.851+0000] {processor.py:183} INFO - Processing /home/airflow/dags/feature_engineering_dag.py took 1.030 seconds
[2026-04-27T00:42:20.081+0000] {processor.py:161} INFO - Started process (PID=1752) to work on /home/airflow/dags/feature_engineering_dag.py
[2026-04-27T00:42:20.082+0000] {processor.py:830} INFO - Processing file /home/airflow/dags/feature_engineering_dag.py for tasks to queue
[2026-04-27T00:42:20.084+0000] {logging_mixin.py:188} INFO - [2026-04-27T00:42:20.083+0000] {dagbag.py:538} INFO - Filling up the DagBag from /home/airflow/dags/feature_engineering_dag.py
[2026-04-27T00:42:21.017+0000] {processor.py:840} INFO - DAG(s) 'feature_engineering_pipeline' retrieved from /home/airflow/dags/feature_engineering_dag.py
[2026-04-27T00:42:21.041+0000] {logging_mixin.py:188} INFO - [2026-04-27T00:42:21.040+0000] {dag.py:3036} INFO - Sync 1 DAGs
[2026-04-27T00:42:21.058+0000] {logging_mixin.py:188} INFO - [2026-04-27T00:42:21.058+0000] {dag.py:3823} INFO - Setting next_dagrun for feature_engineering_pipeline to 2026-04-26 00:00:00+00:00, run_after=2026-05-03 00:00:00+00:00
[2026-04-27T00:42:21.082+0000] {processor.py:183} INFO - Processing /home/airflow/dags/feature_engineering_dag.py took 1.007 seconds
[2026-04-27T00:42:51.396+0000] {processor.py:161} INFO - Started process (PID=1797) to work on /home/airflow/dags/feature_engineering_dag.py
[2026-04-27T00:42:51.398+0000] {processor.py:830} INFO - Processing file /home/airflow/dags/feature_engineering_dag.py for tasks to queue
[2026-04-27T00:42:51.399+0000] {logging_mixin.py:188} INFO - [2026-04-27T00:42:51.399+0000] {dagbag.py:538} INFO - Filling up the DagBag from /home/airflow/dags/feature_engineering_dag.py
[2026-04-27T00:42:52.505+0000] {processor.py:840} INFO - DAG(s) 'feature_engineering_pipeline' retrieved from /home/airflow/dags/feature_engineering_dag.py
[2026-04-27T00:42:52.525+0000] {logging_mixin.py:188} INFO - [2026-04-27T00:42:52.525+0000] {dag.py:3036} INFO - Sync 1 DAGs
[2026-04-27T00:42:52.546+0000] {logging_mixin.py:188} INFO - [2026-04-27T00:42:52.546+0000] {dag.py:3823} INFO - Setting next_dagrun for feature_engineering_pipeline to 2026-04-26 00:00:00+00:00, run_after=2026-05-03 00:00:00+00:00
[2026-04-27T00:42:52.570+0000] {processor.py:183} INFO - Processing /home/airflow/dags/feature_engineering_dag.py took 1.177 seconds
[2026-04-27T00:43:23.148+0000] {processor.py:161} INFO - Started process (PID=1842) to work on /home/airflow/dags/feature_engineering_dag.py
[2026-04-27T00:43:23.149+0000] {processor.py:830} INFO - Processing file /home/airflow/dags/feature_engineering_dag.py for tasks to queue
[2026-04-27T00:43:23.151+0000] {logging_mixin.py:188} INFO - [2026-04-27T00:43:23.150+0000] {dagbag.py:538} INFO - Filling up the DagBag from /home/airflow/dags/feature_engineering_dag.py
[2026-04-27T00:43:24.293+0000] {processor.py:840} INFO - DAG(s) 'feature_engineering_pipeline' retrieved from /home/airflow/dags/feature_engineering_dag.py
[2026-04-27T00:43:24.329+0000] {logging_mixin.py:188} INFO - [2026-04-27T00:43:24.327+0000] {dag.py:3036} INFO - Sync 1 DAGs
[2026-04-27T00:43:24.360+0000] {logging_mixin.py:188} INFO - [2026-04-27T00:43:24.359+0000] {dag.py:3823} INFO - Setting next_dagrun for feature_engineering_pipeline to 2026-04-26 00:00:00+00:00, run_after=2026-05-03 00:00:00+00:00
[2026-04-27T00:43:24.392+0000] {processor.py:183} INFO - Processing /home/airflow/dags/feature_engineering_dag.py took 1.248 seconds
[2026-04-27T00:43:54.548+0000] {processor.py:161} INFO - Started process (PID=1887) to work on /home/airflow/dags/feature_engineering_dag.py
[2026-04-27T00:43:54.549+0000] {processor.py:830} INFO - Processing file /home/airflow/dags/feature_engineering_dag.py for tasks to queue
[2026-04-27T00:43:54.550+0000] {logging_mixin.py:188} INFO - [2026-04-27T00:43:54.550+0000] {dagbag.py:538} INFO - Filling up the DagBag from /home/airflow/dags/feature_engineering_dag.py
[2026-04-27T00:43:55.358+0000] {processor.py:840} INFO - DAG(s) 'feature_engineering_pipeline' retrieved from /home/airflow/dags/feature_engineering_dag.py
[2026-04-27T00:43:55.383+0000] {logging_mixin.py:188} INFO - [2026-04-27T00:43:55.382+0000] {dag.py:3036} INFO - Sync 1 DAGs
[2026-04-27T00:43:55.403+0000] {logging_mixin.py:188} INFO - [2026-04-27T00:43:55.402+0000] {dag.py:3823} INFO - Setting next_dagrun for feature_engineering_pipeline to 2026-04-26 00:00:00+00:00, run_after=2026-05-03 00:00:00+00:00
[2026-04-27T00:43:55.426+0000] {processor.py:183} INFO - Processing /home/airflow/dags/feature_engineering_dag.py took 0.882 seconds
[2026-04-27T00:44:25.809+0000] {processor.py:161} INFO - Started process (PID=1932) to work on /home/airflow/dags/feature_engineering_dag.py
[2026-04-27T00:44:25.810+0000] {processor.py:830} INFO - Processing file /home/airflow/dags/feature_engineering_dag.py for tasks to queue
[2026-04-27T00:44:25.811+0000] {logging_mixin.py:188} INFO - [2026-04-27T00:44:25.810+0000] {dagbag.py:538} INFO - Filling up the DagBag from /home/airflow/dags/feature_engineering_dag.py
[2026-04-27T00:44:26.622+0000] {processor.py:840} INFO - DAG(s) 'feature_engineering_pipeline' retrieved from /home/airflow/dags/feature_engineering_dag.py
[2026-04-27T00:44:26.647+0000] {logging_mixin.py:188} INFO - [2026-04-27T00:44:26.646+0000] {dag.py:3036} INFO - Sync 1 DAGs
[2026-04-27T00:44:26.698+0000] {logging_mixin.py:188} INFO - [2026-04-27T00:44:26.697+0000] {dag.py:3823} INFO - Setting next_dagrun for feature_engineering_pipeline to 2026-04-26 00:00:00+00:00, run_after=2026-05-03 00:00:00+00:00
[2026-04-27T00:44:26.732+0000] {processor.py:183} INFO - Processing /home/airflow/dags/feature_engineering_dag.py took 0.926 seconds
[2026-04-27T00:44:56.921+0000] {processor.py:161} INFO - Started process (PID=1987) to work on /home/airflow/dags/feature_engineering_dag.py
[2026-04-27T00:44:56.922+0000] {processor.py:830} INFO - Processing file /home/airflow/dags/feature_engineering_dag.py for tasks to queue
[2026-04-27T00:44:56.923+0000] {logging_mixin.py:188} INFO - [2026-04-27T00:44:56.923+0000] {dagbag.py:538} INFO - Filling up the DagBag from /home/airflow/dags/feature_engineering_dag.py
[2026-04-27T00:44:57.679+0000] {processor.py:840} INFO - DAG(s) 'feature_engineering_pipeline' retrieved from /home/airflow/dags/feature_engineering_dag.py
[2026-04-27T00:44:57.705+0000] {logging_mixin.py:188} INFO - [2026-04-27T00:44:57.705+0000] {dag.py:3036} INFO - Sync 1 DAGs
[2026-04-27T00:44:57.726+0000] {logging_mixin.py:188} INFO - [2026-04-27T00:44:57.726+0000] {dag.py:3823} INFO - Setting next_dagrun for feature_engineering_pipeline to 2026-04-26 00:00:00+00:00, run_after=2026-05-03 00:00:00+00:00
[2026-04-27T00:44:57.755+0000] {processor.py:183} INFO - Processing /home/airflow/dags/feature_engineering_dag.py took 0.837 seconds
[2026-04-27T00:45:27.999+0000] {processor.py:161} INFO - Started process (PID=2032) to work on /home/airflow/dags/feature_engineering_dag.py
[2026-04-27T00:45:28.000+0000] {processor.py:830} INFO - Processing file /home/airflow/dags/feature_engineering_dag.py for tasks to queue
[2026-04-27T00:45:28.002+0000] {logging_mixin.py:188} INFO - [2026-04-27T00:45:28.001+0000] {dagbag.py:538} INFO - Filling up the DagBag from /home/airflow/dags/feature_engineering_dag.py
[2026-04-27T00:45:29.125+0000] {processor.py:840} INFO - DAG(s) 'feature_engineering_pipeline' retrieved from /home/airflow/dags/feature_engineering_dag.py
[2026-04-27T00:45:29.151+0000] {logging_mixin.py:188} INFO - [2026-04-27T00:45:29.151+0000] {dag.py:3036} INFO - Sync 1 DAGs
[2026-04-27T00:45:29.175+0000] {logging_mixin.py:188} INFO - [2026-04-27T00:45:29.175+0000] {dag.py:3823} INFO - Setting next_dagrun for feature_engineering_pipeline to 2026-04-26 00:00:00+00:00, run_after=2026-05-03 00:00:00+00:00
[2026-04-27T00:45:29.201+0000] {processor.py:183} INFO - Processing /home/airflow/dags/feature_engineering_dag.py took 1.206 seconds
[2026-04-27T00:45:59.453+0000] {processor.py:161} INFO - Started process (PID=2077) to work on /home/airflow/dags/feature_engineering_dag.py
[2026-04-27T00:45:59.454+0000] {processor.py:830} INFO - Processing file /home/airflow/dags/feature_engineering_dag.py for tasks to queue
[2026-04-27T00:45:59.456+0000] {logging_mixin.py:188} INFO - [2026-04-27T00:45:59.455+0000] {dagbag.py:538} INFO - Filling up the DagBag from /home/airflow/dags/feature_engineering_dag.py
[2026-04-27T00:46:00.188+0000] {processor.py:840} INFO - DAG(s) 'feature_engineering_pipeline' retrieved from /home/airflow/dags/feature_engineering_dag.py
[2026-04-27T00:46:00.208+0000] {logging_mixin.py:188} INFO - [2026-04-27T00:46:00.208+0000] {dag.py:3036} INFO - Sync 1 DAGs
[2026-04-27T00:46:00.231+0000] {logging_mixin.py:188} INFO - [2026-04-27T00:46:00.231+0000] {dag.py:3823} INFO - Setting next_dagrun for feature_engineering_pipeline to 2026-04-26 00:00:00+00:00, run_after=2026-05-03 00:00:00+00:00
[2026-04-27T00:46:00.258+0000] {processor.py:183} INFO - Processing /home/airflow/dags/feature_engineering_dag.py took 0.808 seconds
[2026-04-27T00:46:30.480+0000] {processor.py:161} INFO - Started process (PID=2122) to work on /home/airflow/dags/feature_engineering_dag.py
[2026-04-27T00:46:30.482+0000] {processor.py:830} INFO - Processing file /home/airflow/dags/feature_engineering_dag.py for tasks to queue
[2026-04-27T00:46:30.483+0000] {logging_mixin.py:188} INFO - [2026-04-27T00:46:30.483+0000] {dagbag.py:538} INFO - Filling up the DagBag from /home/airflow/dags/feature_engineering_dag.py
[2026-04-27T00:46:31.321+0000] {processor.py:840} INFO - DAG(s) 'feature_engineering_pipeline' retrieved from /home/airflow/dags/feature_engineering_dag.py
[2026-04-27T00:46:31.344+0000] {logging_mixin.py:188} INFO - [2026-04-27T00:46:31.344+0000] {dag.py:3036} INFO - Sync 1 DAGs
[2026-04-27T00:46:31.362+0000] {logging_mixin.py:188} INFO - [2026-04-27T00:46:31.362+0000] {dag.py:3823} INFO - Setting next_dagrun for feature_engineering_pipeline to 2026-04-26 00:00:00+00:00, run_after=2026-05-03 00:00:00+00:00
[2026-04-27T00:46:31.388+0000] {processor.py:183} INFO - Processing /home/airflow/dags/feature_engineering_dag.py took 0.912 seconds
[2026-04-27T00:47:01.787+0000] {processor.py:161} INFO - Started process (PID=2167) to work on /home/airflow/dags/feature_engineering_dag.py
[2026-04-27T00:47:01.788+0000] {processor.py:830} INFO - Processing file /home/airflow/dags/feature_engineering_dag.py for tasks to queue
[2026-04-27T00:47:01.790+0000] {logging_mixin.py:188} INFO - [2026-04-27T00:47:01.789+0000] {dagbag.py:538} INFO - Filling up the DagBag from /home/airflow/dags/feature_engineering_dag.py
[2026-04-27T00:47:02.711+0000] {processor.py:840} INFO - DAG(s) 'feature_engineering_pipeline' retrieved from /home/airflow/dags/feature_engineering_dag.py
[2026-04-27T00:47:02.732+0000] {logging_mixin.py:188} INFO - [2026-04-27T00:47:02.731+0000] {dag.py:3036} INFO - Sync 1 DAGs
[2026-04-27T00:47:02.747+0000] {logging_mixin.py:188} INFO - [2026-04-27T00:47:02.747+0000] {dag.py:3823} INFO - Setting next_dagrun for feature_engineering_pipeline to 2026-04-26 00:00:00+00:00, run_after=2026-05-03 00:00:00+00:00
[2026-04-27T00:47:02.772+0000] {processor.py:183} INFO - Processing /home/airflow/dags/feature_engineering_dag.py took 0.990 seconds
[2026-04-27T00:47:33.038+0000] {processor.py:161} INFO - Started process (PID=2212) to work on /home/airflow/dags/feature_engineering_dag.py
[2026-04-27T00:47:33.039+0000] {processor.py:830} INFO - Processing file /home/airflow/dags/feature_engineering_dag.py for tasks to queue
[2026-04-27T00:47:33.040+0000] {logging_mixin.py:188} INFO - [2026-04-27T00:47:33.040+0000] {dagbag.py:538} INFO - Filling up the DagBag from /home/airflow/dags/feature_engineering_dag.py
[2026-04-27T00:47:33.898+0000] {processor.py:840} INFO - DAG(s) 'feature_engineering_pipeline' retrieved from /home/airflow/dags/feature_engineering_dag.py
[2026-04-27T00:47:33.919+0000] {logging_mixin.py:188} INFO - [2026-04-27T00:47:33.918+0000] {dag.py:3036} INFO - Sync 1 DAGs
[2026-04-27T00:47:33.938+0000] {logging_mixin.py:188} INFO - [2026-04-27T00:47:33.938+0000] {dag.py:3823} INFO - Setting next_dagrun for feature_engineering_pipeline to 2026-04-26 00:00:00+00:00, run_after=2026-05-03 00:00:00+00:00
[2026-04-27T00:47:33.963+0000] {processor.py:183} INFO - Processing /home/airflow/dags/feature_engineering_dag.py took 0.929 seconds
[2026-04-27T00:48:04.410+0000] {processor.py:161} INFO - Started process (PID=2257) to work on /home/airflow/dags/feature_engineering_dag.py
[2026-04-27T00:48:04.413+0000] {processor.py:830} INFO - Processing file /home/airflow/dags/feature_engineering_dag.py for tasks to queue
[2026-04-27T00:48:04.415+0000] {logging_mixin.py:188} INFO - [2026-04-27T00:48:04.414+0000] {dagbag.py:538} INFO - Filling up the DagBag from /home/airflow/dags/feature_engineering_dag.py
[2026-04-27T00:48:05.343+0000] {processor.py:840} INFO - DAG(s) 'feature_engineering_pipeline' retrieved from /home/airflow/dags/feature_engineering_dag.py
[2026-04-27T00:48:05.363+0000] {logging_mixin.py:188} INFO - [2026-04-27T00:48:05.363+0000] {dag.py:3036} INFO - Sync 1 DAGs
[2026-04-27T00:48:05.379+0000] {logging_mixin.py:188} INFO - [2026-04-27T00:48:05.379+0000] {dag.py:3823} INFO - Setting next_dagrun for feature_engineering_pipeline to 2026-04-26 00:00:00+00:00, run_after=2026-05-03 00:00:00+00:00
[2026-04-27T00:48:05.404+0000] {processor.py:183} INFO - Processing /home/airflow/dags/feature_engineering_dag.py took 1.000 seconds
[2026-04-27T00:48:35.762+0000] {processor.py:161} INFO - Started process (PID=2302) to work on /home/airflow/dags/feature_engineering_dag.py
[2026-04-27T00:48:35.764+0000] {processor.py:830} INFO - Processing file /home/airflow/dags/feature_engineering_dag.py for tasks to queue
[2026-04-27T00:48:35.765+0000] {logging_mixin.py:188} INFO - [2026-04-27T00:48:35.765+0000] {dagbag.py:538} INFO - Filling up the DagBag from /home/airflow/dags/feature_engineering_dag.py
[2026-04-27T00:48:36.707+0000] {processor.py:840} INFO - DAG(s) 'feature_engineering_pipeline' retrieved from /home/airflow/dags/feature_engineering_dag.py
[2026-04-27T00:48:36.731+0000] {logging_mixin.py:188} INFO - [2026-04-27T00:48:36.730+0000] {dag.py:3036} INFO - Sync 1 DAGs
[2026-04-27T00:48:36.748+0000] {logging_mixin.py:188} INFO - [2026-04-27T00:48:36.747+0000] {dag.py:3823} INFO - Setting next_dagrun for feature_engineering_pipeline to 2026-04-26 00:00:00+00:00, run_after=2026-05-03 00:00:00+00:00
[2026-04-27T00:48:36.774+0000] {processor.py:183} INFO - Processing /home/airflow/dags/feature_engineering_dag.py took 1.015 seconds
[2026-04-27T00:49:07.173+0000] {processor.py:161} INFO - Started process (PID=2347) to work on /home/airflow/dags/feature_engineering_dag.py
[2026-04-27T00:49:07.174+0000] {processor.py:830} INFO - Processing file /home/airflow/dags/feature_engineering_dag.py for tasks to queue
[2026-04-27T00:49:07.175+0000] {logging_mixin.py:188} INFO - [2026-04-27T00:49:07.175+0000] {dagbag.py:538} INFO - Filling up the DagBag from /home/airflow/dags/feature_engineering_dag.py
[2026-04-27T00:49:07.912+0000] {processor.py:840} INFO - DAG(s) 'feature_engineering_pipeline' retrieved from /home/airflow/dags/feature_engineering_dag.py
[2026-04-27T00:49:07.932+0000] {logging_mixin.py:188} INFO - [2026-04-27T00:49:07.932+0000] {dag.py:3036} INFO - Sync 1 DAGs
[2026-04-27T00:49:07.948+0000] {logging_mixin.py:188} INFO - [2026-04-27T00:49:07.948+0000] {dag.py:3823} INFO - Setting next_dagrun for feature_engineering_pipeline to 2026-04-26 00:00:00+00:00, run_after=2026-05-03 00:00:00+00:00
[2026-04-27T00:49:07.973+0000] {processor.py:183} INFO - Processing /home/airflow/dags/feature_engineering_dag.py took 0.803 seconds
[2026-04-27T00:49:38.153+0000] {processor.py:161} INFO - Started process (PID=2392) to work on /home/airflow/dags/feature_engineering_dag.py
[2026-04-27T00:49:38.154+0000] {processor.py:830} INFO - Processing file /home/airflow/dags/feature_engineering_dag.py for tasks to queue
[2026-04-27T00:49:38.155+0000] {logging_mixin.py:188} INFO - [2026-04-27T00:49:38.155+0000] {dagbag.py:538} INFO - Filling up the DagBag from /home/airflow/dags/feature_engineering_dag.py
[2026-04-27T00:49:38.984+0000] {processor.py:840} INFO - DAG(s) 'feature_engineering_pipeline' retrieved from /home/airflow/dags/feature_engineering_dag.py
[2026-04-27T00:49:39.003+0000] {logging_mixin.py:188} INFO - [2026-04-27T00:49:39.003+0000] {dag.py:3036} INFO - Sync 1 DAGs
[2026-04-27T00:49:39.020+0000] {logging_mixin.py:188} INFO - [2026-04-27T00:49:39.019+0000] {dag.py:3823} INFO - Setting next_dagrun for feature_engineering_pipeline to 2026-04-26 00:00:00+00:00, run_after=2026-05-03 00:00:00+00:00
[2026-04-27T00:49:39.041+0000] {processor.py:183} INFO - Processing /home/airflow/dags/feature_engineering_dag.py took 0.893 seconds
[2026-04-27T00:50:09.244+0000] {processor.py:161} INFO - Started process (PID=2437) to work on /home/airflow/dags/feature_engineering_dag.py
[2026-04-27T00:50:09.246+0000] {processor.py:830} INFO - Processing file /home/airflow/dags/feature_engineering_dag.py for tasks to queue
[2026-04-27T00:50:09.247+0000] {logging_mixin.py:188} INFO - [2026-04-27T00:50:09.246+0000] {dagbag.py:538} INFO - Filling up the DagBag from /home/airflow/dags/feature_engineering_dag.py
[2026-04-27T00:50:10.005+0000] {processor.py:840} INFO - DAG(s) 'feature_engineering_pipeline' retrieved from /home/airflow/dags/feature_engineering_dag.py
[2026-04-27T00:50:10.025+0000] {logging_mixin.py:188} INFO - [2026-04-27T00:50:10.025+0000] {dag.py:3036} INFO - Sync 1 DAGs
[2026-04-27T00:50:10.042+0000] {logging_mixin.py:188} INFO - [2026-04-27T00:50:10.042+0000] {dag.py:3823} INFO - Setting next_dagrun for feature_engineering_pipeline to 2026-04-26 00:00:00+00:00, run_after=2026-05-03 00:00:00+00:00
[2026-04-27T00:50:10.066+0000] {processor.py:183} INFO - Processing /home/airflow/dags/feature_engineering_dag.py took 0.826 seconds
[2026-04-27T00:50:40.392+0000] {processor.py:161} INFO - Started process (PID=2482) to work on /home/airflow/dags/feature_engineering_dag.py
[2026-04-27T00:50:40.393+0000] {processor.py:830} INFO - Processing file /home/airflow/dags/feature_engineering_dag.py for tasks to queue
[2026-04-27T00:50:40.394+0000] {logging_mixin.py:188} INFO - [2026-04-27T00:50:40.394+0000] {dagbag.py:538} INFO - Filling up the DagBag from /home/airflow/dags/feature_engineering_dag.py
[2026-04-27T00:50:41.250+0000] {processor.py:840} INFO - DAG(s) 'feature_engineering_pipeline' retrieved from /home/airflow/dags/feature_engineering_dag.py
[2026-04-27T00:50:41.273+0000] {logging_mixin.py:188} INFO - [2026-04-27T00:50:41.272+0000] {dag.py:3036} INFO - Sync 1 DAGs
[2026-04-27T00:50:41.291+0000] {logging_mixin.py:188} INFO - [2026-04-27T00:50:41.291+0000] {dag.py:3823} INFO - Setting next_dagrun for feature_engineering_pipeline to 2026-04-26 00:00:00+00:00, run_after=2026-05-03 00:00:00+00:00
[2026-04-27T00:50:41.315+0000] {processor.py:183} INFO - Processing /home/airflow/dags/feature_engineering_dag.py took 0.927 seconds
[2026-04-27T00:51:11.739+0000] {processor.py:161} INFO - Started process (PID=2527) to work on /home/airflow/dags/feature_engineering_dag.py
[2026-04-27T00:51:11.740+0000] {processor.py:830} INFO - Processing file /home/airflow/dags/feature_engineering_dag.py for tasks to queue
[2026-04-27T00:51:11.741+0000] {logging_mixin.py:188} INFO - [2026-04-27T00:51:11.741+0000] {dagbag.py:538} INFO - Filling up the DagBag from /home/airflow/dags/feature_engineering_dag.py
[2026-04-27T00:51:12.701+0000] {processor.py:840} INFO - DAG(s) 'feature_engineering_pipeline' retrieved from /home/airflow/dags/feature_engineering_dag.py
[2026-04-27T00:51:12.732+0000] {logging_mixin.py:188} INFO - [2026-04-27T00:51:12.731+0000] {dag.py:3036} INFO - Sync 1 DAGs
[2026-04-27T00:51:12.753+0000] {logging_mixin.py:188} INFO - [2026-04-27T00:51:12.753+0000] {dag.py:3823} INFO - Setting next_dagrun for feature_engineering_pipeline to 2026-04-26 00:00:00+00:00, run_after=2026-05-03 00:00:00+00:00
[2026-04-27T00:51:12.779+0000] {processor.py:183} INFO - Processing /home/airflow/dags/feature_engineering_dag.py took 1.044 seconds
[2026-04-27T00:51:43.061+0000] {processor.py:161} INFO - Started process (PID=2572) to work on /home/airflow/dags/feature_engineering_dag.py
[2026-04-27T00:51:43.063+0000] {processor.py:830} INFO - Processing file /home/airflow/dags/feature_engineering_dag.py for tasks to queue
[2026-04-27T00:51:43.064+0000] {logging_mixin.py:188} INFO - [2026-04-27T00:51:43.063+0000] {dagbag.py:538} INFO - Filling up the DagBag from /home/airflow/dags/feature_engineering_dag.py
[2026-04-27T00:51:43.948+0000] {processor.py:840} INFO - DAG(s) 'feature_engineering_pipeline' retrieved from /home/airflow/dags/feature_engineering_dag.py
[2026-04-27T00:51:43.971+0000] {logging_mixin.py:188} INFO - [2026-04-27T00:51:43.971+0000] {dag.py:3036} INFO - Sync 1 DAGs
[2026-04-27T00:51:43.990+0000] {logging_mixin.py:188} INFO - [2026-04-27T00:51:43.990+0000] {dag.py:3823} INFO - Setting next_dagrun for feature_engineering_pipeline to 2026-04-26 00:00:00+00:00, run_after=2026-05-03 00:00:00+00:00
[2026-04-27T00:51:44.013+0000] {processor.py:183} INFO - Processing /home/airflow/dags/feature_engineering_dag.py took 0.955 seconds
[2026-04-27T00:52:14.105+0000] {processor.py:161} INFO - Started process (PID=2617) to work on /home/airflow/dags/feature_engineering_dag.py
[2026-04-27T00:52:14.106+0000] {processor.py:830} INFO - Processing file /home/airflow/dags/feature_engineering_dag.py for tasks to queue
[2026-04-27T00:52:14.107+0000] {logging_mixin.py:188} INFO - [2026-04-27T00:52:14.106+0000] {dagbag.py:538} INFO - Filling up the DagBag from /home/airflow/dags/feature_engineering_dag.py
[2026-04-27T00:52:14.921+0000] {processor.py:840} INFO - DAG(s) 'feature_engineering_pipeline' retrieved from /home/airflow/dags/feature_engineering_dag.py
[2026-04-27T00:52:14.939+0000] {logging_mixin.py:188} INFO - [2026-04-27T00:52:14.939+0000] {dag.py:3036} INFO - Sync 1 DAGs
[2026-04-27T00:52:14.955+0000] {logging_mixin.py:188} INFO - [2026-04-27T00:52:14.954+0000] {dag.py:3823} INFO - Setting next_dagrun for feature_engineering_pipeline to 2026-04-26 00:00:00+00:00, run_after=2026-05-03 00:00:00+00:00
[2026-04-27T00:52:14.977+0000] {processor.py:183} INFO - Processing /home/airflow/dags/feature_engineering_dag.py took 0.875 seconds
[2026-04-27T00:52:45.363+0000] {processor.py:161} INFO - Started process (PID=2662) to work on /home/airflow/dags/feature_engineering_dag.py
[2026-04-27T00:52:45.364+0000] {processor.py:830} INFO - Processing file /home/airflow/dags/feature_engineering_dag.py for tasks to queue
[2026-04-27T00:52:45.365+0000] {logging_mixin.py:188} INFO - [2026-04-27T00:52:45.365+0000] {dagbag.py:538} INFO - Filling up the DagBag from /home/airflow/dags/feature_engineering_dag.py
[2026-04-27T00:52:46.101+0000] {processor.py:840} INFO - DAG(s) 'feature_engineering_pipeline' retrieved from /home/airflow/dags/feature_engineering_dag.py
[2026-04-27T00:52:46.121+0000] {logging_mixin.py:188} INFO - [2026-04-27T00:52:46.121+0000] {dag.py:3036} INFO - Sync 1 DAGs
[2026-04-27T00:52:46.138+0000] {logging_mixin.py:188} INFO - [2026-04-27T00:52:46.138+0000] {dag.py:3823} INFO - Setting next_dagrun for feature_engineering_pipeline to 2026-04-26 00:00:00+00:00, run_after=2026-05-03 00:00:00+00:00
[2026-04-27T00:52:46.159+0000] {processor.py:183} INFO - Processing /home/airflow/dags/feature_engineering_dag.py took 0.801 seconds
[2026-04-27T00:53:16.427+0000] {processor.py:161} INFO - Started process (PID=2707) to work on /home/airflow/dags/feature_engineering_dag.py
[2026-04-27T00:53:16.428+0000] {processor.py:830} INFO - Processing file /home/airflow/dags/feature_engineering_dag.py for tasks to queue
[2026-04-27T00:53:16.429+0000] {logging_mixin.py:188} INFO - [2026-04-27T00:53:16.429+0000] {dagbag.py:538} INFO - Filling up the DagBag from /home/airflow/dags/feature_engineering_dag.py
[2026-04-27T00:53:17.174+0000] {processor.py:840} INFO - DAG(s) 'feature_engineering_pipeline' retrieved from /home/airflow/dags/feature_engineering_dag.py
[2026-04-27T00:53:17.195+0000] {logging_mixin.py:188} INFO - [2026-04-27T00:53:17.194+0000] {dag.py:3036} INFO - Sync 1 DAGs
[2026-04-27T00:53:17.213+0000] {logging_mixin.py:188} INFO - [2026-04-27T00:53:17.213+0000] {dag.py:3823} INFO - Setting next_dagrun for feature_engineering_pipeline to 2026-04-26 00:00:00+00:00, run_after=2026-05-03 00:00:00+00:00
[2026-04-27T00:53:17.240+0000] {processor.py:183} INFO - Processing /home/airflow/dags/feature_engineering_dag.py took 0.816 seconds
[2026-04-27T00:53:47.537+0000] {processor.py:161} INFO - Started process (PID=2752) to work on /home/airflow/dags/feature_engineering_dag.py
[2026-04-27T00:53:47.538+0000] {processor.py:830} INFO - Processing file /home/airflow/dags/feature_engineering_dag.py for tasks to queue
[2026-04-27T00:53:47.539+0000] {logging_mixin.py:188} INFO - [2026-04-27T00:53:47.539+0000] {dagbag.py:538} INFO - Filling up the DagBag from /home/airflow/dags/feature_engineering_dag.py
[2026-04-27T00:53:48.310+0000] {processor.py:840} INFO - DAG(s) 'feature_engineering_pipeline' retrieved from /home/airflow/dags/feature_engineering_dag.py
[2026-04-27T00:53:48.333+0000] {logging_mixin.py:188} INFO - [2026-04-27T00:53:48.333+0000] {dag.py:3036} INFO - Sync 1 DAGs
[2026-04-27T00:53:48.354+0000] {logging_mixin.py:188} INFO - [2026-04-27T00:53:48.354+0000] {dag.py:3823} INFO - Setting next_dagrun for feature_engineering_pipeline to 2026-04-26 00:00:00+00:00, run_after=2026-05-03 00:00:00+00:00
[2026-04-27T00:53:48.383+0000] {processor.py:183} INFO - Processing /home/airflow/dags/feature_engineering_dag.py took 0.849 seconds
[2026-04-27T00:54:18.532+0000] {processor.py:161} INFO - Started process (PID=2797) to work on /home/airflow/dags/feature_engineering_dag.py
[2026-04-27T00:54:18.533+0000] {processor.py:830} INFO - Processing file /home/airflow/dags/feature_engineering_dag.py for tasks to queue
[2026-04-27T00:54:18.535+0000] {logging_mixin.py:188} INFO - [2026-04-27T00:54:18.534+0000] {dagbag.py:538} INFO - Filling up the DagBag from /home/airflow/dags/feature_engineering_dag.py
[2026-04-27T00:54:19.377+0000] {processor.py:840} INFO - DAG(s) 'feature_engineering_pipeline' retrieved from /home/airflow/dags/feature_engineering_dag.py
[2026-04-27T00:54:19.405+0000] {logging_mixin.py:188} INFO - [2026-04-27T00:54:19.404+0000] {dag.py:3036} INFO - Sync 1 DAGs
[2026-04-27T00:54:19.425+0000] {logging_mixin.py:188} INFO - [2026-04-27T00:54:19.424+0000] {dag.py:3823} INFO - Setting next_dagrun for feature_engineering_pipeline to 2026-04-26 00:00:00+00:00, run_after=2026-05-03 00:00:00+00:00
[2026-04-27T00:54:19.451+0000] {processor.py:183} INFO - Processing /home/airflow/dags/feature_engineering_dag.py took 0.921 seconds
[2026-04-27T00:54:49.632+0000] {processor.py:161} INFO - Started process (PID=2842) to work on /home/airflow/dags/feature_engineering_dag.py
[2026-04-27T00:54:49.633+0000] {processor.py:830} INFO - Processing file /home/airflow/dags/feature_engineering_dag.py for tasks to queue
[2026-04-27T00:54:49.635+0000] {logging_mixin.py:188} INFO - [2026-04-27T00:54:49.634+0000] {dagbag.py:538} INFO - Filling up the DagBag from /home/airflow/dags/feature_engineering_dag.py
[2026-04-27T00:54:50.542+0000] {processor.py:840} INFO - DAG(s) 'feature_engineering_pipeline' retrieved from /home/airflow/dags/feature_engineering_dag.py
[2026-04-27T00:54:50.563+0000] {logging_mixin.py:188} INFO - [2026-04-27T00:54:50.563+0000] {dag.py:3036} INFO - Sync 1 DAGs
[2026-04-27T00:54:50.581+0000] {logging_mixin.py:188} INFO - [2026-04-27T00:54:50.581+0000] {dag.py:3823} INFO - Setting next_dagrun for feature_engineering_pipeline to 2026-04-26 00:00:00+00:00, run_after=2026-05-03 00:00:00+00:00
[2026-04-27T00:54:50.606+0000] {processor.py:183} INFO - Processing /home/airflow/dags/feature_engineering_dag.py took 0.978 seconds
[2026-04-27T00:55:20.946+0000] {processor.py:161} INFO - Started process (PID=2887) to work on /home/airflow/dags/feature_engineering_dag.py
[2026-04-27T00:55:20.947+0000] {processor.py:830} INFO - Processing file /home/airflow/dags/feature_engineering_dag.py for tasks to queue
[2026-04-27T00:55:20.948+0000] {logging_mixin.py:188} INFO - [2026-04-27T00:55:20.948+0000] {dagbag.py:538} INFO - Filling up the DagBag from /home/airflow/dags/feature_engineering_dag.py
[2026-04-27T00:55:21.745+0000] {processor.py:840} INFO - DAG(s) 'feature_engineering_pipeline' retrieved from /home/airflow/dags/feature_engineering_dag.py
[2026-04-27T00:55:21.764+0000] {logging_mixin.py:188} INFO - [2026-04-27T00:55:21.763+0000] {dag.py:3036} INFO - Sync 1 DAGs
[2026-04-27T00:55:21.779+0000] {logging_mixin.py:188} INFO - [2026-04-27T00:55:21.778+0000] {dag.py:3823} INFO - Setting next_dagrun for feature_engineering_pipeline to 2026-04-26 00:00:00+00:00, run_after=2026-05-03 00:00:00+00:00
[2026-04-27T00:55:21.801+0000] {processor.py:183} INFO - Processing /home/airflow/dags/feature_engineering_dag.py took 0.858 seconds
[2026-04-27T00:55:51.915+0000] {processor.py:161} INFO - Started process (PID=2936) to work on /home/airflow/dags/feature_engineering_dag.py
[2026-04-27T00:55:51.917+0000] {processor.py:830} INFO - Processing file /home/airflow/dags/feature_engineering_dag.py for tasks to queue
[2026-04-27T00:55:51.918+0000] {logging_mixin.py:188} INFO - [2026-04-27T00:55:51.918+0000] {dagbag.py:538} INFO - Filling up the DagBag from /home/airflow/dags/feature_engineering_dag.py
[2026-04-27T00:55:52.743+0000] {processor.py:840} INFO - DAG(s) 'feature_engineering_pipeline' retrieved from /home/airflow/dags/feature_engineering_dag.py
[2026-04-27T00:55:52.770+0000] {logging_mixin.py:188} INFO - [2026-04-27T00:55:52.770+0000] {dag.py:3036} INFO - Sync 1 DAGs
[2026-04-27T00:55:52.789+0000] {logging_mixin.py:188} INFO - [2026-04-27T00:55:52.789+0000] {dag.py:3823} INFO - Setting next_dagrun for feature_engineering_pipeline to 2026-04-26 00:00:00+00:00, run_after=2026-05-03 00:00:00+00:00
[2026-04-27T00:55:52.808+0000] {processor.py:183} INFO - Processing /home/airflow/dags/feature_engineering_dag.py took 0.897 seconds
[2026-04-27T00:56:22.875+0000] {processor.py:161} INFO - Started process (PID=2981) to work on /home/airflow/dags/feature_engineering_dag.py
[2026-04-27T00:56:22.877+0000] {processor.py:830} INFO - Processing file /home/airflow/dags/feature_engineering_dag.py for tasks to queue
[2026-04-27T00:56:22.878+0000] {logging_mixin.py:188} INFO - [2026-04-27T00:56:22.878+0000] {dagbag.py:538} INFO - Filling up the DagBag from /home/airflow/dags/feature_engineering_dag.py
[2026-04-27T00:56:23.731+0000] {processor.py:840} INFO - DAG(s) 'feature_engineering_pipeline' retrieved from /home/airflow/dags/feature_engineering_dag.py
[2026-04-27T00:56:23.753+0000] {logging_mixin.py:188} INFO - [2026-04-27T00:56:23.753+0000] {dag.py:3036} INFO - Sync 1 DAGs
[2026-04-27T00:56:23.772+0000] {logging_mixin.py:188} INFO - [2026-04-27T00:56:23.772+0000] {dag.py:3823} INFO - Setting next_dagrun for feature_engineering_pipeline to 2026-04-26 00:00:00+00:00, run_after=2026-05-03 00:00:00+00:00
[2026-04-27T00:56:23.792+0000] {processor.py:183} INFO - Processing /home/airflow/dags/feature_engineering_dag.py took 0.920 seconds
[2026-04-27T00:56:53.970+0000] {processor.py:161} INFO - Started process (PID=3022) to work on /home/airflow/dags/feature_engineering_dag.py
[2026-04-27T00:56:53.971+0000] {processor.py:830} INFO - Processing file /home/airflow/dags/feature_engineering_dag.py for tasks to queue
[2026-04-27T00:56:53.972+0000] {logging_mixin.py:188} INFO - [2026-04-27T00:56:53.971+0000] {dagbag.py:538} INFO - Filling up the DagBag from /home/airflow/dags/feature_engineering_dag.py
[2026-04-27T00:56:54.810+0000] {processor.py:840} INFO - DAG(s) 'feature_engineering_pipeline' retrieved from /home/airflow/dags/feature_engineering_dag.py
[2026-04-27T00:56:54.839+0000] {logging_mixin.py:188} INFO - [2026-04-27T00:56:54.838+0000] {dag.py:3036} INFO - Sync 1 DAGs
[2026-04-27T00:56:54.868+0000] {logging_mixin.py:188} INFO - [2026-04-27T00:56:54.868+0000] {dag.py:3823} INFO - Setting next_dagrun for feature_engineering_pipeline to 2026-04-26 00:00:00+00:00, run_after=2026-05-03 00:00:00+00:00
[2026-04-27T00:56:54.897+0000] {processor.py:183} INFO - Processing /home/airflow/dags/feature_engineering_dag.py took 0.931 seconds
[2026-04-27T00:57:25.082+0000] {processor.py:161} INFO - Started process (PID=3071) to work on /home/airflow/dags/feature_engineering_dag.py
[2026-04-27T00:57:25.084+0000] {processor.py:830} INFO - Processing file /home/airflow/dags/feature_engineering_dag.py for tasks to queue
[2026-04-27T00:57:25.085+0000] {logging_mixin.py:188} INFO - [2026-04-27T00:57:25.085+0000] {dagbag.py:538} INFO - Filling up the DagBag from /home/airflow/dags/feature_engineering_dag.py
[2026-04-27T00:57:25.847+0000] {processor.py:840} INFO - DAG(s) 'feature_engineering_pipeline' retrieved from /home/airflow/dags/feature_engineering_dag.py
[2026-04-27T00:57:25.866+0000] {logging_mixin.py:188} INFO - [2026-04-27T00:57:25.865+0000] {dag.py:3036} INFO - Sync 1 DAGs
[2026-04-27T00:57:25.881+0000] {logging_mixin.py:188} INFO - [2026-04-27T00:57:25.881+0000] {dag.py:3823} INFO - Setting next_dagrun for feature_engineering_pipeline to 2026-04-26 00:00:00+00:00, run_after=2026-05-03 00:00:00+00:00
[2026-04-27T00:57:25.902+0000] {processor.py:183} INFO - Processing /home/airflow/dags/feature_engineering_dag.py took 0.824 seconds
[2026-04-27T00:57:56.453+0000] {processor.py:161} INFO - Started process (PID=3118) to work on /home/airflow/dags/feature_engineering_dag.py
[2026-04-27T00:57:56.455+0000] {processor.py:830} INFO - Processing file /home/airflow/dags/feature_engineering_dag.py for tasks to queue
[2026-04-27T00:57:56.456+0000] {logging_mixin.py:188} INFO - [2026-04-27T00:57:56.455+0000] {dagbag.py:538} INFO - Filling up the DagBag from /home/airflow/dags/feature_engineering_dag.py
[2026-04-27T00:57:57.167+0000] {processor.py:840} INFO - DAG(s) 'feature_engineering_pipeline' retrieved from /home/airflow/dags/feature_engineering_dag.py
[2026-04-27T00:57:57.186+0000] {logging_mixin.py:188} INFO - [2026-04-27T00:57:57.185+0000] {dag.py:3036} INFO - Sync 1 DAGs
[2026-04-27T00:57:57.203+0000] {logging_mixin.py:188} INFO - [2026-04-27T00:57:57.203+0000] {dag.py:3823} INFO - Setting next_dagrun for feature_engineering_pipeline to 2026-04-26 00:00:00+00:00, run_after=2026-05-03 00:00:00+00:00
[2026-04-27T00:57:57.225+0000] {processor.py:183} INFO - Processing /home/airflow/dags/feature_engineering_dag.py took 0.775 seconds
[2026-04-27T00:58:27.813+0000] {processor.py:161} INFO - Started process (PID=3163) to work on /home/airflow/dags/feature_engineering_dag.py
[2026-04-27T00:58:27.814+0000] {processor.py:830} INFO - Processing file /home/airflow/dags/feature_engineering_dag.py for tasks to queue
[2026-04-27T00:58:27.815+0000] {logging_mixin.py:188} INFO - [2026-04-27T00:58:27.815+0000] {dagbag.py:538} INFO - Filling up the DagBag from /home/airflow/dags/feature_engineering_dag.py
[2026-04-27T00:58:28.652+0000] {processor.py:840} INFO - DAG(s) 'feature_engineering_pipeline' retrieved from /home/airflow/dags/feature_engineering_dag.py
[2026-04-27T00:58:28.672+0000] {logging_mixin.py:188} INFO - [2026-04-27T00:58:28.672+0000] {dag.py:3036} INFO - Sync 1 DAGs
[2026-04-27T00:58:28.688+0000] {logging_mixin.py:188} INFO - [2026-04-27T00:58:28.688+0000] {dag.py:3823} INFO - Setting next_dagrun for feature_engineering_pipeline to 2026-04-26 00:00:00+00:00, run_after=2026-05-03 00:00:00+00:00
[2026-04-27T00:58:28.712+0000] {processor.py:183} INFO - Processing /home/airflow/dags/feature_engineering_dag.py took 0.903 seconds
[2026-04-27T00:58:58.895+0000] {processor.py:161} INFO - Started process (PID=3208) to work on /home/airflow/dags/feature_engineering_dag.py
[2026-04-27T00:58:58.897+0000] {processor.py:830} INFO - Processing file /home/airflow/dags/feature_engineering_dag.py for tasks to queue
[2026-04-27T00:58:58.898+0000] {logging_mixin.py:188} INFO - [2026-04-27T00:58:58.898+0000] {dagbag.py:538} INFO - Filling up the DagBag from /home/airflow/dags/feature_engineering_dag.py
[2026-04-27T00:58:59.656+0000] {processor.py:840} INFO - DAG(s) 'feature_engineering_pipeline' retrieved from /home/airflow/dags/feature_engineering_dag.py
[2026-04-27T00:58:59.676+0000] {logging_mixin.py:188} INFO - [2026-04-27T00:58:59.675+0000] {dag.py:3036} INFO - Sync 1 DAGs
[2026-04-27T00:58:59.690+0000] {logging_mixin.py:188} INFO - [2026-04-27T00:58:59.690+0000] {dag.py:3823} INFO - Setting next_dagrun for feature_engineering_pipeline to 2026-04-26 00:00:00+00:00, run_after=2026-05-03 00:00:00+00:00
[2026-04-27T00:58:59.713+0000] {processor.py:183} INFO - Processing /home/airflow/dags/feature_engineering_dag.py took 0.822 seconds
[2026-04-27T00:59:29.853+0000] {processor.py:161} INFO - Started process (PID=3253) to work on /home/airflow/dags/feature_engineering_dag.py
[2026-04-27T00:59:29.855+0000] {processor.py:830} INFO - Processing file /home/airflow/dags/feature_engineering_dag.py for tasks to queue
[2026-04-27T00:59:29.856+0000] {logging_mixin.py:188} INFO - [2026-04-27T00:59:29.855+0000] {dagbag.py:538} INFO - Filling up the DagBag from /home/airflow/dags/feature_engineering_dag.py
[2026-04-27T00:59:30.661+0000] {processor.py:840} INFO - DAG(s) 'feature_engineering_pipeline' retrieved from /home/airflow/dags/feature_engineering_dag.py
[2026-04-27T00:59:30.682+0000] {logging_mixin.py:188} INFO - [2026-04-27T00:59:30.681+0000] {dag.py:3036} INFO - Sync 1 DAGs
[2026-04-27T00:59:30.702+0000] {logging_mixin.py:188} INFO - [2026-04-27T00:59:30.702+0000] {dag.py:3823} INFO - Setting next_dagrun for feature_engineering_pipeline to 2026-04-26 00:00:00+00:00, run_after=2026-05-03 00:00:00+00:00
[2026-04-27T00:59:30.728+0000] {processor.py:183} INFO - Processing /home/airflow/dags/feature_engineering_dag.py took 0.878 seconds
[2026-04-27T01:00:01.267+0000] {processor.py:161} INFO - Started process (PID=3298) to work on /home/airflow/dags/feature_engineering_dag.py
[2026-04-27T01:00:01.268+0000] {processor.py:830} INFO - Processing file /home/airflow/dags/feature_engineering_dag.py for tasks to queue
[2026-04-27T01:00:01.269+0000] {logging_mixin.py:188} INFO - [2026-04-27T01:00:01.269+0000] {dagbag.py:538} INFO - Filling up the DagBag from /home/airflow/dags/feature_engineering_dag.py
[2026-04-27T01:00:01.971+0000] {processor.py:840} INFO - DAG(s) 'feature_engineering_pipeline' retrieved from /home/airflow/dags/feature_engineering_dag.py
[2026-04-27T01:00:01.990+0000] {logging_mixin.py:188} INFO - [2026-04-27T01:00:01.989+0000] {dag.py:3036} INFO - Sync 1 DAGs
[2026-04-27T01:00:02.007+0000] {logging_mixin.py:188} INFO - [2026-04-27T01:00:02.006+0000] {dag.py:3823} INFO - Setting next_dagrun for feature_engineering_pipeline to 2026-04-26 00:00:00+00:00, run_after=2026-05-03 00:00:00+00:00
[2026-04-27T01:00:02.028+0000] {processor.py:183} INFO - Processing /home/airflow/dags/feature_engineering_dag.py took 0.764 seconds
[2026-04-27T01:00:32.216+0000] {processor.py:161} INFO - Started process (PID=3343) to work on /home/airflow/dags/feature_engineering_dag.py
[2026-04-27T01:00:32.217+0000] {processor.py:830} INFO - Processing file /home/airflow/dags/feature_engineering_dag.py for tasks to queue
[2026-04-27T01:00:32.219+0000] {logging_mixin.py:188} INFO - [2026-04-27T01:00:32.218+0000] {dagbag.py:538} INFO - Filling up the DagBag from /home/airflow/dags/feature_engineering_dag.py
[2026-04-27T01:00:33.150+0000] {processor.py:840} INFO - DAG(s) 'feature_engineering_pipeline' retrieved from /home/airflow/dags/feature_engineering_dag.py
[2026-04-27T01:00:33.173+0000] {logging_mixin.py:188} INFO - [2026-04-27T01:00:33.173+0000] {dag.py:3036} INFO - Sync 1 DAGs
[2026-04-27T01:00:33.195+0000] {logging_mixin.py:188} INFO - [2026-04-27T01:00:33.195+0000] {dag.py:3823} INFO - Setting next_dagrun for feature_engineering_pipeline to 2026-04-26 00:00:00+00:00, run_after=2026-05-03 00:00:00+00:00
[2026-04-27T01:00:33.218+0000] {processor.py:183} INFO - Processing /home/airflow/dags/feature_engineering_dag.py took 1.008 seconds
[2026-04-27T01:01:03.605+0000] {processor.py:161} INFO - Started process (PID=3388) to work on /home/airflow/dags/feature_engineering_dag.py
[2026-04-27T01:01:03.606+0000] {processor.py:830} INFO - Processing file /home/airflow/dags/feature_engineering_dag.py for tasks to queue
[2026-04-27T01:01:03.607+0000] {logging_mixin.py:188} INFO - [2026-04-27T01:01:03.607+0000] {dagbag.py:538} INFO - Filling up the DagBag from /home/airflow/dags/feature_engineering_dag.py
[2026-04-27T01:01:04.304+0000] {processor.py:840} INFO - DAG(s) 'feature_engineering_pipeline' retrieved from /home/airflow/dags/feature_engineering_dag.py
[2026-04-27T01:01:04.325+0000] {logging_mixin.py:188} INFO - [2026-04-27T01:01:04.324+0000] {dag.py:3036} INFO - Sync 1 DAGs
[2026-04-27T01:01:04.340+0000] {logging_mixin.py:188} INFO - [2026-04-27T01:01:04.340+0000] {dag.py:3823} INFO - Setting next_dagrun for feature_engineering_pipeline to 2026-04-26 00:00:00+00:00, run_after=2026-05-03 00:00:00+00:00
[2026-04-27T01:01:04.361+0000] {processor.py:183} INFO - Processing /home/airflow/dags/feature_engineering_dag.py took 0.759 seconds
[2026-04-27T01:01:34.853+0000] {processor.py:161} INFO - Started process (PID=3433) to work on /home/airflow/dags/feature_engineering_dag.py
[2026-04-27T01:01:34.854+0000] {processor.py:830} INFO - Processing file /home/airflow/dags/feature_engineering_dag.py for tasks to queue
[2026-04-27T01:01:34.855+0000] {logging_mixin.py:188} INFO - [2026-04-27T01:01:34.855+0000] {dagbag.py:538} INFO - Filling up the DagBag from /home/airflow/dags/feature_engineering_dag.py
[2026-04-27T01:01:35.728+0000] {processor.py:840} INFO - DAG(s) 'feature_engineering_pipeline' retrieved from /home/airflow/dags/feature_engineering_dag.py
[2026-04-27T01:01:35.864+0000] {logging_mixin.py:188} INFO - [2026-04-27T01:01:35.864+0000] {dag.py:3036} INFO - Sync 1 DAGs
[2026-04-27T01:01:35.882+0000] {logging_mixin.py:188} INFO - [2026-04-27T01:01:35.882+0000] {dag.py:3823} INFO - Setting next_dagrun for feature_engineering_pipeline to 2026-04-26 00:00:00+00:00, run_after=2026-05-03 00:00:00+00:00
[2026-04-27T01:01:35.906+0000] {processor.py:183} INFO - Processing /home/airflow/dags/feature_engineering_dag.py took 1.056 seconds
[2026-04-27T01:02:06.338+0000] {processor.py:161} INFO - Started process (PID=3478) to work on /home/airflow/dags/feature_engineering_dag.py
[2026-04-27T01:02:06.339+0000] {processor.py:830} INFO - Processing file /home/airflow/dags/feature_engineering_dag.py for tasks to queue
[2026-04-27T01:02:06.340+0000] {logging_mixin.py:188} INFO - [2026-04-27T01:02:06.340+0000] {dagbag.py:538} INFO - Filling up the DagBag from /home/airflow/dags/feature_engineering_dag.py
[2026-04-27T01:02:07.029+0000] {processor.py:840} INFO - DAG(s) 'feature_engineering_pipeline' retrieved from /home/airflow/dags/feature_engineering_dag.py
[2026-04-27T01:02:07.050+0000] {logging_mixin.py:188} INFO - [2026-04-27T01:02:07.050+0000] {dag.py:3036} INFO - Sync 1 DAGs
[2026-04-27T01:02:07.066+0000] {logging_mixin.py:188} INFO - [2026-04-27T01:02:07.066+0000] {dag.py:3823} INFO - Setting next_dagrun for feature_engineering_pipeline to 2026-04-26 00:00:00+00:00, run_after=2026-05-03 00:00:00+00:00
[2026-04-27T01:02:07.088+0000] {processor.py:183} INFO - Processing /home/airflow/dags/feature_engineering_dag.py took 0.752 seconds
[2026-04-27T01:02:37.497+0000] {processor.py:161} INFO - Started process (PID=3523) to work on /home/airflow/dags/feature_engineering_dag.py
[2026-04-27T01:02:37.498+0000] {processor.py:830} INFO - Processing file /home/airflow/dags/feature_engineering_dag.py for tasks to queue
[2026-04-27T01:02:37.499+0000] {logging_mixin.py:188} INFO - [2026-04-27T01:02:37.499+0000] {dagbag.py:538} INFO - Filling up the DagBag from /home/airflow/dags/feature_engineering_dag.py
[2026-04-27T01:02:38.283+0000] {processor.py:840} INFO - DAG(s) 'feature_engineering_pipeline' retrieved from /home/airflow/dags/feature_engineering_dag.py
[2026-04-27T01:02:38.304+0000] {logging_mixin.py:188} INFO - [2026-04-27T01:02:38.303+0000] {dag.py:3036} INFO - Sync 1 DAGs
[2026-04-27T01:02:38.320+0000] {logging_mixin.py:188} INFO - [2026-04-27T01:02:38.320+0000] {dag.py:3823} INFO - Setting next_dagrun for feature_engineering_pipeline to 2026-04-26 00:00:00+00:00, run_after=2026-05-03 00:00:00+00:00
[2026-04-27T01:02:38.343+0000] {processor.py:183} INFO - Processing /home/airflow/dags/feature_engineering_dag.py took 0.850 seconds
[2026-04-27T01:03:09.109+0000] {processor.py:161} INFO - Started process (PID=3568) to work on /home/airflow/dags/feature_engineering_dag.py
[2026-04-27T01:03:09.111+0000] {processor.py:830} INFO - Processing file /home/airflow/dags/feature_engineering_dag.py for tasks to queue
[2026-04-27T01:03:09.113+0000] {logging_mixin.py:188} INFO - [2026-04-27T01:03:09.113+0000] {dagbag.py:538} INFO - Filling up the DagBag from /home/airflow/dags/feature_engineering_dag.py
[2026-04-27T01:03:10.019+0000] {processor.py:840} INFO - DAG(s) 'feature_engineering_pipeline' retrieved from /home/airflow/dags/feature_engineering_dag.py
[2026-04-27T01:03:10.038+0000] {logging_mixin.py:188} INFO - [2026-04-27T01:03:10.038+0000] {dag.py:3036} INFO - Sync 1 DAGs
[2026-04-27T01:03:10.054+0000] {logging_mixin.py:188} INFO - [2026-04-27T01:03:10.053+0000] {dag.py:3823} INFO - Setting next_dagrun for feature_engineering_pipeline to 2026-04-26 00:00:00+00:00, run_after=2026-05-03 00:00:00+00:00
[2026-04-27T01:03:10.075+0000] {processor.py:183} INFO - Processing /home/airflow/dags/feature_engineering_dag.py took 0.971 seconds
[2026-04-27T01:03:40.557+0000] {processor.py:161} INFO - Started process (PID=3613) to work on /home/airflow/dags/feature_engineering_dag.py
[2026-04-27T01:03:40.558+0000] {processor.py:830} INFO - Processing file /home/airflow/dags/feature_engineering_dag.py for tasks to queue
[2026-04-27T01:03:40.559+0000] {logging_mixin.py:188} INFO - [2026-04-27T01:03:40.559+0000] {dagbag.py:538} INFO - Filling up the DagBag from /home/airflow/dags/feature_engineering_dag.py
[2026-04-27T01:03:41.353+0000] {processor.py:840} INFO - DAG(s) 'feature_engineering_pipeline' retrieved from /home/airflow/dags/feature_engineering_dag.py
[2026-04-27T01:03:41.374+0000] {logging_mixin.py:188} INFO - [2026-04-27T01:03:41.373+0000] {dag.py:3036} INFO - Sync 1 DAGs
[2026-04-27T01:03:41.390+0000] {logging_mixin.py:188} INFO - [2026-04-27T01:03:41.390+0000] {dag.py:3823} INFO - Setting next_dagrun for feature_engineering_pipeline to 2026-04-26 00:00:00+00:00, run_after=2026-05-03 00:00:00+00:00
[2026-04-27T01:03:41.410+0000] {processor.py:183} INFO - Processing /home/airflow/dags/feature_engineering_dag.py took 0.857 seconds
[2026-04-27T01:04:11.508+0000] {processor.py:161} INFO - Started process (PID=3658) to work on /home/airflow/dags/feature_engineering_dag.py
[2026-04-27T01:04:11.510+0000] {processor.py:830} INFO - Processing file /home/airflow/dags/feature_engineering_dag.py for tasks to queue
[2026-04-27T01:04:11.511+0000] {logging_mixin.py:188} INFO - [2026-04-27T01:04:11.510+0000] {dagbag.py:538} INFO - Filling up the DagBag from /home/airflow/dags/feature_engineering_dag.py
[2026-04-27T01:04:12.394+0000] {processor.py:840} INFO - DAG(s) 'feature_engineering_pipeline' retrieved from /home/airflow/dags/feature_engineering_dag.py
[2026-04-27T01:04:12.420+0000] {logging_mixin.py:188} INFO - [2026-04-27T01:04:12.419+0000] {dag.py:3036} INFO - Sync 1 DAGs
[2026-04-27T01:04:12.441+0000] {logging_mixin.py:188} INFO - [2026-04-27T01:04:12.441+0000] {dag.py:3823} INFO - Setting next_dagrun for feature_engineering_pipeline to 2026-04-26 00:00:00+00:00, run_after=2026-05-03 00:00:00+00:00
[2026-04-27T01:04:12.468+0000] {processor.py:183} INFO - Processing /home/airflow/dags/feature_engineering_dag.py took 0.964 seconds
[2026-04-27T01:04:42.632+0000] {processor.py:161} INFO - Started process (PID=3703) to work on /home/airflow/dags/feature_engineering_dag.py
[2026-04-27T01:04:42.633+0000] {processor.py:830} INFO - Processing file /home/airflow/dags/feature_engineering_dag.py for tasks to queue
[2026-04-27T01:04:42.634+0000] {logging_mixin.py:188} INFO - [2026-04-27T01:04:42.634+0000] {dagbag.py:538} INFO - Filling up the DagBag from /home/airflow/dags/feature_engineering_dag.py
[2026-04-27T01:04:43.474+0000] {processor.py:840} INFO - DAG(s) 'feature_engineering_pipeline' retrieved from /home/airflow/dags/feature_engineering_dag.py
[2026-04-27T01:04:43.494+0000] {logging_mixin.py:188} INFO - [2026-04-27T01:04:43.493+0000] {dag.py:3036} INFO - Sync 1 DAGs
[2026-04-27T01:04:43.512+0000] {logging_mixin.py:188} INFO - [2026-04-27T01:04:43.512+0000] {dag.py:3823} INFO - Setting next_dagrun for feature_engineering_pipeline to 2026-04-26 00:00:00+00:00, run_after=2026-05-03 00:00:00+00:00
[2026-04-27T01:04:43.538+0000] {processor.py:183} INFO - Processing /home/airflow/dags/feature_engineering_dag.py took 0.909 seconds
[2026-04-27T01:05:13.805+0000] {processor.py:161} INFO - Started process (PID=3748) to work on /home/airflow/dags/feature_engineering_dag.py
[2026-04-27T01:05:13.807+0000] {processor.py:830} INFO - Processing file /home/airflow/dags/feature_engineering_dag.py for tasks to queue
[2026-04-27T01:05:13.808+0000] {logging_mixin.py:188} INFO - [2026-04-27T01:05:13.807+0000] {dagbag.py:538} INFO - Filling up the DagBag from /home/airflow/dags/feature_engineering_dag.py
[2026-04-27T01:05:14.638+0000] {processor.py:840} INFO - DAG(s) 'feature_engineering_pipeline' retrieved from /home/airflow/dags/feature_engineering_dag.py
[2026-04-27T01:05:14.661+0000] {logging_mixin.py:188} INFO - [2026-04-27T01:05:14.661+0000] {dag.py:3036} INFO - Sync 1 DAGs
[2026-04-27T01:05:14.677+0000] {logging_mixin.py:188} INFO - [2026-04-27T01:05:14.676+0000] {dag.py:3823} INFO - Setting next_dagrun for feature_engineering_pipeline to 2026-04-26 00:00:00+00:00, run_after=2026-05-03 00:00:00+00:00
[2026-04-27T01:05:14.731+0000] {processor.py:183} INFO - Processing /home/airflow/dags/feature_engineering_dag.py took 0.929 seconds
[2026-04-27T01:05:45.029+0000] {processor.py:161} INFO - Started process (PID=3793) to work on /home/airflow/dags/feature_engineering_dag.py
[2026-04-27T01:05:45.031+0000] {processor.py:830} INFO - Processing file /home/airflow/dags/feature_engineering_dag.py for tasks to queue
[2026-04-27T01:05:45.032+0000] {logging_mixin.py:188} INFO - [2026-04-27T01:05:45.031+0000] {dagbag.py:538} INFO - Filling up the DagBag from /home/airflow/dags/feature_engineering_dag.py
[2026-04-27T01:05:45.888+0000] {processor.py:840} INFO - DAG(s) 'feature_engineering_pipeline' retrieved from /home/airflow/dags/feature_engineering_dag.py
[2026-04-27T01:05:45.910+0000] {logging_mixin.py:188} INFO - [2026-04-27T01:05:45.910+0000] {dag.py:3036} INFO - Sync 1 DAGs
[2026-04-27T01:05:45.927+0000] {logging_mixin.py:188} INFO - [2026-04-27T01:05:45.927+0000] {dag.py:3823} INFO - Setting next_dagrun for feature_engineering_pipeline to 2026-04-26 00:00:00+00:00, run_after=2026-05-03 00:00:00+00:00
[2026-04-27T01:05:45.951+0000] {processor.py:183} INFO - Processing /home/airflow/dags/feature_engineering_dag.py took 0.925 seconds
[2026-04-27T01:06:16.343+0000] {processor.py:161} INFO - Started process (PID=3838) to work on /home/airflow/dags/feature_engineering_dag.py
[2026-04-27T01:06:16.345+0000] {processor.py:830} INFO - Processing file /home/airflow/dags/feature_engineering_dag.py for tasks to queue
[2026-04-27T01:06:16.346+0000] {logging_mixin.py:188} INFO - [2026-04-27T01:06:16.345+0000] {dagbag.py:538} INFO - Filling up the DagBag from /home/airflow/dags/feature_engineering_dag.py
[2026-04-27T01:06:17.063+0000] {processor.py:840} INFO - DAG(s) 'feature_engineering_pipeline' retrieved from /home/airflow/dags/feature_engineering_dag.py
[2026-04-27T01:06:17.085+0000] {logging_mixin.py:188} INFO - [2026-04-27T01:06:17.084+0000] {dag.py:3036} INFO - Sync 1 DAGs
[2026-04-27T01:06:17.102+0000] {logging_mixin.py:188} INFO - [2026-04-27T01:06:17.102+0000] {dag.py:3823} INFO - Setting next_dagrun for feature_engineering_pipeline to 2026-04-26 00:00:00+00:00, run_after=2026-05-03 00:00:00+00:00
[2026-04-27T01:06:17.124+0000] {processor.py:183} INFO - Processing /home/airflow/dags/feature_engineering_dag.py took 0.784 seconds
[2026-04-27T01:06:47.301+0000] {processor.py:161} INFO - Started process (PID=3883) to work on /home/airflow/dags/feature_engineering_dag.py
[2026-04-27T01:06:47.302+0000] {processor.py:830} INFO - Processing file /home/airflow/dags/feature_engineering_dag.py for tasks to queue
[2026-04-27T01:06:47.303+0000] {logging_mixin.py:188} INFO - [2026-04-27T01:06:47.303+0000] {dagbag.py:538} INFO - Filling up the DagBag from /home/airflow/dags/feature_engineering_dag.py
[2026-04-27T01:06:48.040+0000] {processor.py:840} INFO - DAG(s) 'feature_engineering_pipeline' retrieved from /home/airflow/dags/feature_engineering_dag.py
[2026-04-27T01:06:48.059+0000] {logging_mixin.py:188} INFO - [2026-04-27T01:06:48.058+0000] {dag.py:3036} INFO - Sync 1 DAGs
[2026-04-27T01:06:48.074+0000] {logging_mixin.py:188} INFO - [2026-04-27T01:06:48.074+0000] {dag.py:3823} INFO - Setting next_dagrun for feature_engineering_pipeline to 2026-04-26 00:00:00+00:00, run_after=2026-05-03 00:00:00+00:00
[2026-04-27T01:06:48.097+0000] {processor.py:183} INFO - Processing /home/airflow/dags/feature_engineering_dag.py took 0.800 seconds
[2026-04-27T01:07:18.382+0000] {processor.py:161} INFO - Started process (PID=3928) to work on /home/airflow/dags/feature_engineering_dag.py
[2026-04-27T01:07:18.383+0000] {processor.py:830} INFO - Processing file /home/airflow/dags/feature_engineering_dag.py for tasks to queue
[2026-04-27T01:07:18.384+0000] {logging_mixin.py:188} INFO - [2026-04-27T01:07:18.384+0000] {dagbag.py:538} INFO - Filling up the DagBag from /home/airflow/dags/feature_engineering_dag.py
[2026-04-27T01:07:19.108+0000] {processor.py:840} INFO - DAG(s) 'feature_engineering_pipeline' retrieved from /home/airflow/dags/feature_engineering_dag.py
[2026-04-27T01:07:19.128+0000] {logging_mixin.py:188} INFO - [2026-04-27T01:07:19.128+0000] {dag.py:3036} INFO - Sync 1 DAGs
[2026-04-27T01:07:19.143+0000] {logging_mixin.py:188} INFO - [2026-04-27T01:07:19.143+0000] {dag.py:3823} INFO - Setting next_dagrun for feature_engineering_pipeline to 2026-04-26 00:00:00+00:00, run_after=2026-05-03 00:00:00+00:00
[2026-04-27T01:07:19.164+0000] {processor.py:183} INFO - Processing /home/airflow/dags/feature_engineering_dag.py took 0.786 seconds
[2026-04-27T01:07:49.864+0000] {processor.py:161} INFO - Started process (PID=3973) to work on /home/airflow/dags/feature_engineering_dag.py
[2026-04-27T01:07:49.866+0000] {processor.py:830} INFO - Processing file /home/airflow/dags/feature_engineering_dag.py for tasks to queue
[2026-04-27T01:07:49.868+0000] {logging_mixin.py:188} INFO - [2026-04-27T01:07:49.867+0000] {dagbag.py:538} INFO - Filling up the DagBag from /home/airflow/dags/feature_engineering_dag.py
[2026-04-27T01:07:50.785+0000] {processor.py:840} INFO - DAG(s) 'feature_engineering_pipeline' retrieved from /home/airflow/dags/feature_engineering_dag.py
[2026-04-27T01:07:50.804+0000] {logging_mixin.py:188} INFO - [2026-04-27T01:07:50.804+0000] {dag.py:3036} INFO - Sync 1 DAGs
[2026-04-27T01:07:50.820+0000] {logging_mixin.py:188} INFO - [2026-04-27T01:07:50.820+0000] {dag.py:3823} INFO - Setting next_dagrun for feature_engineering_pipeline to 2026-04-26 00:00:00+00:00, run_after=2026-05-03 00:00:00+00:00
[2026-04-27T01:07:50.841+0000] {processor.py:183} INFO - Processing /home/airflow/dags/feature_engineering_dag.py took 0.982 seconds
[2026-04-27T01:08:21.206+0000] {processor.py:161} INFO - Started process (PID=4018) to work on /home/airflow/dags/feature_engineering_dag.py
[2026-04-27T01:08:21.208+0000] {processor.py:830} INFO - Processing file /home/airflow/dags/feature_engineering_dag.py for tasks to queue
[2026-04-27T01:08:21.209+0000] {logging_mixin.py:188} INFO - [2026-04-27T01:08:21.208+0000] {dagbag.py:538} INFO - Filling up the DagBag from /home/airflow/dags/feature_engineering_dag.py
[2026-04-27T01:08:21.961+0000] {processor.py:840} INFO - DAG(s) 'feature_engineering_pipeline' retrieved from /home/airflow/dags/feature_engineering_dag.py
[2026-04-27T01:08:21.980+0000] {logging_mixin.py:188} INFO - [2026-04-27T01:08:21.979+0000] {dag.py:3036} INFO - Sync 1 DAGs
[2026-04-27T01:08:21.995+0000] {logging_mixin.py:188} INFO - [2026-04-27T01:08:21.994+0000] {dag.py:3823} INFO - Setting next_dagrun for feature_engineering_pipeline to 2026-04-26 00:00:00+00:00, run_after=2026-05-03 00:00:00+00:00
[2026-04-27T01:08:22.015+0000] {processor.py:183} INFO - Processing /home/airflow/dags/feature_engineering_dag.py took 0.813 seconds
[2026-04-27T01:08:52.392+0000] {processor.py:161} INFO - Started process (PID=4063) to work on /home/airflow/dags/feature_engineering_dag.py
[2026-04-27T01:08:52.393+0000] {processor.py:830} INFO - Processing file /home/airflow/dags/feature_engineering_dag.py for tasks to queue
[2026-04-27T01:08:52.394+0000] {logging_mixin.py:188} INFO - [2026-04-27T01:08:52.394+0000] {dagbag.py:538} INFO - Filling up the DagBag from /home/airflow/dags/feature_engineering_dag.py
[2026-04-27T01:08:53.159+0000] {processor.py:840} INFO - DAG(s) 'feature_engineering_pipeline' retrieved from /home/airflow/dags/feature_engineering_dag.py
[2026-04-27T01:08:53.183+0000] {logging_mixin.py:188} INFO - [2026-04-27T01:08:53.183+0000] {dag.py:3036} INFO - Sync 1 DAGs
[2026-04-27T01:08:53.200+0000] {logging_mixin.py:188} INFO - [2026-04-27T01:08:53.200+0000] {dag.py:3823} INFO - Setting next_dagrun for feature_engineering_pipeline to 2026-04-26 00:00:00+00:00, run_after=2026-05-03 00:00:00+00:00
[2026-04-27T01:08:53.225+0000] {processor.py:183} INFO - Processing /home/airflow/dags/feature_engineering_dag.py took 0.836 seconds
[2026-04-27T01:09:23.424+0000] {processor.py:161} INFO - Started process (PID=4108) to work on /home/airflow/dags/feature_engineering_dag.py
[2026-04-27T01:09:23.425+0000] {processor.py:830} INFO - Processing file /home/airflow/dags/feature_engineering_dag.py for tasks to queue
[2026-04-27T01:09:23.428+0000] {logging_mixin.py:188} INFO - [2026-04-27T01:09:23.427+0000] {dagbag.py:538} INFO - Filling up the DagBag from /home/airflow/dags/feature_engineering_dag.py
[2026-04-27T01:09:24.339+0000] {processor.py:840} INFO - DAG(s) 'feature_engineering_pipeline' retrieved from /home/airflow/dags/feature_engineering_dag.py
[2026-04-27T01:09:24.361+0000] {logging_mixin.py:188} INFO - [2026-04-27T01:09:24.360+0000] {dag.py:3036} INFO - Sync 1 DAGs
[2026-04-27T01:09:24.377+0000] {logging_mixin.py:188} INFO - [2026-04-27T01:09:24.377+0000] {dag.py:3823} INFO - Setting next_dagrun for feature_engineering_pipeline to 2026-04-26 00:00:00+00:00, run_after=2026-05-03 00:00:00+00:00
[2026-04-27T01:09:24.401+0000] {processor.py:183} INFO - Processing /home/airflow/dags/feature_engineering_dag.py took 0.982 seconds
[2026-04-27T01:09:54.719+0000] {processor.py:161} INFO - Started process (PID=4153) to work on /home/airflow/dags/feature_engineering_dag.py
[2026-04-27T01:09:54.721+0000] {processor.py:830} INFO - Processing file /home/airflow/dags/feature_engineering_dag.py for tasks to queue
[2026-04-27T01:09:54.722+0000] {logging_mixin.py:188} INFO - [2026-04-27T01:09:54.722+0000] {dagbag.py:538} INFO - Filling up the DagBag from /home/airflow/dags/feature_engineering_dag.py
[2026-04-27T01:09:55.565+0000] {processor.py:840} INFO - DAG(s) 'feature_engineering_pipeline' retrieved from /home/airflow/dags/feature_engineering_dag.py
[2026-04-27T01:09:55.586+0000] {logging_mixin.py:188} INFO - [2026-04-27T01:09:55.586+0000] {dag.py:3036} INFO - Sync 1 DAGs
[2026-04-27T01:09:55.608+0000] {logging_mixin.py:188} INFO - [2026-04-27T01:09:55.608+0000] {dag.py:3823} INFO - Setting next_dagrun for feature_engineering_pipeline to 2026-04-26 00:00:00+00:00, run_after=2026-05-03 00:00:00+00:00
[2026-04-27T01:09:55.632+0000] {processor.py:183} INFO - Processing /home/airflow/dags/feature_engineering_dag.py took 0.917 seconds
[2026-04-27T01:10:26.163+0000] {processor.py:161} INFO - Started process (PID=4198) to work on /home/airflow/dags/feature_engineering_dag.py
[2026-04-27T01:10:26.164+0000] {processor.py:830} INFO - Processing file /home/airflow/dags/feature_engineering_dag.py for tasks to queue
[2026-04-27T01:10:26.166+0000] {logging_mixin.py:188} INFO - [2026-04-27T01:10:26.166+0000] {dagbag.py:538} INFO - Filling up the DagBag from /home/airflow/dags/feature_engineering_dag.py
[2026-04-27T01:10:27.013+0000] {processor.py:840} INFO - DAG(s) 'feature_engineering_pipeline' retrieved from /home/airflow/dags/feature_engineering_dag.py
[2026-04-27T01:10:27.034+0000] {logging_mixin.py:188} INFO - [2026-04-27T01:10:27.034+0000] {dag.py:3036} INFO - Sync 1 DAGs
[2026-04-27T01:10:27.050+0000] {logging_mixin.py:188} INFO - [2026-04-27T01:10:27.050+0000] {dag.py:3823} INFO - Setting next_dagrun for feature_engineering_pipeline to 2026-04-26 00:00:00+00:00, run_after=2026-05-03 00:00:00+00:00
[2026-04-27T01:10:27.072+0000] {processor.py:183} INFO - Processing /home/airflow/dags/feature_engineering_dag.py took 0.914 seconds
[2026-04-27T01:10:57.598+0000] {processor.py:161} INFO - Started process (PID=4243) to work on /home/airflow/dags/feature_engineering_dag.py
[2026-04-27T01:10:57.599+0000] {processor.py:830} INFO - Processing file /home/airflow/dags/feature_engineering_dag.py for tasks to queue
[2026-04-27T01:10:57.600+0000] {logging_mixin.py:188} INFO - [2026-04-27T01:10:57.600+0000] {dagbag.py:538} INFO - Filling up the DagBag from /home/airflow/dags/feature_engineering_dag.py
[2026-04-27T01:10:58.465+0000] {processor.py:840} INFO - DAG(s) 'feature_engineering_pipeline' retrieved from /home/airflow/dags/feature_engineering_dag.py
[2026-04-27T01:10:58.488+0000] {logging_mixin.py:188} INFO - [2026-04-27T01:10:58.488+0000] {dag.py:3036} INFO - Sync 1 DAGs
[2026-04-27T01:10:58.506+0000] {logging_mixin.py:188} INFO - [2026-04-27T01:10:58.505+0000] {dag.py:3823} INFO - Setting next_dagrun for feature_engineering_pipeline to 2026-04-26 00:00:00+00:00, run_after=2026-05-03 00:00:00+00:00
[2026-04-27T01:10:58.531+0000] {processor.py:183} INFO - Processing /home/airflow/dags/feature_engineering_dag.py took 0.937 seconds
[2026-04-27T01:11:29.261+0000] {processor.py:161} INFO - Started process (PID=4288) to work on /home/airflow/dags/feature_engineering_dag.py
[2026-04-27T01:11:29.262+0000] {processor.py:830} INFO - Processing file /home/airflow/dags/feature_engineering_dag.py for tasks to queue
[2026-04-27T01:11:29.264+0000] {logging_mixin.py:188} INFO - [2026-04-27T01:11:29.263+0000] {dagbag.py:538} INFO - Filling up the DagBag from /home/airflow/dags/feature_engineering_dag.py
[2026-04-27T01:11:30.080+0000] {processor.py:840} INFO - DAG(s) 'feature_engineering_pipeline' retrieved from /home/airflow/dags/feature_engineering_dag.py
[2026-04-27T01:11:30.100+0000] {logging_mixin.py:188} INFO - [2026-04-27T01:11:30.099+0000] {dag.py:3036} INFO - Sync 1 DAGs
[2026-04-27T01:11:30.115+0000] {logging_mixin.py:188} INFO - [2026-04-27T01:11:30.115+0000] {dag.py:3823} INFO - Setting next_dagrun for feature_engineering_pipeline to 2026-04-26 00:00:00+00:00, run_after=2026-05-03 00:00:00+00:00
[2026-04-27T01:11:30.137+0000] {processor.py:183} INFO - Processing /home/airflow/dags/feature_engineering_dag.py took 0.880 seconds
[2026-04-27T01:12:00.768+0000] {processor.py:161} INFO - Started process (PID=4333) to work on /home/airflow/dags/feature_engineering_dag.py
[2026-04-27T01:12:00.770+0000] {processor.py:830} INFO - Processing file /home/airflow/dags/feature_engineering_dag.py for tasks to queue
[2026-04-27T01:12:00.771+0000] {logging_mixin.py:188} INFO - [2026-04-27T01:12:00.771+0000] {dagbag.py:538} INFO - Filling up the DagBag from /home/airflow/dags/feature_engineering_dag.py
[2026-04-27T01:12:01.479+0000] {processor.py:840} INFO - DAG(s) 'feature_engineering_pipeline' retrieved from /home/airflow/dags/feature_engineering_dag.py
[2026-04-27T01:12:01.500+0000] {logging_mixin.py:188} INFO - [2026-04-27T01:12:01.499+0000] {dag.py:3036} INFO - Sync 1 DAGs
[2026-04-27T01:12:01.517+0000] {logging_mixin.py:188} INFO - [2026-04-27T01:12:01.517+0000] {dag.py:3823} INFO - Setting next_dagrun for feature_engineering_pipeline to 2026-04-26 00:00:00+00:00, run_after=2026-05-03 00:00:00+00:00
[2026-04-27T01:12:01.542+0000] {processor.py:183} INFO - Processing /home/airflow/dags/feature_engineering_dag.py took 0.780 seconds
[2026-04-27T01:12:31.721+0000] {processor.py:161} INFO - Started process (PID=4378) to work on /home/airflow/dags/feature_engineering_dag.py
[2026-04-27T01:12:31.722+0000] {processor.py:830} INFO - Processing file /home/airflow/dags/feature_engineering_dag.py for tasks to queue
[2026-04-27T01:12:31.723+0000] {logging_mixin.py:188} INFO - [2026-04-27T01:12:31.723+0000] {dagbag.py:538} INFO - Filling up the DagBag from /home/airflow/dags/feature_engineering_dag.py
[2026-04-27T01:12:32.565+0000] {processor.py:840} INFO - DAG(s) 'feature_engineering_pipeline' retrieved from /home/airflow/dags/feature_engineering_dag.py
[2026-04-27T01:12:32.590+0000] {logging_mixin.py:188} INFO - [2026-04-27T01:12:32.589+0000] {dag.py:3036} INFO - Sync 1 DAGs
[2026-04-27T01:12:32.610+0000] {logging_mixin.py:188} INFO - [2026-04-27T01:12:32.609+0000] {dag.py:3823} INFO - Setting next_dagrun for feature_engineering_pipeline to 2026-04-26 00:00:00+00:00, run_after=2026-05-03 00:00:00+00:00
[2026-04-27T01:12:32.634+0000] {processor.py:183} INFO - Processing /home/airflow/dags/feature_engineering_dag.py took 0.918 seconds
[2026-04-27T01:13:03.079+0000] {processor.py:161} INFO - Started process (PID=4423) to work on /home/airflow/dags/feature_engineering_dag.py
[2026-04-27T01:13:03.081+0000] {processor.py:830} INFO - Processing file /home/airflow/dags/feature_engineering_dag.py for tasks to queue
[2026-04-27T01:13:03.082+0000] {logging_mixin.py:188} INFO - [2026-04-27T01:13:03.082+0000] {dagbag.py:538} INFO - Filling up the DagBag from /home/airflow/dags/feature_engineering_dag.py
[2026-04-27T01:13:03.965+0000] {processor.py:840} INFO - DAG(s) 'feature_engineering_pipeline' retrieved from /home/airflow/dags/feature_engineering_dag.py
[2026-04-27T01:13:03.992+0000] {logging_mixin.py:188} INFO - [2026-04-27T01:13:03.991+0000] {dag.py:3036} INFO - Sync 1 DAGs
[2026-04-27T01:13:04.020+0000] {logging_mixin.py:188} INFO - [2026-04-27T01:13:04.020+0000] {dag.py:3823} INFO - Setting next_dagrun for feature_engineering_pipeline to 2026-04-26 00:00:00+00:00, run_after=2026-05-03 00:00:00+00:00
[2026-04-27T01:13:04.046+0000] {processor.py:183} INFO - Processing /home/airflow/dags/feature_engineering_dag.py took 0.971 seconds
[2026-04-27T01:13:34.267+0000] {processor.py:161} INFO - Started process (PID=4468) to work on /home/airflow/dags/feature_engineering_dag.py
[2026-04-27T01:13:34.269+0000] {processor.py:830} INFO - Processing file /home/airflow/dags/feature_engineering_dag.py for tasks to queue
[2026-04-27T01:13:34.271+0000] {logging_mixin.py:188} INFO - [2026-04-27T01:13:34.270+0000] {dagbag.py:538} INFO - Filling up the DagBag from /home/airflow/dags/feature_engineering_dag.py
[2026-04-27T01:13:35.020+0000] {processor.py:840} INFO - DAG(s) 'feature_engineering_pipeline' retrieved from /home/airflow/dags/feature_engineering_dag.py
[2026-04-27T01:13:35.039+0000] {logging_mixin.py:188} INFO - [2026-04-27T01:13:35.039+0000] {dag.py:3036} INFO - Sync 1 DAGs
[2026-04-27T01:13:35.056+0000] {logging_mixin.py:188} INFO - [2026-04-27T01:13:35.056+0000] {dag.py:3823} INFO - Setting next_dagrun for feature_engineering_pipeline to 2026-04-26 00:00:00+00:00, run_after=2026-05-03 00:00:00+00:00
[2026-04-27T01:13:35.077+0000] {processor.py:183} INFO - Processing /home/airflow/dags/feature_engineering_dag.py took 0.815 seconds
[2026-04-27T01:14:05.583+0000] {processor.py:161} INFO - Started process (PID=4513) to work on /home/airflow/dags/feature_engineering_dag.py
[2026-04-27T01:14:05.585+0000] {processor.py:830} INFO - Processing file /home/airflow/dags/feature_engineering_dag.py for tasks to queue
[2026-04-27T01:14:05.587+0000] {logging_mixin.py:188} INFO - [2026-04-27T01:14:05.586+0000] {dagbag.py:538} INFO - Filling up the DagBag from /home/airflow/dags/feature_engineering_dag.py
[2026-04-27T01:14:06.563+0000] {processor.py:840} INFO - DAG(s) 'feature_engineering_pipeline' retrieved from /home/airflow/dags/feature_engineering_dag.py
[2026-04-27T01:14:06.584+0000] {logging_mixin.py:188} INFO - [2026-04-27T01:14:06.584+0000] {dag.py:3036} INFO - Sync 1 DAGs
[2026-04-27T01:14:06.603+0000] {logging_mixin.py:188} INFO - [2026-04-27T01:14:06.603+0000] {dag.py:3823} INFO - Setting next_dagrun for feature_engineering_pipeline to 2026-04-26 00:00:00+00:00, run_after=2026-05-03 00:00:00+00:00
[2026-04-27T01:14:06.624+0000] {processor.py:183} INFO - Processing /home/airflow/dags/feature_engineering_dag.py took 1.046 seconds
[2026-04-27T01:14:36.944+0000] {processor.py:161} INFO - Started process (PID=4558) to work on /home/airflow/dags/feature_engineering_dag.py
[2026-04-27T01:14:36.946+0000] {processor.py:830} INFO - Processing file /home/airflow/dags/feature_engineering_dag.py for tasks to queue
[2026-04-27T01:14:36.947+0000] {logging_mixin.py:188} INFO - [2026-04-27T01:14:36.947+0000] {dagbag.py:538} INFO - Filling up the DagBag from /home/airflow/dags/feature_engineering_dag.py
[2026-04-27T01:14:37.718+0000] {processor.py:840} INFO - DAG(s) 'feature_engineering_pipeline' retrieved from /home/airflow/dags/feature_engineering_dag.py
[2026-04-27T01:14:37.738+0000] {logging_mixin.py:188} INFO - [2026-04-27T01:14:37.738+0000] {dag.py:3036} INFO - Sync 1 DAGs
[2026-04-27T01:14:37.754+0000] {logging_mixin.py:188} INFO - [2026-04-27T01:14:37.754+0000] {dag.py:3823} INFO - Setting next_dagrun for feature_engineering_pipeline to 2026-04-26 00:00:00+00:00, run_after=2026-05-03 00:00:00+00:00
[2026-04-27T01:14:37.777+0000] {processor.py:183} INFO - Processing /home/airflow/dags/feature_engineering_dag.py took 0.836 seconds
[2026-04-27T01:15:08.079+0000] {processor.py:161} INFO - Started process (PID=4603) to work on /home/airflow/dags/feature_engineering_dag.py
[2026-04-27T01:15:08.080+0000] {processor.py:830} INFO - Processing file /home/airflow/dags/feature_engineering_dag.py for tasks to queue
[2026-04-27T01:15:08.081+0000] {logging_mixin.py:188} INFO - [2026-04-27T01:15:08.081+0000] {dagbag.py:538} INFO - Filling up the DagBag from /home/airflow/dags/feature_engineering_dag.py
[2026-04-27T01:15:08.930+0000] {processor.py:840} INFO - DAG(s) 'feature_engineering_pipeline' retrieved from /home/airflow/dags/feature_engineering_dag.py
[2026-04-27T01:15:08.950+0000] {logging_mixin.py:188} INFO - [2026-04-27T01:15:08.949+0000] {dag.py:3036} INFO - Sync 1 DAGs
[2026-04-27T01:15:08.965+0000] {logging_mixin.py:188} INFO - [2026-04-27T01:15:08.965+0000] {dag.py:3823} INFO - Setting next_dagrun for feature_engineering_pipeline to 2026-04-26 00:00:00+00:00, run_after=2026-05-03 00:00:00+00:00
[2026-04-27T01:15:08.986+0000] {processor.py:183} INFO - Processing /home/airflow/dags/feature_engineering_dag.py took 0.912 seconds
[2026-04-27T01:15:39.491+0000] {processor.py:161} INFO - Started process (PID=4648) to work on /home/airflow/dags/feature_engineering_dag.py
[2026-04-27T01:15:39.493+0000] {processor.py:830} INFO - Processing file /home/airflow/dags/feature_engineering_dag.py for tasks to queue
[2026-04-27T01:15:39.494+0000] {logging_mixin.py:188} INFO - [2026-04-27T01:15:39.494+0000] {dagbag.py:538} INFO - Filling up the DagBag from /home/airflow/dags/feature_engineering_dag.py
[2026-04-27T01:15:40.577+0000] {processor.py:840} INFO - DAG(s) 'feature_engineering_pipeline' retrieved from /home/airflow/dags/feature_engineering_dag.py
[2026-04-27T01:15:40.601+0000] {logging_mixin.py:188} INFO - [2026-04-27T01:15:40.601+0000] {dag.py:3036} INFO - Sync 1 DAGs
[2026-04-27T01:15:40.621+0000] {logging_mixin.py:188} INFO - [2026-04-27T01:15:40.621+0000] {dag.py:3823} INFO - Setting next_dagrun for feature_engineering_pipeline to 2026-04-26 00:00:00+00:00, run_after=2026-05-03 00:00:00+00:00
[2026-04-27T01:15:40.649+0000] {processor.py:183} INFO - Processing /home/airflow/dags/feature_engineering_dag.py took 1.161 seconds
[2026-04-27T01:16:10.872+0000] {processor.py:161} INFO - Started process (PID=4693) to work on /home/airflow/dags/feature_engineering_dag.py
[2026-04-27T01:16:10.873+0000] {processor.py:830} INFO - Processing file /home/airflow/dags/feature_engineering_dag.py for tasks to queue
[2026-04-27T01:16:10.875+0000] {logging_mixin.py:188} INFO - [2026-04-27T01:16:10.874+0000] {dagbag.py:538} INFO - Filling up the DagBag from /home/airflow/dags/feature_engineering_dag.py
[2026-04-27T01:16:11.648+0000] {processor.py:840} INFO - DAG(s) 'feature_engineering_pipeline' retrieved from /home/airflow/dags/feature_engineering_dag.py
[2026-04-27T01:16:11.669+0000] {logging_mixin.py:188} INFO - [2026-04-27T01:16:11.669+0000] {dag.py:3036} INFO - Sync 1 DAGs
[2026-04-27T01:16:11.685+0000] {logging_mixin.py:188} INFO - [2026-04-27T01:16:11.685+0000] {dag.py:3823} INFO - Setting next_dagrun for feature_engineering_pipeline to 2026-04-26 00:00:00+00:00, run_after=2026-05-03 00:00:00+00:00
[2026-04-27T01:16:11.708+0000] {processor.py:183} INFO - Processing /home/airflow/dags/feature_engineering_dag.py took 0.839 seconds
[2026-04-27T01:16:41.977+0000] {processor.py:161} INFO - Started process (PID=4738) to work on /home/airflow/dags/feature_engineering_dag.py
[2026-04-27T01:16:41.979+0000] {processor.py:830} INFO - Processing file /home/airflow/dags/feature_engineering_dag.py for tasks to queue
[2026-04-27T01:16:41.980+0000] {logging_mixin.py:188} INFO - [2026-04-27T01:16:41.979+0000] {dagbag.py:538} INFO - Filling up the DagBag from /home/airflow/dags/feature_engineering_dag.py
[2026-04-27T01:16:42.828+0000] {processor.py:840} INFO - DAG(s) 'feature_engineering_pipeline' retrieved from /home/airflow/dags/feature_engineering_dag.py
[2026-04-27T01:16:42.850+0000] {logging_mixin.py:188} INFO - [2026-04-27T01:16:42.850+0000] {dag.py:3036} INFO - Sync 1 DAGs
[2026-04-27T01:16:42.868+0000] {logging_mixin.py:188} INFO - [2026-04-27T01:16:42.868+0000] {dag.py:3823} INFO - Setting next_dagrun for feature_engineering_pipeline to 2026-04-26 00:00:00+00:00, run_after=2026-05-03 00:00:00+00:00
[2026-04-27T01:16:42.890+0000] {processor.py:183} INFO - Processing /home/airflow/dags/feature_engineering_dag.py took 0.917 seconds
[2026-04-27T01:17:13.272+0000] {processor.py:161} INFO - Started process (PID=4783) to work on /home/airflow/dags/feature_engineering_dag.py
[2026-04-27T01:17:13.273+0000] {processor.py:830} INFO - Processing file /home/airflow/dags/feature_engineering_dag.py for tasks to queue
[2026-04-27T01:17:13.273+0000] {logging_mixin.py:188} INFO - [2026-04-27T01:17:13.273+0000] {dagbag.py:538} INFO - Filling up the DagBag from /home/airflow/dags/feature_engineering_dag.py
[2026-04-27T01:17:14.246+0000] {processor.py:840} INFO - DAG(s) 'feature_engineering_pipeline' retrieved from /home/airflow/dags/feature_engineering_dag.py
[2026-04-27T01:17:14.276+0000] {logging_mixin.py:188} INFO - [2026-04-27T01:17:14.275+0000] {dag.py:3036} INFO - Sync 1 DAGs
[2026-04-27T01:17:14.298+0000] {logging_mixin.py:188} INFO - [2026-04-27T01:17:14.298+0000] {dag.py:3823} INFO - Setting next_dagrun for feature_engineering_pipeline to 2026-04-26 00:00:00+00:00, run_after=2026-05-03 00:00:00+00:00
[2026-04-27T01:17:14.319+0000] {processor.py:183} INFO - Processing /home/airflow/dags/feature_engineering_dag.py took 1.051 seconds
[2026-04-27T01:17:44.436+0000] {processor.py:161} INFO - Started process (PID=4828) to work on /home/airflow/dags/feature_engineering_dag.py
[2026-04-27T01:17:44.438+0000] {processor.py:830} INFO - Processing file /home/airflow/dags/feature_engineering_dag.py for tasks to queue
[2026-04-27T01:17:44.440+0000] {logging_mixin.py:188} INFO - [2026-04-27T01:17:44.439+0000] {dagbag.py:538} INFO - Filling up the DagBag from /home/airflow/dags/feature_engineering_dag.py
[2026-04-27T01:17:45.240+0000] {processor.py:840} INFO - DAG(s) 'feature_engineering_pipeline' retrieved from /home/airflow/dags/feature_engineering_dag.py
[2026-04-27T01:17:45.262+0000] {logging_mixin.py:188} INFO - [2026-04-27T01:17:45.262+0000] {dag.py:3036} INFO - Sync 1 DAGs
[2026-04-27T01:17:45.279+0000] {logging_mixin.py:188} INFO - [2026-04-27T01:17:45.279+0000] {dag.py:3823} INFO - Setting next_dagrun for feature_engineering_pipeline to 2026-04-26 00:00:00+00:00, run_after=2026-05-03 00:00:00+00:00
[2026-04-27T01:17:45.300+0000] {processor.py:183} INFO - Processing /home/airflow/dags/feature_engineering_dag.py took 0.873 seconds
[2026-04-27T01:18:15.618+0000] {processor.py:161} INFO - Started process (PID=4873) to work on /home/airflow/dags/feature_engineering_dag.py
[2026-04-27T01:18:15.620+0000] {processor.py:830} INFO - Processing file /home/airflow/dags/feature_engineering_dag.py for tasks to queue
[2026-04-27T01:18:15.621+0000] {logging_mixin.py:188} INFO - [2026-04-27T01:18:15.621+0000] {dagbag.py:538} INFO - Filling up the DagBag from /home/airflow/dags/feature_engineering_dag.py
[2026-04-27T01:18:16.475+0000] {processor.py:840} INFO - DAG(s) 'feature_engineering_pipeline' retrieved from /home/airflow/dags/feature_engineering_dag.py
[2026-04-27T01:18:16.496+0000] {logging_mixin.py:188} INFO - [2026-04-27T01:18:16.496+0000] {dag.py:3036} INFO - Sync 1 DAGs
[2026-04-27T01:18:16.513+0000] {logging_mixin.py:188} INFO - [2026-04-27T01:18:16.512+0000] {dag.py:3823} INFO - Setting next_dagrun for feature_engineering_pipeline to 2026-04-26 00:00:00+00:00, run_after=2026-05-03 00:00:00+00:00
[2026-04-27T01:18:16.534+0000] {processor.py:183} INFO - Processing /home/airflow/dags/feature_engineering_dag.py took 0.920 seconds
[2026-04-27T01:18:47.022+0000] {processor.py:161} INFO - Started process (PID=4918) to work on /home/airflow/dags/feature_engineering_dag.py
[2026-04-27T01:18:47.024+0000] {processor.py:830} INFO - Processing file /home/airflow/dags/feature_engineering_dag.py for tasks to queue
[2026-04-27T01:18:47.025+0000] {logging_mixin.py:188} INFO - [2026-04-27T01:18:47.025+0000] {dagbag.py:538} INFO - Filling up the DagBag from /home/airflow/dags/feature_engineering_dag.py
[2026-04-27T01:18:47.910+0000] {processor.py:840} INFO - DAG(s) 'feature_engineering_pipeline' retrieved from /home/airflow/dags/feature_engineering_dag.py
[2026-04-27T01:18:47.933+0000] {logging_mixin.py:188} INFO - [2026-04-27T01:18:47.933+0000] {dag.py:3036} INFO - Sync 1 DAGs
[2026-04-27T01:18:47.950+0000] {logging_mixin.py:188} INFO - [2026-04-27T01:18:47.950+0000] {dag.py:3823} INFO - Setting next_dagrun for feature_engineering_pipeline to 2026-04-26 00:00:00+00:00, run_after=2026-05-03 00:00:00+00:00
[2026-04-27T01:18:47.971+0000] {processor.py:183} INFO - Processing /home/airflow/dags/feature_engineering_dag.py took 0.953 seconds
[2026-04-27T01:19:18.380+0000] {processor.py:161} INFO - Started process (PID=4963) to work on /home/airflow/dags/feature_engineering_dag.py
[2026-04-27T01:19:18.381+0000] {processor.py:830} INFO - Processing file /home/airflow/dags/feature_engineering_dag.py for tasks to queue
[2026-04-27T01:19:18.382+0000] {logging_mixin.py:188} INFO - [2026-04-27T01:19:18.382+0000] {dagbag.py:538} INFO - Filling up the DagBag from /home/airflow/dags/feature_engineering_dag.py
[2026-04-27T01:19:19.099+0000] {processor.py:840} INFO - DAG(s) 'feature_engineering_pipeline' retrieved from /home/airflow/dags/feature_engineering_dag.py
[2026-04-27T01:19:19.118+0000] {logging_mixin.py:188} INFO - [2026-04-27T01:19:19.118+0000] {dag.py:3036} INFO - Sync 1 DAGs
[2026-04-27T01:19:19.133+0000] {logging_mixin.py:188} INFO - [2026-04-27T01:19:19.133+0000] {dag.py:3823} INFO - Setting next_dagrun for feature_engineering_pipeline to 2026-04-26 00:00:00+00:00, run_after=2026-05-03 00:00:00+00:00
[2026-04-27T01:19:19.156+0000] {processor.py:183} INFO - Processing /home/airflow/dags/feature_engineering_dag.py took 0.779 seconds
[2026-04-27T01:19:49.746+0000] {processor.py:161} INFO - Started process (PID=5008) to work on /home/airflow/dags/feature_engineering_dag.py
[2026-04-27T01:19:49.747+0000] {processor.py:830} INFO - Processing file /home/airflow/dags/feature_engineering_dag.py for tasks to queue
[2026-04-27T01:19:49.748+0000] {logging_mixin.py:188} INFO - [2026-04-27T01:19:49.748+0000] {dagbag.py:538} INFO - Filling up the DagBag from /home/airflow/dags/feature_engineering_dag.py
[2026-04-27T01:19:50.671+0000] {processor.py:840} INFO - DAG(s) 'feature_engineering_pipeline' retrieved from /home/airflow/dags/feature_engineering_dag.py
[2026-04-27T01:19:50.691+0000] {logging_mixin.py:188} INFO - [2026-04-27T01:19:50.691+0000] {dag.py:3036} INFO - Sync 1 DAGs
[2026-04-27T01:19:50.708+0000] {logging_mixin.py:188} INFO - [2026-04-27T01:19:50.708+0000] {dag.py:3823} INFO - Setting next_dagrun for feature_engineering_pipeline to 2026-04-26 00:00:00+00:00, run_after=2026-05-03 00:00:00+00:00
[2026-04-27T01:19:50.728+0000] {processor.py:183} INFO - Processing /home/airflow/dags/feature_engineering_dag.py took 0.985 seconds
[2026-04-27T01:20:21.229+0000] {processor.py:161} INFO - Started process (PID=5053) to work on /home/airflow/dags/feature_engineering_dag.py
[2026-04-27T01:20:21.230+0000] {processor.py:830} INFO - Processing file /home/airflow/dags/feature_engineering_dag.py for tasks to queue
[2026-04-27T01:20:21.232+0000] {logging_mixin.py:188} INFO - [2026-04-27T01:20:21.231+0000] {dagbag.py:538} INFO - Filling up the DagBag from /home/airflow/dags/feature_engineering_dag.py
[2026-04-27T01:20:22.160+0000] {processor.py:840} INFO - DAG(s) 'feature_engineering_pipeline' retrieved from /home/airflow/dags/feature_engineering_dag.py
[2026-04-27T01:20:22.208+0000] {logging_mixin.py:188} INFO - [2026-04-27T01:20:22.207+0000] {dag.py:3036} INFO - Sync 1 DAGs
[2026-04-27T01:20:22.233+0000] {logging_mixin.py:188} INFO - [2026-04-27T01:20:22.233+0000] {dag.py:3823} INFO - Setting next_dagrun for feature_engineering_pipeline to 2026-04-26 00:00:00+00:00, run_after=2026-05-03 00:00:00+00:00
[2026-04-27T01:20:22.254+0000] {processor.py:183} INFO - Processing /home/airflow/dags/feature_engineering_dag.py took 1.028 seconds
[2026-04-27T01:20:52.413+0000] {processor.py:161} INFO - Started process (PID=5098) to work on /home/airflow/dags/feature_engineering_dag.py
[2026-04-27T01:20:52.414+0000] {processor.py:830} INFO - Processing file /home/airflow/dags/feature_engineering_dag.py for tasks to queue
[2026-04-27T01:20:52.416+0000] {logging_mixin.py:188} INFO - [2026-04-27T01:20:52.415+0000] {dagbag.py:538} INFO - Filling up the DagBag from /home/airflow/dags/feature_engineering_dag.py
[2026-04-27T01:20:53.115+0000] {processor.py:840} INFO - DAG(s) 'feature_engineering_pipeline' retrieved from /home/airflow/dags/feature_engineering_dag.py
[2026-04-27T01:20:53.135+0000] {logging_mixin.py:188} INFO - [2026-04-27T01:20:53.134+0000] {dag.py:3036} INFO - Sync 1 DAGs
[2026-04-27T01:20:53.151+0000] {logging_mixin.py:188} INFO - [2026-04-27T01:20:53.151+0000] {dag.py:3823} INFO - Setting next_dagrun for feature_engineering_pipeline to 2026-04-26 00:00:00+00:00, run_after=2026-05-03 00:00:00+00:00
[2026-04-27T01:20:53.170+0000] {processor.py:183} INFO - Processing /home/airflow/dags/feature_engineering_dag.py took 0.760 seconds
[2026-04-27T01:21:23.439+0000] {processor.py:161} INFO - Started process (PID=5143) to work on /home/airflow/dags/feature_engineering_dag.py
[2026-04-27T01:21:23.440+0000] {processor.py:830} INFO - Processing file /home/airflow/dags/feature_engineering_dag.py for tasks to queue
[2026-04-27T01:21:23.441+0000] {logging_mixin.py:188} INFO - [2026-04-27T01:21:23.441+0000] {dagbag.py:538} INFO - Filling up the DagBag from /home/airflow/dags/feature_engineering_dag.py
[2026-04-27T01:21:24.259+0000] {processor.py:840} INFO - DAG(s) 'feature_engineering_pipeline' retrieved from /home/airflow/dags/feature_engineering_dag.py
[2026-04-27T01:21:24.281+0000] {logging_mixin.py:188} INFO - [2026-04-27T01:21:24.280+0000] {dag.py:3036} INFO - Sync 1 DAGs
[2026-04-27T01:21:24.300+0000] {logging_mixin.py:188} INFO - [2026-04-27T01:21:24.299+0000] {dag.py:3823} INFO - Setting next_dagrun for feature_engineering_pipeline to 2026-04-26 00:00:00+00:00, run_after=2026-05-03 00:00:00+00:00
[2026-04-27T01:21:24.325+0000] {processor.py:183} INFO - Processing /home/airflow/dags/feature_engineering_dag.py took 0.889 seconds
[2026-04-27T01:21:54.822+0000] {processor.py:161} INFO - Started process (PID=5188) to work on /home/airflow/dags/feature_engineering_dag.py
[2026-04-27T01:21:54.823+0000] {processor.py:830} INFO - Processing file /home/airflow/dags/feature_engineering_dag.py for tasks to queue
[2026-04-27T01:21:54.824+0000] {logging_mixin.py:188} INFO - [2026-04-27T01:21:54.824+0000] {dagbag.py:538} INFO - Filling up the DagBag from /home/airflow/dags/feature_engineering_dag.py
[2026-04-27T01:21:55.689+0000] {processor.py:840} INFO - DAG(s) 'feature_engineering_pipeline' retrieved from /home/airflow/dags/feature_engineering_dag.py
[2026-04-27T01:21:55.708+0000] {logging_mixin.py:188} INFO - [2026-04-27T01:21:55.708+0000] {dag.py:3036} INFO - Sync 1 DAGs
[2026-04-27T01:21:55.723+0000] {logging_mixin.py:188} INFO - [2026-04-27T01:21:55.723+0000] {dag.py:3823} INFO - Setting next_dagrun for feature_engineering_pipeline to 2026-04-26 00:00:00+00:00, run_after=2026-05-03 00:00:00+00:00
[2026-04-27T01:21:55.745+0000] {processor.py:183} INFO - Processing /home/airflow/dags/feature_engineering_dag.py took 0.927 seconds
[2026-04-27T01:22:25.938+0000] {processor.py:161} INFO - Started process (PID=5233) to work on /home/airflow/dags/feature_engineering_dag.py
[2026-04-27T01:22:25.939+0000] {processor.py:830} INFO - Processing file /home/airflow/dags/feature_engineering_dag.py for tasks to queue
[2026-04-27T01:22:25.940+0000] {logging_mixin.py:188} INFO - [2026-04-27T01:22:25.940+0000] {dagbag.py:538} INFO - Filling up the DagBag from /home/airflow/dags/feature_engineering_dag.py
[2026-04-27T01:22:26.797+0000] {processor.py:840} INFO - DAG(s) 'feature_engineering_pipeline' retrieved from /home/airflow/dags/feature_engineering_dag.py
[2026-04-27T01:22:26.816+0000] {logging_mixin.py:188} INFO - [2026-04-27T01:22:26.816+0000] {dag.py:3036} INFO - Sync 1 DAGs
[2026-04-27T01:22:26.832+0000] {logging_mixin.py:188} INFO - [2026-04-27T01:22:26.832+0000] {dag.py:3823} INFO - Setting next_dagrun for feature_engineering_pipeline to 2026-04-26 00:00:00+00:00, run_after=2026-05-03 00:00:00+00:00
[2026-04-27T01:22:26.854+0000] {processor.py:183} INFO - Processing /home/airflow/dags/feature_engineering_dag.py took 0.920 seconds
[2026-04-27T01:22:57.073+0000] {processor.py:161} INFO - Started process (PID=5278) to work on /home/airflow/dags/feature_engineering_dag.py
[2026-04-27T01:22:57.074+0000] {processor.py:830} INFO - Processing file /home/airflow/dags/feature_engineering_dag.py for tasks to queue
[2026-04-27T01:22:57.076+0000] {logging_mixin.py:188} INFO - [2026-04-27T01:22:57.075+0000] {dagbag.py:538} INFO - Filling up the DagBag from /home/airflow/dags/feature_engineering_dag.py
[2026-04-27T01:22:57.809+0000] {processor.py:840} INFO - DAG(s) 'feature_engineering_pipeline' retrieved from /home/airflow/dags/feature_engineering_dag.py
[2026-04-27T01:22:57.834+0000] {logging_mixin.py:188} INFO - [2026-04-27T01:22:57.834+0000] {dag.py:3036} INFO - Sync 1 DAGs
[2026-04-27T01:22:57.855+0000] {logging_mixin.py:188} INFO - [2026-04-27T01:22:57.855+0000] {dag.py:3823} INFO - Setting next_dagrun for feature_engineering_pipeline to 2026-04-26 00:00:00+00:00, run_after=2026-05-03 00:00:00+00:00
[2026-04-27T01:22:57.882+0000] {processor.py:183} INFO - Processing /home/airflow/dags/feature_engineering_dag.py took 0.812 seconds
[2026-04-27T01:23:28.378+0000] {processor.py:161} INFO - Started process (PID=5323) to work on /home/airflow/dags/feature_engineering_dag.py
[2026-04-27T01:23:28.379+0000] {processor.py:830} INFO - Processing file /home/airflow/dags/feature_engineering_dag.py for tasks to queue
[2026-04-27T01:23:28.380+0000] {logging_mixin.py:188} INFO - [2026-04-27T01:23:28.379+0000] {dagbag.py:538} INFO - Filling up the DagBag from /home/airflow/dags/feature_engineering_dag.py
[2026-04-27T01:23:29.275+0000] {processor.py:840} INFO - DAG(s) 'feature_engineering_pipeline' retrieved from /home/airflow/dags/feature_engineering_dag.py
[2026-04-27T01:23:29.304+0000] {logging_mixin.py:188} INFO - [2026-04-27T01:23:29.303+0000] {dag.py:3036} INFO - Sync 1 DAGs
[2026-04-27T01:23:29.323+0000] {logging_mixin.py:188} INFO - [2026-04-27T01:23:29.323+0000] {dag.py:3823} INFO - Setting next_dagrun for feature_engineering_pipeline to 2026-04-26 00:00:00+00:00, run_after=2026-05-03 00:00:00+00:00
[2026-04-27T01:23:29.347+0000] {processor.py:183} INFO - Processing /home/airflow/dags/feature_engineering_dag.py took 0.973 seconds
[2026-04-27T01:23:59.610+0000] {processor.py:161} INFO - Started process (PID=5368) to work on /home/airflow/dags/feature_engineering_dag.py
[2026-04-27T01:23:59.611+0000] {processor.py:830} INFO - Processing file /home/airflow/dags/feature_engineering_dag.py for tasks to queue
[2026-04-27T01:23:59.613+0000] {logging_mixin.py:188} INFO - [2026-04-27T01:23:59.612+0000] {dagbag.py:538} INFO - Filling up the DagBag from /home/airflow/dags/feature_engineering_dag.py
[2026-04-27T01:24:00.437+0000] {processor.py:840} INFO - DAG(s) 'feature_engineering_pipeline' retrieved from /home/airflow/dags/feature_engineering_dag.py
[2026-04-27T01:24:00.455+0000] {logging_mixin.py:188} INFO - [2026-04-27T01:24:00.455+0000] {dag.py:3036} INFO - Sync 1 DAGs
[2026-04-27T01:24:00.475+0000] {logging_mixin.py:188} INFO - [2026-04-27T01:24:00.475+0000] {dag.py:3823} INFO - Setting next_dagrun for feature_engineering_pipeline to 2026-04-26 00:00:00+00:00, run_after=2026-05-03 00:00:00+00:00
[2026-04-27T01:24:00.495+0000] {processor.py:183} INFO - Processing /home/airflow/dags/feature_engineering_dag.py took 0.888 seconds
[2026-04-27T01:24:30.848+0000] {processor.py:161} INFO - Started process (PID=5413) to work on /home/airflow/dags/feature_engineering_dag.py
[2026-04-27T01:24:30.850+0000] {processor.py:830} INFO - Processing file /home/airflow/dags/feature_engineering_dag.py for tasks to queue
[2026-04-27T01:24:30.851+0000] {logging_mixin.py:188} INFO - [2026-04-27T01:24:30.851+0000] {dagbag.py:538} INFO - Filling up the DagBag from /home/airflow/dags/feature_engineering_dag.py
[2026-04-27T01:24:31.574+0000] {processor.py:840} INFO - DAG(s) 'feature_engineering_pipeline' retrieved from /home/airflow/dags/feature_engineering_dag.py
[2026-04-27T01:24:31.594+0000] {logging_mixin.py:188} INFO - [2026-04-27T01:24:31.594+0000] {dag.py:3036} INFO - Sync 1 DAGs
[2026-04-27T01:24:31.610+0000] {logging_mixin.py:188} INFO - [2026-04-27T01:24:31.609+0000] {dag.py:3823} INFO - Setting next_dagrun for feature_engineering_pipeline to 2026-04-26 00:00:00+00:00, run_after=2026-05-03 00:00:00+00:00
[2026-04-27T01:24:31.633+0000] {processor.py:183} INFO - Processing /home/airflow/dags/feature_engineering_dag.py took 0.790 seconds
[2026-04-27T01:25:01.879+0000] {processor.py:161} INFO - Started process (PID=5458) to work on /home/airflow/dags/feature_engineering_dag.py
[2026-04-27T01:25:01.880+0000] {processor.py:830} INFO - Processing file /home/airflow/dags/feature_engineering_dag.py for tasks to queue
[2026-04-27T01:25:01.881+0000] {logging_mixin.py:188} INFO - [2026-04-27T01:25:01.880+0000] {dagbag.py:538} INFO - Filling up the DagBag from /home/airflow/dags/feature_engineering_dag.py
[2026-04-27T01:25:02.612+0000] {processor.py:840} INFO - DAG(s) 'feature_engineering_pipeline' retrieved from /home/airflow/dags/feature_engineering_dag.py
[2026-04-27T01:25:02.631+0000] {logging_mixin.py:188} INFO - [2026-04-27T01:25:02.631+0000] {dag.py:3036} INFO - Sync 1 DAGs
[2026-04-27T01:25:02.650+0000] {logging_mixin.py:188} INFO - [2026-04-27T01:25:02.650+0000] {dag.py:3823} INFO - Setting next_dagrun for feature_engineering_pipeline to 2026-04-26 00:00:00+00:00, run_after=2026-05-03 00:00:00+00:00
[2026-04-27T01:25:02.671+0000] {processor.py:183} INFO - Processing /home/airflow/dags/feature_engineering_dag.py took 0.797 seconds
[2026-04-27T01:25:32.849+0000] {processor.py:161} INFO - Started process (PID=5503) to work on /home/airflow/dags/feature_engineering_dag.py
[2026-04-27T01:25:32.850+0000] {processor.py:830} INFO - Processing file /home/airflow/dags/feature_engineering_dag.py for tasks to queue
[2026-04-27T01:25:32.852+0000] {logging_mixin.py:188} INFO - [2026-04-27T01:25:32.851+0000] {dagbag.py:538} INFO - Filling up the DagBag from /home/airflow/dags/feature_engineering_dag.py
[2026-04-27T01:25:33.589+0000] {processor.py:840} INFO - DAG(s) 'feature_engineering_pipeline' retrieved from /home/airflow/dags/feature_engineering_dag.py
[2026-04-27T01:25:33.608+0000] {logging_mixin.py:188} INFO - [2026-04-27T01:25:33.608+0000] {dag.py:3036} INFO - Sync 1 DAGs
[2026-04-27T01:25:33.625+0000] {logging_mixin.py:188} INFO - [2026-04-27T01:25:33.624+0000] {dag.py:3823} INFO - Setting next_dagrun for feature_engineering_pipeline to 2026-04-26 00:00:00+00:00, run_after=2026-05-03 00:00:00+00:00
[2026-04-27T01:25:33.647+0000] {processor.py:183} INFO - Processing /home/airflow/dags/feature_engineering_dag.py took 0.803 seconds
[2026-04-27T01:26:03.836+0000] {processor.py:161} INFO - Started process (PID=5548) to work on /home/airflow/dags/feature_engineering_dag.py
[2026-04-27T01:26:03.837+0000] {processor.py:830} INFO - Processing file /home/airflow/dags/feature_engineering_dag.py for tasks to queue
[2026-04-27T01:26:03.838+0000] {logging_mixin.py:188} INFO - [2026-04-27T01:26:03.838+0000] {dagbag.py:538} INFO - Filling up the DagBag from /home/airflow/dags/feature_engineering_dag.py
[2026-04-27T01:26:04.718+0000] {processor.py:840} INFO - DAG(s) 'feature_engineering_pipeline' retrieved from /home/airflow/dags/feature_engineering_dag.py
[2026-04-27T01:26:04.745+0000] {logging_mixin.py:188} INFO - [2026-04-27T01:26:04.745+0000] {dag.py:3036} INFO - Sync 1 DAGs
[2026-04-27T01:26:04.763+0000] {logging_mixin.py:188} INFO - [2026-04-27T01:26:04.762+0000] {dag.py:3823} INFO - Setting next_dagrun for feature_engineering_pipeline to 2026-04-26 00:00:00+00:00, run_after=2026-05-03 00:00:00+00:00
[2026-04-27T01:26:04.784+0000] {processor.py:183} INFO - Processing /home/airflow/dags/feature_engineering_dag.py took 0.953 seconds
[2026-04-27T01:26:35.506+0000] {processor.py:161} INFO - Started process (PID=5593) to work on /home/airflow/dags/feature_engineering_dag.py
[2026-04-27T01:26:35.508+0000] {processor.py:830} INFO - Processing file /home/airflow/dags/feature_engineering_dag.py for tasks to queue
[2026-04-27T01:26:35.509+0000] {logging_mixin.py:188} INFO - [2026-04-27T01:26:35.509+0000] {dagbag.py:538} INFO - Filling up the DagBag from /home/airflow/dags/feature_engineering_dag.py
[2026-04-27T01:26:36.373+0000] {processor.py:840} INFO - DAG(s) 'feature_engineering_pipeline' retrieved from /home/airflow/dags/feature_engineering_dag.py
[2026-04-27T01:26:36.396+0000] {logging_mixin.py:188} INFO - [2026-04-27T01:26:36.396+0000] {dag.py:3036} INFO - Sync 1 DAGs
[2026-04-27T01:26:36.416+0000] {logging_mixin.py:188} INFO - [2026-04-27T01:26:36.416+0000] {dag.py:3823} INFO - Setting next_dagrun for feature_engineering_pipeline to 2026-04-26 00:00:00+00:00, run_after=2026-05-03 00:00:00+00:00
[2026-04-27T01:26:36.445+0000] {processor.py:183} INFO - Processing /home/airflow/dags/feature_engineering_dag.py took 0.942 seconds
[2026-04-27T01:27:06.698+0000] {processor.py:161} INFO - Started process (PID=5638) to work on /home/airflow/dags/feature_engineering_dag.py
[2026-04-27T01:27:06.699+0000] {processor.py:830} INFO - Processing file /home/airflow/dags/feature_engineering_dag.py for tasks to queue
[2026-04-27T01:27:06.701+0000] {logging_mixin.py:188} INFO - [2026-04-27T01:27:06.700+0000] {dagbag.py:538} INFO - Filling up the DagBag from /home/airflow/dags/feature_engineering_dag.py
[2026-04-27T01:27:07.442+0000] {processor.py:840} INFO - DAG(s) 'feature_engineering_pipeline' retrieved from /home/airflow/dags/feature_engineering_dag.py
[2026-04-27T01:27:07.462+0000] {logging_mixin.py:188} INFO - [2026-04-27T01:27:07.461+0000] {dag.py:3036} INFO - Sync 1 DAGs
[2026-04-27T01:27:07.478+0000] {logging_mixin.py:188} INFO - [2026-04-27T01:27:07.478+0000] {dag.py:3823} INFO - Setting next_dagrun for feature_engineering_pipeline to 2026-04-26 00:00:00+00:00, run_after=2026-05-03 00:00:00+00:00
[2026-04-27T01:27:07.500+0000] {processor.py:183} INFO - Processing /home/airflow/dags/feature_engineering_dag.py took 0.806 seconds
[2026-04-27T01:27:37.776+0000] {processor.py:161} INFO - Started process (PID=5683) to work on /home/airflow/dags/feature_engineering_dag.py
[2026-04-27T01:27:37.778+0000] {processor.py:830} INFO - Processing file /home/airflow/dags/feature_engineering_dag.py for tasks to queue
[2026-04-27T01:27:37.779+0000] {logging_mixin.py:188} INFO - [2026-04-27T01:27:37.778+0000] {dagbag.py:538} INFO - Filling up the DagBag from /home/airflow/dags/feature_engineering_dag.py
[2026-04-27T01:27:38.490+0000] {processor.py:840} INFO - DAG(s) 'feature_engineering_pipeline' retrieved from /home/airflow/dags/feature_engineering_dag.py
[2026-04-27T01:27:38.508+0000] {logging_mixin.py:188} INFO - [2026-04-27T01:27:38.508+0000] {dag.py:3036} INFO - Sync 1 DAGs
[2026-04-27T01:27:38.524+0000] {logging_mixin.py:188} INFO - [2026-04-27T01:27:38.523+0000] {dag.py:3823} INFO - Setting next_dagrun for feature_engineering_pipeline to 2026-04-26 00:00:00+00:00, run_after=2026-05-03 00:00:00+00:00
[2026-04-27T01:27:38.547+0000] {processor.py:183} INFO - Processing /home/airflow/dags/feature_engineering_dag.py took 0.775 seconds
[2026-04-27T01:28:08.975+0000] {processor.py:161} INFO - Started process (PID=5728) to work on /home/airflow/dags/feature_engineering_dag.py
[2026-04-27T01:28:08.976+0000] {processor.py:830} INFO - Processing file /home/airflow/dags/feature_engineering_dag.py for tasks to queue
[2026-04-27T01:28:08.977+0000] {logging_mixin.py:188} INFO - [2026-04-27T01:28:08.977+0000] {dagbag.py:538} INFO - Filling up the DagBag from /home/airflow/dags/feature_engineering_dag.py
[2026-04-27T01:28:09.688+0000] {processor.py:840} INFO - DAG(s) 'feature_engineering_pipeline' retrieved from /home/airflow/dags/feature_engineering_dag.py
[2026-04-27T01:28:09.708+0000] {logging_mixin.py:188} INFO - [2026-04-27T01:28:09.708+0000] {dag.py:3036} INFO - Sync 1 DAGs
[2026-04-27T01:28:09.723+0000] {logging_mixin.py:188} INFO - [2026-04-27T01:28:09.723+0000] {dag.py:3823} INFO - Setting next_dagrun for feature_engineering_pipeline to 2026-04-26 00:00:00+00:00, run_after=2026-05-03 00:00:00+00:00
[2026-04-27T01:28:09.747+0000] {processor.py:183} INFO - Processing /home/airflow/dags/feature_engineering_dag.py took 0.775 seconds
[2026-04-27T01:28:40.399+0000] {processor.py:161} INFO - Started process (PID=5773) to work on /home/airflow/dags/feature_engineering_dag.py
[2026-04-27T01:28:40.400+0000] {processor.py:830} INFO - Processing file /home/airflow/dags/feature_engineering_dag.py for tasks to queue
[2026-04-27T01:28:40.401+0000] {logging_mixin.py:188} INFO - [2026-04-27T01:28:40.401+0000] {dagbag.py:538} INFO - Filling up the DagBag from /home/airflow/dags/feature_engineering_dag.py
[2026-04-27T01:28:41.203+0000] {processor.py:840} INFO - DAG(s) 'feature_engineering_pipeline' retrieved from /home/airflow/dags/feature_engineering_dag.py
[2026-04-27T01:28:41.223+0000] {logging_mixin.py:188} INFO - [2026-04-27T01:28:41.223+0000] {dag.py:3036} INFO - Sync 1 DAGs
[2026-04-27T01:28:41.239+0000] {logging_mixin.py:188} INFO - [2026-04-27T01:28:41.239+0000] {dag.py:3823} INFO - Setting next_dagrun for feature_engineering_pipeline to 2026-04-26 00:00:00+00:00, run_after=2026-05-03 00:00:00+00:00
[2026-04-27T01:28:41.259+0000] {processor.py:183} INFO - Processing /home/airflow/dags/feature_engineering_dag.py took 0.864 seconds
[2026-04-27T01:29:11.790+0000] {processor.py:161} INFO - Started process (PID=5818) to work on /home/airflow/dags/feature_engineering_dag.py
[2026-04-27T01:29:11.791+0000] {processor.py:830} INFO - Processing file /home/airflow/dags/feature_engineering_dag.py for tasks to queue
[2026-04-27T01:29:11.792+0000] {logging_mixin.py:188} INFO - [2026-04-27T01:29:11.791+0000] {dagbag.py:538} INFO - Filling up the DagBag from /home/airflow/dags/feature_engineering_dag.py
[2026-04-27T01:29:12.546+0000] {processor.py:840} INFO - DAG(s) 'feature_engineering_pipeline' retrieved from /home/airflow/dags/feature_engineering_dag.py
[2026-04-27T01:29:12.565+0000] {logging_mixin.py:188} INFO - [2026-04-27T01:29:12.565+0000] {dag.py:3036} INFO - Sync 1 DAGs
[2026-04-27T01:29:12.582+0000] {logging_mixin.py:188} INFO - [2026-04-27T01:29:12.582+0000] {dag.py:3823} INFO - Setting next_dagrun for feature_engineering_pipeline to 2026-04-26 00:00:00+00:00, run_after=2026-05-03 00:00:00+00:00
[2026-04-27T01:29:12.603+0000] {processor.py:183} INFO - Processing /home/airflow/dags/feature_engineering_dag.py took 0.817 seconds
[2026-04-27T01:29:42.919+0000] {processor.py:161} INFO - Started process (PID=5869) to work on /home/airflow/dags/feature_engineering_dag.py
[2026-04-27T01:29:42.920+0000] {processor.py:830} INFO - Processing file /home/airflow/dags/feature_engineering_dag.py for tasks to queue
[2026-04-27T01:29:42.921+0000] {logging_mixin.py:188} INFO - [2026-04-27T01:29:42.921+0000] {dagbag.py:538} INFO - Filling up the DagBag from /home/airflow/dags/feature_engineering_dag.py
[2026-04-27T01:29:43.667+0000] {processor.py:840} INFO - DAG(s) 'feature_engineering_pipeline' retrieved from /home/airflow/dags/feature_engineering_dag.py
[2026-04-27T01:29:43.686+0000] {logging_mixin.py:188} INFO - [2026-04-27T01:29:43.686+0000] {dag.py:3036} INFO - Sync 1 DAGs
[2026-04-27T01:29:43.701+0000] {logging_mixin.py:188} INFO - [2026-04-27T01:29:43.701+0000] {dag.py:3823} INFO - Setting next_dagrun for feature_engineering_pipeline to 2026-04-26 00:00:00+00:00, run_after=2026-05-03 00:00:00+00:00
[2026-04-27T01:29:43.722+0000] {processor.py:183} INFO - Processing /home/airflow/dags/feature_engineering_dag.py took 0.806 seconds
[2026-04-27T01:30:14.069+0000] {processor.py:161} INFO - Started process (PID=5914) to work on /home/airflow/dags/feature_engineering_dag.py
[2026-04-27T01:30:14.070+0000] {processor.py:830} INFO - Processing file /home/airflow/dags/feature_engineering_dag.py for tasks to queue
[2026-04-27T01:30:14.071+0000] {logging_mixin.py:188} INFO - [2026-04-27T01:30:14.071+0000] {dagbag.py:538} INFO - Filling up the DagBag from /home/airflow/dags/feature_engineering_dag.py
[2026-04-27T01:30:14.911+0000] {processor.py:840} INFO - DAG(s) 'feature_engineering_pipeline' retrieved from /home/airflow/dags/feature_engineering_dag.py
[2026-04-27T01:30:14.937+0000] {logging_mixin.py:188} INFO - [2026-04-27T01:30:14.937+0000] {dag.py:3036} INFO - Sync 1 DAGs
[2026-04-27T01:30:14.962+0000] {logging_mixin.py:188} INFO - [2026-04-27T01:30:14.962+0000] {dag.py:3823} INFO - Setting next_dagrun for feature_engineering_pipeline to 2026-04-26 00:00:00+00:00, run_after=2026-05-03 00:00:00+00:00
[2026-04-27T01:30:14.982+0000] {processor.py:183} INFO - Processing /home/airflow/dags/feature_engineering_dag.py took 0.916 seconds
[2026-04-27T01:30:45.586+0000] {processor.py:161} INFO - Started process (PID=5959) to work on /home/airflow/dags/feature_engineering_dag.py
[2026-04-27T01:30:45.588+0000] {processor.py:830} INFO - Processing file /home/airflow/dags/feature_engineering_dag.py for tasks to queue
[2026-04-27T01:30:45.589+0000] {logging_mixin.py:188} INFO - [2026-04-27T01:30:45.589+0000] {dagbag.py:538} INFO - Filling up the DagBag from /home/airflow/dags/feature_engineering_dag.py
[2026-04-27T01:30:46.456+0000] {processor.py:840} INFO - DAG(s) 'feature_engineering_pipeline' retrieved from /home/airflow/dags/feature_engineering_dag.py
[2026-04-27T01:30:46.478+0000] {logging_mixin.py:188} INFO - [2026-04-27T01:30:46.478+0000] {dag.py:3036} INFO - Sync 1 DAGs
[2026-04-27T01:30:46.498+0000] {logging_mixin.py:188} INFO - [2026-04-27T01:30:46.497+0000] {dag.py:3823} INFO - Setting next_dagrun for feature_engineering_pipeline to 2026-04-26 00:00:00+00:00, run_after=2026-05-03 00:00:00+00:00
[2026-04-27T01:30:46.526+0000] {processor.py:183} INFO - Processing /home/airflow/dags/feature_engineering_dag.py took 0.944 seconds
[2026-04-27T01:31:17.145+0000] {processor.py:161} INFO - Started process (PID=6004) to work on /home/airflow/dags/feature_engineering_dag.py
[2026-04-27T01:31:17.147+0000] {processor.py:830} INFO - Processing file /home/airflow/dags/feature_engineering_dag.py for tasks to queue
[2026-04-27T01:31:17.148+0000] {logging_mixin.py:188} INFO - [2026-04-27T01:31:17.148+0000] {dagbag.py:538} INFO - Filling up the DagBag from /home/airflow/dags/feature_engineering_dag.py
[2026-04-27T01:31:18.078+0000] {processor.py:840} INFO - DAG(s) 'feature_engineering_pipeline' retrieved from /home/airflow/dags/feature_engineering_dag.py
[2026-04-27T01:31:18.099+0000] {logging_mixin.py:188} INFO - [2026-04-27T01:31:18.099+0000] {dag.py:3036} INFO - Sync 1 DAGs
[2026-04-27T01:31:18.122+0000] {logging_mixin.py:188} INFO - [2026-04-27T01:31:18.121+0000] {dag.py:3823} INFO - Setting next_dagrun for feature_engineering_pipeline to 2026-04-26 00:00:00+00:00, run_after=2026-05-03 00:00:00+00:00
[2026-04-27T01:31:18.150+0000] {processor.py:183} INFO - Processing /home/airflow/dags/feature_engineering_dag.py took 1.009 seconds
[2026-04-27T01:31:48.501+0000] {processor.py:161} INFO - Started process (PID=6049) to work on /home/airflow/dags/feature_engineering_dag.py
[2026-04-27T01:31:48.502+0000] {processor.py:830} INFO - Processing file /home/airflow/dags/feature_engineering_dag.py for tasks to queue
[2026-04-27T01:31:48.503+0000] {logging_mixin.py:188} INFO - [2026-04-27T01:31:48.503+0000] {dagbag.py:538} INFO - Filling up the DagBag from /home/airflow/dags/feature_engineering_dag.py
[2026-04-27T01:31:49.345+0000] {processor.py:840} INFO - DAG(s) 'feature_engineering_pipeline' retrieved from /home/airflow/dags/feature_engineering_dag.py
[2026-04-27T01:31:49.368+0000] {logging_mixin.py:188} INFO - [2026-04-27T01:31:49.367+0000] {dag.py:3036} INFO - Sync 1 DAGs
[2026-04-27T01:31:49.385+0000] {logging_mixin.py:188} INFO - [2026-04-27T01:31:49.385+0000] {dag.py:3823} INFO - Setting next_dagrun for feature_engineering_pipeline to 2026-04-26 00:00:00+00:00, run_after=2026-05-03 00:00:00+00:00
[2026-04-27T01:31:49.410+0000] {processor.py:183} INFO - Processing /home/airflow/dags/feature_engineering_dag.py took 0.912 seconds
[2026-04-27T01:32:20.058+0000] {processor.py:161} INFO - Started process (PID=6094) to work on /home/airflow/dags/feature_engineering_dag.py
[2026-04-27T01:32:20.059+0000] {processor.py:830} INFO - Processing file /home/airflow/dags/feature_engineering_dag.py for tasks to queue
[2026-04-27T01:32:20.060+0000] {logging_mixin.py:188} INFO - [2026-04-27T01:32:20.060+0000] {dagbag.py:538} INFO - Filling up the DagBag from /home/airflow/dags/feature_engineering_dag.py
[2026-04-27T01:32:21.007+0000] {processor.py:840} INFO - DAG(s) 'feature_engineering_pipeline' retrieved from /home/airflow/dags/feature_engineering_dag.py
[2026-04-27T01:32:21.028+0000] {logging_mixin.py:188} INFO - [2026-04-27T01:32:21.028+0000] {dag.py:3036} INFO - Sync 1 DAGs
[2026-04-27T01:32:21.044+0000] {logging_mixin.py:188} INFO - [2026-04-27T01:32:21.043+0000] {dag.py:3823} INFO - Setting next_dagrun for feature_engineering_pipeline to 2026-04-26 00:00:00+00:00, run_after=2026-05-03 00:00:00+00:00
[2026-04-27T01:32:21.065+0000] {processor.py:183} INFO - Processing /home/airflow/dags/feature_engineering_dag.py took 1.009 seconds
[2026-04-27T01:32:51.564+0000] {processor.py:161} INFO - Started process (PID=6139) to work on /home/airflow/dags/feature_engineering_dag.py
[2026-04-27T01:32:51.565+0000] {processor.py:830} INFO - Processing file /home/airflow/dags/feature_engineering_dag.py for tasks to queue
[2026-04-27T01:32:51.566+0000] {logging_mixin.py:188} INFO - [2026-04-27T01:32:51.566+0000] {dagbag.py:538} INFO - Filling up the DagBag from /home/airflow/dags/feature_engineering_dag.py
[2026-04-27T01:32:52.546+0000] {processor.py:840} INFO - DAG(s) 'feature_engineering_pipeline' retrieved from /home/airflow/dags/feature_engineering_dag.py
[2026-04-27T01:32:52.575+0000] {logging_mixin.py:188} INFO - [2026-04-27T01:32:52.574+0000] {dag.py:3036} INFO - Sync 1 DAGs
[2026-04-27T01:32:52.599+0000] {logging_mixin.py:188} INFO - [2026-04-27T01:32:52.598+0000] {dag.py:3823} INFO - Setting next_dagrun for feature_engineering_pipeline to 2026-04-26 00:00:00+00:00, run_after=2026-05-03 00:00:00+00:00
[2026-04-27T01:32:52.621+0000] {processor.py:183} INFO - Processing /home/airflow/dags/feature_engineering_dag.py took 1.061 seconds
[2026-04-27T01:33:22.936+0000] {processor.py:161} INFO - Started process (PID=6184) to work on /home/airflow/dags/feature_engineering_dag.py
[2026-04-27T01:33:22.937+0000] {processor.py:830} INFO - Processing file /home/airflow/dags/feature_engineering_dag.py for tasks to queue
[2026-04-27T01:33:22.939+0000] {logging_mixin.py:188} INFO - [2026-04-27T01:33:22.938+0000] {dagbag.py:538} INFO - Filling up the DagBag from /home/airflow/dags/feature_engineering_dag.py
[2026-04-27T01:33:23.688+0000] {processor.py:840} INFO - DAG(s) 'feature_engineering_pipeline' retrieved from /home/airflow/dags/feature_engineering_dag.py
[2026-04-27T01:33:23.707+0000] {logging_mixin.py:188} INFO - [2026-04-27T01:33:23.706+0000] {dag.py:3036} INFO - Sync 1 DAGs
[2026-04-27T01:33:23.722+0000] {logging_mixin.py:188} INFO - [2026-04-27T01:33:23.722+0000] {dag.py:3823} INFO - Setting next_dagrun for feature_engineering_pipeline to 2026-04-26 00:00:00+00:00, run_after=2026-05-03 00:00:00+00:00
[2026-04-27T01:33:23.743+0000] {processor.py:183} INFO - Processing /home/airflow/dags/feature_engineering_dag.py took 0.812 seconds
[2026-04-27T01:33:53.963+0000] {processor.py:161} INFO - Started process (PID=6229) to work on /home/airflow/dags/feature_engineering_dag.py
[2026-04-27T01:33:53.965+0000] {processor.py:830} INFO - Processing file /home/airflow/dags/feature_engineering_dag.py for tasks to queue
[2026-04-27T01:33:53.966+0000] {logging_mixin.py:188} INFO - [2026-04-27T01:33:53.966+0000] {dagbag.py:538} INFO - Filling up the DagBag from /home/airflow/dags/feature_engineering_dag.py
[2026-04-27T01:33:54.868+0000] {processor.py:840} INFO - DAG(s) 'feature_engineering_pipeline' retrieved from /home/airflow/dags/feature_engineering_dag.py
[2026-04-27T01:33:54.888+0000] {logging_mixin.py:188} INFO - [2026-04-27T01:33:54.888+0000] {dag.py:3036} INFO - Sync 1 DAGs
[2026-04-27T01:33:54.906+0000] {logging_mixin.py:188} INFO - [2026-04-27T01:33:54.906+0000] {dag.py:3823} INFO - Setting next_dagrun for feature_engineering_pipeline to 2026-04-26 00:00:00+00:00, run_after=2026-05-03 00:00:00+00:00
[2026-04-27T01:33:54.930+0000] {processor.py:183} INFO - Processing /home/airflow/dags/feature_engineering_dag.py took 0.970 seconds
[2026-04-27T01:34:25.541+0000] {processor.py:161} INFO - Started process (PID=6274) to work on /home/airflow/dags/feature_engineering_dag.py
[2026-04-27T01:34:25.542+0000] {processor.py:830} INFO - Processing file /home/airflow/dags/feature_engineering_dag.py for tasks to queue
[2026-04-27T01:34:25.543+0000] {logging_mixin.py:188} INFO - [2026-04-27T01:34:25.543+0000] {dagbag.py:538} INFO - Filling up the DagBag from /home/airflow/dags/feature_engineering_dag.py
[2026-04-27T01:34:27.014+0000] {processor.py:840} INFO - DAG(s) 'feature_engineering_pipeline' retrieved from /home/airflow/dags/feature_engineering_dag.py
[2026-04-27T01:34:27.057+0000] {logging_mixin.py:188} INFO - [2026-04-27T01:34:27.056+0000] {dag.py:3036} INFO - Sync 1 DAGs
[2026-04-27T01:34:27.093+0000] {logging_mixin.py:188} INFO - [2026-04-27T01:34:27.093+0000] {dag.py:3823} INFO - Setting next_dagrun for feature_engineering_pipeline to 2026-04-26 00:00:00+00:00, run_after=2026-05-03 00:00:00+00:00
[2026-04-27T01:34:27.121+0000] {processor.py:183} INFO - Processing /home/airflow/dags/feature_engineering_dag.py took 1.584 seconds
[2026-04-27T01:34:57.329+0000] {processor.py:161} INFO - Started process (PID=6319) to work on /home/airflow/dags/feature_engineering_dag.py
[2026-04-27T01:34:57.331+0000] {processor.py:830} INFO - Processing file /home/airflow/dags/feature_engineering_dag.py for tasks to queue
[2026-04-27T01:34:57.332+0000] {logging_mixin.py:188} INFO - [2026-04-27T01:34:57.331+0000] {dagbag.py:538} INFO - Filling up the DagBag from /home/airflow/dags/feature_engineering_dag.py
[2026-04-27T01:34:58.066+0000] {processor.py:840} INFO - DAG(s) 'feature_engineering_pipeline' retrieved from /home/airflow/dags/feature_engineering_dag.py
[2026-04-27T01:34:58.087+0000] {logging_mixin.py:188} INFO - [2026-04-27T01:34:58.086+0000] {dag.py:3036} INFO - Sync 1 DAGs
[2026-04-27T01:34:58.104+0000] {logging_mixin.py:188} INFO - [2026-04-27T01:34:58.103+0000] {dag.py:3823} INFO - Setting next_dagrun for feature_engineering_pipeline to 2026-04-26 00:00:00+00:00, run_after=2026-05-03 00:00:00+00:00
[2026-04-27T01:34:58.126+0000] {processor.py:183} INFO - Processing /home/airflow/dags/feature_engineering_dag.py took 0.802 seconds
[2026-04-27T01:35:28.696+0000] {processor.py:161} INFO - Started process (PID=6364) to work on /home/airflow/dags/feature_engineering_dag.py
[2026-04-27T01:35:28.697+0000] {processor.py:830} INFO - Processing file /home/airflow/dags/feature_engineering_dag.py for tasks to queue
[2026-04-27T01:35:28.698+0000] {logging_mixin.py:188} INFO - [2026-04-27T01:35:28.698+0000] {dagbag.py:538} INFO - Filling up the DagBag from /home/airflow/dags/feature_engineering_dag.py
[2026-04-27T01:35:29.433+0000] {processor.py:840} INFO - DAG(s) 'feature_engineering_pipeline' retrieved from /home/airflow/dags/feature_engineering_dag.py
[2026-04-27T01:35:29.457+0000] {logging_mixin.py:188} INFO - [2026-04-27T01:35:29.456+0000] {dag.py:3036} INFO - Sync 1 DAGs
[2026-04-27T01:35:29.475+0000] {logging_mixin.py:188} INFO - [2026-04-27T01:35:29.475+0000] {dag.py:3823} INFO - Setting next_dagrun for feature_engineering_pipeline to 2026-04-26 00:00:00+00:00, run_after=2026-05-03 00:00:00+00:00
[2026-04-27T01:35:29.502+0000] {processor.py:183} INFO - Processing /home/airflow/dags/feature_engineering_dag.py took 0.810 seconds
[2026-04-27T01:35:59.635+0000] {processor.py:161} INFO - Started process (PID=6409) to work on /home/airflow/dags/feature_engineering_dag.py
[2026-04-27T01:35:59.637+0000] {processor.py:830} INFO - Processing file /home/airflow/dags/feature_engineering_dag.py for tasks to queue
[2026-04-27T01:35:59.639+0000] {logging_mixin.py:188} INFO - [2026-04-27T01:35:59.638+0000] {dagbag.py:538} INFO - Filling up the DagBag from /home/airflow/dags/feature_engineering_dag.py
[2026-04-27T01:36:00.499+0000] {processor.py:840} INFO - DAG(s) 'feature_engineering_pipeline' retrieved from /home/airflow/dags/feature_engineering_dag.py
[2026-04-27T01:36:00.520+0000] {logging_mixin.py:188} INFO - [2026-04-27T01:36:00.520+0000] {dag.py:3036} INFO - Sync 1 DAGs
[2026-04-27T01:36:00.537+0000] {logging_mixin.py:188} INFO - [2026-04-27T01:36:00.537+0000] {dag.py:3823} INFO - Setting next_dagrun for feature_engineering_pipeline to 2026-04-26 00:00:00+00:00, run_after=2026-05-03 00:00:00+00:00
[2026-04-27T01:36:00.560+0000] {processor.py:183} INFO - Processing /home/airflow/dags/feature_engineering_dag.py took 0.929 seconds
[2026-04-27T01:36:30.851+0000] {processor.py:161} INFO - Started process (PID=6454) to work on /home/airflow/dags/feature_engineering_dag.py
[2026-04-27T01:36:30.853+0000] {processor.py:830} INFO - Processing file /home/airflow/dags/feature_engineering_dag.py for tasks to queue
[2026-04-27T01:36:30.854+0000] {logging_mixin.py:188} INFO - [2026-04-27T01:36:30.854+0000] {dagbag.py:538} INFO - Filling up the DagBag from /home/airflow/dags/feature_engineering_dag.py
[2026-04-27T01:36:31.642+0000] {processor.py:840} INFO - DAG(s) 'feature_engineering_pipeline' retrieved from /home/airflow/dags/feature_engineering_dag.py
[2026-04-27T01:36:31.663+0000] {logging_mixin.py:188} INFO - [2026-04-27T01:36:31.662+0000] {dag.py:3036} INFO - Sync 1 DAGs
[2026-04-27T01:36:31.678+0000] {logging_mixin.py:188} INFO - [2026-04-27T01:36:31.678+0000] {dag.py:3823} INFO - Setting next_dagrun for feature_engineering_pipeline to 2026-04-26 00:00:00+00:00, run_after=2026-05-03 00:00:00+00:00
[2026-04-27T01:36:31.701+0000] {processor.py:183} INFO - Processing /home/airflow/dags/feature_engineering_dag.py took 0.855 seconds
[2026-04-27T01:37:01.972+0000] {processor.py:161} INFO - Started process (PID=6499) to work on /home/airflow/dags/feature_engineering_dag.py
[2026-04-27T01:37:01.974+0000] {processor.py:830} INFO - Processing file /home/airflow/dags/feature_engineering_dag.py for tasks to queue
[2026-04-27T01:37:01.975+0000] {logging_mixin.py:188} INFO - [2026-04-27T01:37:01.974+0000] {dagbag.py:538} INFO - Filling up the DagBag from /home/airflow/dags/feature_engineering_dag.py
[2026-04-27T01:37:02.681+0000] {processor.py:840} INFO - DAG(s) 'feature_engineering_pipeline' retrieved from /home/airflow/dags/feature_engineering_dag.py
[2026-04-27T01:37:02.703+0000] {logging_mixin.py:188} INFO - [2026-04-27T01:37:02.703+0000] {dag.py:3036} INFO - Sync 1 DAGs
[2026-04-27T01:37:02.721+0000] {logging_mixin.py:188} INFO - [2026-04-27T01:37:02.720+0000] {dag.py:3823} INFO - Setting next_dagrun for feature_engineering_pipeline to 2026-04-26 00:00:00+00:00, run_after=2026-05-03 00:00:00+00:00
[2026-04-27T01:37:02.743+0000] {processor.py:183} INFO - Processing /home/airflow/dags/feature_engineering_dag.py took 0.776 seconds
[2026-04-27T01:37:33.259+0000] {processor.py:161} INFO - Started process (PID=6544) to work on /home/airflow/dags/feature_engineering_dag.py
[2026-04-27T01:37:33.260+0000] {processor.py:830} INFO - Processing file /home/airflow/dags/feature_engineering_dag.py for tasks to queue
[2026-04-27T01:37:33.261+0000] {logging_mixin.py:188} INFO - [2026-04-27T01:37:33.261+0000] {dagbag.py:538} INFO - Filling up the DagBag from /home/airflow/dags/feature_engineering_dag.py
[2026-04-27T01:37:34.096+0000] {processor.py:840} INFO - DAG(s) 'feature_engineering_pipeline' retrieved from /home/airflow/dags/feature_engineering_dag.py
[2026-04-27T01:37:34.115+0000] {logging_mixin.py:188} INFO - [2026-04-27T01:37:34.114+0000] {dag.py:3036} INFO - Sync 1 DAGs
[2026-04-27T01:37:34.132+0000] {logging_mixin.py:188} INFO - [2026-04-27T01:37:34.132+0000] {dag.py:3823} INFO - Setting next_dagrun for feature_engineering_pipeline to 2026-04-26 00:00:00+00:00, run_after=2026-05-03 00:00:00+00:00
[2026-04-27T01:37:34.155+0000] {processor.py:183} INFO - Processing /home/airflow/dags/feature_engineering_dag.py took 0.899 seconds
[2026-04-27T01:38:04.303+0000] {processor.py:161} INFO - Started process (PID=6589) to work on /home/airflow/dags/feature_engineering_dag.py
[2026-04-27T01:38:04.304+0000] {processor.py:830} INFO - Processing file /home/airflow/dags/feature_engineering_dag.py for tasks to queue
[2026-04-27T01:38:04.305+0000] {logging_mixin.py:188} INFO - [2026-04-27T01:38:04.305+0000] {dagbag.py:538} INFO - Filling up the DagBag from /home/airflow/dags/feature_engineering_dag.py
[2026-04-27T01:38:05.210+0000] {processor.py:840} INFO - DAG(s) 'feature_engineering_pipeline' retrieved from /home/airflow/dags/feature_engineering_dag.py
[2026-04-27T01:38:05.232+0000] {logging_mixin.py:188} INFO - [2026-04-27T01:38:05.232+0000] {dag.py:3036} INFO - Sync 1 DAGs
[2026-04-27T01:38:05.252+0000] {logging_mixin.py:188} INFO - [2026-04-27T01:38:05.252+0000] {dag.py:3823} INFO - Setting next_dagrun for feature_engineering_pipeline to 2026-04-26 00:00:00+00:00, run_after=2026-05-03 00:00:00+00:00
[2026-04-27T01:38:05.281+0000] {processor.py:183} INFO - Processing /home/airflow/dags/feature_engineering_dag.py took 0.982 seconds
[2026-04-27T01:38:35.649+0000] {processor.py:161} INFO - Started process (PID=6634) to work on /home/airflow/dags/feature_engineering_dag.py
[2026-04-27T01:38:35.650+0000] {processor.py:830} INFO - Processing file /home/airflow/dags/feature_engineering_dag.py for tasks to queue
[2026-04-27T01:38:35.651+0000] {logging_mixin.py:188} INFO - [2026-04-27T01:38:35.651+0000] {dagbag.py:538} INFO - Filling up the DagBag from /home/airflow/dags/feature_engineering_dag.py
[2026-04-27T01:38:36.401+0000] {processor.py:840} INFO - DAG(s) 'feature_engineering_pipeline' retrieved from /home/airflow/dags/feature_engineering_dag.py
[2026-04-27T01:38:36.426+0000] {logging_mixin.py:188} INFO - [2026-04-27T01:38:36.425+0000] {dag.py:3036} INFO - Sync 1 DAGs
[2026-04-27T01:38:36.442+0000] {logging_mixin.py:188} INFO - [2026-04-27T01:38:36.442+0000] {dag.py:3823} INFO - Setting next_dagrun for feature_engineering_pipeline to 2026-04-26 00:00:00+00:00, run_after=2026-05-03 00:00:00+00:00
[2026-04-27T01:38:36.464+0000] {processor.py:183} INFO - Processing /home/airflow/dags/feature_engineering_dag.py took 0.818 seconds
[2026-04-27T01:39:06.885+0000] {processor.py:161} INFO - Started process (PID=6679) to work on /home/airflow/dags/feature_engineering_dag.py
[2026-04-27T01:39:06.887+0000] {processor.py:830} INFO - Processing file /home/airflow/dags/feature_engineering_dag.py for tasks to queue
[2026-04-27T01:39:06.888+0000] {logging_mixin.py:188} INFO - [2026-04-27T01:39:06.887+0000] {dagbag.py:538} INFO - Filling up the DagBag from /home/airflow/dags/feature_engineering_dag.py
[2026-04-27T01:39:07.771+0000] {processor.py:840} INFO - DAG(s) 'feature_engineering_pipeline' retrieved from /home/airflow/dags/feature_engineering_dag.py
[2026-04-27T01:39:07.790+0000] {logging_mixin.py:188} INFO - [2026-04-27T01:39:07.790+0000] {dag.py:3036} INFO - Sync 1 DAGs
[2026-04-27T01:39:07.806+0000] {logging_mixin.py:188} INFO - [2026-04-27T01:39:07.806+0000] {dag.py:3823} INFO - Setting next_dagrun for feature_engineering_pipeline to 2026-04-26 00:00:00+00:00, run_after=2026-05-03 00:00:00+00:00
[2026-04-27T01:39:07.829+0000] {processor.py:183} INFO - Processing /home/airflow/dags/feature_engineering_dag.py took 0.947 seconds
[2026-04-27T01:39:37.894+0000] {processor.py:161} INFO - Started process (PID=6724) to work on /home/airflow/dags/feature_engineering_dag.py
[2026-04-27T01:39:37.895+0000] {processor.py:830} INFO - Processing file /home/airflow/dags/feature_engineering_dag.py for tasks to queue
[2026-04-27T01:39:37.896+0000] {logging_mixin.py:188} INFO - [2026-04-27T01:39:37.896+0000] {dagbag.py:538} INFO - Filling up the DagBag from /home/airflow/dags/feature_engineering_dag.py
[2026-04-27T01:39:38.604+0000] {processor.py:840} INFO - DAG(s) 'feature_engineering_pipeline' retrieved from /home/airflow/dags/feature_engineering_dag.py
[2026-04-27T01:39:38.623+0000] {logging_mixin.py:188} INFO - [2026-04-27T01:39:38.623+0000] {dag.py:3036} INFO - Sync 1 DAGs
[2026-04-27T01:39:38.639+0000] {logging_mixin.py:188} INFO - [2026-04-27T01:39:38.639+0000] {dag.py:3823} INFO - Setting next_dagrun for feature_engineering_pipeline to 2026-04-26 00:00:00+00:00, run_after=2026-05-03 00:00:00+00:00
[2026-04-27T01:39:38.663+0000] {processor.py:183} INFO - Processing /home/airflow/dags/feature_engineering_dag.py took 0.773 seconds
[2026-04-27T01:40:08.879+0000] {processor.py:161} INFO - Started process (PID=6769) to work on /home/airflow/dags/feature_engineering_dag.py
[2026-04-27T01:40:08.880+0000] {processor.py:830} INFO - Processing file /home/airflow/dags/feature_engineering_dag.py for tasks to queue
[2026-04-27T01:40:08.881+0000] {logging_mixin.py:188} INFO - [2026-04-27T01:40:08.881+0000] {dagbag.py:538} INFO - Filling up the DagBag from /home/airflow/dags/feature_engineering_dag.py
[2026-04-27T01:40:09.586+0000] {processor.py:840} INFO - DAG(s) 'feature_engineering_pipeline' retrieved from /home/airflow/dags/feature_engineering_dag.py
[2026-04-27T01:40:09.607+0000] {logging_mixin.py:188} INFO - [2026-04-27T01:40:09.606+0000] {dag.py:3036} INFO - Sync 1 DAGs
[2026-04-27T01:40:09.625+0000] {logging_mixin.py:188} INFO - [2026-04-27T01:40:09.624+0000] {dag.py:3823} INFO - Setting next_dagrun for feature_engineering_pipeline to 2026-04-26 00:00:00+00:00, run_after=2026-05-03 00:00:00+00:00
[2026-04-27T01:40:09.648+0000] {processor.py:183} INFO - Processing /home/airflow/dags/feature_engineering_dag.py took 0.772 seconds
[2026-04-27T01:40:39.820+0000] {processor.py:161} INFO - Started process (PID=6814) to work on /home/airflow/dags/feature_engineering_dag.py
[2026-04-27T01:40:39.822+0000] {processor.py:830} INFO - Processing file /home/airflow/dags/feature_engineering_dag.py for tasks to queue
[2026-04-27T01:40:39.823+0000] {logging_mixin.py:188} INFO - [2026-04-27T01:40:39.823+0000] {dagbag.py:538} INFO - Filling up the DagBag from /home/airflow/dags/feature_engineering_dag.py
[2026-04-27T01:40:40.532+0000] {processor.py:840} INFO - DAG(s) 'feature_engineering_pipeline' retrieved from /home/airflow/dags/feature_engineering_dag.py
[2026-04-27T01:40:40.552+0000] {logging_mixin.py:188} INFO - [2026-04-27T01:40:40.552+0000] {dag.py:3036} INFO - Sync 1 DAGs
[2026-04-27T01:40:40.571+0000] {logging_mixin.py:188} INFO - [2026-04-27T01:40:40.570+0000] {dag.py:3823} INFO - Setting next_dagrun for feature_engineering_pipeline to 2026-04-26 00:00:00+00:00, run_after=2026-05-03 00:00:00+00:00
[2026-04-27T01:40:40.593+0000] {processor.py:183} INFO - Processing /home/airflow/dags/feature_engineering_dag.py took 0.777 seconds
[2026-04-27T01:41:10.985+0000] {processor.py:161} INFO - Started process (PID=6859) to work on /home/airflow/dags/feature_engineering_dag.py
[2026-04-27T01:41:10.987+0000] {processor.py:830} INFO - Processing file /home/airflow/dags/feature_engineering_dag.py for tasks to queue
[2026-04-27T01:41:10.988+0000] {logging_mixin.py:188} INFO - [2026-04-27T01:41:10.988+0000] {dagbag.py:538} INFO - Filling up the DagBag from /home/airflow/dags/feature_engineering_dag.py
[2026-04-27T01:41:11.794+0000] {processor.py:840} INFO - DAG(s) 'feature_engineering_pipeline' retrieved from /home/airflow/dags/feature_engineering_dag.py
[2026-04-27T01:41:11.817+0000] {logging_mixin.py:188} INFO - [2026-04-27T01:41:11.816+0000] {dag.py:3036} INFO - Sync 1 DAGs
[2026-04-27T01:41:11.834+0000] {logging_mixin.py:188} INFO - [2026-04-27T01:41:11.834+0000] {dag.py:3823} INFO - Setting next_dagrun for feature_engineering_pipeline to 2026-04-26 00:00:00+00:00, run_after=2026-05-03 00:00:00+00:00
[2026-04-27T01:41:11.855+0000] {processor.py:183} INFO - Processing /home/airflow/dags/feature_engineering_dag.py took 0.874 seconds
[2026-04-27T01:41:41.915+0000] {processor.py:161} INFO - Started process (PID=6904) to work on /home/airflow/dags/feature_engineering_dag.py
[2026-04-27T01:41:41.916+0000] {processor.py:830} INFO - Processing file /home/airflow/dags/feature_engineering_dag.py for tasks to queue
[2026-04-27T01:41:41.917+0000] {logging_mixin.py:188} INFO - [2026-04-27T01:41:41.917+0000] {dagbag.py:538} INFO - Filling up the DagBag from /home/airflow/dags/feature_engineering_dag.py
[2026-04-27T01:41:42.638+0000] {processor.py:840} INFO - DAG(s) 'feature_engineering_pipeline' retrieved from /home/airflow/dags/feature_engineering_dag.py
[2026-04-27T01:41:42.659+0000] {logging_mixin.py:188} INFO - [2026-04-27T01:41:42.658+0000] {dag.py:3036} INFO - Sync 1 DAGs
[2026-04-27T01:41:42.675+0000] {logging_mixin.py:188} INFO - [2026-04-27T01:41:42.675+0000] {dag.py:3823} INFO - Setting next_dagrun for feature_engineering_pipeline to 2026-04-26 00:00:00+00:00, run_after=2026-05-03 00:00:00+00:00
[2026-04-27T01:41:42.699+0000] {processor.py:183} INFO - Processing /home/airflow/dags/feature_engineering_dag.py took 0.787 seconds
[2026-04-27T01:42:12.824+0000] {processor.py:161} INFO - Started process (PID=6949) to work on /home/airflow/dags/feature_engineering_dag.py
[2026-04-27T01:42:12.826+0000] {processor.py:830} INFO - Processing file /home/airflow/dags/feature_engineering_dag.py for tasks to queue
[2026-04-27T01:42:12.828+0000] {logging_mixin.py:188} INFO - [2026-04-27T01:42:12.827+0000] {dagbag.py:538} INFO - Filling up the DagBag from /home/airflow/dags/feature_engineering_dag.py
[2026-04-27T01:42:13.564+0000] {processor.py:840} INFO - DAG(s) 'feature_engineering_pipeline' retrieved from /home/airflow/dags/feature_engineering_dag.py
[2026-04-27T01:42:13.585+0000] {logging_mixin.py:188} INFO - [2026-04-27T01:42:13.584+0000] {dag.py:3036} INFO - Sync 1 DAGs
[2026-04-27T01:42:13.601+0000] {logging_mixin.py:188} INFO - [2026-04-27T01:42:13.600+0000] {dag.py:3823} INFO - Setting next_dagrun for feature_engineering_pipeline to 2026-04-26 00:00:00+00:00, run_after=2026-05-03 00:00:00+00:00
[2026-04-27T01:42:13.625+0000] {processor.py:183} INFO - Processing /home/airflow/dags/feature_engineering_dag.py took 0.806 seconds
[2026-04-27T01:42:43.854+0000] {processor.py:161} INFO - Started process (PID=6994) to work on /home/airflow/dags/feature_engineering_dag.py
[2026-04-27T01:42:43.855+0000] {processor.py:830} INFO - Processing file /home/airflow/dags/feature_engineering_dag.py for tasks to queue
[2026-04-27T01:42:43.856+0000] {logging_mixin.py:188} INFO - [2026-04-27T01:42:43.856+0000] {dagbag.py:538} INFO - Filling up the DagBag from /home/airflow/dags/feature_engineering_dag.py
[2026-04-27T01:42:44.578+0000] {processor.py:840} INFO - DAG(s) 'feature_engineering_pipeline' retrieved from /home/airflow/dags/feature_engineering_dag.py
[2026-04-27T01:42:44.598+0000] {logging_mixin.py:188} INFO - [2026-04-27T01:42:44.598+0000] {dag.py:3036} INFO - Sync 1 DAGs
[2026-04-27T01:42:44.615+0000] {logging_mixin.py:188} INFO - [2026-04-27T01:42:44.615+0000] {dag.py:3823} INFO - Setting next_dagrun for feature_engineering_pipeline to 2026-04-26 00:00:00+00:00, run_after=2026-05-03 00:00:00+00:00
[2026-04-27T01:42:44.640+0000] {processor.py:183} INFO - Processing /home/airflow/dags/feature_engineering_dag.py took 0.790 seconds
[2026-04-27T01:43:15.338+0000] {processor.py:161} INFO - Started process (PID=7039) to work on /home/airflow/dags/feature_engineering_dag.py
[2026-04-27T01:43:15.339+0000] {processor.py:830} INFO - Processing file /home/airflow/dags/feature_engineering_dag.py for tasks to queue
[2026-04-27T01:43:15.340+0000] {logging_mixin.py:188} INFO - [2026-04-27T01:43:15.340+0000] {dagbag.py:538} INFO - Filling up the DagBag from /home/airflow/dags/feature_engineering_dag.py
[2026-04-27T01:43:16.122+0000] {processor.py:840} INFO - DAG(s) 'feature_engineering_pipeline' retrieved from /home/airflow/dags/feature_engineering_dag.py
[2026-04-27T01:43:16.142+0000] {logging_mixin.py:188} INFO - [2026-04-27T01:43:16.141+0000] {dag.py:3036} INFO - Sync 1 DAGs
[2026-04-27T01:43:16.161+0000] {logging_mixin.py:188} INFO - [2026-04-27T01:43:16.160+0000] {dag.py:3823} INFO - Setting next_dagrun for feature_engineering_pipeline to 2026-04-26 00:00:00+00:00, run_after=2026-05-03 00:00:00+00:00
[2026-04-27T01:43:16.186+0000] {processor.py:183} INFO - Processing /home/airflow/dags/feature_engineering_dag.py took 0.852 seconds
[2026-04-27T01:43:46.604+0000] {processor.py:161} INFO - Started process (PID=7084) to work on /home/airflow/dags/feature_engineering_dag.py
[2026-04-27T01:43:46.606+0000] {processor.py:830} INFO - Processing file /home/airflow/dags/feature_engineering_dag.py for tasks to queue
[2026-04-27T01:43:46.607+0000] {logging_mixin.py:188} INFO - [2026-04-27T01:43:46.607+0000] {dagbag.py:538} INFO - Filling up the DagBag from /home/airflow/dags/feature_engineering_dag.py
[2026-04-27T01:43:47.295+0000] {processor.py:840} INFO - DAG(s) 'feature_engineering_pipeline' retrieved from /home/airflow/dags/feature_engineering_dag.py
[2026-04-27T01:43:47.320+0000] {logging_mixin.py:188} INFO - [2026-04-27T01:43:47.320+0000] {dag.py:3036} INFO - Sync 1 DAGs
[2026-04-27T01:43:47.354+0000] {logging_mixin.py:188} INFO - [2026-04-27T01:43:47.353+0000] {dag.py:3823} INFO - Setting next_dagrun for feature_engineering_pipeline to 2026-04-26 00:00:00+00:00, run_after=2026-05-03 00:00:00+00:00
[2026-04-27T01:43:47.381+0000] {processor.py:183} INFO - Processing /home/airflow/dags/feature_engineering_dag.py took 0.782 seconds
[2026-04-27T01:44:17.767+0000] {processor.py:161} INFO - Started process (PID=7129) to work on /home/airflow/dags/feature_engineering_dag.py
[2026-04-27T01:44:17.768+0000] {processor.py:830} INFO - Processing file /home/airflow/dags/feature_engineering_dag.py for tasks to queue
[2026-04-27T01:44:17.770+0000] {logging_mixin.py:188} INFO - [2026-04-27T01:44:17.769+0000] {dagbag.py:538} INFO - Filling up the DagBag from /home/airflow/dags/feature_engineering_dag.py
[2026-04-27T01:44:18.535+0000] {processor.py:840} INFO - DAG(s) 'feature_engineering_pipeline' retrieved from /home/airflow/dags/feature_engineering_dag.py
[2026-04-27T01:44:18.555+0000] {logging_mixin.py:188} INFO - [2026-04-27T01:44:18.555+0000] {dag.py:3036} INFO - Sync 1 DAGs
[2026-04-27T01:44:18.572+0000] {logging_mixin.py:188} INFO - [2026-04-27T01:44:18.572+0000] {dag.py:3823} INFO - Setting next_dagrun for feature_engineering_pipeline to 2026-04-26 00:00:00+00:00, run_after=2026-05-03 00:00:00+00:00
[2026-04-27T01:44:18.594+0000] {processor.py:183} INFO - Processing /home/airflow/dags/feature_engineering_dag.py took 0.831 seconds
[2026-04-27T01:44:49.232+0000] {processor.py:161} INFO - Started process (PID=7174) to work on /home/airflow/dags/feature_engineering_dag.py
[2026-04-27T01:44:49.234+0000] {processor.py:830} INFO - Processing file /home/airflow/dags/feature_engineering_dag.py for tasks to queue
[2026-04-27T01:44:49.235+0000] {logging_mixin.py:188} INFO - [2026-04-27T01:44:49.235+0000] {dagbag.py:538} INFO - Filling up the DagBag from /home/airflow/dags/feature_engineering_dag.py
[2026-04-27T01:44:50.204+0000] {processor.py:840} INFO - DAG(s) 'feature_engineering_pipeline' retrieved from /home/airflow/dags/feature_engineering_dag.py
[2026-04-27T01:44:50.227+0000] {logging_mixin.py:188} INFO - [2026-04-27T01:44:50.226+0000] {dag.py:3036} INFO - Sync 1 DAGs
[2026-04-27T01:44:50.245+0000] {logging_mixin.py:188} INFO - [2026-04-27T01:44:50.245+0000] {dag.py:3823} INFO - Setting next_dagrun for feature_engineering_pipeline to 2026-04-26 00:00:00+00:00, run_after=2026-05-03 00:00:00+00:00
[2026-04-27T01:44:50.269+0000] {processor.py:183} INFO - Processing /home/airflow/dags/feature_engineering_dag.py took 1.040 seconds
[2026-04-27T01:45:20.649+0000] {processor.py:161} INFO - Started process (PID=7219) to work on /home/airflow/dags/feature_engineering_dag.py
[2026-04-27T01:45:20.650+0000] {processor.py:830} INFO - Processing file /home/airflow/dags/feature_engineering_dag.py for tasks to queue
[2026-04-27T01:45:20.651+0000] {logging_mixin.py:188} INFO - [2026-04-27T01:45:20.651+0000] {dagbag.py:538} INFO - Filling up the DagBag from /home/airflow/dags/feature_engineering_dag.py
[2026-04-27T01:45:21.483+0000] {processor.py:840} INFO - DAG(s) 'feature_engineering_pipeline' retrieved from /home/airflow/dags/feature_engineering_dag.py
[2026-04-27T01:45:21.503+0000] {logging_mixin.py:188} INFO - [2026-04-27T01:45:21.503+0000] {dag.py:3036} INFO - Sync 1 DAGs
[2026-04-27T01:45:21.522+0000] {logging_mixin.py:188} INFO - [2026-04-27T01:45:21.521+0000] {dag.py:3823} INFO - Setting next_dagrun for feature_engineering_pipeline to 2026-04-26 00:00:00+00:00, run_after=2026-05-03 00:00:00+00:00
[2026-04-27T01:45:21.542+0000] {processor.py:183} INFO - Processing /home/airflow/dags/feature_engineering_dag.py took 0.898 seconds
[2026-04-27T01:45:51.637+0000] {processor.py:161} INFO - Started process (PID=7264) to work on /home/airflow/dags/feature_engineering_dag.py
[2026-04-27T01:45:51.639+0000] {processor.py:830} INFO - Processing file /home/airflow/dags/feature_engineering_dag.py for tasks to queue
[2026-04-27T01:45:51.640+0000] {logging_mixin.py:188} INFO - [2026-04-27T01:45:51.640+0000] {dagbag.py:538} INFO - Filling up the DagBag from /home/airflow/dags/feature_engineering_dag.py
[2026-04-27T01:45:52.640+0000] {processor.py:840} INFO - DAG(s) 'feature_engineering_pipeline' retrieved from /home/airflow/dags/feature_engineering_dag.py
[2026-04-27T01:45:52.663+0000] {logging_mixin.py:188} INFO - [2026-04-27T01:45:52.662+0000] {dag.py:3036} INFO - Sync 1 DAGs
[2026-04-27T01:45:52.686+0000] {logging_mixin.py:188} INFO - [2026-04-27T01:45:52.686+0000] {dag.py:3823} INFO - Setting next_dagrun for feature_engineering_pipeline to 2026-04-26 00:00:00+00:00, run_after=2026-05-03 00:00:00+00:00
[2026-04-27T01:45:52.713+0000] {processor.py:183} INFO - Processing /home/airflow/dags/feature_engineering_dag.py took 1.079 seconds
[2026-04-27T01:46:23.076+0000] {processor.py:161} INFO - Started process (PID=7309) to work on /home/airflow/dags/feature_engineering_dag.py
[2026-04-27T01:46:23.077+0000] {processor.py:830} INFO - Processing file /home/airflow/dags/feature_engineering_dag.py for tasks to queue
[2026-04-27T01:46:23.078+0000] {logging_mixin.py:188} INFO - [2026-04-27T01:46:23.078+0000] {dagbag.py:538} INFO - Filling up the DagBag from /home/airflow/dags/feature_engineering_dag.py
[2026-04-27T01:46:24.023+0000] {processor.py:840} INFO - DAG(s) 'feature_engineering_pipeline' retrieved from /home/airflow/dags/feature_engineering_dag.py
[2026-04-27T01:46:24.043+0000] {logging_mixin.py:188} INFO - [2026-04-27T01:46:24.043+0000] {dag.py:3036} INFO - Sync 1 DAGs
[2026-04-27T01:46:24.064+0000] {logging_mixin.py:188} INFO - [2026-04-27T01:46:24.063+0000] {dag.py:3823} INFO - Setting next_dagrun for feature_engineering_pipeline to 2026-04-26 00:00:00+00:00, run_after=2026-05-03 00:00:00+00:00
[2026-04-27T01:46:24.088+0000] {processor.py:183} INFO - Processing /home/airflow/dags/feature_engineering_dag.py took 1.016 seconds
[2026-04-27T01:46:54.452+0000] {processor.py:161} INFO - Started process (PID=7354) to work on /home/airflow/dags/feature_engineering_dag.py
[2026-04-27T01:46:54.453+0000] {processor.py:830} INFO - Processing file /home/airflow/dags/feature_engineering_dag.py for tasks to queue
[2026-04-27T01:46:54.454+0000] {logging_mixin.py:188} INFO - [2026-04-27T01:46:54.454+0000] {dagbag.py:538} INFO - Filling up the DagBag from /home/airflow/dags/feature_engineering_dag.py
[2026-04-27T01:46:55.244+0000] {processor.py:840} INFO - DAG(s) 'feature_engineering_pipeline' retrieved from /home/airflow/dags/feature_engineering_dag.py
[2026-04-27T01:46:55.270+0000] {logging_mixin.py:188} INFO - [2026-04-27T01:46:55.270+0000] {dag.py:3036} INFO - Sync 1 DAGs
[2026-04-27T01:46:55.293+0000] {logging_mixin.py:188} INFO - [2026-04-27T01:46:55.293+0000] {dag.py:3823} INFO - Setting next_dagrun for feature_engineering_pipeline to 2026-04-26 00:00:00+00:00, run_after=2026-05-03 00:00:00+00:00
[2026-04-27T01:46:55.324+0000] {processor.py:183} INFO - Processing /home/airflow/dags/feature_engineering_dag.py took 0.874 seconds
[2026-04-27T01:47:26.016+0000] {processor.py:161} INFO - Started process (PID=7399) to work on /home/airflow/dags/feature_engineering_dag.py
[2026-04-27T01:47:26.017+0000] {processor.py:830} INFO - Processing file /home/airflow/dags/feature_engineering_dag.py for tasks to queue
[2026-04-27T01:47:26.018+0000] {logging_mixin.py:188} INFO - [2026-04-27T01:47:26.018+0000] {dagbag.py:538} INFO - Filling up the DagBag from /home/airflow/dags/feature_engineering_dag.py
[2026-04-27T01:47:26.853+0000] {processor.py:840} INFO - DAG(s) 'feature_engineering_pipeline' retrieved from /home/airflow/dags/feature_engineering_dag.py
[2026-04-27T01:47:26.875+0000] {logging_mixin.py:188} INFO - [2026-04-27T01:47:26.875+0000] {dag.py:3036} INFO - Sync 1 DAGs
[2026-04-27T01:47:26.892+0000] {logging_mixin.py:188} INFO - [2026-04-27T01:47:26.892+0000] {dag.py:3823} INFO - Setting next_dagrun for feature_engineering_pipeline to 2026-04-26 00:00:00+00:00, run_after=2026-05-03 00:00:00+00:00
[2026-04-27T01:47:26.916+0000] {processor.py:183} INFO - Processing /home/airflow/dags/feature_engineering_dag.py took 0.905 seconds
[2026-04-27T01:47:57.514+0000] {processor.py:161} INFO - Started process (PID=7444) to work on /home/airflow/dags/feature_engineering_dag.py
[2026-04-27T01:47:57.515+0000] {processor.py:830} INFO - Processing file /home/airflow/dags/feature_engineering_dag.py for tasks to queue
[2026-04-27T01:47:57.516+0000] {logging_mixin.py:188} INFO - [2026-04-27T01:47:57.516+0000] {dagbag.py:538} INFO - Filling up the DagBag from /home/airflow/dags/feature_engineering_dag.py
[2026-04-27T01:47:58.462+0000] {processor.py:840} INFO - DAG(s) 'feature_engineering_pipeline' retrieved from /home/airflow/dags/feature_engineering_dag.py
[2026-04-27T01:47:58.486+0000] {logging_mixin.py:188} INFO - [2026-04-27T01:47:58.486+0000] {dag.py:3036} INFO - Sync 1 DAGs
[2026-04-27T01:47:58.508+0000] {logging_mixin.py:188} INFO - [2026-04-27T01:47:58.507+0000] {dag.py:3823} INFO - Setting next_dagrun for feature_engineering_pipeline to 2026-04-26 00:00:00+00:00, run_after=2026-05-03 00:00:00+00:00
[2026-04-27T01:47:58.532+0000] {processor.py:183} INFO - Processing /home/airflow/dags/feature_engineering_dag.py took 1.022 seconds
[2026-04-27T01:48:28.887+0000] {processor.py:161} INFO - Started process (PID=7489) to work on /home/airflow/dags/feature_engineering_dag.py
[2026-04-27T01:48:28.888+0000] {processor.py:830} INFO - Processing file /home/airflow/dags/feature_engineering_dag.py for tasks to queue
[2026-04-27T01:48:28.889+0000] {logging_mixin.py:188} INFO - [2026-04-27T01:48:28.889+0000] {dagbag.py:538} INFO - Filling up the DagBag from /home/airflow/dags/feature_engineering_dag.py
[2026-04-27T01:48:29.682+0000] {processor.py:840} INFO - DAG(s) 'feature_engineering_pipeline' retrieved from /home/airflow/dags/feature_engineering_dag.py
[2026-04-27T01:48:29.701+0000] {logging_mixin.py:188} INFO - [2026-04-27T01:48:29.701+0000] {dag.py:3036} INFO - Sync 1 DAGs
[2026-04-27T01:48:29.716+0000] {logging_mixin.py:188} INFO - [2026-04-27T01:48:29.716+0000] {dag.py:3823} INFO - Setting next_dagrun for feature_engineering_pipeline to 2026-04-26 00:00:00+00:00, run_after=2026-05-03 00:00:00+00:00
[2026-04-27T01:48:29.740+0000] {processor.py:183} INFO - Processing /home/airflow/dags/feature_engineering_dag.py took 0.858 seconds
[2026-04-27T01:49:00.203+0000] {processor.py:161} INFO - Started process (PID=7534) to work on /home/airflow/dags/feature_engineering_dag.py
[2026-04-27T01:49:00.204+0000] {processor.py:830} INFO - Processing file /home/airflow/dags/feature_engineering_dag.py for tasks to queue
[2026-04-27T01:49:00.205+0000] {logging_mixin.py:188} INFO - [2026-04-27T01:49:00.205+0000] {dagbag.py:538} INFO - Filling up the DagBag from /home/airflow/dags/feature_engineering_dag.py
[2026-04-27T01:49:00.936+0000] {processor.py:840} INFO - DAG(s) 'feature_engineering_pipeline' retrieved from /home/airflow/dags/feature_engineering_dag.py
[2026-04-27T01:49:00.956+0000] {logging_mixin.py:188} INFO - [2026-04-27T01:49:00.956+0000] {dag.py:3036} INFO - Sync 1 DAGs
[2026-04-27T01:49:00.973+0000] {logging_mixin.py:188} INFO - [2026-04-27T01:49:00.973+0000] {dag.py:3823} INFO - Setting next_dagrun for feature_engineering_pipeline to 2026-04-26 00:00:00+00:00, run_after=2026-05-03 00:00:00+00:00
[2026-04-27T01:49:00.996+0000] {processor.py:183} INFO - Processing /home/airflow/dags/feature_engineering_dag.py took 0.795 seconds
[2026-04-27T01:49:31.522+0000] {processor.py:161} INFO - Started process (PID=7579) to work on /home/airflow/dags/feature_engineering_dag.py
[2026-04-27T01:49:31.524+0000] {processor.py:830} INFO - Processing file /home/airflow/dags/feature_engineering_dag.py for tasks to queue
[2026-04-27T01:49:31.526+0000] {logging_mixin.py:188} INFO - [2026-04-27T01:49:31.525+0000] {dagbag.py:538} INFO - Filling up the DagBag from /home/airflow/dags/feature_engineering_dag.py
[2026-04-27T01:49:32.315+0000] {processor.py:840} INFO - DAG(s) 'feature_engineering_pipeline' retrieved from /home/airflow/dags/feature_engineering_dag.py
[2026-04-27T01:49:32.333+0000] {logging_mixin.py:188} INFO - [2026-04-27T01:49:32.333+0000] {dag.py:3036} INFO - Sync 1 DAGs
[2026-04-27T01:49:32.350+0000] {logging_mixin.py:188} INFO - [2026-04-27T01:49:32.350+0000] {dag.py:3823} INFO - Setting next_dagrun for feature_engineering_pipeline to 2026-04-26 00:00:00+00:00, run_after=2026-05-03 00:00:00+00:00
[2026-04-27T01:49:32.372+0000] {processor.py:183} INFO - Processing /home/airflow/dags/feature_engineering_dag.py took 0.856 seconds
[2026-04-27T01:50:02.709+0000] {processor.py:161} INFO - Started process (PID=7624) to work on /home/airflow/dags/feature_engineering_dag.py
[2026-04-27T01:50:02.711+0000] {processor.py:830} INFO - Processing file /home/airflow/dags/feature_engineering_dag.py for tasks to queue
[2026-04-27T01:50:02.713+0000] {logging_mixin.py:188} INFO - [2026-04-27T01:50:02.712+0000] {dagbag.py:538} INFO - Filling up the DagBag from /home/airflow/dags/feature_engineering_dag.py
[2026-04-27T01:50:03.473+0000] {processor.py:840} INFO - DAG(s) 'feature_engineering_pipeline' retrieved from /home/airflow/dags/feature_engineering_dag.py
[2026-04-27T01:50:03.492+0000] {logging_mixin.py:188} INFO - [2026-04-27T01:50:03.491+0000] {dag.py:3036} INFO - Sync 1 DAGs
[2026-04-27T01:50:03.508+0000] {logging_mixin.py:188} INFO - [2026-04-27T01:50:03.508+0000] {dag.py:3823} INFO - Setting next_dagrun for feature_engineering_pipeline to 2026-04-26 00:00:00+00:00, run_after=2026-05-03 00:00:00+00:00
[2026-04-27T01:50:03.530+0000] {processor.py:183} INFO - Processing /home/airflow/dags/feature_engineering_dag.py took 0.826 seconds
[2026-04-27T01:50:33.839+0000] {processor.py:161} INFO - Started process (PID=7669) to work on /home/airflow/dags/feature_engineering_dag.py
[2026-04-27T01:50:33.840+0000] {processor.py:830} INFO - Processing file /home/airflow/dags/feature_engineering_dag.py for tasks to queue
[2026-04-27T01:50:33.841+0000] {logging_mixin.py:188} INFO - [2026-04-27T01:50:33.841+0000] {dagbag.py:538} INFO - Filling up the DagBag from /home/airflow/dags/feature_engineering_dag.py
[2026-04-27T01:50:34.606+0000] {processor.py:840} INFO - DAG(s) 'feature_engineering_pipeline' retrieved from /home/airflow/dags/feature_engineering_dag.py
[2026-04-27T01:50:34.627+0000] {logging_mixin.py:188} INFO - [2026-04-27T01:50:34.627+0000] {dag.py:3036} INFO - Sync 1 DAGs
[2026-04-27T01:50:34.642+0000] {logging_mixin.py:188} INFO - [2026-04-27T01:50:34.642+0000] {dag.py:3823} INFO - Setting next_dagrun for feature_engineering_pipeline to 2026-04-26 00:00:00+00:00, run_after=2026-05-03 00:00:00+00:00
[2026-04-27T01:50:34.664+0000] {processor.py:183} INFO - Processing /home/airflow/dags/feature_engineering_dag.py took 0.828 seconds
[2026-04-27T01:51:05.002+0000] {processor.py:161} INFO - Started process (PID=7714) to work on /home/airflow/dags/feature_engineering_dag.py
[2026-04-27T01:51:05.003+0000] {processor.py:830} INFO - Processing file /home/airflow/dags/feature_engineering_dag.py for tasks to queue
[2026-04-27T01:51:05.005+0000] {logging_mixin.py:188} INFO - [2026-04-27T01:51:05.004+0000] {dagbag.py:538} INFO - Filling up the DagBag from /home/airflow/dags/feature_engineering_dag.py
[2026-04-27T01:51:06.022+0000] {processor.py:840} INFO - DAG(s) 'feature_engineering_pipeline' retrieved from /home/airflow/dags/feature_engineering_dag.py
[2026-04-27T01:51:06.044+0000] {logging_mixin.py:188} INFO - [2026-04-27T01:51:06.043+0000] {dag.py:3036} INFO - Sync 1 DAGs
[2026-04-27T01:51:06.066+0000] {logging_mixin.py:188} INFO - [2026-04-27T01:51:06.065+0000] {dag.py:3823} INFO - Setting next_dagrun for feature_engineering_pipeline to 2026-04-26 00:00:00+00:00, run_after=2026-05-03 00:00:00+00:00
[2026-04-27T01:51:06.096+0000] {processor.py:183} INFO - Processing /home/airflow/dags/feature_engineering_dag.py took 1.096 seconds
[2026-04-27T01:51:36.593+0000] {processor.py:161} INFO - Started process (PID=7759) to work on /home/airflow/dags/feature_engineering_dag.py
[2026-04-27T01:51:36.594+0000] {processor.py:830} INFO - Processing file /home/airflow/dags/feature_engineering_dag.py for tasks to queue
[2026-04-27T01:51:36.595+0000] {logging_mixin.py:188} INFO - [2026-04-27T01:51:36.595+0000] {dagbag.py:538} INFO - Filling up the DagBag from /home/airflow/dags/feature_engineering_dag.py
[2026-04-27T01:51:37.435+0000] {processor.py:840} INFO - DAG(s) 'feature_engineering_pipeline' retrieved from /home/airflow/dags/feature_engineering_dag.py
[2026-04-27T01:51:37.458+0000] {logging_mixin.py:188} INFO - [2026-04-27T01:51:37.458+0000] {dag.py:3036} INFO - Sync 1 DAGs
[2026-04-27T01:51:37.479+0000] {logging_mixin.py:188} INFO - [2026-04-27T01:51:37.479+0000] {dag.py:3823} INFO - Setting next_dagrun for feature_engineering_pipeline to 2026-04-26 00:00:00+00:00, run_after=2026-05-03 00:00:00+00:00
[2026-04-27T01:51:37.506+0000] {processor.py:183} INFO - Processing /home/airflow/dags/feature_engineering_dag.py took 0.916 seconds
[2026-04-27T01:52:07.972+0000] {processor.py:161} INFO - Started process (PID=7804) to work on /home/airflow/dags/feature_engineering_dag.py
[2026-04-27T01:52:07.973+0000] {processor.py:830} INFO - Processing file /home/airflow/dags/feature_engineering_dag.py for tasks to queue
[2026-04-27T01:52:07.975+0000] {logging_mixin.py:188} INFO - [2026-04-27T01:52:07.974+0000] {dagbag.py:538} INFO - Filling up the DagBag from /home/airflow/dags/feature_engineering_dag.py
[2026-04-27T01:52:08.878+0000] {processor.py:840} INFO - DAG(s) 'feature_engineering_pipeline' retrieved from /home/airflow/dags/feature_engineering_dag.py
[2026-04-27T01:52:08.902+0000] {logging_mixin.py:188} INFO - [2026-04-27T01:52:08.902+0000] {dag.py:3036} INFO - Sync 1 DAGs
[2026-04-27T01:52:08.922+0000] {logging_mixin.py:188} INFO - [2026-04-27T01:52:08.921+0000] {dag.py:3823} INFO - Setting next_dagrun for feature_engineering_pipeline to 2026-04-26 00:00:00+00:00, run_after=2026-05-03 00:00:00+00:00
[2026-04-27T01:52:08.949+0000] {processor.py:183} INFO - Processing /home/airflow/dags/feature_engineering_dag.py took 0.981 seconds
[2026-04-27T01:52:39.186+0000] {processor.py:161} INFO - Started process (PID=7849) to work on /home/airflow/dags/feature_engineering_dag.py
[2026-04-27T01:52:39.187+0000] {processor.py:830} INFO - Processing file /home/airflow/dags/feature_engineering_dag.py for tasks to queue
[2026-04-27T01:52:39.188+0000] {logging_mixin.py:188} INFO - [2026-04-27T01:52:39.188+0000] {dagbag.py:538} INFO - Filling up the DagBag from /home/airflow/dags/feature_engineering_dag.py
[2026-04-27T01:52:40.128+0000] {processor.py:840} INFO - DAG(s) 'feature_engineering_pipeline' retrieved from /home/airflow/dags/feature_engineering_dag.py
[2026-04-27T01:52:40.149+0000] {logging_mixin.py:188} INFO - [2026-04-27T01:52:40.148+0000] {dag.py:3036} INFO - Sync 1 DAGs
[2026-04-27T01:52:40.174+0000] {logging_mixin.py:188} INFO - [2026-04-27T01:52:40.173+0000] {dag.py:3823} INFO - Setting next_dagrun for feature_engineering_pipeline to 2026-04-26 00:00:00+00:00, run_after=2026-05-03 00:00:00+00:00
[2026-04-27T01:52:40.200+0000] {processor.py:183} INFO - Processing /home/airflow/dags/feature_engineering_dag.py took 1.018 seconds
[2026-04-27T01:53:10.427+0000] {processor.py:161} INFO - Started process (PID=7894) to work on /home/airflow/dags/feature_engineering_dag.py
[2026-04-27T01:53:10.428+0000] {processor.py:830} INFO - Processing file /home/airflow/dags/feature_engineering_dag.py for tasks to queue
[2026-04-27T01:53:10.429+0000] {logging_mixin.py:188} INFO - [2026-04-27T01:53:10.429+0000] {dagbag.py:538} INFO - Filling up the DagBag from /home/airflow/dags/feature_engineering_dag.py
[2026-04-27T01:53:11.233+0000] {processor.py:840} INFO - DAG(s) 'feature_engineering_pipeline' retrieved from /home/airflow/dags/feature_engineering_dag.py
[2026-04-27T01:53:11.254+0000] {logging_mixin.py:188} INFO - [2026-04-27T01:53:11.254+0000] {dag.py:3036} INFO - Sync 1 DAGs
[2026-04-27T01:53:11.273+0000] {logging_mixin.py:188} INFO - [2026-04-27T01:53:11.273+0000] {dag.py:3823} INFO - Setting next_dagrun for feature_engineering_pipeline to 2026-04-26 00:00:00+00:00, run_after=2026-05-03 00:00:00+00:00
[2026-04-27T01:53:11.297+0000] {processor.py:183} INFO - Processing /home/airflow/dags/feature_engineering_dag.py took 0.873 seconds
[2026-04-27T01:53:41.953+0000] {processor.py:161} INFO - Started process (PID=7939) to work on /home/airflow/dags/feature_engineering_dag.py
[2026-04-27T01:53:41.962+0000] {processor.py:830} INFO - Processing file /home/airflow/dags/feature_engineering_dag.py for tasks to queue
[2026-04-27T01:53:41.970+0000] {logging_mixin.py:188} INFO - [2026-04-27T01:53:41.964+0000] {dagbag.py:538} INFO - Filling up the DagBag from /home/airflow/dags/feature_engineering_dag.py
[2026-04-27T01:53:44.127+0000] {processor.py:840} INFO - DAG(s) 'feature_engineering_pipeline' retrieved from /home/airflow/dags/feature_engineering_dag.py
[2026-04-27T01:53:44.152+0000] {logging_mixin.py:188} INFO - [2026-04-27T01:53:44.152+0000] {dag.py:3036} INFO - Sync 1 DAGs
[2026-04-27T01:53:44.173+0000] {logging_mixin.py:188} INFO - [2026-04-27T01:53:44.173+0000] {dag.py:3823} INFO - Setting next_dagrun for feature_engineering_pipeline to 2026-04-26 00:00:00+00:00, run_after=2026-05-03 00:00:00+00:00
[2026-04-27T01:53:44.196+0000] {processor.py:183} INFO - Processing /home/airflow/dags/feature_engineering_dag.py took 2.267 seconds
[2026-04-27T01:54:14.568+0000] {processor.py:161} INFO - Started process (PID=7984) to work on /home/airflow/dags/feature_engineering_dag.py
[2026-04-27T01:54:14.570+0000] {processor.py:830} INFO - Processing file /home/airflow/dags/feature_engineering_dag.py for tasks to queue
[2026-04-27T01:54:14.571+0000] {logging_mixin.py:188} INFO - [2026-04-27T01:54:14.571+0000] {dagbag.py:538} INFO - Filling up the DagBag from /home/airflow/dags/feature_engineering_dag.py
[2026-04-27T01:54:15.688+0000] {processor.py:840} INFO - DAG(s) 'feature_engineering_pipeline' retrieved from /home/airflow/dags/feature_engineering_dag.py
[2026-04-27T01:54:15.729+0000] {logging_mixin.py:188} INFO - [2026-04-27T01:54:15.728+0000] {dag.py:3036} INFO - Sync 1 DAGs
[2026-04-27T01:54:15.769+0000] {logging_mixin.py:188} INFO - [2026-04-27T01:54:15.769+0000] {dag.py:3823} INFO - Setting next_dagrun for feature_engineering_pipeline to 2026-04-26 00:00:00+00:00, run_after=2026-05-03 00:00:00+00:00
[2026-04-27T01:54:15.952+0000] {processor.py:183} INFO - Processing /home/airflow/dags/feature_engineering_dag.py took 1.387 seconds
[2026-04-27T01:54:46.520+0000] {processor.py:161} INFO - Started process (PID=8029) to work on /home/airflow/dags/feature_engineering_dag.py
[2026-04-27T01:54:46.522+0000] {processor.py:830} INFO - Processing file /home/airflow/dags/feature_engineering_dag.py for tasks to queue
[2026-04-27T01:54:46.523+0000] {logging_mixin.py:188} INFO - [2026-04-27T01:54:46.523+0000] {dagbag.py:538} INFO - Filling up the DagBag from /home/airflow/dags/feature_engineering_dag.py
[2026-04-27T01:54:47.447+0000] {processor.py:840} INFO - DAG(s) 'feature_engineering_pipeline' retrieved from /home/airflow/dags/feature_engineering_dag.py
[2026-04-27T01:54:47.468+0000] {logging_mixin.py:188} INFO - [2026-04-27T01:54:47.468+0000] {dag.py:3036} INFO - Sync 1 DAGs
[2026-04-27T01:54:47.486+0000] {logging_mixin.py:188} INFO - [2026-04-27T01:54:47.485+0000] {dag.py:3823} INFO - Setting next_dagrun for feature_engineering_pipeline to 2026-04-26 00:00:00+00:00, run_after=2026-05-03 00:00:00+00:00
[2026-04-27T01:54:47.512+0000] {processor.py:183} INFO - Processing /home/airflow/dags/feature_engineering_dag.py took 0.996 seconds
[2026-04-27T01:55:18.170+0000] {processor.py:161} INFO - Started process (PID=8074) to work on /home/airflow/dags/feature_engineering_dag.py
[2026-04-27T01:55:18.172+0000] {processor.py:830} INFO - Processing file /home/airflow/dags/feature_engineering_dag.py for tasks to queue
[2026-04-27T01:55:18.173+0000] {logging_mixin.py:188} INFO - [2026-04-27T01:55:18.173+0000] {dagbag.py:538} INFO - Filling up the DagBag from /home/airflow/dags/feature_engineering_dag.py
[2026-04-27T01:55:19.041+0000] {processor.py:840} INFO - DAG(s) 'feature_engineering_pipeline' retrieved from /home/airflow/dags/feature_engineering_dag.py
[2026-04-27T01:55:19.062+0000] {logging_mixin.py:188} INFO - [2026-04-27T01:55:19.062+0000] {dag.py:3036} INFO - Sync 1 DAGs
[2026-04-27T01:55:19.079+0000] {logging_mixin.py:188} INFO - [2026-04-27T01:55:19.079+0000] {dag.py:3823} INFO - Setting next_dagrun for feature_engineering_pipeline to 2026-04-26 00:00:00+00:00, run_after=2026-05-03 00:00:00+00:00
[2026-04-27T01:55:19.104+0000] {processor.py:183} INFO - Processing /home/airflow/dags/feature_engineering_dag.py took 0.939 seconds
[2026-04-27T01:55:49.584+0000] {processor.py:161} INFO - Started process (PID=8119) to work on /home/airflow/dags/feature_engineering_dag.py
[2026-04-27T01:55:49.585+0000] {processor.py:830} INFO - Processing file /home/airflow/dags/feature_engineering_dag.py for tasks to queue
[2026-04-27T01:55:49.586+0000] {logging_mixin.py:188} INFO - [2026-04-27T01:55:49.586+0000] {dagbag.py:538} INFO - Filling up the DagBag from /home/airflow/dags/feature_engineering_dag.py
[2026-04-27T01:55:50.285+0000] {processor.py:840} INFO - DAG(s) 'feature_engineering_pipeline' retrieved from /home/airflow/dags/feature_engineering_dag.py
[2026-04-27T01:55:50.304+0000] {logging_mixin.py:188} INFO - [2026-04-27T01:55:50.304+0000] {dag.py:3036} INFO - Sync 1 DAGs
[2026-04-27T01:55:50.320+0000] {logging_mixin.py:188} INFO - [2026-04-27T01:55:50.320+0000] {dag.py:3823} INFO - Setting next_dagrun for feature_engineering_pipeline to 2026-04-26 00:00:00+00:00, run_after=2026-05-03 00:00:00+00:00
[2026-04-27T01:55:50.342+0000] {processor.py:183} INFO - Processing /home/airflow/dags/feature_engineering_dag.py took 0.762 seconds
[2026-04-27T01:56:21.066+0000] {processor.py:161} INFO - Started process (PID=8164) to work on /home/airflow/dags/feature_engineering_dag.py
[2026-04-27T01:56:21.067+0000] {processor.py:830} INFO - Processing file /home/airflow/dags/feature_engineering_dag.py for tasks to queue
[2026-04-27T01:56:21.068+0000] {logging_mixin.py:188} INFO - [2026-04-27T01:56:21.068+0000] {dagbag.py:538} INFO - Filling up the DagBag from /home/airflow/dags/feature_engineering_dag.py
[2026-04-27T01:56:21.807+0000] {processor.py:840} INFO - DAG(s) 'feature_engineering_pipeline' retrieved from /home/airflow/dags/feature_engineering_dag.py
[2026-04-27T01:56:21.830+0000] {logging_mixin.py:188} INFO - [2026-04-27T01:56:21.829+0000] {dag.py:3036} INFO - Sync 1 DAGs
[2026-04-27T01:56:21.849+0000] {logging_mixin.py:188} INFO - [2026-04-27T01:56:21.848+0000] {dag.py:3823} INFO - Setting next_dagrun for feature_engineering_pipeline to 2026-04-26 00:00:00+00:00, run_after=2026-05-03 00:00:00+00:00
[2026-04-27T01:56:21.879+0000] {processor.py:183} INFO - Processing /home/airflow/dags/feature_engineering_dag.py took 0.816 seconds
[2026-04-27T01:56:52.302+0000] {processor.py:161} INFO - Started process (PID=8209) to work on /home/airflow/dags/feature_engineering_dag.py
[2026-04-27T01:56:52.303+0000] {processor.py:830} INFO - Processing file /home/airflow/dags/feature_engineering_dag.py for tasks to queue
[2026-04-27T01:56:52.305+0000] {logging_mixin.py:188} INFO - [2026-04-27T01:56:52.304+0000] {dagbag.py:538} INFO - Filling up the DagBag from /home/airflow/dags/feature_engineering_dag.py
[2026-04-27T01:56:53.019+0000] {processor.py:840} INFO - DAG(s) 'feature_engineering_pipeline' retrieved from /home/airflow/dags/feature_engineering_dag.py
[2026-04-27T01:56:53.043+0000] {logging_mixin.py:188} INFO - [2026-04-27T01:56:53.042+0000] {dag.py:3036} INFO - Sync 1 DAGs
[2026-04-27T01:56:53.062+0000] {logging_mixin.py:188} INFO - [2026-04-27T01:56:53.061+0000] {dag.py:3823} INFO - Setting next_dagrun for feature_engineering_pipeline to 2026-04-26 00:00:00+00:00, run_after=2026-05-03 00:00:00+00:00
[2026-04-27T01:56:53.085+0000] {processor.py:183} INFO - Processing /home/airflow/dags/feature_engineering_dag.py took 0.788 seconds
[2026-04-27T01:57:23.414+0000] {processor.py:161} INFO - Started process (PID=8254) to work on /home/airflow/dags/feature_engineering_dag.py
[2026-04-27T01:57:23.415+0000] {processor.py:830} INFO - Processing file /home/airflow/dags/feature_engineering_dag.py for tasks to queue
[2026-04-27T01:57:23.416+0000] {logging_mixin.py:188} INFO - [2026-04-27T01:57:23.416+0000] {dagbag.py:538} INFO - Filling up the DagBag from /home/airflow/dags/feature_engineering_dag.py
[2026-04-27T01:57:24.289+0000] {processor.py:840} INFO - DAG(s) 'feature_engineering_pipeline' retrieved from /home/airflow/dags/feature_engineering_dag.py
[2026-04-27T01:57:24.316+0000] {logging_mixin.py:188} INFO - [2026-04-27T01:57:24.315+0000] {dag.py:3036} INFO - Sync 1 DAGs
[2026-04-27T01:57:24.334+0000] {logging_mixin.py:188} INFO - [2026-04-27T01:57:24.334+0000] {dag.py:3823} INFO - Setting next_dagrun for feature_engineering_pipeline to 2026-04-26 00:00:00+00:00, run_after=2026-05-03 00:00:00+00:00
[2026-04-27T01:57:24.360+0000] {processor.py:183} INFO - Processing /home/airflow/dags/feature_engineering_dag.py took 0.950 seconds
[2026-04-27T01:57:54.883+0000] {processor.py:161} INFO - Started process (PID=8299) to work on /home/airflow/dags/feature_engineering_dag.py
[2026-04-27T01:57:54.884+0000] {processor.py:830} INFO - Processing file /home/airflow/dags/feature_engineering_dag.py for tasks to queue
[2026-04-27T01:57:54.886+0000] {logging_mixin.py:188} INFO - [2026-04-27T01:57:54.885+0000] {dagbag.py:538} INFO - Filling up the DagBag from /home/airflow/dags/feature_engineering_dag.py
[2026-04-27T01:57:55.625+0000] {processor.py:840} INFO - DAG(s) 'feature_engineering_pipeline' retrieved from /home/airflow/dags/feature_engineering_dag.py
[2026-04-27T01:57:55.645+0000] {logging_mixin.py:188} INFO - [2026-04-27T01:57:55.645+0000] {dag.py:3036} INFO - Sync 1 DAGs
[2026-04-27T01:57:55.661+0000] {logging_mixin.py:188} INFO - [2026-04-27T01:57:55.661+0000] {dag.py:3823} INFO - Setting next_dagrun for feature_engineering_pipeline to 2026-04-26 00:00:00+00:00, run_after=2026-05-03 00:00:00+00:00
[2026-04-27T01:57:55.687+0000] {processor.py:183} INFO - Processing /home/airflow/dags/feature_engineering_dag.py took 0.807 seconds
[2026-04-27T01:58:25.947+0000] {processor.py:161} INFO - Started process (PID=8344) to work on /home/airflow/dags/feature_engineering_dag.py
[2026-04-27T01:58:25.949+0000] {processor.py:830} INFO - Processing file /home/airflow/dags/feature_engineering_dag.py for tasks to queue
[2026-04-27T01:58:25.950+0000] {logging_mixin.py:188} INFO - [2026-04-27T01:58:25.950+0000] {dagbag.py:538} INFO - Filling up the DagBag from /home/airflow/dags/feature_engineering_dag.py
[2026-04-27T01:58:26.764+0000] {processor.py:840} INFO - DAG(s) 'feature_engineering_pipeline' retrieved from /home/airflow/dags/feature_engineering_dag.py
[2026-04-27T01:58:26.783+0000] {logging_mixin.py:188} INFO - [2026-04-27T01:58:26.783+0000] {dag.py:3036} INFO - Sync 1 DAGs
[2026-04-27T01:58:26.799+0000] {logging_mixin.py:188} INFO - [2026-04-27T01:58:26.799+0000] {dag.py:3823} INFO - Setting next_dagrun for feature_engineering_pipeline to 2026-04-26 00:00:00+00:00, run_after=2026-05-03 00:00:00+00:00
[2026-04-27T01:58:26.822+0000] {processor.py:183} INFO - Processing /home/airflow/dags/feature_engineering_dag.py took 0.880 seconds
[2026-04-27T01:58:57.009+0000] {processor.py:161} INFO - Started process (PID=8389) to work on /home/airflow/dags/feature_engineering_dag.py
[2026-04-27T01:58:57.010+0000] {processor.py:830} INFO - Processing file /home/airflow/dags/feature_engineering_dag.py for tasks to queue
[2026-04-27T01:58:57.012+0000] {logging_mixin.py:188} INFO - [2026-04-27T01:58:57.011+0000] {dagbag.py:538} INFO - Filling up the DagBag from /home/airflow/dags/feature_engineering_dag.py
[2026-04-27T01:58:57.718+0000] {processor.py:840} INFO - DAG(s) 'feature_engineering_pipeline' retrieved from /home/airflow/dags/feature_engineering_dag.py
[2026-04-27T01:58:57.741+0000] {logging_mixin.py:188} INFO - [2026-04-27T01:58:57.741+0000] {dag.py:3036} INFO - Sync 1 DAGs
[2026-04-27T01:58:57.759+0000] {logging_mixin.py:188} INFO - [2026-04-27T01:58:57.759+0000] {dag.py:3823} INFO - Setting next_dagrun for feature_engineering_pipeline to 2026-04-26 00:00:00+00:00, run_after=2026-05-03 00:00:00+00:00
[2026-04-27T01:58:57.781+0000] {processor.py:183} INFO - Processing /home/airflow/dags/feature_engineering_dag.py took 0.776 seconds
[2026-04-27T01:59:27.947+0000] {processor.py:161} INFO - Started process (PID=8434) to work on /home/airflow/dags/feature_engineering_dag.py
[2026-04-27T01:59:27.949+0000] {processor.py:830} INFO - Processing file /home/airflow/dags/feature_engineering_dag.py for tasks to queue
[2026-04-27T01:59:27.950+0000] {logging_mixin.py:188} INFO - [2026-04-27T01:59:27.950+0000] {dagbag.py:538} INFO - Filling up the DagBag from /home/airflow/dags/feature_engineering_dag.py
[2026-04-27T01:59:28.746+0000] {processor.py:840} INFO - DAG(s) 'feature_engineering_pipeline' retrieved from /home/airflow/dags/feature_engineering_dag.py
[2026-04-27T01:59:28.765+0000] {logging_mixin.py:188} INFO - [2026-04-27T01:59:28.764+0000] {dag.py:3036} INFO - Sync 1 DAGs
[2026-04-27T01:59:28.781+0000] {logging_mixin.py:188} INFO - [2026-04-27T01:59:28.781+0000] {dag.py:3823} INFO - Setting next_dagrun for feature_engineering_pipeline to 2026-04-26 00:00:00+00:00, run_after=2026-05-03 00:00:00+00:00
[2026-04-27T01:59:28.803+0000] {processor.py:183} INFO - Processing /home/airflow/dags/feature_engineering_dag.py took 0.860 seconds
[2026-04-27T01:59:58.951+0000] {processor.py:161} INFO - Started process (PID=8479) to work on /home/airflow/dags/feature_engineering_dag.py
[2026-04-27T01:59:58.952+0000] {processor.py:830} INFO - Processing file /home/airflow/dags/feature_engineering_dag.py for tasks to queue
[2026-04-27T01:59:58.953+0000] {logging_mixin.py:188} INFO - [2026-04-27T01:59:58.953+0000] {dagbag.py:538} INFO - Filling up the DagBag from /home/airflow/dags/feature_engineering_dag.py
[2026-04-27T01:59:59.667+0000] {processor.py:840} INFO - DAG(s) 'feature_engineering_pipeline' retrieved from /home/airflow/dags/feature_engineering_dag.py
[2026-04-27T01:59:59.689+0000] {logging_mixin.py:188} INFO - [2026-04-27T01:59:59.689+0000] {dag.py:3036} INFO - Sync 1 DAGs
[2026-04-27T01:59:59.709+0000] {logging_mixin.py:188} INFO - [2026-04-27T01:59:59.709+0000] {dag.py:3823} INFO - Setting next_dagrun for feature_engineering_pipeline to 2026-04-26 00:00:00+00:00, run_after=2026-05-03 00:00:00+00:00
[2026-04-27T01:59:59.733+0000] {processor.py:183} INFO - Processing /home/airflow/dags/feature_engineering_dag.py took 0.786 seconds
[2026-04-27T02:00:30.154+0000] {processor.py:161} INFO - Started process (PID=8524) to work on /home/airflow/dags/feature_engineering_dag.py
[2026-04-27T02:00:30.156+0000] {processor.py:830} INFO - Processing file /home/airflow/dags/feature_engineering_dag.py for tasks to queue
[2026-04-27T02:00:30.158+0000] {logging_mixin.py:188} INFO - [2026-04-27T02:00:30.157+0000] {dagbag.py:538} INFO - Filling up the DagBag from /home/airflow/dags/feature_engineering_dag.py
[2026-04-27T02:00:31.025+0000] {processor.py:840} INFO - DAG(s) 'feature_engineering_pipeline' retrieved from /home/airflow/dags/feature_engineering_dag.py
[2026-04-27T02:00:31.045+0000] {logging_mixin.py:188} INFO - [2026-04-27T02:00:31.045+0000] {dag.py:3036} INFO - Sync 1 DAGs
[2026-04-27T02:00:31.061+0000] {logging_mixin.py:188} INFO - [2026-04-27T02:00:31.060+0000] {dag.py:3823} INFO - Setting next_dagrun for feature_engineering_pipeline to 2026-04-26 00:00:00+00:00, run_after=2026-05-03 00:00:00+00:00
[2026-04-27T02:00:31.082+0000] {processor.py:183} INFO - Processing /home/airflow/dags/feature_engineering_dag.py took 0.933 seconds
[2026-04-27T02:01:01.216+0000] {processor.py:161} INFO - Started process (PID=8573) to work on /home/airflow/dags/feature_engineering_dag.py
[2026-04-27T02:01:01.217+0000] {processor.py:830} INFO - Processing file /home/airflow/dags/feature_engineering_dag.py for tasks to queue
[2026-04-27T02:01:01.218+0000] {logging_mixin.py:188} INFO - [2026-04-27T02:01:01.218+0000] {dagbag.py:538} INFO - Filling up the DagBag from /home/airflow/dags/feature_engineering_dag.py
[2026-04-27T02:01:02.289+0000] {processor.py:840} INFO - DAG(s) 'feature_engineering_pipeline' retrieved from /home/airflow/dags/feature_engineering_dag.py
[2026-04-27T02:01:02.320+0000] {logging_mixin.py:188} INFO - [2026-04-27T02:01:02.319+0000] {dag.py:3036} INFO - Sync 1 DAGs
[2026-04-27T02:01:02.352+0000] {logging_mixin.py:188} INFO - [2026-04-27T02:01:02.351+0000] {dag.py:3823} INFO - Setting next_dagrun for feature_engineering_pipeline to 2026-04-26 00:00:00+00:00, run_after=2026-05-03 00:00:00+00:00
[2026-04-27T02:01:02.383+0000] {processor.py:183} INFO - Processing /home/airflow/dags/feature_engineering_dag.py took 1.171 seconds
[2026-04-27T02:01:32.565+0000] {processor.py:161} INFO - Started process (PID=8618) to work on /home/airflow/dags/feature_engineering_dag.py
[2026-04-27T02:01:32.567+0000] {processor.py:830} INFO - Processing file /home/airflow/dags/feature_engineering_dag.py for tasks to queue
[2026-04-27T02:01:32.568+0000] {logging_mixin.py:188} INFO - [2026-04-27T02:01:32.568+0000] {dagbag.py:538} INFO - Filling up the DagBag from /home/airflow/dags/feature_engineering_dag.py
[2026-04-27T02:01:33.302+0000] {processor.py:840} INFO - DAG(s) 'feature_engineering_pipeline' retrieved from /home/airflow/dags/feature_engineering_dag.py
[2026-04-27T02:01:33.322+0000] {logging_mixin.py:188} INFO - [2026-04-27T02:01:33.321+0000] {dag.py:3036} INFO - Sync 1 DAGs
[2026-04-27T02:01:33.339+0000] {logging_mixin.py:188} INFO - [2026-04-27T02:01:33.338+0000] {dag.py:3823} INFO - Setting next_dagrun for feature_engineering_pipeline to 2026-04-26 00:00:00+00:00, run_after=2026-05-03 00:00:00+00:00
[2026-04-27T02:01:33.361+0000] {processor.py:183} INFO - Processing /home/airflow/dags/feature_engineering_dag.py took 0.799 seconds
[2026-04-27T02:02:03.723+0000] {processor.py:161} INFO - Started process (PID=8665) to work on /home/airflow/dags/feature_engineering_dag.py
[2026-04-27T02:02:03.724+0000] {processor.py:830} INFO - Processing file /home/airflow/dags/feature_engineering_dag.py for tasks to queue
[2026-04-27T02:02:03.725+0000] {logging_mixin.py:188} INFO - [2026-04-27T02:02:03.725+0000] {dagbag.py:538} INFO - Filling up the DagBag from /home/airflow/dags/feature_engineering_dag.py
[2026-04-27T02:02:04.552+0000] {processor.py:840} INFO - DAG(s) 'feature_engineering_pipeline' retrieved from /home/airflow/dags/feature_engineering_dag.py
[2026-04-27T02:02:04.575+0000] {logging_mixin.py:188} INFO - [2026-04-27T02:02:04.574+0000] {dag.py:3036} INFO - Sync 1 DAGs
[2026-04-27T02:02:04.593+0000] {logging_mixin.py:188} INFO - [2026-04-27T02:02:04.592+0000] {dag.py:3823} INFO - Setting next_dagrun for feature_engineering_pipeline to 2026-04-26 00:00:00+00:00, run_after=2026-05-03 00:00:00+00:00
[2026-04-27T02:02:04.617+0000] {processor.py:183} INFO - Processing /home/airflow/dags/feature_engineering_dag.py took 0.898 seconds
[2026-04-27T02:02:35.438+0000] {processor.py:161} INFO - Started process (PID=8710) to work on /home/airflow/dags/feature_engineering_dag.py
[2026-04-27T02:02:35.440+0000] {processor.py:830} INFO - Processing file /home/airflow/dags/feature_engineering_dag.py for tasks to queue
[2026-04-27T02:02:35.441+0000] {logging_mixin.py:188} INFO - [2026-04-27T02:02:35.441+0000] {dagbag.py:538} INFO - Filling up the DagBag from /home/airflow/dags/feature_engineering_dag.py
[2026-04-27T02:02:36.355+0000] {processor.py:840} INFO - DAG(s) 'feature_engineering_pipeline' retrieved from /home/airflow/dags/feature_engineering_dag.py
[2026-04-27T02:02:36.376+0000] {logging_mixin.py:188} INFO - [2026-04-27T02:02:36.375+0000] {dag.py:3036} INFO - Sync 1 DAGs
[2026-04-27T02:02:36.394+0000] {logging_mixin.py:188} INFO - [2026-04-27T02:02:36.393+0000] {dag.py:3823} INFO - Setting next_dagrun for feature_engineering_pipeline to 2026-04-26 00:00:00+00:00, run_after=2026-05-03 00:00:00+00:00
[2026-04-27T02:02:36.416+0000] {processor.py:183} INFO - Processing /home/airflow/dags/feature_engineering_dag.py took 0.982 seconds
[2026-04-27T02:03:06.756+0000] {processor.py:161} INFO - Started process (PID=8755) to work on /home/airflow/dags/feature_engineering_dag.py
[2026-04-27T02:03:06.757+0000] {processor.py:830} INFO - Processing file /home/airflow/dags/feature_engineering_dag.py for tasks to queue
[2026-04-27T02:03:06.759+0000] {logging_mixin.py:188} INFO - [2026-04-27T02:03:06.758+0000] {dagbag.py:538} INFO - Filling up the DagBag from /home/airflow/dags/feature_engineering_dag.py
[2026-04-27T02:03:07.458+0000] {processor.py:840} INFO - DAG(s) 'feature_engineering_pipeline' retrieved from /home/airflow/dags/feature_engineering_dag.py
[2026-04-27T02:03:07.571+0000] {logging_mixin.py:188} INFO - [2026-04-27T02:03:07.571+0000] {dag.py:3036} INFO - Sync 1 DAGs
[2026-04-27T02:03:07.586+0000] {logging_mixin.py:188} INFO - [2026-04-27T02:03:07.586+0000] {dag.py:3823} INFO - Setting next_dagrun for feature_engineering_pipeline to 2026-04-26 00:00:00+00:00, run_after=2026-05-03 00:00:00+00:00
[2026-04-27T02:03:07.610+0000] {processor.py:183} INFO - Processing /home/airflow/dags/feature_engineering_dag.py took 0.857 seconds
[2026-04-27T02:03:37.810+0000] {processor.py:161} INFO - Started process (PID=8800) to work on /home/airflow/dags/feature_engineering_dag.py
[2026-04-27T02:03:37.811+0000] {processor.py:830} INFO - Processing file /home/airflow/dags/feature_engineering_dag.py for tasks to queue
[2026-04-27T02:03:37.812+0000] {logging_mixin.py:188} INFO - [2026-04-27T02:03:37.812+0000] {dagbag.py:538} INFO - Filling up the DagBag from /home/airflow/dags/feature_engineering_dag.py
[2026-04-27T02:03:38.610+0000] {processor.py:840} INFO - DAG(s) 'feature_engineering_pipeline' retrieved from /home/airflow/dags/feature_engineering_dag.py
[2026-04-27T02:03:38.630+0000] {logging_mixin.py:188} INFO - [2026-04-27T02:03:38.630+0000] {dag.py:3036} INFO - Sync 1 DAGs
[2026-04-27T02:03:38.646+0000] {logging_mixin.py:188} INFO - [2026-04-27T02:03:38.646+0000] {dag.py:3823} INFO - Setting next_dagrun for feature_engineering_pipeline to 2026-04-26 00:00:00+00:00, run_after=2026-05-03 00:00:00+00:00
[2026-04-27T02:03:38.669+0000] {processor.py:183} INFO - Processing /home/airflow/dags/feature_engineering_dag.py took 0.863 seconds
[2026-04-27T02:04:09.342+0000] {processor.py:161} INFO - Started process (PID=8845) to work on /home/airflow/dags/feature_engineering_dag.py
[2026-04-27T02:04:09.343+0000] {processor.py:830} INFO - Processing file /home/airflow/dags/feature_engineering_dag.py for tasks to queue
[2026-04-27T02:04:09.344+0000] {logging_mixin.py:188} INFO - [2026-04-27T02:04:09.344+0000] {dagbag.py:538} INFO - Filling up the DagBag from /home/airflow/dags/feature_engineering_dag.py
[2026-04-27T02:04:10.141+0000] {processor.py:840} INFO - DAG(s) 'feature_engineering_pipeline' retrieved from /home/airflow/dags/feature_engineering_dag.py
[2026-04-27T02:04:10.161+0000] {logging_mixin.py:188} INFO - [2026-04-27T02:04:10.160+0000] {dag.py:3036} INFO - Sync 1 DAGs
[2026-04-27T02:04:10.175+0000] {logging_mixin.py:188} INFO - [2026-04-27T02:04:10.175+0000] {dag.py:3823} INFO - Setting next_dagrun for feature_engineering_pipeline to 2026-04-26 00:00:00+00:00, run_after=2026-05-03 00:00:00+00:00
[2026-04-27T02:04:10.200+0000] {processor.py:183} INFO - Processing /home/airflow/dags/feature_engineering_dag.py took 0.861 seconds
[2026-04-27T02:04:40.850+0000] {processor.py:161} INFO - Started process (PID=8890) to work on /home/airflow/dags/feature_engineering_dag.py
[2026-04-27T02:04:40.851+0000] {processor.py:830} INFO - Processing file /home/airflow/dags/feature_engineering_dag.py for tasks to queue
[2026-04-27T02:04:40.853+0000] {logging_mixin.py:188} INFO - [2026-04-27T02:04:40.852+0000] {dagbag.py:538} INFO - Filling up the DagBag from /home/airflow/dags/feature_engineering_dag.py
[2026-04-27T02:04:41.581+0000] {processor.py:840} INFO - DAG(s) 'feature_engineering_pipeline' retrieved from /home/airflow/dags/feature_engineering_dag.py
[2026-04-27T02:04:41.601+0000] {logging_mixin.py:188} INFO - [2026-04-27T02:04:41.601+0000] {dag.py:3036} INFO - Sync 1 DAGs
[2026-04-27T02:04:41.621+0000] {logging_mixin.py:188} INFO - [2026-04-27T02:04:41.620+0000] {dag.py:3823} INFO - Setting next_dagrun for feature_engineering_pipeline to 2026-04-26 00:00:00+00:00, run_after=2026-05-03 00:00:00+00:00
[2026-04-27T02:04:41.641+0000] {processor.py:183} INFO - Processing /home/airflow/dags/feature_engineering_dag.py took 0.795 seconds
[2026-04-27T02:05:11.871+0000] {processor.py:161} INFO - Started process (PID=8935) to work on /home/airflow/dags/feature_engineering_dag.py
[2026-04-27T02:05:11.873+0000] {processor.py:830} INFO - Processing file /home/airflow/dags/feature_engineering_dag.py for tasks to queue
[2026-04-27T02:05:11.874+0000] {logging_mixin.py:188} INFO - [2026-04-27T02:05:11.873+0000] {dagbag.py:538} INFO - Filling up the DagBag from /home/airflow/dags/feature_engineering_dag.py
[2026-04-27T02:05:12.737+0000] {processor.py:840} INFO - DAG(s) 'feature_engineering_pipeline' retrieved from /home/airflow/dags/feature_engineering_dag.py
[2026-04-27T02:05:12.761+0000] {logging_mixin.py:188} INFO - [2026-04-27T02:05:12.761+0000] {dag.py:3036} INFO - Sync 1 DAGs
[2026-04-27T02:05:12.779+0000] {logging_mixin.py:188} INFO - [2026-04-27T02:05:12.779+0000] {dag.py:3823} INFO - Setting next_dagrun for feature_engineering_pipeline to 2026-04-26 00:00:00+00:00, run_after=2026-05-03 00:00:00+00:00
[2026-04-27T02:05:12.802+0000] {processor.py:183} INFO - Processing /home/airflow/dags/feature_engineering_dag.py took 0.934 seconds
[2026-04-27T02:05:43.009+0000] {processor.py:161} INFO - Started process (PID=8980) to work on /home/airflow/dags/feature_engineering_dag.py
[2026-04-27T02:05:43.010+0000] {processor.py:830} INFO - Processing file /home/airflow/dags/feature_engineering_dag.py for tasks to queue
[2026-04-27T02:05:43.011+0000] {logging_mixin.py:188} INFO - [2026-04-27T02:05:43.011+0000] {dagbag.py:538} INFO - Filling up the DagBag from /home/airflow/dags/feature_engineering_dag.py
[2026-04-27T02:05:43.879+0000] {processor.py:840} INFO - DAG(s) 'feature_engineering_pipeline' retrieved from /home/airflow/dags/feature_engineering_dag.py
[2026-04-27T02:05:43.899+0000] {logging_mixin.py:188} INFO - [2026-04-27T02:05:43.898+0000] {dag.py:3036} INFO - Sync 1 DAGs
[2026-04-27T02:05:43.914+0000] {logging_mixin.py:188} INFO - [2026-04-27T02:05:43.914+0000] {dag.py:3823} INFO - Setting next_dagrun for feature_engineering_pipeline to 2026-04-26 00:00:00+00:00, run_after=2026-05-03 00:00:00+00:00
[2026-04-27T02:05:43.937+0000] {processor.py:183} INFO - Processing /home/airflow/dags/feature_engineering_dag.py took 0.931 seconds
[2026-04-27T02:06:14.044+0000] {processor.py:161} INFO - Started process (PID=9025) to work on /home/airflow/dags/feature_engineering_dag.py
[2026-04-27T02:06:14.045+0000] {processor.py:830} INFO - Processing file /home/airflow/dags/feature_engineering_dag.py for tasks to queue
[2026-04-27T02:06:14.046+0000] {logging_mixin.py:188} INFO - [2026-04-27T02:06:14.046+0000] {dagbag.py:538} INFO - Filling up the DagBag from /home/airflow/dags/feature_engineering_dag.py
[2026-04-27T02:06:14.829+0000] {processor.py:840} INFO - DAG(s) 'feature_engineering_pipeline' retrieved from /home/airflow/dags/feature_engineering_dag.py
[2026-04-27T02:06:14.850+0000] {logging_mixin.py:188} INFO - [2026-04-27T02:06:14.850+0000] {dag.py:3036} INFO - Sync 1 DAGs
[2026-04-27T02:06:14.867+0000] {logging_mixin.py:188} INFO - [2026-04-27T02:06:14.867+0000] {dag.py:3823} INFO - Setting next_dagrun for feature_engineering_pipeline to 2026-04-26 00:00:00+00:00, run_after=2026-05-03 00:00:00+00:00
[2026-04-27T02:06:14.889+0000] {processor.py:183} INFO - Processing /home/airflow/dags/feature_engineering_dag.py took 0.848 seconds
[2026-04-27T02:06:45.246+0000] {processor.py:161} INFO - Started process (PID=9070) to work on /home/airflow/dags/feature_engineering_dag.py
[2026-04-27T02:06:45.247+0000] {processor.py:830} INFO - Processing file /home/airflow/dags/feature_engineering_dag.py for tasks to queue
[2026-04-27T02:06:45.248+0000] {logging_mixin.py:188} INFO - [2026-04-27T02:06:45.248+0000] {dagbag.py:538} INFO - Filling up the DagBag from /home/airflow/dags/feature_engineering_dag.py
[2026-04-27T02:06:45.980+0000] {processor.py:840} INFO - DAG(s) 'feature_engineering_pipeline' retrieved from /home/airflow/dags/feature_engineering_dag.py
[2026-04-27T02:06:46.000+0000] {logging_mixin.py:188} INFO - [2026-04-27T02:06:46.000+0000] {dag.py:3036} INFO - Sync 1 DAGs
[2026-04-27T02:06:46.018+0000] {logging_mixin.py:188} INFO - [2026-04-27T02:06:46.018+0000] {dag.py:3823} INFO - Setting next_dagrun for feature_engineering_pipeline to 2026-04-26 00:00:00+00:00, run_after=2026-05-03 00:00:00+00:00
[2026-04-27T02:06:46.043+0000] {processor.py:183} INFO - Processing /home/airflow/dags/feature_engineering_dag.py took 0.801 seconds
[2026-04-27T02:07:16.256+0000] {processor.py:161} INFO - Started process (PID=9115) to work on /home/airflow/dags/feature_engineering_dag.py
[2026-04-27T02:07:16.257+0000] {processor.py:830} INFO - Processing file /home/airflow/dags/feature_engineering_dag.py for tasks to queue
[2026-04-27T02:07:16.258+0000] {logging_mixin.py:188} INFO - [2026-04-27T02:07:16.258+0000] {dagbag.py:538} INFO - Filling up the DagBag from /home/airflow/dags/feature_engineering_dag.py
[2026-04-27T02:07:17.146+0000] {processor.py:840} INFO - DAG(s) 'feature_engineering_pipeline' retrieved from /home/airflow/dags/feature_engineering_dag.py
[2026-04-27T02:07:17.166+0000] {logging_mixin.py:188} INFO - [2026-04-27T02:07:17.165+0000] {dag.py:3036} INFO - Sync 1 DAGs
[2026-04-27T02:07:17.180+0000] {logging_mixin.py:188} INFO - [2026-04-27T02:07:17.180+0000] {dag.py:3823} INFO - Setting next_dagrun for feature_engineering_pipeline to 2026-04-26 00:00:00+00:00, run_after=2026-05-03 00:00:00+00:00
[2026-04-27T02:07:17.202+0000] {processor.py:183} INFO - Processing /home/airflow/dags/feature_engineering_dag.py took 0.950 seconds
[2026-04-27T02:07:47.447+0000] {processor.py:161} INFO - Started process (PID=9160) to work on /home/airflow/dags/feature_engineering_dag.py
[2026-04-27T02:07:47.448+0000] {processor.py:830} INFO - Processing file /home/airflow/dags/feature_engineering_dag.py for tasks to queue
[2026-04-27T02:07:47.450+0000] {logging_mixin.py:188} INFO - [2026-04-27T02:07:47.449+0000] {dagbag.py:538} INFO - Filling up the DagBag from /home/airflow/dags/feature_engineering_dag.py
[2026-04-27T02:07:48.175+0000] {processor.py:840} INFO - DAG(s) 'feature_engineering_pipeline' retrieved from /home/airflow/dags/feature_engineering_dag.py
[2026-04-27T02:07:48.196+0000] {logging_mixin.py:188} INFO - [2026-04-27T02:07:48.196+0000] {dag.py:3036} INFO - Sync 1 DAGs
[2026-04-27T02:07:48.214+0000] {logging_mixin.py:188} INFO - [2026-04-27T02:07:48.214+0000] {dag.py:3823} INFO - Setting next_dagrun for feature_engineering_pipeline to 2026-04-26 00:00:00+00:00, run_after=2026-05-03 00:00:00+00:00
[2026-04-27T02:07:48.238+0000] {processor.py:183} INFO - Processing /home/airflow/dags/feature_engineering_dag.py took 0.795 seconds
[2026-04-27T02:08:18.588+0000] {processor.py:161} INFO - Started process (PID=9205) to work on /home/airflow/dags/feature_engineering_dag.py
[2026-04-27T02:08:18.589+0000] {processor.py:830} INFO - Processing file /home/airflow/dags/feature_engineering_dag.py for tasks to queue
[2026-04-27T02:08:18.591+0000] {logging_mixin.py:188} INFO - [2026-04-27T02:08:18.590+0000] {dagbag.py:538} INFO - Filling up the DagBag from /home/airflow/dags/feature_engineering_dag.py
[2026-04-27T02:08:19.320+0000] {processor.py:840} INFO - DAG(s) 'feature_engineering_pipeline' retrieved from /home/airflow/dags/feature_engineering_dag.py
[2026-04-27T02:08:19.339+0000] {logging_mixin.py:188} INFO - [2026-04-27T02:08:19.338+0000] {dag.py:3036} INFO - Sync 1 DAGs
[2026-04-27T02:08:19.354+0000] {logging_mixin.py:188} INFO - [2026-04-27T02:08:19.354+0000] {dag.py:3823} INFO - Setting next_dagrun for feature_engineering_pipeline to 2026-04-26 00:00:00+00:00, run_after=2026-05-03 00:00:00+00:00
[2026-04-27T02:08:19.373+0000] {processor.py:183} INFO - Processing /home/airflow/dags/feature_engineering_dag.py took 0.789 seconds
[2026-04-27T02:08:49.448+0000] {processor.py:161} INFO - Started process (PID=9250) to work on /home/airflow/dags/feature_engineering_dag.py
[2026-04-27T02:08:49.449+0000] {processor.py:830} INFO - Processing file /home/airflow/dags/feature_engineering_dag.py for tasks to queue
[2026-04-27T02:08:49.451+0000] {logging_mixin.py:188} INFO - [2026-04-27T02:08:49.450+0000] {dagbag.py:538} INFO - Filling up the DagBag from /home/airflow/dags/feature_engineering_dag.py
[2026-04-27T02:08:50.162+0000] {processor.py:840} INFO - DAG(s) 'feature_engineering_pipeline' retrieved from /home/airflow/dags/feature_engineering_dag.py
[2026-04-27T02:08:50.183+0000] {logging_mixin.py:188} INFO - [2026-04-27T02:08:50.182+0000] {dag.py:3036} INFO - Sync 1 DAGs
[2026-04-27T02:08:50.197+0000] {logging_mixin.py:188} INFO - [2026-04-27T02:08:50.197+0000] {dag.py:3823} INFO - Setting next_dagrun for feature_engineering_pipeline to 2026-04-26 00:00:00+00:00, run_after=2026-05-03 00:00:00+00:00
[2026-04-27T02:08:50.220+0000] {processor.py:183} INFO - Processing /home/airflow/dags/feature_engineering_dag.py took 0.775 seconds
[2026-04-27T02:09:20.992+0000] {processor.py:161} INFO - Started process (PID=9295) to work on /home/airflow/dags/feature_engineering_dag.py
[2026-04-27T02:09:20.994+0000] {processor.py:830} INFO - Processing file /home/airflow/dags/feature_engineering_dag.py for tasks to queue
[2026-04-27T02:09:20.995+0000] {logging_mixin.py:188} INFO - [2026-04-27T02:09:20.995+0000] {dagbag.py:538} INFO - Filling up the DagBag from /home/airflow/dags/feature_engineering_dag.py
[2026-04-27T02:09:21.729+0000] {processor.py:840} INFO - DAG(s) 'feature_engineering_pipeline' retrieved from /home/airflow/dags/feature_engineering_dag.py
[2026-04-27T02:09:21.751+0000] {logging_mixin.py:188} INFO - [2026-04-27T02:09:21.750+0000] {dag.py:3036} INFO - Sync 1 DAGs
[2026-04-27T02:09:21.766+0000] {logging_mixin.py:188} INFO - [2026-04-27T02:09:21.766+0000] {dag.py:3823} INFO - Setting next_dagrun for feature_engineering_pipeline to 2026-04-26 00:00:00+00:00, run_after=2026-05-03 00:00:00+00:00
[2026-04-27T02:09:21.787+0000] {processor.py:183} INFO - Processing /home/airflow/dags/feature_engineering_dag.py took 0.802 seconds
[2026-04-27T02:09:52.366+0000] {processor.py:161} INFO - Started process (PID=9340) to work on /home/airflow/dags/feature_engineering_dag.py
[2026-04-27T02:09:52.367+0000] {processor.py:830} INFO - Processing file /home/airflow/dags/feature_engineering_dag.py for tasks to queue
[2026-04-27T02:09:52.368+0000] {logging_mixin.py:188} INFO - [2026-04-27T02:09:52.368+0000] {dagbag.py:538} INFO - Filling up the DagBag from /home/airflow/dags/feature_engineering_dag.py
[2026-04-27T02:09:53.152+0000] {processor.py:840} INFO - DAG(s) 'feature_engineering_pipeline' retrieved from /home/airflow/dags/feature_engineering_dag.py
[2026-04-27T02:09:53.171+0000] {logging_mixin.py:188} INFO - [2026-04-27T02:09:53.171+0000] {dag.py:3036} INFO - Sync 1 DAGs
[2026-04-27T02:09:53.186+0000] {logging_mixin.py:188} INFO - [2026-04-27T02:09:53.186+0000] {dag.py:3823} INFO - Setting next_dagrun for feature_engineering_pipeline to 2026-04-26 00:00:00+00:00, run_after=2026-05-03 00:00:00+00:00
[2026-04-27T02:09:53.207+0000] {processor.py:183} INFO - Processing /home/airflow/dags/feature_engineering_dag.py took 0.844 seconds
[2026-04-27T02:10:23.658+0000] {processor.py:161} INFO - Started process (PID=9385) to work on /home/airflow/dags/feature_engineering_dag.py
[2026-04-27T02:10:23.659+0000] {processor.py:830} INFO - Processing file /home/airflow/dags/feature_engineering_dag.py for tasks to queue
[2026-04-27T02:10:23.660+0000] {logging_mixin.py:188} INFO - [2026-04-27T02:10:23.659+0000] {dagbag.py:538} INFO - Filling up the DagBag from /home/airflow/dags/feature_engineering_dag.py
[2026-04-27T02:10:24.529+0000] {processor.py:840} INFO - DAG(s) 'feature_engineering_pipeline' retrieved from /home/airflow/dags/feature_engineering_dag.py
[2026-04-27T02:10:24.548+0000] {logging_mixin.py:188} INFO - [2026-04-27T02:10:24.548+0000] {dag.py:3036} INFO - Sync 1 DAGs
[2026-04-27T02:10:24.564+0000] {logging_mixin.py:188} INFO - [2026-04-27T02:10:24.563+0000] {dag.py:3823} INFO - Setting next_dagrun for feature_engineering_pipeline to 2026-04-26 00:00:00+00:00, run_after=2026-05-03 00:00:00+00:00
[2026-04-27T02:10:24.588+0000] {processor.py:183} INFO - Processing /home/airflow/dags/feature_engineering_dag.py took 0.934 seconds
[2026-04-27T02:10:55.199+0000] {processor.py:161} INFO - Started process (PID=9430) to work on /home/airflow/dags/feature_engineering_dag.py
[2026-04-27T02:10:55.200+0000] {processor.py:830} INFO - Processing file /home/airflow/dags/feature_engineering_dag.py for tasks to queue
[2026-04-27T02:10:55.201+0000] {logging_mixin.py:188} INFO - [2026-04-27T02:10:55.201+0000] {dagbag.py:538} INFO - Filling up the DagBag from /home/airflow/dags/feature_engineering_dag.py
[2026-04-27T02:10:55.953+0000] {processor.py:840} INFO - DAG(s) 'feature_engineering_pipeline' retrieved from /home/airflow/dags/feature_engineering_dag.py
[2026-04-27T02:10:55.972+0000] {logging_mixin.py:188} INFO - [2026-04-27T02:10:55.972+0000] {dag.py:3036} INFO - Sync 1 DAGs
[2026-04-27T02:10:55.988+0000] {logging_mixin.py:188} INFO - [2026-04-27T02:10:55.988+0000] {dag.py:3823} INFO - Setting next_dagrun for feature_engineering_pipeline to 2026-04-26 00:00:00+00:00, run_after=2026-05-03 00:00:00+00:00
[2026-04-27T02:10:56.010+0000] {processor.py:183} INFO - Processing /home/airflow/dags/feature_engineering_dag.py took 0.815 seconds
[2026-04-27T02:11:26.664+0000] {processor.py:161} INFO - Started process (PID=9475) to work on /home/airflow/dags/feature_engineering_dag.py
[2026-04-27T02:11:26.665+0000] {processor.py:830} INFO - Processing file /home/airflow/dags/feature_engineering_dag.py for tasks to queue
[2026-04-27T02:11:26.667+0000] {logging_mixin.py:188} INFO - [2026-04-27T02:11:26.666+0000] {dagbag.py:538} INFO - Filling up the DagBag from /home/airflow/dags/feature_engineering_dag.py
[2026-04-27T02:11:27.455+0000] {processor.py:840} INFO - DAG(s) 'feature_engineering_pipeline' retrieved from /home/airflow/dags/feature_engineering_dag.py
[2026-04-27T02:11:27.476+0000] {logging_mixin.py:188} INFO - [2026-04-27T02:11:27.475+0000] {dag.py:3036} INFO - Sync 1 DAGs
[2026-04-27T02:11:27.493+0000] {logging_mixin.py:188} INFO - [2026-04-27T02:11:27.493+0000] {dag.py:3823} INFO - Setting next_dagrun for feature_engineering_pipeline to 2026-04-26 00:00:00+00:00, run_after=2026-05-03 00:00:00+00:00
[2026-04-27T02:11:27.516+0000] {processor.py:183} INFO - Processing /home/airflow/dags/feature_engineering_dag.py took 0.856 seconds
[2026-04-27T02:11:57.673+0000] {processor.py:161} INFO - Started process (PID=9520) to work on /home/airflow/dags/feature_engineering_dag.py
[2026-04-27T02:11:57.674+0000] {processor.py:830} INFO - Processing file /home/airflow/dags/feature_engineering_dag.py for tasks to queue
[2026-04-27T02:11:57.675+0000] {logging_mixin.py:188} INFO - [2026-04-27T02:11:57.675+0000] {dagbag.py:538} INFO - Filling up the DagBag from /home/airflow/dags/feature_engineering_dag.py
[2026-04-27T02:11:58.387+0000] {processor.py:840} INFO - DAG(s) 'feature_engineering_pipeline' retrieved from /home/airflow/dags/feature_engineering_dag.py
[2026-04-27T02:11:58.409+0000] {logging_mixin.py:188} INFO - [2026-04-27T02:11:58.409+0000] {dag.py:3036} INFO - Sync 1 DAGs
[2026-04-27T02:11:58.426+0000] {logging_mixin.py:188} INFO - [2026-04-27T02:11:58.425+0000] {dag.py:3823} INFO - Setting next_dagrun for feature_engineering_pipeline to 2026-04-26 00:00:00+00:00, run_after=2026-05-03 00:00:00+00:00
[2026-04-27T02:11:58.448+0000] {processor.py:183} INFO - Processing /home/airflow/dags/feature_engineering_dag.py took 0.777 seconds
[2026-04-27T02:12:28.777+0000] {processor.py:161} INFO - Started process (PID=9565) to work on /home/airflow/dags/feature_engineering_dag.py
[2026-04-27T02:12:28.779+0000] {processor.py:830} INFO - Processing file /home/airflow/dags/feature_engineering_dag.py for tasks to queue
[2026-04-27T02:12:28.780+0000] {logging_mixin.py:188} INFO - [2026-04-27T02:12:28.780+0000] {dagbag.py:538} INFO - Filling up the DagBag from /home/airflow/dags/feature_engineering_dag.py
[2026-04-27T02:12:29.534+0000] {processor.py:840} INFO - DAG(s) 'feature_engineering_pipeline' retrieved from /home/airflow/dags/feature_engineering_dag.py
[2026-04-27T02:12:29.553+0000] {logging_mixin.py:188} INFO - [2026-04-27T02:12:29.552+0000] {dag.py:3036} INFO - Sync 1 DAGs
[2026-04-27T02:12:29.570+0000] {logging_mixin.py:188} INFO - [2026-04-27T02:12:29.569+0000] {dag.py:3823} INFO - Setting next_dagrun for feature_engineering_pipeline to 2026-04-26 00:00:00+00:00, run_after=2026-05-03 00:00:00+00:00
[2026-04-27T02:12:29.591+0000] {processor.py:183} INFO - Processing /home/airflow/dags/feature_engineering_dag.py took 0.817 seconds
[2026-04-27T02:12:59.720+0000] {processor.py:161} INFO - Started process (PID=9610) to work on /home/airflow/dags/feature_engineering_dag.py
[2026-04-27T02:12:59.721+0000] {processor.py:830} INFO - Processing file /home/airflow/dags/feature_engineering_dag.py for tasks to queue
[2026-04-27T02:12:59.722+0000] {logging_mixin.py:188} INFO - [2026-04-27T02:12:59.722+0000] {dagbag.py:538} INFO - Filling up the DagBag from /home/airflow/dags/feature_engineering_dag.py
[2026-04-27T02:13:00.536+0000] {processor.py:840} INFO - DAG(s) 'feature_engineering_pipeline' retrieved from /home/airflow/dags/feature_engineering_dag.py
[2026-04-27T02:13:00.558+0000] {logging_mixin.py:188} INFO - [2026-04-27T02:13:00.558+0000] {dag.py:3036} INFO - Sync 1 DAGs
[2026-04-27T02:13:00.575+0000] {logging_mixin.py:188} INFO - [2026-04-27T02:13:00.575+0000] {dag.py:3823} INFO - Setting next_dagrun for feature_engineering_pipeline to 2026-04-26 00:00:00+00:00, run_after=2026-05-03 00:00:00+00:00
[2026-04-27T02:13:00.600+0000] {processor.py:183} INFO - Processing /home/airflow/dags/feature_engineering_dag.py took 0.883 seconds
[2026-04-27T02:13:30.994+0000] {processor.py:161} INFO - Started process (PID=9655) to work on /home/airflow/dags/feature_engineering_dag.py
[2026-04-27T02:13:30.996+0000] {processor.py:830} INFO - Processing file /home/airflow/dags/feature_engineering_dag.py for tasks to queue
[2026-04-27T02:13:30.997+0000] {logging_mixin.py:188} INFO - [2026-04-27T02:13:30.997+0000] {dagbag.py:538} INFO - Filling up the DagBag from /home/airflow/dags/feature_engineering_dag.py
[2026-04-27T02:13:31.923+0000] {processor.py:840} INFO - DAG(s) 'feature_engineering_pipeline' retrieved from /home/airflow/dags/feature_engineering_dag.py
[2026-04-27T02:13:31.945+0000] {logging_mixin.py:188} INFO - [2026-04-27T02:13:31.945+0000] {dag.py:3036} INFO - Sync 1 DAGs
[2026-04-27T02:13:31.962+0000] {logging_mixin.py:188} INFO - [2026-04-27T02:13:31.962+0000] {dag.py:3823} INFO - Setting next_dagrun for feature_engineering_pipeline to 2026-04-26 00:00:00+00:00, run_after=2026-05-03 00:00:00+00:00
[2026-04-27T02:13:31.988+0000] {processor.py:183} INFO - Processing /home/airflow/dags/feature_engineering_dag.py took 0.997 seconds
[2026-04-27T02:14:02.338+0000] {processor.py:161} INFO - Started process (PID=9700) to work on /home/airflow/dags/feature_engineering_dag.py
[2026-04-27T02:14:02.339+0000] {processor.py:830} INFO - Processing file /home/airflow/dags/feature_engineering_dag.py for tasks to queue
[2026-04-27T02:14:02.340+0000] {logging_mixin.py:188} INFO - [2026-04-27T02:14:02.340+0000] {dagbag.py:538} INFO - Filling up the DagBag from /home/airflow/dags/feature_engineering_dag.py
[2026-04-27T02:14:03.183+0000] {processor.py:840} INFO - DAG(s) 'feature_engineering_pipeline' retrieved from /home/airflow/dags/feature_engineering_dag.py
[2026-04-27T02:14:03.202+0000] {logging_mixin.py:188} INFO - [2026-04-27T02:14:03.202+0000] {dag.py:3036} INFO - Sync 1 DAGs
[2026-04-27T02:14:03.218+0000] {logging_mixin.py:188} INFO - [2026-04-27T02:14:03.218+0000] {dag.py:3823} INFO - Setting next_dagrun for feature_engineering_pipeline to 2026-04-26 00:00:00+00:00, run_after=2026-05-03 00:00:00+00:00
[2026-04-27T02:14:03.239+0000] {processor.py:183} INFO - Processing /home/airflow/dags/feature_engineering_dag.py took 0.906 seconds
[2026-04-27T02:14:33.437+0000] {processor.py:161} INFO - Started process (PID=9745) to work on /home/airflow/dags/feature_engineering_dag.py
[2026-04-27T02:14:33.438+0000] {processor.py:830} INFO - Processing file /home/airflow/dags/feature_engineering_dag.py for tasks to queue
[2026-04-27T02:14:33.439+0000] {logging_mixin.py:188} INFO - [2026-04-27T02:14:33.439+0000] {dagbag.py:538} INFO - Filling up the DagBag from /home/airflow/dags/feature_engineering_dag.py
[2026-04-27T02:14:34.164+0000] {processor.py:840} INFO - DAG(s) 'feature_engineering_pipeline' retrieved from /home/airflow/dags/feature_engineering_dag.py
[2026-04-27T02:14:34.183+0000] {logging_mixin.py:188} INFO - [2026-04-27T02:14:34.182+0000] {dag.py:3036} INFO - Sync 1 DAGs
[2026-04-27T02:14:34.200+0000] {logging_mixin.py:188} INFO - [2026-04-27T02:14:34.200+0000] {dag.py:3823} INFO - Setting next_dagrun for feature_engineering_pipeline to 2026-04-26 00:00:00+00:00, run_after=2026-05-03 00:00:00+00:00
[2026-04-27T02:14:34.225+0000] {processor.py:183} INFO - Processing /home/airflow/dags/feature_engineering_dag.py took 0.792 seconds
[2026-04-27T02:15:04.562+0000] {processor.py:161} INFO - Started process (PID=9790) to work on /home/airflow/dags/feature_engineering_dag.py
[2026-04-27T02:15:04.564+0000] {processor.py:830} INFO - Processing file /home/airflow/dags/feature_engineering_dag.py for tasks to queue
[2026-04-27T02:15:04.565+0000] {logging_mixin.py:188} INFO - [2026-04-27T02:15:04.564+0000] {dagbag.py:538} INFO - Filling up the DagBag from /home/airflow/dags/feature_engineering_dag.py
[2026-04-27T02:15:05.503+0000] {processor.py:840} INFO - DAG(s) 'feature_engineering_pipeline' retrieved from /home/airflow/dags/feature_engineering_dag.py
[2026-04-27T02:15:05.527+0000] {logging_mixin.py:188} INFO - [2026-04-27T02:15:05.527+0000] {dag.py:3036} INFO - Sync 1 DAGs
[2026-04-27T02:15:05.549+0000] {logging_mixin.py:188} INFO - [2026-04-27T02:15:05.548+0000] {dag.py:3823} INFO - Setting next_dagrun for feature_engineering_pipeline to 2026-04-26 00:00:00+00:00, run_after=2026-05-03 00:00:00+00:00
[2026-04-27T02:15:05.573+0000] {processor.py:183} INFO - Processing /home/airflow/dags/feature_engineering_dag.py took 1.015 seconds
[2026-04-27T02:15:35.765+0000] {processor.py:161} INFO - Started process (PID=9835) to work on /home/airflow/dags/feature_engineering_dag.py
[2026-04-27T02:15:35.767+0000] {processor.py:830} INFO - Processing file /home/airflow/dags/feature_engineering_dag.py for tasks to queue
[2026-04-27T02:15:35.768+0000] {logging_mixin.py:188} INFO - [2026-04-27T02:15:35.768+0000] {dagbag.py:538} INFO - Filling up the DagBag from /home/airflow/dags/feature_engineering_dag.py
[2026-04-27T02:15:36.488+0000] {processor.py:840} INFO - DAG(s) 'feature_engineering_pipeline' retrieved from /home/airflow/dags/feature_engineering_dag.py
[2026-04-27T02:15:36.508+0000] {logging_mixin.py:188} INFO - [2026-04-27T02:15:36.507+0000] {dag.py:3036} INFO - Sync 1 DAGs
[2026-04-27T02:15:36.525+0000] {logging_mixin.py:188} INFO - [2026-04-27T02:15:36.524+0000] {dag.py:3823} INFO - Setting next_dagrun for feature_engineering_pipeline to 2026-04-26 00:00:00+00:00, run_after=2026-05-03 00:00:00+00:00
[2026-04-27T02:15:36.546+0000] {processor.py:183} INFO - Processing /home/airflow/dags/feature_engineering_dag.py took 0.784 seconds
[2026-04-27T02:16:06.738+0000] {processor.py:161} INFO - Started process (PID=9880) to work on /home/airflow/dags/feature_engineering_dag.py
[2026-04-27T02:16:06.740+0000] {processor.py:830} INFO - Processing file /home/airflow/dags/feature_engineering_dag.py for tasks to queue
[2026-04-27T02:16:06.741+0000] {logging_mixin.py:188} INFO - [2026-04-27T02:16:06.741+0000] {dagbag.py:538} INFO - Filling up the DagBag from /home/airflow/dags/feature_engineering_dag.py
[2026-04-27T02:16:07.816+0000] {processor.py:840} INFO - DAG(s) 'feature_engineering_pipeline' retrieved from /home/airflow/dags/feature_engineering_dag.py
[2026-04-27T02:16:07.840+0000] {logging_mixin.py:188} INFO - [2026-04-27T02:16:07.840+0000] {dag.py:3036} INFO - Sync 1 DAGs
[2026-04-27T02:16:07.859+0000] {logging_mixin.py:188} INFO - [2026-04-27T02:16:07.859+0000] {dag.py:3823} INFO - Setting next_dagrun for feature_engineering_pipeline to 2026-04-26 00:00:00+00:00, run_after=2026-05-03 00:00:00+00:00
[2026-04-27T02:16:07.885+0000] {processor.py:183} INFO - Processing /home/airflow/dags/feature_engineering_dag.py took 1.151 seconds
[2026-04-27T02:16:38.251+0000] {processor.py:161} INFO - Started process (PID=9925) to work on /home/airflow/dags/feature_engineering_dag.py
[2026-04-27T02:16:38.257+0000] {processor.py:830} INFO - Processing file /home/airflow/dags/feature_engineering_dag.py for tasks to queue
[2026-04-27T02:16:38.259+0000] {logging_mixin.py:188} INFO - [2026-04-27T02:16:38.258+0000] {dagbag.py:538} INFO - Filling up the DagBag from /home/airflow/dags/feature_engineering_dag.py
[2026-04-27T02:16:39.228+0000] {processor.py:840} INFO - DAG(s) 'feature_engineering_pipeline' retrieved from /home/airflow/dags/feature_engineering_dag.py
[2026-04-27T02:16:39.255+0000] {logging_mixin.py:188} INFO - [2026-04-27T02:16:39.255+0000] {dag.py:3036} INFO - Sync 1 DAGs
[2026-04-27T02:16:39.278+0000] {logging_mixin.py:188} INFO - [2026-04-27T02:16:39.278+0000] {dag.py:3823} INFO - Setting next_dagrun for feature_engineering_pipeline to 2026-04-26 00:00:00+00:00, run_after=2026-05-03 00:00:00+00:00
[2026-04-27T02:16:39.305+0000] {processor.py:183} INFO - Processing /home/airflow/dags/feature_engineering_dag.py took 1.058 seconds
[2026-04-27T02:17:10.264+0000] {processor.py:161} INFO - Started process (PID=9970) to work on /home/airflow/dags/feature_engineering_dag.py
[2026-04-27T02:17:10.265+0000] {processor.py:830} INFO - Processing file /home/airflow/dags/feature_engineering_dag.py for tasks to queue
[2026-04-27T02:17:10.267+0000] {logging_mixin.py:188} INFO - [2026-04-27T02:17:10.266+0000] {dagbag.py:538} INFO - Filling up the DagBag from /home/airflow/dags/feature_engineering_dag.py
[2026-04-27T02:17:11.056+0000] {processor.py:840} INFO - DAG(s) 'feature_engineering_pipeline' retrieved from /home/airflow/dags/feature_engineering_dag.py
[2026-04-27T02:17:11.078+0000] {logging_mixin.py:188} INFO - [2026-04-27T02:17:11.078+0000] {dag.py:3036} INFO - Sync 1 DAGs
[2026-04-27T02:17:11.095+0000] {logging_mixin.py:188} INFO - [2026-04-27T02:17:11.095+0000] {dag.py:3823} INFO - Setting next_dagrun for feature_engineering_pipeline to 2026-04-26 00:00:00+00:00, run_after=2026-05-03 00:00:00+00:00
[2026-04-27T02:17:11.119+0000] {processor.py:183} INFO - Processing /home/airflow/dags/feature_engineering_dag.py took 0.857 seconds
[2026-04-27T02:17:41.614+0000] {processor.py:161} INFO - Started process (PID=10015) to work on /home/airflow/dags/feature_engineering_dag.py
[2026-04-27T02:17:41.616+0000] {processor.py:830} INFO - Processing file /home/airflow/dags/feature_engineering_dag.py for tasks to queue
[2026-04-27T02:17:41.618+0000] {logging_mixin.py:188} INFO - [2026-04-27T02:17:41.618+0000] {dagbag.py:538} INFO - Filling up the DagBag from /home/airflow/dags/feature_engineering_dag.py
[2026-04-27T02:17:42.342+0000] {processor.py:840} INFO - DAG(s) 'feature_engineering_pipeline' retrieved from /home/airflow/dags/feature_engineering_dag.py
[2026-04-27T02:17:42.362+0000] {logging_mixin.py:188} INFO - [2026-04-27T02:17:42.361+0000] {dag.py:3036} INFO - Sync 1 DAGs
[2026-04-27T02:17:42.377+0000] {logging_mixin.py:188} INFO - [2026-04-27T02:17:42.377+0000] {dag.py:3823} INFO - Setting next_dagrun for feature_engineering_pipeline to 2026-04-26 00:00:00+00:00, run_after=2026-05-03 00:00:00+00:00
[2026-04-27T02:17:42.401+0000] {processor.py:183} INFO - Processing /home/airflow/dags/feature_engineering_dag.py took 0.791 seconds
[2026-04-27T02:18:12.528+0000] {processor.py:161} INFO - Started process (PID=10060) to work on /home/airflow/dags/feature_engineering_dag.py
[2026-04-27T02:18:12.529+0000] {processor.py:830} INFO - Processing file /home/airflow/dags/feature_engineering_dag.py for tasks to queue
[2026-04-27T02:18:12.530+0000] {logging_mixin.py:188} INFO - [2026-04-27T02:18:12.530+0000] {dagbag.py:538} INFO - Filling up the DagBag from /home/airflow/dags/feature_engineering_dag.py
[2026-04-27T02:18:13.556+0000] {processor.py:840} INFO - DAG(s) 'feature_engineering_pipeline' retrieved from /home/airflow/dags/feature_engineering_dag.py
[2026-04-27T02:18:13.577+0000] {logging_mixin.py:188} INFO - [2026-04-27T02:18:13.577+0000] {dag.py:3036} INFO - Sync 1 DAGs
[2026-04-27T02:18:13.596+0000] {logging_mixin.py:188} INFO - [2026-04-27T02:18:13.596+0000] {dag.py:3823} INFO - Setting next_dagrun for feature_engineering_pipeline to 2026-04-26 00:00:00+00:00, run_after=2026-05-03 00:00:00+00:00
[2026-04-27T02:18:13.624+0000] {processor.py:183} INFO - Processing /home/airflow/dags/feature_engineering_dag.py took 1.100 seconds
[2026-04-27T02:18:43.986+0000] {processor.py:161} INFO - Started process (PID=10105) to work on /home/airflow/dags/feature_engineering_dag.py
[2026-04-27T02:18:43.988+0000] {processor.py:830} INFO - Processing file /home/airflow/dags/feature_engineering_dag.py for tasks to queue
[2026-04-27T02:18:43.989+0000] {logging_mixin.py:188} INFO - [2026-04-27T02:18:43.989+0000] {dagbag.py:538} INFO - Filling up the DagBag from /home/airflow/dags/feature_engineering_dag.py
[2026-04-27T02:18:44.692+0000] {processor.py:840} INFO - DAG(s) 'feature_engineering_pipeline' retrieved from /home/airflow/dags/feature_engineering_dag.py
[2026-04-27T02:18:44.713+0000] {logging_mixin.py:188} INFO - [2026-04-27T02:18:44.712+0000] {dag.py:3036} INFO - Sync 1 DAGs
[2026-04-27T02:18:44.729+0000] {logging_mixin.py:188} INFO - [2026-04-27T02:18:44.729+0000] {dag.py:3823} INFO - Setting next_dagrun for feature_engineering_pipeline to 2026-04-26 00:00:00+00:00, run_after=2026-05-03 00:00:00+00:00
[2026-04-27T02:18:44.750+0000] {processor.py:183} INFO - Processing /home/airflow/dags/feature_engineering_dag.py took 0.768 seconds
[2026-04-27T02:19:15.058+0000] {processor.py:161} INFO - Started process (PID=10150) to work on /home/airflow/dags/feature_engineering_dag.py
[2026-04-27T02:19:15.059+0000] {processor.py:830} INFO - Processing file /home/airflow/dags/feature_engineering_dag.py for tasks to queue
[2026-04-27T02:19:15.060+0000] {logging_mixin.py:188} INFO - [2026-04-27T02:19:15.060+0000] {dagbag.py:538} INFO - Filling up the DagBag from /home/airflow/dags/feature_engineering_dag.py
[2026-04-27T02:19:15.776+0000] {processor.py:840} INFO - DAG(s) 'feature_engineering_pipeline' retrieved from /home/airflow/dags/feature_engineering_dag.py
[2026-04-27T02:19:15.797+0000] {logging_mixin.py:188} INFO - [2026-04-27T02:19:15.796+0000] {dag.py:3036} INFO - Sync 1 DAGs
[2026-04-27T02:19:15.817+0000] {logging_mixin.py:188} INFO - [2026-04-27T02:19:15.817+0000] {dag.py:3823} INFO - Setting next_dagrun for feature_engineering_pipeline to 2026-04-26 00:00:00+00:00, run_after=2026-05-03 00:00:00+00:00
[2026-04-27T02:19:15.845+0000] {processor.py:183} INFO - Processing /home/airflow/dags/feature_engineering_dag.py took 0.791 seconds
[2026-04-27T02:19:46.204+0000] {processor.py:161} INFO - Started process (PID=10195) to work on /home/airflow/dags/feature_engineering_dag.py
[2026-04-27T02:19:46.205+0000] {processor.py:830} INFO - Processing file /home/airflow/dags/feature_engineering_dag.py for tasks to queue
[2026-04-27T02:19:46.206+0000] {logging_mixin.py:188} INFO - [2026-04-27T02:19:46.206+0000] {dagbag.py:538} INFO - Filling up the DagBag from /home/airflow/dags/feature_engineering_dag.py
[2026-04-27T02:19:46.983+0000] {processor.py:840} INFO - DAG(s) 'feature_engineering_pipeline' retrieved from /home/airflow/dags/feature_engineering_dag.py
[2026-04-27T02:19:47.007+0000] {logging_mixin.py:188} INFO - [2026-04-27T02:19:47.006+0000] {dag.py:3036} INFO - Sync 1 DAGs
[2026-04-27T02:19:47.025+0000] {logging_mixin.py:188} INFO - [2026-04-27T02:19:47.025+0000] {dag.py:3823} INFO - Setting next_dagrun for feature_engineering_pipeline to 2026-04-26 00:00:00+00:00, run_after=2026-05-03 00:00:00+00:00
[2026-04-27T02:19:47.049+0000] {processor.py:183} INFO - Processing /home/airflow/dags/feature_engineering_dag.py took 0.848 seconds
[2026-04-27T02:20:17.536+0000] {processor.py:161} INFO - Started process (PID=10240) to work on /home/airflow/dags/feature_engineering_dag.py
[2026-04-27T02:20:17.539+0000] {processor.py:830} INFO - Processing file /home/airflow/dags/feature_engineering_dag.py for tasks to queue
[2026-04-27T02:20:17.540+0000] {logging_mixin.py:188} INFO - [2026-04-27T02:20:17.540+0000] {dagbag.py:538} INFO - Filling up the DagBag from /home/airflow/dags/feature_engineering_dag.py
[2026-04-27T02:20:18.305+0000] {processor.py:840} INFO - DAG(s) 'feature_engineering_pipeline' retrieved from /home/airflow/dags/feature_engineering_dag.py
[2026-04-27T02:20:18.327+0000] {logging_mixin.py:188} INFO - [2026-04-27T02:20:18.327+0000] {dag.py:3036} INFO - Sync 1 DAGs
[2026-04-27T02:20:18.342+0000] {logging_mixin.py:188} INFO - [2026-04-27T02:20:18.342+0000] {dag.py:3823} INFO - Setting next_dagrun for feature_engineering_pipeline to 2026-04-26 00:00:00+00:00, run_after=2026-05-03 00:00:00+00:00
[2026-04-27T02:20:18.363+0000] {processor.py:183} INFO - Processing /home/airflow/dags/feature_engineering_dag.py took 0.834 seconds
[2026-04-27T02:20:48.948+0000] {processor.py:161} INFO - Started process (PID=10285) to work on /home/airflow/dags/feature_engineering_dag.py
[2026-04-27T02:20:48.950+0000] {processor.py:830} INFO - Processing file /home/airflow/dags/feature_engineering_dag.py for tasks to queue
[2026-04-27T02:20:48.951+0000] {logging_mixin.py:188} INFO - [2026-04-27T02:20:48.950+0000] {dagbag.py:538} INFO - Filling up the DagBag from /home/airflow/dags/feature_engineering_dag.py
[2026-04-27T02:20:49.751+0000] {processor.py:840} INFO - DAG(s) 'feature_engineering_pipeline' retrieved from /home/airflow/dags/feature_engineering_dag.py
[2026-04-27T02:20:49.771+0000] {logging_mixin.py:188} INFO - [2026-04-27T02:20:49.770+0000] {dag.py:3036} INFO - Sync 1 DAGs
[2026-04-27T02:20:49.787+0000] {logging_mixin.py:188} INFO - [2026-04-27T02:20:49.786+0000] {dag.py:3823} INFO - Setting next_dagrun for feature_engineering_pipeline to 2026-04-26 00:00:00+00:00, run_after=2026-05-03 00:00:00+00:00
[2026-04-27T02:20:49.807+0000] {processor.py:183} INFO - Processing /home/airflow/dags/feature_engineering_dag.py took 0.862 seconds
[2026-04-27T02:21:19.892+0000] {processor.py:161} INFO - Started process (PID=10330) to work on /home/airflow/dags/feature_engineering_dag.py
[2026-04-27T02:21:19.893+0000] {processor.py:830} INFO - Processing file /home/airflow/dags/feature_engineering_dag.py for tasks to queue
[2026-04-27T02:21:19.895+0000] {logging_mixin.py:188} INFO - [2026-04-27T02:21:19.894+0000] {dagbag.py:538} INFO - Filling up the DagBag from /home/airflow/dags/feature_engineering_dag.py
[2026-04-27T02:21:20.747+0000] {processor.py:840} INFO - DAG(s) 'feature_engineering_pipeline' retrieved from /home/airflow/dags/feature_engineering_dag.py
[2026-04-27T02:21:20.767+0000] {logging_mixin.py:188} INFO - [2026-04-27T02:21:20.767+0000] {dag.py:3036} INFO - Sync 1 DAGs
[2026-04-27T02:21:20.785+0000] {logging_mixin.py:188} INFO - [2026-04-27T02:21:20.784+0000] {dag.py:3823} INFO - Setting next_dagrun for feature_engineering_pipeline to 2026-04-26 00:00:00+00:00, run_after=2026-05-03 00:00:00+00:00
[2026-04-27T02:21:20.807+0000] {processor.py:183} INFO - Processing /home/airflow/dags/feature_engineering_dag.py took 0.919 seconds
[2026-04-27T02:21:51.537+0000] {processor.py:161} INFO - Started process (PID=10375) to work on /home/airflow/dags/feature_engineering_dag.py
[2026-04-27T02:21:51.539+0000] {processor.py:830} INFO - Processing file /home/airflow/dags/feature_engineering_dag.py for tasks to queue
[2026-04-27T02:21:51.540+0000] {logging_mixin.py:188} INFO - [2026-04-27T02:21:51.539+0000] {dagbag.py:538} INFO - Filling up the DagBag from /home/airflow/dags/feature_engineering_dag.py
[2026-04-27T02:21:52.252+0000] {processor.py:840} INFO - DAG(s) 'feature_engineering_pipeline' retrieved from /home/airflow/dags/feature_engineering_dag.py
[2026-04-27T02:21:52.273+0000] {logging_mixin.py:188} INFO - [2026-04-27T02:21:52.273+0000] {dag.py:3036} INFO - Sync 1 DAGs
[2026-04-27T02:21:52.289+0000] {logging_mixin.py:188} INFO - [2026-04-27T02:21:52.289+0000] {dag.py:3823} INFO - Setting next_dagrun for feature_engineering_pipeline to 2026-04-26 00:00:00+00:00, run_after=2026-05-03 00:00:00+00:00
[2026-04-27T02:21:52.310+0000] {processor.py:183} INFO - Processing /home/airflow/dags/feature_engineering_dag.py took 0.777 seconds
[2026-04-27T02:22:22.467+0000] {processor.py:161} INFO - Started process (PID=10420) to work on /home/airflow/dags/feature_engineering_dag.py
[2026-04-27T02:22:22.468+0000] {processor.py:830} INFO - Processing file /home/airflow/dags/feature_engineering_dag.py for tasks to queue
[2026-04-27T02:22:22.469+0000] {logging_mixin.py:188} INFO - [2026-04-27T02:22:22.469+0000] {dagbag.py:538} INFO - Filling up the DagBag from /home/airflow/dags/feature_engineering_dag.py
[2026-04-27T02:22:23.308+0000] {processor.py:840} INFO - DAG(s) 'feature_engineering_pipeline' retrieved from /home/airflow/dags/feature_engineering_dag.py
[2026-04-27T02:22:23.328+0000] {logging_mixin.py:188} INFO - [2026-04-27T02:22:23.328+0000] {dag.py:3036} INFO - Sync 1 DAGs
[2026-04-27T02:22:23.346+0000] {logging_mixin.py:188} INFO - [2026-04-27T02:22:23.346+0000] {dag.py:3823} INFO - Setting next_dagrun for feature_engineering_pipeline to 2026-04-26 00:00:00+00:00, run_after=2026-05-03 00:00:00+00:00
[2026-04-27T02:22:23.368+0000] {processor.py:183} INFO - Processing /home/airflow/dags/feature_engineering_dag.py took 0.905 seconds
[2026-04-27T02:22:53.811+0000] {processor.py:161} INFO - Started process (PID=10465) to work on /home/airflow/dags/feature_engineering_dag.py
[2026-04-27T02:22:53.812+0000] {processor.py:830} INFO - Processing file /home/airflow/dags/feature_engineering_dag.py for tasks to queue
[2026-04-27T02:22:53.813+0000] {logging_mixin.py:188} INFO - [2026-04-27T02:22:53.813+0000] {dagbag.py:538} INFO - Filling up the DagBag from /home/airflow/dags/feature_engineering_dag.py
[2026-04-27T02:22:54.670+0000] {processor.py:840} INFO - DAG(s) 'feature_engineering_pipeline' retrieved from /home/airflow/dags/feature_engineering_dag.py
[2026-04-27T02:22:54.693+0000] {logging_mixin.py:188} INFO - [2026-04-27T02:22:54.693+0000] {dag.py:3036} INFO - Sync 1 DAGs
[2026-04-27T02:22:54.715+0000] {logging_mixin.py:188} INFO - [2026-04-27T02:22:54.715+0000] {dag.py:3823} INFO - Setting next_dagrun for feature_engineering_pipeline to 2026-04-26 00:00:00+00:00, run_after=2026-05-03 00:00:00+00:00
[2026-04-27T02:22:54.737+0000] {processor.py:183} INFO - Processing /home/airflow/dags/feature_engineering_dag.py took 0.930 seconds
[2026-04-27T02:23:25.196+0000] {processor.py:161} INFO - Started process (PID=10510) to work on /home/airflow/dags/feature_engineering_dag.py
[2026-04-27T02:23:25.197+0000] {processor.py:830} INFO - Processing file /home/airflow/dags/feature_engineering_dag.py for tasks to queue
[2026-04-27T02:23:25.198+0000] {logging_mixin.py:188} INFO - [2026-04-27T02:23:25.198+0000] {dagbag.py:538} INFO - Filling up the DagBag from /home/airflow/dags/feature_engineering_dag.py
[2026-04-27T02:23:25.912+0000] {processor.py:840} INFO - DAG(s) 'feature_engineering_pipeline' retrieved from /home/airflow/dags/feature_engineering_dag.py
[2026-04-27T02:23:25.933+0000] {logging_mixin.py:188} INFO - [2026-04-27T02:23:25.932+0000] {dag.py:3036} INFO - Sync 1 DAGs
[2026-04-27T02:23:25.949+0000] {logging_mixin.py:188} INFO - [2026-04-27T02:23:25.949+0000] {dag.py:3823} INFO - Setting next_dagrun for feature_engineering_pipeline to 2026-04-26 00:00:00+00:00, run_after=2026-05-03 00:00:00+00:00
[2026-04-27T02:23:25.970+0000] {processor.py:183} INFO - Processing /home/airflow/dags/feature_engineering_dag.py took 0.778 seconds
[2026-04-27T02:23:56.567+0000] {processor.py:161} INFO - Started process (PID=10555) to work on /home/airflow/dags/feature_engineering_dag.py
[2026-04-27T02:23:56.568+0000] {processor.py:830} INFO - Processing file /home/airflow/dags/feature_engineering_dag.py for tasks to queue
[2026-04-27T02:23:56.570+0000] {logging_mixin.py:188} INFO - [2026-04-27T02:23:56.569+0000] {dagbag.py:538} INFO - Filling up the DagBag from /home/airflow/dags/feature_engineering_dag.py
[2026-04-27T02:23:57.345+0000] {processor.py:840} INFO - DAG(s) 'feature_engineering_pipeline' retrieved from /home/airflow/dags/feature_engineering_dag.py
[2026-04-27T02:23:57.539+0000] {logging_mixin.py:188} INFO - [2026-04-27T02:23:57.539+0000] {dag.py:3036} INFO - Sync 1 DAGs
[2026-04-27T02:23:57.567+0000] {logging_mixin.py:188} INFO - [2026-04-27T02:23:57.566+0000] {dag.py:3823} INFO - Setting next_dagrun for feature_engineering_pipeline to 2026-04-26 00:00:00+00:00, run_after=2026-05-03 00:00:00+00:00
[2026-04-27T02:23:57.595+0000] {processor.py:183} INFO - Processing /home/airflow/dags/feature_engineering_dag.py took 1.031 seconds
[2026-04-27T02:24:27.980+0000] {processor.py:161} INFO - Started process (PID=10600) to work on /home/airflow/dags/feature_engineering_dag.py
[2026-04-27T02:24:27.981+0000] {processor.py:830} INFO - Processing file /home/airflow/dags/feature_engineering_dag.py for tasks to queue
[2026-04-27T02:24:27.982+0000] {logging_mixin.py:188} INFO - [2026-04-27T02:24:27.982+0000] {dagbag.py:538} INFO - Filling up the DagBag from /home/airflow/dags/feature_engineering_dag.py
[2026-04-27T02:24:28.677+0000] {processor.py:840} INFO - DAG(s) 'feature_engineering_pipeline' retrieved from /home/airflow/dags/feature_engineering_dag.py
[2026-04-27T02:24:28.698+0000] {logging_mixin.py:188} INFO - [2026-04-27T02:24:28.697+0000] {dag.py:3036} INFO - Sync 1 DAGs
[2026-04-27T02:24:28.714+0000] {logging_mixin.py:188} INFO - [2026-04-27T02:24:28.714+0000] {dag.py:3823} INFO - Setting next_dagrun for feature_engineering_pipeline to 2026-04-26 00:00:00+00:00, run_after=2026-05-03 00:00:00+00:00
[2026-04-27T02:24:28.737+0000] {processor.py:183} INFO - Processing /home/airflow/dags/feature_engineering_dag.py took 0.761 seconds
[2026-04-27T02:24:59.424+0000] {processor.py:161} INFO - Started process (PID=10645) to work on /home/airflow/dags/feature_engineering_dag.py
[2026-04-27T02:24:59.425+0000] {processor.py:830} INFO - Processing file /home/airflow/dags/feature_engineering_dag.py for tasks to queue
[2026-04-27T02:24:59.427+0000] {logging_mixin.py:188} INFO - [2026-04-27T02:24:59.426+0000] {dagbag.py:538} INFO - Filling up the DagBag from /home/airflow/dags/feature_engineering_dag.py
[2026-04-27T02:25:00.300+0000] {processor.py:840} INFO - DAG(s) 'feature_engineering_pipeline' retrieved from /home/airflow/dags/feature_engineering_dag.py
[2026-04-27T02:25:00.320+0000] {logging_mixin.py:188} INFO - [2026-04-27T02:25:00.319+0000] {dag.py:3036} INFO - Sync 1 DAGs
[2026-04-27T02:25:00.336+0000] {logging_mixin.py:188} INFO - [2026-04-27T02:25:00.335+0000] {dag.py:3823} INFO - Setting next_dagrun for feature_engineering_pipeline to 2026-04-26 00:00:00+00:00, run_after=2026-05-03 00:00:00+00:00
[2026-04-27T02:25:00.358+0000] {processor.py:183} INFO - Processing /home/airflow/dags/feature_engineering_dag.py took 0.938 seconds
[2026-04-27T02:25:30.671+0000] {processor.py:161} INFO - Started process (PID=10690) to work on /home/airflow/dags/feature_engineering_dag.py
[2026-04-27T02:25:30.672+0000] {processor.py:830} INFO - Processing file /home/airflow/dags/feature_engineering_dag.py for tasks to queue
[2026-04-27T02:25:30.673+0000] {logging_mixin.py:188} INFO - [2026-04-27T02:25:30.673+0000] {dagbag.py:538} INFO - Filling up the DagBag from /home/airflow/dags/feature_engineering_dag.py
[2026-04-27T02:25:31.383+0000] {processor.py:840} INFO - DAG(s) 'feature_engineering_pipeline' retrieved from /home/airflow/dags/feature_engineering_dag.py
[2026-04-27T02:25:31.402+0000] {logging_mixin.py:188} INFO - [2026-04-27T02:25:31.402+0000] {dag.py:3036} INFO - Sync 1 DAGs
[2026-04-27T02:25:31.419+0000] {logging_mixin.py:188} INFO - [2026-04-27T02:25:31.419+0000] {dag.py:3823} INFO - Setting next_dagrun for feature_engineering_pipeline to 2026-04-26 00:00:00+00:00, run_after=2026-05-03 00:00:00+00:00
[2026-04-27T02:25:31.440+0000] {processor.py:183} INFO - Processing /home/airflow/dags/feature_engineering_dag.py took 0.772 seconds
[2026-04-27T02:26:01.520+0000] {processor.py:161} INFO - Started process (PID=10735) to work on /home/airflow/dags/feature_engineering_dag.py
[2026-04-27T02:26:01.521+0000] {processor.py:830} INFO - Processing file /home/airflow/dags/feature_engineering_dag.py for tasks to queue
[2026-04-27T02:26:01.522+0000] {logging_mixin.py:188} INFO - [2026-04-27T02:26:01.522+0000] {dagbag.py:538} INFO - Filling up the DagBag from /home/airflow/dags/feature_engineering_dag.py
[2026-04-27T02:26:02.287+0000] {processor.py:840} INFO - DAG(s) 'feature_engineering_pipeline' retrieved from /home/airflow/dags/feature_engineering_dag.py
[2026-04-27T02:26:02.307+0000] {logging_mixin.py:188} INFO - [2026-04-27T02:26:02.307+0000] {dag.py:3036} INFO - Sync 1 DAGs
[2026-04-27T02:26:02.322+0000] {logging_mixin.py:188} INFO - [2026-04-27T02:26:02.322+0000] {dag.py:3823} INFO - Setting next_dagrun for feature_engineering_pipeline to 2026-04-26 00:00:00+00:00, run_after=2026-05-03 00:00:00+00:00
[2026-04-27T02:26:02.344+0000] {processor.py:183} INFO - Processing /home/airflow/dags/feature_engineering_dag.py took 0.828 seconds
[2026-04-27T02:26:32.734+0000] {processor.py:161} INFO - Started process (PID=10780) to work on /home/airflow/dags/feature_engineering_dag.py
[2026-04-27T02:26:32.735+0000] {processor.py:830} INFO - Processing file /home/airflow/dags/feature_engineering_dag.py for tasks to queue
[2026-04-27T02:26:32.736+0000] {logging_mixin.py:188} INFO - [2026-04-27T02:26:32.736+0000] {dagbag.py:538} INFO - Filling up the DagBag from /home/airflow/dags/feature_engineering_dag.py
[2026-04-27T02:26:33.476+0000] {processor.py:840} INFO - DAG(s) 'feature_engineering_pipeline' retrieved from /home/airflow/dags/feature_engineering_dag.py
[2026-04-27T02:26:33.501+0000] {logging_mixin.py:188} INFO - [2026-04-27T02:26:33.501+0000] {dag.py:3036} INFO - Sync 1 DAGs
[2026-04-27T02:26:33.522+0000] {logging_mixin.py:188} INFO - [2026-04-27T02:26:33.522+0000] {dag.py:3823} INFO - Setting next_dagrun for feature_engineering_pipeline to 2026-04-26 00:00:00+00:00, run_after=2026-05-03 00:00:00+00:00
[2026-04-27T02:26:33.545+0000] {processor.py:183} INFO - Processing /home/airflow/dags/feature_engineering_dag.py took 0.813 seconds
[2026-04-27T02:27:03.974+0000] {processor.py:161} INFO - Started process (PID=10825) to work on /home/airflow/dags/feature_engineering_dag.py
[2026-04-27T02:27:03.976+0000] {processor.py:830} INFO - Processing file /home/airflow/dags/feature_engineering_dag.py for tasks to queue
[2026-04-27T02:27:03.977+0000] {logging_mixin.py:188} INFO - [2026-04-27T02:27:03.977+0000] {dagbag.py:538} INFO - Filling up the DagBag from /home/airflow/dags/feature_engineering_dag.py
[2026-04-27T02:27:04.761+0000] {processor.py:840} INFO - DAG(s) 'feature_engineering_pipeline' retrieved from /home/airflow/dags/feature_engineering_dag.py
[2026-04-27T02:27:04.779+0000] {logging_mixin.py:188} INFO - [2026-04-27T02:27:04.779+0000] {dag.py:3036} INFO - Sync 1 DAGs
[2026-04-27T02:27:04.795+0000] {logging_mixin.py:188} INFO - [2026-04-27T02:27:04.795+0000] {dag.py:3823} INFO - Setting next_dagrun for feature_engineering_pipeline to 2026-04-26 00:00:00+00:00, run_after=2026-05-03 00:00:00+00:00
[2026-04-27T02:27:04.818+0000] {processor.py:183} INFO - Processing /home/airflow/dags/feature_engineering_dag.py took 0.848 seconds
[2026-04-27T02:27:35.414+0000] {processor.py:161} INFO - Started process (PID=10870) to work on /home/airflow/dags/feature_engineering_dag.py
[2026-04-27T02:27:35.416+0000] {processor.py:830} INFO - Processing file /home/airflow/dags/feature_engineering_dag.py for tasks to queue
[2026-04-27T02:27:35.417+0000] {logging_mixin.py:188} INFO - [2026-04-27T02:27:35.417+0000] {dagbag.py:538} INFO - Filling up the DagBag from /home/airflow/dags/feature_engineering_dag.py
[2026-04-27T02:27:36.370+0000] {processor.py:840} INFO - DAG(s) 'feature_engineering_pipeline' retrieved from /home/airflow/dags/feature_engineering_dag.py
[2026-04-27T02:27:36.390+0000] {logging_mixin.py:188} INFO - [2026-04-27T02:27:36.389+0000] {dag.py:3036} INFO - Sync 1 DAGs
[2026-04-27T02:27:36.409+0000] {logging_mixin.py:188} INFO - [2026-04-27T02:27:36.409+0000] {dag.py:3823} INFO - Setting next_dagrun for feature_engineering_pipeline to 2026-04-26 00:00:00+00:00, run_after=2026-05-03 00:00:00+00:00
[2026-04-27T02:27:36.435+0000] {processor.py:183} INFO - Processing /home/airflow/dags/feature_engineering_dag.py took 1.025 seconds
[2026-04-27T02:28:06.829+0000] {processor.py:161} INFO - Started process (PID=10915) to work on /home/airflow/dags/feature_engineering_dag.py
[2026-04-27T02:28:06.830+0000] {processor.py:830} INFO - Processing file /home/airflow/dags/feature_engineering_dag.py for tasks to queue
[2026-04-27T02:28:06.831+0000] {logging_mixin.py:188} INFO - [2026-04-27T02:28:06.830+0000] {dagbag.py:538} INFO - Filling up the DagBag from /home/airflow/dags/feature_engineering_dag.py
[2026-04-27T02:28:07.567+0000] {processor.py:840} INFO - DAG(s) 'feature_engineering_pipeline' retrieved from /home/airflow/dags/feature_engineering_dag.py
[2026-04-27T02:28:07.596+0000] {logging_mixin.py:188} INFO - [2026-04-27T02:28:07.595+0000] {dag.py:3036} INFO - Sync 1 DAGs
[2026-04-27T02:28:07.628+0000] {logging_mixin.py:188} INFO - [2026-04-27T02:28:07.628+0000] {dag.py:3823} INFO - Setting next_dagrun for feature_engineering_pipeline to 2026-04-26 00:00:00+00:00, run_after=2026-05-03 00:00:00+00:00
[2026-04-27T02:28:07.662+0000] {processor.py:183} INFO - Processing /home/airflow/dags/feature_engineering_dag.py took 0.836 seconds
[2026-04-27T02:28:37.730+0000] {processor.py:161} INFO - Started process (PID=10960) to work on /home/airflow/dags/feature_engineering_dag.py
[2026-04-27T02:28:37.731+0000] {processor.py:830} INFO - Processing file /home/airflow/dags/feature_engineering_dag.py for tasks to queue
[2026-04-27T02:28:37.732+0000] {logging_mixin.py:188} INFO - [2026-04-27T02:28:37.732+0000] {dagbag.py:538} INFO - Filling up the DagBag from /home/airflow/dags/feature_engineering_dag.py
[2026-04-27T02:28:38.563+0000] {processor.py:840} INFO - DAG(s) 'feature_engineering_pipeline' retrieved from /home/airflow/dags/feature_engineering_dag.py
[2026-04-27T02:28:38.585+0000] {logging_mixin.py:188} INFO - [2026-04-27T02:28:38.585+0000] {dag.py:3036} INFO - Sync 1 DAGs
[2026-04-27T02:28:38.609+0000] {logging_mixin.py:188} INFO - [2026-04-27T02:28:38.609+0000] {dag.py:3823} INFO - Setting next_dagrun for feature_engineering_pipeline to 2026-04-26 00:00:00+00:00, run_after=2026-05-03 00:00:00+00:00
[2026-04-27T02:28:38.640+0000] {processor.py:183} INFO - Processing /home/airflow/dags/feature_engineering_dag.py took 0.915 seconds
[2026-04-27T02:29:09.176+0000] {processor.py:161} INFO - Started process (PID=11005) to work on /home/airflow/dags/feature_engineering_dag.py
[2026-04-27T02:29:09.178+0000] {processor.py:830} INFO - Processing file /home/airflow/dags/feature_engineering_dag.py for tasks to queue
[2026-04-27T02:29:09.179+0000] {logging_mixin.py:188} INFO - [2026-04-27T02:29:09.179+0000] {dagbag.py:538} INFO - Filling up the DagBag from /home/airflow/dags/feature_engineering_dag.py
[2026-04-27T02:29:09.992+0000] {processor.py:840} INFO - DAG(s) 'feature_engineering_pipeline' retrieved from /home/airflow/dags/feature_engineering_dag.py
[2026-04-27T02:29:10.016+0000] {logging_mixin.py:188} INFO - [2026-04-27T02:29:10.015+0000] {dag.py:3036} INFO - Sync 1 DAGs
[2026-04-27T02:29:10.033+0000] {logging_mixin.py:188} INFO - [2026-04-27T02:29:10.033+0000] {dag.py:3823} INFO - Setting next_dagrun for feature_engineering_pipeline to 2026-04-26 00:00:00+00:00, run_after=2026-05-03 00:00:00+00:00
[2026-04-27T02:29:10.059+0000] {processor.py:183} INFO - Processing /home/airflow/dags/feature_engineering_dag.py took 0.887 seconds
[2026-04-27T02:29:40.154+0000] {processor.py:161} INFO - Started process (PID=11054) to work on /home/airflow/dags/feature_engineering_dag.py
[2026-04-27T02:29:40.155+0000] {processor.py:830} INFO - Processing file /home/airflow/dags/feature_engineering_dag.py for tasks to queue
[2026-04-27T02:29:40.156+0000] {logging_mixin.py:188} INFO - [2026-04-27T02:29:40.155+0000] {dagbag.py:538} INFO - Filling up the DagBag from /home/airflow/dags/feature_engineering_dag.py
[2026-04-27T02:29:40.899+0000] {processor.py:840} INFO - DAG(s) 'feature_engineering_pipeline' retrieved from /home/airflow/dags/feature_engineering_dag.py
[2026-04-27T02:29:40.917+0000] {logging_mixin.py:188} INFO - [2026-04-27T02:29:40.917+0000] {dag.py:3036} INFO - Sync 1 DAGs
[2026-04-27T02:29:40.934+0000] {logging_mixin.py:188} INFO - [2026-04-27T02:29:40.934+0000] {dag.py:3823} INFO - Setting next_dagrun for feature_engineering_pipeline to 2026-04-26 00:00:00+00:00, run_after=2026-05-03 00:00:00+00:00
[2026-04-27T02:29:40.955+0000] {processor.py:183} INFO - Processing /home/airflow/dags/feature_engineering_dag.py took 0.804 seconds
[2026-04-27T02:30:11.099+0000] {processor.py:161} INFO - Started process (PID=11101) to work on /home/airflow/dags/feature_engineering_dag.py
[2026-04-27T02:30:11.101+0000] {processor.py:830} INFO - Processing file /home/airflow/dags/feature_engineering_dag.py for tasks to queue
[2026-04-27T02:30:11.102+0000] {logging_mixin.py:188} INFO - [2026-04-27T02:30:11.101+0000] {dagbag.py:538} INFO - Filling up the DagBag from /home/airflow/dags/feature_engineering_dag.py
[2026-04-27T02:30:11.901+0000] {processor.py:840} INFO - DAG(s) 'feature_engineering_pipeline' retrieved from /home/airflow/dags/feature_engineering_dag.py
[2026-04-27T02:30:11.922+0000] {logging_mixin.py:188} INFO - [2026-04-27T02:30:11.921+0000] {dag.py:3036} INFO - Sync 1 DAGs
[2026-04-27T02:30:11.940+0000] {logging_mixin.py:188} INFO - [2026-04-27T02:30:11.940+0000] {dag.py:3823} INFO - Setting next_dagrun for feature_engineering_pipeline to 2026-04-26 00:00:00+00:00, run_after=2026-05-03 00:00:00+00:00
[2026-04-27T02:30:11.965+0000] {processor.py:183} INFO - Processing /home/airflow/dags/feature_engineering_dag.py took 0.869 seconds
[2026-04-27T02:30:42.240+0000] {processor.py:161} INFO - Started process (PID=11146) to work on /home/airflow/dags/feature_engineering_dag.py
[2026-04-27T02:30:42.242+0000] {processor.py:830} INFO - Processing file /home/airflow/dags/feature_engineering_dag.py for tasks to queue
[2026-04-27T02:30:42.243+0000] {logging_mixin.py:188} INFO - [2026-04-27T02:30:42.243+0000] {dagbag.py:538} INFO - Filling up the DagBag from /home/airflow/dags/feature_engineering_dag.py
[2026-04-27T02:30:43.171+0000] {processor.py:840} INFO - DAG(s) 'feature_engineering_pipeline' retrieved from /home/airflow/dags/feature_engineering_dag.py
[2026-04-27T02:30:43.193+0000] {logging_mixin.py:188} INFO - [2026-04-27T02:30:43.193+0000] {dag.py:3036} INFO - Sync 1 DAGs
[2026-04-27T02:30:43.210+0000] {logging_mixin.py:188} INFO - [2026-04-27T02:30:43.209+0000] {dag.py:3823} INFO - Setting next_dagrun for feature_engineering_pipeline to 2026-04-26 00:00:00+00:00, run_after=2026-05-03 00:00:00+00:00
[2026-04-27T02:30:43.237+0000] {processor.py:183} INFO - Processing /home/airflow/dags/feature_engineering_dag.py took 1.001 seconds
[2026-04-27T02:31:13.490+0000] {processor.py:161} INFO - Started process (PID=11191) to work on /home/airflow/dags/feature_engineering_dag.py
[2026-04-27T02:31:13.492+0000] {processor.py:830} INFO - Processing file /home/airflow/dags/feature_engineering_dag.py for tasks to queue
[2026-04-27T02:31:13.493+0000] {logging_mixin.py:188} INFO - [2026-04-27T02:31:13.492+0000] {dagbag.py:538} INFO - Filling up the DagBag from /home/airflow/dags/feature_engineering_dag.py
[2026-04-27T02:31:14.468+0000] {processor.py:840} INFO - DAG(s) 'feature_engineering_pipeline' retrieved from /home/airflow/dags/feature_engineering_dag.py
[2026-04-27T02:31:14.494+0000] {logging_mixin.py:188} INFO - [2026-04-27T02:31:14.494+0000] {dag.py:3036} INFO - Sync 1 DAGs
[2026-04-27T02:31:14.515+0000] {logging_mixin.py:188} INFO - [2026-04-27T02:31:14.514+0000] {dag.py:3823} INFO - Setting next_dagrun for feature_engineering_pipeline to 2026-04-26 00:00:00+00:00, run_after=2026-05-03 00:00:00+00:00
[2026-04-27T02:31:14.539+0000] {processor.py:183} INFO - Processing /home/airflow/dags/feature_engineering_dag.py took 1.052 seconds
[2026-04-27T02:31:44.892+0000] {processor.py:161} INFO - Started process (PID=11236) to work on /home/airflow/dags/feature_engineering_dag.py
[2026-04-27T02:31:44.893+0000] {processor.py:830} INFO - Processing file /home/airflow/dags/feature_engineering_dag.py for tasks to queue
[2026-04-27T02:31:44.894+0000] {logging_mixin.py:188} INFO - [2026-04-27T02:31:44.894+0000] {dagbag.py:538} INFO - Filling up the DagBag from /home/airflow/dags/feature_engineering_dag.py
[2026-04-27T02:31:45.665+0000] {processor.py:840} INFO - DAG(s) 'feature_engineering_pipeline' retrieved from /home/airflow/dags/feature_engineering_dag.py
[2026-04-27T02:31:45.690+0000] {logging_mixin.py:188} INFO - [2026-04-27T02:31:45.689+0000] {dag.py:3036} INFO - Sync 1 DAGs
[2026-04-27T02:31:45.713+0000] {logging_mixin.py:188} INFO - [2026-04-27T02:31:45.713+0000] {dag.py:3823} INFO - Setting next_dagrun for feature_engineering_pipeline to 2026-04-26 00:00:00+00:00, run_after=2026-05-03 00:00:00+00:00
[2026-04-27T02:31:45.742+0000] {processor.py:183} INFO - Processing /home/airflow/dags/feature_engineering_dag.py took 0.853 seconds
[2026-04-27T02:32:15.918+0000] {processor.py:161} INFO - Started process (PID=11281) to work on /home/airflow/dags/feature_engineering_dag.py
[2026-04-27T02:32:15.919+0000] {processor.py:830} INFO - Processing file /home/airflow/dags/feature_engineering_dag.py for tasks to queue
[2026-04-27T02:32:15.920+0000] {logging_mixin.py:188} INFO - [2026-04-27T02:32:15.920+0000] {dagbag.py:538} INFO - Filling up the DagBag from /home/airflow/dags/feature_engineering_dag.py
[2026-04-27T02:32:16.785+0000] {processor.py:840} INFO - DAG(s) 'feature_engineering_pipeline' retrieved from /home/airflow/dags/feature_engineering_dag.py
[2026-04-27T02:32:16.806+0000] {logging_mixin.py:188} INFO - [2026-04-27T02:32:16.806+0000] {dag.py:3036} INFO - Sync 1 DAGs
[2026-04-27T02:32:16.829+0000] {logging_mixin.py:188} INFO - [2026-04-27T02:32:16.829+0000] {dag.py:3823} INFO - Setting next_dagrun for feature_engineering_pipeline to 2026-04-26 00:00:00+00:00, run_after=2026-05-03 00:00:00+00:00
[2026-04-27T02:32:16.851+0000] {processor.py:183} INFO - Processing /home/airflow/dags/feature_engineering_dag.py took 0.935 seconds
[2026-04-27T02:32:47.337+0000] {processor.py:161} INFO - Started process (PID=11326) to work on /home/airflow/dags/feature_engineering_dag.py
[2026-04-27T02:32:47.338+0000] {processor.py:830} INFO - Processing file /home/airflow/dags/feature_engineering_dag.py for tasks to queue
[2026-04-27T02:32:47.339+0000] {logging_mixin.py:188} INFO - [2026-04-27T02:32:47.339+0000] {dagbag.py:538} INFO - Filling up the DagBag from /home/airflow/dags/feature_engineering_dag.py
[2026-04-27T02:32:48.201+0000] {processor.py:840} INFO - DAG(s) 'feature_engineering_pipeline' retrieved from /home/airflow/dags/feature_engineering_dag.py
[2026-04-27T02:32:48.224+0000] {logging_mixin.py:188} INFO - [2026-04-27T02:32:48.223+0000] {dag.py:3036} INFO - Sync 1 DAGs
[2026-04-27T02:32:48.245+0000] {logging_mixin.py:188} INFO - [2026-04-27T02:32:48.245+0000] {dag.py:3823} INFO - Setting next_dagrun for feature_engineering_pipeline to 2026-04-26 00:00:00+00:00, run_after=2026-05-03 00:00:00+00:00
[2026-04-27T02:32:48.269+0000] {processor.py:183} INFO - Processing /home/airflow/dags/feature_engineering_dag.py took 0.937 seconds
[2026-04-27T02:33:18.969+0000] {processor.py:161} INFO - Started process (PID=11371) to work on /home/airflow/dags/feature_engineering_dag.py
[2026-04-27T02:33:18.970+0000] {processor.py:830} INFO - Processing file /home/airflow/dags/feature_engineering_dag.py for tasks to queue
[2026-04-27T02:33:18.971+0000] {logging_mixin.py:188} INFO - [2026-04-27T02:33:18.971+0000] {dagbag.py:538} INFO - Filling up the DagBag from /home/airflow/dags/feature_engineering_dag.py
[2026-04-27T02:33:19.736+0000] {processor.py:840} INFO - DAG(s) 'feature_engineering_pipeline' retrieved from /home/airflow/dags/feature_engineering_dag.py
[2026-04-27T02:33:19.760+0000] {logging_mixin.py:188} INFO - [2026-04-27T02:33:19.759+0000] {dag.py:3036} INFO - Sync 1 DAGs
[2026-04-27T02:33:19.778+0000] {logging_mixin.py:188} INFO - [2026-04-27T02:33:19.778+0000] {dag.py:3823} INFO - Setting next_dagrun for feature_engineering_pipeline to 2026-04-26 00:00:00+00:00, run_after=2026-05-03 00:00:00+00:00
[2026-04-27T02:33:19.802+0000] {processor.py:183} INFO - Processing /home/airflow/dags/feature_engineering_dag.py took 0.836 seconds
[2026-04-27T02:33:49.891+0000] {processor.py:161} INFO - Started process (PID=11416) to work on /home/airflow/dags/feature_engineering_dag.py
[2026-04-27T02:33:49.892+0000] {processor.py:830} INFO - Processing file /home/airflow/dags/feature_engineering_dag.py for tasks to queue
[2026-04-27T02:33:49.893+0000] {logging_mixin.py:188} INFO - [2026-04-27T02:33:49.893+0000] {dagbag.py:538} INFO - Filling up the DagBag from /home/airflow/dags/feature_engineering_dag.py
[2026-04-27T02:33:50.866+0000] {processor.py:840} INFO - DAG(s) 'feature_engineering_pipeline' retrieved from /home/airflow/dags/feature_engineering_dag.py
[2026-04-27T02:33:50.892+0000] {logging_mixin.py:188} INFO - [2026-04-27T02:33:50.891+0000] {dag.py:3036} INFO - Sync 1 DAGs
[2026-04-27T02:33:50.912+0000] {logging_mixin.py:188} INFO - [2026-04-27T02:33:50.912+0000] {dag.py:3823} INFO - Setting next_dagrun for feature_engineering_pipeline to 2026-04-26 00:00:00+00:00, run_after=2026-05-03 00:00:00+00:00
[2026-04-27T02:33:50.935+0000] {processor.py:183} INFO - Processing /home/airflow/dags/feature_engineering_dag.py took 1.048 seconds
[2026-04-27T02:34:21.116+0000] {processor.py:161} INFO - Started process (PID=11461) to work on /home/airflow/dags/feature_engineering_dag.py
[2026-04-27T02:34:21.118+0000] {processor.py:830} INFO - Processing file /home/airflow/dags/feature_engineering_dag.py for tasks to queue
[2026-04-27T02:34:21.119+0000] {logging_mixin.py:188} INFO - [2026-04-27T02:34:21.119+0000] {dagbag.py:538} INFO - Filling up the DagBag from /home/airflow/dags/feature_engineering_dag.py
[2026-04-27T02:34:21.851+0000] {processor.py:840} INFO - DAG(s) 'feature_engineering_pipeline' retrieved from /home/airflow/dags/feature_engineering_dag.py
[2026-04-27T02:34:21.876+0000] {logging_mixin.py:188} INFO - [2026-04-27T02:34:21.876+0000] {dag.py:3036} INFO - Sync 1 DAGs
[2026-04-27T02:34:21.894+0000] {logging_mixin.py:188} INFO - [2026-04-27T02:34:21.894+0000] {dag.py:3823} INFO - Setting next_dagrun for feature_engineering_pipeline to 2026-04-26 00:00:00+00:00, run_after=2026-05-03 00:00:00+00:00
[2026-04-27T02:34:21.920+0000] {processor.py:183} INFO - Processing /home/airflow/dags/feature_engineering_dag.py took 0.809 seconds
[2026-04-27T02:34:51.999+0000] {processor.py:161} INFO - Started process (PID=11506) to work on /home/airflow/dags/feature_engineering_dag.py
[2026-04-27T02:34:52.000+0000] {processor.py:830} INFO - Processing file /home/airflow/dags/feature_engineering_dag.py for tasks to queue
[2026-04-27T02:34:52.001+0000] {logging_mixin.py:188} INFO - [2026-04-27T02:34:52.001+0000] {dagbag.py:538} INFO - Filling up the DagBag from /home/airflow/dags/feature_engineering_dag.py
[2026-04-27T02:34:52.737+0000] {processor.py:840} INFO - DAG(s) 'feature_engineering_pipeline' retrieved from /home/airflow/dags/feature_engineering_dag.py
[2026-04-27T02:34:52.756+0000] {logging_mixin.py:188} INFO - [2026-04-27T02:34:52.755+0000] {dag.py:3036} INFO - Sync 1 DAGs
[2026-04-27T02:34:52.774+0000] {logging_mixin.py:188} INFO - [2026-04-27T02:34:52.774+0000] {dag.py:3823} INFO - Setting next_dagrun for feature_engineering_pipeline to 2026-04-26 00:00:00+00:00, run_after=2026-05-03 00:00:00+00:00
[2026-04-27T02:34:52.797+0000] {processor.py:183} INFO - Processing /home/airflow/dags/feature_engineering_dag.py took 0.801 seconds
[2026-04-27T02:35:22.993+0000] {processor.py:161} INFO - Started process (PID=11551) to work on /home/airflow/dags/feature_engineering_dag.py
[2026-04-27T02:35:22.994+0000] {processor.py:830} INFO - Processing file /home/airflow/dags/feature_engineering_dag.py for tasks to queue
[2026-04-27T02:35:22.995+0000] {logging_mixin.py:188} INFO - [2026-04-27T02:35:22.995+0000] {dagbag.py:538} INFO - Filling up the DagBag from /home/airflow/dags/feature_engineering_dag.py
[2026-04-27T02:35:23.680+0000] {processor.py:840} INFO - DAG(s) 'feature_engineering_pipeline' retrieved from /home/airflow/dags/feature_engineering_dag.py
[2026-04-27T02:35:23.701+0000] {logging_mixin.py:188} INFO - [2026-04-27T02:35:23.701+0000] {dag.py:3036} INFO - Sync 1 DAGs
[2026-04-27T02:35:23.718+0000] {logging_mixin.py:188} INFO - [2026-04-27T02:35:23.718+0000] {dag.py:3823} INFO - Setting next_dagrun for feature_engineering_pipeline to 2026-04-26 00:00:00+00:00, run_after=2026-05-03 00:00:00+00:00
[2026-04-27T02:35:23.740+0000] {processor.py:183} INFO - Processing /home/airflow/dags/feature_engineering_dag.py took 0.751 seconds
[2026-04-27T02:35:54.249+0000] {processor.py:161} INFO - Started process (PID=11596) to work on /home/airflow/dags/feature_engineering_dag.py
[2026-04-27T02:35:54.250+0000] {processor.py:830} INFO - Processing file /home/airflow/dags/feature_engineering_dag.py for tasks to queue
[2026-04-27T02:35:54.251+0000] {logging_mixin.py:188} INFO - [2026-04-27T02:35:54.251+0000] {dagbag.py:538} INFO - Filling up the DagBag from /home/airflow/dags/feature_engineering_dag.py
[2026-04-27T02:35:54.953+0000] {processor.py:840} INFO - DAG(s) 'feature_engineering_pipeline' retrieved from /home/airflow/dags/feature_engineering_dag.py
[2026-04-27T02:35:54.973+0000] {logging_mixin.py:188} INFO - [2026-04-27T02:35:54.973+0000] {dag.py:3036} INFO - Sync 1 DAGs
[2026-04-27T02:35:54.990+0000] {logging_mixin.py:188} INFO - [2026-04-27T02:35:54.990+0000] {dag.py:3823} INFO - Setting next_dagrun for feature_engineering_pipeline to 2026-04-26 00:00:00+00:00, run_after=2026-05-03 00:00:00+00:00
[2026-04-27T02:35:55.012+0000] {processor.py:183} INFO - Processing /home/airflow/dags/feature_engineering_dag.py took 0.767 seconds
[2026-04-27T02:36:25.097+0000] {processor.py:161} INFO - Started process (PID=11641) to work on /home/airflow/dags/feature_engineering_dag.py
[2026-04-27T02:36:25.098+0000] {processor.py:830} INFO - Processing file /home/airflow/dags/feature_engineering_dag.py for tasks to queue
[2026-04-27T02:36:25.099+0000] {logging_mixin.py:188} INFO - [2026-04-27T02:36:25.099+0000] {dagbag.py:538} INFO - Filling up the DagBag from /home/airflow/dags/feature_engineering_dag.py
[2026-04-27T02:36:25.789+0000] {processor.py:840} INFO - DAG(s) 'feature_engineering_pipeline' retrieved from /home/airflow/dags/feature_engineering_dag.py
[2026-04-27T02:36:25.812+0000] {logging_mixin.py:188} INFO - [2026-04-27T02:36:25.812+0000] {dag.py:3036} INFO - Sync 1 DAGs
[2026-04-27T02:36:25.832+0000] {logging_mixin.py:188} INFO - [2026-04-27T02:36:25.832+0000] {dag.py:3823} INFO - Setting next_dagrun for feature_engineering_pipeline to 2026-04-26 00:00:00+00:00, run_after=2026-05-03 00:00:00+00:00
[2026-04-27T02:36:25.862+0000] {processor.py:183} INFO - Processing /home/airflow/dags/feature_engineering_dag.py took 0.768 seconds
[2026-04-27T02:36:56.072+0000] {processor.py:161} INFO - Started process (PID=11686) to work on /home/airflow/dags/feature_engineering_dag.py
[2026-04-27T02:36:56.073+0000] {processor.py:830} INFO - Processing file /home/airflow/dags/feature_engineering_dag.py for tasks to queue
[2026-04-27T02:36:56.074+0000] {logging_mixin.py:188} INFO - [2026-04-27T02:36:56.073+0000] {dagbag.py:538} INFO - Filling up the DagBag from /home/airflow/dags/feature_engineering_dag.py
[2026-04-27T02:36:56.906+0000] {processor.py:840} INFO - DAG(s) 'feature_engineering_pipeline' retrieved from /home/airflow/dags/feature_engineering_dag.py
[2026-04-27T02:36:56.930+0000] {logging_mixin.py:188} INFO - [2026-04-27T02:36:56.930+0000] {dag.py:3036} INFO - Sync 1 DAGs
[2026-04-27T02:36:56.953+0000] {logging_mixin.py:188} INFO - [2026-04-27T02:36:56.953+0000] {dag.py:3823} INFO - Setting next_dagrun for feature_engineering_pipeline to 2026-04-26 00:00:00+00:00, run_after=2026-05-03 00:00:00+00:00
[2026-04-27T02:36:56.981+0000] {processor.py:183} INFO - Processing /home/airflow/dags/feature_engineering_dag.py took 0.912 seconds
[2026-04-27T02:37:27.463+0000] {processor.py:161} INFO - Started process (PID=11731) to work on /home/airflow/dags/feature_engineering_dag.py
[2026-04-27T02:37:27.464+0000] {processor.py:830} INFO - Processing file /home/airflow/dags/feature_engineering_dag.py for tasks to queue
[2026-04-27T02:37:27.465+0000] {logging_mixin.py:188} INFO - [2026-04-27T02:37:27.465+0000] {dagbag.py:538} INFO - Filling up the DagBag from /home/airflow/dags/feature_engineering_dag.py
[2026-04-27T02:37:28.492+0000] {processor.py:840} INFO - DAG(s) 'feature_engineering_pipeline' retrieved from /home/airflow/dags/feature_engineering_dag.py
[2026-04-27T02:37:28.519+0000] {logging_mixin.py:188} INFO - [2026-04-27T02:37:28.519+0000] {dag.py:3036} INFO - Sync 1 DAGs
[2026-04-27T02:37:28.547+0000] {logging_mixin.py:188} INFO - [2026-04-27T02:37:28.546+0000] {dag.py:3823} INFO - Setting next_dagrun for feature_engineering_pipeline to 2026-04-26 00:00:00+00:00, run_after=2026-05-03 00:00:00+00:00
[2026-04-27T02:37:28.575+0000] {processor.py:183} INFO - Processing /home/airflow/dags/feature_engineering_dag.py took 1.116 seconds
[2026-04-27T02:37:58.959+0000] {processor.py:161} INFO - Started process (PID=11776) to work on /home/airflow/dags/feature_engineering_dag.py
[2026-04-27T02:37:58.961+0000] {processor.py:830} INFO - Processing file /home/airflow/dags/feature_engineering_dag.py for tasks to queue
[2026-04-27T02:37:58.962+0000] {logging_mixin.py:188} INFO - [2026-04-27T02:37:58.961+0000] {dagbag.py:538} INFO - Filling up the DagBag from /home/airflow/dags/feature_engineering_dag.py
[2026-04-27T02:37:59.686+0000] {processor.py:840} INFO - DAG(s) 'feature_engineering_pipeline' retrieved from /home/airflow/dags/feature_engineering_dag.py
[2026-04-27T02:37:59.708+0000] {logging_mixin.py:188} INFO - [2026-04-27T02:37:59.708+0000] {dag.py:3036} INFO - Sync 1 DAGs
[2026-04-27T02:37:59.727+0000] {logging_mixin.py:188} INFO - [2026-04-27T02:37:59.727+0000] {dag.py:3823} INFO - Setting next_dagrun for feature_engineering_pipeline to 2026-04-26 00:00:00+00:00, run_after=2026-05-03 00:00:00+00:00
[2026-04-27T02:37:59.752+0000] {processor.py:183} INFO - Processing /home/airflow/dags/feature_engineering_dag.py took 0.796 seconds
[2026-04-27T02:38:30.109+0000] {processor.py:161} INFO - Started process (PID=11821) to work on /home/airflow/dags/feature_engineering_dag.py
[2026-04-27T02:38:30.111+0000] {processor.py:830} INFO - Processing file /home/airflow/dags/feature_engineering_dag.py for tasks to queue
[2026-04-27T02:38:30.112+0000] {logging_mixin.py:188} INFO - [2026-04-27T02:38:30.111+0000] {dagbag.py:538} INFO - Filling up the DagBag from /home/airflow/dags/feature_engineering_dag.py
[2026-04-27T02:38:30.921+0000] {processor.py:840} INFO - DAG(s) 'feature_engineering_pipeline' retrieved from /home/airflow/dags/feature_engineering_dag.py
[2026-04-27T02:38:30.942+0000] {logging_mixin.py:188} INFO - [2026-04-27T02:38:30.942+0000] {dag.py:3036} INFO - Sync 1 DAGs
[2026-04-27T02:38:30.959+0000] {logging_mixin.py:188} INFO - [2026-04-27T02:38:30.959+0000] {dag.py:3823} INFO - Setting next_dagrun for feature_engineering_pipeline to 2026-04-26 00:00:00+00:00, run_after=2026-05-03 00:00:00+00:00
[2026-04-27T02:38:30.984+0000] {processor.py:183} INFO - Processing /home/airflow/dags/feature_engineering_dag.py took 0.879 seconds
[2026-04-27T02:39:01.149+0000] {processor.py:161} INFO - Started process (PID=11866) to work on /home/airflow/dags/feature_engineering_dag.py
[2026-04-27T02:39:01.150+0000] {processor.py:830} INFO - Processing file /home/airflow/dags/feature_engineering_dag.py for tasks to queue
[2026-04-27T02:39:01.151+0000] {logging_mixin.py:188} INFO - [2026-04-27T02:39:01.151+0000] {dagbag.py:538} INFO - Filling up the DagBag from /home/airflow/dags/feature_engineering_dag.py
[2026-04-27T02:39:01.969+0000] {processor.py:840} INFO - DAG(s) 'feature_engineering_pipeline' retrieved from /home/airflow/dags/feature_engineering_dag.py
[2026-04-27T02:39:01.990+0000] {logging_mixin.py:188} INFO - [2026-04-27T02:39:01.990+0000] {dag.py:3036} INFO - Sync 1 DAGs
[2026-04-27T02:39:02.010+0000] {logging_mixin.py:188} INFO - [2026-04-27T02:39:02.010+0000] {dag.py:3823} INFO - Setting next_dagrun for feature_engineering_pipeline to 2026-04-26 00:00:00+00:00, run_after=2026-05-03 00:00:00+00:00
[2026-04-27T02:39:02.032+0000] {processor.py:183} INFO - Processing /home/airflow/dags/feature_engineering_dag.py took 0.886 seconds
[2026-04-27T02:39:32.200+0000] {processor.py:161} INFO - Started process (PID=11911) to work on /home/airflow/dags/feature_engineering_dag.py
[2026-04-27T02:39:32.202+0000] {processor.py:830} INFO - Processing file /home/airflow/dags/feature_engineering_dag.py for tasks to queue
[2026-04-27T02:39:32.203+0000] {logging_mixin.py:188} INFO - [2026-04-27T02:39:32.203+0000] {dagbag.py:538} INFO - Filling up the DagBag from /home/airflow/dags/feature_engineering_dag.py
[2026-04-27T02:39:33.012+0000] {processor.py:840} INFO - DAG(s) 'feature_engineering_pipeline' retrieved from /home/airflow/dags/feature_engineering_dag.py
[2026-04-27T02:39:33.039+0000] {logging_mixin.py:188} INFO - [2026-04-27T02:39:33.038+0000] {dag.py:3036} INFO - Sync 1 DAGs
[2026-04-27T02:39:33.060+0000] {logging_mixin.py:188} INFO - [2026-04-27T02:39:33.060+0000] {dag.py:3823} INFO - Setting next_dagrun for feature_engineering_pipeline to 2026-04-26 00:00:00+00:00, run_after=2026-05-03 00:00:00+00:00
[2026-04-27T02:39:33.082+0000] {processor.py:183} INFO - Processing /home/airflow/dags/feature_engineering_dag.py took 0.889 seconds
[2026-04-27T02:40:03.575+0000] {processor.py:161} INFO - Started process (PID=11956) to work on /home/airflow/dags/feature_engineering_dag.py
[2026-04-27T02:40:03.576+0000] {processor.py:830} INFO - Processing file /home/airflow/dags/feature_engineering_dag.py for tasks to queue
[2026-04-27T02:40:03.577+0000] {logging_mixin.py:188} INFO - [2026-04-27T02:40:03.577+0000] {dagbag.py:538} INFO - Filling up the DagBag from /home/airflow/dags/feature_engineering_dag.py
[2026-04-27T02:40:04.414+0000] {processor.py:840} INFO - DAG(s) 'feature_engineering_pipeline' retrieved from /home/airflow/dags/feature_engineering_dag.py
[2026-04-27T02:40:04.444+0000] {logging_mixin.py:188} INFO - [2026-04-27T02:40:04.443+0000] {dag.py:3036} INFO - Sync 1 DAGs
[2026-04-27T02:40:04.472+0000] {logging_mixin.py:188} INFO - [2026-04-27T02:40:04.472+0000] {dag.py:3823} INFO - Setting next_dagrun for feature_engineering_pipeline to 2026-04-26 00:00:00+00:00, run_after=2026-05-03 00:00:00+00:00
[2026-04-27T02:40:04.505+0000] {processor.py:183} INFO - Processing /home/airflow/dags/feature_engineering_dag.py took 0.933 seconds
[2026-04-27T02:40:34.974+0000] {processor.py:161} INFO - Started process (PID=12001) to work on /home/airflow/dags/feature_engineering_dag.py
[2026-04-27T02:40:34.976+0000] {processor.py:830} INFO - Processing file /home/airflow/dags/feature_engineering_dag.py for tasks to queue
[2026-04-27T02:40:34.977+0000] {logging_mixin.py:188} INFO - [2026-04-27T02:40:34.977+0000] {dagbag.py:538} INFO - Filling up the DagBag from /home/airflow/dags/feature_engineering_dag.py
[2026-04-27T02:40:35.923+0000] {processor.py:840} INFO - DAG(s) 'feature_engineering_pipeline' retrieved from /home/airflow/dags/feature_engineering_dag.py
[2026-04-27T02:40:35.948+0000] {logging_mixin.py:188} INFO - [2026-04-27T02:40:35.948+0000] {dag.py:3036} INFO - Sync 1 DAGs
[2026-04-27T02:40:35.970+0000] {logging_mixin.py:188} INFO - [2026-04-27T02:40:35.970+0000] {dag.py:3823} INFO - Setting next_dagrun for feature_engineering_pipeline to 2026-04-26 00:00:00+00:00, run_after=2026-05-03 00:00:00+00:00
[2026-04-27T02:40:35.996+0000] {processor.py:183} INFO - Processing /home/airflow/dags/feature_engineering_dag.py took 1.028 seconds
[2026-04-27T02:41:06.222+0000] {processor.py:161} INFO - Started process (PID=12046) to work on /home/airflow/dags/feature_engineering_dag.py
[2026-04-27T02:41:06.224+0000] {processor.py:830} INFO - Processing file /home/airflow/dags/feature_engineering_dag.py for tasks to queue
[2026-04-27T02:41:06.225+0000] {logging_mixin.py:188} INFO - [2026-04-27T02:41:06.225+0000] {dagbag.py:538} INFO - Filling up the DagBag from /home/airflow/dags/feature_engineering_dag.py
[2026-04-27T02:41:06.982+0000] {processor.py:840} INFO - DAG(s) 'feature_engineering_pipeline' retrieved from /home/airflow/dags/feature_engineering_dag.py
[2026-04-27T02:41:07.005+0000] {logging_mixin.py:188} INFO - [2026-04-27T02:41:07.005+0000] {dag.py:3036} INFO - Sync 1 DAGs
[2026-04-27T02:41:07.024+0000] {logging_mixin.py:188} INFO - [2026-04-27T02:41:07.024+0000] {dag.py:3823} INFO - Setting next_dagrun for feature_engineering_pipeline to 2026-04-26 00:00:00+00:00, run_after=2026-05-03 00:00:00+00:00
[2026-04-27T02:41:07.049+0000] {processor.py:183} INFO - Processing /home/airflow/dags/feature_engineering_dag.py took 0.830 seconds
[2026-04-27T02:41:37.797+0000] {processor.py:161} INFO - Started process (PID=12094) to work on /home/airflow/dags/feature_engineering_dag.py
[2026-04-27T02:41:37.798+0000] {processor.py:830} INFO - Processing file /home/airflow/dags/feature_engineering_dag.py for tasks to queue
[2026-04-27T02:41:37.799+0000] {logging_mixin.py:188} INFO - [2026-04-27T02:41:37.799+0000] {dagbag.py:538} INFO - Filling up the DagBag from /home/airflow/dags/feature_engineering_dag.py
[2026-04-27T02:41:38.939+0000] {processor.py:840} INFO - DAG(s) 'feature_engineering_pipeline' retrieved from /home/airflow/dags/feature_engineering_dag.py
[2026-04-27T02:41:39.065+0000] {logging_mixin.py:188} INFO - [2026-04-27T02:41:39.065+0000] {dag.py:3036} INFO - Sync 1 DAGs
[2026-04-27T02:41:39.082+0000] {logging_mixin.py:188} INFO - [2026-04-27T02:41:39.082+0000] {dag.py:3823} INFO - Setting next_dagrun for feature_engineering_pipeline to 2026-04-26 00:00:00+00:00, run_after=2026-05-03 00:00:00+00:00
[2026-04-27T02:41:39.105+0000] {processor.py:183} INFO - Processing /home/airflow/dags/feature_engineering_dag.py took 1.311 seconds
[2026-04-27T02:42:09.437+0000] {processor.py:161} INFO - Started process (PID=12139) to work on /home/airflow/dags/feature_engineering_dag.py
[2026-04-27T02:42:09.439+0000] {processor.py:830} INFO - Processing file /home/airflow/dags/feature_engineering_dag.py for tasks to queue
[2026-04-27T02:42:09.440+0000] {logging_mixin.py:188} INFO - [2026-04-27T02:42:09.440+0000] {dagbag.py:538} INFO - Filling up the DagBag from /home/airflow/dags/feature_engineering_dag.py
[2026-04-27T02:42:10.382+0000] {processor.py:840} INFO - DAG(s) 'feature_engineering_pipeline' retrieved from /home/airflow/dags/feature_engineering_dag.py
[2026-04-27T02:42:10.411+0000] {logging_mixin.py:188} INFO - [2026-04-27T02:42:10.410+0000] {dag.py:3036} INFO - Sync 1 DAGs
[2026-04-27T02:42:10.433+0000] {logging_mixin.py:188} INFO - [2026-04-27T02:42:10.433+0000] {dag.py:3823} INFO - Setting next_dagrun for feature_engineering_pipeline to 2026-04-26 00:00:00+00:00, run_after=2026-05-03 00:00:00+00:00
[2026-04-27T02:42:10.459+0000] {processor.py:183} INFO - Processing /home/airflow/dags/feature_engineering_dag.py took 1.027 seconds
[2026-04-27T02:42:40.949+0000] {processor.py:161} INFO - Started process (PID=12184) to work on /home/airflow/dags/feature_engineering_dag.py
[2026-04-27T02:42:40.950+0000] {processor.py:830} INFO - Processing file /home/airflow/dags/feature_engineering_dag.py for tasks to queue
[2026-04-27T02:42:40.951+0000] {logging_mixin.py:188} INFO - [2026-04-27T02:42:40.950+0000] {dagbag.py:538} INFO - Filling up the DagBag from /home/airflow/dags/feature_engineering_dag.py
[2026-04-27T02:42:41.778+0000] {processor.py:840} INFO - DAG(s) 'feature_engineering_pipeline' retrieved from /home/airflow/dags/feature_engineering_dag.py
[2026-04-27T02:42:41.798+0000] {logging_mixin.py:188} INFO - [2026-04-27T02:42:41.798+0000] {dag.py:3036} INFO - Sync 1 DAGs
[2026-04-27T02:42:41.814+0000] {logging_mixin.py:188} INFO - [2026-04-27T02:42:41.814+0000] {dag.py:3823} INFO - Setting next_dagrun for feature_engineering_pipeline to 2026-04-26 00:00:00+00:00, run_after=2026-05-03 00:00:00+00:00
[2026-04-27T02:42:41.838+0000] {processor.py:183} INFO - Processing /home/airflow/dags/feature_engineering_dag.py took 0.892 seconds
[2026-04-27T02:43:12.069+0000] {processor.py:161} INFO - Started process (PID=12229) to work on /home/airflow/dags/feature_engineering_dag.py
[2026-04-27T02:43:12.070+0000] {processor.py:830} INFO - Processing file /home/airflow/dags/feature_engineering_dag.py for tasks to queue
[2026-04-27T02:43:12.071+0000] {logging_mixin.py:188} INFO - [2026-04-27T02:43:12.071+0000] {dagbag.py:538} INFO - Filling up the DagBag from /home/airflow/dags/feature_engineering_dag.py
[2026-04-27T02:43:12.896+0000] {processor.py:840} INFO - DAG(s) 'feature_engineering_pipeline' retrieved from /home/airflow/dags/feature_engineering_dag.py
[2026-04-27T02:43:12.915+0000] {logging_mixin.py:188} INFO - [2026-04-27T02:43:12.915+0000] {dag.py:3036} INFO - Sync 1 DAGs
[2026-04-27T02:43:12.931+0000] {logging_mixin.py:188} INFO - [2026-04-27T02:43:12.931+0000] {dag.py:3823} INFO - Setting next_dagrun for feature_engineering_pipeline to 2026-04-26 00:00:00+00:00, run_after=2026-05-03 00:00:00+00:00
[2026-04-27T02:43:12.954+0000] {processor.py:183} INFO - Processing /home/airflow/dags/feature_engineering_dag.py took 0.888 seconds
[2026-04-27T02:43:43.280+0000] {processor.py:161} INFO - Started process (PID=12274) to work on /home/airflow/dags/feature_engineering_dag.py
[2026-04-27T02:43:43.281+0000] {processor.py:830} INFO - Processing file /home/airflow/dags/feature_engineering_dag.py for tasks to queue
[2026-04-27T02:43:43.282+0000] {logging_mixin.py:188} INFO - [2026-04-27T02:43:43.282+0000] {dagbag.py:538} INFO - Filling up the DagBag from /home/airflow/dags/feature_engineering_dag.py
[2026-04-27T02:43:44.132+0000] {processor.py:840} INFO - DAG(s) 'feature_engineering_pipeline' retrieved from /home/airflow/dags/feature_engineering_dag.py
[2026-04-27T02:43:44.152+0000] {logging_mixin.py:188} INFO - [2026-04-27T02:43:44.151+0000] {dag.py:3036} INFO - Sync 1 DAGs
[2026-04-27T02:43:44.170+0000] {logging_mixin.py:188} INFO - [2026-04-27T02:43:44.170+0000] {dag.py:3823} INFO - Setting next_dagrun for feature_engineering_pipeline to 2026-04-26 00:00:00+00:00, run_after=2026-05-03 00:00:00+00:00
[2026-04-27T02:43:44.191+0000] {processor.py:183} INFO - Processing /home/airflow/dags/feature_engineering_dag.py took 0.914 seconds
[2026-04-27T02:44:14.477+0000] {processor.py:161} INFO - Started process (PID=12319) to work on /home/airflow/dags/feature_engineering_dag.py
[2026-04-27T02:44:14.479+0000] {processor.py:830} INFO - Processing file /home/airflow/dags/feature_engineering_dag.py for tasks to queue
[2026-04-27T02:44:14.481+0000] {logging_mixin.py:188} INFO - [2026-04-27T02:44:14.480+0000] {dagbag.py:538} INFO - Filling up the DagBag from /home/airflow/dags/feature_engineering_dag.py
[2026-04-27T02:44:15.445+0000] {processor.py:840} INFO - DAG(s) 'feature_engineering_pipeline' retrieved from /home/airflow/dags/feature_engineering_dag.py
[2026-04-27T02:44:15.469+0000] {logging_mixin.py:188} INFO - [2026-04-27T02:44:15.469+0000] {dag.py:3036} INFO - Sync 1 DAGs
[2026-04-27T02:44:15.490+0000] {logging_mixin.py:188} INFO - [2026-04-27T02:44:15.490+0000] {dag.py:3823} INFO - Setting next_dagrun for feature_engineering_pipeline to 2026-04-26 00:00:00+00:00, run_after=2026-05-03 00:00:00+00:00
[2026-04-27T02:44:15.514+0000] {processor.py:183} INFO - Processing /home/airflow/dags/feature_engineering_dag.py took 1.042 seconds
[2026-04-27T02:44:45.880+0000] {processor.py:161} INFO - Started process (PID=12364) to work on /home/airflow/dags/feature_engineering_dag.py
[2026-04-27T02:44:45.881+0000] {processor.py:830} INFO - Processing file /home/airflow/dags/feature_engineering_dag.py for tasks to queue
[2026-04-27T02:44:45.882+0000] {logging_mixin.py:188} INFO - [2026-04-27T02:44:45.881+0000] {dagbag.py:538} INFO - Filling up the DagBag from /home/airflow/dags/feature_engineering_dag.py
[2026-04-27T02:44:46.733+0000] {processor.py:840} INFO - DAG(s) 'feature_engineering_pipeline' retrieved from /home/airflow/dags/feature_engineering_dag.py
[2026-04-27T02:44:46.754+0000] {logging_mixin.py:188} INFO - [2026-04-27T02:44:46.754+0000] {dag.py:3036} INFO - Sync 1 DAGs
[2026-04-27T02:44:46.772+0000] {logging_mixin.py:188} INFO - [2026-04-27T02:44:46.771+0000] {dag.py:3823} INFO - Setting next_dagrun for feature_engineering_pipeline to 2026-04-26 00:00:00+00:00, run_after=2026-05-03 00:00:00+00:00
[2026-04-27T02:44:46.795+0000] {processor.py:183} INFO - Processing /home/airflow/dags/feature_engineering_dag.py took 0.919 seconds
[2026-04-27T02:45:17.243+0000] {processor.py:161} INFO - Started process (PID=12409) to work on /home/airflow/dags/feature_engineering_dag.py
[2026-04-27T02:45:17.244+0000] {processor.py:830} INFO - Processing file /home/airflow/dags/feature_engineering_dag.py for tasks to queue
[2026-04-27T02:45:17.246+0000] {logging_mixin.py:188} INFO - [2026-04-27T02:45:17.245+0000] {dagbag.py:538} INFO - Filling up the DagBag from /home/airflow/dags/feature_engineering_dag.py
[2026-04-27T02:45:18.352+0000] {processor.py:840} INFO - DAG(s) 'feature_engineering_pipeline' retrieved from /home/airflow/dags/feature_engineering_dag.py
[2026-04-27T02:45:18.376+0000] {logging_mixin.py:188} INFO - [2026-04-27T02:45:18.375+0000] {dag.py:3036} INFO - Sync 1 DAGs
[2026-04-27T02:45:18.400+0000] {logging_mixin.py:188} INFO - [2026-04-27T02:45:18.400+0000] {dag.py:3823} INFO - Setting next_dagrun for feature_engineering_pipeline to 2026-04-26 00:00:00+00:00, run_after=2026-05-03 00:00:00+00:00
[2026-04-27T02:45:18.425+0000] {processor.py:183} INFO - Processing /home/airflow/dags/feature_engineering_dag.py took 1.187 seconds
[2026-04-27T02:45:48.814+0000] {processor.py:161} INFO - Started process (PID=12454) to work on /home/airflow/dags/feature_engineering_dag.py
[2026-04-27T02:45:48.815+0000] {processor.py:830} INFO - Processing file /home/airflow/dags/feature_engineering_dag.py for tasks to queue
[2026-04-27T02:45:48.817+0000] {logging_mixin.py:188} INFO - [2026-04-27T02:45:48.816+0000] {dagbag.py:538} INFO - Filling up the DagBag from /home/airflow/dags/feature_engineering_dag.py
[2026-04-27T02:45:49.752+0000] {processor.py:840} INFO - DAG(s) 'feature_engineering_pipeline' retrieved from /home/airflow/dags/feature_engineering_dag.py
[2026-04-27T02:45:49.776+0000] {logging_mixin.py:188} INFO - [2026-04-27T02:45:49.775+0000] {dag.py:3036} INFO - Sync 1 DAGs
[2026-04-27T02:45:49.794+0000] {logging_mixin.py:188} INFO - [2026-04-27T02:45:49.794+0000] {dag.py:3823} INFO - Setting next_dagrun for feature_engineering_pipeline to 2026-04-26 00:00:00+00:00, run_after=2026-05-03 00:00:00+00:00
[2026-04-27T02:45:49.817+0000] {processor.py:183} INFO - Processing /home/airflow/dags/feature_engineering_dag.py took 1.008 seconds
[2026-04-27T02:46:20.196+0000] {processor.py:161} INFO - Started process (PID=12499) to work on /home/airflow/dags/feature_engineering_dag.py
[2026-04-27T02:46:20.198+0000] {processor.py:830} INFO - Processing file /home/airflow/dags/feature_engineering_dag.py for tasks to queue
[2026-04-27T02:46:20.199+0000] {logging_mixin.py:188} INFO - [2026-04-27T02:46:20.198+0000] {dagbag.py:538} INFO - Filling up the DagBag from /home/airflow/dags/feature_engineering_dag.py
[2026-04-27T02:46:21.296+0000] {processor.py:840} INFO - DAG(s) 'feature_engineering_pipeline' retrieved from /home/airflow/dags/feature_engineering_dag.py
[2026-04-27T02:46:21.316+0000] {logging_mixin.py:188} INFO - [2026-04-27T02:46:21.316+0000] {dag.py:3036} INFO - Sync 1 DAGs
[2026-04-27T02:46:21.335+0000] {logging_mixin.py:188} INFO - [2026-04-27T02:46:21.335+0000] {dag.py:3823} INFO - Setting next_dagrun for feature_engineering_pipeline to 2026-04-26 00:00:00+00:00, run_after=2026-05-03 00:00:00+00:00
[2026-04-27T02:46:21.359+0000] {processor.py:183} INFO - Processing /home/airflow/dags/feature_engineering_dag.py took 1.167 seconds
[2026-04-27T02:46:51.667+0000] {processor.py:161} INFO - Started process (PID=12544) to work on /home/airflow/dags/feature_engineering_dag.py
[2026-04-27T02:46:51.668+0000] {processor.py:830} INFO - Processing file /home/airflow/dags/feature_engineering_dag.py for tasks to queue
[2026-04-27T02:46:51.669+0000] {logging_mixin.py:188} INFO - [2026-04-27T02:46:51.669+0000] {dagbag.py:538} INFO - Filling up the DagBag from /home/airflow/dags/feature_engineering_dag.py
[2026-04-27T02:46:52.510+0000] {processor.py:840} INFO - DAG(s) 'feature_engineering_pipeline' retrieved from /home/airflow/dags/feature_engineering_dag.py
[2026-04-27T02:46:52.534+0000] {logging_mixin.py:188} INFO - [2026-04-27T02:46:52.533+0000] {dag.py:3036} INFO - Sync 1 DAGs
[2026-04-27T02:46:52.553+0000] {logging_mixin.py:188} INFO - [2026-04-27T02:46:52.553+0000] {dag.py:3823} INFO - Setting next_dagrun for feature_engineering_pipeline to 2026-04-26 00:00:00+00:00, run_after=2026-05-03 00:00:00+00:00
[2026-04-27T02:46:52.572+0000] {processor.py:183} INFO - Processing /home/airflow/dags/feature_engineering_dag.py took 0.909 seconds
[2026-04-27T02:47:22.888+0000] {processor.py:161} INFO - Started process (PID=12589) to work on /home/airflow/dags/feature_engineering_dag.py
[2026-04-27T02:47:22.889+0000] {processor.py:830} INFO - Processing file /home/airflow/dags/feature_engineering_dag.py for tasks to queue
[2026-04-27T02:47:22.890+0000] {logging_mixin.py:188} INFO - [2026-04-27T02:47:22.890+0000] {dagbag.py:538} INFO - Filling up the DagBag from /home/airflow/dags/feature_engineering_dag.py
[2026-04-27T02:47:23.781+0000] {processor.py:840} INFO - DAG(s) 'feature_engineering_pipeline' retrieved from /home/airflow/dags/feature_engineering_dag.py
[2026-04-27T02:47:23.805+0000] {logging_mixin.py:188} INFO - [2026-04-27T02:47:23.804+0000] {dag.py:3036} INFO - Sync 1 DAGs
[2026-04-27T02:47:23.826+0000] {logging_mixin.py:188} INFO - [2026-04-27T02:47:23.825+0000] {dag.py:3823} INFO - Setting next_dagrun for feature_engineering_pipeline to 2026-04-26 00:00:00+00:00, run_after=2026-05-03 00:00:00+00:00
[2026-04-27T02:47:23.849+0000] {processor.py:183} INFO - Processing /home/airflow/dags/feature_engineering_dag.py took 0.965 seconds
[2026-04-27T02:47:54.237+0000] {processor.py:161} INFO - Started process (PID=12634) to work on /home/airflow/dags/feature_engineering_dag.py
[2026-04-27T02:47:54.238+0000] {processor.py:830} INFO - Processing file /home/airflow/dags/feature_engineering_dag.py for tasks to queue
[2026-04-27T02:47:54.239+0000] {logging_mixin.py:188} INFO - [2026-04-27T02:47:54.239+0000] {dagbag.py:538} INFO - Filling up the DagBag from /home/airflow/dags/feature_engineering_dag.py
[2026-04-27T02:47:55.160+0000] {processor.py:840} INFO - DAG(s) 'feature_engineering_pipeline' retrieved from /home/airflow/dags/feature_engineering_dag.py
[2026-04-27T02:47:55.182+0000] {logging_mixin.py:188} INFO - [2026-04-27T02:47:55.182+0000] {dag.py:3036} INFO - Sync 1 DAGs
[2026-04-27T02:47:55.199+0000] {logging_mixin.py:188} INFO - [2026-04-27T02:47:55.199+0000] {dag.py:3823} INFO - Setting next_dagrun for feature_engineering_pipeline to 2026-04-26 00:00:00+00:00, run_after=2026-05-03 00:00:00+00:00
[2026-04-27T02:47:55.221+0000] {processor.py:183} INFO - Processing /home/airflow/dags/feature_engineering_dag.py took 0.987 seconds
[2026-04-27T02:48:25.618+0000] {processor.py:161} INFO - Started process (PID=12679) to work on /home/airflow/dags/feature_engineering_dag.py
[2026-04-27T02:48:25.619+0000] {processor.py:830} INFO - Processing file /home/airflow/dags/feature_engineering_dag.py for tasks to queue
[2026-04-27T02:48:25.620+0000] {logging_mixin.py:188} INFO - [2026-04-27T02:48:25.619+0000] {dagbag.py:538} INFO - Filling up the DagBag from /home/airflow/dags/feature_engineering_dag.py
[2026-04-27T02:48:26.491+0000] {processor.py:840} INFO - DAG(s) 'feature_engineering_pipeline' retrieved from /home/airflow/dags/feature_engineering_dag.py
[2026-04-27T02:48:26.513+0000] {logging_mixin.py:188} INFO - [2026-04-27T02:48:26.513+0000] {dag.py:3036} INFO - Sync 1 DAGs
[2026-04-27T02:48:26.535+0000] {logging_mixin.py:188} INFO - [2026-04-27T02:48:26.534+0000] {dag.py:3823} INFO - Setting next_dagrun for feature_engineering_pipeline to 2026-04-26 00:00:00+00:00, run_after=2026-05-03 00:00:00+00:00
[2026-04-27T02:48:26.560+0000] {processor.py:183} INFO - Processing /home/airflow/dags/feature_engineering_dag.py took 0.945 seconds
[2026-04-27T02:48:56.941+0000] {processor.py:161} INFO - Started process (PID=12724) to work on /home/airflow/dags/feature_engineering_dag.py
[2026-04-27T02:48:56.942+0000] {processor.py:830} INFO - Processing file /home/airflow/dags/feature_engineering_dag.py for tasks to queue
[2026-04-27T02:48:56.943+0000] {logging_mixin.py:188} INFO - [2026-04-27T02:48:56.943+0000] {dagbag.py:538} INFO - Filling up the DagBag from /home/airflow/dags/feature_engineering_dag.py
[2026-04-27T02:48:57.799+0000] {processor.py:840} INFO - DAG(s) 'feature_engineering_pipeline' retrieved from /home/airflow/dags/feature_engineering_dag.py
[2026-04-27T02:48:57.821+0000] {logging_mixin.py:188} INFO - [2026-04-27T02:48:57.820+0000] {dag.py:3036} INFO - Sync 1 DAGs
[2026-04-27T02:48:57.842+0000] {logging_mixin.py:188} INFO - [2026-04-27T02:48:57.842+0000] {dag.py:3823} INFO - Setting next_dagrun for feature_engineering_pipeline to 2026-04-26 00:00:00+00:00, run_after=2026-05-03 00:00:00+00:00
[2026-04-27T02:48:57.867+0000] {processor.py:183} INFO - Processing /home/airflow/dags/feature_engineering_dag.py took 0.931 seconds
[2026-04-27T02:49:28.104+0000] {processor.py:161} INFO - Started process (PID=12769) to work on /home/airflow/dags/feature_engineering_dag.py
[2026-04-27T02:49:28.105+0000] {processor.py:830} INFO - Processing file /home/airflow/dags/feature_engineering_dag.py for tasks to queue
[2026-04-27T02:49:28.106+0000] {logging_mixin.py:188} INFO - [2026-04-27T02:49:28.105+0000] {dagbag.py:538} INFO - Filling up the DagBag from /home/airflow/dags/feature_engineering_dag.py
[2026-04-27T02:49:29.124+0000] {processor.py:840} INFO - DAG(s) 'feature_engineering_pipeline' retrieved from /home/airflow/dags/feature_engineering_dag.py
[2026-04-27T02:49:29.146+0000] {logging_mixin.py:188} INFO - [2026-04-27T02:49:29.145+0000] {dag.py:3036} INFO - Sync 1 DAGs
[2026-04-27T02:49:29.163+0000] {logging_mixin.py:188} INFO - [2026-04-27T02:49:29.163+0000] {dag.py:3823} INFO - Setting next_dagrun for feature_engineering_pipeline to 2026-04-26 00:00:00+00:00, run_after=2026-05-03 00:00:00+00:00
[2026-04-27T02:49:29.186+0000] {processor.py:183} INFO - Processing /home/airflow/dags/feature_engineering_dag.py took 1.085 seconds
[2026-04-27T02:49:59.571+0000] {processor.py:161} INFO - Started process (PID=12814) to work on /home/airflow/dags/feature_engineering_dag.py
[2026-04-27T02:49:59.572+0000] {processor.py:830} INFO - Processing file /home/airflow/dags/feature_engineering_dag.py for tasks to queue
[2026-04-27T02:49:59.573+0000] {logging_mixin.py:188} INFO - [2026-04-27T02:49:59.573+0000] {dagbag.py:538} INFO - Filling up the DagBag from /home/airflow/dags/feature_engineering_dag.py
[2026-04-27T02:50:00.461+0000] {processor.py:840} INFO - DAG(s) 'feature_engineering_pipeline' retrieved from /home/airflow/dags/feature_engineering_dag.py
[2026-04-27T02:50:00.485+0000] {logging_mixin.py:188} INFO - [2026-04-27T02:50:00.484+0000] {dag.py:3036} INFO - Sync 1 DAGs
[2026-04-27T02:50:00.505+0000] {logging_mixin.py:188} INFO - [2026-04-27T02:50:00.505+0000] {dag.py:3823} INFO - Setting next_dagrun for feature_engineering_pipeline to 2026-04-26 00:00:00+00:00, run_after=2026-05-03 00:00:00+00:00
[2026-04-27T02:50:00.527+0000] {processor.py:183} INFO - Processing /home/airflow/dags/feature_engineering_dag.py took 0.960 seconds
[2026-04-27T02:50:30.962+0000] {processor.py:161} INFO - Started process (PID=12859) to work on /home/airflow/dags/feature_engineering_dag.py
[2026-04-27T02:50:30.964+0000] {processor.py:830} INFO - Processing file /home/airflow/dags/feature_engineering_dag.py for tasks to queue
[2026-04-27T02:50:30.965+0000] {logging_mixin.py:188} INFO - [2026-04-27T02:50:30.965+0000] {dagbag.py:538} INFO - Filling up the DagBag from /home/airflow/dags/feature_engineering_dag.py
[2026-04-27T02:50:31.909+0000] {processor.py:840} INFO - DAG(s) 'feature_engineering_pipeline' retrieved from /home/airflow/dags/feature_engineering_dag.py
[2026-04-27T02:50:31.934+0000] {logging_mixin.py:188} INFO - [2026-04-27T02:50:31.933+0000] {dag.py:3036} INFO - Sync 1 DAGs
[2026-04-27T02:50:31.955+0000] {logging_mixin.py:188} INFO - [2026-04-27T02:50:31.955+0000] {dag.py:3823} INFO - Setting next_dagrun for feature_engineering_pipeline to 2026-04-26 00:00:00+00:00, run_after=2026-05-03 00:00:00+00:00
[2026-04-27T02:50:31.980+0000] {processor.py:183} INFO - Processing /home/airflow/dags/feature_engineering_dag.py took 1.021 seconds
[2026-04-27T02:51:02.319+0000] {processor.py:161} INFO - Started process (PID=12904) to work on /home/airflow/dags/feature_engineering_dag.py
[2026-04-27T02:51:02.320+0000] {processor.py:830} INFO - Processing file /home/airflow/dags/feature_engineering_dag.py for tasks to queue
[2026-04-27T02:51:02.321+0000] {logging_mixin.py:188} INFO - [2026-04-27T02:51:02.321+0000] {dagbag.py:538} INFO - Filling up the DagBag from /home/airflow/dags/feature_engineering_dag.py
[2026-04-27T02:51:03.196+0000] {processor.py:840} INFO - DAG(s) 'feature_engineering_pipeline' retrieved from /home/airflow/dags/feature_engineering_dag.py
[2026-04-27T02:51:03.219+0000] {logging_mixin.py:188} INFO - [2026-04-27T02:51:03.218+0000] {dag.py:3036} INFO - Sync 1 DAGs
[2026-04-27T02:51:03.238+0000] {logging_mixin.py:188} INFO - [2026-04-27T02:51:03.237+0000] {dag.py:3823} INFO - Setting next_dagrun for feature_engineering_pipeline to 2026-04-26 00:00:00+00:00, run_after=2026-05-03 00:00:00+00:00
[2026-04-27T02:51:03.261+0000] {processor.py:183} INFO - Processing /home/airflow/dags/feature_engineering_dag.py took 0.951 seconds
[2026-04-27T02:51:33.533+0000] {processor.py:161} INFO - Started process (PID=12949) to work on /home/airflow/dags/feature_engineering_dag.py
[2026-04-27T02:51:33.534+0000] {processor.py:830} INFO - Processing file /home/airflow/dags/feature_engineering_dag.py for tasks to queue
[2026-04-27T02:51:33.535+0000] {logging_mixin.py:188} INFO - [2026-04-27T02:51:33.535+0000] {dagbag.py:538} INFO - Filling up the DagBag from /home/airflow/dags/feature_engineering_dag.py
[2026-04-27T02:51:34.390+0000] {processor.py:840} INFO - DAG(s) 'feature_engineering_pipeline' retrieved from /home/airflow/dags/feature_engineering_dag.py
[2026-04-27T02:51:34.418+0000] {logging_mixin.py:188} INFO - [2026-04-27T02:51:34.418+0000] {dag.py:3036} INFO - Sync 1 DAGs
[2026-04-27T02:51:34.440+0000] {logging_mixin.py:188} INFO - [2026-04-27T02:51:34.440+0000] {dag.py:3823} INFO - Setting next_dagrun for feature_engineering_pipeline to 2026-04-26 00:00:00+00:00, run_after=2026-05-03 00:00:00+00:00
[2026-04-27T02:51:34.467+0000] {processor.py:183} INFO - Processing /home/airflow/dags/feature_engineering_dag.py took 0.937 seconds
[2026-04-27T02:52:04.902+0000] {processor.py:161} INFO - Started process (PID=12994) to work on /home/airflow/dags/feature_engineering_dag.py
[2026-04-27T02:52:04.904+0000] {processor.py:830} INFO - Processing file /home/airflow/dags/feature_engineering_dag.py for tasks to queue
[2026-04-27T02:52:04.905+0000] {logging_mixin.py:188} INFO - [2026-04-27T02:52:04.904+0000] {dagbag.py:538} INFO - Filling up the DagBag from /home/airflow/dags/feature_engineering_dag.py
[2026-04-27T02:52:05.994+0000] {processor.py:840} INFO - DAG(s) 'feature_engineering_pipeline' retrieved from /home/airflow/dags/feature_engineering_dag.py
[2026-04-27T02:52:06.016+0000] {logging_mixin.py:188} INFO - [2026-04-27T02:52:06.016+0000] {dag.py:3036} INFO - Sync 1 DAGs
[2026-04-27T02:52:06.035+0000] {logging_mixin.py:188} INFO - [2026-04-27T02:52:06.035+0000] {dag.py:3823} INFO - Setting next_dagrun for feature_engineering_pipeline to 2026-04-26 00:00:00+00:00, run_after=2026-05-03 00:00:00+00:00
[2026-04-27T02:52:06.064+0000] {processor.py:183} INFO - Processing /home/airflow/dags/feature_engineering_dag.py took 1.166 seconds
[2026-04-27T02:52:36.395+0000] {processor.py:161} INFO - Started process (PID=13039) to work on /home/airflow/dags/feature_engineering_dag.py
[2026-04-27T02:52:36.396+0000] {processor.py:830} INFO - Processing file /home/airflow/dags/feature_engineering_dag.py for tasks to queue
[2026-04-27T02:52:36.398+0000] {logging_mixin.py:188} INFO - [2026-04-27T02:52:36.397+0000] {dagbag.py:538} INFO - Filling up the DagBag from /home/airflow/dags/feature_engineering_dag.py
[2026-04-27T02:52:37.375+0000] {processor.py:840} INFO - DAG(s) 'feature_engineering_pipeline' retrieved from /home/airflow/dags/feature_engineering_dag.py
[2026-04-27T02:52:37.404+0000] {logging_mixin.py:188} INFO - [2026-04-27T02:52:37.403+0000] {dag.py:3036} INFO - Sync 1 DAGs
[2026-04-27T02:52:37.426+0000] {logging_mixin.py:188} INFO - [2026-04-27T02:52:37.426+0000] {dag.py:3823} INFO - Setting next_dagrun for feature_engineering_pipeline to 2026-04-26 00:00:00+00:00, run_after=2026-05-03 00:00:00+00:00
[2026-04-27T02:52:37.450+0000] {processor.py:183} INFO - Processing /home/airflow/dags/feature_engineering_dag.py took 1.059 seconds
[2026-04-27T02:53:07.866+0000] {processor.py:161} INFO - Started process (PID=13084) to work on /home/airflow/dags/feature_engineering_dag.py
[2026-04-27T02:53:07.867+0000] {processor.py:830} INFO - Processing file /home/airflow/dags/feature_engineering_dag.py for tasks to queue
[2026-04-27T02:53:07.868+0000] {logging_mixin.py:188} INFO - [2026-04-27T02:53:07.867+0000] {dagbag.py:538} INFO - Filling up the DagBag from /home/airflow/dags/feature_engineering_dag.py
[2026-04-27T02:53:08.796+0000] {processor.py:840} INFO - DAG(s) 'feature_engineering_pipeline' retrieved from /home/airflow/dags/feature_engineering_dag.py
[2026-04-27T02:53:08.823+0000] {logging_mixin.py:188} INFO - [2026-04-27T02:53:08.823+0000] {dag.py:3036} INFO - Sync 1 DAGs
[2026-04-27T02:53:08.848+0000] {logging_mixin.py:188} INFO - [2026-04-27T02:53:08.847+0000] {dag.py:3823} INFO - Setting next_dagrun for feature_engineering_pipeline to 2026-04-26 00:00:00+00:00, run_after=2026-05-03 00:00:00+00:00
[2026-04-27T02:53:08.873+0000] {processor.py:183} INFO - Processing /home/airflow/dags/feature_engineering_dag.py took 1.011 seconds
[2026-04-27T02:53:39.179+0000] {processor.py:161} INFO - Started process (PID=13129) to work on /home/airflow/dags/feature_engineering_dag.py
[2026-04-27T02:53:39.180+0000] {processor.py:830} INFO - Processing file /home/airflow/dags/feature_engineering_dag.py for tasks to queue
[2026-04-27T02:53:39.181+0000] {logging_mixin.py:188} INFO - [2026-04-27T02:53:39.181+0000] {dagbag.py:538} INFO - Filling up the DagBag from /home/airflow/dags/feature_engineering_dag.py
[2026-04-27T02:53:40.094+0000] {processor.py:840} INFO - DAG(s) 'feature_engineering_pipeline' retrieved from /home/airflow/dags/feature_engineering_dag.py
[2026-04-27T02:53:40.118+0000] {logging_mixin.py:188} INFO - [2026-04-27T02:53:40.117+0000] {dag.py:3036} INFO - Sync 1 DAGs
[2026-04-27T02:53:40.138+0000] {logging_mixin.py:188} INFO - [2026-04-27T02:53:40.138+0000] {dag.py:3823} INFO - Setting next_dagrun for feature_engineering_pipeline to 2026-04-26 00:00:00+00:00, run_after=2026-05-03 00:00:00+00:00
[2026-04-27T02:53:40.159+0000] {processor.py:183} INFO - Processing /home/airflow/dags/feature_engineering_dag.py took 0.983 seconds
[2026-04-27T02:54:10.536+0000] {processor.py:161} INFO - Started process (PID=13174) to work on /home/airflow/dags/feature_engineering_dag.py
[2026-04-27T02:54:10.537+0000] {processor.py:830} INFO - Processing file /home/airflow/dags/feature_engineering_dag.py for tasks to queue
[2026-04-27T02:54:10.538+0000] {logging_mixin.py:188} INFO - [2026-04-27T02:54:10.538+0000] {dagbag.py:538} INFO - Filling up the DagBag from /home/airflow/dags/feature_engineering_dag.py
[2026-04-27T02:54:11.516+0000] {processor.py:840} INFO - DAG(s) 'feature_engineering_pipeline' retrieved from /home/airflow/dags/feature_engineering_dag.py
[2026-04-27T02:54:11.546+0000] {logging_mixin.py:188} INFO - [2026-04-27T02:54:11.545+0000] {dag.py:3036} INFO - Sync 1 DAGs
[2026-04-27T02:54:11.563+0000] {logging_mixin.py:188} INFO - [2026-04-27T02:54:11.562+0000] {dag.py:3823} INFO - Setting next_dagrun for feature_engineering_pipeline to 2026-04-26 00:00:00+00:00, run_after=2026-05-03 00:00:00+00:00
[2026-04-27T02:54:11.580+0000] {processor.py:183} INFO - Processing /home/airflow/dags/feature_engineering_dag.py took 1.048 seconds
[2026-04-27T02:54:41.963+0000] {processor.py:161} INFO - Started process (PID=13219) to work on /home/airflow/dags/feature_engineering_dag.py
[2026-04-27T02:54:41.964+0000] {processor.py:830} INFO - Processing file /home/airflow/dags/feature_engineering_dag.py for tasks to queue
[2026-04-27T02:54:41.965+0000] {logging_mixin.py:188} INFO - [2026-04-27T02:54:41.965+0000] {dagbag.py:538} INFO - Filling up the DagBag from /home/airflow/dags/feature_engineering_dag.py
[2026-04-27T02:54:42.838+0000] {processor.py:840} INFO - DAG(s) 'feature_engineering_pipeline' retrieved from /home/airflow/dags/feature_engineering_dag.py
[2026-04-27T02:54:42.864+0000] {logging_mixin.py:188} INFO - [2026-04-27T02:54:42.864+0000] {dag.py:3036} INFO - Sync 1 DAGs
[2026-04-27T02:54:42.884+0000] {logging_mixin.py:188} INFO - [2026-04-27T02:54:42.883+0000] {dag.py:3823} INFO - Setting next_dagrun for feature_engineering_pipeline to 2026-04-26 00:00:00+00:00, run_after=2026-05-03 00:00:00+00:00
[2026-04-27T02:54:42.908+0000] {processor.py:183} INFO - Processing /home/airflow/dags/feature_engineering_dag.py took 0.948 seconds
[2026-04-27T02:55:13.198+0000] {processor.py:161} INFO - Started process (PID=13264) to work on /home/airflow/dags/feature_engineering_dag.py
[2026-04-27T02:55:13.199+0000] {processor.py:830} INFO - Processing file /home/airflow/dags/feature_engineering_dag.py for tasks to queue
[2026-04-27T02:55:13.200+0000] {logging_mixin.py:188} INFO - [2026-04-27T02:55:13.200+0000] {dagbag.py:538} INFO - Filling up the DagBag from /home/airflow/dags/feature_engineering_dag.py
[2026-04-27T02:55:14.048+0000] {processor.py:840} INFO - DAG(s) 'feature_engineering_pipeline' retrieved from /home/airflow/dags/feature_engineering_dag.py
[2026-04-27T02:55:14.071+0000] {logging_mixin.py:188} INFO - [2026-04-27T02:55:14.071+0000] {dag.py:3036} INFO - Sync 1 DAGs
[2026-04-27T02:55:14.091+0000] {logging_mixin.py:188} INFO - [2026-04-27T02:55:14.090+0000] {dag.py:3823} INFO - Setting next_dagrun for feature_engineering_pipeline to 2026-04-26 00:00:00+00:00, run_after=2026-05-03 00:00:00+00:00
[2026-04-27T02:55:14.115+0000] {processor.py:183} INFO - Processing /home/airflow/dags/feature_engineering_dag.py took 0.920 seconds
[2026-04-27T02:55:44.529+0000] {processor.py:161} INFO - Started process (PID=13309) to work on /home/airflow/dags/feature_engineering_dag.py
[2026-04-27T02:55:44.530+0000] {processor.py:830} INFO - Processing file /home/airflow/dags/feature_engineering_dag.py for tasks to queue
[2026-04-27T02:55:44.532+0000] {logging_mixin.py:188} INFO - [2026-04-27T02:55:44.531+0000] {dagbag.py:538} INFO - Filling up the DagBag from /home/airflow/dags/feature_engineering_dag.py
[2026-04-27T02:55:45.603+0000] {processor.py:840} INFO - DAG(s) 'feature_engineering_pipeline' retrieved from /home/airflow/dags/feature_engineering_dag.py
[2026-04-27T02:55:45.630+0000] {logging_mixin.py:188} INFO - [2026-04-27T02:55:45.629+0000] {dag.py:3036} INFO - Sync 1 DAGs
[2026-04-27T02:55:45.649+0000] {logging_mixin.py:188} INFO - [2026-04-27T02:55:45.649+0000] {dag.py:3823} INFO - Setting next_dagrun for feature_engineering_pipeline to 2026-04-26 00:00:00+00:00, run_after=2026-05-03 00:00:00+00:00
[2026-04-27T02:55:45.671+0000] {processor.py:183} INFO - Processing /home/airflow/dags/feature_engineering_dag.py took 1.146 seconds
[2026-04-27T02:56:15.927+0000] {processor.py:161} INFO - Started process (PID=13354) to work on /home/airflow/dags/feature_engineering_dag.py
[2026-04-27T02:56:15.928+0000] {processor.py:830} INFO - Processing file /home/airflow/dags/feature_engineering_dag.py for tasks to queue
[2026-04-27T02:56:15.929+0000] {logging_mixin.py:188} INFO - [2026-04-27T02:56:15.929+0000] {dagbag.py:538} INFO - Filling up the DagBag from /home/airflow/dags/feature_engineering_dag.py
[2026-04-27T02:56:16.769+0000] {processor.py:840} INFO - DAG(s) 'feature_engineering_pipeline' retrieved from /home/airflow/dags/feature_engineering_dag.py
[2026-04-27T02:56:16.794+0000] {logging_mixin.py:188} INFO - [2026-04-27T02:56:16.794+0000] {dag.py:3036} INFO - Sync 1 DAGs
[2026-04-27T02:56:16.816+0000] {logging_mixin.py:188} INFO - [2026-04-27T02:56:16.816+0000] {dag.py:3823} INFO - Setting next_dagrun for feature_engineering_pipeline to 2026-04-26 00:00:00+00:00, run_after=2026-05-03 00:00:00+00:00
[2026-04-27T02:56:16.837+0000] {processor.py:183} INFO - Processing /home/airflow/dags/feature_engineering_dag.py took 0.913 seconds
[2026-04-27T02:56:47.142+0000] {processor.py:161} INFO - Started process (PID=13399) to work on /home/airflow/dags/feature_engineering_dag.py
[2026-04-27T02:56:47.143+0000] {processor.py:830} INFO - Processing file /home/airflow/dags/feature_engineering_dag.py for tasks to queue
[2026-04-27T02:56:47.144+0000] {logging_mixin.py:188} INFO - [2026-04-27T02:56:47.144+0000] {dagbag.py:538} INFO - Filling up the DagBag from /home/airflow/dags/feature_engineering_dag.py
[2026-04-27T02:56:48.033+0000] {processor.py:840} INFO - DAG(s) 'feature_engineering_pipeline' retrieved from /home/airflow/dags/feature_engineering_dag.py
[2026-04-27T02:56:48.062+0000] {logging_mixin.py:188} INFO - [2026-04-27T02:56:48.061+0000] {dag.py:3036} INFO - Sync 1 DAGs
[2026-04-27T02:56:48.091+0000] {logging_mixin.py:188} INFO - [2026-04-27T02:56:48.090+0000] {dag.py:3823} INFO - Setting next_dagrun for feature_engineering_pipeline to 2026-04-26 00:00:00+00:00, run_after=2026-05-03 00:00:00+00:00
[2026-04-27T02:56:48.113+0000] {processor.py:183} INFO - Processing /home/airflow/dags/feature_engineering_dag.py took 0.975 seconds
[2026-04-27T02:57:18.359+0000] {processor.py:161} INFO - Started process (PID=13444) to work on /home/airflow/dags/feature_engineering_dag.py
[2026-04-27T02:57:18.360+0000] {processor.py:830} INFO - Processing file /home/airflow/dags/feature_engineering_dag.py for tasks to queue
[2026-04-27T02:57:18.362+0000] {logging_mixin.py:188} INFO - [2026-04-27T02:57:18.361+0000] {dagbag.py:538} INFO - Filling up the DagBag from /home/airflow/dags/feature_engineering_dag.py
[2026-04-27T02:57:19.420+0000] {processor.py:840} INFO - DAG(s) 'feature_engineering_pipeline' retrieved from /home/airflow/dags/feature_engineering_dag.py
[2026-04-27T02:57:19.451+0000] {logging_mixin.py:188} INFO - [2026-04-27T02:57:19.450+0000] {dag.py:3036} INFO - Sync 1 DAGs
[2026-04-27T02:57:19.477+0000] {logging_mixin.py:188} INFO - [2026-04-27T02:57:19.477+0000] {dag.py:3823} INFO - Setting next_dagrun for feature_engineering_pipeline to 2026-04-26 00:00:00+00:00, run_after=2026-05-03 00:00:00+00:00
[2026-04-27T02:57:19.504+0000] {processor.py:183} INFO - Processing /home/airflow/dags/feature_engineering_dag.py took 1.149 seconds
[2026-04-27T02:57:49.859+0000] {processor.py:161} INFO - Started process (PID=13489) to work on /home/airflow/dags/feature_engineering_dag.py
[2026-04-27T02:57:49.860+0000] {processor.py:830} INFO - Processing file /home/airflow/dags/feature_engineering_dag.py for tasks to queue
[2026-04-27T02:57:49.861+0000] {logging_mixin.py:188} INFO - [2026-04-27T02:57:49.861+0000] {dagbag.py:538} INFO - Filling up the DagBag from /home/airflow/dags/feature_engineering_dag.py
[2026-04-27T02:57:50.720+0000] {processor.py:840} INFO - DAG(s) 'feature_engineering_pipeline' retrieved from /home/airflow/dags/feature_engineering_dag.py
[2026-04-27T02:57:50.746+0000] {logging_mixin.py:188} INFO - [2026-04-27T02:57:50.745+0000] {dag.py:3036} INFO - Sync 1 DAGs
[2026-04-27T02:57:50.763+0000] {logging_mixin.py:188} INFO - [2026-04-27T02:57:50.763+0000] {dag.py:3823} INFO - Setting next_dagrun for feature_engineering_pipeline to 2026-04-26 00:00:00+00:00, run_after=2026-05-03 00:00:00+00:00
[2026-04-27T02:57:50.782+0000] {processor.py:183} INFO - Processing /home/airflow/dags/feature_engineering_dag.py took 0.926 seconds
[2026-04-27T02:58:21.158+0000] {processor.py:161} INFO - Started process (PID=13534) to work on /home/airflow/dags/feature_engineering_dag.py
[2026-04-27T02:58:21.159+0000] {processor.py:830} INFO - Processing file /home/airflow/dags/feature_engineering_dag.py for tasks to queue
[2026-04-27T02:58:21.160+0000] {logging_mixin.py:188} INFO - [2026-04-27T02:58:21.160+0000] {dagbag.py:538} INFO - Filling up the DagBag from /home/airflow/dags/feature_engineering_dag.py
[2026-04-27T02:58:22.089+0000] {processor.py:840} INFO - DAG(s) 'feature_engineering_pipeline' retrieved from /home/airflow/dags/feature_engineering_dag.py
[2026-04-27T02:58:22.112+0000] {logging_mixin.py:188} INFO - [2026-04-27T02:58:22.112+0000] {dag.py:3036} INFO - Sync 1 DAGs
[2026-04-27T02:58:22.131+0000] {logging_mixin.py:188} INFO - [2026-04-27T02:58:22.130+0000] {dag.py:3823} INFO - Setting next_dagrun for feature_engineering_pipeline to 2026-04-26 00:00:00+00:00, run_after=2026-05-03 00:00:00+00:00
[2026-04-27T02:58:22.154+0000] {processor.py:183} INFO - Processing /home/airflow/dags/feature_engineering_dag.py took 0.998 seconds
[2026-04-27T02:58:52.442+0000] {processor.py:161} INFO - Started process (PID=13579) to work on /home/airflow/dags/feature_engineering_dag.py
[2026-04-27T02:58:52.443+0000] {processor.py:830} INFO - Processing file /home/airflow/dags/feature_engineering_dag.py for tasks to queue
[2026-04-27T02:58:52.444+0000] {logging_mixin.py:188} INFO - [2026-04-27T02:58:52.443+0000] {dagbag.py:538} INFO - Filling up the DagBag from /home/airflow/dags/feature_engineering_dag.py
[2026-04-27T02:58:53.280+0000] {processor.py:840} INFO - DAG(s) 'feature_engineering_pipeline' retrieved from /home/airflow/dags/feature_engineering_dag.py
[2026-04-27T02:58:53.301+0000] {logging_mixin.py:188} INFO - [2026-04-27T02:58:53.301+0000] {dag.py:3036} INFO - Sync 1 DAGs
[2026-04-27T02:58:53.324+0000] {logging_mixin.py:188} INFO - [2026-04-27T02:58:53.323+0000] {dag.py:3823} INFO - Setting next_dagrun for feature_engineering_pipeline to 2026-04-26 00:00:00+00:00, run_after=2026-05-03 00:00:00+00:00
[2026-04-27T02:58:53.346+0000] {processor.py:183} INFO - Processing /home/airflow/dags/feature_engineering_dag.py took 0.908 seconds
[2026-04-27T02:59:23.740+0000] {processor.py:161} INFO - Started process (PID=13624) to work on /home/airflow/dags/feature_engineering_dag.py
[2026-04-27T02:59:23.742+0000] {processor.py:830} INFO - Processing file /home/airflow/dags/feature_engineering_dag.py for tasks to queue
[2026-04-27T02:59:23.743+0000] {logging_mixin.py:188} INFO - [2026-04-27T02:59:23.742+0000] {dagbag.py:538} INFO - Filling up the DagBag from /home/airflow/dags/feature_engineering_dag.py
[2026-04-27T02:59:24.617+0000] {processor.py:840} INFO - DAG(s) 'feature_engineering_pipeline' retrieved from /home/airflow/dags/feature_engineering_dag.py
[2026-04-27T02:59:24.639+0000] {logging_mixin.py:188} INFO - [2026-04-27T02:59:24.639+0000] {dag.py:3036} INFO - Sync 1 DAGs
[2026-04-27T02:59:24.658+0000] {logging_mixin.py:188} INFO - [2026-04-27T02:59:24.657+0000] {dag.py:3823} INFO - Setting next_dagrun for feature_engineering_pipeline to 2026-04-26 00:00:00+00:00, run_after=2026-05-03 00:00:00+00:00
[2026-04-27T02:59:24.679+0000] {processor.py:183} INFO - Processing /home/airflow/dags/feature_engineering_dag.py took 0.944 seconds
[2026-04-27T02:59:55.043+0000] {processor.py:161} INFO - Started process (PID=13669) to work on /home/airflow/dags/feature_engineering_dag.py
[2026-04-27T02:59:55.044+0000] {processor.py:830} INFO - Processing file /home/airflow/dags/feature_engineering_dag.py for tasks to queue
[2026-04-27T02:59:55.046+0000] {logging_mixin.py:188} INFO - [2026-04-27T02:59:55.045+0000] {dagbag.py:538} INFO - Filling up the DagBag from /home/airflow/dags/feature_engineering_dag.py
[2026-04-27T02:59:55.996+0000] {processor.py:840} INFO - DAG(s) 'feature_engineering_pipeline' retrieved from /home/airflow/dags/feature_engineering_dag.py
[2026-04-27T02:59:56.018+0000] {logging_mixin.py:188} INFO - [2026-04-27T02:59:56.018+0000] {dag.py:3036} INFO - Sync 1 DAGs
[2026-04-27T02:59:56.038+0000] {logging_mixin.py:188} INFO - [2026-04-27T02:59:56.038+0000] {dag.py:3823} INFO - Setting next_dagrun for feature_engineering_pipeline to 2026-04-26 00:00:00+00:00, run_after=2026-05-03 00:00:00+00:00
[2026-04-27T02:59:56.057+0000] {processor.py:183} INFO - Processing /home/airflow/dags/feature_engineering_dag.py took 1.018 seconds
[2026-04-27T03:00:26.479+0000] {processor.py:161} INFO - Started process (PID=13714) to work on /home/airflow/dags/feature_engineering_dag.py
[2026-04-27T03:00:26.481+0000] {processor.py:830} INFO - Processing file /home/airflow/dags/feature_engineering_dag.py for tasks to queue
[2026-04-27T03:00:26.483+0000] {logging_mixin.py:188} INFO - [2026-04-27T03:00:26.482+0000] {dagbag.py:538} INFO - Filling up the DagBag from /home/airflow/dags/feature_engineering_dag.py
[2026-04-27T03:00:27.508+0000] {processor.py:840} INFO - DAG(s) 'feature_engineering_pipeline' retrieved from /home/airflow/dags/feature_engineering_dag.py
[2026-04-27T03:00:27.540+0000] {logging_mixin.py:188} INFO - [2026-04-27T03:00:27.539+0000] {dag.py:3036} INFO - Sync 1 DAGs
[2026-04-27T03:00:27.574+0000] {logging_mixin.py:188} INFO - [2026-04-27T03:00:27.573+0000] {dag.py:3823} INFO - Setting next_dagrun for feature_engineering_pipeline to 2026-04-26 00:00:00+00:00, run_after=2026-05-03 00:00:00+00:00
[2026-04-27T03:00:27.602+0000] {processor.py:183} INFO - Processing /home/airflow/dags/feature_engineering_dag.py took 1.126 seconds
[2026-04-27T03:00:57.976+0000] {processor.py:161} INFO - Started process (PID=13759) to work on /home/airflow/dags/feature_engineering_dag.py
[2026-04-27T03:00:57.977+0000] {processor.py:830} INFO - Processing file /home/airflow/dags/feature_engineering_dag.py for tasks to queue
[2026-04-27T03:00:57.978+0000] {logging_mixin.py:188} INFO - [2026-04-27T03:00:57.978+0000] {dagbag.py:538} INFO - Filling up the DagBag from /home/airflow/dags/feature_engineering_dag.py
[2026-04-27T03:00:58.875+0000] {processor.py:840} INFO - DAG(s) 'feature_engineering_pipeline' retrieved from /home/airflow/dags/feature_engineering_dag.py
[2026-04-27T03:00:58.905+0000] {logging_mixin.py:188} INFO - [2026-04-27T03:00:58.905+0000] {dag.py:3036} INFO - Sync 1 DAGs
[2026-04-27T03:00:58.924+0000] {logging_mixin.py:188} INFO - [2026-04-27T03:00:58.924+0000] {dag.py:3823} INFO - Setting next_dagrun for feature_engineering_pipeline to 2026-04-26 00:00:00+00:00, run_after=2026-05-03 00:00:00+00:00
[2026-04-27T03:00:58.947+0000] {processor.py:183} INFO - Processing /home/airflow/dags/feature_engineering_dag.py took 0.974 seconds
[2026-04-27T03:01:29.333+0000] {processor.py:161} INFO - Started process (PID=13804) to work on /home/airflow/dags/feature_engineering_dag.py
[2026-04-27T03:01:29.334+0000] {processor.py:830} INFO - Processing file /home/airflow/dags/feature_engineering_dag.py for tasks to queue
[2026-04-27T03:01:29.336+0000] {logging_mixin.py:188} INFO - [2026-04-27T03:01:29.336+0000] {dagbag.py:538} INFO - Filling up the DagBag from /home/airflow/dags/feature_engineering_dag.py
[2026-04-27T03:01:30.656+0000] {processor.py:840} INFO - DAG(s) 'feature_engineering_pipeline' retrieved from /home/airflow/dags/feature_engineering_dag.py
[2026-04-27T03:01:30.678+0000] {logging_mixin.py:188} INFO - [2026-04-27T03:01:30.677+0000] {dag.py:3036} INFO - Sync 1 DAGs
[2026-04-27T03:01:30.696+0000] {logging_mixin.py:188} INFO - [2026-04-27T03:01:30.696+0000] {dag.py:3823} INFO - Setting next_dagrun for feature_engineering_pipeline to 2026-04-26 00:00:00+00:00, run_after=2026-05-03 00:00:00+00:00
[2026-04-27T03:01:30.717+0000] {processor.py:183} INFO - Processing /home/airflow/dags/feature_engineering_dag.py took 1.391 seconds
[2026-04-27T03:02:01.086+0000] {processor.py:161} INFO - Started process (PID=13849) to work on /home/airflow/dags/feature_engineering_dag.py
[2026-04-27T03:02:01.088+0000] {processor.py:830} INFO - Processing file /home/airflow/dags/feature_engineering_dag.py for tasks to queue
[2026-04-27T03:02:01.090+0000] {logging_mixin.py:188} INFO - [2026-04-27T03:02:01.089+0000] {dagbag.py:538} INFO - Filling up the DagBag from /home/airflow/dags/feature_engineering_dag.py
[2026-04-27T03:02:02.265+0000] {processor.py:840} INFO - DAG(s) 'feature_engineering_pipeline' retrieved from /home/airflow/dags/feature_engineering_dag.py
[2026-04-27T03:02:02.295+0000] {logging_mixin.py:188} INFO - [2026-04-27T03:02:02.294+0000] {dag.py:3036} INFO - Sync 1 DAGs
[2026-04-27T03:02:02.322+0000] {logging_mixin.py:188} INFO - [2026-04-27T03:02:02.322+0000] {dag.py:3823} INFO - Setting next_dagrun for feature_engineering_pipeline to 2026-04-26 00:00:00+00:00, run_after=2026-05-03 00:00:00+00:00
[2026-04-27T03:02:02.350+0000] {processor.py:183} INFO - Processing /home/airflow/dags/feature_engineering_dag.py took 1.267 seconds
[2026-04-27T03:02:32.744+0000] {processor.py:161} INFO - Started process (PID=13894) to work on /home/airflow/dags/feature_engineering_dag.py
[2026-04-27T03:02:32.746+0000] {processor.py:830} INFO - Processing file /home/airflow/dags/feature_engineering_dag.py for tasks to queue
[2026-04-27T03:02:32.747+0000] {logging_mixin.py:188} INFO - [2026-04-27T03:02:32.747+0000] {dagbag.py:538} INFO - Filling up the DagBag from /home/airflow/dags/feature_engineering_dag.py
[2026-04-27T03:02:33.668+0000] {processor.py:840} INFO - DAG(s) 'feature_engineering_pipeline' retrieved from /home/airflow/dags/feature_engineering_dag.py
[2026-04-27T03:02:33.693+0000] {logging_mixin.py:188} INFO - [2026-04-27T03:02:33.693+0000] {dag.py:3036} INFO - Sync 1 DAGs
[2026-04-27T03:02:33.717+0000] {logging_mixin.py:188} INFO - [2026-04-27T03:02:33.716+0000] {dag.py:3823} INFO - Setting next_dagrun for feature_engineering_pipeline to 2026-04-26 00:00:00+00:00, run_after=2026-05-03 00:00:00+00:00
[2026-04-27T03:02:33.736+0000] {processor.py:183} INFO - Processing /home/airflow/dags/feature_engineering_dag.py took 0.996 seconds
[2026-04-27T03:03:04.088+0000] {processor.py:161} INFO - Started process (PID=13939) to work on /home/airflow/dags/feature_engineering_dag.py
[2026-04-27T03:03:04.089+0000] {processor.py:830} INFO - Processing file /home/airflow/dags/feature_engineering_dag.py for tasks to queue
[2026-04-27T03:03:04.090+0000] {logging_mixin.py:188} INFO - [2026-04-27T03:03:04.090+0000] {dagbag.py:538} INFO - Filling up the DagBag from /home/airflow/dags/feature_engineering_dag.py
[2026-04-27T03:03:04.915+0000] {processor.py:840} INFO - DAG(s) 'feature_engineering_pipeline' retrieved from /home/airflow/dags/feature_engineering_dag.py
[2026-04-27T03:03:04.939+0000] {logging_mixin.py:188} INFO - [2026-04-27T03:03:04.939+0000] {dag.py:3036} INFO - Sync 1 DAGs
[2026-04-27T03:03:04.962+0000] {logging_mixin.py:188} INFO - [2026-04-27T03:03:04.962+0000] {dag.py:3823} INFO - Setting next_dagrun for feature_engineering_pipeline to 2026-04-26 00:00:00+00:00, run_after=2026-05-03 00:00:00+00:00
[2026-04-27T03:03:04.984+0000] {processor.py:183} INFO - Processing /home/airflow/dags/feature_engineering_dag.py took 0.899 seconds
[2026-04-27T03:03:35.356+0000] {processor.py:161} INFO - Started process (PID=13984) to work on /home/airflow/dags/feature_engineering_dag.py
[2026-04-27T03:03:35.357+0000] {processor.py:830} INFO - Processing file /home/airflow/dags/feature_engineering_dag.py for tasks to queue
[2026-04-27T03:03:35.359+0000] {logging_mixin.py:188} INFO - [2026-04-27T03:03:35.358+0000] {dagbag.py:538} INFO - Filling up the DagBag from /home/airflow/dags/feature_engineering_dag.py
[2026-04-27T03:03:36.388+0000] {processor.py:840} INFO - DAG(s) 'feature_engineering_pipeline' retrieved from /home/airflow/dags/feature_engineering_dag.py
[2026-04-27T03:03:36.419+0000] {logging_mixin.py:188} INFO - [2026-04-27T03:03:36.418+0000] {dag.py:3036} INFO - Sync 1 DAGs
[2026-04-27T03:03:36.443+0000] {logging_mixin.py:188} INFO - [2026-04-27T03:03:36.443+0000] {dag.py:3823} INFO - Setting next_dagrun for feature_engineering_pipeline to 2026-04-26 00:00:00+00:00, run_after=2026-05-03 00:00:00+00:00
[2026-04-27T03:03:36.467+0000] {processor.py:183} INFO - Processing /home/airflow/dags/feature_engineering_dag.py took 1.115 seconds
[2026-04-27T03:04:06.832+0000] {processor.py:161} INFO - Started process (PID=14029) to work on /home/airflow/dags/feature_engineering_dag.py
[2026-04-27T03:04:06.833+0000] {processor.py:830} INFO - Processing file /home/airflow/dags/feature_engineering_dag.py for tasks to queue
[2026-04-27T03:04:06.834+0000] {logging_mixin.py:188} INFO - [2026-04-27T03:04:06.834+0000] {dagbag.py:538} INFO - Filling up the DagBag from /home/airflow/dags/feature_engineering_dag.py
[2026-04-27T03:04:07.663+0000] {processor.py:840} INFO - DAG(s) 'feature_engineering_pipeline' retrieved from /home/airflow/dags/feature_engineering_dag.py
[2026-04-27T03:04:07.810+0000] {logging_mixin.py:188} INFO - [2026-04-27T03:04:07.810+0000] {dag.py:3036} INFO - Sync 1 DAGs
[2026-04-27T03:04:07.828+0000] {logging_mixin.py:188} INFO - [2026-04-27T03:04:07.828+0000] {dag.py:3823} INFO - Setting next_dagrun for feature_engineering_pipeline to 2026-04-26 00:00:00+00:00, run_after=2026-05-03 00:00:00+00:00
[2026-04-27T03:04:07.849+0000] {processor.py:183} INFO - Processing /home/airflow/dags/feature_engineering_dag.py took 1.021 seconds
[2026-04-27T03:04:38.205+0000] {processor.py:161} INFO - Started process (PID=14074) to work on /home/airflow/dags/feature_engineering_dag.py
[2026-04-27T03:04:38.206+0000] {processor.py:830} INFO - Processing file /home/airflow/dags/feature_engineering_dag.py for tasks to queue
[2026-04-27T03:04:38.207+0000] {logging_mixin.py:188} INFO - [2026-04-27T03:04:38.207+0000] {dagbag.py:538} INFO - Filling up the DagBag from /home/airflow/dags/feature_engineering_dag.py
[2026-04-27T03:04:39.119+0000] {processor.py:840} INFO - DAG(s) 'feature_engineering_pipeline' retrieved from /home/airflow/dags/feature_engineering_dag.py
[2026-04-27T03:04:39.145+0000] {logging_mixin.py:188} INFO - [2026-04-27T03:04:39.144+0000] {dag.py:3036} INFO - Sync 1 DAGs
[2026-04-27T03:04:39.161+0000] {logging_mixin.py:188} INFO - [2026-04-27T03:04:39.161+0000] {dag.py:3823} INFO - Setting next_dagrun for feature_engineering_pipeline to 2026-04-26 00:00:00+00:00, run_after=2026-05-03 00:00:00+00:00
[2026-04-27T03:04:39.179+0000] {processor.py:183} INFO - Processing /home/airflow/dags/feature_engineering_dag.py took 0.977 seconds
[2026-04-27T03:05:09.635+0000] {processor.py:161} INFO - Started process (PID=14119) to work on /home/airflow/dags/feature_engineering_dag.py
[2026-04-27T03:05:09.636+0000] {processor.py:830} INFO - Processing file /home/airflow/dags/feature_engineering_dag.py for tasks to queue
[2026-04-27T03:05:09.639+0000] {logging_mixin.py:188} INFO - [2026-04-27T03:05:09.638+0000] {dagbag.py:538} INFO - Filling up the DagBag from /home/airflow/dags/feature_engineering_dag.py
[2026-04-27T03:05:11.065+0000] {processor.py:840} INFO - DAG(s) 'feature_engineering_pipeline' retrieved from /home/airflow/dags/feature_engineering_dag.py
[2026-04-27T03:05:11.087+0000] {logging_mixin.py:188} INFO - [2026-04-27T03:05:11.087+0000] {dag.py:3036} INFO - Sync 1 DAGs
[2026-04-27T03:05:11.105+0000] {logging_mixin.py:188} INFO - [2026-04-27T03:05:11.105+0000] {dag.py:3823} INFO - Setting next_dagrun for feature_engineering_pipeline to 2026-04-26 00:00:00+00:00, run_after=2026-05-03 00:00:00+00:00
[2026-04-27T03:05:11.136+0000] {processor.py:183} INFO - Processing /home/airflow/dags/feature_engineering_dag.py took 1.504 seconds
[2026-04-27T03:05:41.720+0000] {processor.py:161} INFO - Started process (PID=14174) to work on /home/airflow/dags/feature_engineering_dag.py
[2026-04-27T03:05:41.721+0000] {processor.py:830} INFO - Processing file /home/airflow/dags/feature_engineering_dag.py for tasks to queue
[2026-04-27T03:05:41.723+0000] {logging_mixin.py:188} INFO - [2026-04-27T03:05:41.723+0000] {dagbag.py:538} INFO - Filling up the DagBag from /home/airflow/dags/feature_engineering_dag.py
[2026-04-27T03:05:42.480+0000] {processor.py:840} INFO - DAG(s) 'feature_engineering_pipeline' retrieved from /home/airflow/dags/feature_engineering_dag.py
[2026-04-27T03:05:42.499+0000] {logging_mixin.py:188} INFO - [2026-04-27T03:05:42.499+0000] {dag.py:3036} INFO - Sync 1 DAGs
[2026-04-27T03:05:42.516+0000] {logging_mixin.py:188} INFO - [2026-04-27T03:05:42.516+0000] {dag.py:3823} INFO - Setting next_dagrun for feature_engineering_pipeline to 2026-04-26 00:00:00+00:00, run_after=2026-05-03 00:00:00+00:00
[2026-04-27T03:05:42.537+0000] {processor.py:183} INFO - Processing /home/airflow/dags/feature_engineering_dag.py took 0.820 seconds
[2026-04-27T03:06:12.597+0000] {processor.py:161} INFO - Started process (PID=14219) to work on /home/airflow/dags/feature_engineering_dag.py
[2026-04-27T03:06:12.598+0000] {processor.py:830} INFO - Processing file /home/airflow/dags/feature_engineering_dag.py for tasks to queue
[2026-04-27T03:06:12.599+0000] {logging_mixin.py:188} INFO - [2026-04-27T03:06:12.598+0000] {dagbag.py:538} INFO - Filling up the DagBag from /home/airflow/dags/feature_engineering_dag.py
[2026-04-27T03:06:13.335+0000] {processor.py:840} INFO - DAG(s) 'feature_engineering_pipeline' retrieved from /home/airflow/dags/feature_engineering_dag.py
[2026-04-27T03:06:13.358+0000] {logging_mixin.py:188} INFO - [2026-04-27T03:06:13.358+0000] {dag.py:3036} INFO - Sync 1 DAGs
[2026-04-27T03:06:13.374+0000] {logging_mixin.py:188} INFO - [2026-04-27T03:06:13.374+0000] {dag.py:3823} INFO - Setting next_dagrun for feature_engineering_pipeline to 2026-04-26 00:00:00+00:00, run_after=2026-05-03 00:00:00+00:00
[2026-04-27T03:06:13.404+0000] {processor.py:183} INFO - Processing /home/airflow/dags/feature_engineering_dag.py took 0.810 seconds
[2026-04-27T03:06:43.498+0000] {processor.py:161} INFO - Started process (PID=14264) to work on /home/airflow/dags/feature_engineering_dag.py
[2026-04-27T03:06:43.499+0000] {processor.py:830} INFO - Processing file /home/airflow/dags/feature_engineering_dag.py for tasks to queue
[2026-04-27T03:06:43.500+0000] {logging_mixin.py:188} INFO - [2026-04-27T03:06:43.499+0000] {dagbag.py:538} INFO - Filling up the DagBag from /home/airflow/dags/feature_engineering_dag.py
[2026-04-27T03:06:44.212+0000] {processor.py:840} INFO - DAG(s) 'feature_engineering_pipeline' retrieved from /home/airflow/dags/feature_engineering_dag.py
[2026-04-27T03:06:44.233+0000] {logging_mixin.py:188} INFO - [2026-04-27T03:06:44.232+0000] {dag.py:3036} INFO - Sync 1 DAGs
[2026-04-27T03:06:44.248+0000] {logging_mixin.py:188} INFO - [2026-04-27T03:06:44.248+0000] {dag.py:3823} INFO - Setting next_dagrun for feature_engineering_pipeline to 2026-04-26 00:00:00+00:00, run_after=2026-05-03 00:00:00+00:00
[2026-04-27T03:06:44.269+0000] {processor.py:183} INFO - Processing /home/airflow/dags/feature_engineering_dag.py took 0.775 seconds
[2026-04-27T03:07:14.342+0000] {processor.py:161} INFO - Started process (PID=14299) to work on /home/airflow/dags/feature_engineering_dag.py
[2026-04-27T03:07:14.343+0000] {processor.py:830} INFO - Processing file /home/airflow/dags/feature_engineering_dag.py for tasks to queue
[2026-04-27T03:07:14.344+0000] {logging_mixin.py:188} INFO - [2026-04-27T03:07:14.344+0000] {dagbag.py:538} INFO - Filling up the DagBag from /home/airflow/dags/feature_engineering_dag.py
[2026-04-27T03:07:15.231+0000] {processor.py:840} INFO - DAG(s) 'feature_engineering_pipeline' retrieved from /home/airflow/dags/feature_engineering_dag.py
[2026-04-27T03:07:15.258+0000] {logging_mixin.py:188} INFO - [2026-04-27T03:07:15.257+0000] {dag.py:3036} INFO - Sync 1 DAGs
[2026-04-27T03:07:15.277+0000] {logging_mixin.py:188} INFO - [2026-04-27T03:07:15.276+0000] {dag.py:3823} INFO - Setting next_dagrun for feature_engineering_pipeline to 2026-04-26 00:00:00+00:00, run_after=2026-05-03 00:00:00+00:00
[2026-04-27T03:07:15.305+0000] {processor.py:183} INFO - Processing /home/airflow/dags/feature_engineering_dag.py took 0.966 seconds
[2026-04-27T03:07:45.711+0000] {processor.py:161} INFO - Started process (PID=14344) to work on /home/airflow/dags/feature_engineering_dag.py
[2026-04-27T03:07:45.712+0000] {processor.py:830} INFO - Processing file /home/airflow/dags/feature_engineering_dag.py for tasks to queue
[2026-04-27T03:07:45.713+0000] {logging_mixin.py:188} INFO - [2026-04-27T03:07:45.713+0000] {dagbag.py:538} INFO - Filling up the DagBag from /home/airflow/dags/feature_engineering_dag.py
[2026-04-27T03:07:46.680+0000] {processor.py:840} INFO - DAG(s) 'feature_engineering_pipeline' retrieved from /home/airflow/dags/feature_engineering_dag.py
[2026-04-27T03:07:46.706+0000] {logging_mixin.py:188} INFO - [2026-04-27T03:07:46.706+0000] {dag.py:3036} INFO - Sync 1 DAGs
[2026-04-27T03:07:46.724+0000] {logging_mixin.py:188} INFO - [2026-04-27T03:07:46.724+0000] {dag.py:3823} INFO - Setting next_dagrun for feature_engineering_pipeline to 2026-04-26 00:00:00+00:00, run_after=2026-05-03 00:00:00+00:00
[2026-04-27T03:07:46.747+0000] {processor.py:183} INFO - Processing /home/airflow/dags/feature_engineering_dag.py took 1.041 seconds
[2026-04-27T03:08:17.000+0000] {processor.py:161} INFO - Started process (PID=14389) to work on /home/airflow/dags/feature_engineering_dag.py
[2026-04-27T03:08:17.002+0000] {processor.py:830} INFO - Processing file /home/airflow/dags/feature_engineering_dag.py for tasks to queue
[2026-04-27T03:08:17.003+0000] {logging_mixin.py:188} INFO - [2026-04-27T03:08:17.003+0000] {dagbag.py:538} INFO - Filling up the DagBag from /home/airflow/dags/feature_engineering_dag.py
[2026-04-27T03:08:17.806+0000] {processor.py:840} INFO - DAG(s) 'feature_engineering_pipeline' retrieved from /home/airflow/dags/feature_engineering_dag.py
[2026-04-27T03:08:17.828+0000] {logging_mixin.py:188} INFO - [2026-04-27T03:08:17.828+0000] {dag.py:3036} INFO - Sync 1 DAGs
[2026-04-27T03:08:17.845+0000] {logging_mixin.py:188} INFO - [2026-04-27T03:08:17.845+0000] {dag.py:3823} INFO - Setting next_dagrun for feature_engineering_pipeline to 2026-04-26 00:00:00+00:00, run_after=2026-05-03 00:00:00+00:00
[2026-04-27T03:08:17.870+0000] {processor.py:183} INFO - Processing /home/airflow/dags/feature_engineering_dag.py took 0.874 seconds
[2026-04-27T03:08:48.123+0000] {processor.py:161} INFO - Started process (PID=14434) to work on /home/airflow/dags/feature_engineering_dag.py
[2026-04-27T03:08:48.125+0000] {processor.py:830} INFO - Processing file /home/airflow/dags/feature_engineering_dag.py for tasks to queue
[2026-04-27T03:08:48.126+0000] {logging_mixin.py:188} INFO - [2026-04-27T03:08:48.126+0000] {dagbag.py:538} INFO - Filling up the DagBag from /home/airflow/dags/feature_engineering_dag.py
[2026-04-27T03:08:49.056+0000] {processor.py:840} INFO - DAG(s) 'feature_engineering_pipeline' retrieved from /home/airflow/dags/feature_engineering_dag.py
[2026-04-27T03:08:49.080+0000] {logging_mixin.py:188} INFO - [2026-04-27T03:08:49.079+0000] {dag.py:3036} INFO - Sync 1 DAGs
[2026-04-27T03:08:49.097+0000] {logging_mixin.py:188} INFO - [2026-04-27T03:08:49.097+0000] {dag.py:3823} INFO - Setting next_dagrun for feature_engineering_pipeline to 2026-04-26 00:00:00+00:00, run_after=2026-05-03 00:00:00+00:00
[2026-04-27T03:08:49.121+0000] {processor.py:183} INFO - Processing /home/airflow/dags/feature_engineering_dag.py took 1.001 seconds
[2026-04-27T03:09:19.496+0000] {processor.py:161} INFO - Started process (PID=14479) to work on /home/airflow/dags/feature_engineering_dag.py
[2026-04-27T03:09:19.497+0000] {processor.py:830} INFO - Processing file /home/airflow/dags/feature_engineering_dag.py for tasks to queue
[2026-04-27T03:09:19.498+0000] {logging_mixin.py:188} INFO - [2026-04-27T03:09:19.497+0000] {dagbag.py:538} INFO - Filling up the DagBag from /home/airflow/dags/feature_engineering_dag.py
[2026-04-27T03:09:20.559+0000] {processor.py:840} INFO - DAG(s) 'feature_engineering_pipeline' retrieved from /home/airflow/dags/feature_engineering_dag.py
[2026-04-27T03:09:20.582+0000] {logging_mixin.py:188} INFO - [2026-04-27T03:09:20.581+0000] {dag.py:3036} INFO - Sync 1 DAGs
[2026-04-27T03:09:20.600+0000] {logging_mixin.py:188} INFO - [2026-04-27T03:09:20.600+0000] {dag.py:3823} INFO - Setting next_dagrun for feature_engineering_pipeline to 2026-04-26 00:00:00+00:00, run_after=2026-05-03 00:00:00+00:00
[2026-04-27T03:09:20.622+0000] {processor.py:183} INFO - Processing /home/airflow/dags/feature_engineering_dag.py took 1.130 seconds
[2026-04-27T03:09:50.974+0000] {processor.py:161} INFO - Started process (PID=14524) to work on /home/airflow/dags/feature_engineering_dag.py
[2026-04-27T03:09:50.975+0000] {processor.py:830} INFO - Processing file /home/airflow/dags/feature_engineering_dag.py for tasks to queue
[2026-04-27T03:09:50.977+0000] {logging_mixin.py:188} INFO - [2026-04-27T03:09:50.976+0000] {dagbag.py:538} INFO - Filling up the DagBag from /home/airflow/dags/feature_engineering_dag.py
[2026-04-27T03:09:51.835+0000] {processor.py:840} INFO - DAG(s) 'feature_engineering_pipeline' retrieved from /home/airflow/dags/feature_engineering_dag.py
[2026-04-27T03:09:51.860+0000] {logging_mixin.py:188} INFO - [2026-04-27T03:09:51.860+0000] {dag.py:3036} INFO - Sync 1 DAGs
[2026-04-27T03:09:51.888+0000] {logging_mixin.py:188} INFO - [2026-04-27T03:09:51.888+0000] {dag.py:3823} INFO - Setting next_dagrun for feature_engineering_pipeline to 2026-04-26 00:00:00+00:00, run_after=2026-05-03 00:00:00+00:00
[2026-04-27T03:09:51.927+0000] {processor.py:183} INFO - Processing /home/airflow/dags/feature_engineering_dag.py took 0.958 seconds
[2026-04-27T03:10:22.117+0000] {processor.py:161} INFO - Started process (PID=14569) to work on /home/airflow/dags/feature_engineering_dag.py
[2026-04-27T03:10:22.119+0000] {processor.py:830} INFO - Processing file /home/airflow/dags/feature_engineering_dag.py for tasks to queue
[2026-04-27T03:10:22.120+0000] {logging_mixin.py:188} INFO - [2026-04-27T03:10:22.120+0000] {dagbag.py:538} INFO - Filling up the DagBag from /home/airflow/dags/feature_engineering_dag.py
[2026-04-27T03:10:23.086+0000] {processor.py:840} INFO - DAG(s) 'feature_engineering_pipeline' retrieved from /home/airflow/dags/feature_engineering_dag.py
[2026-04-27T03:10:23.108+0000] {logging_mixin.py:188} INFO - [2026-04-27T03:10:23.107+0000] {dag.py:3036} INFO - Sync 1 DAGs
[2026-04-27T03:10:23.125+0000] {logging_mixin.py:188} INFO - [2026-04-27T03:10:23.125+0000] {dag.py:3823} INFO - Setting next_dagrun for feature_engineering_pipeline to 2026-04-26 00:00:00+00:00, run_after=2026-05-03 00:00:00+00:00
[2026-04-27T03:10:23.148+0000] {processor.py:183} INFO - Processing /home/airflow/dags/feature_engineering_dag.py took 1.035 seconds
[2026-04-27T03:10:53.511+0000] {processor.py:161} INFO - Started process (PID=14614) to work on /home/airflow/dags/feature_engineering_dag.py
[2026-04-27T03:10:53.512+0000] {processor.py:830} INFO - Processing file /home/airflow/dags/feature_engineering_dag.py for tasks to queue
[2026-04-27T03:10:53.513+0000] {logging_mixin.py:188} INFO - [2026-04-27T03:10:53.513+0000] {dagbag.py:538} INFO - Filling up the DagBag from /home/airflow/dags/feature_engineering_dag.py
[2026-04-27T03:10:54.423+0000] {processor.py:840} INFO - DAG(s) 'feature_engineering_pipeline' retrieved from /home/airflow/dags/feature_engineering_dag.py
[2026-04-27T03:10:54.447+0000] {logging_mixin.py:188} INFO - [2026-04-27T03:10:54.446+0000] {dag.py:3036} INFO - Sync 1 DAGs
[2026-04-27T03:10:54.467+0000] {logging_mixin.py:188} INFO - [2026-04-27T03:10:54.467+0000] {dag.py:3823} INFO - Setting next_dagrun for feature_engineering_pipeline to 2026-04-26 00:00:00+00:00, run_after=2026-05-03 00:00:00+00:00
[2026-04-27T03:10:54.494+0000] {processor.py:183} INFO - Processing /home/airflow/dags/feature_engineering_dag.py took 0.987 seconds
[2026-04-27T03:11:24.887+0000] {processor.py:161} INFO - Started process (PID=14659) to work on /home/airflow/dags/feature_engineering_dag.py
[2026-04-27T03:11:24.889+0000] {processor.py:830} INFO - Processing file /home/airflow/dags/feature_engineering_dag.py for tasks to queue
[2026-04-27T03:11:24.890+0000] {logging_mixin.py:188} INFO - [2026-04-27T03:11:24.889+0000] {dagbag.py:538} INFO - Filling up the DagBag from /home/airflow/dags/feature_engineering_dag.py
[2026-04-27T03:11:25.726+0000] {processor.py:840} INFO - DAG(s) 'feature_engineering_pipeline' retrieved from /home/airflow/dags/feature_engineering_dag.py
[2026-04-27T03:11:25.750+0000] {logging_mixin.py:188} INFO - [2026-04-27T03:11:25.750+0000] {dag.py:3036} INFO - Sync 1 DAGs
[2026-04-27T03:11:25.770+0000] {logging_mixin.py:188} INFO - [2026-04-27T03:11:25.770+0000] {dag.py:3823} INFO - Setting next_dagrun for feature_engineering_pipeline to 2026-04-26 00:00:00+00:00, run_after=2026-05-03 00:00:00+00:00
[2026-04-27T03:11:25.792+0000] {processor.py:183} INFO - Processing /home/airflow/dags/feature_engineering_dag.py took 0.909 seconds
[2026-04-27T03:11:56.180+0000] {processor.py:161} INFO - Started process (PID=14704) to work on /home/airflow/dags/feature_engineering_dag.py
[2026-04-27T03:11:56.181+0000] {processor.py:830} INFO - Processing file /home/airflow/dags/feature_engineering_dag.py for tasks to queue
[2026-04-27T03:11:56.182+0000] {logging_mixin.py:188} INFO - [2026-04-27T03:11:56.182+0000] {dagbag.py:538} INFO - Filling up the DagBag from /home/airflow/dags/feature_engineering_dag.py
[2026-04-27T03:11:57.034+0000] {processor.py:840} INFO - DAG(s) 'feature_engineering_pipeline' retrieved from /home/airflow/dags/feature_engineering_dag.py
[2026-04-27T03:11:57.056+0000] {logging_mixin.py:188} INFO - [2026-04-27T03:11:57.056+0000] {dag.py:3036} INFO - Sync 1 DAGs
[2026-04-27T03:11:57.075+0000] {logging_mixin.py:188} INFO - [2026-04-27T03:11:57.075+0000] {dag.py:3823} INFO - Setting next_dagrun for feature_engineering_pipeline to 2026-04-26 00:00:00+00:00, run_after=2026-05-03 00:00:00+00:00
[2026-04-27T03:11:57.101+0000] {processor.py:183} INFO - Processing /home/airflow/dags/feature_engineering_dag.py took 0.925 seconds
[2026-04-27T03:12:27.676+0000] {processor.py:161} INFO - Started process (PID=14749) to work on /home/airflow/dags/feature_engineering_dag.py
[2026-04-27T03:12:27.677+0000] {processor.py:830} INFO - Processing file /home/airflow/dags/feature_engineering_dag.py for tasks to queue
[2026-04-27T03:12:27.678+0000] {logging_mixin.py:188} INFO - [2026-04-27T03:12:27.677+0000] {dagbag.py:538} INFO - Filling up the DagBag from /home/airflow/dags/feature_engineering_dag.py
[2026-04-27T03:12:28.556+0000] {processor.py:840} INFO - DAG(s) 'feature_engineering_pipeline' retrieved from /home/airflow/dags/feature_engineering_dag.py
[2026-04-27T03:12:28.580+0000] {logging_mixin.py:188} INFO - [2026-04-27T03:12:28.580+0000] {dag.py:3036} INFO - Sync 1 DAGs
[2026-04-27T03:12:28.599+0000] {logging_mixin.py:188} INFO - [2026-04-27T03:12:28.599+0000] {dag.py:3823} INFO - Setting next_dagrun for feature_engineering_pipeline to 2026-04-26 00:00:00+00:00, run_after=2026-05-03 00:00:00+00:00
[2026-04-27T03:12:28.624+0000] {processor.py:183} INFO - Processing /home/airflow/dags/feature_engineering_dag.py took 0.951 seconds
[2026-04-27T03:12:58.938+0000] {processor.py:161} INFO - Started process (PID=14794) to work on /home/airflow/dags/feature_engineering_dag.py
[2026-04-27T03:12:58.940+0000] {processor.py:830} INFO - Processing file /home/airflow/dags/feature_engineering_dag.py for tasks to queue
[2026-04-27T03:12:58.941+0000] {logging_mixin.py:188} INFO - [2026-04-27T03:12:58.940+0000] {dagbag.py:538} INFO - Filling up the DagBag from /home/airflow/dags/feature_engineering_dag.py
[2026-04-27T03:12:59.899+0000] {processor.py:840} INFO - DAG(s) 'feature_engineering_pipeline' retrieved from /home/airflow/dags/feature_engineering_dag.py
[2026-04-27T03:12:59.926+0000] {logging_mixin.py:188} INFO - [2026-04-27T03:12:59.925+0000] {dag.py:3036} INFO - Sync 1 DAGs
[2026-04-27T03:12:59.950+0000] {logging_mixin.py:188} INFO - [2026-04-27T03:12:59.949+0000] {dag.py:3823} INFO - Setting next_dagrun for feature_engineering_pipeline to 2026-04-26 00:00:00+00:00, run_after=2026-05-03 00:00:00+00:00
[2026-04-27T03:12:59.976+0000] {processor.py:183} INFO - Processing /home/airflow/dags/feature_engineering_dag.py took 1.041 seconds
[2026-04-27T03:13:30.404+0000] {processor.py:161} INFO - Started process (PID=14839) to work on /home/airflow/dags/feature_engineering_dag.py
[2026-04-27T03:13:30.405+0000] {processor.py:830} INFO - Processing file /home/airflow/dags/feature_engineering_dag.py for tasks to queue
[2026-04-27T03:13:30.407+0000] {logging_mixin.py:188} INFO - [2026-04-27T03:13:30.406+0000] {dagbag.py:538} INFO - Filling up the DagBag from /home/airflow/dags/feature_engineering_dag.py
[2026-04-27T03:13:31.289+0000] {processor.py:840} INFO - DAG(s) 'feature_engineering_pipeline' retrieved from /home/airflow/dags/feature_engineering_dag.py
[2026-04-27T03:13:31.312+0000] {logging_mixin.py:188} INFO - [2026-04-27T03:13:31.312+0000] {dag.py:3036} INFO - Sync 1 DAGs
[2026-04-27T03:13:31.334+0000] {logging_mixin.py:188} INFO - [2026-04-27T03:13:31.334+0000] {dag.py:3823} INFO - Setting next_dagrun for feature_engineering_pipeline to 2026-04-26 00:00:00+00:00, run_after=2026-05-03 00:00:00+00:00
[2026-04-27T03:13:31.362+0000] {processor.py:183} INFO - Processing /home/airflow/dags/feature_engineering_dag.py took 0.963 seconds
[2026-04-27T03:14:01.721+0000] {processor.py:161} INFO - Started process (PID=14884) to work on /home/airflow/dags/feature_engineering_dag.py
[2026-04-27T03:14:01.722+0000] {processor.py:830} INFO - Processing file /home/airflow/dags/feature_engineering_dag.py for tasks to queue
[2026-04-27T03:14:01.723+0000] {logging_mixin.py:188} INFO - [2026-04-27T03:14:01.722+0000] {dagbag.py:538} INFO - Filling up the DagBag from /home/airflow/dags/feature_engineering_dag.py
[2026-04-27T03:14:02.664+0000] {processor.py:840} INFO - DAG(s) 'feature_engineering_pipeline' retrieved from /home/airflow/dags/feature_engineering_dag.py
[2026-04-27T03:14:02.697+0000] {logging_mixin.py:188} INFO - [2026-04-27T03:14:02.697+0000] {dag.py:3036} INFO - Sync 1 DAGs
[2026-04-27T03:14:02.723+0000] {logging_mixin.py:188} INFO - [2026-04-27T03:14:02.722+0000] {dag.py:3823} INFO - Setting next_dagrun for feature_engineering_pipeline to 2026-04-26 00:00:00+00:00, run_after=2026-05-03 00:00:00+00:00
[2026-04-27T03:14:02.751+0000] {processor.py:183} INFO - Processing /home/airflow/dags/feature_engineering_dag.py took 1.037 seconds
[2026-04-27T03:14:33.129+0000] {processor.py:161} INFO - Started process (PID=14929) to work on /home/airflow/dags/feature_engineering_dag.py
[2026-04-27T03:14:33.130+0000] {processor.py:830} INFO - Processing file /home/airflow/dags/feature_engineering_dag.py for tasks to queue
[2026-04-27T03:14:33.131+0000] {logging_mixin.py:188} INFO - [2026-04-27T03:14:33.130+0000] {dagbag.py:538} INFO - Filling up the DagBag from /home/airflow/dags/feature_engineering_dag.py
[2026-04-27T03:14:34.100+0000] {processor.py:840} INFO - DAG(s) 'feature_engineering_pipeline' retrieved from /home/airflow/dags/feature_engineering_dag.py
[2026-04-27T03:14:34.125+0000] {logging_mixin.py:188} INFO - [2026-04-27T03:14:34.125+0000] {dag.py:3036} INFO - Sync 1 DAGs
[2026-04-27T03:14:34.147+0000] {logging_mixin.py:188} INFO - [2026-04-27T03:14:34.146+0000] {dag.py:3823} INFO - Setting next_dagrun for feature_engineering_pipeline to 2026-04-26 00:00:00+00:00, run_after=2026-05-03 00:00:00+00:00
[2026-04-27T03:14:34.173+0000] {processor.py:183} INFO - Processing /home/airflow/dags/feature_engineering_dag.py took 1.047 seconds
[2026-04-27T03:15:04.619+0000] {processor.py:161} INFO - Started process (PID=14974) to work on /home/airflow/dags/feature_engineering_dag.py
[2026-04-27T03:15:04.620+0000] {processor.py:830} INFO - Processing file /home/airflow/dags/feature_engineering_dag.py for tasks to queue
[2026-04-27T03:15:04.621+0000] {logging_mixin.py:188} INFO - [2026-04-27T03:15:04.620+0000] {dagbag.py:538} INFO - Filling up the DagBag from /home/airflow/dags/feature_engineering_dag.py
[2026-04-27T03:15:05.547+0000] {processor.py:840} INFO - DAG(s) 'feature_engineering_pipeline' retrieved from /home/airflow/dags/feature_engineering_dag.py
[2026-04-27T03:15:05.569+0000] {logging_mixin.py:188} INFO - [2026-04-27T03:15:05.569+0000] {dag.py:3036} INFO - Sync 1 DAGs
[2026-04-27T03:15:05.588+0000] {logging_mixin.py:188} INFO - [2026-04-27T03:15:05.587+0000] {dag.py:3823} INFO - Setting next_dagrun for feature_engineering_pipeline to 2026-04-26 00:00:00+00:00, run_after=2026-05-03 00:00:00+00:00
[2026-04-27T03:15:05.612+0000] {processor.py:183} INFO - Processing /home/airflow/dags/feature_engineering_dag.py took 0.996 seconds
[2026-04-27T03:15:36.008+0000] {processor.py:161} INFO - Started process (PID=15019) to work on /home/airflow/dags/feature_engineering_dag.py
[2026-04-27T03:15:36.010+0000] {processor.py:830} INFO - Processing file /home/airflow/dags/feature_engineering_dag.py for tasks to queue
[2026-04-27T03:15:36.011+0000] {logging_mixin.py:188} INFO - [2026-04-27T03:15:36.010+0000] {dagbag.py:538} INFO - Filling up the DagBag from /home/airflow/dags/feature_engineering_dag.py
[2026-04-27T03:15:36.963+0000] {processor.py:840} INFO - DAG(s) 'feature_engineering_pipeline' retrieved from /home/airflow/dags/feature_engineering_dag.py
[2026-04-27T03:15:36.986+0000] {logging_mixin.py:188} INFO - [2026-04-27T03:15:36.986+0000] {dag.py:3036} INFO - Sync 1 DAGs
[2026-04-27T03:15:37.009+0000] {logging_mixin.py:188} INFO - [2026-04-27T03:15:37.008+0000] {dag.py:3823} INFO - Setting next_dagrun for feature_engineering_pipeline to 2026-04-26 00:00:00+00:00, run_after=2026-05-03 00:00:00+00:00
[2026-04-27T03:15:37.031+0000] {processor.py:183} INFO - Processing /home/airflow/dags/feature_engineering_dag.py took 1.026 seconds
[2026-04-27T03:16:07.415+0000] {processor.py:161} INFO - Started process (PID=15064) to work on /home/airflow/dags/feature_engineering_dag.py
[2026-04-27T03:16:07.416+0000] {processor.py:830} INFO - Processing file /home/airflow/dags/feature_engineering_dag.py for tasks to queue
[2026-04-27T03:16:07.417+0000] {logging_mixin.py:188} INFO - [2026-04-27T03:16:07.417+0000] {dagbag.py:538} INFO - Filling up the DagBag from /home/airflow/dags/feature_engineering_dag.py
[2026-04-27T03:16:08.235+0000] {processor.py:840} INFO - DAG(s) 'feature_engineering_pipeline' retrieved from /home/airflow/dags/feature_engineering_dag.py
[2026-04-27T03:16:08.260+0000] {logging_mixin.py:188} INFO - [2026-04-27T03:16:08.259+0000] {dag.py:3036} INFO - Sync 1 DAGs
[2026-04-27T03:16:08.284+0000] {logging_mixin.py:188} INFO - [2026-04-27T03:16:08.283+0000] {dag.py:3823} INFO - Setting next_dagrun for feature_engineering_pipeline to 2026-04-26 00:00:00+00:00, run_after=2026-05-03 00:00:00+00:00
[2026-04-27T03:16:08.318+0000] {processor.py:183} INFO - Processing /home/airflow/dags/feature_engineering_dag.py took 0.907 seconds
[2026-04-27T03:16:39.220+0000] {processor.py:161} INFO - Started process (PID=15109) to work on /home/airflow/dags/feature_engineering_dag.py
[2026-04-27T03:16:39.221+0000] {processor.py:830} INFO - Processing file /home/airflow/dags/feature_engineering_dag.py for tasks to queue
[2026-04-27T03:16:39.222+0000] {logging_mixin.py:188} INFO - [2026-04-27T03:16:39.221+0000] {dagbag.py:538} INFO - Filling up the DagBag from /home/airflow/dags/feature_engineering_dag.py
[2026-04-27T03:16:40.168+0000] {processor.py:840} INFO - DAG(s) 'feature_engineering_pipeline' retrieved from /home/airflow/dags/feature_engineering_dag.py
[2026-04-27T03:16:40.194+0000] {logging_mixin.py:188} INFO - [2026-04-27T03:16:40.193+0000] {dag.py:3036} INFO - Sync 1 DAGs
[2026-04-27T03:16:40.226+0000] {logging_mixin.py:188} INFO - [2026-04-27T03:16:40.226+0000] {dag.py:3823} INFO - Setting next_dagrun for feature_engineering_pipeline to 2026-04-26 00:00:00+00:00, run_after=2026-05-03 00:00:00+00:00
[2026-04-27T03:16:40.258+0000] {processor.py:183} INFO - Processing /home/airflow/dags/feature_engineering_dag.py took 1.041 seconds
[2026-04-27T03:17:10.470+0000] {processor.py:161} INFO - Started process (PID=15154) to work on /home/airflow/dags/feature_engineering_dag.py
[2026-04-27T03:17:10.471+0000] {processor.py:830} INFO - Processing file /home/airflow/dags/feature_engineering_dag.py for tasks to queue
[2026-04-27T03:17:10.472+0000] {logging_mixin.py:188} INFO - [2026-04-27T03:17:10.472+0000] {dagbag.py:538} INFO - Filling up the DagBag from /home/airflow/dags/feature_engineering_dag.py
[2026-04-27T03:17:11.429+0000] {processor.py:840} INFO - DAG(s) 'feature_engineering_pipeline' retrieved from /home/airflow/dags/feature_engineering_dag.py
[2026-04-27T03:17:11.455+0000] {logging_mixin.py:188} INFO - [2026-04-27T03:17:11.454+0000] {dag.py:3036} INFO - Sync 1 DAGs
[2026-04-27T03:17:11.475+0000] {logging_mixin.py:188} INFO - [2026-04-27T03:17:11.474+0000] {dag.py:3823} INFO - Setting next_dagrun for feature_engineering_pipeline to 2026-04-26 00:00:00+00:00, run_after=2026-05-03 00:00:00+00:00
[2026-04-27T03:17:11.499+0000] {processor.py:183} INFO - Processing /home/airflow/dags/feature_engineering_dag.py took 1.033 seconds
[2026-04-27T03:17:41.877+0000] {processor.py:161} INFO - Started process (PID=15199) to work on /home/airflow/dags/feature_engineering_dag.py
[2026-04-27T03:17:41.878+0000] {processor.py:830} INFO - Processing file /home/airflow/dags/feature_engineering_dag.py for tasks to queue
[2026-04-27T03:17:41.879+0000] {logging_mixin.py:188} INFO - [2026-04-27T03:17:41.879+0000] {dagbag.py:538} INFO - Filling up the DagBag from /home/airflow/dags/feature_engineering_dag.py
[2026-04-27T03:17:42.898+0000] {processor.py:840} INFO - DAG(s) 'feature_engineering_pipeline' retrieved from /home/airflow/dags/feature_engineering_dag.py
[2026-04-27T03:17:42.921+0000] {logging_mixin.py:188} INFO - [2026-04-27T03:17:42.920+0000] {dag.py:3036} INFO - Sync 1 DAGs
[2026-04-27T03:17:42.939+0000] {logging_mixin.py:188} INFO - [2026-04-27T03:17:42.939+0000] {dag.py:3823} INFO - Setting next_dagrun for feature_engineering_pipeline to 2026-04-26 00:00:00+00:00, run_after=2026-05-03 00:00:00+00:00
[2026-04-27T03:17:42.965+0000] {processor.py:183} INFO - Processing /home/airflow/dags/feature_engineering_dag.py took 1.093 seconds
[2026-04-27T03:18:13.317+0000] {processor.py:161} INFO - Started process (PID=15244) to work on /home/airflow/dags/feature_engineering_dag.py
[2026-04-27T03:18:13.318+0000] {processor.py:830} INFO - Processing file /home/airflow/dags/feature_engineering_dag.py for tasks to queue
[2026-04-27T03:18:13.319+0000] {logging_mixin.py:188} INFO - [2026-04-27T03:18:13.319+0000] {dagbag.py:538} INFO - Filling up the DagBag from /home/airflow/dags/feature_engineering_dag.py
[2026-04-27T03:18:14.208+0000] {processor.py:840} INFO - DAG(s) 'feature_engineering_pipeline' retrieved from /home/airflow/dags/feature_engineering_dag.py
[2026-04-27T03:18:14.230+0000] {logging_mixin.py:188} INFO - [2026-04-27T03:18:14.230+0000] {dag.py:3036} INFO - Sync 1 DAGs
[2026-04-27T03:18:14.253+0000] {logging_mixin.py:188} INFO - [2026-04-27T03:18:14.252+0000] {dag.py:3823} INFO - Setting next_dagrun for feature_engineering_pipeline to 2026-04-26 00:00:00+00:00, run_after=2026-05-03 00:00:00+00:00
[2026-04-27T03:18:14.274+0000] {processor.py:183} INFO - Processing /home/airflow/dags/feature_engineering_dag.py took 0.960 seconds
[2026-04-27T03:18:44.537+0000] {processor.py:161} INFO - Started process (PID=15289) to work on /home/airflow/dags/feature_engineering_dag.py
[2026-04-27T03:18:44.538+0000] {processor.py:830} INFO - Processing file /home/airflow/dags/feature_engineering_dag.py for tasks to queue
[2026-04-27T03:18:44.539+0000] {logging_mixin.py:188} INFO - [2026-04-27T03:18:44.539+0000] {dagbag.py:538} INFO - Filling up the DagBag from /home/airflow/dags/feature_engineering_dag.py
[2026-04-27T03:18:45.653+0000] {processor.py:840} INFO - DAG(s) 'feature_engineering_pipeline' retrieved from /home/airflow/dags/feature_engineering_dag.py
[2026-04-27T03:18:45.678+0000] {logging_mixin.py:188} INFO - [2026-04-27T03:18:45.677+0000] {dag.py:3036} INFO - Sync 1 DAGs
[2026-04-27T03:18:45.698+0000] {logging_mixin.py:188} INFO - [2026-04-27T03:18:45.698+0000] {dag.py:3823} INFO - Setting next_dagrun for feature_engineering_pipeline to 2026-04-26 00:00:00+00:00, run_after=2026-05-03 00:00:00+00:00
[2026-04-27T03:18:45.723+0000] {processor.py:183} INFO - Processing /home/airflow/dags/feature_engineering_dag.py took 1.190 seconds
[2026-04-27T03:19:16.583+0000] {processor.py:161} INFO - Started process (PID=15334) to work on /home/airflow/dags/feature_engineering_dag.py
[2026-04-27T03:19:16.585+0000] {processor.py:830} INFO - Processing file /home/airflow/dags/feature_engineering_dag.py for tasks to queue
[2026-04-27T03:19:16.586+0000] {logging_mixin.py:188} INFO - [2026-04-27T03:19:16.586+0000] {dagbag.py:538} INFO - Filling up the DagBag from /home/airflow/dags/feature_engineering_dag.py
[2026-04-27T03:19:17.570+0000] {processor.py:840} INFO - DAG(s) 'feature_engineering_pipeline' retrieved from /home/airflow/dags/feature_engineering_dag.py
[2026-04-27T03:19:17.597+0000] {logging_mixin.py:188} INFO - [2026-04-27T03:19:17.596+0000] {dag.py:3036} INFO - Sync 1 DAGs
[2026-04-27T03:19:17.621+0000] {logging_mixin.py:188} INFO - [2026-04-27T03:19:17.621+0000] {dag.py:3823} INFO - Setting next_dagrun for feature_engineering_pipeline to 2026-04-26 00:00:00+00:00, run_after=2026-05-03 00:00:00+00:00
[2026-04-27T03:19:17.647+0000] {processor.py:183} INFO - Processing /home/airflow/dags/feature_engineering_dag.py took 1.067 seconds
[2026-04-27T03:19:48.012+0000] {processor.py:161} INFO - Started process (PID=15379) to work on /home/airflow/dags/feature_engineering_dag.py
[2026-04-27T03:19:48.012+0000] {processor.py:830} INFO - Processing file /home/airflow/dags/feature_engineering_dag.py for tasks to queue
[2026-04-27T03:19:48.014+0000] {logging_mixin.py:188} INFO - [2026-04-27T03:19:48.013+0000] {dagbag.py:538} INFO - Filling up the DagBag from /home/airflow/dags/feature_engineering_dag.py
[2026-04-27T03:19:48.890+0000] {processor.py:840} INFO - DAG(s) 'feature_engineering_pipeline' retrieved from /home/airflow/dags/feature_engineering_dag.py
[2026-04-27T03:19:48.914+0000] {logging_mixin.py:188} INFO - [2026-04-27T03:19:48.913+0000] {dag.py:3036} INFO - Sync 1 DAGs
[2026-04-27T03:19:48.932+0000] {logging_mixin.py:188} INFO - [2026-04-27T03:19:48.932+0000] {dag.py:3823} INFO - Setting next_dagrun for feature_engineering_pipeline to 2026-04-26 00:00:00+00:00, run_after=2026-05-03 00:00:00+00:00
[2026-04-27T03:19:48.953+0000] {processor.py:183} INFO - Processing /home/airflow/dags/feature_engineering_dag.py took 0.945 seconds
[2026-04-27T03:20:19.344+0000] {processor.py:161} INFO - Started process (PID=15424) to work on /home/airflow/dags/feature_engineering_dag.py
[2026-04-27T03:20:19.345+0000] {processor.py:830} INFO - Processing file /home/airflow/dags/feature_engineering_dag.py for tasks to queue
[2026-04-27T03:20:19.346+0000] {logging_mixin.py:188} INFO - [2026-04-27T03:20:19.346+0000] {dagbag.py:538} INFO - Filling up the DagBag from /home/airflow/dags/feature_engineering_dag.py
[2026-04-27T03:20:20.178+0000] {processor.py:840} INFO - DAG(s) 'feature_engineering_pipeline' retrieved from /home/airflow/dags/feature_engineering_dag.py
[2026-04-27T03:20:20.206+0000] {logging_mixin.py:188} INFO - [2026-04-27T03:20:20.205+0000] {dag.py:3036} INFO - Sync 1 DAGs
[2026-04-27T03:20:20.229+0000] {logging_mixin.py:188} INFO - [2026-04-27T03:20:20.228+0000] {dag.py:3823} INFO - Setting next_dagrun for feature_engineering_pipeline to 2026-04-26 00:00:00+00:00, run_after=2026-05-03 00:00:00+00:00
[2026-04-27T03:20:20.251+0000] {processor.py:183} INFO - Processing /home/airflow/dags/feature_engineering_dag.py took 0.909 seconds
[2026-04-27T03:20:50.598+0000] {processor.py:161} INFO - Started process (PID=15469) to work on /home/airflow/dags/feature_engineering_dag.py
[2026-04-27T03:20:50.599+0000] {processor.py:830} INFO - Processing file /home/airflow/dags/feature_engineering_dag.py for tasks to queue
[2026-04-27T03:20:50.601+0000] {logging_mixin.py:188} INFO - [2026-04-27T03:20:50.600+0000] {dagbag.py:538} INFO - Filling up the DagBag from /home/airflow/dags/feature_engineering_dag.py
[2026-04-27T03:20:51.576+0000] {processor.py:840} INFO - DAG(s) 'feature_engineering_pipeline' retrieved from /home/airflow/dags/feature_engineering_dag.py
[2026-04-27T03:20:51.596+0000] {logging_mixin.py:188} INFO - [2026-04-27T03:20:51.596+0000] {dag.py:3036} INFO - Sync 1 DAGs
[2026-04-27T03:20:51.615+0000] {logging_mixin.py:188} INFO - [2026-04-27T03:20:51.615+0000] {dag.py:3823} INFO - Setting next_dagrun for feature_engineering_pipeline to 2026-04-26 00:00:00+00:00, run_after=2026-05-03 00:00:00+00:00
[2026-04-27T03:20:51.640+0000] {processor.py:183} INFO - Processing /home/airflow/dags/feature_engineering_dag.py took 1.045 seconds
[2026-04-27T03:21:22.033+0000] {processor.py:161} INFO - Started process (PID=15514) to work on /home/airflow/dags/feature_engineering_dag.py
[2026-04-27T03:21:22.035+0000] {processor.py:830} INFO - Processing file /home/airflow/dags/feature_engineering_dag.py for tasks to queue
[2026-04-27T03:21:22.036+0000] {logging_mixin.py:188} INFO - [2026-04-27T03:21:22.035+0000] {dagbag.py:538} INFO - Filling up the DagBag from /home/airflow/dags/feature_engineering_dag.py
[2026-04-27T03:21:22.992+0000] {processor.py:840} INFO - DAG(s) 'feature_engineering_pipeline' retrieved from /home/airflow/dags/feature_engineering_dag.py
[2026-04-27T03:21:23.015+0000] {logging_mixin.py:188} INFO - [2026-04-27T03:21:23.015+0000] {dag.py:3036} INFO - Sync 1 DAGs
[2026-04-27T03:21:23.036+0000] {logging_mixin.py:188} INFO - [2026-04-27T03:21:23.036+0000] {dag.py:3823} INFO - Setting next_dagrun for feature_engineering_pipeline to 2026-04-26 00:00:00+00:00, run_after=2026-05-03 00:00:00+00:00
[2026-04-27T03:21:23.059+0000] {processor.py:183} INFO - Processing /home/airflow/dags/feature_engineering_dag.py took 1.029 seconds
[2026-04-27T03:21:53.458+0000] {processor.py:161} INFO - Started process (PID=15559) to work on /home/airflow/dags/feature_engineering_dag.py
[2026-04-27T03:21:53.459+0000] {processor.py:830} INFO - Processing file /home/airflow/dags/feature_engineering_dag.py for tasks to queue
[2026-04-27T03:21:53.460+0000] {logging_mixin.py:188} INFO - [2026-04-27T03:21:53.460+0000] {dagbag.py:538} INFO - Filling up the DagBag from /home/airflow/dags/feature_engineering_dag.py
[2026-04-27T03:21:54.286+0000] {processor.py:840} INFO - DAG(s) 'feature_engineering_pipeline' retrieved from /home/airflow/dags/feature_engineering_dag.py
[2026-04-27T03:21:54.309+0000] {logging_mixin.py:188} INFO - [2026-04-27T03:21:54.309+0000] {dag.py:3036} INFO - Sync 1 DAGs
[2026-04-27T03:21:54.330+0000] {logging_mixin.py:188} INFO - [2026-04-27T03:21:54.329+0000] {dag.py:3823} INFO - Setting next_dagrun for feature_engineering_pipeline to 2026-04-26 00:00:00+00:00, run_after=2026-05-03 00:00:00+00:00
[2026-04-27T03:21:54.355+0000] {processor.py:183} INFO - Processing /home/airflow/dags/feature_engineering_dag.py took 0.899 seconds
[2026-04-27T03:22:24.802+0000] {processor.py:161} INFO - Started process (PID=15604) to work on /home/airflow/dags/feature_engineering_dag.py
[2026-04-27T03:22:24.803+0000] {processor.py:830} INFO - Processing file /home/airflow/dags/feature_engineering_dag.py for tasks to queue
[2026-04-27T03:22:24.805+0000] {logging_mixin.py:188} INFO - [2026-04-27T03:22:24.804+0000] {dagbag.py:538} INFO - Filling up the DagBag from /home/airflow/dags/feature_engineering_dag.py
[2026-04-27T03:22:25.706+0000] {processor.py:840} INFO - DAG(s) 'feature_engineering_pipeline' retrieved from /home/airflow/dags/feature_engineering_dag.py
[2026-04-27T03:22:25.728+0000] {logging_mixin.py:188} INFO - [2026-04-27T03:22:25.728+0000] {dag.py:3036} INFO - Sync 1 DAGs
[2026-04-27T03:22:25.750+0000] {logging_mixin.py:188} INFO - [2026-04-27T03:22:25.749+0000] {dag.py:3823} INFO - Setting next_dagrun for feature_engineering_pipeline to 2026-04-26 00:00:00+00:00, run_after=2026-05-03 00:00:00+00:00
[2026-04-27T03:22:25.771+0000] {processor.py:183} INFO - Processing /home/airflow/dags/feature_engineering_dag.py took 0.973 seconds
[2026-04-27T03:22:56.163+0000] {processor.py:161} INFO - Started process (PID=15649) to work on /home/airflow/dags/feature_engineering_dag.py
[2026-04-27T03:22:56.165+0000] {processor.py:830} INFO - Processing file /home/airflow/dags/feature_engineering_dag.py for tasks to queue
[2026-04-27T03:22:56.166+0000] {logging_mixin.py:188} INFO - [2026-04-27T03:22:56.165+0000] {dagbag.py:538} INFO - Filling up the DagBag from /home/airflow/dags/feature_engineering_dag.py
[2026-04-27T03:22:57.141+0000] {processor.py:840} INFO - DAG(s) 'feature_engineering_pipeline' retrieved from /home/airflow/dags/feature_engineering_dag.py
[2026-04-27T03:22:57.162+0000] {logging_mixin.py:188} INFO - [2026-04-27T03:22:57.161+0000] {dag.py:3036} INFO - Sync 1 DAGs
[2026-04-27T03:22:57.181+0000] {logging_mixin.py:188} INFO - [2026-04-27T03:22:57.181+0000] {dag.py:3823} INFO - Setting next_dagrun for feature_engineering_pipeline to 2026-04-26 00:00:00+00:00, run_after=2026-05-03 00:00:00+00:00
[2026-04-27T03:22:57.201+0000] {processor.py:183} INFO - Processing /home/airflow/dags/feature_engineering_dag.py took 1.041 seconds
[2026-04-27T03:23:27.585+0000] {processor.py:161} INFO - Started process (PID=15694) to work on /home/airflow/dags/feature_engineering_dag.py
[2026-04-27T03:23:27.587+0000] {processor.py:830} INFO - Processing file /home/airflow/dags/feature_engineering_dag.py for tasks to queue
[2026-04-27T03:23:27.588+0000] {logging_mixin.py:188} INFO - [2026-04-27T03:23:27.588+0000] {dagbag.py:538} INFO - Filling up the DagBag from /home/airflow/dags/feature_engineering_dag.py
[2026-04-27T03:23:28.586+0000] {processor.py:840} INFO - DAG(s) 'feature_engineering_pipeline' retrieved from /home/airflow/dags/feature_engineering_dag.py
[2026-04-27T03:23:28.745+0000] {logging_mixin.py:188} INFO - [2026-04-27T03:23:28.744+0000] {dag.py:3036} INFO - Sync 1 DAGs
[2026-04-27T03:23:28.763+0000] {logging_mixin.py:188} INFO - [2026-04-27T03:23:28.763+0000] {dag.py:3823} INFO - Setting next_dagrun for feature_engineering_pipeline to 2026-04-26 00:00:00+00:00, run_after=2026-05-03 00:00:00+00:00
[2026-04-27T03:23:28.782+0000] {processor.py:183} INFO - Processing /home/airflow/dags/feature_engineering_dag.py took 1.201 seconds
[2026-04-27T03:23:59.293+0000] {processor.py:161} INFO - Started process (PID=15739) to work on /home/airflow/dags/feature_engineering_dag.py
[2026-04-27T03:23:59.294+0000] {processor.py:830} INFO - Processing file /home/airflow/dags/feature_engineering_dag.py for tasks to queue
[2026-04-27T03:23:59.295+0000] {logging_mixin.py:188} INFO - [2026-04-27T03:23:59.295+0000] {dagbag.py:538} INFO - Filling up the DagBag from /home/airflow/dags/feature_engineering_dag.py
[2026-04-27T03:24:00.365+0000] {processor.py:840} INFO - DAG(s) 'feature_engineering_pipeline' retrieved from /home/airflow/dags/feature_engineering_dag.py
[2026-04-27T03:24:00.391+0000] {logging_mixin.py:188} INFO - [2026-04-27T03:24:00.390+0000] {dag.py:3036} INFO - Sync 1 DAGs
[2026-04-27T03:24:00.415+0000] {logging_mixin.py:188} INFO - [2026-04-27T03:24:00.414+0000] {dag.py:3823} INFO - Setting next_dagrun for feature_engineering_pipeline to 2026-04-26 00:00:00+00:00, run_after=2026-05-03 00:00:00+00:00
[2026-04-27T03:24:00.442+0000] {processor.py:183} INFO - Processing /home/airflow/dags/feature_engineering_dag.py took 1.154 seconds
[2026-04-27T03:24:30.832+0000] {processor.py:161} INFO - Started process (PID=15784) to work on /home/airflow/dags/feature_engineering_dag.py
[2026-04-27T03:24:30.833+0000] {processor.py:830} INFO - Processing file /home/airflow/dags/feature_engineering_dag.py for tasks to queue
[2026-04-27T03:24:30.835+0000] {logging_mixin.py:188} INFO - [2026-04-27T03:24:30.834+0000] {dagbag.py:538} INFO - Filling up the DagBag from /home/airflow/dags/feature_engineering_dag.py
[2026-04-27T03:24:31.791+0000] {processor.py:840} INFO - DAG(s) 'feature_engineering_pipeline' retrieved from /home/airflow/dags/feature_engineering_dag.py
[2026-04-27T03:24:31.818+0000] {logging_mixin.py:188} INFO - [2026-04-27T03:24:31.818+0000] {dag.py:3036} INFO - Sync 1 DAGs
[2026-04-27T03:24:31.841+0000] {logging_mixin.py:188} INFO - [2026-04-27T03:24:31.840+0000] {dag.py:3823} INFO - Setting next_dagrun for feature_engineering_pipeline to 2026-04-26 00:00:00+00:00, run_after=2026-05-03 00:00:00+00:00
[2026-04-27T03:24:31.861+0000] {processor.py:183} INFO - Processing /home/airflow/dags/feature_engineering_dag.py took 1.033 seconds
[2026-04-27T03:25:02.149+0000] {processor.py:161} INFO - Started process (PID=15829) to work on /home/airflow/dags/feature_engineering_dag.py
[2026-04-27T03:25:02.150+0000] {processor.py:830} INFO - Processing file /home/airflow/dags/feature_engineering_dag.py for tasks to queue
[2026-04-27T03:25:02.151+0000] {logging_mixin.py:188} INFO - [2026-04-27T03:25:02.151+0000] {dagbag.py:538} INFO - Filling up the DagBag from /home/airflow/dags/feature_engineering_dag.py
[2026-04-27T03:25:03.129+0000] {processor.py:840} INFO - DAG(s) 'feature_engineering_pipeline' retrieved from /home/airflow/dags/feature_engineering_dag.py
[2026-04-27T03:25:03.152+0000] {logging_mixin.py:188} INFO - [2026-04-27T03:25:03.151+0000] {dag.py:3036} INFO - Sync 1 DAGs
[2026-04-27T03:25:03.170+0000] {logging_mixin.py:188} INFO - [2026-04-27T03:25:03.170+0000] {dag.py:3823} INFO - Setting next_dagrun for feature_engineering_pipeline to 2026-04-26 00:00:00+00:00, run_after=2026-05-03 00:00:00+00:00
[2026-04-27T03:25:03.188+0000] {processor.py:183} INFO - Processing /home/airflow/dags/feature_engineering_dag.py took 1.044 seconds
[2026-04-27T03:25:33.589+0000] {processor.py:161} INFO - Started process (PID=15874) to work on /home/airflow/dags/feature_engineering_dag.py
[2026-04-27T03:25:33.590+0000] {processor.py:830} INFO - Processing file /home/airflow/dags/feature_engineering_dag.py for tasks to queue
[2026-04-27T03:25:33.591+0000] {logging_mixin.py:188} INFO - [2026-04-27T03:25:33.590+0000] {dagbag.py:538} INFO - Filling up the DagBag from /home/airflow/dags/feature_engineering_dag.py
[2026-04-27T03:25:34.452+0000] {processor.py:840} INFO - DAG(s) 'feature_engineering_pipeline' retrieved from /home/airflow/dags/feature_engineering_dag.py
[2026-04-27T03:25:34.475+0000] {logging_mixin.py:188} INFO - [2026-04-27T03:25:34.475+0000] {dag.py:3036} INFO - Sync 1 DAGs
[2026-04-27T03:25:34.499+0000] {logging_mixin.py:188} INFO - [2026-04-27T03:25:34.499+0000] {dag.py:3823} INFO - Setting next_dagrun for feature_engineering_pipeline to 2026-04-26 00:00:00+00:00, run_after=2026-05-03 00:00:00+00:00
[2026-04-27T03:25:34.527+0000] {processor.py:183} INFO - Processing /home/airflow/dags/feature_engineering_dag.py took 0.941 seconds
[2026-04-27T03:26:05.276+0000] {processor.py:161} INFO - Started process (PID=15919) to work on /home/airflow/dags/feature_engineering_dag.py
[2026-04-27T03:26:05.278+0000] {processor.py:830} INFO - Processing file /home/airflow/dags/feature_engineering_dag.py for tasks to queue
[2026-04-27T03:26:05.279+0000] {logging_mixin.py:188} INFO - [2026-04-27T03:26:05.278+0000] {dagbag.py:538} INFO - Filling up the DagBag from /home/airflow/dags/feature_engineering_dag.py
[2026-04-27T03:26:06.145+0000] {processor.py:840} INFO - DAG(s) 'feature_engineering_pipeline' retrieved from /home/airflow/dags/feature_engineering_dag.py
[2026-04-27T03:26:06.173+0000] {logging_mixin.py:188} INFO - [2026-04-27T03:26:06.172+0000] {dag.py:3036} INFO - Sync 1 DAGs
[2026-04-27T03:26:06.196+0000] {logging_mixin.py:188} INFO - [2026-04-27T03:26:06.196+0000] {dag.py:3823} INFO - Setting next_dagrun for feature_engineering_pipeline to 2026-04-26 00:00:00+00:00, run_after=2026-05-03 00:00:00+00:00
[2026-04-27T03:26:06.226+0000] {processor.py:183} INFO - Processing /home/airflow/dags/feature_engineering_dag.py took 0.953 seconds
[2026-04-27T03:26:36.620+0000] {processor.py:161} INFO - Started process (PID=15964) to work on /home/airflow/dags/feature_engineering_dag.py
[2026-04-27T03:26:36.621+0000] {processor.py:830} INFO - Processing file /home/airflow/dags/feature_engineering_dag.py for tasks to queue
[2026-04-27T03:26:36.623+0000] {logging_mixin.py:188} INFO - [2026-04-27T03:26:36.622+0000] {dagbag.py:538} INFO - Filling up the DagBag from /home/airflow/dags/feature_engineering_dag.py
[2026-04-27T03:26:37.564+0000] {processor.py:840} INFO - DAG(s) 'feature_engineering_pipeline' retrieved from /home/airflow/dags/feature_engineering_dag.py
[2026-04-27T03:26:37.590+0000] {logging_mixin.py:188} INFO - [2026-04-27T03:26:37.589+0000] {dag.py:3036} INFO - Sync 1 DAGs
[2026-04-27T03:26:37.609+0000] {logging_mixin.py:188} INFO - [2026-04-27T03:26:37.609+0000] {dag.py:3823} INFO - Setting next_dagrun for feature_engineering_pipeline to 2026-04-26 00:00:00+00:00, run_after=2026-05-03 00:00:00+00:00
[2026-04-27T03:26:37.635+0000] {processor.py:183} INFO - Processing /home/airflow/dags/feature_engineering_dag.py took 1.019 seconds
[2026-04-27T03:27:07.974+0000] {processor.py:161} INFO - Started process (PID=16009) to work on /home/airflow/dags/feature_engineering_dag.py
[2026-04-27T03:27:07.976+0000] {processor.py:830} INFO - Processing file /home/airflow/dags/feature_engineering_dag.py for tasks to queue
[2026-04-27T03:27:07.977+0000] {logging_mixin.py:188} INFO - [2026-04-27T03:27:07.977+0000] {dagbag.py:538} INFO - Filling up the DagBag from /home/airflow/dags/feature_engineering_dag.py
[2026-04-27T03:27:08.948+0000] {processor.py:840} INFO - DAG(s) 'feature_engineering_pipeline' retrieved from /home/airflow/dags/feature_engineering_dag.py
[2026-04-27T03:27:08.970+0000] {logging_mixin.py:188} INFO - [2026-04-27T03:27:08.970+0000] {dag.py:3036} INFO - Sync 1 DAGs
[2026-04-27T03:27:08.994+0000] {logging_mixin.py:188} INFO - [2026-04-27T03:27:08.993+0000] {dag.py:3823} INFO - Setting next_dagrun for feature_engineering_pipeline to 2026-04-26 00:00:00+00:00, run_after=2026-05-03 00:00:00+00:00
[2026-04-27T03:27:09.027+0000] {processor.py:183} INFO - Processing /home/airflow/dags/feature_engineering_dag.py took 1.058 seconds
[2026-04-27T03:27:39.431+0000] {processor.py:161} INFO - Started process (PID=16054) to work on /home/airflow/dags/feature_engineering_dag.py
[2026-04-27T03:27:39.432+0000] {processor.py:830} INFO - Processing file /home/airflow/dags/feature_engineering_dag.py for tasks to queue
[2026-04-27T03:27:39.433+0000] {logging_mixin.py:188} INFO - [2026-04-27T03:27:39.433+0000] {dagbag.py:538} INFO - Filling up the DagBag from /home/airflow/dags/feature_engineering_dag.py
[2026-04-27T03:27:40.294+0000] {processor.py:840} INFO - DAG(s) 'feature_engineering_pipeline' retrieved from /home/airflow/dags/feature_engineering_dag.py
[2026-04-27T03:27:40.317+0000] {logging_mixin.py:188} INFO - [2026-04-27T03:27:40.317+0000] {dag.py:3036} INFO - Sync 1 DAGs
[2026-04-27T03:27:40.337+0000] {logging_mixin.py:188} INFO - [2026-04-27T03:27:40.337+0000] {dag.py:3823} INFO - Setting next_dagrun for feature_engineering_pipeline to 2026-04-26 00:00:00+00:00, run_after=2026-05-03 00:00:00+00:00
[2026-04-27T03:27:40.362+0000] {processor.py:183} INFO - Processing /home/airflow/dags/feature_engineering_dag.py took 0.934 seconds
[2026-04-27T03:28:10.665+0000] {processor.py:161} INFO - Started process (PID=16099) to work on /home/airflow/dags/feature_engineering_dag.py
[2026-04-27T03:28:10.667+0000] {processor.py:830} INFO - Processing file /home/airflow/dags/feature_engineering_dag.py for tasks to queue
[2026-04-27T03:28:10.668+0000] {logging_mixin.py:188} INFO - [2026-04-27T03:28:10.668+0000] {dagbag.py:538} INFO - Filling up the DagBag from /home/airflow/dags/feature_engineering_dag.py
[2026-04-27T03:28:11.806+0000] {processor.py:840} INFO - DAG(s) 'feature_engineering_pipeline' retrieved from /home/airflow/dags/feature_engineering_dag.py
[2026-04-27T03:28:11.830+0000] {logging_mixin.py:188} INFO - [2026-04-27T03:28:11.829+0000] {dag.py:3036} INFO - Sync 1 DAGs
[2026-04-27T03:28:11.854+0000] {logging_mixin.py:188} INFO - [2026-04-27T03:28:11.854+0000] {dag.py:3823} INFO - Setting next_dagrun for feature_engineering_pipeline to 2026-04-26 00:00:00+00:00, run_after=2026-05-03 00:00:00+00:00
[2026-04-27T03:28:11.874+0000] {processor.py:183} INFO - Processing /home/airflow/dags/feature_engineering_dag.py took 1.212 seconds
[2026-04-27T03:28:42.141+0000] {processor.py:161} INFO - Started process (PID=16144) to work on /home/airflow/dags/feature_engineering_dag.py
[2026-04-27T03:28:42.142+0000] {processor.py:830} INFO - Processing file /home/airflow/dags/feature_engineering_dag.py for tasks to queue
[2026-04-27T03:28:42.143+0000] {logging_mixin.py:188} INFO - [2026-04-27T03:28:42.143+0000] {dagbag.py:538} INFO - Filling up the DagBag from /home/airflow/dags/feature_engineering_dag.py
[2026-04-27T03:28:43.163+0000] {processor.py:840} INFO - DAG(s) 'feature_engineering_pipeline' retrieved from /home/airflow/dags/feature_engineering_dag.py
[2026-04-27T03:28:43.193+0000] {logging_mixin.py:188} INFO - [2026-04-27T03:28:43.193+0000] {dag.py:3036} INFO - Sync 1 DAGs
[2026-04-27T03:28:43.220+0000] {logging_mixin.py:188} INFO - [2026-04-27T03:28:43.220+0000] {dag.py:3823} INFO - Setting next_dagrun for feature_engineering_pipeline to 2026-04-26 00:00:00+00:00, run_after=2026-05-03 00:00:00+00:00
[2026-04-27T03:28:43.248+0000] {processor.py:183} INFO - Processing /home/airflow/dags/feature_engineering_dag.py took 1.110 seconds
[2026-04-27T03:29:13.652+0000] {processor.py:161} INFO - Started process (PID=16189) to work on /home/airflow/dags/feature_engineering_dag.py
[2026-04-27T03:29:13.653+0000] {processor.py:830} INFO - Processing file /home/airflow/dags/feature_engineering_dag.py for tasks to queue
[2026-04-27T03:29:13.654+0000] {logging_mixin.py:188} INFO - [2026-04-27T03:29:13.654+0000] {dagbag.py:538} INFO - Filling up the DagBag from /home/airflow/dags/feature_engineering_dag.py
[2026-04-27T03:29:14.495+0000] {processor.py:840} INFO - DAG(s) 'feature_engineering_pipeline' retrieved from /home/airflow/dags/feature_engineering_dag.py
[2026-04-27T03:29:14.520+0000] {logging_mixin.py:188} INFO - [2026-04-27T03:29:14.519+0000] {dag.py:3036} INFO - Sync 1 DAGs
[2026-04-27T03:29:14.540+0000] {logging_mixin.py:188} INFO - [2026-04-27T03:29:14.539+0000] {dag.py:3823} INFO - Setting next_dagrun for feature_engineering_pipeline to 2026-04-26 00:00:00+00:00, run_after=2026-05-03 00:00:00+00:00
[2026-04-27T03:29:14.562+0000] {processor.py:183} INFO - Processing /home/airflow/dags/feature_engineering_dag.py took 0.914 seconds
[2026-04-27T03:29:44.869+0000] {processor.py:161} INFO - Started process (PID=16234) to work on /home/airflow/dags/feature_engineering_dag.py
[2026-04-27T03:29:44.871+0000] {processor.py:830} INFO - Processing file /home/airflow/dags/feature_engineering_dag.py for tasks to queue
[2026-04-27T03:29:44.872+0000] {logging_mixin.py:188} INFO - [2026-04-27T03:29:44.872+0000] {dagbag.py:538} INFO - Filling up the DagBag from /home/airflow/dags/feature_engineering_dag.py
[2026-04-27T03:29:45.769+0000] {processor.py:840} INFO - DAG(s) 'feature_engineering_pipeline' retrieved from /home/airflow/dags/feature_engineering_dag.py
[2026-04-27T03:29:45.794+0000] {logging_mixin.py:188} INFO - [2026-04-27T03:29:45.793+0000] {dag.py:3036} INFO - Sync 1 DAGs
[2026-04-27T03:29:45.812+0000] {logging_mixin.py:188} INFO - [2026-04-27T03:29:45.812+0000] {dag.py:3823} INFO - Setting next_dagrun for feature_engineering_pipeline to 2026-04-26 00:00:00+00:00, run_after=2026-05-03 00:00:00+00:00
[2026-04-27T03:29:45.836+0000] {processor.py:183} INFO - Processing /home/airflow/dags/feature_engineering_dag.py took 0.971 seconds
[2026-04-27T03:30:16.141+0000] {processor.py:161} INFO - Started process (PID=16279) to work on /home/airflow/dags/feature_engineering_dag.py
[2026-04-27T03:30:16.142+0000] {processor.py:830} INFO - Processing file /home/airflow/dags/feature_engineering_dag.py for tasks to queue
[2026-04-27T03:30:16.143+0000] {logging_mixin.py:188} INFO - [2026-04-27T03:30:16.142+0000] {dagbag.py:538} INFO - Filling up the DagBag from /home/airflow/dags/feature_engineering_dag.py
[2026-04-27T03:30:17.185+0000] {processor.py:840} INFO - DAG(s) 'feature_engineering_pipeline' retrieved from /home/airflow/dags/feature_engineering_dag.py
[2026-04-27T03:30:17.229+0000] {logging_mixin.py:188} INFO - [2026-04-27T03:30:17.228+0000] {dag.py:3036} INFO - Sync 1 DAGs
[2026-04-27T03:30:17.269+0000] {logging_mixin.py:188} INFO - [2026-04-27T03:30:17.269+0000] {dag.py:3823} INFO - Setting next_dagrun for feature_engineering_pipeline to 2026-04-26 00:00:00+00:00, run_after=2026-05-03 00:00:00+00:00
[2026-04-27T03:30:17.316+0000] {processor.py:183} INFO - Processing /home/airflow/dags/feature_engineering_dag.py took 1.179 seconds
[2026-04-27T03:30:47.704+0000] {processor.py:161} INFO - Started process (PID=16324) to work on /home/airflow/dags/feature_engineering_dag.py
[2026-04-27T03:30:47.704+0000] {processor.py:830} INFO - Processing file /home/airflow/dags/feature_engineering_dag.py for tasks to queue
[2026-04-27T03:30:47.706+0000] {logging_mixin.py:188} INFO - [2026-04-27T03:30:47.705+0000] {dagbag.py:538} INFO - Filling up the DagBag from /home/airflow/dags/feature_engineering_dag.py
[2026-04-27T03:30:48.585+0000] {processor.py:840} INFO - DAG(s) 'feature_engineering_pipeline' retrieved from /home/airflow/dags/feature_engineering_dag.py
[2026-04-27T03:30:48.607+0000] {logging_mixin.py:188} INFO - [2026-04-27T03:30:48.606+0000] {dag.py:3036} INFO - Sync 1 DAGs
[2026-04-27T03:30:48.625+0000] {logging_mixin.py:188} INFO - [2026-04-27T03:30:48.625+0000] {dag.py:3823} INFO - Setting next_dagrun for feature_engineering_pipeline to 2026-04-26 00:00:00+00:00, run_after=2026-05-03 00:00:00+00:00
[2026-04-27T03:30:48.649+0000] {processor.py:183} INFO - Processing /home/airflow/dags/feature_engineering_dag.py took 0.949 seconds
[2026-04-27T03:31:19.009+0000] {processor.py:161} INFO - Started process (PID=16369) to work on /home/airflow/dags/feature_engineering_dag.py
[2026-04-27T03:31:19.010+0000] {processor.py:830} INFO - Processing file /home/airflow/dags/feature_engineering_dag.py for tasks to queue
[2026-04-27T03:31:19.011+0000] {logging_mixin.py:188} INFO - [2026-04-27T03:31:19.011+0000] {dagbag.py:538} INFO - Filling up the DagBag from /home/airflow/dags/feature_engineering_dag.py
[2026-04-27T03:31:20.020+0000] {processor.py:840} INFO - DAG(s) 'feature_engineering_pipeline' retrieved from /home/airflow/dags/feature_engineering_dag.py
[2026-04-27T03:31:20.044+0000] {logging_mixin.py:188} INFO - [2026-04-27T03:31:20.044+0000] {dag.py:3036} INFO - Sync 1 DAGs
[2026-04-27T03:31:20.067+0000] {logging_mixin.py:188} INFO - [2026-04-27T03:31:20.066+0000] {dag.py:3823} INFO - Setting next_dagrun for feature_engineering_pipeline to 2026-04-26 00:00:00+00:00, run_after=2026-05-03 00:00:00+00:00
[2026-04-27T03:31:20.093+0000] {processor.py:183} INFO - Processing /home/airflow/dags/feature_engineering_dag.py took 1.087 seconds
[2026-04-27T03:31:50.494+0000] {processor.py:161} INFO - Started process (PID=16414) to work on /home/airflow/dags/feature_engineering_dag.py
[2026-04-27T03:31:50.496+0000] {processor.py:830} INFO - Processing file /home/airflow/dags/feature_engineering_dag.py for tasks to queue
[2026-04-27T03:31:50.498+0000] {logging_mixin.py:188} INFO - [2026-04-27T03:31:50.497+0000] {dagbag.py:538} INFO - Filling up the DagBag from /home/airflow/dags/feature_engineering_dag.py
[2026-04-27T03:31:51.742+0000] {processor.py:840} INFO - DAG(s) 'feature_engineering_pipeline' retrieved from /home/airflow/dags/feature_engineering_dag.py
[2026-04-27T03:31:51.766+0000] {logging_mixin.py:188} INFO - [2026-04-27T03:31:51.766+0000] {dag.py:3036} INFO - Sync 1 DAGs
[2026-04-27T03:31:51.790+0000] {logging_mixin.py:188} INFO - [2026-04-27T03:31:51.790+0000] {dag.py:3823} INFO - Setting next_dagrun for feature_engineering_pipeline to 2026-04-26 00:00:00+00:00, run_after=2026-05-03 00:00:00+00:00
[2026-04-27T03:31:51.817+0000] {processor.py:183} INFO - Processing /home/airflow/dags/feature_engineering_dag.py took 1.327 seconds
[2026-04-27T03:32:22.191+0000] {processor.py:161} INFO - Started process (PID=16459) to work on /home/airflow/dags/feature_engineering_dag.py
[2026-04-27T03:32:22.192+0000] {processor.py:830} INFO - Processing file /home/airflow/dags/feature_engineering_dag.py for tasks to queue
[2026-04-27T03:32:22.193+0000] {logging_mixin.py:188} INFO - [2026-04-27T03:32:22.193+0000] {dagbag.py:538} INFO - Filling up the DagBag from /home/airflow/dags/feature_engineering_dag.py
[2026-04-27T03:32:23.033+0000] {processor.py:840} INFO - DAG(s) 'feature_engineering_pipeline' retrieved from /home/airflow/dags/feature_engineering_dag.py
[2026-04-27T03:32:23.056+0000] {logging_mixin.py:188} INFO - [2026-04-27T03:32:23.055+0000] {dag.py:3036} INFO - Sync 1 DAGs
[2026-04-27T03:32:23.076+0000] {logging_mixin.py:188} INFO - [2026-04-27T03:32:23.075+0000] {dag.py:3823} INFO - Setting next_dagrun for feature_engineering_pipeline to 2026-04-26 00:00:00+00:00, run_after=2026-05-03 00:00:00+00:00
[2026-04-27T03:32:23.107+0000] {processor.py:183} INFO - Processing /home/airflow/dags/feature_engineering_dag.py took 0.919 seconds
[2026-04-27T03:32:53.362+0000] {processor.py:161} INFO - Started process (PID=16504) to work on /home/airflow/dags/feature_engineering_dag.py
[2026-04-27T03:32:53.363+0000] {processor.py:830} INFO - Processing file /home/airflow/dags/feature_engineering_dag.py for tasks to queue
[2026-04-27T03:32:53.364+0000] {logging_mixin.py:188} INFO - [2026-04-27T03:32:53.364+0000] {dagbag.py:538} INFO - Filling up the DagBag from /home/airflow/dags/feature_engineering_dag.py
[2026-04-27T03:32:54.214+0000] {processor.py:840} INFO - DAG(s) 'feature_engineering_pipeline' retrieved from /home/airflow/dags/feature_engineering_dag.py
[2026-04-27T03:32:54.236+0000] {logging_mixin.py:188} INFO - [2026-04-27T03:32:54.236+0000] {dag.py:3036} INFO - Sync 1 DAGs
[2026-04-27T03:32:54.254+0000] {logging_mixin.py:188} INFO - [2026-04-27T03:32:54.254+0000] {dag.py:3823} INFO - Setting next_dagrun for feature_engineering_pipeline to 2026-04-26 00:00:00+00:00, run_after=2026-05-03 00:00:00+00:00
[2026-04-27T03:32:54.280+0000] {processor.py:183} INFO - Processing /home/airflow/dags/feature_engineering_dag.py took 0.921 seconds
[2026-04-27T03:33:24.656+0000] {processor.py:161} INFO - Started process (PID=16549) to work on /home/airflow/dags/feature_engineering_dag.py
[2026-04-27T03:33:24.657+0000] {processor.py:830} INFO - Processing file /home/airflow/dags/feature_engineering_dag.py for tasks to queue
[2026-04-27T03:33:24.658+0000] {logging_mixin.py:188} INFO - [2026-04-27T03:33:24.658+0000] {dagbag.py:538} INFO - Filling up the DagBag from /home/airflow/dags/feature_engineering_dag.py
[2026-04-27T03:33:25.533+0000] {processor.py:840} INFO - DAG(s) 'feature_engineering_pipeline' retrieved from /home/airflow/dags/feature_engineering_dag.py
[2026-04-27T03:33:25.557+0000] {logging_mixin.py:188} INFO - [2026-04-27T03:33:25.556+0000] {dag.py:3036} INFO - Sync 1 DAGs
[2026-04-27T03:33:25.581+0000] {logging_mixin.py:188} INFO - [2026-04-27T03:33:25.581+0000] {dag.py:3823} INFO - Setting next_dagrun for feature_engineering_pipeline to 2026-04-26 00:00:00+00:00, run_after=2026-05-03 00:00:00+00:00
[2026-04-27T03:33:25.603+0000] {processor.py:183} INFO - Processing /home/airflow/dags/feature_engineering_dag.py took 0.951 seconds
[2026-04-27T03:33:56.126+0000] {processor.py:161} INFO - Started process (PID=16594) to work on /home/airflow/dags/feature_engineering_dag.py
[2026-04-27T03:33:56.135+0000] {processor.py:830} INFO - Processing file /home/airflow/dags/feature_engineering_dag.py for tasks to queue
[2026-04-27T03:33:56.145+0000] {logging_mixin.py:188} INFO - [2026-04-27T03:33:56.141+0000] {dagbag.py:538} INFO - Filling up the DagBag from /home/airflow/dags/feature_engineering_dag.py
[2026-04-27T03:33:58.636+0000] {processor.py:840} INFO - DAG(s) 'feature_engineering_pipeline' retrieved from /home/airflow/dags/feature_engineering_dag.py
[2026-04-27T03:33:58.663+0000] {logging_mixin.py:188} INFO - [2026-04-27T03:33:58.662+0000] {dag.py:3036} INFO - Sync 1 DAGs
[2026-04-27T03:33:58.686+0000] {logging_mixin.py:188} INFO - [2026-04-27T03:33:58.686+0000] {dag.py:3823} INFO - Setting next_dagrun for feature_engineering_pipeline to 2026-04-26 00:00:00+00:00, run_after=2026-05-03 00:00:00+00:00
[2026-04-27T03:33:58.710+0000] {processor.py:183} INFO - Processing /home/airflow/dags/feature_engineering_dag.py took 2.667 seconds
[2026-04-27T03:34:28.981+0000] {processor.py:161} INFO - Started process (PID=16639) to work on /home/airflow/dags/feature_engineering_dag.py
[2026-04-27T03:34:28.982+0000] {processor.py:830} INFO - Processing file /home/airflow/dags/feature_engineering_dag.py for tasks to queue
[2026-04-27T03:34:28.983+0000] {logging_mixin.py:188} INFO - [2026-04-27T03:34:28.983+0000] {dagbag.py:538} INFO - Filling up the DagBag from /home/airflow/dags/feature_engineering_dag.py
[2026-04-27T03:34:29.824+0000] {processor.py:840} INFO - DAG(s) 'feature_engineering_pipeline' retrieved from /home/airflow/dags/feature_engineering_dag.py
[2026-04-27T03:34:29.853+0000] {logging_mixin.py:188} INFO - [2026-04-27T03:34:29.853+0000] {dag.py:3036} INFO - Sync 1 DAGs
[2026-04-27T03:34:29.910+0000] {logging_mixin.py:188} INFO - [2026-04-27T03:34:29.910+0000] {dag.py:3823} INFO - Setting next_dagrun for feature_engineering_pipeline to 2026-04-26 00:00:00+00:00, run_after=2026-05-03 00:00:00+00:00
[2026-04-27T03:34:29.940+0000] {processor.py:183} INFO - Processing /home/airflow/dags/feature_engineering_dag.py took 0.963 seconds
[2026-04-27T03:35:00.337+0000] {processor.py:161} INFO - Started process (PID=16684) to work on /home/airflow/dags/feature_engineering_dag.py
[2026-04-27T03:35:00.339+0000] {processor.py:830} INFO - Processing file /home/airflow/dags/feature_engineering_dag.py for tasks to queue
[2026-04-27T03:35:00.340+0000] {logging_mixin.py:188} INFO - [2026-04-27T03:35:00.340+0000] {dagbag.py:538} INFO - Filling up the DagBag from /home/airflow/dags/feature_engineering_dag.py
[2026-04-27T03:35:01.489+0000] {processor.py:840} INFO - DAG(s) 'feature_engineering_pipeline' retrieved from /home/airflow/dags/feature_engineering_dag.py
[2026-04-27T03:35:01.517+0000] {logging_mixin.py:188} INFO - [2026-04-27T03:35:01.517+0000] {dag.py:3036} INFO - Sync 1 DAGs
[2026-04-27T03:35:01.546+0000] {logging_mixin.py:188} INFO - [2026-04-27T03:35:01.546+0000] {dag.py:3823} INFO - Setting next_dagrun for feature_engineering_pipeline to 2026-04-26 00:00:00+00:00, run_after=2026-05-03 00:00:00+00:00
[2026-04-27T03:35:01.577+0000] {processor.py:183} INFO - Processing /home/airflow/dags/feature_engineering_dag.py took 1.244 seconds
[2026-04-27T03:35:32.025+0000] {processor.py:161} INFO - Started process (PID=16729) to work on /home/airflow/dags/feature_engineering_dag.py
[2026-04-27T03:35:32.027+0000] {processor.py:830} INFO - Processing file /home/airflow/dags/feature_engineering_dag.py for tasks to queue
[2026-04-27T03:35:32.028+0000] {logging_mixin.py:188} INFO - [2026-04-27T03:35:32.028+0000] {dagbag.py:538} INFO - Filling up the DagBag from /home/airflow/dags/feature_engineering_dag.py
[2026-04-27T03:35:32.929+0000] {processor.py:840} INFO - DAG(s) 'feature_engineering_pipeline' retrieved from /home/airflow/dags/feature_engineering_dag.py
[2026-04-27T03:35:32.951+0000] {logging_mixin.py:188} INFO - [2026-04-27T03:35:32.951+0000] {dag.py:3036} INFO - Sync 1 DAGs
[2026-04-27T03:35:32.971+0000] {logging_mixin.py:188} INFO - [2026-04-27T03:35:32.971+0000] {dag.py:3823} INFO - Setting next_dagrun for feature_engineering_pipeline to 2026-04-26 00:00:00+00:00, run_after=2026-05-03 00:00:00+00:00
[2026-04-27T03:35:32.994+0000] {processor.py:183} INFO - Processing /home/airflow/dags/feature_engineering_dag.py took 0.974 seconds
[2026-04-27T03:36:03.396+0000] {processor.py:161} INFO - Started process (PID=16774) to work on /home/airflow/dags/feature_engineering_dag.py
[2026-04-27T03:36:03.398+0000] {processor.py:830} INFO - Processing file /home/airflow/dags/feature_engineering_dag.py for tasks to queue
[2026-04-27T03:36:03.399+0000] {logging_mixin.py:188} INFO - [2026-04-27T03:36:03.399+0000] {dagbag.py:538} INFO - Filling up the DagBag from /home/airflow/dags/feature_engineering_dag.py
[2026-04-27T03:36:04.368+0000] {processor.py:840} INFO - DAG(s) 'feature_engineering_pipeline' retrieved from /home/airflow/dags/feature_engineering_dag.py
[2026-04-27T03:36:04.394+0000] {logging_mixin.py:188} INFO - [2026-04-27T03:36:04.393+0000] {dag.py:3036} INFO - Sync 1 DAGs
[2026-04-27T03:36:04.415+0000] {logging_mixin.py:188} INFO - [2026-04-27T03:36:04.415+0000] {dag.py:3823} INFO - Setting next_dagrun for feature_engineering_pipeline to 2026-04-26 00:00:00+00:00, run_after=2026-05-03 00:00:00+00:00
[2026-04-27T03:36:04.438+0000] {processor.py:183} INFO - Processing /home/airflow/dags/feature_engineering_dag.py took 1.047 seconds
[2026-04-27T03:36:34.786+0000] {processor.py:161} INFO - Started process (PID=16819) to work on /home/airflow/dags/feature_engineering_dag.py
[2026-04-27T03:36:34.788+0000] {processor.py:830} INFO - Processing file /home/airflow/dags/feature_engineering_dag.py for tasks to queue
[2026-04-27T03:36:34.789+0000] {logging_mixin.py:188} INFO - [2026-04-27T03:36:34.789+0000] {dagbag.py:538} INFO - Filling up the DagBag from /home/airflow/dags/feature_engineering_dag.py
[2026-04-27T03:36:35.705+0000] {processor.py:840} INFO - DAG(s) 'feature_engineering_pipeline' retrieved from /home/airflow/dags/feature_engineering_dag.py
[2026-04-27T03:36:35.731+0000] {logging_mixin.py:188} INFO - [2026-04-27T03:36:35.731+0000] {dag.py:3036} INFO - Sync 1 DAGs
[2026-04-27T03:36:35.765+0000] {logging_mixin.py:188} INFO - [2026-04-27T03:36:35.765+0000] {dag.py:3823} INFO - Setting next_dagrun for feature_engineering_pipeline to 2026-04-26 00:00:00+00:00, run_after=2026-05-03 00:00:00+00:00
[2026-04-27T03:36:35.812+0000] {processor.py:183} INFO - Processing /home/airflow/dags/feature_engineering_dag.py took 1.033 seconds
[2026-04-27T03:37:06.199+0000] {processor.py:161} INFO - Started process (PID=16864) to work on /home/airflow/dags/feature_engineering_dag.py
[2026-04-27T03:37:06.201+0000] {processor.py:830} INFO - Processing file /home/airflow/dags/feature_engineering_dag.py for tasks to queue
[2026-04-27T03:37:06.207+0000] {logging_mixin.py:188} INFO - [2026-04-27T03:37:06.207+0000] {dagbag.py:538} INFO - Filling up the DagBag from /home/airflow/dags/feature_engineering_dag.py
[2026-04-27T03:37:07.188+0000] {processor.py:840} INFO - DAG(s) 'feature_engineering_pipeline' retrieved from /home/airflow/dags/feature_engineering_dag.py
[2026-04-27T03:37:07.218+0000] {logging_mixin.py:188} INFO - [2026-04-27T03:37:07.218+0000] {dag.py:3036} INFO - Sync 1 DAGs
[2026-04-27T03:37:07.245+0000] {logging_mixin.py:188} INFO - [2026-04-27T03:37:07.245+0000] {dag.py:3823} INFO - Setting next_dagrun for feature_engineering_pipeline to 2026-04-26 00:00:00+00:00, run_after=2026-05-03 00:00:00+00:00
[2026-04-27T03:37:07.272+0000] {processor.py:183} INFO - Processing /home/airflow/dags/feature_engineering_dag.py took 1.076 seconds
[2026-04-27T03:37:37.591+0000] {processor.py:161} INFO - Started process (PID=16909) to work on /home/airflow/dags/feature_engineering_dag.py
[2026-04-27T03:37:37.592+0000] {processor.py:830} INFO - Processing file /home/airflow/dags/feature_engineering_dag.py for tasks to queue
[2026-04-27T03:37:37.593+0000] {logging_mixin.py:188} INFO - [2026-04-27T03:37:37.593+0000] {dagbag.py:538} INFO - Filling up the DagBag from /home/airflow/dags/feature_engineering_dag.py
[2026-04-27T03:37:38.567+0000] {processor.py:840} INFO - DAG(s) 'feature_engineering_pipeline' retrieved from /home/airflow/dags/feature_engineering_dag.py
[2026-04-27T03:37:38.589+0000] {logging_mixin.py:188} INFO - [2026-04-27T03:37:38.589+0000] {dag.py:3036} INFO - Sync 1 DAGs
[2026-04-27T03:37:38.607+0000] {logging_mixin.py:188} INFO - [2026-04-27T03:37:38.607+0000] {dag.py:3823} INFO - Setting next_dagrun for feature_engineering_pipeline to 2026-04-26 00:00:00+00:00, run_after=2026-05-03 00:00:00+00:00
[2026-04-27T03:37:38.629+0000] {processor.py:183} INFO - Processing /home/airflow/dags/feature_engineering_dag.py took 1.041 seconds
[2026-04-27T03:38:08.912+0000] {processor.py:161} INFO - Started process (PID=16954) to work on /home/airflow/dags/feature_engineering_dag.py
[2026-04-27T03:38:08.914+0000] {processor.py:830} INFO - Processing file /home/airflow/dags/feature_engineering_dag.py for tasks to queue
[2026-04-27T03:38:08.915+0000] {logging_mixin.py:188} INFO - [2026-04-27T03:38:08.915+0000] {dagbag.py:538} INFO - Filling up the DagBag from /home/airflow/dags/feature_engineering_dag.py
[2026-04-27T03:38:09.911+0000] {processor.py:840} INFO - DAG(s) 'feature_engineering_pipeline' retrieved from /home/airflow/dags/feature_engineering_dag.py
[2026-04-27T03:38:09.934+0000] {logging_mixin.py:188} INFO - [2026-04-27T03:38:09.933+0000] {dag.py:3036} INFO - Sync 1 DAGs
[2026-04-27T03:38:09.955+0000] {logging_mixin.py:188} INFO - [2026-04-27T03:38:09.954+0000] {dag.py:3823} INFO - Setting next_dagrun for feature_engineering_pipeline to 2026-04-26 00:00:00+00:00, run_after=2026-05-03 00:00:00+00:00
[2026-04-27T03:38:09.979+0000] {processor.py:183} INFO - Processing /home/airflow/dags/feature_engineering_dag.py took 1.070 seconds
[2026-04-27T03:38:40.240+0000] {processor.py:161} INFO - Started process (PID=16999) to work on /home/airflow/dags/feature_engineering_dag.py
[2026-04-27T03:38:40.241+0000] {processor.py:830} INFO - Processing file /home/airflow/dags/feature_engineering_dag.py for tasks to queue
[2026-04-27T03:38:40.242+0000] {logging_mixin.py:188} INFO - [2026-04-27T03:38:40.241+0000] {dagbag.py:538} INFO - Filling up the DagBag from /home/airflow/dags/feature_engineering_dag.py
[2026-04-27T03:38:41.139+0000] {processor.py:840} INFO - DAG(s) 'feature_engineering_pipeline' retrieved from /home/airflow/dags/feature_engineering_dag.py
[2026-04-27T03:38:41.164+0000] {logging_mixin.py:188} INFO - [2026-04-27T03:38:41.164+0000] {dag.py:3036} INFO - Sync 1 DAGs
[2026-04-27T03:38:41.185+0000] {logging_mixin.py:188} INFO - [2026-04-27T03:38:41.185+0000] {dag.py:3823} INFO - Setting next_dagrun for feature_engineering_pipeline to 2026-04-26 00:00:00+00:00, run_after=2026-05-03 00:00:00+00:00
[2026-04-27T03:38:41.206+0000] {processor.py:183} INFO - Processing /home/airflow/dags/feature_engineering_dag.py took 0.970 seconds
[2026-04-27T03:39:11.595+0000] {processor.py:161} INFO - Started process (PID=17044) to work on /home/airflow/dags/feature_engineering_dag.py
[2026-04-27T03:39:11.596+0000] {processor.py:830} INFO - Processing file /home/airflow/dags/feature_engineering_dag.py for tasks to queue
[2026-04-27T03:39:11.597+0000] {logging_mixin.py:188} INFO - [2026-04-27T03:39:11.596+0000] {dagbag.py:538} INFO - Filling up the DagBag from /home/airflow/dags/feature_engineering_dag.py
[2026-04-27T03:39:12.589+0000] {processor.py:840} INFO - DAG(s) 'feature_engineering_pipeline' retrieved from /home/airflow/dags/feature_engineering_dag.py
[2026-04-27T03:39:12.616+0000] {logging_mixin.py:188} INFO - [2026-04-27T03:39:12.616+0000] {dag.py:3036} INFO - Sync 1 DAGs
[2026-04-27T03:39:12.640+0000] {logging_mixin.py:188} INFO - [2026-04-27T03:39:12.640+0000] {dag.py:3823} INFO - Setting next_dagrun for feature_engineering_pipeline to 2026-04-26 00:00:00+00:00, run_after=2026-05-03 00:00:00+00:00
[2026-04-27T03:39:12.668+0000] {processor.py:183} INFO - Processing /home/airflow/dags/feature_engineering_dag.py took 1.077 seconds
[2026-04-27T03:39:43.015+0000] {processor.py:161} INFO - Started process (PID=17089) to work on /home/airflow/dags/feature_engineering_dag.py
[2026-04-27T03:39:43.016+0000] {processor.py:830} INFO - Processing file /home/airflow/dags/feature_engineering_dag.py for tasks to queue
[2026-04-27T03:39:43.018+0000] {logging_mixin.py:188} INFO - [2026-04-27T03:39:43.017+0000] {dagbag.py:538} INFO - Filling up the DagBag from /home/airflow/dags/feature_engineering_dag.py
[2026-04-27T03:39:44.001+0000] {processor.py:840} INFO - DAG(s) 'feature_engineering_pipeline' retrieved from /home/airflow/dags/feature_engineering_dag.py
[2026-04-27T03:39:44.025+0000] {logging_mixin.py:188} INFO - [2026-04-27T03:39:44.025+0000] {dag.py:3036} INFO - Sync 1 DAGs
[2026-04-27T03:39:44.045+0000] {logging_mixin.py:188} INFO - [2026-04-27T03:39:44.045+0000] {dag.py:3823} INFO - Setting next_dagrun for feature_engineering_pipeline to 2026-04-26 00:00:00+00:00, run_after=2026-05-03 00:00:00+00:00
[2026-04-27T03:39:44.074+0000] {processor.py:183} INFO - Processing /home/airflow/dags/feature_engineering_dag.py took 1.062 seconds
[2026-04-27T03:40:14.515+0000] {processor.py:161} INFO - Started process (PID=17134) to work on /home/airflow/dags/feature_engineering_dag.py
[2026-04-27T03:40:14.516+0000] {processor.py:830} INFO - Processing file /home/airflow/dags/feature_engineering_dag.py for tasks to queue
[2026-04-27T03:40:14.516+0000] {logging_mixin.py:188} INFO - [2026-04-27T03:40:14.516+0000] {dagbag.py:538} INFO - Filling up the DagBag from /home/airflow/dags/feature_engineering_dag.py
[2026-04-27T03:40:15.377+0000] {processor.py:840} INFO - DAG(s) 'feature_engineering_pipeline' retrieved from /home/airflow/dags/feature_engineering_dag.py
[2026-04-27T03:40:15.402+0000] {logging_mixin.py:188} INFO - [2026-04-27T03:40:15.402+0000] {dag.py:3036} INFO - Sync 1 DAGs
[2026-04-27T03:40:15.423+0000] {logging_mixin.py:188} INFO - [2026-04-27T03:40:15.423+0000] {dag.py:3823} INFO - Setting next_dagrun for feature_engineering_pipeline to 2026-04-26 00:00:00+00:00, run_after=2026-05-03 00:00:00+00:00
[2026-04-27T03:40:15.444+0000] {processor.py:183} INFO - Processing /home/airflow/dags/feature_engineering_dag.py took 0.933 seconds
[2026-04-27T03:40:45.823+0000] {processor.py:161} INFO - Started process (PID=17179) to work on /home/airflow/dags/feature_engineering_dag.py
[2026-04-27T03:40:45.824+0000] {processor.py:830} INFO - Processing file /home/airflow/dags/feature_engineering_dag.py for tasks to queue
[2026-04-27T03:40:45.825+0000] {logging_mixin.py:188} INFO - [2026-04-27T03:40:45.825+0000] {dagbag.py:538} INFO - Filling up the DagBag from /home/airflow/dags/feature_engineering_dag.py
[2026-04-27T03:40:46.772+0000] {processor.py:840} INFO - DAG(s) 'feature_engineering_pipeline' retrieved from /home/airflow/dags/feature_engineering_dag.py
[2026-04-27T03:40:46.793+0000] {logging_mixin.py:188} INFO - [2026-04-27T03:40:46.793+0000] {dag.py:3036} INFO - Sync 1 DAGs
[2026-04-27T03:40:46.814+0000] {logging_mixin.py:188} INFO - [2026-04-27T03:40:46.814+0000] {dag.py:3823} INFO - Setting next_dagrun for feature_engineering_pipeline to 2026-04-26 00:00:00+00:00, run_after=2026-05-03 00:00:00+00:00
[2026-04-27T03:40:46.836+0000] {processor.py:183} INFO - Processing /home/airflow/dags/feature_engineering_dag.py took 1.017 seconds
[2026-04-27T03:41:17.235+0000] {processor.py:161} INFO - Started process (PID=17224) to work on /home/airflow/dags/feature_engineering_dag.py
[2026-04-27T03:41:17.236+0000] {processor.py:830} INFO - Processing file /home/airflow/dags/feature_engineering_dag.py for tasks to queue
[2026-04-27T03:41:17.238+0000] {logging_mixin.py:188} INFO - [2026-04-27T03:41:17.237+0000] {dagbag.py:538} INFO - Filling up the DagBag from /home/airflow/dags/feature_engineering_dag.py
[2026-04-27T03:41:18.376+0000] {processor.py:840} INFO - DAG(s) 'feature_engineering_pipeline' retrieved from /home/airflow/dags/feature_engineering_dag.py
[2026-04-27T03:41:18.402+0000] {logging_mixin.py:188} INFO - [2026-04-27T03:41:18.402+0000] {dag.py:3036} INFO - Sync 1 DAGs
[2026-04-27T03:41:18.425+0000] {logging_mixin.py:188} INFO - [2026-04-27T03:41:18.424+0000] {dag.py:3823} INFO - Setting next_dagrun for feature_engineering_pipeline to 2026-04-26 00:00:00+00:00, run_after=2026-05-03 00:00:00+00:00
[2026-04-27T03:41:18.449+0000] {processor.py:183} INFO - Processing /home/airflow/dags/feature_engineering_dag.py took 1.218 seconds
[2026-04-27T03:41:48.824+0000] {processor.py:161} INFO - Started process (PID=17269) to work on /home/airflow/dags/feature_engineering_dag.py
[2026-04-27T03:41:48.826+0000] {processor.py:830} INFO - Processing file /home/airflow/dags/feature_engineering_dag.py for tasks to queue
[2026-04-27T03:41:48.827+0000] {logging_mixin.py:188} INFO - [2026-04-27T03:41:48.827+0000] {dagbag.py:538} INFO - Filling up the DagBag from /home/airflow/dags/feature_engineering_dag.py
[2026-04-27T03:41:49.627+0000] {processor.py:840} INFO - DAG(s) 'feature_engineering_pipeline' retrieved from /home/airflow/dags/feature_engineering_dag.py
[2026-04-27T03:41:49.651+0000] {logging_mixin.py:188} INFO - [2026-04-27T03:41:49.651+0000] {dag.py:3036} INFO - Sync 1 DAGs
[2026-04-27T03:41:49.671+0000] {logging_mixin.py:188} INFO - [2026-04-27T03:41:49.671+0000] {dag.py:3823} INFO - Setting next_dagrun for feature_engineering_pipeline to 2026-04-26 00:00:00+00:00, run_after=2026-05-03 00:00:00+00:00
[2026-04-27T03:41:49.707+0000] {processor.py:183} INFO - Processing /home/airflow/dags/feature_engineering_dag.py took 0.886 seconds
[2026-04-27T03:42:20.233+0000] {processor.py:161} INFO - Started process (PID=17314) to work on /home/airflow/dags/feature_engineering_dag.py
[2026-04-27T03:42:20.234+0000] {processor.py:830} INFO - Processing file /home/airflow/dags/feature_engineering_dag.py for tasks to queue
[2026-04-27T03:42:20.235+0000] {logging_mixin.py:188} INFO - [2026-04-27T03:42:20.235+0000] {dagbag.py:538} INFO - Filling up the DagBag from /home/airflow/dags/feature_engineering_dag.py
[2026-04-27T03:42:21.097+0000] {processor.py:840} INFO - DAG(s) 'feature_engineering_pipeline' retrieved from /home/airflow/dags/feature_engineering_dag.py
[2026-04-27T03:42:21.131+0000] {logging_mixin.py:188} INFO - [2026-04-27T03:42:21.131+0000] {dag.py:3036} INFO - Sync 1 DAGs
[2026-04-27T03:42:21.151+0000] {logging_mixin.py:188} INFO - [2026-04-27T03:42:21.151+0000] {dag.py:3823} INFO - Setting next_dagrun for feature_engineering_pipeline to 2026-04-26 00:00:00+00:00, run_after=2026-05-03 00:00:00+00:00
[2026-04-27T03:42:21.171+0000] {processor.py:183} INFO - Processing /home/airflow/dags/feature_engineering_dag.py took 0.942 seconds
[2026-04-27T03:42:51.587+0000] {processor.py:161} INFO - Started process (PID=17359) to work on /home/airflow/dags/feature_engineering_dag.py
[2026-04-27T03:42:51.590+0000] {processor.py:830} INFO - Processing file /home/airflow/dags/feature_engineering_dag.py for tasks to queue
[2026-04-27T03:42:51.592+0000] {logging_mixin.py:188} INFO - [2026-04-27T03:42:51.592+0000] {dagbag.py:538} INFO - Filling up the DagBag from /home/airflow/dags/feature_engineering_dag.py
[2026-04-27T03:42:52.624+0000] {processor.py:840} INFO - DAG(s) 'feature_engineering_pipeline' retrieved from /home/airflow/dags/feature_engineering_dag.py
[2026-04-27T03:42:52.773+0000] {logging_mixin.py:188} INFO - [2026-04-27T03:42:52.773+0000] {dag.py:3036} INFO - Sync 1 DAGs
[2026-04-27T03:42:52.792+0000] {logging_mixin.py:188} INFO - [2026-04-27T03:42:52.792+0000] {dag.py:3823} INFO - Setting next_dagrun for feature_engineering_pipeline to 2026-04-26 00:00:00+00:00, run_after=2026-05-03 00:00:00+00:00
[2026-04-27T03:42:52.814+0000] {processor.py:183} INFO - Processing /home/airflow/dags/feature_engineering_dag.py took 1.233 seconds
[2026-04-27T03:43:23.192+0000] {processor.py:161} INFO - Started process (PID=17404) to work on /home/airflow/dags/feature_engineering_dag.py
[2026-04-27T03:43:23.193+0000] {processor.py:830} INFO - Processing file /home/airflow/dags/feature_engineering_dag.py for tasks to queue
[2026-04-27T03:43:23.194+0000] {logging_mixin.py:188} INFO - [2026-04-27T03:43:23.193+0000] {dagbag.py:538} INFO - Filling up the DagBag from /home/airflow/dags/feature_engineering_dag.py
[2026-04-27T03:43:24.102+0000] {processor.py:840} INFO - DAG(s) 'feature_engineering_pipeline' retrieved from /home/airflow/dags/feature_engineering_dag.py
[2026-04-27T03:43:24.224+0000] {logging_mixin.py:188} INFO - [2026-04-27T03:43:24.224+0000] {dag.py:3036} INFO - Sync 1 DAGs
[2026-04-27T03:43:24.243+0000] {logging_mixin.py:188} INFO - [2026-04-27T03:43:24.242+0000] {dag.py:3823} INFO - Setting next_dagrun for feature_engineering_pipeline to 2026-04-26 00:00:00+00:00, run_after=2026-05-03 00:00:00+00:00
[2026-04-27T03:43:24.268+0000] {processor.py:183} INFO - Processing /home/airflow/dags/feature_engineering_dag.py took 1.080 seconds
[2026-04-27T03:43:54.761+0000] {processor.py:161} INFO - Started process (PID=17449) to work on /home/airflow/dags/feature_engineering_dag.py
[2026-04-27T03:43:54.762+0000] {processor.py:830} INFO - Processing file /home/airflow/dags/feature_engineering_dag.py for tasks to queue
[2026-04-27T03:43:54.763+0000] {logging_mixin.py:188} INFO - [2026-04-27T03:43:54.763+0000] {dagbag.py:538} INFO - Filling up the DagBag from /home/airflow/dags/feature_engineering_dag.py
[2026-04-27T03:43:55.611+0000] {processor.py:840} INFO - DAG(s) 'feature_engineering_pipeline' retrieved from /home/airflow/dags/feature_engineering_dag.py
[2026-04-27T03:43:55.633+0000] {logging_mixin.py:188} INFO - [2026-04-27T03:43:55.633+0000] {dag.py:3036} INFO - Sync 1 DAGs
[2026-04-27T03:43:55.653+0000] {logging_mixin.py:188} INFO - [2026-04-27T03:43:55.652+0000] {dag.py:3823} INFO - Setting next_dagrun for feature_engineering_pipeline to 2026-04-26 00:00:00+00:00, run_after=2026-05-03 00:00:00+00:00
[2026-04-27T03:43:55.680+0000] {processor.py:183} INFO - Processing /home/airflow/dags/feature_engineering_dag.py took 0.922 seconds
[2026-04-27T03:44:25.997+0000] {processor.py:161} INFO - Started process (PID=17494) to work on /home/airflow/dags/feature_engineering_dag.py
[2026-04-27T03:44:25.999+0000] {processor.py:830} INFO - Processing file /home/airflow/dags/feature_engineering_dag.py for tasks to queue
[2026-04-27T03:44:26.000+0000] {logging_mixin.py:188} INFO - [2026-04-27T03:44:25.999+0000] {dagbag.py:538} INFO - Filling up the DagBag from /home/airflow/dags/feature_engineering_dag.py
[2026-04-27T03:44:26.802+0000] {processor.py:840} INFO - DAG(s) 'feature_engineering_pipeline' retrieved from /home/airflow/dags/feature_engineering_dag.py
[2026-04-27T03:44:26.822+0000] {logging_mixin.py:188} INFO - [2026-04-27T03:44:26.822+0000] {dag.py:3036} INFO - Sync 1 DAGs
[2026-04-27T03:44:26.838+0000] {logging_mixin.py:188} INFO - [2026-04-27T03:44:26.838+0000] {dag.py:3823} INFO - Setting next_dagrun for feature_engineering_pipeline to 2026-04-26 00:00:00+00:00, run_after=2026-05-03 00:00:00+00:00
[2026-04-27T03:44:26.900+0000] {processor.py:183} INFO - Processing /home/airflow/dags/feature_engineering_dag.py took 0.905 seconds
[2026-04-27T03:44:57.292+0000] {processor.py:161} INFO - Started process (PID=17539) to work on /home/airflow/dags/feature_engineering_dag.py
[2026-04-27T03:44:57.293+0000] {processor.py:830} INFO - Processing file /home/airflow/dags/feature_engineering_dag.py for tasks to queue
[2026-04-27T03:44:57.294+0000] {logging_mixin.py:188} INFO - [2026-04-27T03:44:57.294+0000] {dagbag.py:538} INFO - Filling up the DagBag from /home/airflow/dags/feature_engineering_dag.py
[2026-04-27T03:44:58.288+0000] {processor.py:840} INFO - DAG(s) 'feature_engineering_pipeline' retrieved from /home/airflow/dags/feature_engineering_dag.py
[2026-04-27T03:44:58.311+0000] {logging_mixin.py:188} INFO - [2026-04-27T03:44:58.311+0000] {dag.py:3036} INFO - Sync 1 DAGs
[2026-04-27T03:44:58.332+0000] {logging_mixin.py:188} INFO - [2026-04-27T03:44:58.331+0000] {dag.py:3823} INFO - Setting next_dagrun for feature_engineering_pipeline to 2026-04-26 00:00:00+00:00, run_after=2026-05-03 00:00:00+00:00
[2026-04-27T03:44:58.352+0000] {processor.py:183} INFO - Processing /home/airflow/dags/feature_engineering_dag.py took 1.064 seconds
[2026-04-27T03:45:28.749+0000] {processor.py:161} INFO - Started process (PID=17584) to work on /home/airflow/dags/feature_engineering_dag.py
[2026-04-27T03:45:28.750+0000] {processor.py:830} INFO - Processing file /home/airflow/dags/feature_engineering_dag.py for tasks to queue
[2026-04-27T03:45:28.751+0000] {logging_mixin.py:188} INFO - [2026-04-27T03:45:28.751+0000] {dagbag.py:538} INFO - Filling up the DagBag from /home/airflow/dags/feature_engineering_dag.py
[2026-04-27T03:45:29.683+0000] {processor.py:840} INFO - DAG(s) 'feature_engineering_pipeline' retrieved from /home/airflow/dags/feature_engineering_dag.py
[2026-04-27T03:45:29.705+0000] {logging_mixin.py:188} INFO - [2026-04-27T03:45:29.705+0000] {dag.py:3036} INFO - Sync 1 DAGs
[2026-04-27T03:45:29.724+0000] {logging_mixin.py:188} INFO - [2026-04-27T03:45:29.724+0000] {dag.py:3823} INFO - Setting next_dagrun for feature_engineering_pipeline to 2026-04-26 00:00:00+00:00, run_after=2026-05-03 00:00:00+00:00
[2026-04-27T03:45:29.747+0000] {processor.py:183} INFO - Processing /home/airflow/dags/feature_engineering_dag.py took 1.002 seconds
[2026-04-27T03:46:00.047+0000] {processor.py:161} INFO - Started process (PID=17629) to work on /home/airflow/dags/feature_engineering_dag.py
[2026-04-27T03:46:00.048+0000] {processor.py:830} INFO - Processing file /home/airflow/dags/feature_engineering_dag.py for tasks to queue
[2026-04-27T03:46:00.049+0000] {logging_mixin.py:188} INFO - [2026-04-27T03:46:00.049+0000] {dagbag.py:538} INFO - Filling up the DagBag from /home/airflow/dags/feature_engineering_dag.py
[2026-04-27T03:46:01.086+0000] {processor.py:840} INFO - DAG(s) 'feature_engineering_pipeline' retrieved from /home/airflow/dags/feature_engineering_dag.py
[2026-04-27T03:46:01.112+0000] {logging_mixin.py:188} INFO - [2026-04-27T03:46:01.111+0000] {dag.py:3036} INFO - Sync 1 DAGs
[2026-04-27T03:46:01.137+0000] {logging_mixin.py:188} INFO - [2026-04-27T03:46:01.137+0000] {dag.py:3823} INFO - Setting next_dagrun for feature_engineering_pipeline to 2026-04-26 00:00:00+00:00, run_after=2026-05-03 00:00:00+00:00
[2026-04-27T03:46:01.158+0000] {processor.py:183} INFO - Processing /home/airflow/dags/feature_engineering_dag.py took 1.115 seconds
[2026-04-27T03:46:31.557+0000] {processor.py:161} INFO - Started process (PID=17674) to work on /home/airflow/dags/feature_engineering_dag.py
[2026-04-27T03:46:31.558+0000] {processor.py:830} INFO - Processing file /home/airflow/dags/feature_engineering_dag.py for tasks to queue
[2026-04-27T03:46:31.560+0000] {logging_mixin.py:188} INFO - [2026-04-27T03:46:31.559+0000] {dagbag.py:538} INFO - Filling up the DagBag from /home/airflow/dags/feature_engineering_dag.py
[2026-04-27T03:46:32.610+0000] {processor.py:840} INFO - DAG(s) 'feature_engineering_pipeline' retrieved from /home/airflow/dags/feature_engineering_dag.py
[2026-04-27T03:46:32.629+0000] {logging_mixin.py:188} INFO - [2026-04-27T03:46:32.629+0000] {dag.py:3036} INFO - Sync 1 DAGs
[2026-04-27T03:46:32.650+0000] {logging_mixin.py:188} INFO - [2026-04-27T03:46:32.650+0000] {dag.py:3823} INFO - Setting next_dagrun for feature_engineering_pipeline to 2026-04-26 00:00:00+00:00, run_after=2026-05-03 00:00:00+00:00
[2026-04-27T03:46:32.670+0000] {processor.py:183} INFO - Processing /home/airflow/dags/feature_engineering_dag.py took 1.121 seconds
[2026-04-27T03:47:02.982+0000] {processor.py:161} INFO - Started process (PID=17719) to work on /home/airflow/dags/feature_engineering_dag.py
[2026-04-27T03:47:02.983+0000] {processor.py:830} INFO - Processing file /home/airflow/dags/feature_engineering_dag.py for tasks to queue
[2026-04-27T03:47:02.984+0000] {logging_mixin.py:188} INFO - [2026-04-27T03:47:02.983+0000] {dagbag.py:538} INFO - Filling up the DagBag from /home/airflow/dags/feature_engineering_dag.py
[2026-04-27T03:47:03.860+0000] {processor.py:840} INFO - DAG(s) 'feature_engineering_pipeline' retrieved from /home/airflow/dags/feature_engineering_dag.py
[2026-04-27T03:47:03.900+0000] {logging_mixin.py:188} INFO - [2026-04-27T03:47:03.899+0000] {dag.py:3036} INFO - Sync 1 DAGs
[2026-04-27T03:47:03.934+0000] {logging_mixin.py:188} INFO - [2026-04-27T03:47:03.933+0000] {dag.py:3823} INFO - Setting next_dagrun for feature_engineering_pipeline to 2026-04-26 00:00:00+00:00, run_after=2026-05-03 00:00:00+00:00
[2026-04-27T03:47:03.962+0000] {processor.py:183} INFO - Processing /home/airflow/dags/feature_engineering_dag.py took 0.984 seconds
[2026-04-27T03:47:34.256+0000] {processor.py:161} INFO - Started process (PID=17764) to work on /home/airflow/dags/feature_engineering_dag.py
[2026-04-27T03:47:34.257+0000] {processor.py:830} INFO - Processing file /home/airflow/dags/feature_engineering_dag.py for tasks to queue
[2026-04-27T03:47:34.258+0000] {logging_mixin.py:188} INFO - [2026-04-27T03:47:34.257+0000] {dagbag.py:538} INFO - Filling up the DagBag from /home/airflow/dags/feature_engineering_dag.py
[2026-04-27T03:47:35.240+0000] {processor.py:840} INFO - DAG(s) 'feature_engineering_pipeline' retrieved from /home/airflow/dags/feature_engineering_dag.py
[2026-04-27T03:47:35.268+0000] {logging_mixin.py:188} INFO - [2026-04-27T03:47:35.267+0000] {dag.py:3036} INFO - Sync 1 DAGs
[2026-04-27T03:47:35.289+0000] {logging_mixin.py:188} INFO - [2026-04-27T03:47:35.289+0000] {dag.py:3823} INFO - Setting next_dagrun for feature_engineering_pipeline to 2026-04-26 00:00:00+00:00, run_after=2026-05-03 00:00:00+00:00
[2026-04-27T03:47:35.316+0000] {processor.py:183} INFO - Processing /home/airflow/dags/feature_engineering_dag.py took 1.064 seconds
[2026-04-27T03:48:05.617+0000] {processor.py:161} INFO - Started process (PID=17809) to work on /home/airflow/dags/feature_engineering_dag.py
[2026-04-27T03:48:05.618+0000] {processor.py:830} INFO - Processing file /home/airflow/dags/feature_engineering_dag.py for tasks to queue
[2026-04-27T03:48:05.619+0000] {logging_mixin.py:188} INFO - [2026-04-27T03:48:05.618+0000] {dagbag.py:538} INFO - Filling up the DagBag from /home/airflow/dags/feature_engineering_dag.py
[2026-04-27T03:48:06.469+0000] {processor.py:840} INFO - DAG(s) 'feature_engineering_pipeline' retrieved from /home/airflow/dags/feature_engineering_dag.py
[2026-04-27T03:48:06.493+0000] {logging_mixin.py:188} INFO - [2026-04-27T03:48:06.493+0000] {dag.py:3036} INFO - Sync 1 DAGs
[2026-04-27T03:48:06.514+0000] {logging_mixin.py:188} INFO - [2026-04-27T03:48:06.514+0000] {dag.py:3823} INFO - Setting next_dagrun for feature_engineering_pipeline to 2026-04-26 00:00:00+00:00, run_after=2026-05-03 00:00:00+00:00
[2026-04-27T03:48:06.540+0000] {processor.py:183} INFO - Processing /home/airflow/dags/feature_engineering_dag.py took 0.926 seconds
[2026-04-27T03:48:36.924+0000] {processor.py:161} INFO - Started process (PID=17854) to work on /home/airflow/dags/feature_engineering_dag.py
[2026-04-27T03:48:36.925+0000] {processor.py:830} INFO - Processing file /home/airflow/dags/feature_engineering_dag.py for tasks to queue
[2026-04-27T03:48:36.926+0000] {logging_mixin.py:188} INFO - [2026-04-27T03:48:36.926+0000] {dagbag.py:538} INFO - Filling up the DagBag from /home/airflow/dags/feature_engineering_dag.py
[2026-04-27T03:48:37.806+0000] {processor.py:840} INFO - DAG(s) 'feature_engineering_pipeline' retrieved from /home/airflow/dags/feature_engineering_dag.py
[2026-04-27T03:48:37.831+0000] {logging_mixin.py:188} INFO - [2026-04-27T03:48:37.831+0000] {dag.py:3036} INFO - Sync 1 DAGs
[2026-04-27T03:48:37.851+0000] {logging_mixin.py:188} INFO - [2026-04-27T03:48:37.850+0000] {dag.py:3823} INFO - Setting next_dagrun for feature_engineering_pipeline to 2026-04-26 00:00:00+00:00, run_after=2026-05-03 00:00:00+00:00
[2026-04-27T03:48:37.875+0000] {processor.py:183} INFO - Processing /home/airflow/dags/feature_engineering_dag.py took 0.954 seconds
[2026-04-27T03:49:08.179+0000] {processor.py:161} INFO - Started process (PID=17899) to work on /home/airflow/dags/feature_engineering_dag.py
[2026-04-27T03:49:08.180+0000] {processor.py:830} INFO - Processing file /home/airflow/dags/feature_engineering_dag.py for tasks to queue
[2026-04-27T03:49:08.181+0000] {logging_mixin.py:188} INFO - [2026-04-27T03:49:08.181+0000] {dagbag.py:538} INFO - Filling up the DagBag from /home/airflow/dags/feature_engineering_dag.py
[2026-04-27T03:49:08.989+0000] {processor.py:840} INFO - DAG(s) 'feature_engineering_pipeline' retrieved from /home/airflow/dags/feature_engineering_dag.py
[2026-04-27T03:49:09.010+0000] {logging_mixin.py:188} INFO - [2026-04-27T03:49:09.009+0000] {dag.py:3036} INFO - Sync 1 DAGs
[2026-04-27T03:49:09.027+0000] {logging_mixin.py:188} INFO - [2026-04-27T03:49:09.027+0000] {dag.py:3823} INFO - Setting next_dagrun for feature_engineering_pipeline to 2026-04-26 00:00:00+00:00, run_after=2026-05-03 00:00:00+00:00
[2026-04-27T03:49:09.052+0000] {processor.py:183} INFO - Processing /home/airflow/dags/feature_engineering_dag.py took 0.877 seconds
[2026-04-27T03:49:39.444+0000] {processor.py:161} INFO - Started process (PID=17944) to work on /home/airflow/dags/feature_engineering_dag.py
[2026-04-27T03:49:39.445+0000] {processor.py:830} INFO - Processing file /home/airflow/dags/feature_engineering_dag.py for tasks to queue
[2026-04-27T03:49:39.446+0000] {logging_mixin.py:188} INFO - [2026-04-27T03:49:39.445+0000] {dagbag.py:538} INFO - Filling up the DagBag from /home/airflow/dags/feature_engineering_dag.py
[2026-04-27T03:49:40.344+0000] {processor.py:840} INFO - DAG(s) 'feature_engineering_pipeline' retrieved from /home/airflow/dags/feature_engineering_dag.py
[2026-04-27T03:49:40.368+0000] {logging_mixin.py:188} INFO - [2026-04-27T03:49:40.367+0000] {dag.py:3036} INFO - Sync 1 DAGs
[2026-04-27T03:49:40.389+0000] {logging_mixin.py:188} INFO - [2026-04-27T03:49:40.388+0000] {dag.py:3823} INFO - Setting next_dagrun for feature_engineering_pipeline to 2026-04-26 00:00:00+00:00, run_after=2026-05-03 00:00:00+00:00
[2026-04-27T03:49:40.411+0000] {processor.py:183} INFO - Processing /home/airflow/dags/feature_engineering_dag.py took 0.970 seconds
[2026-04-27T03:50:10.735+0000] {processor.py:161} INFO - Started process (PID=17989) to work on /home/airflow/dags/feature_engineering_dag.py
[2026-04-27T03:50:10.736+0000] {processor.py:830} INFO - Processing file /home/airflow/dags/feature_engineering_dag.py for tasks to queue
[2026-04-27T03:50:10.737+0000] {logging_mixin.py:188} INFO - [2026-04-27T03:50:10.736+0000] {dagbag.py:538} INFO - Filling up the DagBag from /home/airflow/dags/feature_engineering_dag.py
[2026-04-27T03:50:11.859+0000] {processor.py:840} INFO - DAG(s) 'feature_engineering_pipeline' retrieved from /home/airflow/dags/feature_engineering_dag.py
[2026-04-27T03:50:11.882+0000] {logging_mixin.py:188} INFO - [2026-04-27T03:50:11.881+0000] {dag.py:3036} INFO - Sync 1 DAGs
[2026-04-27T03:50:11.901+0000] {logging_mixin.py:188} INFO - [2026-04-27T03:50:11.901+0000] {dag.py:3823} INFO - Setting next_dagrun for feature_engineering_pipeline to 2026-04-26 00:00:00+00:00, run_after=2026-05-03 00:00:00+00:00
[2026-04-27T03:50:11.926+0000] {processor.py:183} INFO - Processing /home/airflow/dags/feature_engineering_dag.py took 1.196 seconds
[2026-04-27T03:50:42.242+0000] {processor.py:161} INFO - Started process (PID=18034) to work on /home/airflow/dags/feature_engineering_dag.py
[2026-04-27T03:50:42.243+0000] {processor.py:830} INFO - Processing file /home/airflow/dags/feature_engineering_dag.py for tasks to queue
[2026-04-27T03:50:42.244+0000] {logging_mixin.py:188} INFO - [2026-04-27T03:50:42.244+0000] {dagbag.py:538} INFO - Filling up the DagBag from /home/airflow/dags/feature_engineering_dag.py
[2026-04-27T03:50:43.329+0000] {processor.py:840} INFO - DAG(s) 'feature_engineering_pipeline' retrieved from /home/airflow/dags/feature_engineering_dag.py
[2026-04-27T03:50:43.356+0000] {logging_mixin.py:188} INFO - [2026-04-27T03:50:43.356+0000] {dag.py:3036} INFO - Sync 1 DAGs
[2026-04-27T03:50:43.380+0000] {logging_mixin.py:188} INFO - [2026-04-27T03:50:43.380+0000] {dag.py:3823} INFO - Setting next_dagrun for feature_engineering_pipeline to 2026-04-26 00:00:00+00:00, run_after=2026-05-03 00:00:00+00:00
[2026-04-27T03:50:43.408+0000] {processor.py:183} INFO - Processing /home/airflow/dags/feature_engineering_dag.py took 1.170 seconds
[2026-04-27T03:51:13.727+0000] {processor.py:161} INFO - Started process (PID=18079) to work on /home/airflow/dags/feature_engineering_dag.py
[2026-04-27T03:51:13.728+0000] {processor.py:830} INFO - Processing file /home/airflow/dags/feature_engineering_dag.py for tasks to queue
[2026-04-27T03:51:13.729+0000] {logging_mixin.py:188} INFO - [2026-04-27T03:51:13.729+0000] {dagbag.py:538} INFO - Filling up the DagBag from /home/airflow/dags/feature_engineering_dag.py
[2026-04-27T03:51:14.702+0000] {processor.py:840} INFO - DAG(s) 'feature_engineering_pipeline' retrieved from /home/airflow/dags/feature_engineering_dag.py
[2026-04-27T03:51:14.729+0000] {logging_mixin.py:188} INFO - [2026-04-27T03:51:14.728+0000] {dag.py:3036} INFO - Sync 1 DAGs
[2026-04-27T03:51:14.749+0000] {logging_mixin.py:188} INFO - [2026-04-27T03:51:14.749+0000] {dag.py:3823} INFO - Setting next_dagrun for feature_engineering_pipeline to 2026-04-26 00:00:00+00:00, run_after=2026-05-03 00:00:00+00:00
[2026-04-27T03:51:14.775+0000] {processor.py:183} INFO - Processing /home/airflow/dags/feature_engineering_dag.py took 1.052 seconds
[2026-04-27T03:51:45.094+0000] {processor.py:161} INFO - Started process (PID=18124) to work on /home/airflow/dags/feature_engineering_dag.py
[2026-04-27T03:51:45.096+0000] {processor.py:830} INFO - Processing file /home/airflow/dags/feature_engineering_dag.py for tasks to queue
[2026-04-27T03:51:45.097+0000] {logging_mixin.py:188} INFO - [2026-04-27T03:51:45.096+0000] {dagbag.py:538} INFO - Filling up the DagBag from /home/airflow/dags/feature_engineering_dag.py
[2026-04-27T03:51:45.981+0000] {processor.py:840} INFO - DAG(s) 'feature_engineering_pipeline' retrieved from /home/airflow/dags/feature_engineering_dag.py
[2026-04-27T03:51:46.006+0000] {logging_mixin.py:188} INFO - [2026-04-27T03:51:46.005+0000] {dag.py:3036} INFO - Sync 1 DAGs
[2026-04-27T03:51:46.025+0000] {logging_mixin.py:188} INFO - [2026-04-27T03:51:46.025+0000] {dag.py:3823} INFO - Setting next_dagrun for feature_engineering_pipeline to 2026-04-26 00:00:00+00:00, run_after=2026-05-03 00:00:00+00:00
[2026-04-27T03:51:46.049+0000] {processor.py:183} INFO - Processing /home/airflow/dags/feature_engineering_dag.py took 0.959 seconds
[2026-04-27T03:52:16.330+0000] {processor.py:161} INFO - Started process (PID=18169) to work on /home/airflow/dags/feature_engineering_dag.py
[2026-04-27T03:52:16.331+0000] {processor.py:830} INFO - Processing file /home/airflow/dags/feature_engineering_dag.py for tasks to queue
[2026-04-27T03:52:16.332+0000] {logging_mixin.py:188} INFO - [2026-04-27T03:52:16.331+0000] {dagbag.py:538} INFO - Filling up the DagBag from /home/airflow/dags/feature_engineering_dag.py
[2026-04-27T03:52:17.442+0000] {processor.py:840} INFO - DAG(s) 'feature_engineering_pipeline' retrieved from /home/airflow/dags/feature_engineering_dag.py
[2026-04-27T03:52:17.470+0000] {logging_mixin.py:188} INFO - [2026-04-27T03:52:17.469+0000] {dag.py:3036} INFO - Sync 1 DAGs
[2026-04-27T03:52:17.499+0000] {logging_mixin.py:188} INFO - [2026-04-27T03:52:17.499+0000] {dag.py:3823} INFO - Setting next_dagrun for feature_engineering_pipeline to 2026-04-26 00:00:00+00:00, run_after=2026-05-03 00:00:00+00:00
[2026-04-27T03:52:17.530+0000] {processor.py:183} INFO - Processing /home/airflow/dags/feature_engineering_dag.py took 1.205 seconds
[2026-04-27T03:52:47.918+0000] {processor.py:161} INFO - Started process (PID=18214) to work on /home/airflow/dags/feature_engineering_dag.py
[2026-04-27T03:52:47.919+0000] {processor.py:830} INFO - Processing file /home/airflow/dags/feature_engineering_dag.py for tasks to queue
[2026-04-27T03:52:47.921+0000] {logging_mixin.py:188} INFO - [2026-04-27T03:52:47.920+0000] {dagbag.py:538} INFO - Filling up the DagBag from /home/airflow/dags/feature_engineering_dag.py
[2026-04-27T03:52:48.851+0000] {processor.py:840} INFO - DAG(s) 'feature_engineering_pipeline' retrieved from /home/airflow/dags/feature_engineering_dag.py
[2026-04-27T03:52:48.874+0000] {logging_mixin.py:188} INFO - [2026-04-27T03:52:48.873+0000] {dag.py:3036} INFO - Sync 1 DAGs
[2026-04-27T03:52:48.896+0000] {logging_mixin.py:188} INFO - [2026-04-27T03:52:48.896+0000] {dag.py:3823} INFO - Setting next_dagrun for feature_engineering_pipeline to 2026-04-26 00:00:00+00:00, run_after=2026-05-03 00:00:00+00:00
[2026-04-27T03:52:48.918+0000] {processor.py:183} INFO - Processing /home/airflow/dags/feature_engineering_dag.py took 1.004 seconds
[2026-04-27T03:53:19.298+0000] {processor.py:161} INFO - Started process (PID=18259) to work on /home/airflow/dags/feature_engineering_dag.py
[2026-04-27T03:53:19.300+0000] {processor.py:830} INFO - Processing file /home/airflow/dags/feature_engineering_dag.py for tasks to queue
[2026-04-27T03:53:19.301+0000] {logging_mixin.py:188} INFO - [2026-04-27T03:53:19.300+0000] {dagbag.py:538} INFO - Filling up the DagBag from /home/airflow/dags/feature_engineering_dag.py
[2026-04-27T03:53:20.339+0000] {processor.py:840} INFO - DAG(s) 'feature_engineering_pipeline' retrieved from /home/airflow/dags/feature_engineering_dag.py
[2026-04-27T03:53:20.363+0000] {logging_mixin.py:188} INFO - [2026-04-27T03:53:20.362+0000] {dag.py:3036} INFO - Sync 1 DAGs
[2026-04-27T03:53:20.383+0000] {logging_mixin.py:188} INFO - [2026-04-27T03:53:20.382+0000] {dag.py:3823} INFO - Setting next_dagrun for feature_engineering_pipeline to 2026-04-26 00:00:00+00:00, run_after=2026-05-03 00:00:00+00:00
[2026-04-27T03:53:20.404+0000] {processor.py:183} INFO - Processing /home/airflow/dags/feature_engineering_dag.py took 1.110 seconds
[2026-04-27T03:53:50.735+0000] {processor.py:161} INFO - Started process (PID=18304) to work on /home/airflow/dags/feature_engineering_dag.py
[2026-04-27T03:53:50.737+0000] {processor.py:830} INFO - Processing file /home/airflow/dags/feature_engineering_dag.py for tasks to queue
[2026-04-27T03:53:50.738+0000] {logging_mixin.py:188} INFO - [2026-04-27T03:53:50.738+0000] {dagbag.py:538} INFO - Filling up the DagBag from /home/airflow/dags/feature_engineering_dag.py
[2026-04-27T03:53:51.711+0000] {processor.py:840} INFO - DAG(s) 'feature_engineering_pipeline' retrieved from /home/airflow/dags/feature_engineering_dag.py
[2026-04-27T03:53:51.735+0000] {logging_mixin.py:188} INFO - [2026-04-27T03:53:51.735+0000] {dag.py:3036} INFO - Sync 1 DAGs
[2026-04-27T03:53:51.756+0000] {logging_mixin.py:188} INFO - [2026-04-27T03:53:51.756+0000] {dag.py:3823} INFO - Setting next_dagrun for feature_engineering_pipeline to 2026-04-26 00:00:00+00:00, run_after=2026-05-03 00:00:00+00:00
[2026-04-27T03:53:51.782+0000] {processor.py:183} INFO - Processing /home/airflow/dags/feature_engineering_dag.py took 1.051 seconds
[2026-04-27T03:54:22.192+0000] {processor.py:161} INFO - Started process (PID=18349) to work on /home/airflow/dags/feature_engineering_dag.py
[2026-04-27T03:54:22.194+0000] {processor.py:830} INFO - Processing file /home/airflow/dags/feature_engineering_dag.py for tasks to queue
[2026-04-27T03:54:22.195+0000] {logging_mixin.py:188} INFO - [2026-04-27T03:54:22.195+0000] {dagbag.py:538} INFO - Filling up the DagBag from /home/airflow/dags/feature_engineering_dag.py
[2026-04-27T03:54:23.173+0000] {processor.py:840} INFO - DAG(s) 'feature_engineering_pipeline' retrieved from /home/airflow/dags/feature_engineering_dag.py
[2026-04-27T03:54:23.195+0000] {logging_mixin.py:188} INFO - [2026-04-27T03:54:23.195+0000] {dag.py:3036} INFO - Sync 1 DAGs
[2026-04-27T03:54:23.215+0000] {logging_mixin.py:188} INFO - [2026-04-27T03:54:23.215+0000] {dag.py:3823} INFO - Setting next_dagrun for feature_engineering_pipeline to 2026-04-26 00:00:00+00:00, run_after=2026-05-03 00:00:00+00:00
[2026-04-27T03:54:23.239+0000] {processor.py:183} INFO - Processing /home/airflow/dags/feature_engineering_dag.py took 1.052 seconds
[2026-04-27T03:54:53.617+0000] {processor.py:161} INFO - Started process (PID=18394) to work on /home/airflow/dags/feature_engineering_dag.py
[2026-04-27T03:54:53.618+0000] {processor.py:830} INFO - Processing file /home/airflow/dags/feature_engineering_dag.py for tasks to queue
[2026-04-27T03:54:53.620+0000] {logging_mixin.py:188} INFO - [2026-04-27T03:54:53.619+0000] {dagbag.py:538} INFO - Filling up the DagBag from /home/airflow/dags/feature_engineering_dag.py
[2026-04-27T03:54:54.660+0000] {processor.py:840} INFO - DAG(s) 'feature_engineering_pipeline' retrieved from /home/airflow/dags/feature_engineering_dag.py
[2026-04-27T03:54:54.680+0000] {logging_mixin.py:188} INFO - [2026-04-27T03:54:54.680+0000] {dag.py:3036} INFO - Sync 1 DAGs
[2026-04-27T03:54:54.696+0000] {logging_mixin.py:188} INFO - [2026-04-27T03:54:54.696+0000] {dag.py:3823} INFO - Setting next_dagrun for feature_engineering_pipeline to 2026-04-26 00:00:00+00:00, run_after=2026-05-03 00:00:00+00:00
[2026-04-27T03:54:54.719+0000] {processor.py:183} INFO - Processing /home/airflow/dags/feature_engineering_dag.py took 1.106 seconds
[2026-04-27T03:55:25.030+0000] {processor.py:161} INFO - Started process (PID=18439) to work on /home/airflow/dags/feature_engineering_dag.py
[2026-04-27T03:55:25.032+0000] {processor.py:830} INFO - Processing file /home/airflow/dags/feature_engineering_dag.py for tasks to queue
[2026-04-27T03:55:25.033+0000] {logging_mixin.py:188} INFO - [2026-04-27T03:55:25.032+0000] {dagbag.py:538} INFO - Filling up the DagBag from /home/airflow/dags/feature_engineering_dag.py
[2026-04-27T03:55:26.022+0000] {processor.py:840} INFO - DAG(s) 'feature_engineering_pipeline' retrieved from /home/airflow/dags/feature_engineering_dag.py
[2026-04-27T03:55:26.052+0000] {logging_mixin.py:188} INFO - [2026-04-27T03:55:26.051+0000] {dag.py:3036} INFO - Sync 1 DAGs
[2026-04-27T03:55:26.072+0000] {logging_mixin.py:188} INFO - [2026-04-27T03:55:26.072+0000] {dag.py:3823} INFO - Setting next_dagrun for feature_engineering_pipeline to 2026-04-26 00:00:00+00:00, run_after=2026-05-03 00:00:00+00:00
[2026-04-27T03:55:26.096+0000] {processor.py:183} INFO - Processing /home/airflow/dags/feature_engineering_dag.py took 1.070 seconds
[2026-04-27T03:55:56.358+0000] {processor.py:161} INFO - Started process (PID=18484) to work on /home/airflow/dags/feature_engineering_dag.py
[2026-04-27T03:55:56.359+0000] {processor.py:830} INFO - Processing file /home/airflow/dags/feature_engineering_dag.py for tasks to queue
[2026-04-27T03:55:56.360+0000] {logging_mixin.py:188} INFO - [2026-04-27T03:55:56.360+0000] {dagbag.py:538} INFO - Filling up the DagBag from /home/airflow/dags/feature_engineering_dag.py
[2026-04-27T03:55:57.221+0000] {processor.py:840} INFO - DAG(s) 'feature_engineering_pipeline' retrieved from /home/airflow/dags/feature_engineering_dag.py
[2026-04-27T03:55:57.247+0000] {logging_mixin.py:188} INFO - [2026-04-27T03:55:57.246+0000] {dag.py:3036} INFO - Sync 1 DAGs
[2026-04-27T03:55:57.269+0000] {logging_mixin.py:188} INFO - [2026-04-27T03:55:57.269+0000] {dag.py:3823} INFO - Setting next_dagrun for feature_engineering_pipeline to 2026-04-26 00:00:00+00:00, run_after=2026-05-03 00:00:00+00:00
[2026-04-27T03:55:57.299+0000] {processor.py:183} INFO - Processing /home/airflow/dags/feature_engineering_dag.py took 0.945 seconds
[2026-04-27T03:56:27.561+0000] {processor.py:161} INFO - Started process (PID=18529) to work on /home/airflow/dags/feature_engineering_dag.py
[2026-04-27T03:56:27.562+0000] {processor.py:830} INFO - Processing file /home/airflow/dags/feature_engineering_dag.py for tasks to queue
[2026-04-27T03:56:27.563+0000] {logging_mixin.py:188} INFO - [2026-04-27T03:56:27.563+0000] {dagbag.py:538} INFO - Filling up the DagBag from /home/airflow/dags/feature_engineering_dag.py
[2026-04-27T03:56:28.489+0000] {processor.py:840} INFO - DAG(s) 'feature_engineering_pipeline' retrieved from /home/airflow/dags/feature_engineering_dag.py
[2026-04-27T03:56:28.520+0000] {logging_mixin.py:188} INFO - [2026-04-27T03:56:28.519+0000] {dag.py:3036} INFO - Sync 1 DAGs
[2026-04-27T03:56:28.543+0000] {logging_mixin.py:188} INFO - [2026-04-27T03:56:28.543+0000] {dag.py:3823} INFO - Setting next_dagrun for feature_engineering_pipeline to 2026-04-26 00:00:00+00:00, run_after=2026-05-03 00:00:00+00:00
[2026-04-27T03:56:28.572+0000] {processor.py:183} INFO - Processing /home/airflow/dags/feature_engineering_dag.py took 1.014 seconds
[2026-04-27T03:56:58.804+0000] {processor.py:161} INFO - Started process (PID=18574) to work on /home/airflow/dags/feature_engineering_dag.py
[2026-04-27T03:56:58.805+0000] {processor.py:830} INFO - Processing file /home/airflow/dags/feature_engineering_dag.py for tasks to queue
[2026-04-27T03:56:58.806+0000] {logging_mixin.py:188} INFO - [2026-04-27T03:56:58.805+0000] {dagbag.py:538} INFO - Filling up the DagBag from /home/airflow/dags/feature_engineering_dag.py
[2026-04-27T03:56:59.787+0000] {processor.py:840} INFO - DAG(s) 'feature_engineering_pipeline' retrieved from /home/airflow/dags/feature_engineering_dag.py
[2026-04-27T03:56:59.809+0000] {logging_mixin.py:188} INFO - [2026-04-27T03:56:59.808+0000] {dag.py:3036} INFO - Sync 1 DAGs
[2026-04-27T03:56:59.832+0000] {logging_mixin.py:188} INFO - [2026-04-27T03:56:59.832+0000] {dag.py:3823} INFO - Setting next_dagrun for feature_engineering_pipeline to 2026-04-26 00:00:00+00:00, run_after=2026-05-03 00:00:00+00:00
[2026-04-27T03:56:59.861+0000] {processor.py:183} INFO - Processing /home/airflow/dags/feature_engineering_dag.py took 1.060 seconds
[2026-04-27T03:57:30.144+0000] {processor.py:161} INFO - Started process (PID=18619) to work on /home/airflow/dags/feature_engineering_dag.py
[2026-04-27T03:57:30.145+0000] {processor.py:830} INFO - Processing file /home/airflow/dags/feature_engineering_dag.py for tasks to queue
[2026-04-27T03:57:30.146+0000] {logging_mixin.py:188} INFO - [2026-04-27T03:57:30.145+0000] {dagbag.py:538} INFO - Filling up the DagBag from /home/airflow/dags/feature_engineering_dag.py
[2026-04-27T03:57:31.010+0000] {processor.py:840} INFO - DAG(s) 'feature_engineering_pipeline' retrieved from /home/airflow/dags/feature_engineering_dag.py
[2026-04-27T03:57:31.034+0000] {logging_mixin.py:188} INFO - [2026-04-27T03:57:31.033+0000] {dag.py:3036} INFO - Sync 1 DAGs
[2026-04-27T03:57:31.052+0000] {logging_mixin.py:188} INFO - [2026-04-27T03:57:31.052+0000] {dag.py:3823} INFO - Setting next_dagrun for feature_engineering_pipeline to 2026-04-26 00:00:00+00:00, run_after=2026-05-03 00:00:00+00:00
[2026-04-27T03:57:31.082+0000] {processor.py:183} INFO - Processing /home/airflow/dags/feature_engineering_dag.py took 0.942 seconds
[2026-04-27T03:58:01.472+0000] {processor.py:161} INFO - Started process (PID=18664) to work on /home/airflow/dags/feature_engineering_dag.py
[2026-04-27T03:58:01.473+0000] {processor.py:830} INFO - Processing file /home/airflow/dags/feature_engineering_dag.py for tasks to queue
[2026-04-27T03:58:01.474+0000] {logging_mixin.py:188} INFO - [2026-04-27T03:58:01.474+0000] {dagbag.py:538} INFO - Filling up the DagBag from /home/airflow/dags/feature_engineering_dag.py
[2026-04-27T03:58:02.379+0000] {processor.py:840} INFO - DAG(s) 'feature_engineering_pipeline' retrieved from /home/airflow/dags/feature_engineering_dag.py
[2026-04-27T03:58:02.409+0000] {logging_mixin.py:188} INFO - [2026-04-27T03:58:02.409+0000] {dag.py:3036} INFO - Sync 1 DAGs
[2026-04-27T03:58:02.444+0000] {logging_mixin.py:188} INFO - [2026-04-27T03:58:02.444+0000] {dag.py:3823} INFO - Setting next_dagrun for feature_engineering_pipeline to 2026-04-26 00:00:00+00:00, run_after=2026-05-03 00:00:00+00:00
[2026-04-27T03:58:02.477+0000] {processor.py:183} INFO - Processing /home/airflow/dags/feature_engineering_dag.py took 1.009 seconds
[2026-04-27T03:58:32.854+0000] {processor.py:161} INFO - Started process (PID=18709) to work on /home/airflow/dags/feature_engineering_dag.py
[2026-04-27T03:58:32.856+0000] {processor.py:830} INFO - Processing file /home/airflow/dags/feature_engineering_dag.py for tasks to queue
[2026-04-27T03:58:32.859+0000] {logging_mixin.py:188} INFO - [2026-04-27T03:58:32.858+0000] {dagbag.py:538} INFO - Filling up the DagBag from /home/airflow/dags/feature_engineering_dag.py
[2026-04-27T03:58:33.920+0000] {processor.py:840} INFO - DAG(s) 'feature_engineering_pipeline' retrieved from /home/airflow/dags/feature_engineering_dag.py
[2026-04-27T03:58:33.944+0000] {logging_mixin.py:188} INFO - [2026-04-27T03:58:33.943+0000] {dag.py:3036} INFO - Sync 1 DAGs
[2026-04-27T03:58:33.968+0000] {logging_mixin.py:188} INFO - [2026-04-27T03:58:33.967+0000] {dag.py:3823} INFO - Setting next_dagrun for feature_engineering_pipeline to 2026-04-26 00:00:00+00:00, run_after=2026-05-03 00:00:00+00:00
[2026-04-27T03:58:33.992+0000] {processor.py:183} INFO - Processing /home/airflow/dags/feature_engineering_dag.py took 1.143 seconds
[2026-04-27T05:19:43.886+0000] {processor.py:161} INFO - Started process (PID=18763) to work on /home/airflow/dags/feature_engineering_dag.py
[2026-04-27T05:19:43.889+0000] {processor.py:830} INFO - Processing file /home/airflow/dags/feature_engineering_dag.py for tasks to queue
[2026-04-27T05:19:43.900+0000] {logging_mixin.py:188} INFO - [2026-04-27T05:19:43.897+0000] {dagbag.py:538} INFO - Filling up the DagBag from /home/airflow/dags/feature_engineering_dag.py
[2026-04-27T05:19:45.935+0000] {processor.py:840} INFO - DAG(s) 'feature_engineering_pipeline' retrieved from /home/airflow/dags/feature_engineering_dag.py
[2026-04-27T05:19:46.024+0000] {logging_mixin.py:188} INFO - [2026-04-27T05:19:46.023+0000] {dag.py:3036} INFO - Sync 1 DAGs
[2026-04-27T05:19:46.109+0000] {logging_mixin.py:188} INFO - [2026-04-27T05:19:46.108+0000] {dag.py:3823} INFO - Setting next_dagrun for feature_engineering_pipeline to 2026-04-26 00:00:00+00:00, run_after=2026-05-03 00:00:00+00:00
[2026-04-27T05:19:46.190+0000] {processor.py:183} INFO - Processing /home/airflow/dags/feature_engineering_dag.py took 2.310 seconds
[2026-04-27T05:20:16.794+0000] {processor.py:161} INFO - Started process (PID=18814) to work on /home/airflow/dags/feature_engineering_dag.py
[2026-04-27T05:20:16.795+0000] {processor.py:830} INFO - Processing file /home/airflow/dags/feature_engineering_dag.py for tasks to queue
[2026-04-27T05:20:16.797+0000] {logging_mixin.py:188} INFO - [2026-04-27T05:20:16.796+0000] {dagbag.py:538} INFO - Filling up the DagBag from /home/airflow/dags/feature_engineering_dag.py
[2026-04-27T05:20:18.075+0000] {processor.py:840} INFO - DAG(s) 'feature_engineering_pipeline' retrieved from /home/airflow/dags/feature_engineering_dag.py
[2026-04-27T05:20:18.100+0000] {logging_mixin.py:188} INFO - [2026-04-27T05:20:18.100+0000] {dag.py:3036} INFO - Sync 1 DAGs
[2026-04-27T05:20:18.124+0000] {logging_mixin.py:188} INFO - [2026-04-27T05:20:18.124+0000] {dag.py:3823} INFO - Setting next_dagrun for feature_engineering_pipeline to 2026-04-26 00:00:00+00:00, run_after=2026-05-03 00:00:00+00:00
[2026-04-27T05:20:18.153+0000] {processor.py:183} INFO - Processing /home/airflow/dags/feature_engineering_dag.py took 1.364 seconds
[2026-04-27T05:20:48.594+0000] {processor.py:161} INFO - Started process (PID=18859) to work on /home/airflow/dags/feature_engineering_dag.py
[2026-04-27T05:20:48.599+0000] {processor.py:830} INFO - Processing file /home/airflow/dags/feature_engineering_dag.py for tasks to queue
[2026-04-27T05:20:48.601+0000] {logging_mixin.py:188} INFO - [2026-04-27T05:20:48.601+0000] {dagbag.py:538} INFO - Filling up the DagBag from /home/airflow/dags/feature_engineering_dag.py
[2026-04-27T05:20:49.620+0000] {processor.py:840} INFO - DAG(s) 'feature_engineering_pipeline' retrieved from /home/airflow/dags/feature_engineering_dag.py
[2026-04-27T05:20:49.641+0000] {logging_mixin.py:188} INFO - [2026-04-27T05:20:49.640+0000] {dag.py:3036} INFO - Sync 1 DAGs
[2026-04-27T05:20:49.661+0000] {logging_mixin.py:188} INFO - [2026-04-27T05:20:49.660+0000] {dag.py:3823} INFO - Setting next_dagrun for feature_engineering_pipeline to 2026-04-26 00:00:00+00:00, run_after=2026-05-03 00:00:00+00:00
[2026-04-27T05:20:49.685+0000] {processor.py:183} INFO - Processing /home/airflow/dags/feature_engineering_dag.py took 1.097 seconds
[2026-04-27T05:21:20.590+0000] {processor.py:161} INFO - Started process (PID=18901) to work on /home/airflow/dags/feature_engineering_dag.py
[2026-04-27T05:21:20.591+0000] {processor.py:830} INFO - Processing file /home/airflow/dags/feature_engineering_dag.py for tasks to queue
[2026-04-27T05:21:20.593+0000] {logging_mixin.py:188} INFO - [2026-04-27T05:21:20.592+0000] {dagbag.py:538} INFO - Filling up the DagBag from /home/airflow/dags/feature_engineering_dag.py
[2026-04-27T05:21:21.484+0000] {processor.py:840} INFO - DAG(s) 'feature_engineering_pipeline' retrieved from /home/airflow/dags/feature_engineering_dag.py
[2026-04-27T05:21:21.510+0000] {logging_mixin.py:188} INFO - [2026-04-27T05:21:21.509+0000] {dag.py:3036} INFO - Sync 1 DAGs
[2026-04-27T05:21:21.529+0000] {logging_mixin.py:188} INFO - [2026-04-27T05:21:21.529+0000] {dag.py:3823} INFO - Setting next_dagrun for feature_engineering_pipeline to 2026-04-26 00:00:00+00:00, run_after=2026-05-03 00:00:00+00:00
[2026-04-27T05:21:21.574+0000] {processor.py:183} INFO - Processing /home/airflow/dags/feature_engineering_dag.py took 0.988 seconds
[2026-04-27T05:21:51.909+0000] {processor.py:161} INFO - Started process (PID=18941) to work on /home/airflow/dags/feature_engineering_dag.py
[2026-04-27T05:21:51.910+0000] {processor.py:830} INFO - Processing file /home/airflow/dags/feature_engineering_dag.py for tasks to queue
[2026-04-27T05:21:51.911+0000] {logging_mixin.py:188} INFO - [2026-04-27T05:21:51.911+0000] {dagbag.py:538} INFO - Filling up the DagBag from /home/airflow/dags/feature_engineering_dag.py
[2026-04-27T05:21:52.854+0000] {processor.py:840} INFO - DAG(s) 'feature_engineering_pipeline' retrieved from /home/airflow/dags/feature_engineering_dag.py
[2026-04-27T05:21:52.876+0000] {logging_mixin.py:188} INFO - [2026-04-27T05:21:52.876+0000] {dag.py:3036} INFO - Sync 1 DAGs
[2026-04-27T05:21:52.897+0000] {logging_mixin.py:188} INFO - [2026-04-27T05:21:52.897+0000] {dag.py:3823} INFO - Setting next_dagrun for feature_engineering_pipeline to 2026-04-26 00:00:00+00:00, run_after=2026-05-03 00:00:00+00:00
[2026-04-27T05:21:52.922+0000] {processor.py:183} INFO - Processing /home/airflow/dags/feature_engineering_dag.py took 1.017 seconds
[2026-04-27T05:22:23.349+0000] {processor.py:161} INFO - Started process (PID=18994) to work on /home/airflow/dags/feature_engineering_dag.py
[2026-04-27T05:22:23.350+0000] {processor.py:830} INFO - Processing file /home/airflow/dags/feature_engineering_dag.py for tasks to queue
[2026-04-27T05:22:23.351+0000] {logging_mixin.py:188} INFO - [2026-04-27T05:22:23.351+0000] {dagbag.py:538} INFO - Filling up the DagBag from /home/airflow/dags/feature_engineering_dag.py
[2026-04-27T05:22:24.191+0000] {processor.py:840} INFO - DAG(s) 'feature_engineering_pipeline' retrieved from /home/airflow/dags/feature_engineering_dag.py
[2026-04-27T05:22:24.212+0000] {logging_mixin.py:188} INFO - [2026-04-27T05:22:24.212+0000] {dag.py:3036} INFO - Sync 1 DAGs
[2026-04-27T05:22:24.227+0000] {logging_mixin.py:188} INFO - [2026-04-27T05:22:24.227+0000] {dag.py:3823} INFO - Setting next_dagrun for feature_engineering_pipeline to 2026-04-26 00:00:00+00:00, run_after=2026-05-03 00:00:00+00:00
[2026-04-27T05:22:24.252+0000] {processor.py:183} INFO - Processing /home/airflow/dags/feature_engineering_dag.py took 0.907 seconds
[2026-04-27T05:22:54.686+0000] {processor.py:161} INFO - Started process (PID=19037) to work on /home/airflow/dags/feature_engineering_dag.py
[2026-04-27T05:22:54.687+0000] {processor.py:830} INFO - Processing file /home/airflow/dags/feature_engineering_dag.py for tasks to queue
[2026-04-27T05:22:54.688+0000] {logging_mixin.py:188} INFO - [2026-04-27T05:22:54.688+0000] {dagbag.py:538} INFO - Filling up the DagBag from /home/airflow/dags/feature_engineering_dag.py
[2026-04-27T05:22:55.607+0000] {processor.py:840} INFO - DAG(s) 'feature_engineering_pipeline' retrieved from /home/airflow/dags/feature_engineering_dag.py
[2026-04-27T05:22:55.628+0000] {logging_mixin.py:188} INFO - [2026-04-27T05:22:55.628+0000] {dag.py:3036} INFO - Sync 1 DAGs
[2026-04-27T05:22:55.647+0000] {logging_mixin.py:188} INFO - [2026-04-27T05:22:55.647+0000] {dag.py:3823} INFO - Setting next_dagrun for feature_engineering_pipeline to 2026-04-26 00:00:00+00:00, run_after=2026-05-03 00:00:00+00:00
[2026-04-27T05:22:55.672+0000] {processor.py:183} INFO - Processing /home/airflow/dags/feature_engineering_dag.py took 0.990 seconds
[2026-04-27T05:23:26.044+0000] {processor.py:161} INFO - Started process (PID=19076) to work on /home/airflow/dags/feature_engineering_dag.py
[2026-04-27T05:23:26.046+0000] {processor.py:830} INFO - Processing file /home/airflow/dags/feature_engineering_dag.py for tasks to queue
[2026-04-27T05:23:26.047+0000] {logging_mixin.py:188} INFO - [2026-04-27T05:23:26.047+0000] {dagbag.py:538} INFO - Filling up the DagBag from /home/airflow/dags/feature_engineering_dag.py
[2026-04-27T05:23:27.164+0000] {processor.py:840} INFO - DAG(s) 'feature_engineering_pipeline' retrieved from /home/airflow/dags/feature_engineering_dag.py
[2026-04-27T05:23:27.186+0000] {logging_mixin.py:188} INFO - [2026-04-27T05:23:27.186+0000] {dag.py:3036} INFO - Sync 1 DAGs
[2026-04-27T05:23:27.209+0000] {logging_mixin.py:188} INFO - [2026-04-27T05:23:27.209+0000] {dag.py:3823} INFO - Setting next_dagrun for feature_engineering_pipeline to 2026-04-26 00:00:00+00:00, run_after=2026-05-03 00:00:00+00:00
[2026-04-27T05:23:27.233+0000] {processor.py:183} INFO - Processing /home/airflow/dags/feature_engineering_dag.py took 1.192 seconds
[2026-04-27T05:23:58.037+0000] {processor.py:161} INFO - Started process (PID=19121) to work on /home/airflow/dags/feature_engineering_dag.py
[2026-04-27T05:23:58.038+0000] {processor.py:830} INFO - Processing file /home/airflow/dags/feature_engineering_dag.py for tasks to queue
[2026-04-27T05:23:58.039+0000] {logging_mixin.py:188} INFO - [2026-04-27T05:23:58.039+0000] {dagbag.py:538} INFO - Filling up the DagBag from /home/airflow/dags/feature_engineering_dag.py
[2026-04-27T05:23:58.943+0000] {processor.py:840} INFO - DAG(s) 'feature_engineering_pipeline' retrieved from /home/airflow/dags/feature_engineering_dag.py
[2026-04-27T05:23:58.962+0000] {logging_mixin.py:188} INFO - [2026-04-27T05:23:58.962+0000] {dag.py:3036} INFO - Sync 1 DAGs
[2026-04-27T05:23:58.979+0000] {logging_mixin.py:188} INFO - [2026-04-27T05:23:58.979+0000] {dag.py:3823} INFO - Setting next_dagrun for feature_engineering_pipeline to 2026-04-26 00:00:00+00:00, run_after=2026-05-03 00:00:00+00:00
[2026-04-27T05:23:59.005+0000] {processor.py:183} INFO - Processing /home/airflow/dags/feature_engineering_dag.py took 0.972 seconds
[2026-04-27T05:24:29.220+0000] {processor.py:161} INFO - Started process (PID=19166) to work on /home/airflow/dags/feature_engineering_dag.py
[2026-04-27T05:24:29.221+0000] {processor.py:830} INFO - Processing file /home/airflow/dags/feature_engineering_dag.py for tasks to queue
[2026-04-27T05:24:29.222+0000] {logging_mixin.py:188} INFO - [2026-04-27T05:24:29.221+0000] {dagbag.py:538} INFO - Filling up the DagBag from /home/airflow/dags/feature_engineering_dag.py
[2026-04-27T05:24:30.132+0000] {processor.py:840} INFO - DAG(s) 'feature_engineering_pipeline' retrieved from /home/airflow/dags/feature_engineering_dag.py
[2026-04-27T05:24:30.176+0000] {logging_mixin.py:188} INFO - [2026-04-27T05:24:30.176+0000] {dag.py:3036} INFO - Sync 1 DAGs
[2026-04-27T05:24:30.215+0000] {logging_mixin.py:188} INFO - [2026-04-27T05:24:30.214+0000] {dag.py:3823} INFO - Setting next_dagrun for feature_engineering_pipeline to 2026-04-26 00:00:00+00:00, run_after=2026-05-03 00:00:00+00:00
[2026-04-27T05:24:30.253+0000] {processor.py:183} INFO - Processing /home/airflow/dags/feature_engineering_dag.py took 1.036 seconds
[2026-04-27T05:25:00.443+0000] {processor.py:161} INFO - Started process (PID=19203) to work on /home/airflow/dags/feature_engineering_dag.py
[2026-04-27T05:25:00.444+0000] {processor.py:830} INFO - Processing file /home/airflow/dags/feature_engineering_dag.py for tasks to queue
[2026-04-27T05:25:00.445+0000] {logging_mixin.py:188} INFO - [2026-04-27T05:25:00.445+0000] {dagbag.py:538} INFO - Filling up the DagBag from /home/airflow/dags/feature_engineering_dag.py
[2026-04-27T05:25:01.323+0000] {processor.py:840} INFO - DAG(s) 'feature_engineering_pipeline' retrieved from /home/airflow/dags/feature_engineering_dag.py
[2026-04-27T05:25:01.353+0000] {logging_mixin.py:188} INFO - [2026-04-27T05:25:01.352+0000] {dag.py:3036} INFO - Sync 1 DAGs
[2026-04-27T05:25:01.381+0000] {logging_mixin.py:188} INFO - [2026-04-27T05:25:01.381+0000] {dag.py:3823} INFO - Setting next_dagrun for feature_engineering_pipeline to 2026-04-26 00:00:00+00:00, run_after=2026-05-03 00:00:00+00:00
[2026-04-27T05:25:01.408+0000] {processor.py:183} INFO - Processing /home/airflow/dags/feature_engineering_dag.py took 0.968 seconds
[2026-04-27T05:25:31.753+0000] {processor.py:161} INFO - Started process (PID=19248) to work on /home/airflow/dags/feature_engineering_dag.py
[2026-04-27T05:25:31.754+0000] {processor.py:830} INFO - Processing file /home/airflow/dags/feature_engineering_dag.py for tasks to queue
[2026-04-27T05:25:31.755+0000] {logging_mixin.py:188} INFO - [2026-04-27T05:25:31.755+0000] {dagbag.py:538} INFO - Filling up the DagBag from /home/airflow/dags/feature_engineering_dag.py
[2026-04-27T05:25:32.564+0000] {processor.py:840} INFO - DAG(s) 'feature_engineering_pipeline' retrieved from /home/airflow/dags/feature_engineering_dag.py
[2026-04-27T05:25:32.590+0000] {logging_mixin.py:188} INFO - [2026-04-27T05:25:32.589+0000] {dag.py:3036} INFO - Sync 1 DAGs
[2026-04-27T05:25:32.609+0000] {logging_mixin.py:188} INFO - [2026-04-27T05:25:32.609+0000] {dag.py:3823} INFO - Setting next_dagrun for feature_engineering_pipeline to 2026-04-26 00:00:00+00:00, run_after=2026-05-03 00:00:00+00:00
[2026-04-27T05:25:32.635+0000] {processor.py:183} INFO - Processing /home/airflow/dags/feature_engineering_dag.py took 0.887 seconds
[2026-04-27T05:26:02.988+0000] {processor.py:161} INFO - Started process (PID=19293) to work on /home/airflow/dags/feature_engineering_dag.py
[2026-04-27T05:26:02.989+0000] {processor.py:830} INFO - Processing file /home/airflow/dags/feature_engineering_dag.py for tasks to queue
[2026-04-27T05:26:02.990+0000] {logging_mixin.py:188} INFO - [2026-04-27T05:26:02.990+0000] {dagbag.py:538} INFO - Filling up the DagBag from /home/airflow/dags/feature_engineering_dag.py
[2026-04-27T05:26:03.824+0000] {processor.py:840} INFO - DAG(s) 'feature_engineering_pipeline' retrieved from /home/airflow/dags/feature_engineering_dag.py
[2026-04-27T05:26:03.850+0000] {logging_mixin.py:188} INFO - [2026-04-27T05:26:03.849+0000] {dag.py:3036} INFO - Sync 1 DAGs
[2026-04-27T05:26:03.872+0000] {logging_mixin.py:188} INFO - [2026-04-27T05:26:03.871+0000] {dag.py:3823} INFO - Setting next_dagrun for feature_engineering_pipeline to 2026-04-26 00:00:00+00:00, run_after=2026-05-03 00:00:00+00:00
[2026-04-27T05:26:03.898+0000] {processor.py:183} INFO - Processing /home/airflow/dags/feature_engineering_dag.py took 0.913 seconds
[2026-04-27T05:26:34.242+0000] {processor.py:161} INFO - Started process (PID=19338) to work on /home/airflow/dags/feature_engineering_dag.py
[2026-04-27T05:26:34.243+0000] {processor.py:830} INFO - Processing file /home/airflow/dags/feature_engineering_dag.py for tasks to queue
[2026-04-27T05:26:34.244+0000] {logging_mixin.py:188} INFO - [2026-04-27T05:26:34.244+0000] {dagbag.py:538} INFO - Filling up the DagBag from /home/airflow/dags/feature_engineering_dag.py
[2026-04-27T05:26:35.070+0000] {processor.py:840} INFO - DAG(s) 'feature_engineering_pipeline' retrieved from /home/airflow/dags/feature_engineering_dag.py
[2026-04-27T05:26:35.092+0000] {logging_mixin.py:188} INFO - [2026-04-27T05:26:35.092+0000] {dag.py:3036} INFO - Sync 1 DAGs
[2026-04-27T05:26:35.111+0000] {logging_mixin.py:188} INFO - [2026-04-27T05:26:35.111+0000] {dag.py:3823} INFO - Setting next_dagrun for feature_engineering_pipeline to 2026-04-26 00:00:00+00:00, run_after=2026-05-03 00:00:00+00:00
[2026-04-27T05:26:35.138+0000] {processor.py:183} INFO - Processing /home/airflow/dags/feature_engineering_dag.py took 0.899 seconds
[2026-04-27T05:27:05.462+0000] {processor.py:161} INFO - Started process (PID=19383) to work on /home/airflow/dags/feature_engineering_dag.py
[2026-04-27T05:27:05.463+0000] {processor.py:830} INFO - Processing file /home/airflow/dags/feature_engineering_dag.py for tasks to queue
[2026-04-27T05:27:05.464+0000] {logging_mixin.py:188} INFO - [2026-04-27T05:27:05.463+0000] {dagbag.py:538} INFO - Filling up the DagBag from /home/airflow/dags/feature_engineering_dag.py
[2026-04-27T05:27:06.405+0000] {processor.py:840} INFO - DAG(s) 'feature_engineering_pipeline' retrieved from /home/airflow/dags/feature_engineering_dag.py
[2026-04-27T05:27:06.435+0000] {logging_mixin.py:188} INFO - [2026-04-27T05:27:06.434+0000] {dag.py:3036} INFO - Sync 1 DAGs
[2026-04-27T05:27:06.458+0000] {logging_mixin.py:188} INFO - [2026-04-27T05:27:06.458+0000] {dag.py:3823} INFO - Setting next_dagrun for feature_engineering_pipeline to 2026-04-26 00:00:00+00:00, run_after=2026-05-03 00:00:00+00:00
[2026-04-27T05:27:06.489+0000] {processor.py:183} INFO - Processing /home/airflow/dags/feature_engineering_dag.py took 1.031 seconds
[2026-04-27T05:27:37.075+0000] {processor.py:161} INFO - Started process (PID=19428) to work on /home/airflow/dags/feature_engineering_dag.py
[2026-04-27T05:27:37.077+0000] {processor.py:830} INFO - Processing file /home/airflow/dags/feature_engineering_dag.py for tasks to queue
[2026-04-27T05:27:37.078+0000] {logging_mixin.py:188} INFO - [2026-04-27T05:27:37.077+0000] {dagbag.py:538} INFO - Filling up the DagBag from /home/airflow/dags/feature_engineering_dag.py
[2026-04-27T05:27:38.054+0000] {processor.py:840} INFO - DAG(s) 'feature_engineering_pipeline' retrieved from /home/airflow/dags/feature_engineering_dag.py
[2026-04-27T05:27:38.083+0000] {logging_mixin.py:188} INFO - [2026-04-27T05:27:38.082+0000] {dag.py:3036} INFO - Sync 1 DAGs
[2026-04-27T05:27:38.102+0000] {logging_mixin.py:188} INFO - [2026-04-27T05:27:38.102+0000] {dag.py:3823} INFO - Setting next_dagrun for feature_engineering_pipeline to 2026-04-26 00:00:00+00:00, run_after=2026-05-03 00:00:00+00:00
[2026-04-27T05:27:38.143+0000] {processor.py:183} INFO - Processing /home/airflow/dags/feature_engineering_dag.py took 1.071 seconds
[2026-04-27T05:28:08.745+0000] {processor.py:161} INFO - Started process (PID=19473) to work on /home/airflow/dags/feature_engineering_dag.py
[2026-04-27T05:28:08.746+0000] {processor.py:830} INFO - Processing file /home/airflow/dags/feature_engineering_dag.py for tasks to queue
[2026-04-27T05:28:08.747+0000] {logging_mixin.py:188} INFO - [2026-04-27T05:28:08.747+0000] {dagbag.py:538} INFO - Filling up the DagBag from /home/airflow/dags/feature_engineering_dag.py
[2026-04-27T05:28:09.596+0000] {processor.py:840} INFO - DAG(s) 'feature_engineering_pipeline' retrieved from /home/airflow/dags/feature_engineering_dag.py
[2026-04-27T05:28:09.619+0000] {logging_mixin.py:188} INFO - [2026-04-27T05:28:09.619+0000] {dag.py:3036} INFO - Sync 1 DAGs
[2026-04-27T05:28:09.643+0000] {logging_mixin.py:188} INFO - [2026-04-27T05:28:09.643+0000] {dag.py:3823} INFO - Setting next_dagrun for feature_engineering_pipeline to 2026-04-26 00:00:00+00:00, run_after=2026-05-03 00:00:00+00:00
[2026-04-27T05:28:09.668+0000] {processor.py:183} INFO - Processing /home/airflow/dags/feature_engineering_dag.py took 0.927 seconds
[2026-04-27T05:28:40.242+0000] {processor.py:161} INFO - Started process (PID=19518) to work on /home/airflow/dags/feature_engineering_dag.py
[2026-04-27T05:28:40.244+0000] {processor.py:830} INFO - Processing file /home/airflow/dags/feature_engineering_dag.py for tasks to queue
[2026-04-27T05:28:40.245+0000] {logging_mixin.py:188} INFO - [2026-04-27T05:28:40.244+0000] {dagbag.py:538} INFO - Filling up the DagBag from /home/airflow/dags/feature_engineering_dag.py
[2026-04-27T05:28:41.156+0000] {processor.py:840} INFO - DAG(s) 'feature_engineering_pipeline' retrieved from /home/airflow/dags/feature_engineering_dag.py
[2026-04-27T05:28:41.179+0000] {logging_mixin.py:188} INFO - [2026-04-27T05:28:41.179+0000] {dag.py:3036} INFO - Sync 1 DAGs
[2026-04-27T05:28:41.195+0000] {logging_mixin.py:188} INFO - [2026-04-27T05:28:41.195+0000] {dag.py:3823} INFO - Setting next_dagrun for feature_engineering_pipeline to 2026-04-26 00:00:00+00:00, run_after=2026-05-03 00:00:00+00:00
[2026-04-27T05:28:41.220+0000] {processor.py:183} INFO - Processing /home/airflow/dags/feature_engineering_dag.py took 0.981 seconds
[2026-04-27T05:29:11.391+0000] {processor.py:161} INFO - Started process (PID=19563) to work on /home/airflow/dags/feature_engineering_dag.py
[2026-04-27T05:29:11.392+0000] {processor.py:830} INFO - Processing file /home/airflow/dags/feature_engineering_dag.py for tasks to queue
[2026-04-27T05:29:11.394+0000] {logging_mixin.py:188} INFO - [2026-04-27T05:29:11.393+0000] {dagbag.py:538} INFO - Filling up the DagBag from /home/airflow/dags/feature_engineering_dag.py
[2026-04-27T05:29:12.331+0000] {processor.py:840} INFO - DAG(s) 'feature_engineering_pipeline' retrieved from /home/airflow/dags/feature_engineering_dag.py
[2026-04-27T05:29:12.354+0000] {logging_mixin.py:188} INFO - [2026-04-27T05:29:12.354+0000] {dag.py:3036} INFO - Sync 1 DAGs
[2026-04-27T05:29:12.377+0000] {logging_mixin.py:188} INFO - [2026-04-27T05:29:12.377+0000] {dag.py:3823} INFO - Setting next_dagrun for feature_engineering_pipeline to 2026-04-26 00:00:00+00:00, run_after=2026-05-03 00:00:00+00:00
[2026-04-27T05:29:12.402+0000] {processor.py:183} INFO - Processing /home/airflow/dags/feature_engineering_dag.py took 1.014 seconds
[2026-04-27T05:29:42.810+0000] {processor.py:161} INFO - Started process (PID=19608) to work on /home/airflow/dags/feature_engineering_dag.py
[2026-04-27T05:29:42.811+0000] {processor.py:830} INFO - Processing file /home/airflow/dags/feature_engineering_dag.py for tasks to queue
[2026-04-27T05:29:42.812+0000] {logging_mixin.py:188} INFO - [2026-04-27T05:29:42.812+0000] {dagbag.py:538} INFO - Filling up the DagBag from /home/airflow/dags/feature_engineering_dag.py
[2026-04-27T05:29:43.829+0000] {processor.py:840} INFO - DAG(s) 'feature_engineering_pipeline' retrieved from /home/airflow/dags/feature_engineering_dag.py
[2026-04-27T05:29:43.853+0000] {logging_mixin.py:188} INFO - [2026-04-27T05:29:43.853+0000] {dag.py:3036} INFO - Sync 1 DAGs
[2026-04-27T05:29:43.874+0000] {logging_mixin.py:188} INFO - [2026-04-27T05:29:43.874+0000] {dag.py:3823} INFO - Setting next_dagrun for feature_engineering_pipeline to 2026-04-26 00:00:00+00:00, run_after=2026-05-03 00:00:00+00:00
[2026-04-27T05:29:43.899+0000] {processor.py:183} INFO - Processing /home/airflow/dags/feature_engineering_dag.py took 1.093 seconds
[2026-04-27T05:30:14.143+0000] {processor.py:161} INFO - Started process (PID=19653) to work on /home/airflow/dags/feature_engineering_dag.py
[2026-04-27T05:30:14.144+0000] {processor.py:830} INFO - Processing file /home/airflow/dags/feature_engineering_dag.py for tasks to queue
[2026-04-27T05:30:14.145+0000] {logging_mixin.py:188} INFO - [2026-04-27T05:30:14.145+0000] {dagbag.py:538} INFO - Filling up the DagBag from /home/airflow/dags/feature_engineering_dag.py
[2026-04-27T05:30:15.043+0000] {processor.py:840} INFO - DAG(s) 'feature_engineering_pipeline' retrieved from /home/airflow/dags/feature_engineering_dag.py
[2026-04-27T05:30:15.067+0000] {logging_mixin.py:188} INFO - [2026-04-27T05:30:15.067+0000] {dag.py:3036} INFO - Sync 1 DAGs
[2026-04-27T05:30:15.089+0000] {logging_mixin.py:188} INFO - [2026-04-27T05:30:15.089+0000] {dag.py:3823} INFO - Setting next_dagrun for feature_engineering_pipeline to 2026-04-26 00:00:00+00:00, run_after=2026-05-03 00:00:00+00:00
[2026-04-27T05:30:15.111+0000] {processor.py:183} INFO - Processing /home/airflow/dags/feature_engineering_dag.py took 0.971 seconds
[2026-04-27T05:30:45.403+0000] {processor.py:161} INFO - Started process (PID=19698) to work on /home/airflow/dags/feature_engineering_dag.py
[2026-04-27T05:30:45.404+0000] {processor.py:830} INFO - Processing file /home/airflow/dags/feature_engineering_dag.py for tasks to queue
[2026-04-27T05:30:45.405+0000] {logging_mixin.py:188} INFO - [2026-04-27T05:30:45.404+0000] {dagbag.py:538} INFO - Filling up the DagBag from /home/airflow/dags/feature_engineering_dag.py
[2026-04-27T05:30:46.253+0000] {processor.py:840} INFO - DAG(s) 'feature_engineering_pipeline' retrieved from /home/airflow/dags/feature_engineering_dag.py
[2026-04-27T05:30:46.277+0000] {logging_mixin.py:188} INFO - [2026-04-27T05:30:46.277+0000] {dag.py:3036} INFO - Sync 1 DAGs
[2026-04-27T05:30:46.300+0000] {logging_mixin.py:188} INFO - [2026-04-27T05:30:46.299+0000] {dag.py:3823} INFO - Setting next_dagrun for feature_engineering_pipeline to 2026-04-26 00:00:00+00:00, run_after=2026-05-03 00:00:00+00:00
[2026-04-27T05:30:46.328+0000] {processor.py:183} INFO - Processing /home/airflow/dags/feature_engineering_dag.py took 0.929 seconds
[2026-04-27T05:31:16.757+0000] {processor.py:161} INFO - Started process (PID=19743) to work on /home/airflow/dags/feature_engineering_dag.py
[2026-04-27T05:31:16.758+0000] {processor.py:830} INFO - Processing file /home/airflow/dags/feature_engineering_dag.py for tasks to queue
[2026-04-27T05:31:16.759+0000] {logging_mixin.py:188} INFO - [2026-04-27T05:31:16.759+0000] {dagbag.py:538} INFO - Filling up the DagBag from /home/airflow/dags/feature_engineering_dag.py
[2026-04-27T05:31:17.769+0000] {processor.py:840} INFO - DAG(s) 'feature_engineering_pipeline' retrieved from /home/airflow/dags/feature_engineering_dag.py
[2026-04-27T05:31:17.791+0000] {logging_mixin.py:188} INFO - [2026-04-27T05:31:17.791+0000] {dag.py:3036} INFO - Sync 1 DAGs
[2026-04-27T05:31:17.815+0000] {logging_mixin.py:188} INFO - [2026-04-27T05:31:17.815+0000] {dag.py:3823} INFO - Setting next_dagrun for feature_engineering_pipeline to 2026-04-26 00:00:00+00:00, run_after=2026-05-03 00:00:00+00:00
[2026-04-27T05:31:17.839+0000] {processor.py:183} INFO - Processing /home/airflow/dags/feature_engineering_dag.py took 1.086 seconds
[2026-04-27T05:31:48.292+0000] {processor.py:161} INFO - Started process (PID=19788) to work on /home/airflow/dags/feature_engineering_dag.py
[2026-04-27T05:31:48.294+0000] {processor.py:830} INFO - Processing file /home/airflow/dags/feature_engineering_dag.py for tasks to queue
[2026-04-27T05:31:48.296+0000] {logging_mixin.py:188} INFO - [2026-04-27T05:31:48.295+0000] {dagbag.py:538} INFO - Filling up the DagBag from /home/airflow/dags/feature_engineering_dag.py
[2026-04-27T05:31:49.420+0000] {processor.py:840} INFO - DAG(s) 'feature_engineering_pipeline' retrieved from /home/airflow/dags/feature_engineering_dag.py
[2026-04-27T05:31:49.445+0000] {logging_mixin.py:188} INFO - [2026-04-27T05:31:49.445+0000] {dag.py:3036} INFO - Sync 1 DAGs
[2026-04-27T05:31:49.464+0000] {logging_mixin.py:188} INFO - [2026-04-27T05:31:49.464+0000] {dag.py:3823} INFO - Setting next_dagrun for feature_engineering_pipeline to 2026-04-26 00:00:00+00:00, run_after=2026-05-03 00:00:00+00:00
[2026-04-27T05:31:49.486+0000] {processor.py:183} INFO - Processing /home/airflow/dags/feature_engineering_dag.py took 1.197 seconds
[2026-04-27T05:32:19.928+0000] {processor.py:161} INFO - Started process (PID=19833) to work on /home/airflow/dags/feature_engineering_dag.py
[2026-04-27T05:32:19.929+0000] {processor.py:830} INFO - Processing file /home/airflow/dags/feature_engineering_dag.py for tasks to queue
[2026-04-27T05:32:19.930+0000] {logging_mixin.py:188} INFO - [2026-04-27T05:32:19.930+0000] {dagbag.py:538} INFO - Filling up the DagBag from /home/airflow/dags/feature_engineering_dag.py
[2026-04-27T05:32:20.801+0000] {processor.py:840} INFO - DAG(s) 'feature_engineering_pipeline' retrieved from /home/airflow/dags/feature_engineering_dag.py
[2026-04-27T05:32:20.822+0000] {logging_mixin.py:188} INFO - [2026-04-27T05:32:20.822+0000] {dag.py:3036} INFO - Sync 1 DAGs
[2026-04-27T05:32:20.839+0000] {logging_mixin.py:188} INFO - [2026-04-27T05:32:20.839+0000] {dag.py:3823} INFO - Setting next_dagrun for feature_engineering_pipeline to 2026-04-26 00:00:00+00:00, run_after=2026-05-03 00:00:00+00:00
[2026-04-27T05:32:20.866+0000] {processor.py:183} INFO - Processing /home/airflow/dags/feature_engineering_dag.py took 0.941 seconds
[2026-04-27T05:32:51.280+0000] {processor.py:161} INFO - Started process (PID=19878) to work on /home/airflow/dags/feature_engineering_dag.py
[2026-04-27T05:32:51.282+0000] {processor.py:830} INFO - Processing file /home/airflow/dags/feature_engineering_dag.py for tasks to queue
[2026-04-27T05:32:51.284+0000] {logging_mixin.py:188} INFO - [2026-04-27T05:32:51.283+0000] {dagbag.py:538} INFO - Filling up the DagBag from /home/airflow/dags/feature_engineering_dag.py
[2026-04-27T05:32:52.250+0000] {processor.py:840} INFO - DAG(s) 'feature_engineering_pipeline' retrieved from /home/airflow/dags/feature_engineering_dag.py
[2026-04-27T05:32:52.274+0000] {logging_mixin.py:188} INFO - [2026-04-27T05:32:52.273+0000] {dag.py:3036} INFO - Sync 1 DAGs
[2026-04-27T05:32:52.293+0000] {logging_mixin.py:188} INFO - [2026-04-27T05:32:52.293+0000] {dag.py:3823} INFO - Setting next_dagrun for feature_engineering_pipeline to 2026-04-26 00:00:00+00:00, run_after=2026-05-03 00:00:00+00:00
[2026-04-27T05:32:52.319+0000] {processor.py:183} INFO - Processing /home/airflow/dags/feature_engineering_dag.py took 1.043 seconds
[2026-04-27T05:33:22.704+0000] {processor.py:161} INFO - Started process (PID=19923) to work on /home/airflow/dags/feature_engineering_dag.py
[2026-04-27T05:33:22.705+0000] {processor.py:830} INFO - Processing file /home/airflow/dags/feature_engineering_dag.py for tasks to queue
[2026-04-27T05:33:22.706+0000] {logging_mixin.py:188} INFO - [2026-04-27T05:33:22.705+0000] {dagbag.py:538} INFO - Filling up the DagBag from /home/airflow/dags/feature_engineering_dag.py
[2026-04-27T05:33:23.533+0000] {processor.py:840} INFO - DAG(s) 'feature_engineering_pipeline' retrieved from /home/airflow/dags/feature_engineering_dag.py
[2026-04-27T05:33:23.554+0000] {logging_mixin.py:188} INFO - [2026-04-27T05:33:23.553+0000] {dag.py:3036} INFO - Sync 1 DAGs
[2026-04-27T05:33:23.570+0000] {logging_mixin.py:188} INFO - [2026-04-27T05:33:23.570+0000] {dag.py:3823} INFO - Setting next_dagrun for feature_engineering_pipeline to 2026-04-26 00:00:00+00:00, run_after=2026-05-03 00:00:00+00:00
[2026-04-27T05:33:23.596+0000] {processor.py:183} INFO - Processing /home/airflow/dags/feature_engineering_dag.py took 0.895 seconds
[2026-04-27T05:33:53.962+0000] {processor.py:161} INFO - Started process (PID=19968) to work on /home/airflow/dags/feature_engineering_dag.py
[2026-04-27T05:33:53.963+0000] {processor.py:830} INFO - Processing file /home/airflow/dags/feature_engineering_dag.py for tasks to queue
[2026-04-27T05:33:53.964+0000] {logging_mixin.py:188} INFO - [2026-04-27T05:33:53.964+0000] {dagbag.py:538} INFO - Filling up the DagBag from /home/airflow/dags/feature_engineering_dag.py
[2026-04-27T05:33:54.909+0000] {processor.py:840} INFO - DAG(s) 'feature_engineering_pipeline' retrieved from /home/airflow/dags/feature_engineering_dag.py
[2026-04-27T05:33:54.937+0000] {logging_mixin.py:188} INFO - [2026-04-27T05:33:54.936+0000] {dag.py:3036} INFO - Sync 1 DAGs
[2026-04-27T05:33:54.961+0000] {logging_mixin.py:188} INFO - [2026-04-27T05:33:54.960+0000] {dag.py:3823} INFO - Setting next_dagrun for feature_engineering_pipeline to 2026-04-26 00:00:00+00:00, run_after=2026-05-03 00:00:00+00:00
[2026-04-27T05:33:54.986+0000] {processor.py:183} INFO - Processing /home/airflow/dags/feature_engineering_dag.py took 1.027 seconds
[2026-04-27T05:34:25.312+0000] {processor.py:161} INFO - Started process (PID=20013) to work on /home/airflow/dags/feature_engineering_dag.py
[2026-04-27T05:34:25.313+0000] {processor.py:830} INFO - Processing file /home/airflow/dags/feature_engineering_dag.py for tasks to queue
[2026-04-27T05:34:25.314+0000] {logging_mixin.py:188} INFO - [2026-04-27T05:34:25.314+0000] {dagbag.py:538} INFO - Filling up the DagBag from /home/airflow/dags/feature_engineering_dag.py
[2026-04-27T05:34:26.223+0000] {processor.py:840} INFO - DAG(s) 'feature_engineering_pipeline' retrieved from /home/airflow/dags/feature_engineering_dag.py
[2026-04-27T05:34:26.245+0000] {logging_mixin.py:188} INFO - [2026-04-27T05:34:26.245+0000] {dag.py:3036} INFO - Sync 1 DAGs
[2026-04-27T05:34:26.266+0000] {logging_mixin.py:188} INFO - [2026-04-27T05:34:26.265+0000] {dag.py:3823} INFO - Setting next_dagrun for feature_engineering_pipeline to 2026-04-26 00:00:00+00:00, run_after=2026-05-03 00:00:00+00:00
[2026-04-27T05:34:26.300+0000] {processor.py:183} INFO - Processing /home/airflow/dags/feature_engineering_dag.py took 0.991 seconds
[2026-04-27T05:34:56.584+0000] {processor.py:161} INFO - Started process (PID=20058) to work on /home/airflow/dags/feature_engineering_dag.py
[2026-04-27T05:34:56.586+0000] {processor.py:830} INFO - Processing file /home/airflow/dags/feature_engineering_dag.py for tasks to queue
[2026-04-27T05:34:56.587+0000] {logging_mixin.py:188} INFO - [2026-04-27T05:34:56.587+0000] {dagbag.py:538} INFO - Filling up the DagBag from /home/airflow/dags/feature_engineering_dag.py
[2026-04-27T05:34:57.623+0000] {processor.py:840} INFO - DAG(s) 'feature_engineering_pipeline' retrieved from /home/airflow/dags/feature_engineering_dag.py
[2026-04-27T05:34:57.651+0000] {logging_mixin.py:188} INFO - [2026-04-27T05:34:57.650+0000] {dag.py:3036} INFO - Sync 1 DAGs
[2026-04-27T05:34:57.679+0000] {logging_mixin.py:188} INFO - [2026-04-27T05:34:57.679+0000] {dag.py:3823} INFO - Setting next_dagrun for feature_engineering_pipeline to 2026-04-26 00:00:00+00:00, run_after=2026-05-03 00:00:00+00:00
[2026-04-27T05:34:57.706+0000] {processor.py:183} INFO - Processing /home/airflow/dags/feature_engineering_dag.py took 1.125 seconds
[2026-04-27T05:35:28.008+0000] {processor.py:161} INFO - Started process (PID=20103) to work on /home/airflow/dags/feature_engineering_dag.py
[2026-04-27T05:35:28.009+0000] {processor.py:830} INFO - Processing file /home/airflow/dags/feature_engineering_dag.py for tasks to queue
[2026-04-27T05:35:28.010+0000] {logging_mixin.py:188} INFO - [2026-04-27T05:35:28.010+0000] {dagbag.py:538} INFO - Filling up the DagBag from /home/airflow/dags/feature_engineering_dag.py
[2026-04-27T05:35:28.867+0000] {processor.py:840} INFO - DAG(s) 'feature_engineering_pipeline' retrieved from /home/airflow/dags/feature_engineering_dag.py
[2026-04-27T05:35:28.889+0000] {logging_mixin.py:188} INFO - [2026-04-27T05:35:28.889+0000] {dag.py:3036} INFO - Sync 1 DAGs
[2026-04-27T05:35:28.906+0000] {logging_mixin.py:188} INFO - [2026-04-27T05:35:28.906+0000] {dag.py:3823} INFO - Setting next_dagrun for feature_engineering_pipeline to 2026-04-26 00:00:00+00:00, run_after=2026-05-03 00:00:00+00:00
[2026-04-27T05:35:28.931+0000] {processor.py:183} INFO - Processing /home/airflow/dags/feature_engineering_dag.py took 0.927 seconds
[2026-04-27T05:35:59.359+0000] {processor.py:161} INFO - Started process (PID=20148) to work on /home/airflow/dags/feature_engineering_dag.py
[2026-04-27T05:35:59.361+0000] {processor.py:830} INFO - Processing file /home/airflow/dags/feature_engineering_dag.py for tasks to queue
[2026-04-27T05:35:59.362+0000] {logging_mixin.py:188} INFO - [2026-04-27T05:35:59.362+0000] {dagbag.py:538} INFO - Filling up the DagBag from /home/airflow/dags/feature_engineering_dag.py
[2026-04-27T05:36:00.256+0000] {processor.py:840} INFO - DAG(s) 'feature_engineering_pipeline' retrieved from /home/airflow/dags/feature_engineering_dag.py
[2026-04-27T05:36:00.281+0000] {logging_mixin.py:188} INFO - [2026-04-27T05:36:00.280+0000] {dag.py:3036} INFO - Sync 1 DAGs
[2026-04-27T05:36:00.299+0000] {logging_mixin.py:188} INFO - [2026-04-27T05:36:00.299+0000] {dag.py:3823} INFO - Setting next_dagrun for feature_engineering_pipeline to 2026-04-26 00:00:00+00:00, run_after=2026-05-03 00:00:00+00:00
[2026-04-27T05:36:00.323+0000] {processor.py:183} INFO - Processing /home/airflow/dags/feature_engineering_dag.py took 0.968 seconds
[2026-04-27T05:36:30.621+0000] {processor.py:161} INFO - Started process (PID=20193) to work on /home/airflow/dags/feature_engineering_dag.py
[2026-04-27T05:36:30.623+0000] {processor.py:830} INFO - Processing file /home/airflow/dags/feature_engineering_dag.py for tasks to queue
[2026-04-27T05:36:30.625+0000] {logging_mixin.py:188} INFO - [2026-04-27T05:36:30.624+0000] {dagbag.py:538} INFO - Filling up the DagBag from /home/airflow/dags/feature_engineering_dag.py
[2026-04-27T05:36:31.474+0000] {processor.py:840} INFO - DAG(s) 'feature_engineering_pipeline' retrieved from /home/airflow/dags/feature_engineering_dag.py
[2026-04-27T05:36:31.498+0000] {logging_mixin.py:188} INFO - [2026-04-27T05:36:31.498+0000] {dag.py:3036} INFO - Sync 1 DAGs
[2026-04-27T05:36:31.521+0000] {logging_mixin.py:188} INFO - [2026-04-27T05:36:31.520+0000] {dag.py:3823} INFO - Setting next_dagrun for feature_engineering_pipeline to 2026-04-26 00:00:00+00:00, run_after=2026-05-03 00:00:00+00:00
[2026-04-27T05:36:31.548+0000] {processor.py:183} INFO - Processing /home/airflow/dags/feature_engineering_dag.py took 0.930 seconds
[2026-04-27T05:37:01.911+0000] {processor.py:161} INFO - Started process (PID=20238) to work on /home/airflow/dags/feature_engineering_dag.py
[2026-04-27T05:37:01.912+0000] {processor.py:830} INFO - Processing file /home/airflow/dags/feature_engineering_dag.py for tasks to queue
[2026-04-27T05:37:01.913+0000] {logging_mixin.py:188} INFO - [2026-04-27T05:37:01.912+0000] {dagbag.py:538} INFO - Filling up the DagBag from /home/airflow/dags/feature_engineering_dag.py
[2026-04-27T05:37:02.786+0000] {processor.py:840} INFO - DAG(s) 'feature_engineering_pipeline' retrieved from /home/airflow/dags/feature_engineering_dag.py
[2026-04-27T05:37:02.810+0000] {logging_mixin.py:188} INFO - [2026-04-27T05:37:02.809+0000] {dag.py:3036} INFO - Sync 1 DAGs
[2026-04-27T05:37:02.830+0000] {logging_mixin.py:188} INFO - [2026-04-27T05:37:02.830+0000] {dag.py:3823} INFO - Setting next_dagrun for feature_engineering_pipeline to 2026-04-26 00:00:00+00:00, run_after=2026-05-03 00:00:00+00:00
[2026-04-27T05:37:02.857+0000] {processor.py:183} INFO - Processing /home/airflow/dags/feature_engineering_dag.py took 0.951 seconds
[2026-04-27T05:37:33.081+0000] {processor.py:161} INFO - Started process (PID=20283) to work on /home/airflow/dags/feature_engineering_dag.py
[2026-04-27T05:37:33.082+0000] {processor.py:830} INFO - Processing file /home/airflow/dags/feature_engineering_dag.py for tasks to queue
[2026-04-27T05:37:33.083+0000] {logging_mixin.py:188} INFO - [2026-04-27T05:37:33.083+0000] {dagbag.py:538} INFO - Filling up the DagBag from /home/airflow/dags/feature_engineering_dag.py
[2026-04-27T05:37:33.962+0000] {processor.py:840} INFO - DAG(s) 'feature_engineering_pipeline' retrieved from /home/airflow/dags/feature_engineering_dag.py
[2026-04-27T05:37:33.984+0000] {logging_mixin.py:188} INFO - [2026-04-27T05:37:33.983+0000] {dag.py:3036} INFO - Sync 1 DAGs
[2026-04-27T05:37:34.003+0000] {logging_mixin.py:188} INFO - [2026-04-27T05:37:34.003+0000] {dag.py:3823} INFO - Setting next_dagrun for feature_engineering_pipeline to 2026-04-26 00:00:00+00:00, run_after=2026-05-03 00:00:00+00:00
[2026-04-27T05:37:34.043+0000] {processor.py:183} INFO - Processing /home/airflow/dags/feature_engineering_dag.py took 0.965 seconds
[2026-04-27T05:38:04.449+0000] {processor.py:161} INFO - Started process (PID=20328) to work on /home/airflow/dags/feature_engineering_dag.py
[2026-04-27T05:38:04.450+0000] {processor.py:830} INFO - Processing file /home/airflow/dags/feature_engineering_dag.py for tasks to queue
[2026-04-27T05:38:04.451+0000] {logging_mixin.py:188} INFO - [2026-04-27T05:38:04.451+0000] {dagbag.py:538} INFO - Filling up the DagBag from /home/airflow/dags/feature_engineering_dag.py
[2026-04-27T05:38:05.426+0000] {processor.py:840} INFO - DAG(s) 'feature_engineering_pipeline' retrieved from /home/airflow/dags/feature_engineering_dag.py
[2026-04-27T05:38:05.455+0000] {logging_mixin.py:188} INFO - [2026-04-27T05:38:05.454+0000] {dag.py:3036} INFO - Sync 1 DAGs
[2026-04-27T05:38:05.475+0000] {logging_mixin.py:188} INFO - [2026-04-27T05:38:05.475+0000] {dag.py:3823} INFO - Setting next_dagrun for feature_engineering_pipeline to 2026-04-26 00:00:00+00:00, run_after=2026-05-03 00:00:00+00:00
[2026-04-27T05:38:05.503+0000] {processor.py:183} INFO - Processing /home/airflow/dags/feature_engineering_dag.py took 1.057 seconds
[2026-04-27T05:38:35.871+0000] {processor.py:161} INFO - Started process (PID=20373) to work on /home/airflow/dags/feature_engineering_dag.py
[2026-04-27T05:38:35.872+0000] {processor.py:830} INFO - Processing file /home/airflow/dags/feature_engineering_dag.py for tasks to queue
[2026-04-27T05:38:35.874+0000] {logging_mixin.py:188} INFO - [2026-04-27T05:38:35.873+0000] {dagbag.py:538} INFO - Filling up the DagBag from /home/airflow/dags/feature_engineering_dag.py
[2026-04-27T05:38:36.823+0000] {processor.py:840} INFO - DAG(s) 'feature_engineering_pipeline' retrieved from /home/airflow/dags/feature_engineering_dag.py
[2026-04-27T05:38:36.852+0000] {logging_mixin.py:188} INFO - [2026-04-27T05:38:36.851+0000] {dag.py:3036} INFO - Sync 1 DAGs
[2026-04-27T05:38:36.869+0000] {logging_mixin.py:188} INFO - [2026-04-27T05:38:36.869+0000] {dag.py:3823} INFO - Setting next_dagrun for feature_engineering_pipeline to 2026-04-26 00:00:00+00:00, run_after=2026-05-03 00:00:00+00:00
[2026-04-27T05:38:36.894+0000] {processor.py:183} INFO - Processing /home/airflow/dags/feature_engineering_dag.py took 1.027 seconds
[2026-04-27T05:39:07.325+0000] {processor.py:161} INFO - Started process (PID=20418) to work on /home/airflow/dags/feature_engineering_dag.py
[2026-04-27T05:39:07.327+0000] {processor.py:830} INFO - Processing file /home/airflow/dags/feature_engineering_dag.py for tasks to queue
[2026-04-27T05:39:07.329+0000] {logging_mixin.py:188} INFO - [2026-04-27T05:39:07.328+0000] {dagbag.py:538} INFO - Filling up the DagBag from /home/airflow/dags/feature_engineering_dag.py
[2026-04-27T05:39:08.457+0000] {processor.py:840} INFO - DAG(s) 'feature_engineering_pipeline' retrieved from /home/airflow/dags/feature_engineering_dag.py
[2026-04-27T05:39:08.480+0000] {logging_mixin.py:188} INFO - [2026-04-27T05:39:08.480+0000] {dag.py:3036} INFO - Sync 1 DAGs
[2026-04-27T05:39:08.504+0000] {logging_mixin.py:188} INFO - [2026-04-27T05:39:08.504+0000] {dag.py:3823} INFO - Setting next_dagrun for feature_engineering_pipeline to 2026-04-26 00:00:00+00:00, run_after=2026-05-03 00:00:00+00:00
[2026-04-27T05:39:08.537+0000] {processor.py:183} INFO - Processing /home/airflow/dags/feature_engineering_dag.py took 1.215 seconds
[2026-04-27T05:39:39.017+0000] {processor.py:161} INFO - Started process (PID=20463) to work on /home/airflow/dags/feature_engineering_dag.py
[2026-04-27T05:39:39.018+0000] {processor.py:830} INFO - Processing file /home/airflow/dags/feature_engineering_dag.py for tasks to queue
[2026-04-27T05:39:39.020+0000] {logging_mixin.py:188} INFO - [2026-04-27T05:39:39.019+0000] {dagbag.py:538} INFO - Filling up the DagBag from /home/airflow/dags/feature_engineering_dag.py
[2026-04-27T05:39:40.131+0000] {processor.py:840} INFO - DAG(s) 'feature_engineering_pipeline' retrieved from /home/airflow/dags/feature_engineering_dag.py
[2026-04-27T05:39:40.165+0000] {logging_mixin.py:188} INFO - [2026-04-27T05:39:40.165+0000] {dag.py:3036} INFO - Sync 1 DAGs
[2026-04-27T05:39:40.191+0000] {logging_mixin.py:188} INFO - [2026-04-27T05:39:40.191+0000] {dag.py:3823} INFO - Setting next_dagrun for feature_engineering_pipeline to 2026-04-26 00:00:00+00:00, run_after=2026-05-03 00:00:00+00:00
[2026-04-27T05:39:40.222+0000] {processor.py:183} INFO - Processing /home/airflow/dags/feature_engineering_dag.py took 1.209 seconds
[2026-04-27T05:40:10.793+0000] {processor.py:161} INFO - Started process (PID=20508) to work on /home/airflow/dags/feature_engineering_dag.py
[2026-04-27T05:40:10.794+0000] {processor.py:830} INFO - Processing file /home/airflow/dags/feature_engineering_dag.py for tasks to queue
[2026-04-27T05:40:10.795+0000] {logging_mixin.py:188} INFO - [2026-04-27T05:40:10.795+0000] {dagbag.py:538} INFO - Filling up the DagBag from /home/airflow/dags/feature_engineering_dag.py
[2026-04-27T05:40:11.674+0000] {processor.py:840} INFO - DAG(s) 'feature_engineering_pipeline' retrieved from /home/airflow/dags/feature_engineering_dag.py
[2026-04-27T05:40:11.699+0000] {logging_mixin.py:188} INFO - [2026-04-27T05:40:11.699+0000] {dag.py:3036} INFO - Sync 1 DAGs
[2026-04-27T05:40:11.722+0000] {logging_mixin.py:188} INFO - [2026-04-27T05:40:11.722+0000] {dag.py:3823} INFO - Setting next_dagrun for feature_engineering_pipeline to 2026-04-26 00:00:00+00:00, run_after=2026-05-03 00:00:00+00:00
[2026-04-27T05:40:11.747+0000] {processor.py:183} INFO - Processing /home/airflow/dags/feature_engineering_dag.py took 0.957 seconds
[2026-04-27T05:40:42.099+0000] {processor.py:161} INFO - Started process (PID=20553) to work on /home/airflow/dags/feature_engineering_dag.py
[2026-04-27T05:40:42.100+0000] {processor.py:830} INFO - Processing file /home/airflow/dags/feature_engineering_dag.py for tasks to queue
[2026-04-27T05:40:42.101+0000] {logging_mixin.py:188} INFO - [2026-04-27T05:40:42.100+0000] {dagbag.py:538} INFO - Filling up the DagBag from /home/airflow/dags/feature_engineering_dag.py
[2026-04-27T05:40:43.060+0000] {processor.py:840} INFO - DAG(s) 'feature_engineering_pipeline' retrieved from /home/airflow/dags/feature_engineering_dag.py
[2026-04-27T05:40:43.079+0000] {logging_mixin.py:188} INFO - [2026-04-27T05:40:43.079+0000] {dag.py:3036} INFO - Sync 1 DAGs
[2026-04-27T05:40:43.097+0000] {logging_mixin.py:188} INFO - [2026-04-27T05:40:43.097+0000] {dag.py:3823} INFO - Setting next_dagrun for feature_engineering_pipeline to 2026-04-26 00:00:00+00:00, run_after=2026-05-03 00:00:00+00:00
[2026-04-27T05:40:43.123+0000] {processor.py:183} INFO - Processing /home/airflow/dags/feature_engineering_dag.py took 1.028 seconds
[2026-04-27T05:41:13.433+0000] {processor.py:161} INFO - Started process (PID=20598) to work on /home/airflow/dags/feature_engineering_dag.py
[2026-04-27T05:41:13.434+0000] {processor.py:830} INFO - Processing file /home/airflow/dags/feature_engineering_dag.py for tasks to queue
[2026-04-27T05:41:13.435+0000] {logging_mixin.py:188} INFO - [2026-04-27T05:41:13.434+0000] {dagbag.py:538} INFO - Filling up the DagBag from /home/airflow/dags/feature_engineering_dag.py
[2026-04-27T05:41:14.366+0000] {processor.py:840} INFO - DAG(s) 'feature_engineering_pipeline' retrieved from /home/airflow/dags/feature_engineering_dag.py
[2026-04-27T05:41:14.393+0000] {logging_mixin.py:188} INFO - [2026-04-27T05:41:14.392+0000] {dag.py:3036} INFO - Sync 1 DAGs
[2026-04-27T05:41:14.411+0000] {logging_mixin.py:188} INFO - [2026-04-27T05:41:14.411+0000] {dag.py:3823} INFO - Setting next_dagrun for feature_engineering_pipeline to 2026-04-26 00:00:00+00:00, run_after=2026-05-03 00:00:00+00:00
[2026-04-27T05:41:14.437+0000] {processor.py:183} INFO - Processing /home/airflow/dags/feature_engineering_dag.py took 1.008 seconds
[2026-04-27T05:41:44.693+0000] {processor.py:161} INFO - Started process (PID=20643) to work on /home/airflow/dags/feature_engineering_dag.py
[2026-04-27T05:41:44.695+0000] {processor.py:830} INFO - Processing file /home/airflow/dags/feature_engineering_dag.py for tasks to queue
[2026-04-27T05:41:44.696+0000] {logging_mixin.py:188} INFO - [2026-04-27T05:41:44.695+0000] {dagbag.py:538} INFO - Filling up the DagBag from /home/airflow/dags/feature_engineering_dag.py
[2026-04-27T05:41:45.591+0000] {processor.py:840} INFO - DAG(s) 'feature_engineering_pipeline' retrieved from /home/airflow/dags/feature_engineering_dag.py
[2026-04-27T05:41:45.615+0000] {logging_mixin.py:188} INFO - [2026-04-27T05:41:45.614+0000] {dag.py:3036} INFO - Sync 1 DAGs
[2026-04-27T05:41:45.637+0000] {logging_mixin.py:188} INFO - [2026-04-27T05:41:45.637+0000] {dag.py:3823} INFO - Setting next_dagrun for feature_engineering_pipeline to 2026-04-26 00:00:00+00:00, run_after=2026-05-03 00:00:00+00:00
[2026-04-27T05:41:45.663+0000] {processor.py:183} INFO - Processing /home/airflow/dags/feature_engineering_dag.py took 0.973 seconds
[2026-04-27T05:42:16.118+0000] {processor.py:161} INFO - Started process (PID=20688) to work on /home/airflow/dags/feature_engineering_dag.py
[2026-04-27T05:42:16.120+0000] {processor.py:830} INFO - Processing file /home/airflow/dags/feature_engineering_dag.py for tasks to queue
[2026-04-27T05:42:16.121+0000] {logging_mixin.py:188} INFO - [2026-04-27T05:42:16.121+0000] {dagbag.py:538} INFO - Filling up the DagBag from /home/airflow/dags/feature_engineering_dag.py
[2026-04-27T05:42:17.005+0000] {processor.py:840} INFO - DAG(s) 'feature_engineering_pipeline' retrieved from /home/airflow/dags/feature_engineering_dag.py
[2026-04-27T05:42:17.028+0000] {logging_mixin.py:188} INFO - [2026-04-27T05:42:17.027+0000] {dag.py:3036} INFO - Sync 1 DAGs
[2026-04-27T05:42:17.047+0000] {logging_mixin.py:188} INFO - [2026-04-27T05:42:17.047+0000] {dag.py:3823} INFO - Setting next_dagrun for feature_engineering_pipeline to 2026-04-26 00:00:00+00:00, run_after=2026-05-03 00:00:00+00:00
[2026-04-27T05:42:17.068+0000] {processor.py:183} INFO - Processing /home/airflow/dags/feature_engineering_dag.py took 0.954 seconds
[2026-04-27T05:42:47.178+0000] {processor.py:161} INFO - Started process (PID=20730) to work on /home/airflow/dags/feature_engineering_dag.py
[2026-04-27T05:42:47.180+0000] {processor.py:830} INFO - Processing file /home/airflow/dags/feature_engineering_dag.py for tasks to queue
[2026-04-27T05:42:47.181+0000] {logging_mixin.py:188} INFO - [2026-04-27T05:42:47.180+0000] {dagbag.py:538} INFO - Filling up the DagBag from /home/airflow/dags/feature_engineering_dag.py
[2026-04-27T05:42:48.240+0000] {processor.py:840} INFO - DAG(s) 'feature_engineering_pipeline' retrieved from /home/airflow/dags/feature_engineering_dag.py
[2026-04-27T05:42:48.265+0000] {logging_mixin.py:188} INFO - [2026-04-27T05:42:48.265+0000] {dag.py:3036} INFO - Sync 1 DAGs
[2026-04-27T05:42:48.294+0000] {logging_mixin.py:188} INFO - [2026-04-27T05:42:48.293+0000] {dag.py:3823} INFO - Setting next_dagrun for feature_engineering_pipeline to 2026-04-26 00:00:00+00:00, run_after=2026-05-03 00:00:00+00:00
[2026-04-27T05:42:48.329+0000] {processor.py:183} INFO - Processing /home/airflow/dags/feature_engineering_dag.py took 1.155 seconds
[2026-04-27T05:43:19.040+0000] {processor.py:161} INFO - Started process (PID=20778) to work on /home/airflow/dags/feature_engineering_dag.py
[2026-04-27T05:43:19.041+0000] {processor.py:830} INFO - Processing file /home/airflow/dags/feature_engineering_dag.py for tasks to queue
[2026-04-27T05:43:19.042+0000] {logging_mixin.py:188} INFO - [2026-04-27T05:43:19.041+0000] {dagbag.py:538} INFO - Filling up the DagBag from /home/airflow/dags/feature_engineering_dag.py
[2026-04-27T05:43:20.005+0000] {processor.py:840} INFO - DAG(s) 'feature_engineering_pipeline' retrieved from /home/airflow/dags/feature_engineering_dag.py
[2026-04-27T05:43:20.030+0000] {logging_mixin.py:188} INFO - [2026-04-27T05:43:20.030+0000] {dag.py:3036} INFO - Sync 1 DAGs
[2026-04-27T05:43:20.051+0000] {logging_mixin.py:188} INFO - [2026-04-27T05:43:20.051+0000] {dag.py:3823} INFO - Setting next_dagrun for feature_engineering_pipeline to 2026-04-26 00:00:00+00:00, run_after=2026-05-03 00:00:00+00:00
[2026-04-27T05:43:20.076+0000] {processor.py:183} INFO - Processing /home/airflow/dags/feature_engineering_dag.py took 1.040 seconds
[2026-04-27T05:43:50.703+0000] {processor.py:161} INFO - Started process (PID=20823) to work on /home/airflow/dags/feature_engineering_dag.py
[2026-04-27T05:43:50.705+0000] {processor.py:830} INFO - Processing file /home/airflow/dags/feature_engineering_dag.py for tasks to queue
[2026-04-27T05:43:50.712+0000] {logging_mixin.py:188} INFO - [2026-04-27T05:43:50.711+0000] {dagbag.py:538} INFO - Filling up the DagBag from /home/airflow/dags/feature_engineering_dag.py
[2026-04-27T05:43:52.965+0000] {processor.py:840} INFO - DAG(s) 'feature_engineering_pipeline' retrieved from /home/airflow/dags/feature_engineering_dag.py
[2026-04-27T05:43:52.993+0000] {logging_mixin.py:188} INFO - [2026-04-27T05:43:52.992+0000] {dag.py:3036} INFO - Sync 1 DAGs
[2026-04-27T05:43:53.025+0000] {logging_mixin.py:188} INFO - [2026-04-27T05:43:53.024+0000] {dag.py:3823} INFO - Setting next_dagrun for feature_engineering_pipeline to 2026-04-26 00:00:00+00:00, run_after=2026-05-03 00:00:00+00:00
[2026-04-27T05:43:53.057+0000] {processor.py:183} INFO - Processing /home/airflow/dags/feature_engineering_dag.py took 2.359 seconds
[2026-04-27T05:44:23.744+0000] {processor.py:161} INFO - Started process (PID=20868) to work on /home/airflow/dags/feature_engineering_dag.py
[2026-04-27T05:44:23.745+0000] {processor.py:830} INFO - Processing file /home/airflow/dags/feature_engineering_dag.py for tasks to queue
[2026-04-27T05:44:23.746+0000] {logging_mixin.py:188} INFO - [2026-04-27T05:44:23.746+0000] {dagbag.py:538} INFO - Filling up the DagBag from /home/airflow/dags/feature_engineering_dag.py
[2026-04-27T05:44:24.770+0000] {processor.py:840} INFO - DAG(s) 'feature_engineering_pipeline' retrieved from /home/airflow/dags/feature_engineering_dag.py
[2026-04-27T05:44:24.796+0000] {logging_mixin.py:188} INFO - [2026-04-27T05:44:24.796+0000] {dag.py:3036} INFO - Sync 1 DAGs
[2026-04-27T05:44:24.817+0000] {logging_mixin.py:188} INFO - [2026-04-27T05:44:24.817+0000] {dag.py:3823} INFO - Setting next_dagrun for feature_engineering_pipeline to 2026-04-26 00:00:00+00:00, run_after=2026-05-03 00:00:00+00:00
[2026-04-27T05:44:24.844+0000] {processor.py:183} INFO - Processing /home/airflow/dags/feature_engineering_dag.py took 1.104 seconds
[2026-04-27T05:44:55.416+0000] {processor.py:161} INFO - Started process (PID=20913) to work on /home/airflow/dags/feature_engineering_dag.py
[2026-04-27T05:44:55.417+0000] {processor.py:830} INFO - Processing file /home/airflow/dags/feature_engineering_dag.py for tasks to queue
[2026-04-27T05:44:55.418+0000] {logging_mixin.py:188} INFO - [2026-04-27T05:44:55.418+0000] {dagbag.py:538} INFO - Filling up the DagBag from /home/airflow/dags/feature_engineering_dag.py
[2026-04-27T05:44:56.385+0000] {processor.py:840} INFO - DAG(s) 'feature_engineering_pipeline' retrieved from /home/airflow/dags/feature_engineering_dag.py
[2026-04-27T05:44:56.417+0000] {logging_mixin.py:188} INFO - [2026-04-27T05:44:56.417+0000] {dag.py:3036} INFO - Sync 1 DAGs
[2026-04-27T05:44:56.441+0000] {logging_mixin.py:188} INFO - [2026-04-27T05:44:56.441+0000] {dag.py:3823} INFO - Setting next_dagrun for feature_engineering_pipeline to 2026-04-26 00:00:00+00:00, run_after=2026-05-03 00:00:00+00:00
[2026-04-27T05:44:56.470+0000] {processor.py:183} INFO - Processing /home/airflow/dags/feature_engineering_dag.py took 1.057 seconds
[2026-04-27T05:45:26.879+0000] {processor.py:161} INFO - Started process (PID=20958) to work on /home/airflow/dags/feature_engineering_dag.py
[2026-04-27T05:45:26.880+0000] {processor.py:830} INFO - Processing file /home/airflow/dags/feature_engineering_dag.py for tasks to queue
[2026-04-27T05:45:26.881+0000] {logging_mixin.py:188} INFO - [2026-04-27T05:45:26.881+0000] {dagbag.py:538} INFO - Filling up the DagBag from /home/airflow/dags/feature_engineering_dag.py
[2026-04-27T05:45:27.863+0000] {processor.py:840} INFO - DAG(s) 'feature_engineering_pipeline' retrieved from /home/airflow/dags/feature_engineering_dag.py
[2026-04-27T05:45:27.893+0000] {logging_mixin.py:188} INFO - [2026-04-27T05:45:27.892+0000] {dag.py:3036} INFO - Sync 1 DAGs
[2026-04-27T05:45:27.918+0000] {logging_mixin.py:188} INFO - [2026-04-27T05:45:27.918+0000] {dag.py:3823} INFO - Setting next_dagrun for feature_engineering_pipeline to 2026-04-26 00:00:00+00:00, run_after=2026-05-03 00:00:00+00:00
[2026-04-27T05:45:27.946+0000] {processor.py:183} INFO - Processing /home/airflow/dags/feature_engineering_dag.py took 1.070 seconds
[2026-04-27T05:45:58.367+0000] {processor.py:161} INFO - Started process (PID=21003) to work on /home/airflow/dags/feature_engineering_dag.py
[2026-04-27T05:45:58.368+0000] {processor.py:830} INFO - Processing file /home/airflow/dags/feature_engineering_dag.py for tasks to queue
[2026-04-27T05:45:58.369+0000] {logging_mixin.py:188} INFO - [2026-04-27T05:45:58.369+0000] {dagbag.py:538} INFO - Filling up the DagBag from /home/airflow/dags/feature_engineering_dag.py
[2026-04-27T05:45:59.492+0000] {processor.py:840} INFO - DAG(s) 'feature_engineering_pipeline' retrieved from /home/airflow/dags/feature_engineering_dag.py
[2026-04-27T05:45:59.515+0000] {logging_mixin.py:188} INFO - [2026-04-27T05:45:59.515+0000] {dag.py:3036} INFO - Sync 1 DAGs
[2026-04-27T05:45:59.536+0000] {logging_mixin.py:188} INFO - [2026-04-27T05:45:59.536+0000] {dag.py:3823} INFO - Setting next_dagrun for feature_engineering_pipeline to 2026-04-26 00:00:00+00:00, run_after=2026-05-03 00:00:00+00:00
[2026-04-27T05:45:59.565+0000] {processor.py:183} INFO - Processing /home/airflow/dags/feature_engineering_dag.py took 1.202 seconds
[2026-04-27T05:46:30.037+0000] {processor.py:161} INFO - Started process (PID=21048) to work on /home/airflow/dags/feature_engineering_dag.py
[2026-04-27T05:46:30.039+0000] {processor.py:830} INFO - Processing file /home/airflow/dags/feature_engineering_dag.py for tasks to queue
[2026-04-27T05:46:30.041+0000] {logging_mixin.py:188} INFO - [2026-04-27T05:46:30.040+0000] {dagbag.py:538} INFO - Filling up the DagBag from /home/airflow/dags/feature_engineering_dag.py
[2026-04-27T05:46:31.513+0000] {processor.py:840} INFO - DAG(s) 'feature_engineering_pipeline' retrieved from /home/airflow/dags/feature_engineering_dag.py
[2026-04-27T05:46:31.572+0000] {logging_mixin.py:188} INFO - [2026-04-27T05:46:31.571+0000] {dag.py:3036} INFO - Sync 1 DAGs
[2026-04-27T05:46:31.609+0000] {logging_mixin.py:188} INFO - [2026-04-27T05:46:31.609+0000] {dag.py:3823} INFO - Setting next_dagrun for feature_engineering_pipeline to 2026-04-26 00:00:00+00:00, run_after=2026-05-03 00:00:00+00:00
[2026-04-27T05:46:31.645+0000] {processor.py:183} INFO - Processing /home/airflow/dags/feature_engineering_dag.py took 1.612 seconds
[2026-04-27T05:47:02.191+0000] {processor.py:161} INFO - Started process (PID=21093) to work on /home/airflow/dags/feature_engineering_dag.py
[2026-04-27T05:47:02.192+0000] {processor.py:830} INFO - Processing file /home/airflow/dags/feature_engineering_dag.py for tasks to queue
[2026-04-27T05:47:02.194+0000] {logging_mixin.py:188} INFO - [2026-04-27T05:47:02.193+0000] {dagbag.py:538} INFO - Filling up the DagBag from /home/airflow/dags/feature_engineering_dag.py
[2026-04-27T05:47:03.224+0000] {processor.py:840} INFO - DAG(s) 'feature_engineering_pipeline' retrieved from /home/airflow/dags/feature_engineering_dag.py
[2026-04-27T05:47:03.244+0000] {logging_mixin.py:188} INFO - [2026-04-27T05:47:03.244+0000] {dag.py:3036} INFO - Sync 1 DAGs
[2026-04-27T05:47:03.262+0000] {logging_mixin.py:188} INFO - [2026-04-27T05:47:03.262+0000] {dag.py:3823} INFO - Setting next_dagrun for feature_engineering_pipeline to 2026-04-26 00:00:00+00:00, run_after=2026-05-03 00:00:00+00:00
[2026-04-27T05:47:03.284+0000] {processor.py:183} INFO - Processing /home/airflow/dags/feature_engineering_dag.py took 1.100 seconds
[2026-04-27T05:47:33.528+0000] {processor.py:161} INFO - Started process (PID=21138) to work on /home/airflow/dags/feature_engineering_dag.py
[2026-04-27T05:47:33.529+0000] {processor.py:830} INFO - Processing file /home/airflow/dags/feature_engineering_dag.py for tasks to queue
[2026-04-27T05:47:33.531+0000] {logging_mixin.py:188} INFO - [2026-04-27T05:47:33.531+0000] {dagbag.py:538} INFO - Filling up the DagBag from /home/airflow/dags/feature_engineering_dag.py
[2026-04-27T05:47:34.417+0000] {processor.py:840} INFO - DAG(s) 'feature_engineering_pipeline' retrieved from /home/airflow/dags/feature_engineering_dag.py
[2026-04-27T05:47:34.441+0000] {logging_mixin.py:188} INFO - [2026-04-27T05:47:34.441+0000] {dag.py:3036} INFO - Sync 1 DAGs
[2026-04-27T05:47:34.459+0000] {logging_mixin.py:188} INFO - [2026-04-27T05:47:34.459+0000] {dag.py:3823} INFO - Setting next_dagrun for feature_engineering_pipeline to 2026-04-26 00:00:00+00:00, run_after=2026-05-03 00:00:00+00:00
[2026-04-27T05:47:34.485+0000] {processor.py:183} INFO - Processing /home/airflow/dags/feature_engineering_dag.py took 0.961 seconds
[2026-04-27T05:48:04.880+0000] {processor.py:161} INFO - Started process (PID=21183) to work on /home/airflow/dags/feature_engineering_dag.py
[2026-04-27T05:48:04.882+0000] {processor.py:830} INFO - Processing file /home/airflow/dags/feature_engineering_dag.py for tasks to queue
[2026-04-27T05:48:04.883+0000] {logging_mixin.py:188} INFO - [2026-04-27T05:48:04.883+0000] {dagbag.py:538} INFO - Filling up the DagBag from /home/airflow/dags/feature_engineering_dag.py
[2026-04-27T05:48:05.912+0000] {processor.py:840} INFO - DAG(s) 'feature_engineering_pipeline' retrieved from /home/airflow/dags/feature_engineering_dag.py
[2026-04-27T05:48:05.939+0000] {logging_mixin.py:188} INFO - [2026-04-27T05:48:05.939+0000] {dag.py:3036} INFO - Sync 1 DAGs
[2026-04-27T05:48:05.960+0000] {logging_mixin.py:188} INFO - [2026-04-27T05:48:05.960+0000] {dag.py:3823} INFO - Setting next_dagrun for feature_engineering_pipeline to 2026-04-26 00:00:00+00:00, run_after=2026-05-03 00:00:00+00:00
[2026-04-27T05:48:05.983+0000] {processor.py:183} INFO - Processing /home/airflow/dags/feature_engineering_dag.py took 1.107 seconds
[2026-04-27T05:48:36.520+0000] {processor.py:161} INFO - Started process (PID=21228) to work on /home/airflow/dags/feature_engineering_dag.py
[2026-04-27T05:48:36.521+0000] {processor.py:830} INFO - Processing file /home/airflow/dags/feature_engineering_dag.py for tasks to queue
[2026-04-27T05:48:36.522+0000] {logging_mixin.py:188} INFO - [2026-04-27T05:48:36.522+0000] {dagbag.py:538} INFO - Filling up the DagBag from /home/airflow/dags/feature_engineering_dag.py
[2026-04-27T05:48:37.424+0000] {processor.py:840} INFO - DAG(s) 'feature_engineering_pipeline' retrieved from /home/airflow/dags/feature_engineering_dag.py
[2026-04-27T05:48:37.449+0000] {logging_mixin.py:188} INFO - [2026-04-27T05:48:37.449+0000] {dag.py:3036} INFO - Sync 1 DAGs
[2026-04-27T05:48:37.466+0000] {logging_mixin.py:188} INFO - [2026-04-27T05:48:37.466+0000] {dag.py:3823} INFO - Setting next_dagrun for feature_engineering_pipeline to 2026-04-26 00:00:00+00:00, run_after=2026-05-03 00:00:00+00:00
[2026-04-27T05:48:37.497+0000] {processor.py:183} INFO - Processing /home/airflow/dags/feature_engineering_dag.py took 0.980 seconds
[2026-04-27T05:49:07.934+0000] {processor.py:161} INFO - Started process (PID=21273) to work on /home/airflow/dags/feature_engineering_dag.py
[2026-04-27T05:49:07.936+0000] {processor.py:830} INFO - Processing file /home/airflow/dags/feature_engineering_dag.py for tasks to queue
[2026-04-27T05:49:07.937+0000] {logging_mixin.py:188} INFO - [2026-04-27T05:49:07.936+0000] {dagbag.py:538} INFO - Filling up the DagBag from /home/airflow/dags/feature_engineering_dag.py
[2026-04-27T05:49:08.891+0000] {processor.py:840} INFO - DAG(s) 'feature_engineering_pipeline' retrieved from /home/airflow/dags/feature_engineering_dag.py
[2026-04-27T05:49:08.918+0000] {logging_mixin.py:188} INFO - [2026-04-27T05:49:08.917+0000] {dag.py:3036} INFO - Sync 1 DAGs
[2026-04-27T05:49:08.941+0000] {logging_mixin.py:188} INFO - [2026-04-27T05:49:08.941+0000] {dag.py:3823} INFO - Setting next_dagrun for feature_engineering_pipeline to 2026-04-26 00:00:00+00:00, run_after=2026-05-03 00:00:00+00:00
[2026-04-27T05:49:08.969+0000] {processor.py:183} INFO - Processing /home/airflow/dags/feature_engineering_dag.py took 1.039 seconds
[2026-04-27T05:49:39.523+0000] {processor.py:161} INFO - Started process (PID=21318) to work on /home/airflow/dags/feature_engineering_dag.py
[2026-04-27T05:49:39.524+0000] {processor.py:830} INFO - Processing file /home/airflow/dags/feature_engineering_dag.py for tasks to queue
[2026-04-27T05:49:39.525+0000] {logging_mixin.py:188} INFO - [2026-04-27T05:49:39.525+0000] {dagbag.py:538} INFO - Filling up the DagBag from /home/airflow/dags/feature_engineering_dag.py
[2026-04-27T05:49:40.507+0000] {processor.py:840} INFO - DAG(s) 'feature_engineering_pipeline' retrieved from /home/airflow/dags/feature_engineering_dag.py
[2026-04-27T05:49:40.529+0000] {logging_mixin.py:188} INFO - [2026-04-27T05:49:40.528+0000] {dag.py:3036} INFO - Sync 1 DAGs
[2026-04-27T05:49:40.549+0000] {logging_mixin.py:188} INFO - [2026-04-27T05:49:40.549+0000] {dag.py:3823} INFO - Setting next_dagrun for feature_engineering_pipeline to 2026-04-26 00:00:00+00:00, run_after=2026-05-03 00:00:00+00:00
[2026-04-27T05:49:40.575+0000] {processor.py:183} INFO - Processing /home/airflow/dags/feature_engineering_dag.py took 1.056 seconds
[2026-04-27T05:50:11.250+0000] {processor.py:161} INFO - Started process (PID=21363) to work on /home/airflow/dags/feature_engineering_dag.py
[2026-04-27T05:50:11.252+0000] {processor.py:830} INFO - Processing file /home/airflow/dags/feature_engineering_dag.py for tasks to queue
[2026-04-27T05:50:11.253+0000] {logging_mixin.py:188} INFO - [2026-04-27T05:50:11.253+0000] {dagbag.py:538} INFO - Filling up the DagBag from /home/airflow/dags/feature_engineering_dag.py
[2026-04-27T05:50:12.627+0000] {processor.py:840} INFO - DAG(s) 'feature_engineering_pipeline' retrieved from /home/airflow/dags/feature_engineering_dag.py
[2026-04-27T05:50:12.649+0000] {logging_mixin.py:188} INFO - [2026-04-27T05:50:12.649+0000] {dag.py:3036} INFO - Sync 1 DAGs
[2026-04-27T05:50:12.670+0000] {logging_mixin.py:188} INFO - [2026-04-27T05:50:12.670+0000] {dag.py:3823} INFO - Setting next_dagrun for feature_engineering_pipeline to 2026-04-26 00:00:00+00:00, run_after=2026-05-03 00:00:00+00:00
[2026-04-27T05:50:12.697+0000] {processor.py:183} INFO - Processing /home/airflow/dags/feature_engineering_dag.py took 1.452 seconds
[2026-04-27T05:50:43.315+0000] {processor.py:161} INFO - Started process (PID=21408) to work on /home/airflow/dags/feature_engineering_dag.py
[2026-04-27T05:50:43.316+0000] {processor.py:830} INFO - Processing file /home/airflow/dags/feature_engineering_dag.py for tasks to queue
[2026-04-27T05:50:43.317+0000] {logging_mixin.py:188} INFO - [2026-04-27T05:50:43.316+0000] {dagbag.py:538} INFO - Filling up the DagBag from /home/airflow/dags/feature_engineering_dag.py
[2026-04-27T05:50:44.229+0000] {processor.py:840} INFO - DAG(s) 'feature_engineering_pipeline' retrieved from /home/airflow/dags/feature_engineering_dag.py
[2026-04-27T05:50:44.256+0000] {logging_mixin.py:188} INFO - [2026-04-27T05:50:44.255+0000] {dag.py:3036} INFO - Sync 1 DAGs
[2026-04-27T05:50:44.280+0000] {logging_mixin.py:188} INFO - [2026-04-27T05:50:44.280+0000] {dag.py:3823} INFO - Setting next_dagrun for feature_engineering_pipeline to 2026-04-26 00:00:00+00:00, run_after=2026-05-03 00:00:00+00:00
[2026-04-27T05:50:44.303+0000] {processor.py:183} INFO - Processing /home/airflow/dags/feature_engineering_dag.py took 0.991 seconds
[2026-04-27T05:51:14.873+0000] {processor.py:161} INFO - Started process (PID=21453) to work on /home/airflow/dags/feature_engineering_dag.py
[2026-04-27T05:51:14.875+0000] {processor.py:830} INFO - Processing file /home/airflow/dags/feature_engineering_dag.py for tasks to queue
[2026-04-27T05:51:14.876+0000] {logging_mixin.py:188} INFO - [2026-04-27T05:51:14.876+0000] {dagbag.py:538} INFO - Filling up the DagBag from /home/airflow/dags/feature_engineering_dag.py
[2026-04-27T05:51:15.874+0000] {processor.py:840} INFO - DAG(s) 'feature_engineering_pipeline' retrieved from /home/airflow/dags/feature_engineering_dag.py
[2026-04-27T05:51:15.923+0000] {logging_mixin.py:188} INFO - [2026-04-27T05:51:15.922+0000] {dag.py:3036} INFO - Sync 1 DAGs
[2026-04-27T05:51:15.960+0000] {logging_mixin.py:188} INFO - [2026-04-27T05:51:15.960+0000] {dag.py:3823} INFO - Setting next_dagrun for feature_engineering_pipeline to 2026-04-26 00:00:00+00:00, run_after=2026-05-03 00:00:00+00:00
[2026-04-27T05:51:15.996+0000] {processor.py:183} INFO - Processing /home/airflow/dags/feature_engineering_dag.py took 1.127 seconds
[2026-04-27T05:51:46.565+0000] {processor.py:161} INFO - Started process (PID=21498) to work on /home/airflow/dags/feature_engineering_dag.py
[2026-04-27T05:51:46.567+0000] {processor.py:830} INFO - Processing file /home/airflow/dags/feature_engineering_dag.py for tasks to queue
[2026-04-27T05:51:46.568+0000] {logging_mixin.py:188} INFO - [2026-04-27T05:51:46.568+0000] {dagbag.py:538} INFO - Filling up the DagBag from /home/airflow/dags/feature_engineering_dag.py
[2026-04-27T05:51:47.513+0000] {processor.py:840} INFO - DAG(s) 'feature_engineering_pipeline' retrieved from /home/airflow/dags/feature_engineering_dag.py
[2026-04-27T05:51:47.678+0000] {logging_mixin.py:188} INFO - [2026-04-27T05:51:47.677+0000] {dag.py:3036} INFO - Sync 1 DAGs
[2026-04-27T05:51:47.699+0000] {logging_mixin.py:188} INFO - [2026-04-27T05:51:47.698+0000] {dag.py:3823} INFO - Setting next_dagrun for feature_engineering_pipeline to 2026-04-26 00:00:00+00:00, run_after=2026-05-03 00:00:00+00:00
[2026-04-27T05:51:47.724+0000] {processor.py:183} INFO - Processing /home/airflow/dags/feature_engineering_dag.py took 1.163 seconds
[2026-04-27T05:52:17.993+0000] {processor.py:161} INFO - Started process (PID=21543) to work on /home/airflow/dags/feature_engineering_dag.py
[2026-04-27T05:52:17.994+0000] {processor.py:830} INFO - Processing file /home/airflow/dags/feature_engineering_dag.py for tasks to queue
[2026-04-27T05:52:17.994+0000] {logging_mixin.py:188} INFO - [2026-04-27T05:52:17.994+0000] {dagbag.py:538} INFO - Filling up the DagBag from /home/airflow/dags/feature_engineering_dag.py
[2026-04-27T05:52:18.847+0000] {processor.py:840} INFO - DAG(s) 'feature_engineering_pipeline' retrieved from /home/airflow/dags/feature_engineering_dag.py
[2026-04-27T05:52:19.007+0000] {logging_mixin.py:188} INFO - [2026-04-27T05:52:19.007+0000] {dag.py:3036} INFO - Sync 1 DAGs
[2026-04-27T05:52:19.031+0000] {logging_mixin.py:188} INFO - [2026-04-27T05:52:19.031+0000] {dag.py:3823} INFO - Setting next_dagrun for feature_engineering_pipeline to 2026-04-26 00:00:00+00:00, run_after=2026-05-03 00:00:00+00:00
[2026-04-27T05:52:19.054+0000] {processor.py:183} INFO - Processing /home/airflow/dags/feature_engineering_dag.py took 1.064 seconds
[2026-04-27T05:52:49.523+0000] {processor.py:161} INFO - Started process (PID=21588) to work on /home/airflow/dags/feature_engineering_dag.py
[2026-04-27T05:52:49.525+0000] {processor.py:830} INFO - Processing file /home/airflow/dags/feature_engineering_dag.py for tasks to queue
[2026-04-27T05:52:49.526+0000] {logging_mixin.py:188} INFO - [2026-04-27T05:52:49.525+0000] {dagbag.py:538} INFO - Filling up the DagBag from /home/airflow/dags/feature_engineering_dag.py
[2026-04-27T05:52:50.530+0000] {processor.py:840} INFO - DAG(s) 'feature_engineering_pipeline' retrieved from /home/airflow/dags/feature_engineering_dag.py
[2026-04-27T05:52:50.553+0000] {logging_mixin.py:188} INFO - [2026-04-27T05:52:50.553+0000] {dag.py:3036} INFO - Sync 1 DAGs
[2026-04-27T05:52:50.574+0000] {logging_mixin.py:188} INFO - [2026-04-27T05:52:50.573+0000] {dag.py:3823} INFO - Setting next_dagrun for feature_engineering_pipeline to 2026-04-26 00:00:00+00:00, run_after=2026-05-03 00:00:00+00:00
[2026-04-27T05:52:50.600+0000] {processor.py:183} INFO - Processing /home/airflow/dags/feature_engineering_dag.py took 1.081 seconds
[2026-04-27T05:53:20.980+0000] {processor.py:161} INFO - Started process (PID=21633) to work on /home/airflow/dags/feature_engineering_dag.py
[2026-04-27T05:53:20.982+0000] {processor.py:830} INFO - Processing file /home/airflow/dags/feature_engineering_dag.py for tasks to queue
[2026-04-27T05:53:20.983+0000] {logging_mixin.py:188} INFO - [2026-04-27T05:53:20.982+0000] {dagbag.py:538} INFO - Filling up the DagBag from /home/airflow/dags/feature_engineering_dag.py
[2026-04-27T05:53:21.904+0000] {processor.py:840} INFO - DAG(s) 'feature_engineering_pipeline' retrieved from /home/airflow/dags/feature_engineering_dag.py
[2026-04-27T05:53:21.926+0000] {logging_mixin.py:188} INFO - [2026-04-27T05:53:21.925+0000] {dag.py:3036} INFO - Sync 1 DAGs
[2026-04-27T05:53:21.948+0000] {logging_mixin.py:188} INFO - [2026-04-27T05:53:21.948+0000] {dag.py:3823} INFO - Setting next_dagrun for feature_engineering_pipeline to 2026-04-26 00:00:00+00:00, run_after=2026-05-03 00:00:00+00:00
[2026-04-27T05:53:21.978+0000] {processor.py:183} INFO - Processing /home/airflow/dags/feature_engineering_dag.py took 1.002 seconds
[2026-04-27T05:53:52.276+0000] {processor.py:161} INFO - Started process (PID=21678) to work on /home/airflow/dags/feature_engineering_dag.py
[2026-04-27T05:53:52.277+0000] {processor.py:830} INFO - Processing file /home/airflow/dags/feature_engineering_dag.py for tasks to queue
[2026-04-27T05:53:52.278+0000] {logging_mixin.py:188} INFO - [2026-04-27T05:53:52.277+0000] {dagbag.py:538} INFO - Filling up the DagBag from /home/airflow/dags/feature_engineering_dag.py
[2026-04-27T05:53:53.215+0000] {processor.py:840} INFO - DAG(s) 'feature_engineering_pipeline' retrieved from /home/airflow/dags/feature_engineering_dag.py
[2026-04-27T05:53:53.242+0000] {logging_mixin.py:188} INFO - [2026-04-27T05:53:53.241+0000] {dag.py:3036} INFO - Sync 1 DAGs
[2026-04-27T05:53:53.263+0000] {logging_mixin.py:188} INFO - [2026-04-27T05:53:53.263+0000] {dag.py:3823} INFO - Setting next_dagrun for feature_engineering_pipeline to 2026-04-26 00:00:00+00:00, run_after=2026-05-03 00:00:00+00:00
[2026-04-27T05:53:53.288+0000] {processor.py:183} INFO - Processing /home/airflow/dags/feature_engineering_dag.py took 1.016 seconds
[2026-04-27T05:54:23.789+0000] {processor.py:161} INFO - Started process (PID=21723) to work on /home/airflow/dags/feature_engineering_dag.py
[2026-04-27T05:54:23.790+0000] {processor.py:830} INFO - Processing file /home/airflow/dags/feature_engineering_dag.py for tasks to queue
[2026-04-27T05:54:23.791+0000] {logging_mixin.py:188} INFO - [2026-04-27T05:54:23.790+0000] {dagbag.py:538} INFO - Filling up the DagBag from /home/airflow/dags/feature_engineering_dag.py
[2026-04-27T05:54:24.664+0000] {processor.py:840} INFO - DAG(s) 'feature_engineering_pipeline' retrieved from /home/airflow/dags/feature_engineering_dag.py
[2026-04-27T05:54:24.689+0000] {logging_mixin.py:188} INFO - [2026-04-27T05:54:24.688+0000] {dag.py:3036} INFO - Sync 1 DAGs
[2026-04-27T05:54:24.708+0000] {logging_mixin.py:188} INFO - [2026-04-27T05:54:24.708+0000] {dag.py:3823} INFO - Setting next_dagrun for feature_engineering_pipeline to 2026-04-26 00:00:00+00:00, run_after=2026-05-03 00:00:00+00:00
[2026-04-27T05:54:24.732+0000] {processor.py:183} INFO - Processing /home/airflow/dags/feature_engineering_dag.py took 0.945 seconds
[2026-04-27T05:54:54.960+0000] {processor.py:161} INFO - Started process (PID=21768) to work on /home/airflow/dags/feature_engineering_dag.py
[2026-04-27T05:54:54.961+0000] {processor.py:830} INFO - Processing file /home/airflow/dags/feature_engineering_dag.py for tasks to queue
[2026-04-27T05:54:54.962+0000] {logging_mixin.py:188} INFO - [2026-04-27T05:54:54.962+0000] {dagbag.py:538} INFO - Filling up the DagBag from /home/airflow/dags/feature_engineering_dag.py
[2026-04-27T05:54:55.875+0000] {processor.py:840} INFO - DAG(s) 'feature_engineering_pipeline' retrieved from /home/airflow/dags/feature_engineering_dag.py
[2026-04-27T05:54:55.900+0000] {logging_mixin.py:188} INFO - [2026-04-27T05:54:55.900+0000] {dag.py:3036} INFO - Sync 1 DAGs
[2026-04-27T05:54:55.920+0000] {logging_mixin.py:188} INFO - [2026-04-27T05:54:55.919+0000] {dag.py:3823} INFO - Setting next_dagrun for feature_engineering_pipeline to 2026-04-26 00:00:00+00:00, run_after=2026-05-03 00:00:00+00:00
[2026-04-27T05:54:55.941+0000] {processor.py:183} INFO - Processing /home/airflow/dags/feature_engineering_dag.py took 0.985 seconds
[2026-04-27T05:55:26.383+0000] {processor.py:161} INFO - Started process (PID=21813) to work on /home/airflow/dags/feature_engineering_dag.py
[2026-04-27T05:55:26.384+0000] {processor.py:830} INFO - Processing file /home/airflow/dags/feature_engineering_dag.py for tasks to queue
[2026-04-27T05:55:26.385+0000] {logging_mixin.py:188} INFO - [2026-04-27T05:55:26.385+0000] {dagbag.py:538} INFO - Filling up the DagBag from /home/airflow/dags/feature_engineering_dag.py
[2026-04-27T05:55:27.269+0000] {processor.py:840} INFO - DAG(s) 'feature_engineering_pipeline' retrieved from /home/airflow/dags/feature_engineering_dag.py
[2026-04-27T05:55:27.292+0000] {logging_mixin.py:188} INFO - [2026-04-27T05:55:27.292+0000] {dag.py:3036} INFO - Sync 1 DAGs
[2026-04-27T05:55:27.314+0000] {logging_mixin.py:188} INFO - [2026-04-27T05:55:27.313+0000] {dag.py:3823} INFO - Setting next_dagrun for feature_engineering_pipeline to 2026-04-26 00:00:00+00:00, run_after=2026-05-03 00:00:00+00:00
[2026-04-27T05:55:27.338+0000] {processor.py:183} INFO - Processing /home/airflow/dags/feature_engineering_dag.py took 0.958 seconds
[2026-04-27T05:55:57.717+0000] {processor.py:161} INFO - Started process (PID=21858) to work on /home/airflow/dags/feature_engineering_dag.py
[2026-04-27T05:55:57.718+0000] {processor.py:830} INFO - Processing file /home/airflow/dags/feature_engineering_dag.py for tasks to queue
[2026-04-27T05:55:57.719+0000] {logging_mixin.py:188} INFO - [2026-04-27T05:55:57.719+0000] {dagbag.py:538} INFO - Filling up the DagBag from /home/airflow/dags/feature_engineering_dag.py
[2026-04-27T05:55:58.641+0000] {processor.py:840} INFO - DAG(s) 'feature_engineering_pipeline' retrieved from /home/airflow/dags/feature_engineering_dag.py
[2026-04-27T05:55:58.662+0000] {logging_mixin.py:188} INFO - [2026-04-27T05:55:58.662+0000] {dag.py:3036} INFO - Sync 1 DAGs
[2026-04-27T05:55:58.680+0000] {logging_mixin.py:188} INFO - [2026-04-27T05:55:58.680+0000] {dag.py:3823} INFO - Setting next_dagrun for feature_engineering_pipeline to 2026-04-26 00:00:00+00:00, run_after=2026-05-03 00:00:00+00:00
[2026-04-27T05:55:58.705+0000] {processor.py:183} INFO - Processing /home/airflow/dags/feature_engineering_dag.py took 0.991 seconds
[2026-04-27T05:56:29.037+0000] {processor.py:161} INFO - Started process (PID=21903) to work on /home/airflow/dags/feature_engineering_dag.py
[2026-04-27T05:56:29.038+0000] {processor.py:830} INFO - Processing file /home/airflow/dags/feature_engineering_dag.py for tasks to queue
[2026-04-27T05:56:29.039+0000] {logging_mixin.py:188} INFO - [2026-04-27T05:56:29.039+0000] {dagbag.py:538} INFO - Filling up the DagBag from /home/airflow/dags/feature_engineering_dag.py
[2026-04-27T05:56:30.012+0000] {processor.py:840} INFO - DAG(s) 'feature_engineering_pipeline' retrieved from /home/airflow/dags/feature_engineering_dag.py
[2026-04-27T05:56:30.036+0000] {logging_mixin.py:188} INFO - [2026-04-27T05:56:30.036+0000] {dag.py:3036} INFO - Sync 1 DAGs
[2026-04-27T05:56:30.059+0000] {logging_mixin.py:188} INFO - [2026-04-27T05:56:30.058+0000] {dag.py:3823} INFO - Setting next_dagrun for feature_engineering_pipeline to 2026-04-26 00:00:00+00:00, run_after=2026-05-03 00:00:00+00:00
[2026-04-27T05:56:30.086+0000] {processor.py:183} INFO - Processing /home/airflow/dags/feature_engineering_dag.py took 1.052 seconds
[2026-04-27T05:57:00.412+0000] {processor.py:161} INFO - Started process (PID=21948) to work on /home/airflow/dags/feature_engineering_dag.py
[2026-04-27T05:57:00.414+0000] {processor.py:830} INFO - Processing file /home/airflow/dags/feature_engineering_dag.py for tasks to queue
[2026-04-27T05:57:00.415+0000] {logging_mixin.py:188} INFO - [2026-04-27T05:57:00.415+0000] {dagbag.py:538} INFO - Filling up the DagBag from /home/airflow/dags/feature_engineering_dag.py
[2026-04-27T05:57:01.267+0000] {processor.py:840} INFO - DAG(s) 'feature_engineering_pipeline' retrieved from /home/airflow/dags/feature_engineering_dag.py
[2026-04-27T05:57:01.298+0000] {logging_mixin.py:188} INFO - [2026-04-27T05:57:01.298+0000] {dag.py:3036} INFO - Sync 1 DAGs
[2026-04-27T05:57:01.320+0000] {logging_mixin.py:188} INFO - [2026-04-27T05:57:01.320+0000] {dag.py:3823} INFO - Setting next_dagrun for feature_engineering_pipeline to 2026-04-26 00:00:00+00:00, run_after=2026-05-03 00:00:00+00:00
[2026-04-27T05:57:01.347+0000] {processor.py:183} INFO - Processing /home/airflow/dags/feature_engineering_dag.py took 0.939 seconds
[2026-04-27T05:57:31.668+0000] {processor.py:161} INFO - Started process (PID=21993) to work on /home/airflow/dags/feature_engineering_dag.py
[2026-04-27T05:57:31.669+0000] {processor.py:830} INFO - Processing file /home/airflow/dags/feature_engineering_dag.py for tasks to queue
[2026-04-27T05:57:31.670+0000] {logging_mixin.py:188} INFO - [2026-04-27T05:57:31.670+0000] {dagbag.py:538} INFO - Filling up the DagBag from /home/airflow/dags/feature_engineering_dag.py
[2026-04-27T05:57:32.547+0000] {processor.py:840} INFO - DAG(s) 'feature_engineering_pipeline' retrieved from /home/airflow/dags/feature_engineering_dag.py
[2026-04-27T05:57:32.572+0000] {logging_mixin.py:188} INFO - [2026-04-27T05:57:32.572+0000] {dag.py:3036} INFO - Sync 1 DAGs
[2026-04-27T05:57:32.593+0000] {logging_mixin.py:188} INFO - [2026-04-27T05:57:32.593+0000] {dag.py:3823} INFO - Setting next_dagrun for feature_engineering_pipeline to 2026-04-26 00:00:00+00:00, run_after=2026-05-03 00:00:00+00:00
[2026-04-27T05:57:32.626+0000] {processor.py:183} INFO - Processing /home/airflow/dags/feature_engineering_dag.py took 0.963 seconds
[2026-04-27T05:58:02.991+0000] {processor.py:161} INFO - Started process (PID=22038) to work on /home/airflow/dags/feature_engineering_dag.py
[2026-04-27T05:58:02.992+0000] {processor.py:830} INFO - Processing file /home/airflow/dags/feature_engineering_dag.py for tasks to queue
[2026-04-27T05:58:02.993+0000] {logging_mixin.py:188} INFO - [2026-04-27T05:58:02.992+0000] {dagbag.py:538} INFO - Filling up the DagBag from /home/airflow/dags/feature_engineering_dag.py
[2026-04-27T05:58:03.926+0000] {processor.py:840} INFO - DAG(s) 'feature_engineering_pipeline' retrieved from /home/airflow/dags/feature_engineering_dag.py
[2026-04-27T05:58:03.950+0000] {logging_mixin.py:188} INFO - [2026-04-27T05:58:03.950+0000] {dag.py:3036} INFO - Sync 1 DAGs
[2026-04-27T05:58:03.975+0000] {logging_mixin.py:188} INFO - [2026-04-27T05:58:03.975+0000] {dag.py:3823} INFO - Setting next_dagrun for feature_engineering_pipeline to 2026-04-26 00:00:00+00:00, run_after=2026-05-03 00:00:00+00:00
[2026-04-27T05:58:03.999+0000] {processor.py:183} INFO - Processing /home/airflow/dags/feature_engineering_dag.py took 1.012 seconds
[2026-04-27T05:58:34.234+0000] {processor.py:161} INFO - Started process (PID=22083) to work on /home/airflow/dags/feature_engineering_dag.py
[2026-04-27T05:58:34.235+0000] {processor.py:830} INFO - Processing file /home/airflow/dags/feature_engineering_dag.py for tasks to queue
[2026-04-27T05:58:34.236+0000] {logging_mixin.py:188} INFO - [2026-04-27T05:58:34.236+0000] {dagbag.py:538} INFO - Filling up the DagBag from /home/airflow/dags/feature_engineering_dag.py
[2026-04-27T05:58:35.165+0000] {processor.py:840} INFO - DAG(s) 'feature_engineering_pipeline' retrieved from /home/airflow/dags/feature_engineering_dag.py
[2026-04-27T05:58:35.190+0000] {logging_mixin.py:188} INFO - [2026-04-27T05:58:35.189+0000] {dag.py:3036} INFO - Sync 1 DAGs
[2026-04-27T05:58:35.209+0000] {logging_mixin.py:188} INFO - [2026-04-27T05:58:35.209+0000] {dag.py:3823} INFO - Setting next_dagrun for feature_engineering_pipeline to 2026-04-26 00:00:00+00:00, run_after=2026-05-03 00:00:00+00:00
[2026-04-27T05:58:35.233+0000] {processor.py:183} INFO - Processing /home/airflow/dags/feature_engineering_dag.py took 1.002 seconds
[2026-04-27T05:59:05.582+0000] {processor.py:161} INFO - Started process (PID=22128) to work on /home/airflow/dags/feature_engineering_dag.py
[2026-04-27T05:59:05.583+0000] {processor.py:830} INFO - Processing file /home/airflow/dags/feature_engineering_dag.py for tasks to queue
[2026-04-27T05:59:05.584+0000] {logging_mixin.py:188} INFO - [2026-04-27T05:59:05.584+0000] {dagbag.py:538} INFO - Filling up the DagBag from /home/airflow/dags/feature_engineering_dag.py
[2026-04-27T05:59:06.371+0000] {processor.py:840} INFO - DAG(s) 'feature_engineering_pipeline' retrieved from /home/airflow/dags/feature_engineering_dag.py
[2026-04-27T05:59:06.392+0000] {logging_mixin.py:188} INFO - [2026-04-27T05:59:06.391+0000] {dag.py:3036} INFO - Sync 1 DAGs
[2026-04-27T05:59:06.408+0000] {logging_mixin.py:188} INFO - [2026-04-27T05:59:06.408+0000] {dag.py:3823} INFO - Setting next_dagrun for feature_engineering_pipeline to 2026-04-26 00:00:00+00:00, run_after=2026-05-03 00:00:00+00:00
[2026-04-27T05:59:06.432+0000] {processor.py:183} INFO - Processing /home/airflow/dags/feature_engineering_dag.py took 0.854 seconds
[2026-04-27T05:59:36.725+0000] {processor.py:161} INFO - Started process (PID=22173) to work on /home/airflow/dags/feature_engineering_dag.py
[2026-04-27T05:59:36.726+0000] {processor.py:830} INFO - Processing file /home/airflow/dags/feature_engineering_dag.py for tasks to queue
[2026-04-27T05:59:36.727+0000] {logging_mixin.py:188} INFO - [2026-04-27T05:59:36.727+0000] {dagbag.py:538} INFO - Filling up the DagBag from /home/airflow/dags/feature_engineering_dag.py
[2026-04-27T05:59:37.586+0000] {processor.py:840} INFO - DAG(s) 'feature_engineering_pipeline' retrieved from /home/airflow/dags/feature_engineering_dag.py
[2026-04-27T05:59:37.609+0000] {logging_mixin.py:188} INFO - [2026-04-27T05:59:37.609+0000] {dag.py:3036} INFO - Sync 1 DAGs
[2026-04-27T05:59:37.629+0000] {logging_mixin.py:188} INFO - [2026-04-27T05:59:37.629+0000] {dag.py:3823} INFO - Setting next_dagrun for feature_engineering_pipeline to 2026-04-26 00:00:00+00:00, run_after=2026-05-03 00:00:00+00:00
[2026-04-27T05:59:37.657+0000] {processor.py:183} INFO - Processing /home/airflow/dags/feature_engineering_dag.py took 0.936 seconds
[2026-04-27T06:00:08.031+0000] {processor.py:161} INFO - Started process (PID=22218) to work on /home/airflow/dags/feature_engineering_dag.py
[2026-04-27T06:00:08.032+0000] {processor.py:830} INFO - Processing file /home/airflow/dags/feature_engineering_dag.py for tasks to queue
[2026-04-27T06:00:08.033+0000] {logging_mixin.py:188} INFO - [2026-04-27T06:00:08.033+0000] {dagbag.py:538} INFO - Filling up the DagBag from /home/airflow/dags/feature_engineering_dag.py
[2026-04-27T06:00:08.977+0000] {processor.py:840} INFO - DAG(s) 'feature_engineering_pipeline' retrieved from /home/airflow/dags/feature_engineering_dag.py
[2026-04-27T06:00:09.001+0000] {logging_mixin.py:188} INFO - [2026-04-27T06:00:09.001+0000] {dag.py:3036} INFO - Sync 1 DAGs
[2026-04-27T06:00:09.027+0000] {logging_mixin.py:188} INFO - [2026-04-27T06:00:09.026+0000] {dag.py:3823} INFO - Setting next_dagrun for feature_engineering_pipeline to 2026-04-26 00:00:00+00:00, run_after=2026-05-03 00:00:00+00:00
[2026-04-27T06:00:09.049+0000] {processor.py:183} INFO - Processing /home/airflow/dags/feature_engineering_dag.py took 1.022 seconds
[2026-04-27T06:00:39.466+0000] {processor.py:161} INFO - Started process (PID=22263) to work on /home/airflow/dags/feature_engineering_dag.py
[2026-04-27T06:00:39.467+0000] {processor.py:830} INFO - Processing file /home/airflow/dags/feature_engineering_dag.py for tasks to queue
[2026-04-27T06:00:39.468+0000] {logging_mixin.py:188} INFO - [2026-04-27T06:00:39.468+0000] {dagbag.py:538} INFO - Filling up the DagBag from /home/airflow/dags/feature_engineering_dag.py
[2026-04-27T06:00:40.646+0000] {processor.py:840} INFO - DAG(s) 'feature_engineering_pipeline' retrieved from /home/airflow/dags/feature_engineering_dag.py
[2026-04-27T06:00:40.679+0000] {logging_mixin.py:188} INFO - [2026-04-27T06:00:40.679+0000] {dag.py:3036} INFO - Sync 1 DAGs
[2026-04-27T06:00:40.714+0000] {logging_mixin.py:188} INFO - [2026-04-27T06:00:40.714+0000] {dag.py:3823} INFO - Setting next_dagrun for feature_engineering_pipeline to 2026-04-26 00:00:00+00:00, run_after=2026-05-03 00:00:00+00:00
[2026-04-27T06:00:40.743+0000] {processor.py:183} INFO - Processing /home/airflow/dags/feature_engineering_dag.py took 1.282 seconds
[2026-04-27T06:01:11.218+0000] {processor.py:161} INFO - Started process (PID=22308) to work on /home/airflow/dags/feature_engineering_dag.py
[2026-04-27T06:01:11.219+0000] {processor.py:830} INFO - Processing file /home/airflow/dags/feature_engineering_dag.py for tasks to queue
[2026-04-27T06:01:11.220+0000] {logging_mixin.py:188} INFO - [2026-04-27T06:01:11.220+0000] {dagbag.py:538} INFO - Filling up the DagBag from /home/airflow/dags/feature_engineering_dag.py
[2026-04-27T06:01:12.291+0000] {processor.py:840} INFO - DAG(s) 'feature_engineering_pipeline' retrieved from /home/airflow/dags/feature_engineering_dag.py
[2026-04-27T06:01:12.316+0000] {logging_mixin.py:188} INFO - [2026-04-27T06:01:12.315+0000] {dag.py:3036} INFO - Sync 1 DAGs
[2026-04-27T06:01:12.343+0000] {logging_mixin.py:188} INFO - [2026-04-27T06:01:12.343+0000] {dag.py:3823} INFO - Setting next_dagrun for feature_engineering_pipeline to 2026-04-26 00:00:00+00:00, run_after=2026-05-03 00:00:00+00:00
[2026-04-27T06:01:12.370+0000] {processor.py:183} INFO - Processing /home/airflow/dags/feature_engineering_dag.py took 1.155 seconds
[2026-04-27T06:01:42.649+0000] {processor.py:161} INFO - Started process (PID=22353) to work on /home/airflow/dags/feature_engineering_dag.py
[2026-04-27T06:01:42.651+0000] {processor.py:830} INFO - Processing file /home/airflow/dags/feature_engineering_dag.py for tasks to queue
[2026-04-27T06:01:42.652+0000] {logging_mixin.py:188} INFO - [2026-04-27T06:01:42.651+0000] {dagbag.py:538} INFO - Filling up the DagBag from /home/airflow/dags/feature_engineering_dag.py
[2026-04-27T06:01:43.606+0000] {processor.py:840} INFO - DAG(s) 'feature_engineering_pipeline' retrieved from /home/airflow/dags/feature_engineering_dag.py
[2026-04-27T06:01:43.633+0000] {logging_mixin.py:188} INFO - [2026-04-27T06:01:43.632+0000] {dag.py:3036} INFO - Sync 1 DAGs
[2026-04-27T06:01:43.660+0000] {logging_mixin.py:188} INFO - [2026-04-27T06:01:43.659+0000] {dag.py:3823} INFO - Setting next_dagrun for feature_engineering_pipeline to 2026-04-26 00:00:00+00:00, run_after=2026-05-03 00:00:00+00:00
[2026-04-27T06:01:43.690+0000] {processor.py:183} INFO - Processing /home/airflow/dags/feature_engineering_dag.py took 1.044 seconds
[2026-04-27T06:02:13.909+0000] {processor.py:161} INFO - Started process (PID=22398) to work on /home/airflow/dags/feature_engineering_dag.py
[2026-04-27T06:02:13.910+0000] {processor.py:830} INFO - Processing file /home/airflow/dags/feature_engineering_dag.py for tasks to queue
[2026-04-27T06:02:13.911+0000] {logging_mixin.py:188} INFO - [2026-04-27T06:02:13.911+0000] {dagbag.py:538} INFO - Filling up the DagBag from /home/airflow/dags/feature_engineering_dag.py
[2026-04-27T06:02:15.014+0000] {processor.py:840} INFO - DAG(s) 'feature_engineering_pipeline' retrieved from /home/airflow/dags/feature_engineering_dag.py
[2026-04-27T06:02:15.038+0000] {logging_mixin.py:188} INFO - [2026-04-27T06:02:15.038+0000] {dag.py:3036} INFO - Sync 1 DAGs
[2026-04-27T06:02:15.060+0000] {logging_mixin.py:188} INFO - [2026-04-27T06:02:15.060+0000] {dag.py:3823} INFO - Setting next_dagrun for feature_engineering_pipeline to 2026-04-26 00:00:00+00:00, run_after=2026-05-03 00:00:00+00:00
[2026-04-27T06:02:15.090+0000] {processor.py:183} INFO - Processing /home/airflow/dags/feature_engineering_dag.py took 1.185 seconds
[2026-04-27T06:02:45.303+0000] {processor.py:161} INFO - Started process (PID=22443) to work on /home/airflow/dags/feature_engineering_dag.py
[2026-04-27T06:02:45.304+0000] {processor.py:830} INFO - Processing file /home/airflow/dags/feature_engineering_dag.py for tasks to queue
[2026-04-27T06:02:45.305+0000] {logging_mixin.py:188} INFO - [2026-04-27T06:02:45.305+0000] {dagbag.py:538} INFO - Filling up the DagBag from /home/airflow/dags/feature_engineering_dag.py
[2026-04-27T06:02:46.299+0000] {processor.py:840} INFO - DAG(s) 'feature_engineering_pipeline' retrieved from /home/airflow/dags/feature_engineering_dag.py
[2026-04-27T06:02:46.327+0000] {logging_mixin.py:188} INFO - [2026-04-27T06:02:46.327+0000] {dag.py:3036} INFO - Sync 1 DAGs
[2026-04-27T06:02:46.353+0000] {logging_mixin.py:188} INFO - [2026-04-27T06:02:46.353+0000] {dag.py:3823} INFO - Setting next_dagrun for feature_engineering_pipeline to 2026-04-26 00:00:00+00:00, run_after=2026-05-03 00:00:00+00:00
[2026-04-27T06:02:46.383+0000] {processor.py:183} INFO - Processing /home/airflow/dags/feature_engineering_dag.py took 1.084 seconds
[2026-04-27T06:03:16.897+0000] {processor.py:161} INFO - Started process (PID=22488) to work on /home/airflow/dags/feature_engineering_dag.py
[2026-04-27T06:03:16.899+0000] {processor.py:830} INFO - Processing file /home/airflow/dags/feature_engineering_dag.py for tasks to queue
[2026-04-27T06:03:16.900+0000] {logging_mixin.py:188} INFO - [2026-04-27T06:03:16.899+0000] {dagbag.py:538} INFO - Filling up the DagBag from /home/airflow/dags/feature_engineering_dag.py
[2026-04-27T06:03:17.988+0000] {processor.py:840} INFO - DAG(s) 'feature_engineering_pipeline' retrieved from /home/airflow/dags/feature_engineering_dag.py
[2026-04-27T06:03:18.018+0000] {logging_mixin.py:188} INFO - [2026-04-27T06:03:18.018+0000] {dag.py:3036} INFO - Sync 1 DAGs
[2026-04-27T06:03:18.050+0000] {logging_mixin.py:188} INFO - [2026-04-27T06:03:18.049+0000] {dag.py:3823} INFO - Setting next_dagrun for feature_engineering_pipeline to 2026-04-26 00:00:00+00:00, run_after=2026-05-03 00:00:00+00:00
[2026-04-27T06:03:18.080+0000] {processor.py:183} INFO - Processing /home/airflow/dags/feature_engineering_dag.py took 1.187 seconds
[2026-04-27T06:03:48.517+0000] {processor.py:161} INFO - Started process (PID=22533) to work on /home/airflow/dags/feature_engineering_dag.py
[2026-04-27T06:03:48.519+0000] {processor.py:830} INFO - Processing file /home/airflow/dags/feature_engineering_dag.py for tasks to queue
[2026-04-27T06:03:48.521+0000] {logging_mixin.py:188} INFO - [2026-04-27T06:03:48.520+0000] {dagbag.py:538} INFO - Filling up the DagBag from /home/airflow/dags/feature_engineering_dag.py
[2026-04-27T06:03:49.541+0000] {processor.py:840} INFO - DAG(s) 'feature_engineering_pipeline' retrieved from /home/airflow/dags/feature_engineering_dag.py
[2026-04-27T06:03:49.569+0000] {logging_mixin.py:188} INFO - [2026-04-27T06:03:49.568+0000] {dag.py:3036} INFO - Sync 1 DAGs
[2026-04-27T06:03:49.592+0000] {logging_mixin.py:188} INFO - [2026-04-27T06:03:49.591+0000] {dag.py:3823} INFO - Setting next_dagrun for feature_engineering_pipeline to 2026-04-26 00:00:00+00:00, run_after=2026-05-03 00:00:00+00:00
[2026-04-27T06:03:49.615+0000] {processor.py:183} INFO - Processing /home/airflow/dags/feature_engineering_dag.py took 1.104 seconds
[2026-04-27T06:04:20.078+0000] {processor.py:161} INFO - Started process (PID=22578) to work on /home/airflow/dags/feature_engineering_dag.py
[2026-04-27T06:04:20.079+0000] {processor.py:830} INFO - Processing file /home/airflow/dags/feature_engineering_dag.py for tasks to queue
[2026-04-27T06:04:20.082+0000] {logging_mixin.py:188} INFO - [2026-04-27T06:04:20.081+0000] {dagbag.py:538} INFO - Filling up the DagBag from /home/airflow/dags/feature_engineering_dag.py
[2026-04-27T06:04:21.223+0000] {processor.py:840} INFO - DAG(s) 'feature_engineering_pipeline' retrieved from /home/airflow/dags/feature_engineering_dag.py
[2026-04-27T06:04:21.250+0000] {logging_mixin.py:188} INFO - [2026-04-27T06:04:21.249+0000] {dag.py:3036} INFO - Sync 1 DAGs
[2026-04-27T06:04:21.273+0000] {logging_mixin.py:188} INFO - [2026-04-27T06:04:21.273+0000] {dag.py:3823} INFO - Setting next_dagrun for feature_engineering_pipeline to 2026-04-26 00:00:00+00:00, run_after=2026-05-03 00:00:00+00:00
[2026-04-27T06:04:21.298+0000] {processor.py:183} INFO - Processing /home/airflow/dags/feature_engineering_dag.py took 1.235 seconds
[2026-04-27T06:04:52.361+0000] {processor.py:161} INFO - Started process (PID=22623) to work on /home/airflow/dags/feature_engineering_dag.py
[2026-04-27T06:04:52.362+0000] {processor.py:830} INFO - Processing file /home/airflow/dags/feature_engineering_dag.py for tasks to queue
[2026-04-27T06:04:52.363+0000] {logging_mixin.py:188} INFO - [2026-04-27T06:04:52.362+0000] {dagbag.py:538} INFO - Filling up the DagBag from /home/airflow/dags/feature_engineering_dag.py
[2026-04-27T06:04:53.345+0000] {processor.py:840} INFO - DAG(s) 'feature_engineering_pipeline' retrieved from /home/airflow/dags/feature_engineering_dag.py
[2026-04-27T06:04:53.367+0000] {logging_mixin.py:188} INFO - [2026-04-27T06:04:53.366+0000] {dag.py:3036} INFO - Sync 1 DAGs
[2026-04-27T06:04:53.384+0000] {logging_mixin.py:188} INFO - [2026-04-27T06:04:53.384+0000] {dag.py:3823} INFO - Setting next_dagrun for feature_engineering_pipeline to 2026-04-26 00:00:00+00:00, run_after=2026-05-03 00:00:00+00:00
[2026-04-27T06:04:53.409+0000] {processor.py:183} INFO - Processing /home/airflow/dags/feature_engineering_dag.py took 1.052 seconds
[2026-04-27T06:05:23.829+0000] {processor.py:161} INFO - Started process (PID=22668) to work on /home/airflow/dags/feature_engineering_dag.py
[2026-04-27T06:05:23.830+0000] {processor.py:830} INFO - Processing file /home/airflow/dags/feature_engineering_dag.py for tasks to queue
[2026-04-27T06:05:23.832+0000] {logging_mixin.py:188} INFO - [2026-04-27T06:05:23.831+0000] {dagbag.py:538} INFO - Filling up the DagBag from /home/airflow/dags/feature_engineering_dag.py
[2026-04-27T06:05:24.834+0000] {processor.py:840} INFO - DAG(s) 'feature_engineering_pipeline' retrieved from /home/airflow/dags/feature_engineering_dag.py
[2026-04-27T06:05:24.860+0000] {logging_mixin.py:188} INFO - [2026-04-27T06:05:24.859+0000] {dag.py:3036} INFO - Sync 1 DAGs
[2026-04-27T06:05:24.879+0000] {logging_mixin.py:188} INFO - [2026-04-27T06:05:24.878+0000] {dag.py:3823} INFO - Setting next_dagrun for feature_engineering_pipeline to 2026-04-26 00:00:00+00:00, run_after=2026-05-03 00:00:00+00:00
[2026-04-27T06:05:24.903+0000] {processor.py:183} INFO - Processing /home/airflow/dags/feature_engineering_dag.py took 1.077 seconds
[2026-04-27T06:05:55.141+0000] {processor.py:161} INFO - Started process (PID=22713) to work on /home/airflow/dags/feature_engineering_dag.py
[2026-04-27T06:05:55.142+0000] {processor.py:830} INFO - Processing file /home/airflow/dags/feature_engineering_dag.py for tasks to queue
[2026-04-27T06:05:55.143+0000] {logging_mixin.py:188} INFO - [2026-04-27T06:05:55.143+0000] {dagbag.py:538} INFO - Filling up the DagBag from /home/airflow/dags/feature_engineering_dag.py
[2026-04-27T06:05:56.067+0000] {processor.py:840} INFO - DAG(s) 'feature_engineering_pipeline' retrieved from /home/airflow/dags/feature_engineering_dag.py
[2026-04-27T06:05:56.090+0000] {logging_mixin.py:188} INFO - [2026-04-27T06:05:56.090+0000] {dag.py:3036} INFO - Sync 1 DAGs
[2026-04-27T06:05:56.111+0000] {logging_mixin.py:188} INFO - [2026-04-27T06:05:56.111+0000] {dag.py:3823} INFO - Setting next_dagrun for feature_engineering_pipeline to 2026-04-26 00:00:00+00:00, run_after=2026-05-03 00:00:00+00:00
[2026-04-27T06:05:56.136+0000] {processor.py:183} INFO - Processing /home/airflow/dags/feature_engineering_dag.py took 1.000 seconds
[2026-04-27T06:06:26.419+0000] {processor.py:161} INFO - Started process (PID=22758) to work on /home/airflow/dags/feature_engineering_dag.py
[2026-04-27T06:06:26.420+0000] {processor.py:830} INFO - Processing file /home/airflow/dags/feature_engineering_dag.py for tasks to queue
[2026-04-27T06:06:26.421+0000] {logging_mixin.py:188} INFO - [2026-04-27T06:06:26.421+0000] {dagbag.py:538} INFO - Filling up the DagBag from /home/airflow/dags/feature_engineering_dag.py
[2026-04-27T06:06:27.413+0000] {processor.py:840} INFO - DAG(s) 'feature_engineering_pipeline' retrieved from /home/airflow/dags/feature_engineering_dag.py
[2026-04-27T06:06:27.443+0000] {logging_mixin.py:188} INFO - [2026-04-27T06:06:27.443+0000] {dag.py:3036} INFO - Sync 1 DAGs
[2026-04-27T06:06:27.466+0000] {logging_mixin.py:188} INFO - [2026-04-27T06:06:27.466+0000] {dag.py:3823} INFO - Setting next_dagrun for feature_engineering_pipeline to 2026-04-26 00:00:00+00:00, run_after=2026-05-03 00:00:00+00:00
[2026-04-27T06:06:27.491+0000] {processor.py:183} INFO - Processing /home/airflow/dags/feature_engineering_dag.py took 1.076 seconds
[2026-04-27T06:06:57.825+0000] {processor.py:161} INFO - Started process (PID=22803) to work on /home/airflow/dags/feature_engineering_dag.py
[2026-04-27T06:06:57.827+0000] {processor.py:830} INFO - Processing file /home/airflow/dags/feature_engineering_dag.py for tasks to queue
[2026-04-27T06:06:57.828+0000] {logging_mixin.py:188} INFO - [2026-04-27T06:06:57.827+0000] {dagbag.py:538} INFO - Filling up the DagBag from /home/airflow/dags/feature_engineering_dag.py
[2026-04-27T06:06:58.820+0000] {processor.py:840} INFO - DAG(s) 'feature_engineering_pipeline' retrieved from /home/airflow/dags/feature_engineering_dag.py
[2026-04-27T06:06:58.863+0000] {logging_mixin.py:188} INFO - [2026-04-27T06:06:58.863+0000] {dag.py:3036} INFO - Sync 1 DAGs
[2026-04-27T06:06:58.896+0000] {logging_mixin.py:188} INFO - [2026-04-27T06:06:58.895+0000] {dag.py:3823} INFO - Setting next_dagrun for feature_engineering_pipeline to 2026-04-26 00:00:00+00:00, run_after=2026-05-03 00:00:00+00:00
[2026-04-27T06:06:58.921+0000] {processor.py:183} INFO - Processing /home/airflow/dags/feature_engineering_dag.py took 1.099 seconds
[2026-04-27T06:07:29.186+0000] {processor.py:161} INFO - Started process (PID=22848) to work on /home/airflow/dags/feature_engineering_dag.py
[2026-04-27T06:07:29.187+0000] {processor.py:830} INFO - Processing file /home/airflow/dags/feature_engineering_dag.py for tasks to queue
[2026-04-27T06:07:29.188+0000] {logging_mixin.py:188} INFO - [2026-04-27T06:07:29.188+0000] {dagbag.py:538} INFO - Filling up the DagBag from /home/airflow/dags/feature_engineering_dag.py
[2026-04-27T06:07:30.315+0000] {processor.py:840} INFO - DAG(s) 'feature_engineering_pipeline' retrieved from /home/airflow/dags/feature_engineering_dag.py
[2026-04-27T06:07:30.345+0000] {logging_mixin.py:188} INFO - [2026-04-27T06:07:30.345+0000] {dag.py:3036} INFO - Sync 1 DAGs
[2026-04-27T06:07:30.365+0000] {logging_mixin.py:188} INFO - [2026-04-27T06:07:30.365+0000] {dag.py:3823} INFO - Setting next_dagrun for feature_engineering_pipeline to 2026-04-26 00:00:00+00:00, run_after=2026-05-03 00:00:00+00:00
[2026-04-27T06:07:30.391+0000] {processor.py:183} INFO - Processing /home/airflow/dags/feature_engineering_dag.py took 1.210 seconds
[2026-04-27T06:08:00.927+0000] {processor.py:161} INFO - Started process (PID=22893) to work on /home/airflow/dags/feature_engineering_dag.py
[2026-04-27T06:08:00.928+0000] {processor.py:830} INFO - Processing file /home/airflow/dags/feature_engineering_dag.py for tasks to queue
[2026-04-27T06:08:00.929+0000] {logging_mixin.py:188} INFO - [2026-04-27T06:08:00.929+0000] {dagbag.py:538} INFO - Filling up the DagBag from /home/airflow/dags/feature_engineering_dag.py
[2026-04-27T06:08:01.952+0000] {processor.py:840} INFO - DAG(s) 'feature_engineering_pipeline' retrieved from /home/airflow/dags/feature_engineering_dag.py
[2026-04-27T06:08:01.978+0000] {logging_mixin.py:188} INFO - [2026-04-27T06:08:01.978+0000] {dag.py:3036} INFO - Sync 1 DAGs
[2026-04-27T06:08:02.007+0000] {logging_mixin.py:188} INFO - [2026-04-27T06:08:02.006+0000] {dag.py:3823} INFO - Setting next_dagrun for feature_engineering_pipeline to 2026-04-26 00:00:00+00:00, run_after=2026-05-03 00:00:00+00:00
[2026-04-27T06:08:02.033+0000] {processor.py:183} INFO - Processing /home/airflow/dags/feature_engineering_dag.py took 1.112 seconds
[2026-04-27T06:08:32.416+0000] {processor.py:161} INFO - Started process (PID=22938) to work on /home/airflow/dags/feature_engineering_dag.py
[2026-04-27T06:08:32.417+0000] {processor.py:830} INFO - Processing file /home/airflow/dags/feature_engineering_dag.py for tasks to queue
[2026-04-27T06:08:32.418+0000] {logging_mixin.py:188} INFO - [2026-04-27T06:08:32.418+0000] {dagbag.py:538} INFO - Filling up the DagBag from /home/airflow/dags/feature_engineering_dag.py
[2026-04-27T06:08:33.605+0000] {processor.py:840} INFO - DAG(s) 'feature_engineering_pipeline' retrieved from /home/airflow/dags/feature_engineering_dag.py
[2026-04-27T06:08:33.635+0000] {logging_mixin.py:188} INFO - [2026-04-27T06:08:33.635+0000] {dag.py:3036} INFO - Sync 1 DAGs
[2026-04-27T06:08:33.663+0000] {logging_mixin.py:188} INFO - [2026-04-27T06:08:33.663+0000] {dag.py:3823} INFO - Setting next_dagrun for feature_engineering_pipeline to 2026-04-26 00:00:00+00:00, run_after=2026-05-03 00:00:00+00:00
[2026-04-27T06:08:33.694+0000] {processor.py:183} INFO - Processing /home/airflow/dags/feature_engineering_dag.py took 1.284 seconds
[2026-04-27T06:09:04.650+0000] {processor.py:161} INFO - Started process (PID=22983) to work on /home/airflow/dags/feature_engineering_dag.py
[2026-04-27T06:09:04.651+0000] {processor.py:830} INFO - Processing file /home/airflow/dags/feature_engineering_dag.py for tasks to queue
[2026-04-27T06:09:04.653+0000] {logging_mixin.py:188} INFO - [2026-04-27T06:09:04.652+0000] {dagbag.py:538} INFO - Filling up the DagBag from /home/airflow/dags/feature_engineering_dag.py
[2026-04-27T06:09:05.639+0000] {processor.py:840} INFO - DAG(s) 'feature_engineering_pipeline' retrieved from /home/airflow/dags/feature_engineering_dag.py
[2026-04-27T06:09:05.661+0000] {logging_mixin.py:188} INFO - [2026-04-27T06:09:05.661+0000] {dag.py:3036} INFO - Sync 1 DAGs
[2026-04-27T06:09:05.685+0000] {logging_mixin.py:188} INFO - [2026-04-27T06:09:05.685+0000] {dag.py:3823} INFO - Setting next_dagrun for feature_engineering_pipeline to 2026-04-26 00:00:00+00:00, run_after=2026-05-03 00:00:00+00:00
[2026-04-27T06:09:05.710+0000] {processor.py:183} INFO - Processing /home/airflow/dags/feature_engineering_dag.py took 1.065 seconds
[2026-04-27T06:09:35.994+0000] {processor.py:161} INFO - Started process (PID=23028) to work on /home/airflow/dags/feature_engineering_dag.py
[2026-04-27T06:09:35.995+0000] {processor.py:830} INFO - Processing file /home/airflow/dags/feature_engineering_dag.py for tasks to queue
[2026-04-27T06:09:35.996+0000] {logging_mixin.py:188} INFO - [2026-04-27T06:09:35.996+0000] {dagbag.py:538} INFO - Filling up the DagBag from /home/airflow/dags/feature_engineering_dag.py
[2026-04-27T06:09:36.892+0000] {processor.py:840} INFO - DAG(s) 'feature_engineering_pipeline' retrieved from /home/airflow/dags/feature_engineering_dag.py
[2026-04-27T06:09:36.917+0000] {logging_mixin.py:188} INFO - [2026-04-27T06:09:36.916+0000] {dag.py:3036} INFO - Sync 1 DAGs
[2026-04-27T06:09:36.936+0000] {logging_mixin.py:188} INFO - [2026-04-27T06:09:36.935+0000] {dag.py:3823} INFO - Setting next_dagrun for feature_engineering_pipeline to 2026-04-26 00:00:00+00:00, run_after=2026-05-03 00:00:00+00:00
[2026-04-27T06:09:36.959+0000] {processor.py:183} INFO - Processing /home/airflow/dags/feature_engineering_dag.py took 0.968 seconds
[2026-04-27T06:10:07.236+0000] {processor.py:161} INFO - Started process (PID=23073) to work on /home/airflow/dags/feature_engineering_dag.py
[2026-04-27T06:10:07.238+0000] {processor.py:830} INFO - Processing file /home/airflow/dags/feature_engineering_dag.py for tasks to queue
[2026-04-27T06:10:07.239+0000] {logging_mixin.py:188} INFO - [2026-04-27T06:10:07.238+0000] {dagbag.py:538} INFO - Filling up the DagBag from /home/airflow/dags/feature_engineering_dag.py
[2026-04-27T06:10:08.146+0000] {processor.py:840} INFO - DAG(s) 'feature_engineering_pipeline' retrieved from /home/airflow/dags/feature_engineering_dag.py
[2026-04-27T06:10:08.171+0000] {logging_mixin.py:188} INFO - [2026-04-27T06:10:08.170+0000] {dag.py:3036} INFO - Sync 1 DAGs
[2026-04-27T06:10:08.195+0000] {logging_mixin.py:188} INFO - [2026-04-27T06:10:08.195+0000] {dag.py:3823} INFO - Setting next_dagrun for feature_engineering_pipeline to 2026-04-26 00:00:00+00:00, run_after=2026-05-03 00:00:00+00:00
[2026-04-27T06:10:08.219+0000] {processor.py:183} INFO - Processing /home/airflow/dags/feature_engineering_dag.py took 0.986 seconds
[2026-04-27T06:10:38.601+0000] {processor.py:161} INFO - Started process (PID=23118) to work on /home/airflow/dags/feature_engineering_dag.py
[2026-04-27T06:10:38.603+0000] {processor.py:830} INFO - Processing file /home/airflow/dags/feature_engineering_dag.py for tasks to queue
[2026-04-27T06:10:38.604+0000] {logging_mixin.py:188} INFO - [2026-04-27T06:10:38.604+0000] {dagbag.py:538} INFO - Filling up the DagBag from /home/airflow/dags/feature_engineering_dag.py
[2026-04-27T06:10:39.650+0000] {processor.py:840} INFO - DAG(s) 'feature_engineering_pipeline' retrieved from /home/airflow/dags/feature_engineering_dag.py
[2026-04-27T06:10:39.676+0000] {logging_mixin.py:188} INFO - [2026-04-27T06:10:39.675+0000] {dag.py:3036} INFO - Sync 1 DAGs
[2026-04-27T06:10:39.696+0000] {logging_mixin.py:188} INFO - [2026-04-27T06:10:39.696+0000] {dag.py:3823} INFO - Setting next_dagrun for feature_engineering_pipeline to 2026-04-26 00:00:00+00:00, run_after=2026-05-03 00:00:00+00:00
[2026-04-27T06:10:39.721+0000] {processor.py:183} INFO - Processing /home/airflow/dags/feature_engineering_dag.py took 1.125 seconds
[2026-04-27T06:11:10.031+0000] {processor.py:161} INFO - Started process (PID=23163) to work on /home/airflow/dags/feature_engineering_dag.py
[2026-04-27T06:11:10.033+0000] {processor.py:830} INFO - Processing file /home/airflow/dags/feature_engineering_dag.py for tasks to queue
[2026-04-27T06:11:10.034+0000] {logging_mixin.py:188} INFO - [2026-04-27T06:11:10.034+0000] {dagbag.py:538} INFO - Filling up the DagBag from /home/airflow/dags/feature_engineering_dag.py
[2026-04-27T06:11:11.075+0000] {processor.py:840} INFO - DAG(s) 'feature_engineering_pipeline' retrieved from /home/airflow/dags/feature_engineering_dag.py
[2026-04-27T06:11:11.110+0000] {logging_mixin.py:188} INFO - [2026-04-27T06:11:11.109+0000] {dag.py:3036} INFO - Sync 1 DAGs
[2026-04-27T06:11:11.143+0000] {logging_mixin.py:188} INFO - [2026-04-27T06:11:11.142+0000] {dag.py:3823} INFO - Setting next_dagrun for feature_engineering_pipeline to 2026-04-26 00:00:00+00:00, run_after=2026-05-03 00:00:00+00:00
[2026-04-27T06:11:11.172+0000] {processor.py:183} INFO - Processing /home/airflow/dags/feature_engineering_dag.py took 1.146 seconds
[2026-04-27T06:11:41.530+0000] {processor.py:161} INFO - Started process (PID=23208) to work on /home/airflow/dags/feature_engineering_dag.py
[2026-04-27T06:11:41.531+0000] {processor.py:830} INFO - Processing file /home/airflow/dags/feature_engineering_dag.py for tasks to queue
[2026-04-27T06:11:41.532+0000] {logging_mixin.py:188} INFO - [2026-04-27T06:11:41.532+0000] {dagbag.py:538} INFO - Filling up the DagBag from /home/airflow/dags/feature_engineering_dag.py
[2026-04-27T06:11:42.533+0000] {processor.py:840} INFO - DAG(s) 'feature_engineering_pipeline' retrieved from /home/airflow/dags/feature_engineering_dag.py
[2026-04-27T06:11:42.559+0000] {logging_mixin.py:188} INFO - [2026-04-27T06:11:42.558+0000] {dag.py:3036} INFO - Sync 1 DAGs
[2026-04-27T06:11:42.582+0000] {logging_mixin.py:188} INFO - [2026-04-27T06:11:42.582+0000] {dag.py:3823} INFO - Setting next_dagrun for feature_engineering_pipeline to 2026-04-26 00:00:00+00:00, run_after=2026-05-03 00:00:00+00:00
[2026-04-27T06:11:42.605+0000] {processor.py:183} INFO - Processing /home/airflow/dags/feature_engineering_dag.py took 1.078 seconds
[2026-04-27T06:12:13.115+0000] {processor.py:161} INFO - Started process (PID=23253) to work on /home/airflow/dags/feature_engineering_dag.py
[2026-04-27T06:12:13.116+0000] {processor.py:830} INFO - Processing file /home/airflow/dags/feature_engineering_dag.py for tasks to queue
[2026-04-27T06:12:13.117+0000] {logging_mixin.py:188} INFO - [2026-04-27T06:12:13.117+0000] {dagbag.py:538} INFO - Filling up the DagBag from /home/airflow/dags/feature_engineering_dag.py
[2026-04-27T06:12:14.113+0000] {processor.py:840} INFO - DAG(s) 'feature_engineering_pipeline' retrieved from /home/airflow/dags/feature_engineering_dag.py
[2026-04-27T06:12:14.141+0000] {logging_mixin.py:188} INFO - [2026-04-27T06:12:14.140+0000] {dag.py:3036} INFO - Sync 1 DAGs
[2026-04-27T06:12:14.160+0000] {logging_mixin.py:188} INFO - [2026-04-27T06:12:14.160+0000] {dag.py:3823} INFO - Setting next_dagrun for feature_engineering_pipeline to 2026-04-26 00:00:00+00:00, run_after=2026-05-03 00:00:00+00:00
[2026-04-27T06:12:14.184+0000] {processor.py:183} INFO - Processing /home/airflow/dags/feature_engineering_dag.py took 1.073 seconds
[2026-04-27T06:12:44.504+0000] {processor.py:161} INFO - Started process (PID=23298) to work on /home/airflow/dags/feature_engineering_dag.py
[2026-04-27T06:12:44.505+0000] {processor.py:830} INFO - Processing file /home/airflow/dags/feature_engineering_dag.py for tasks to queue
[2026-04-27T06:12:44.506+0000] {logging_mixin.py:188} INFO - [2026-04-27T06:12:44.506+0000] {dagbag.py:538} INFO - Filling up the DagBag from /home/airflow/dags/feature_engineering_dag.py
[2026-04-27T06:12:45.538+0000] {processor.py:840} INFO - DAG(s) 'feature_engineering_pipeline' retrieved from /home/airflow/dags/feature_engineering_dag.py
[2026-04-27T06:12:45.567+0000] {logging_mixin.py:188} INFO - [2026-04-27T06:12:45.567+0000] {dag.py:3036} INFO - Sync 1 DAGs
[2026-04-27T06:12:45.592+0000] {logging_mixin.py:188} INFO - [2026-04-27T06:12:45.592+0000] {dag.py:3823} INFO - Setting next_dagrun for feature_engineering_pipeline to 2026-04-26 00:00:00+00:00, run_after=2026-05-03 00:00:00+00:00
[2026-04-27T06:12:45.617+0000] {processor.py:183} INFO - Processing /home/airflow/dags/feature_engineering_dag.py took 1.116 seconds
[2026-04-27T06:13:15.682+0000] {processor.py:161} INFO - Started process (PID=23351) to work on /home/airflow/dags/feature_engineering_dag.py
[2026-04-27T06:13:15.683+0000] {processor.py:830} INFO - Processing file /home/airflow/dags/feature_engineering_dag.py for tasks to queue
[2026-04-27T06:13:15.684+0000] {logging_mixin.py:188} INFO - [2026-04-27T06:13:15.684+0000] {dagbag.py:538} INFO - Filling up the DagBag from /home/airflow/dags/feature_engineering_dag.py
[2026-04-27T06:13:16.608+0000] {processor.py:840} INFO - DAG(s) 'feature_engineering_pipeline' retrieved from /home/airflow/dags/feature_engineering_dag.py
[2026-04-27T06:13:16.628+0000] {logging_mixin.py:188} INFO - [2026-04-27T06:13:16.628+0000] {dag.py:3036} INFO - Sync 1 DAGs
[2026-04-27T06:13:16.648+0000] {logging_mixin.py:188} INFO - [2026-04-27T06:13:16.647+0000] {dag.py:3823} INFO - Setting next_dagrun for feature_engineering_pipeline to 2026-04-26 00:00:00+00:00, run_after=2026-05-03 00:00:00+00:00
[2026-04-27T06:13:16.674+0000] {processor.py:183} INFO - Processing /home/airflow/dags/feature_engineering_dag.py took 0.996 seconds
[2026-04-27T06:13:52.937+0000] {processor.py:161} INFO - Started process (PID=79) to work on /home/airflow/dags/feature_engineering_dag.py
[2026-04-27T06:13:52.940+0000] {processor.py:830} INFO - Processing file /home/airflow/dags/feature_engineering_dag.py for tasks to queue
[2026-04-27T06:13:52.942+0000] {logging_mixin.py:188} INFO - [2026-04-27T06:13:52.941+0000] {dagbag.py:538} INFO - Filling up the DagBag from /home/airflow/dags/feature_engineering_dag.py
[2026-04-27T06:13:54.132+0000] {processor.py:840} INFO - DAG(s) 'feature_engineering_pipeline' retrieved from /home/airflow/dags/feature_engineering_dag.py
[2026-04-27T06:13:54.153+0000] {logging_mixin.py:188} INFO - [2026-04-27T06:13:54.153+0000] {dag.py:3036} INFO - Sync 1 DAGs
[2026-04-27T06:13:54.176+0000] {logging_mixin.py:188} INFO - [2026-04-27T06:13:54.176+0000] {dag.py:3823} INFO - Setting next_dagrun for feature_engineering_pipeline to 2026-04-26 00:00:00+00:00, run_after=2026-05-03 00:00:00+00:00
[2026-04-27T06:13:54.202+0000] {processor.py:183} INFO - Processing /home/airflow/dags/feature_engineering_dag.py took 1.268 seconds
[2026-04-27T06:14:24.524+0000] {processor.py:161} INFO - Started process (PID=132) to work on /home/airflow/dags/feature_engineering_dag.py
[2026-04-27T06:14:24.525+0000] {processor.py:830} INFO - Processing file /home/airflow/dags/feature_engineering_dag.py for tasks to queue
[2026-04-27T06:14:24.527+0000] {logging_mixin.py:188} INFO - [2026-04-27T06:14:24.526+0000] {dagbag.py:538} INFO - Filling up the DagBag from /home/airflow/dags/feature_engineering_dag.py
[2026-04-27T06:14:25.664+0000] {processor.py:840} INFO - DAG(s) 'feature_engineering_pipeline' retrieved from /home/airflow/dags/feature_engineering_dag.py
[2026-04-27T06:14:25.685+0000] {logging_mixin.py:188} INFO - [2026-04-27T06:14:25.684+0000] {dag.py:3036} INFO - Sync 1 DAGs
[2026-04-27T06:14:25.705+0000] {logging_mixin.py:188} INFO - [2026-04-27T06:14:25.705+0000] {dag.py:3823} INFO - Setting next_dagrun for feature_engineering_pipeline to 2026-04-26 00:00:00+00:00, run_after=2026-05-03 00:00:00+00:00
[2026-04-27T06:14:25.729+0000] {processor.py:183} INFO - Processing /home/airflow/dags/feature_engineering_dag.py took 1.209 seconds
[2026-04-27T06:14:56.199+0000] {processor.py:161} INFO - Started process (PID=177) to work on /home/airflow/dags/feature_engineering_dag.py
[2026-04-27T06:14:56.201+0000] {processor.py:830} INFO - Processing file /home/airflow/dags/feature_engineering_dag.py for tasks to queue
[2026-04-27T06:14:56.203+0000] {logging_mixin.py:188} INFO - [2026-04-27T06:14:56.202+0000] {dagbag.py:538} INFO - Filling up the DagBag from /home/airflow/dags/feature_engineering_dag.py
[2026-04-27T06:14:57.337+0000] {processor.py:840} INFO - DAG(s) 'feature_engineering_pipeline' retrieved from /home/airflow/dags/feature_engineering_dag.py
[2026-04-27T06:14:57.363+0000] {logging_mixin.py:188} INFO - [2026-04-27T06:14:57.361+0000] {dag.py:3036} INFO - Sync 1 DAGs
[2026-04-27T06:14:57.383+0000] {logging_mixin.py:188} INFO - [2026-04-27T06:14:57.383+0000] {dag.py:3823} INFO - Setting next_dagrun for feature_engineering_pipeline to 2026-04-26 00:00:00+00:00, run_after=2026-05-03 00:00:00+00:00
[2026-04-27T06:14:57.411+0000] {processor.py:183} INFO - Processing /home/airflow/dags/feature_engineering_dag.py took 1.217 seconds
[2026-04-27T06:15:27.742+0000] {processor.py:161} INFO - Started process (PID=222) to work on /home/airflow/dags/feature_engineering_dag.py
[2026-04-27T06:15:27.743+0000] {processor.py:830} INFO - Processing file /home/airflow/dags/feature_engineering_dag.py for tasks to queue
[2026-04-27T06:15:27.745+0000] {logging_mixin.py:188} INFO - [2026-04-27T06:15:27.745+0000] {dagbag.py:538} INFO - Filling up the DagBag from /home/airflow/dags/feature_engineering_dag.py
[2026-04-27T06:15:28.768+0000] {processor.py:840} INFO - DAG(s) 'feature_engineering_pipeline' retrieved from /home/airflow/dags/feature_engineering_dag.py
[2026-04-27T06:15:28.799+0000] {logging_mixin.py:188} INFO - [2026-04-27T06:15:28.798+0000] {dag.py:3036} INFO - Sync 1 DAGs
[2026-04-27T06:15:28.821+0000] {logging_mixin.py:188} INFO - [2026-04-27T06:15:28.820+0000] {dag.py:3823} INFO - Setting next_dagrun for feature_engineering_pipeline to 2026-04-26 00:00:00+00:00, run_after=2026-05-03 00:00:00+00:00
[2026-04-27T06:15:28.863+0000] {processor.py:183} INFO - Processing /home/airflow/dags/feature_engineering_dag.py took 1.125 seconds
[2026-04-27T06:15:59.433+0000] {processor.py:161} INFO - Started process (PID=278) to work on /home/airflow/dags/feature_engineering_dag.py
[2026-04-27T06:15:59.435+0000] {processor.py:830} INFO - Processing file /home/airflow/dags/feature_engineering_dag.py for tasks to queue
[2026-04-27T06:15:59.436+0000] {logging_mixin.py:188} INFO - [2026-04-27T06:15:59.436+0000] {dagbag.py:538} INFO - Filling up the DagBag from /home/airflow/dags/feature_engineering_dag.py
[2026-04-27T06:16:00.442+0000] {processor.py:840} INFO - DAG(s) 'feature_engineering_pipeline' retrieved from /home/airflow/dags/feature_engineering_dag.py
[2026-04-27T06:16:00.474+0000] {logging_mixin.py:188} INFO - [2026-04-27T06:16:00.474+0000] {dag.py:3036} INFO - Sync 1 DAGs
[2026-04-27T06:16:00.504+0000] {logging_mixin.py:188} INFO - [2026-04-27T06:16:00.503+0000] {dag.py:3823} INFO - Setting next_dagrun for feature_engineering_pipeline to 2026-04-26 00:00:00+00:00, run_after=2026-05-03 00:00:00+00:00
[2026-04-27T06:16:00.539+0000] {processor.py:183} INFO - Processing /home/airflow/dags/feature_engineering_dag.py took 1.111 seconds
[2026-04-27T06:16:31.114+0000] {processor.py:161} INFO - Started process (PID=329) to work on /home/airflow/dags/feature_engineering_dag.py
[2026-04-27T06:16:31.116+0000] {processor.py:830} INFO - Processing file /home/airflow/dags/feature_engineering_dag.py for tasks to queue
[2026-04-27T06:16:31.117+0000] {logging_mixin.py:188} INFO - [2026-04-27T06:16:31.117+0000] {dagbag.py:538} INFO - Filling up the DagBag from /home/airflow/dags/feature_engineering_dag.py
[2026-04-27T06:16:32.548+0000] {processor.py:840} INFO - DAG(s) 'feature_engineering_pipeline' retrieved from /home/airflow/dags/feature_engineering_dag.py
[2026-04-27T06:16:32.580+0000] {logging_mixin.py:188} INFO - [2026-04-27T06:16:32.579+0000] {dag.py:3036} INFO - Sync 1 DAGs
[2026-04-27T06:16:32.605+0000] {logging_mixin.py:188} INFO - [2026-04-27T06:16:32.605+0000] {dag.py:3823} INFO - Setting next_dagrun for feature_engineering_pipeline to 2026-04-26 00:00:00+00:00, run_after=2026-05-03 00:00:00+00:00
[2026-04-27T06:16:32.637+0000] {processor.py:183} INFO - Processing /home/airflow/dags/feature_engineering_dag.py took 1.529 seconds
[2026-04-27T06:17:02.873+0000] {processor.py:161} INFO - Started process (PID=374) to work on /home/airflow/dags/feature_engineering_dag.py
[2026-04-27T06:17:02.874+0000] {processor.py:830} INFO - Processing file /home/airflow/dags/feature_engineering_dag.py for tasks to queue
[2026-04-27T06:17:02.876+0000] {logging_mixin.py:188} INFO - [2026-04-27T06:17:02.875+0000] {dagbag.py:538} INFO - Filling up the DagBag from /home/airflow/dags/feature_engineering_dag.py
[2026-04-27T06:17:04.175+0000] {processor.py:840} INFO - DAG(s) 'feature_engineering_pipeline' retrieved from /home/airflow/dags/feature_engineering_dag.py
[2026-04-27T06:17:04.203+0000] {logging_mixin.py:188} INFO - [2026-04-27T06:17:04.202+0000] {dag.py:3036} INFO - Sync 1 DAGs
[2026-04-27T06:17:04.230+0000] {logging_mixin.py:188} INFO - [2026-04-27T06:17:04.229+0000] {dag.py:3823} INFO - Setting next_dagrun for feature_engineering_pipeline to 2026-04-26 00:00:00+00:00, run_after=2026-05-03 00:00:00+00:00
[2026-04-27T06:17:04.274+0000] {processor.py:183} INFO - Processing /home/airflow/dags/feature_engineering_dag.py took 1.407 seconds
[2026-04-27T06:17:34.712+0000] {processor.py:161} INFO - Started process (PID=412) to work on /home/airflow/dags/feature_engineering_dag.py
[2026-04-27T06:17:34.713+0000] {processor.py:830} INFO - Processing file /home/airflow/dags/feature_engineering_dag.py for tasks to queue
[2026-04-27T06:17:34.716+0000] {logging_mixin.py:188} INFO - [2026-04-27T06:17:34.715+0000] {dagbag.py:538} INFO - Filling up the DagBag from /home/airflow/dags/feature_engineering_dag.py
[2026-04-27T06:17:36.351+0000] {processor.py:840} INFO - DAG(s) 'feature_engineering_pipeline' retrieved from /home/airflow/dags/feature_engineering_dag.py
[2026-04-27T06:17:36.400+0000] {logging_mixin.py:188} INFO - [2026-04-27T06:17:36.399+0000] {dag.py:3036} INFO - Sync 1 DAGs
[2026-04-27T06:17:36.443+0000] {logging_mixin.py:188} INFO - [2026-04-27T06:17:36.442+0000] {dag.py:3823} INFO - Setting next_dagrun for feature_engineering_pipeline to 2026-04-26 00:00:00+00:00, run_after=2026-05-03 00:00:00+00:00
[2026-04-27T06:17:36.484+0000] {processor.py:183} INFO - Processing /home/airflow/dags/feature_engineering_dag.py took 1.778 seconds
[2026-04-27T06:18:06.922+0000] {processor.py:161} INFO - Started process (PID=464) to work on /home/airflow/dags/feature_engineering_dag.py
[2026-04-27T06:18:06.924+0000] {processor.py:830} INFO - Processing file /home/airflow/dags/feature_engineering_dag.py for tasks to queue
[2026-04-27T06:18:06.926+0000] {logging_mixin.py:188} INFO - [2026-04-27T06:18:06.925+0000] {dagbag.py:538} INFO - Filling up the DagBag from /home/airflow/dags/feature_engineering_dag.py
[2026-04-27T06:18:08.137+0000] {processor.py:840} INFO - DAG(s) 'feature_engineering_pipeline' retrieved from /home/airflow/dags/feature_engineering_dag.py
[2026-04-27T06:18:08.167+0000] {logging_mixin.py:188} INFO - [2026-04-27T06:18:08.166+0000] {dag.py:3036} INFO - Sync 1 DAGs
[2026-04-27T06:18:08.190+0000] {logging_mixin.py:188} INFO - [2026-04-27T06:18:08.190+0000] {dag.py:3823} INFO - Setting next_dagrun for feature_engineering_pipeline to 2026-04-26 00:00:00+00:00, run_after=2026-05-03 00:00:00+00:00
[2026-04-27T06:18:08.219+0000] {processor.py:183} INFO - Processing /home/airflow/dags/feature_engineering_dag.py took 1.302 seconds
[2026-04-27T06:18:38.577+0000] {processor.py:161} INFO - Started process (PID=502) to work on /home/airflow/dags/feature_engineering_dag.py
[2026-04-27T06:18:38.579+0000] {processor.py:830} INFO - Processing file /home/airflow/dags/feature_engineering_dag.py for tasks to queue
[2026-04-27T06:18:38.582+0000] {logging_mixin.py:188} INFO - [2026-04-27T06:18:38.580+0000] {dagbag.py:538} INFO - Filling up the DagBag from /home/airflow/dags/feature_engineering_dag.py
[2026-04-27T06:18:41.293+0000] {processor.py:840} INFO - DAG(s) 'feature_engineering_pipeline' retrieved from /home/airflow/dags/feature_engineering_dag.py
[2026-04-27T06:18:41.512+0000] {logging_mixin.py:188} INFO - [2026-04-27T06:18:41.509+0000] {dag.py:3036} INFO - Sync 1 DAGs
[2026-04-27T06:18:41.584+0000] {logging_mixin.py:188} INFO - [2026-04-27T06:18:41.584+0000] {dag.py:3823} INFO - Setting next_dagrun for feature_engineering_pipeline to 2026-04-26 00:00:00+00:00, run_after=2026-05-03 00:00:00+00:00
[2026-04-27T06:18:41.657+0000] {processor.py:183} INFO - Processing /home/airflow/dags/feature_engineering_dag.py took 3.085 seconds
[2026-04-27T06:19:12.146+0000] {processor.py:161} INFO - Started process (PID=558) to work on /home/airflow/dags/feature_engineering_dag.py
[2026-04-27T06:19:12.147+0000] {processor.py:830} INFO - Processing file /home/airflow/dags/feature_engineering_dag.py for tasks to queue
[2026-04-27T06:19:12.149+0000] {logging_mixin.py:188} INFO - [2026-04-27T06:19:12.148+0000] {dagbag.py:538} INFO - Filling up the DagBag from /home/airflow/dags/feature_engineering_dag.py
[2026-04-27T06:19:13.531+0000] {processor.py:840} INFO - DAG(s) 'feature_engineering_pipeline' retrieved from /home/airflow/dags/feature_engineering_dag.py
[2026-04-27T06:19:13.584+0000] {logging_mixin.py:188} INFO - [2026-04-27T06:19:13.583+0000] {dag.py:3036} INFO - Sync 1 DAGs
[2026-04-27T06:19:13.630+0000] {logging_mixin.py:188} INFO - [2026-04-27T06:19:13.629+0000] {dag.py:3823} INFO - Setting next_dagrun for feature_engineering_pipeline to 2026-04-26 00:00:00+00:00, run_after=2026-05-03 00:00:00+00:00
[2026-04-27T06:19:13.662+0000] {processor.py:183} INFO - Processing /home/airflow/dags/feature_engineering_dag.py took 1.520 seconds
[2026-04-27T06:19:44.132+0000] {processor.py:161} INFO - Started process (PID=602) to work on /home/airflow/dags/feature_engineering_dag.py
[2026-04-27T06:19:44.134+0000] {processor.py:830} INFO - Processing file /home/airflow/dags/feature_engineering_dag.py for tasks to queue
[2026-04-27T06:19:44.135+0000] {logging_mixin.py:188} INFO - [2026-04-27T06:19:44.134+0000] {dagbag.py:538} INFO - Filling up the DagBag from /home/airflow/dags/feature_engineering_dag.py
[2026-04-27T06:19:45.583+0000] {processor.py:840} INFO - DAG(s) 'feature_engineering_pipeline' retrieved from /home/airflow/dags/feature_engineering_dag.py
[2026-04-27T06:19:45.620+0000] {logging_mixin.py:188} INFO - [2026-04-27T06:19:45.619+0000] {dag.py:3036} INFO - Sync 1 DAGs
[2026-04-27T06:19:45.652+0000] {logging_mixin.py:188} INFO - [2026-04-27T06:19:45.651+0000] {dag.py:3823} INFO - Setting next_dagrun for feature_engineering_pipeline to 2026-04-26 00:00:00+00:00, run_after=2026-05-03 00:00:00+00:00
[2026-04-27T06:19:45.692+0000] {processor.py:183} INFO - Processing /home/airflow/dags/feature_engineering_dag.py took 1.565 seconds
[2026-04-27T06:20:16.097+0000] {processor.py:161} INFO - Started process (PID=647) to work on /home/airflow/dags/feature_engineering_dag.py
[2026-04-27T06:20:16.098+0000] {processor.py:830} INFO - Processing file /home/airflow/dags/feature_engineering_dag.py for tasks to queue
[2026-04-27T06:20:16.100+0000] {logging_mixin.py:188} INFO - [2026-04-27T06:20:16.099+0000] {dagbag.py:538} INFO - Filling up the DagBag from /home/airflow/dags/feature_engineering_dag.py
[2026-04-27T06:20:17.042+0000] {processor.py:840} INFO - DAG(s) 'feature_engineering_pipeline' retrieved from /home/airflow/dags/feature_engineering_dag.py
[2026-04-27T06:20:17.072+0000] {logging_mixin.py:188} INFO - [2026-04-27T06:20:17.072+0000] {dag.py:3036} INFO - Sync 1 DAGs
[2026-04-27T06:20:17.096+0000] {logging_mixin.py:188} INFO - [2026-04-27T06:20:17.096+0000] {dag.py:3823} INFO - Setting next_dagrun for feature_engineering_pipeline to 2026-04-26 00:00:00+00:00, run_after=2026-05-03 00:00:00+00:00
[2026-04-27T06:20:17.122+0000] {processor.py:183} INFO - Processing /home/airflow/dags/feature_engineering_dag.py took 1.029 seconds
[2026-04-27T06:20:47.594+0000] {processor.py:161} INFO - Started process (PID=692) to work on /home/airflow/dags/feature_engineering_dag.py
[2026-04-27T06:20:47.596+0000] {processor.py:830} INFO - Processing file /home/airflow/dags/feature_engineering_dag.py for tasks to queue
[2026-04-27T06:20:47.597+0000] {logging_mixin.py:188} INFO - [2026-04-27T06:20:47.596+0000] {dagbag.py:538} INFO - Filling up the DagBag from /home/airflow/dags/feature_engineering_dag.py
[2026-04-27T06:20:48.839+0000] {processor.py:840} INFO - DAG(s) 'feature_engineering_pipeline' retrieved from /home/airflow/dags/feature_engineering_dag.py
[2026-04-27T06:20:48.870+0000] {logging_mixin.py:188} INFO - [2026-04-27T06:20:48.869+0000] {dag.py:3036} INFO - Sync 1 DAGs
[2026-04-27T06:20:48.892+0000] {logging_mixin.py:188} INFO - [2026-04-27T06:20:48.892+0000] {dag.py:3823} INFO - Setting next_dagrun for feature_engineering_pipeline to 2026-04-26 00:00:00+00:00, run_after=2026-05-03 00:00:00+00:00
[2026-04-27T06:20:49.142+0000] {processor.py:183} INFO - Processing /home/airflow/dags/feature_engineering_dag.py took 1.552 seconds
[2026-04-27T06:21:19.887+0000] {processor.py:161} INFO - Started process (PID=737) to work on /home/airflow/dags/feature_engineering_dag.py
[2026-04-27T06:21:19.888+0000] {processor.py:830} INFO - Processing file /home/airflow/dags/feature_engineering_dag.py for tasks to queue
[2026-04-27T06:21:19.889+0000] {logging_mixin.py:188} INFO - [2026-04-27T06:21:19.889+0000] {dagbag.py:538} INFO - Filling up the DagBag from /home/airflow/dags/feature_engineering_dag.py
[2026-04-27T06:21:20.931+0000] {processor.py:840} INFO - DAG(s) 'feature_engineering_pipeline' retrieved from /home/airflow/dags/feature_engineering_dag.py
[2026-04-27T06:21:20.958+0000] {logging_mixin.py:188} INFO - [2026-04-27T06:21:20.957+0000] {dag.py:3036} INFO - Sync 1 DAGs
[2026-04-27T06:21:20.981+0000] {logging_mixin.py:188} INFO - [2026-04-27T06:21:20.980+0000] {dag.py:3823} INFO - Setting next_dagrun for feature_engineering_pipeline to 2026-04-26 00:00:00+00:00, run_after=2026-05-03 00:00:00+00:00
[2026-04-27T06:21:21.056+0000] {processor.py:183} INFO - Processing /home/airflow/dags/feature_engineering_dag.py took 1.172 seconds
[2026-04-27T06:21:51.428+0000] {processor.py:161} INFO - Started process (PID=782) to work on /home/airflow/dags/feature_engineering_dag.py
[2026-04-27T06:21:51.430+0000] {processor.py:830} INFO - Processing file /home/airflow/dags/feature_engineering_dag.py for tasks to queue
[2026-04-27T06:21:51.431+0000] {logging_mixin.py:188} INFO - [2026-04-27T06:21:51.431+0000] {dagbag.py:538} INFO - Filling up the DagBag from /home/airflow/dags/feature_engineering_dag.py
[2026-04-27T06:21:52.411+0000] {processor.py:840} INFO - DAG(s) 'feature_engineering_pipeline' retrieved from /home/airflow/dags/feature_engineering_dag.py
[2026-04-27T06:21:52.444+0000] {logging_mixin.py:188} INFO - [2026-04-27T06:21:52.444+0000] {dag.py:3036} INFO - Sync 1 DAGs
[2026-04-27T06:21:52.480+0000] {logging_mixin.py:188} INFO - [2026-04-27T06:21:52.479+0000] {dag.py:3823} INFO - Setting next_dagrun for feature_engineering_pipeline to 2026-04-26 00:00:00+00:00, run_after=2026-05-03 00:00:00+00:00
[2026-04-27T06:21:52.515+0000] {processor.py:183} INFO - Processing /home/airflow/dags/feature_engineering_dag.py took 1.091 seconds
[2026-04-27T06:22:22.941+0000] {processor.py:161} INFO - Started process (PID=827) to work on /home/airflow/dags/feature_engineering_dag.py
[2026-04-27T06:22:22.943+0000] {processor.py:830} INFO - Processing file /home/airflow/dags/feature_engineering_dag.py for tasks to queue
[2026-04-27T06:22:22.945+0000] {logging_mixin.py:188} INFO - [2026-04-27T06:22:22.944+0000] {dagbag.py:538} INFO - Filling up the DagBag from /home/airflow/dags/feature_engineering_dag.py
[2026-04-27T06:22:23.864+0000] {processor.py:840} INFO - DAG(s) 'feature_engineering_pipeline' retrieved from /home/airflow/dags/feature_engineering_dag.py
[2026-04-27T06:22:23.891+0000] {logging_mixin.py:188} INFO - [2026-04-27T06:22:23.891+0000] {dag.py:3036} INFO - Sync 1 DAGs
[2026-04-27T06:22:23.910+0000] {logging_mixin.py:188} INFO - [2026-04-27T06:22:23.910+0000] {dag.py:3823} INFO - Setting next_dagrun for feature_engineering_pipeline to 2026-04-26 00:00:00+00:00, run_after=2026-05-03 00:00:00+00:00
[2026-04-27T06:22:23.936+0000] {processor.py:183} INFO - Processing /home/airflow/dags/feature_engineering_dag.py took 0.999 seconds
[2026-04-27T06:22:54.338+0000] {processor.py:161} INFO - Started process (PID=872) to work on /home/airflow/dags/feature_engineering_dag.py
[2026-04-27T06:22:54.340+0000] {processor.py:830} INFO - Processing file /home/airflow/dags/feature_engineering_dag.py for tasks to queue
[2026-04-27T06:22:54.341+0000] {logging_mixin.py:188} INFO - [2026-04-27T06:22:54.341+0000] {dagbag.py:538} INFO - Filling up the DagBag from /home/airflow/dags/feature_engineering_dag.py
[2026-04-27T06:22:55.255+0000] {processor.py:840} INFO - DAG(s) 'feature_engineering_pipeline' retrieved from /home/airflow/dags/feature_engineering_dag.py
[2026-04-27T06:22:55.280+0000] {logging_mixin.py:188} INFO - [2026-04-27T06:22:55.280+0000] {dag.py:3036} INFO - Sync 1 DAGs
[2026-04-27T06:22:55.300+0000] {logging_mixin.py:188} INFO - [2026-04-27T06:22:55.300+0000] {dag.py:3823} INFO - Setting next_dagrun for feature_engineering_pipeline to 2026-04-26 00:00:00+00:00, run_after=2026-05-03 00:00:00+00:00
[2026-04-27T06:22:55.356+0000] {processor.py:183} INFO - Processing /home/airflow/dags/feature_engineering_dag.py took 1.022 seconds
[2026-04-27T06:23:25.765+0000] {processor.py:161} INFO - Started process (PID=917) to work on /home/airflow/dags/feature_engineering_dag.py
[2026-04-27T06:23:25.766+0000] {processor.py:830} INFO - Processing file /home/airflow/dags/feature_engineering_dag.py for tasks to queue
[2026-04-27T06:23:25.767+0000] {logging_mixin.py:188} INFO - [2026-04-27T06:23:25.767+0000] {dagbag.py:538} INFO - Filling up the DagBag from /home/airflow/dags/feature_engineering_dag.py
[2026-04-27T06:23:26.808+0000] {processor.py:840} INFO - DAG(s) 'feature_engineering_pipeline' retrieved from /home/airflow/dags/feature_engineering_dag.py
[2026-04-27T06:23:26.834+0000] {logging_mixin.py:188} INFO - [2026-04-27T06:23:26.834+0000] {dag.py:3036} INFO - Sync 1 DAGs
[2026-04-27T06:23:26.858+0000] {logging_mixin.py:188} INFO - [2026-04-27T06:23:26.858+0000] {dag.py:3823} INFO - Setting next_dagrun for feature_engineering_pipeline to 2026-04-26 00:00:00+00:00, run_after=2026-05-03 00:00:00+00:00
[2026-04-27T06:23:26.889+0000] {processor.py:183} INFO - Processing /home/airflow/dags/feature_engineering_dag.py took 1.128 seconds
[2026-04-27T06:23:57.388+0000] {processor.py:161} INFO - Started process (PID=962) to work on /home/airflow/dags/feature_engineering_dag.py
[2026-04-27T06:23:57.389+0000] {processor.py:830} INFO - Processing file /home/airflow/dags/feature_engineering_dag.py for tasks to queue
[2026-04-27T06:23:57.390+0000] {logging_mixin.py:188} INFO - [2026-04-27T06:23:57.390+0000] {dagbag.py:538} INFO - Filling up the DagBag from /home/airflow/dags/feature_engineering_dag.py
[2026-04-27T06:23:58.756+0000] {processor.py:840} INFO - DAG(s) 'feature_engineering_pipeline' retrieved from /home/airflow/dags/feature_engineering_dag.py
[2026-04-27T06:23:58.800+0000] {logging_mixin.py:188} INFO - [2026-04-27T06:23:58.800+0000] {dag.py:3036} INFO - Sync 1 DAGs
[2026-04-27T06:23:58.826+0000] {logging_mixin.py:188} INFO - [2026-04-27T06:23:58.826+0000] {dag.py:3823} INFO - Setting next_dagrun for feature_engineering_pipeline to 2026-04-26 00:00:00+00:00, run_after=2026-05-03 00:00:00+00:00
[2026-04-27T06:23:58.875+0000] {processor.py:183} INFO - Processing /home/airflow/dags/feature_engineering_dag.py took 1.490 seconds
[2026-04-27T06:24:29.311+0000] {processor.py:161} INFO - Started process (PID=1007) to work on /home/airflow/dags/feature_engineering_dag.py
[2026-04-27T06:24:29.313+0000] {processor.py:830} INFO - Processing file /home/airflow/dags/feature_engineering_dag.py for tasks to queue
[2026-04-27T06:24:29.317+0000] {logging_mixin.py:188} INFO - [2026-04-27T06:24:29.314+0000] {dagbag.py:538} INFO - Filling up the DagBag from /home/airflow/dags/feature_engineering_dag.py
[2026-04-27T06:24:30.619+0000] {processor.py:840} INFO - DAG(s) 'feature_engineering_pipeline' retrieved from /home/airflow/dags/feature_engineering_dag.py
[2026-04-27T06:24:30.654+0000] {logging_mixin.py:188} INFO - [2026-04-27T06:24:30.653+0000] {dag.py:3036} INFO - Sync 1 DAGs
[2026-04-27T06:24:30.682+0000] {logging_mixin.py:188} INFO - [2026-04-27T06:24:30.682+0000] {dag.py:3823} INFO - Setting next_dagrun for feature_engineering_pipeline to 2026-04-26 00:00:00+00:00, run_after=2026-05-03 00:00:00+00:00
[2026-04-27T06:24:30.712+0000] {processor.py:183} INFO - Processing /home/airflow/dags/feature_engineering_dag.py took 1.405 seconds
[2026-04-27T06:25:01.177+0000] {processor.py:161} INFO - Started process (PID=1052) to work on /home/airflow/dags/feature_engineering_dag.py
[2026-04-27T06:25:01.179+0000] {processor.py:830} INFO - Processing file /home/airflow/dags/feature_engineering_dag.py for tasks to queue
[2026-04-27T06:25:01.180+0000] {logging_mixin.py:188} INFO - [2026-04-27T06:25:01.179+0000] {dagbag.py:538} INFO - Filling up the DagBag from /home/airflow/dags/feature_engineering_dag.py
[2026-04-27T06:25:02.446+0000] {processor.py:840} INFO - DAG(s) 'feature_engineering_pipeline' retrieved from /home/airflow/dags/feature_engineering_dag.py
[2026-04-27T06:25:02.479+0000] {logging_mixin.py:188} INFO - [2026-04-27T06:25:02.478+0000] {dag.py:3036} INFO - Sync 1 DAGs
[2026-04-27T06:25:02.509+0000] {logging_mixin.py:188} INFO - [2026-04-27T06:25:02.509+0000] {dag.py:3823} INFO - Setting next_dagrun for feature_engineering_pipeline to 2026-04-26 00:00:00+00:00, run_after=2026-05-03 00:00:00+00:00
[2026-04-27T06:25:02.534+0000] {processor.py:183} INFO - Processing /home/airflow/dags/feature_engineering_dag.py took 1.360 seconds
[2026-04-27T06:25:33.026+0000] {processor.py:161} INFO - Started process (PID=1097) to work on /home/airflow/dags/feature_engineering_dag.py
[2026-04-27T06:25:33.028+0000] {processor.py:830} INFO - Processing file /home/airflow/dags/feature_engineering_dag.py for tasks to queue
[2026-04-27T06:25:33.029+0000] {logging_mixin.py:188} INFO - [2026-04-27T06:25:33.029+0000] {dagbag.py:538} INFO - Filling up the DagBag from /home/airflow/dags/feature_engineering_dag.py
[2026-04-27T06:25:34.095+0000] {processor.py:840} INFO - DAG(s) 'feature_engineering_pipeline' retrieved from /home/airflow/dags/feature_engineering_dag.py
[2026-04-27T06:25:34.135+0000] {logging_mixin.py:188} INFO - [2026-04-27T06:25:34.135+0000] {dag.py:3036} INFO - Sync 1 DAGs
[2026-04-27T06:25:34.162+0000] {logging_mixin.py:188} INFO - [2026-04-27T06:25:34.161+0000] {dag.py:3823} INFO - Setting next_dagrun for feature_engineering_pipeline to 2026-04-26 00:00:00+00:00, run_after=2026-05-03 00:00:00+00:00
[2026-04-27T06:25:34.183+0000] {processor.py:183} INFO - Processing /home/airflow/dags/feature_engineering_dag.py took 1.162 seconds
[2026-04-27T06:26:04.456+0000] {processor.py:161} INFO - Started process (PID=1142) to work on /home/airflow/dags/feature_engineering_dag.py
[2026-04-27T06:26:04.457+0000] {processor.py:830} INFO - Processing file /home/airflow/dags/feature_engineering_dag.py for tasks to queue
[2026-04-27T06:26:04.458+0000] {logging_mixin.py:188} INFO - [2026-04-27T06:26:04.458+0000] {dagbag.py:538} INFO - Filling up the DagBag from /home/airflow/dags/feature_engineering_dag.py
[2026-04-27T06:26:05.465+0000] {processor.py:840} INFO - DAG(s) 'feature_engineering_pipeline' retrieved from /home/airflow/dags/feature_engineering_dag.py
[2026-04-27T06:26:05.488+0000] {logging_mixin.py:188} INFO - [2026-04-27T06:26:05.488+0000] {dag.py:3036} INFO - Sync 1 DAGs
[2026-04-27T06:26:05.510+0000] {logging_mixin.py:188} INFO - [2026-04-27T06:26:05.509+0000] {dag.py:3823} INFO - Setting next_dagrun for feature_engineering_pipeline to 2026-04-26 00:00:00+00:00, run_after=2026-05-03 00:00:00+00:00
[2026-04-27T06:26:05.532+0000] {processor.py:183} INFO - Processing /home/airflow/dags/feature_engineering_dag.py took 1.081 seconds
[2026-04-27T06:26:35.823+0000] {processor.py:161} INFO - Started process (PID=1187) to work on /home/airflow/dags/feature_engineering_dag.py
[2026-04-27T06:26:35.825+0000] {processor.py:830} INFO - Processing file /home/airflow/dags/feature_engineering_dag.py for tasks to queue
[2026-04-27T06:26:35.826+0000] {logging_mixin.py:188} INFO - [2026-04-27T06:26:35.826+0000] {dagbag.py:538} INFO - Filling up the DagBag from /home/airflow/dags/feature_engineering_dag.py
[2026-04-27T06:26:36.786+0000] {processor.py:840} INFO - DAG(s) 'feature_engineering_pipeline' retrieved from /home/airflow/dags/feature_engineering_dag.py
[2026-04-27T06:26:36.807+0000] {logging_mixin.py:188} INFO - [2026-04-27T06:26:36.807+0000] {dag.py:3036} INFO - Sync 1 DAGs
[2026-04-27T06:26:36.833+0000] {logging_mixin.py:188} INFO - [2026-04-27T06:26:36.832+0000] {dag.py:3823} INFO - Setting next_dagrun for feature_engineering_pipeline to 2026-04-26 00:00:00+00:00, run_after=2026-05-03 00:00:00+00:00
[2026-04-27T06:26:36.855+0000] {processor.py:183} INFO - Processing /home/airflow/dags/feature_engineering_dag.py took 1.035 seconds
[2026-04-27T12:23:50.585+0000] {processor.py:161} INFO - Started process (PID=1233) to work on /home/airflow/dags/feature_engineering_dag.py
[2026-04-27T12:23:50.622+0000] {processor.py:830} INFO - Processing file /home/airflow/dags/feature_engineering_dag.py for tasks to queue
[2026-04-27T12:23:50.629+0000] {logging_mixin.py:188} INFO - [2026-04-27T12:23:50.628+0000] {dagbag.py:538} INFO - Filling up the DagBag from /home/airflow/dags/feature_engineering_dag.py
[2026-04-27T12:23:56.405+0000] {processor.py:840} INFO - DAG(s) 'feature_engineering_pipeline' retrieved from /home/airflow/dags/feature_engineering_dag.py
[2026-04-27T12:23:56.485+0000] {logging_mixin.py:188} INFO - [2026-04-27T12:23:56.484+0000] {dag.py:3036} INFO - Sync 1 DAGs
[2026-04-27T12:23:56.548+0000] {logging_mixin.py:188} INFO - [2026-04-27T12:23:56.547+0000] {dag.py:3823} INFO - Setting next_dagrun for feature_engineering_pipeline to 2026-04-26 00:00:00+00:00, run_after=2026-05-03 00:00:00+00:00
[2026-04-27T12:23:56.612+0000] {processor.py:183} INFO - Processing /home/airflow/dags/feature_engineering_dag.py took 6.039 seconds
[2026-04-27T12:24:26.914+0000] {processor.py:161} INFO - Started process (PID=1284) to work on /home/airflow/dags/feature_engineering_dag.py
[2026-04-27T12:24:26.916+0000] {processor.py:830} INFO - Processing file /home/airflow/dags/feature_engineering_dag.py for tasks to queue
[2026-04-27T12:24:26.917+0000] {logging_mixin.py:188} INFO - [2026-04-27T12:24:26.917+0000] {dagbag.py:538} INFO - Filling up the DagBag from /home/airflow/dags/feature_engineering_dag.py
[2026-04-27T12:24:29.654+0000] {processor.py:840} INFO - DAG(s) 'feature_engineering_pipeline' retrieved from /home/airflow/dags/feature_engineering_dag.py
[2026-04-27T12:24:29.704+0000] {logging_mixin.py:188} INFO - [2026-04-27T12:24:29.703+0000] {dag.py:3036} INFO - Sync 1 DAGs
[2026-04-27T12:24:29.818+0000] {logging_mixin.py:188} INFO - [2026-04-27T12:24:29.818+0000] {dag.py:3823} INFO - Setting next_dagrun for feature_engineering_pipeline to 2026-04-26 00:00:00+00:00, run_after=2026-05-03 00:00:00+00:00
[2026-04-27T12:24:29.898+0000] {processor.py:183} INFO - Processing /home/airflow/dags/feature_engineering_dag.py took 2.992 seconds
[2026-04-27T12:25:00.312+0000] {processor.py:161} INFO - Started process (PID=1329) to work on /home/airflow/dags/feature_engineering_dag.py
[2026-04-27T12:25:00.314+0000] {processor.py:830} INFO - Processing file /home/airflow/dags/feature_engineering_dag.py for tasks to queue
[2026-04-27T12:25:00.316+0000] {logging_mixin.py:188} INFO - [2026-04-27T12:25:00.315+0000] {dagbag.py:538} INFO - Filling up the DagBag from /home/airflow/dags/feature_engineering_dag.py
[2026-04-27T12:25:01.783+0000] {processor.py:840} INFO - DAG(s) 'feature_engineering_pipeline' retrieved from /home/airflow/dags/feature_engineering_dag.py
[2026-04-27T12:25:01.808+0000] {logging_mixin.py:188} INFO - [2026-04-27T12:25:01.808+0000] {dag.py:3036} INFO - Sync 1 DAGs
[2026-04-27T12:25:01.826+0000] {logging_mixin.py:188} INFO - [2026-04-27T12:25:01.826+0000] {dag.py:3823} INFO - Setting next_dagrun for feature_engineering_pipeline to 2026-04-26 00:00:00+00:00, run_after=2026-05-03 00:00:00+00:00
[2026-04-27T12:25:01.857+0000] {processor.py:183} INFO - Processing /home/airflow/dags/feature_engineering_dag.py took 1.550 seconds
[2026-04-27T12:25:32.416+0000] {processor.py:161} INFO - Started process (PID=1374) to work on /home/airflow/dags/feature_engineering_dag.py
[2026-04-27T12:25:32.417+0000] {processor.py:830} INFO - Processing file /home/airflow/dags/feature_engineering_dag.py for tasks to queue
[2026-04-27T12:25:32.419+0000] {logging_mixin.py:188} INFO - [2026-04-27T12:25:32.419+0000] {dagbag.py:538} INFO - Filling up the DagBag from /home/airflow/dags/feature_engineering_dag.py
[2026-04-27T12:25:33.436+0000] {processor.py:840} INFO - DAG(s) 'feature_engineering_pipeline' retrieved from /home/airflow/dags/feature_engineering_dag.py
[2026-04-27T12:25:33.465+0000] {logging_mixin.py:188} INFO - [2026-04-27T12:25:33.464+0000] {dag.py:3036} INFO - Sync 1 DAGs
[2026-04-27T12:25:33.490+0000] {logging_mixin.py:188} INFO - [2026-04-27T12:25:33.490+0000] {dag.py:3823} INFO - Setting next_dagrun for feature_engineering_pipeline to 2026-04-26 00:00:00+00:00, run_after=2026-05-03 00:00:00+00:00
[2026-04-27T12:25:33.518+0000] {processor.py:183} INFO - Processing /home/airflow/dags/feature_engineering_dag.py took 1.105 seconds
[2026-04-27T12:26:04.116+0000] {processor.py:161} INFO - Started process (PID=1419) to work on /home/airflow/dags/feature_engineering_dag.py
[2026-04-27T12:26:04.118+0000] {processor.py:830} INFO - Processing file /home/airflow/dags/feature_engineering_dag.py for tasks to queue
[2026-04-27T12:26:04.119+0000] {logging_mixin.py:188} INFO - [2026-04-27T12:26:04.119+0000] {dagbag.py:538} INFO - Filling up the DagBag from /home/airflow/dags/feature_engineering_dag.py
[2026-04-27T12:26:04.990+0000] {processor.py:840} INFO - DAG(s) 'feature_engineering_pipeline' retrieved from /home/airflow/dags/feature_engineering_dag.py
[2026-04-27T12:26:05.015+0000] {logging_mixin.py:188} INFO - [2026-04-27T12:26:05.014+0000] {dag.py:3036} INFO - Sync 1 DAGs
[2026-04-27T12:26:05.037+0000] {logging_mixin.py:188} INFO - [2026-04-27T12:26:05.037+0000] {dag.py:3823} INFO - Setting next_dagrun for feature_engineering_pipeline to 2026-04-26 00:00:00+00:00, run_after=2026-05-03 00:00:00+00:00
[2026-04-27T12:26:05.061+0000] {processor.py:183} INFO - Processing /home/airflow/dags/feature_engineering_dag.py took 0.947 seconds
[2026-04-27T12:26:35.429+0000] {processor.py:161} INFO - Started process (PID=1464) to work on /home/airflow/dags/feature_engineering_dag.py
[2026-04-27T12:26:35.430+0000] {processor.py:830} INFO - Processing file /home/airflow/dags/feature_engineering_dag.py for tasks to queue
[2026-04-27T12:26:35.431+0000] {logging_mixin.py:188} INFO - [2026-04-27T12:26:35.431+0000] {dagbag.py:538} INFO - Filling up the DagBag from /home/airflow/dags/feature_engineering_dag.py
[2026-04-27T12:26:36.285+0000] {processor.py:840} INFO - DAG(s) 'feature_engineering_pipeline' retrieved from /home/airflow/dags/feature_engineering_dag.py
[2026-04-27T12:26:36.328+0000] {logging_mixin.py:188} INFO - [2026-04-27T12:26:36.328+0000] {dag.py:3036} INFO - Sync 1 DAGs
[2026-04-27T12:26:36.376+0000] {logging_mixin.py:188} INFO - [2026-04-27T12:26:36.375+0000] {dag.py:3823} INFO - Setting next_dagrun for feature_engineering_pipeline to 2026-04-26 00:00:00+00:00, run_after=2026-05-03 00:00:00+00:00
[2026-04-27T12:26:36.422+0000] {processor.py:183} INFO - Processing /home/airflow/dags/feature_engineering_dag.py took 0.997 seconds
[2026-04-27T12:27:06.938+0000] {processor.py:161} INFO - Started process (PID=1509) to work on /home/airflow/dags/feature_engineering_dag.py
[2026-04-27T12:27:06.939+0000] {processor.py:830} INFO - Processing file /home/airflow/dags/feature_engineering_dag.py for tasks to queue
[2026-04-27T12:27:06.940+0000] {logging_mixin.py:188} INFO - [2026-04-27T12:27:06.940+0000] {dagbag.py:538} INFO - Filling up the DagBag from /home/airflow/dags/feature_engineering_dag.py
[2026-04-27T12:27:07.869+0000] {processor.py:840} INFO - DAG(s) 'feature_engineering_pipeline' retrieved from /home/airflow/dags/feature_engineering_dag.py
[2026-04-27T12:27:07.891+0000] {logging_mixin.py:188} INFO - [2026-04-27T12:27:07.891+0000] {dag.py:3036} INFO - Sync 1 DAGs
[2026-04-27T12:27:07.906+0000] {logging_mixin.py:188} INFO - [2026-04-27T12:27:07.906+0000] {dag.py:3823} INFO - Setting next_dagrun for feature_engineering_pipeline to 2026-04-26 00:00:00+00:00, run_after=2026-05-03 00:00:00+00:00
[2026-04-27T12:27:07.930+0000] {processor.py:183} INFO - Processing /home/airflow/dags/feature_engineering_dag.py took 0.996 seconds
[2026-04-27T12:27:38.513+0000] {processor.py:161} INFO - Started process (PID=1554) to work on /home/airflow/dags/feature_engineering_dag.py
[2026-04-27T12:27:38.515+0000] {processor.py:830} INFO - Processing file /home/airflow/dags/feature_engineering_dag.py for tasks to queue
[2026-04-27T12:27:38.516+0000] {logging_mixin.py:188} INFO - [2026-04-27T12:27:38.516+0000] {dagbag.py:538} INFO - Filling up the DagBag from /home/airflow/dags/feature_engineering_dag.py
[2026-04-27T12:27:39.465+0000] {processor.py:840} INFO - DAG(s) 'feature_engineering_pipeline' retrieved from /home/airflow/dags/feature_engineering_dag.py
[2026-04-27T12:27:39.490+0000] {logging_mixin.py:188} INFO - [2026-04-27T12:27:39.489+0000] {dag.py:3036} INFO - Sync 1 DAGs
[2026-04-27T12:27:39.510+0000] {logging_mixin.py:188} INFO - [2026-04-27T12:27:39.510+0000] {dag.py:3823} INFO - Setting next_dagrun for feature_engineering_pipeline to 2026-04-26 00:00:00+00:00, run_after=2026-05-03 00:00:00+00:00
[2026-04-27T12:27:39.532+0000] {processor.py:183} INFO - Processing /home/airflow/dags/feature_engineering_dag.py took 1.024 seconds
[2026-04-27T12:28:09.935+0000] {processor.py:161} INFO - Started process (PID=1599) to work on /home/airflow/dags/feature_engineering_dag.py
[2026-04-27T12:28:09.937+0000] {processor.py:830} INFO - Processing file /home/airflow/dags/feature_engineering_dag.py for tasks to queue
[2026-04-27T12:28:09.939+0000] {logging_mixin.py:188} INFO - [2026-04-27T12:28:09.938+0000] {dagbag.py:538} INFO - Filling up the DagBag from /home/airflow/dags/feature_engineering_dag.py
[2026-04-27T12:28:11.342+0000] {processor.py:840} INFO - DAG(s) 'feature_engineering_pipeline' retrieved from /home/airflow/dags/feature_engineering_dag.py
[2026-04-27T12:28:11.388+0000] {logging_mixin.py:188} INFO - [2026-04-27T12:28:11.388+0000] {dag.py:3036} INFO - Sync 1 DAGs
[2026-04-27T12:28:11.410+0000] {logging_mixin.py:188} INFO - [2026-04-27T12:28:11.409+0000] {dag.py:3823} INFO - Setting next_dagrun for feature_engineering_pipeline to 2026-04-26 00:00:00+00:00, run_after=2026-05-03 00:00:00+00:00
[2026-04-27T12:28:11.432+0000] {processor.py:183} INFO - Processing /home/airflow/dags/feature_engineering_dag.py took 1.502 seconds
[2026-04-27T12:28:41.851+0000] {processor.py:161} INFO - Started process (PID=1644) to work on /home/airflow/dags/feature_engineering_dag.py
[2026-04-27T12:28:41.852+0000] {processor.py:830} INFO - Processing file /home/airflow/dags/feature_engineering_dag.py for tasks to queue
[2026-04-27T12:28:41.853+0000] {logging_mixin.py:188} INFO - [2026-04-27T12:28:41.853+0000] {dagbag.py:538} INFO - Filling up the DagBag from /home/airflow/dags/feature_engineering_dag.py
[2026-04-27T12:28:43.075+0000] {processor.py:840} INFO - DAG(s) 'feature_engineering_pipeline' retrieved from /home/airflow/dags/feature_engineering_dag.py
[2026-04-27T12:28:43.097+0000] {logging_mixin.py:188} INFO - [2026-04-27T12:28:43.097+0000] {dag.py:3036} INFO - Sync 1 DAGs
[2026-04-27T12:28:43.113+0000] {logging_mixin.py:188} INFO - [2026-04-27T12:28:43.113+0000] {dag.py:3823} INFO - Setting next_dagrun for feature_engineering_pipeline to 2026-04-26 00:00:00+00:00, run_after=2026-05-03 00:00:00+00:00
[2026-04-27T12:28:43.136+0000] {processor.py:183} INFO - Processing /home/airflow/dags/feature_engineering_dag.py took 1.290 seconds
[2026-04-27T12:29:13.498+0000] {processor.py:161} INFO - Started process (PID=1689) to work on /home/airflow/dags/feature_engineering_dag.py
[2026-04-27T12:29:13.500+0000] {processor.py:830} INFO - Processing file /home/airflow/dags/feature_engineering_dag.py for tasks to queue
[2026-04-27T12:29:13.501+0000] {logging_mixin.py:188} INFO - [2026-04-27T12:29:13.501+0000] {dagbag.py:538} INFO - Filling up the DagBag from /home/airflow/dags/feature_engineering_dag.py
[2026-04-27T12:29:14.452+0000] {processor.py:840} INFO - DAG(s) 'feature_engineering_pipeline' retrieved from /home/airflow/dags/feature_engineering_dag.py
[2026-04-27T12:29:14.479+0000] {logging_mixin.py:188} INFO - [2026-04-27T12:29:14.479+0000] {dag.py:3036} INFO - Sync 1 DAGs
[2026-04-27T12:29:14.503+0000] {logging_mixin.py:188} INFO - [2026-04-27T12:29:14.502+0000] {dag.py:3823} INFO - Setting next_dagrun for feature_engineering_pipeline to 2026-04-26 00:00:00+00:00, run_after=2026-05-03 00:00:00+00:00
[2026-04-27T12:29:14.528+0000] {processor.py:183} INFO - Processing /home/airflow/dags/feature_engineering_dag.py took 1.034 seconds
[2026-04-27T12:29:44.757+0000] {processor.py:161} INFO - Started process (PID=1734) to work on /home/airflow/dags/feature_engineering_dag.py
[2026-04-27T12:29:44.759+0000] {processor.py:830} INFO - Processing file /home/airflow/dags/feature_engineering_dag.py for tasks to queue
[2026-04-27T12:29:44.761+0000] {logging_mixin.py:188} INFO - [2026-04-27T12:29:44.760+0000] {dagbag.py:538} INFO - Filling up the DagBag from /home/airflow/dags/feature_engineering_dag.py
[2026-04-27T12:29:45.637+0000] {processor.py:840} INFO - DAG(s) 'feature_engineering_pipeline' retrieved from /home/airflow/dags/feature_engineering_dag.py
[2026-04-27T12:29:45.659+0000] {logging_mixin.py:188} INFO - [2026-04-27T12:29:45.659+0000] {dag.py:3036} INFO - Sync 1 DAGs
[2026-04-27T12:29:45.678+0000] {logging_mixin.py:188} INFO - [2026-04-27T12:29:45.677+0000] {dag.py:3823} INFO - Setting next_dagrun for feature_engineering_pipeline to 2026-04-26 00:00:00+00:00, run_after=2026-05-03 00:00:00+00:00
[2026-04-27T12:29:45.700+0000] {processor.py:183} INFO - Processing /home/airflow/dags/feature_engineering_dag.py took 0.947 seconds
[2026-04-27T12:30:15.962+0000] {processor.py:161} INFO - Started process (PID=1779) to work on /home/airflow/dags/feature_engineering_dag.py
[2026-04-27T12:30:15.964+0000] {processor.py:830} INFO - Processing file /home/airflow/dags/feature_engineering_dag.py for tasks to queue
[2026-04-27T12:30:15.968+0000] {logging_mixin.py:188} INFO - [2026-04-27T12:30:15.967+0000] {dagbag.py:538} INFO - Filling up the DagBag from /home/airflow/dags/feature_engineering_dag.py
[2026-04-27T12:30:16.898+0000] {processor.py:840} INFO - DAG(s) 'feature_engineering_pipeline' retrieved from /home/airflow/dags/feature_engineering_dag.py
[2026-04-27T12:30:16.920+0000] {logging_mixin.py:188} INFO - [2026-04-27T12:30:16.919+0000] {dag.py:3036} INFO - Sync 1 DAGs
[2026-04-27T12:30:16.936+0000] {logging_mixin.py:188} INFO - [2026-04-27T12:30:16.936+0000] {dag.py:3823} INFO - Setting next_dagrun for feature_engineering_pipeline to 2026-04-26 00:00:00+00:00, run_after=2026-05-03 00:00:00+00:00
[2026-04-27T12:30:16.960+0000] {processor.py:183} INFO - Processing /home/airflow/dags/feature_engineering_dag.py took 1.004 seconds
[2026-04-27T12:30:47.245+0000] {processor.py:161} INFO - Started process (PID=1824) to work on /home/airflow/dags/feature_engineering_dag.py
[2026-04-27T12:30:47.246+0000] {processor.py:830} INFO - Processing file /home/airflow/dags/feature_engineering_dag.py for tasks to queue
[2026-04-27T12:30:47.247+0000] {logging_mixin.py:188} INFO - [2026-04-27T12:30:47.246+0000] {dagbag.py:538} INFO - Filling up the DagBag from /home/airflow/dags/feature_engineering_dag.py
[2026-04-27T12:30:48.017+0000] {processor.py:840} INFO - DAG(s) 'feature_engineering_pipeline' retrieved from /home/airflow/dags/feature_engineering_dag.py
[2026-04-27T12:30:48.039+0000] {logging_mixin.py:188} INFO - [2026-04-27T12:30:48.039+0000] {dag.py:3036} INFO - Sync 1 DAGs
[2026-04-27T12:30:48.059+0000] {logging_mixin.py:188} INFO - [2026-04-27T12:30:48.058+0000] {dag.py:3823} INFO - Setting next_dagrun for feature_engineering_pipeline to 2026-04-26 00:00:00+00:00, run_after=2026-05-03 00:00:00+00:00
[2026-04-27T12:30:48.083+0000] {processor.py:183} INFO - Processing /home/airflow/dags/feature_engineering_dag.py took 0.842 seconds
[2026-04-27T12:31:18.627+0000] {processor.py:161} INFO - Started process (PID=1869) to work on /home/airflow/dags/feature_engineering_dag.py
[2026-04-27T12:31:18.629+0000] {processor.py:830} INFO - Processing file /home/airflow/dags/feature_engineering_dag.py for tasks to queue
[2026-04-27T12:31:18.630+0000] {logging_mixin.py:188} INFO - [2026-04-27T12:31:18.629+0000] {dagbag.py:538} INFO - Filling up the DagBag from /home/airflow/dags/feature_engineering_dag.py
[2026-04-27T12:31:19.423+0000] {processor.py:840} INFO - DAG(s) 'feature_engineering_pipeline' retrieved from /home/airflow/dags/feature_engineering_dag.py
[2026-04-27T12:31:19.445+0000] {logging_mixin.py:188} INFO - [2026-04-27T12:31:19.444+0000] {dag.py:3036} INFO - Sync 1 DAGs
[2026-04-27T12:31:19.461+0000] {logging_mixin.py:188} INFO - [2026-04-27T12:31:19.460+0000] {dag.py:3823} INFO - Setting next_dagrun for feature_engineering_pipeline to 2026-04-26 00:00:00+00:00, run_after=2026-05-03 00:00:00+00:00
[2026-04-27T12:31:19.484+0000] {processor.py:183} INFO - Processing /home/airflow/dags/feature_engineering_dag.py took 0.860 seconds
[2026-04-27T12:31:49.996+0000] {processor.py:161} INFO - Started process (PID=1914) to work on /home/airflow/dags/feature_engineering_dag.py
[2026-04-27T12:31:49.997+0000] {processor.py:830} INFO - Processing file /home/airflow/dags/feature_engineering_dag.py for tasks to queue
[2026-04-27T12:31:49.998+0000] {logging_mixin.py:188} INFO - [2026-04-27T12:31:49.998+0000] {dagbag.py:538} INFO - Filling up the DagBag from /home/airflow/dags/feature_engineering_dag.py
[2026-04-27T12:31:51.013+0000] {processor.py:840} INFO - DAG(s) 'feature_engineering_pipeline' retrieved from /home/airflow/dags/feature_engineering_dag.py
[2026-04-27T12:31:51.034+0000] {logging_mixin.py:188} INFO - [2026-04-27T12:31:51.033+0000] {dag.py:3036} INFO - Sync 1 DAGs
[2026-04-27T12:31:51.050+0000] {logging_mixin.py:188} INFO - [2026-04-27T12:31:51.050+0000] {dag.py:3823} INFO - Setting next_dagrun for feature_engineering_pipeline to 2026-04-26 00:00:00+00:00, run_after=2026-05-03 00:00:00+00:00
[2026-04-27T12:31:51.073+0000] {processor.py:183} INFO - Processing /home/airflow/dags/feature_engineering_dag.py took 1.082 seconds
[2026-04-27T12:32:21.390+0000] {processor.py:161} INFO - Started process (PID=1959) to work on /home/airflow/dags/feature_engineering_dag.py
[2026-04-27T12:32:21.392+0000] {processor.py:830} INFO - Processing file /home/airflow/dags/feature_engineering_dag.py for tasks to queue
[2026-04-27T12:32:21.394+0000] {logging_mixin.py:188} INFO - [2026-04-27T12:32:21.394+0000] {dagbag.py:538} INFO - Filling up the DagBag from /home/airflow/dags/feature_engineering_dag.py
[2026-04-27T12:32:22.320+0000] {processor.py:840} INFO - DAG(s) 'feature_engineering_pipeline' retrieved from /home/airflow/dags/feature_engineering_dag.py
[2026-04-27T12:32:22.341+0000] {logging_mixin.py:188} INFO - [2026-04-27T12:32:22.340+0000] {dag.py:3036} INFO - Sync 1 DAGs
[2026-04-27T12:32:22.357+0000] {logging_mixin.py:188} INFO - [2026-04-27T12:32:22.357+0000] {dag.py:3823} INFO - Setting next_dagrun for feature_engineering_pipeline to 2026-04-26 00:00:00+00:00, run_after=2026-05-03 00:00:00+00:00
[2026-04-27T12:32:22.382+0000] {processor.py:183} INFO - Processing /home/airflow/dags/feature_engineering_dag.py took 0.997 seconds
[2026-04-27T12:32:53.016+0000] {processor.py:161} INFO - Started process (PID=2004) to work on /home/airflow/dags/feature_engineering_dag.py
[2026-04-27T12:32:53.018+0000] {processor.py:830} INFO - Processing file /home/airflow/dags/feature_engineering_dag.py for tasks to queue
[2026-04-27T12:32:53.019+0000] {logging_mixin.py:188} INFO - [2026-04-27T12:32:53.018+0000] {dagbag.py:538} INFO - Filling up the DagBag from /home/airflow/dags/feature_engineering_dag.py
[2026-04-27T12:32:53.828+0000] {processor.py:840} INFO - DAG(s) 'feature_engineering_pipeline' retrieved from /home/airflow/dags/feature_engineering_dag.py
[2026-04-27T12:32:53.848+0000] {logging_mixin.py:188} INFO - [2026-04-27T12:32:53.847+0000] {dag.py:3036} INFO - Sync 1 DAGs
[2026-04-27T12:32:53.863+0000] {logging_mixin.py:188} INFO - [2026-04-27T12:32:53.863+0000] {dag.py:3823} INFO - Setting next_dagrun for feature_engineering_pipeline to 2026-04-26 00:00:00+00:00, run_after=2026-05-03 00:00:00+00:00
[2026-04-27T12:32:53.886+0000] {processor.py:183} INFO - Processing /home/airflow/dags/feature_engineering_dag.py took 0.873 seconds
[2026-04-27T12:33:24.467+0000] {processor.py:161} INFO - Started process (PID=2049) to work on /home/airflow/dags/feature_engineering_dag.py
[2026-04-27T12:33:24.469+0000] {processor.py:830} INFO - Processing file /home/airflow/dags/feature_engineering_dag.py for tasks to queue
[2026-04-27T12:33:24.470+0000] {logging_mixin.py:188} INFO - [2026-04-27T12:33:24.470+0000] {dagbag.py:538} INFO - Filling up the DagBag from /home/airflow/dags/feature_engineering_dag.py
[2026-04-27T12:33:25.405+0000] {processor.py:840} INFO - DAG(s) 'feature_engineering_pipeline' retrieved from /home/airflow/dags/feature_engineering_dag.py
[2026-04-27T12:33:25.427+0000] {logging_mixin.py:188} INFO - [2026-04-27T12:33:25.427+0000] {dag.py:3036} INFO - Sync 1 DAGs
[2026-04-27T12:33:25.445+0000] {logging_mixin.py:188} INFO - [2026-04-27T12:33:25.445+0000] {dag.py:3823} INFO - Setting next_dagrun for feature_engineering_pipeline to 2026-04-26 00:00:00+00:00, run_after=2026-05-03 00:00:00+00:00
[2026-04-27T12:33:25.473+0000] {processor.py:183} INFO - Processing /home/airflow/dags/feature_engineering_dag.py took 1.009 seconds
[2026-04-27T12:33:55.663+0000] {processor.py:161} INFO - Started process (PID=2094) to work on /home/airflow/dags/feature_engineering_dag.py
[2026-04-27T12:33:55.665+0000] {processor.py:830} INFO - Processing file /home/airflow/dags/feature_engineering_dag.py for tasks to queue
[2026-04-27T12:33:55.666+0000] {logging_mixin.py:188} INFO - [2026-04-27T12:33:55.666+0000] {dagbag.py:538} INFO - Filling up the DagBag from /home/airflow/dags/feature_engineering_dag.py
[2026-04-27T12:33:56.629+0000] {processor.py:840} INFO - DAG(s) 'feature_engineering_pipeline' retrieved from /home/airflow/dags/feature_engineering_dag.py
[2026-04-27T12:33:56.654+0000] {logging_mixin.py:188} INFO - [2026-04-27T12:33:56.653+0000] {dag.py:3036} INFO - Sync 1 DAGs
[2026-04-27T12:33:56.675+0000] {logging_mixin.py:188} INFO - [2026-04-27T12:33:56.674+0000] {dag.py:3823} INFO - Setting next_dagrun for feature_engineering_pipeline to 2026-04-26 00:00:00+00:00, run_after=2026-05-03 00:00:00+00:00
[2026-04-27T12:33:56.700+0000] {processor.py:183} INFO - Processing /home/airflow/dags/feature_engineering_dag.py took 1.040 seconds
[2026-04-27T12:34:27.379+0000] {processor.py:161} INFO - Started process (PID=2139) to work on /home/airflow/dags/feature_engineering_dag.py
[2026-04-27T12:34:27.380+0000] {processor.py:830} INFO - Processing file /home/airflow/dags/feature_engineering_dag.py for tasks to queue
[2026-04-27T12:34:27.381+0000] {logging_mixin.py:188} INFO - [2026-04-27T12:34:27.381+0000] {dagbag.py:538} INFO - Filling up the DagBag from /home/airflow/dags/feature_engineering_dag.py
[2026-04-27T12:34:28.173+0000] {processor.py:840} INFO - DAG(s) 'feature_engineering_pipeline' retrieved from /home/airflow/dags/feature_engineering_dag.py
[2026-04-27T12:34:28.197+0000] {logging_mixin.py:188} INFO - [2026-04-27T12:34:28.196+0000] {dag.py:3036} INFO - Sync 1 DAGs
[2026-04-27T12:34:28.215+0000] {logging_mixin.py:188} INFO - [2026-04-27T12:34:28.214+0000] {dag.py:3823} INFO - Setting next_dagrun for feature_engineering_pipeline to 2026-04-26 00:00:00+00:00, run_after=2026-05-03 00:00:00+00:00
[2026-04-27T12:34:28.240+0000] {processor.py:183} INFO - Processing /home/airflow/dags/feature_engineering_dag.py took 0.866 seconds
[2026-04-27T12:34:58.959+0000] {processor.py:161} INFO - Started process (PID=2184) to work on /home/airflow/dags/feature_engineering_dag.py
[2026-04-27T12:34:58.960+0000] {processor.py:830} INFO - Processing file /home/airflow/dags/feature_engineering_dag.py for tasks to queue
[2026-04-27T12:34:58.961+0000] {logging_mixin.py:188} INFO - [2026-04-27T12:34:58.961+0000] {dagbag.py:538} INFO - Filling up the DagBag from /home/airflow/dags/feature_engineering_dag.py
[2026-04-27T12:34:59.844+0000] {processor.py:840} INFO - DAG(s) 'feature_engineering_pipeline' retrieved from /home/airflow/dags/feature_engineering_dag.py
[2026-04-27T12:34:59.866+0000] {logging_mixin.py:188} INFO - [2026-04-27T12:34:59.866+0000] {dag.py:3036} INFO - Sync 1 DAGs
[2026-04-27T12:34:59.882+0000] {logging_mixin.py:188} INFO - [2026-04-27T12:34:59.881+0000] {dag.py:3823} INFO - Setting next_dagrun for feature_engineering_pipeline to 2026-04-26 00:00:00+00:00, run_after=2026-05-03 00:00:00+00:00
[2026-04-27T12:34:59.903+0000] {processor.py:183} INFO - Processing /home/airflow/dags/feature_engineering_dag.py took 0.948 seconds
[2026-04-27T12:35:30.222+0000] {processor.py:161} INFO - Started process (PID=2229) to work on /home/airflow/dags/feature_engineering_dag.py
[2026-04-27T12:35:30.223+0000] {processor.py:830} INFO - Processing file /home/airflow/dags/feature_engineering_dag.py for tasks to queue
[2026-04-27T12:35:30.224+0000] {logging_mixin.py:188} INFO - [2026-04-27T12:35:30.224+0000] {dagbag.py:538} INFO - Filling up the DagBag from /home/airflow/dags/feature_engineering_dag.py
[2026-04-27T12:35:31.522+0000] {processor.py:840} INFO - DAG(s) 'feature_engineering_pipeline' retrieved from /home/airflow/dags/feature_engineering_dag.py
[2026-04-27T12:35:31.551+0000] {logging_mixin.py:188} INFO - [2026-04-27T12:35:31.551+0000] {dag.py:3036} INFO - Sync 1 DAGs
[2026-04-27T12:35:31.581+0000] {logging_mixin.py:188} INFO - [2026-04-27T12:35:31.581+0000] {dag.py:3823} INFO - Setting next_dagrun for feature_engineering_pipeline to 2026-04-26 00:00:00+00:00, run_after=2026-05-03 00:00:00+00:00
[2026-04-27T12:35:31.611+0000] {processor.py:183} INFO - Processing /home/airflow/dags/feature_engineering_dag.py took 1.393 seconds
[2026-04-27T12:36:02.222+0000] {processor.py:161} INFO - Started process (PID=2274) to work on /home/airflow/dags/feature_engineering_dag.py
[2026-04-27T12:36:02.224+0000] {processor.py:830} INFO - Processing file /home/airflow/dags/feature_engineering_dag.py for tasks to queue
[2026-04-27T12:36:02.226+0000] {logging_mixin.py:188} INFO - [2026-04-27T12:36:02.225+0000] {dagbag.py:538} INFO - Filling up the DagBag from /home/airflow/dags/feature_engineering_dag.py
[2026-04-27T12:36:03.174+0000] {processor.py:840} INFO - DAG(s) 'feature_engineering_pipeline' retrieved from /home/airflow/dags/feature_engineering_dag.py
[2026-04-27T12:36:03.196+0000] {logging_mixin.py:188} INFO - [2026-04-27T12:36:03.196+0000] {dag.py:3036} INFO - Sync 1 DAGs
[2026-04-27T12:36:03.214+0000] {logging_mixin.py:188} INFO - [2026-04-27T12:36:03.214+0000] {dag.py:3823} INFO - Setting next_dagrun for feature_engineering_pipeline to 2026-04-26 00:00:00+00:00, run_after=2026-05-03 00:00:00+00:00
[2026-04-27T12:36:03.243+0000] {processor.py:183} INFO - Processing /home/airflow/dags/feature_engineering_dag.py took 1.025 seconds
[2026-04-27T12:36:33.545+0000] {processor.py:161} INFO - Started process (PID=2319) to work on /home/airflow/dags/feature_engineering_dag.py
[2026-04-27T12:36:33.546+0000] {processor.py:830} INFO - Processing file /home/airflow/dags/feature_engineering_dag.py for tasks to queue
[2026-04-27T12:36:33.548+0000] {logging_mixin.py:188} INFO - [2026-04-27T12:36:33.547+0000] {dagbag.py:538} INFO - Filling up the DagBag from /home/airflow/dags/feature_engineering_dag.py
[2026-04-27T12:36:34.363+0000] {processor.py:840} INFO - DAG(s) 'feature_engineering_pipeline' retrieved from /home/airflow/dags/feature_engineering_dag.py
[2026-04-27T12:36:34.384+0000] {logging_mixin.py:188} INFO - [2026-04-27T12:36:34.384+0000] {dag.py:3036} INFO - Sync 1 DAGs
[2026-04-27T12:36:34.401+0000] {logging_mixin.py:188} INFO - [2026-04-27T12:36:34.401+0000] {dag.py:3823} INFO - Setting next_dagrun for feature_engineering_pipeline to 2026-04-26 00:00:00+00:00, run_after=2026-05-03 00:00:00+00:00
[2026-04-27T12:36:34.425+0000] {processor.py:183} INFO - Processing /home/airflow/dags/feature_engineering_dag.py took 0.884 seconds
[2026-04-27T12:37:04.517+0000] {processor.py:161} INFO - Started process (PID=2364) to work on /home/airflow/dags/feature_engineering_dag.py
[2026-04-27T12:37:04.518+0000] {processor.py:830} INFO - Processing file /home/airflow/dags/feature_engineering_dag.py for tasks to queue
[2026-04-27T12:37:04.520+0000] {logging_mixin.py:188} INFO - [2026-04-27T12:37:04.519+0000] {dagbag.py:538} INFO - Filling up the DagBag from /home/airflow/dags/feature_engineering_dag.py
[2026-04-27T12:37:05.538+0000] {processor.py:840} INFO - DAG(s) 'feature_engineering_pipeline' retrieved from /home/airflow/dags/feature_engineering_dag.py
[2026-04-27T12:37:05.565+0000] {logging_mixin.py:188} INFO - [2026-04-27T12:37:05.564+0000] {dag.py:3036} INFO - Sync 1 DAGs
[2026-04-27T12:37:05.592+0000] {logging_mixin.py:188} INFO - [2026-04-27T12:37:05.592+0000] {dag.py:3823} INFO - Setting next_dagrun for feature_engineering_pipeline to 2026-04-26 00:00:00+00:00, run_after=2026-05-03 00:00:00+00:00
[2026-04-27T12:37:05.621+0000] {processor.py:183} INFO - Processing /home/airflow/dags/feature_engineering_dag.py took 1.108 seconds
[2026-04-27T12:37:35.977+0000] {processor.py:161} INFO - Started process (PID=2409) to work on /home/airflow/dags/feature_engineering_dag.py
[2026-04-27T12:37:35.979+0000] {processor.py:830} INFO - Processing file /home/airflow/dags/feature_engineering_dag.py for tasks to queue
[2026-04-27T12:37:35.980+0000] {logging_mixin.py:188} INFO - [2026-04-27T12:37:35.979+0000] {dagbag.py:538} INFO - Filling up the DagBag from /home/airflow/dags/feature_engineering_dag.py
[2026-04-27T12:37:36.772+0000] {processor.py:840} INFO - DAG(s) 'feature_engineering_pipeline' retrieved from /home/airflow/dags/feature_engineering_dag.py
[2026-04-27T12:37:36.795+0000] {logging_mixin.py:188} INFO - [2026-04-27T12:37:36.793+0000] {dag.py:3036} INFO - Sync 1 DAGs
[2026-04-27T12:37:36.809+0000] {logging_mixin.py:188} INFO - [2026-04-27T12:37:36.809+0000] {dag.py:3823} INFO - Setting next_dagrun for feature_engineering_pipeline to 2026-04-26 00:00:00+00:00, run_after=2026-05-03 00:00:00+00:00
[2026-04-27T12:37:36.831+0000] {processor.py:183} INFO - Processing /home/airflow/dags/feature_engineering_dag.py took 0.858 seconds
[2026-04-27T12:38:07.578+0000] {processor.py:161} INFO - Started process (PID=2454) to work on /home/airflow/dags/feature_engineering_dag.py
[2026-04-27T12:38:07.579+0000] {processor.py:830} INFO - Processing file /home/airflow/dags/feature_engineering_dag.py for tasks to queue
[2026-04-27T12:38:07.580+0000] {logging_mixin.py:188} INFO - [2026-04-27T12:38:07.580+0000] {dagbag.py:538} INFO - Filling up the DagBag from /home/airflow/dags/feature_engineering_dag.py
[2026-04-27T12:38:08.541+0000] {processor.py:840} INFO - DAG(s) 'feature_engineering_pipeline' retrieved from /home/airflow/dags/feature_engineering_dag.py
[2026-04-27T12:38:08.574+0000] {logging_mixin.py:188} INFO - [2026-04-27T12:38:08.573+0000] {dag.py:3036} INFO - Sync 1 DAGs
[2026-04-27T12:38:08.599+0000] {logging_mixin.py:188} INFO - [2026-04-27T12:38:08.599+0000] {dag.py:3823} INFO - Setting next_dagrun for feature_engineering_pipeline to 2026-04-26 00:00:00+00:00, run_after=2026-05-03 00:00:00+00:00
[2026-04-27T12:38:08.631+0000] {processor.py:183} INFO - Processing /home/airflow/dags/feature_engineering_dag.py took 1.057 seconds
[2026-04-27T12:38:39.005+0000] {processor.py:161} INFO - Started process (PID=2499) to work on /home/airflow/dags/feature_engineering_dag.py
[2026-04-27T12:38:39.006+0000] {processor.py:830} INFO - Processing file /home/airflow/dags/feature_engineering_dag.py for tasks to queue
[2026-04-27T12:38:39.007+0000] {logging_mixin.py:188} INFO - [2026-04-27T12:38:39.007+0000] {dagbag.py:538} INFO - Filling up the DagBag from /home/airflow/dags/feature_engineering_dag.py
[2026-04-27T12:38:39.808+0000] {processor.py:840} INFO - DAG(s) 'feature_engineering_pipeline' retrieved from /home/airflow/dags/feature_engineering_dag.py
[2026-04-27T12:38:39.831+0000] {logging_mixin.py:188} INFO - [2026-04-27T12:38:39.830+0000] {dag.py:3036} INFO - Sync 1 DAGs
[2026-04-27T12:38:39.846+0000] {logging_mixin.py:188} INFO - [2026-04-27T12:38:39.845+0000] {dag.py:3823} INFO - Setting next_dagrun for feature_engineering_pipeline to 2026-04-26 00:00:00+00:00, run_after=2026-05-03 00:00:00+00:00
[2026-04-27T12:38:39.871+0000] {processor.py:183} INFO - Processing /home/airflow/dags/feature_engineering_dag.py took 0.869 seconds
[2026-04-27T12:39:10.324+0000] {processor.py:161} INFO - Started process (PID=2544) to work on /home/airflow/dags/feature_engineering_dag.py
[2026-04-27T12:39:10.326+0000] {processor.py:830} INFO - Processing file /home/airflow/dags/feature_engineering_dag.py for tasks to queue
[2026-04-27T12:39:10.328+0000] {logging_mixin.py:188} INFO - [2026-04-27T12:39:10.327+0000] {dagbag.py:538} INFO - Filling up the DagBag from /home/airflow/dags/feature_engineering_dag.py
[2026-04-27T12:39:11.432+0000] {processor.py:840} INFO - DAG(s) 'feature_engineering_pipeline' retrieved from /home/airflow/dags/feature_engineering_dag.py
[2026-04-27T12:39:11.455+0000] {logging_mixin.py:188} INFO - [2026-04-27T12:39:11.455+0000] {dag.py:3036} INFO - Sync 1 DAGs
[2026-04-27T12:39:11.472+0000] {logging_mixin.py:188} INFO - [2026-04-27T12:39:11.472+0000] {dag.py:3823} INFO - Setting next_dagrun for feature_engineering_pipeline to 2026-04-26 00:00:00+00:00, run_after=2026-05-03 00:00:00+00:00
[2026-04-27T12:39:11.493+0000] {processor.py:183} INFO - Processing /home/airflow/dags/feature_engineering_dag.py took 1.173 seconds
[2026-04-27T12:39:41.706+0000] {processor.py:161} INFO - Started process (PID=2589) to work on /home/airflow/dags/feature_engineering_dag.py
[2026-04-27T12:39:41.707+0000] {processor.py:830} INFO - Processing file /home/airflow/dags/feature_engineering_dag.py for tasks to queue
[2026-04-27T12:39:41.709+0000] {logging_mixin.py:188} INFO - [2026-04-27T12:39:41.708+0000] {dagbag.py:538} INFO - Filling up the DagBag from /home/airflow/dags/feature_engineering_dag.py
[2026-04-27T12:39:42.511+0000] {processor.py:840} INFO - DAG(s) 'feature_engineering_pipeline' retrieved from /home/airflow/dags/feature_engineering_dag.py
[2026-04-27T12:39:42.533+0000] {logging_mixin.py:188} INFO - [2026-04-27T12:39:42.532+0000] {dag.py:3036} INFO - Sync 1 DAGs
[2026-04-27T12:39:42.557+0000] {logging_mixin.py:188} INFO - [2026-04-27T12:39:42.556+0000] {dag.py:3823} INFO - Setting next_dagrun for feature_engineering_pipeline to 2026-04-26 00:00:00+00:00, run_after=2026-05-03 00:00:00+00:00
[2026-04-27T12:39:42.586+0000] {processor.py:183} INFO - Processing /home/airflow/dags/feature_engineering_dag.py took 0.884 seconds
[2026-04-27T12:40:12.981+0000] {processor.py:161} INFO - Started process (PID=2634) to work on /home/airflow/dags/feature_engineering_dag.py
[2026-04-27T12:40:12.982+0000] {processor.py:830} INFO - Processing file /home/airflow/dags/feature_engineering_dag.py for tasks to queue
[2026-04-27T12:40:12.984+0000] {logging_mixin.py:188} INFO - [2026-04-27T12:40:12.984+0000] {dagbag.py:538} INFO - Filling up the DagBag from /home/airflow/dags/feature_engineering_dag.py
[2026-04-27T12:40:13.832+0000] {processor.py:840} INFO - DAG(s) 'feature_engineering_pipeline' retrieved from /home/airflow/dags/feature_engineering_dag.py
[2026-04-27T12:40:13.852+0000] {logging_mixin.py:188} INFO - [2026-04-27T12:40:13.851+0000] {dag.py:3036} INFO - Sync 1 DAGs
[2026-04-27T12:40:13.866+0000] {logging_mixin.py:188} INFO - [2026-04-27T12:40:13.865+0000] {dag.py:3823} INFO - Setting next_dagrun for feature_engineering_pipeline to 2026-04-26 00:00:00+00:00, run_after=2026-05-03 00:00:00+00:00
[2026-04-27T12:40:13.886+0000] {processor.py:183} INFO - Processing /home/airflow/dags/feature_engineering_dag.py took 0.909 seconds
[2026-04-27T12:40:44.241+0000] {processor.py:161} INFO - Started process (PID=2679) to work on /home/airflow/dags/feature_engineering_dag.py
[2026-04-27T12:40:44.243+0000] {processor.py:830} INFO - Processing file /home/airflow/dags/feature_engineering_dag.py for tasks to queue
[2026-04-27T12:40:44.245+0000] {logging_mixin.py:188} INFO - [2026-04-27T12:40:44.244+0000] {dagbag.py:538} INFO - Filling up the DagBag from /home/airflow/dags/feature_engineering_dag.py
[2026-04-27T12:40:45.936+0000] {processor.py:840} INFO - DAG(s) 'feature_engineering_pipeline' retrieved from /home/airflow/dags/feature_engineering_dag.py
[2026-04-27T12:40:45.967+0000] {logging_mixin.py:188} INFO - [2026-04-27T12:40:45.966+0000] {dag.py:3036} INFO - Sync 1 DAGs
[2026-04-27T12:40:45.993+0000] {logging_mixin.py:188} INFO - [2026-04-27T12:40:45.993+0000] {dag.py:3823} INFO - Setting next_dagrun for feature_engineering_pipeline to 2026-04-26 00:00:00+00:00, run_after=2026-05-03 00:00:00+00:00
[2026-04-27T12:40:46.031+0000] {processor.py:183} INFO - Processing /home/airflow/dags/feature_engineering_dag.py took 1.793 seconds
[2026-04-27T12:41:16.488+0000] {processor.py:161} INFO - Started process (PID=2724) to work on /home/airflow/dags/feature_engineering_dag.py
[2026-04-27T12:41:16.489+0000] {processor.py:830} INFO - Processing file /home/airflow/dags/feature_engineering_dag.py for tasks to queue
[2026-04-27T12:41:16.491+0000] {logging_mixin.py:188} INFO - [2026-04-27T12:41:16.490+0000] {dagbag.py:538} INFO - Filling up the DagBag from /home/airflow/dags/feature_engineering_dag.py
[2026-04-27T12:41:17.811+0000] {processor.py:840} INFO - DAG(s) 'feature_engineering_pipeline' retrieved from /home/airflow/dags/feature_engineering_dag.py
[2026-04-27T12:41:17.850+0000] {logging_mixin.py:188} INFO - [2026-04-27T12:41:17.850+0000] {dag.py:3036} INFO - Sync 1 DAGs
[2026-04-27T12:41:17.876+0000] {logging_mixin.py:188} INFO - [2026-04-27T12:41:17.876+0000] {dag.py:3823} INFO - Setting next_dagrun for feature_engineering_pipeline to 2026-04-26 00:00:00+00:00, run_after=2026-05-03 00:00:00+00:00
[2026-04-27T12:41:17.906+0000] {processor.py:183} INFO - Processing /home/airflow/dags/feature_engineering_dag.py took 1.423 seconds
[2026-04-27T12:41:48.114+0000] {processor.py:161} INFO - Started process (PID=2769) to work on /home/airflow/dags/feature_engineering_dag.py
[2026-04-27T12:41:48.116+0000] {processor.py:830} INFO - Processing file /home/airflow/dags/feature_engineering_dag.py for tasks to queue
[2026-04-27T12:41:48.118+0000] {logging_mixin.py:188} INFO - [2026-04-27T12:41:48.118+0000] {dagbag.py:538} INFO - Filling up the DagBag from /home/airflow/dags/feature_engineering_dag.py
[2026-04-27T12:41:49.343+0000] {processor.py:840} INFO - DAG(s) 'feature_engineering_pipeline' retrieved from /home/airflow/dags/feature_engineering_dag.py
[2026-04-27T12:41:49.375+0000] {logging_mixin.py:188} INFO - [2026-04-27T12:41:49.374+0000] {dag.py:3036} INFO - Sync 1 DAGs
[2026-04-27T12:41:49.394+0000] {logging_mixin.py:188} INFO - [2026-04-27T12:41:49.394+0000] {dag.py:3823} INFO - Setting next_dagrun for feature_engineering_pipeline to 2026-04-26 00:00:00+00:00, run_after=2026-05-03 00:00:00+00:00
[2026-04-27T12:41:49.422+0000] {processor.py:183} INFO - Processing /home/airflow/dags/feature_engineering_dag.py took 1.313 seconds
