[2026-04-27T00:00:20.857+0000] {processor.py:161} INFO - Started process (PID=59805) to work on /home/airflow/dags/mlflow_tracking_dag.py
[2026-04-27T00:00:20.859+0000] {processor.py:830} INFO - Processing file /home/airflow/dags/mlflow_tracking_dag.py for tasks to queue
[2026-04-27T00:00:20.860+0000] {logging_mixin.py:188} INFO - [2026-04-27T00:00:20.860+0000] {dagbag.py:538} INFO - Filling up the DagBag from /home/airflow/dags/mlflow_tracking_dag.py
[2026-04-27T00:00:21.894+0000] {processor.py:840} INFO - DAG(s) 'model_training_pipeline' retrieved from /home/airflow/dags/mlflow_tracking_dag.py
[2026-04-27T00:00:21.908+0000] {logging_mixin.py:188} INFO - [2026-04-27T00:00:21.908+0000] {dag.py:3036} INFO - Sync 1 DAGs
[2026-04-27T00:00:21.932+0000] {logging_mixin.py:188} INFO - [2026-04-27T00:00:21.931+0000] {dag.py:3823} INFO - Setting next_dagrun for model_training_pipeline to 2026-04-26 00:00:00+00:00, run_after=2026-05-03 00:00:00+00:00
[2026-04-27T00:00:21.961+0000] {processor.py:183} INFO - Processing /home/airflow/dags/mlflow_tracking_dag.py took 1.108 seconds
[2026-04-27T00:00:52.231+0000] {processor.py:161} INFO - Started process (PID=59850) to work on /home/airflow/dags/mlflow_tracking_dag.py
[2026-04-27T00:00:52.233+0000] {processor.py:830} INFO - Processing file /home/airflow/dags/mlflow_tracking_dag.py for tasks to queue
[2026-04-27T00:00:52.234+0000] {logging_mixin.py:188} INFO - [2026-04-27T00:00:52.234+0000] {dagbag.py:538} INFO - Filling up the DagBag from /home/airflow/dags/mlflow_tracking_dag.py
[2026-04-27T00:00:53.085+0000] {processor.py:840} INFO - DAG(s) 'model_training_pipeline' retrieved from /home/airflow/dags/mlflow_tracking_dag.py
[2026-04-27T00:00:53.166+0000] {logging_mixin.py:188} INFO - [2026-04-27T00:00:53.166+0000] {dag.py:3036} INFO - Sync 1 DAGs
[2026-04-27T00:00:53.183+0000] {logging_mixin.py:188} INFO - [2026-04-27T00:00:53.183+0000] {dag.py:3823} INFO - Setting next_dagrun for model_training_pipeline to 2026-04-26 00:00:00+00:00, run_after=2026-05-03 00:00:00+00:00
[2026-04-27T00:00:53.207+0000] {processor.py:183} INFO - Processing /home/airflow/dags/mlflow_tracking_dag.py took 0.980 seconds
[2026-04-27T00:01:23.569+0000] {processor.py:161} INFO - Started process (PID=59895) to work on /home/airflow/dags/mlflow_tracking_dag.py
[2026-04-27T00:01:23.570+0000] {processor.py:830} INFO - Processing file /home/airflow/dags/mlflow_tracking_dag.py for tasks to queue
[2026-04-27T00:01:23.572+0000] {logging_mixin.py:188} INFO - [2026-04-27T00:01:23.571+0000] {dagbag.py:538} INFO - Filling up the DagBag from /home/airflow/dags/mlflow_tracking_dag.py
[2026-04-27T00:01:24.440+0000] {processor.py:840} INFO - DAG(s) 'model_training_pipeline' retrieved from /home/airflow/dags/mlflow_tracking_dag.py
[2026-04-27T00:01:24.463+0000] {logging_mixin.py:188} INFO - [2026-04-27T00:01:24.462+0000] {dag.py:3036} INFO - Sync 1 DAGs
[2026-04-27T00:01:24.480+0000] {logging_mixin.py:188} INFO - [2026-04-27T00:01:24.479+0000] {dag.py:3823} INFO - Setting next_dagrun for model_training_pipeline to 2026-04-26 00:00:00+00:00, run_after=2026-05-03 00:00:00+00:00
[2026-04-27T00:01:24.503+0000] {processor.py:183} INFO - Processing /home/airflow/dags/mlflow_tracking_dag.py took 0.938 seconds
[2026-04-27T00:01:54.600+0000] {processor.py:161} INFO - Started process (PID=59940) to work on /home/airflow/dags/mlflow_tracking_dag.py
[2026-04-27T00:01:54.601+0000] {processor.py:830} INFO - Processing file /home/airflow/dags/mlflow_tracking_dag.py for tasks to queue
[2026-04-27T00:01:54.603+0000] {logging_mixin.py:188} INFO - [2026-04-27T00:01:54.602+0000] {dagbag.py:538} INFO - Filling up the DagBag from /home/airflow/dags/mlflow_tracking_dag.py
[2026-04-27T00:01:55.480+0000] {processor.py:840} INFO - DAG(s) 'model_training_pipeline' retrieved from /home/airflow/dags/mlflow_tracking_dag.py
[2026-04-27T00:01:55.492+0000] {logging_mixin.py:188} INFO - [2026-04-27T00:01:55.491+0000] {dag.py:3036} INFO - Sync 1 DAGs
[2026-04-27T00:01:55.506+0000] {logging_mixin.py:188} INFO - [2026-04-27T00:01:55.506+0000] {dag.py:3823} INFO - Setting next_dagrun for model_training_pipeline to 2026-04-26 00:00:00+00:00, run_after=2026-05-03 00:00:00+00:00
[2026-04-27T00:01:55.530+0000] {processor.py:183} INFO - Processing /home/airflow/dags/mlflow_tracking_dag.py took 0.935 seconds
[2026-04-27T00:02:25.715+0000] {processor.py:161} INFO - Started process (PID=59985) to work on /home/airflow/dags/mlflow_tracking_dag.py
[2026-04-27T00:02:25.716+0000] {processor.py:830} INFO - Processing file /home/airflow/dags/mlflow_tracking_dag.py for tasks to queue
[2026-04-27T00:02:25.717+0000] {logging_mixin.py:188} INFO - [2026-04-27T00:02:25.717+0000] {dagbag.py:538} INFO - Filling up the DagBag from /home/airflow/dags/mlflow_tracking_dag.py
[2026-04-27T00:02:26.664+0000] {processor.py:840} INFO - DAG(s) 'model_training_pipeline' retrieved from /home/airflow/dags/mlflow_tracking_dag.py
[2026-04-27T00:02:26.752+0000] {logging_mixin.py:188} INFO - [2026-04-27T00:02:26.752+0000] {dag.py:3036} INFO - Sync 1 DAGs
[2026-04-27T00:02:26.767+0000] {logging_mixin.py:188} INFO - [2026-04-27T00:02:26.767+0000] {dag.py:3823} INFO - Setting next_dagrun for model_training_pipeline to 2026-04-26 00:00:00+00:00, run_after=2026-05-03 00:00:00+00:00
[2026-04-27T00:02:26.797+0000] {processor.py:183} INFO - Processing /home/airflow/dags/mlflow_tracking_dag.py took 1.085 seconds
[2026-04-27T00:02:57.199+0000] {processor.py:161} INFO - Started process (PID=60030) to work on /home/airflow/dags/mlflow_tracking_dag.py
[2026-04-27T00:02:57.200+0000] {processor.py:830} INFO - Processing file /home/airflow/dags/mlflow_tracking_dag.py for tasks to queue
[2026-04-27T00:02:57.202+0000] {logging_mixin.py:188} INFO - [2026-04-27T00:02:57.201+0000] {dagbag.py:538} INFO - Filling up the DagBag from /home/airflow/dags/mlflow_tracking_dag.py
[2026-04-27T00:02:58.052+0000] {processor.py:840} INFO - DAG(s) 'model_training_pipeline' retrieved from /home/airflow/dags/mlflow_tracking_dag.py
[2026-04-27T00:02:58.074+0000] {logging_mixin.py:188} INFO - [2026-04-27T00:02:58.074+0000] {dag.py:3036} INFO - Sync 1 DAGs
[2026-04-27T00:02:58.090+0000] {logging_mixin.py:188} INFO - [2026-04-27T00:02:58.090+0000] {dag.py:3823} INFO - Setting next_dagrun for model_training_pipeline to 2026-04-26 00:00:00+00:00, run_after=2026-05-03 00:00:00+00:00
[2026-04-27T00:02:58.115+0000] {processor.py:183} INFO - Processing /home/airflow/dags/mlflow_tracking_dag.py took 0.919 seconds
[2026-04-27T00:03:28.550+0000] {processor.py:161} INFO - Started process (PID=60075) to work on /home/airflow/dags/mlflow_tracking_dag.py
[2026-04-27T00:03:28.552+0000] {processor.py:830} INFO - Processing file /home/airflow/dags/mlflow_tracking_dag.py for tasks to queue
[2026-04-27T00:03:28.553+0000] {logging_mixin.py:188} INFO - [2026-04-27T00:03:28.553+0000] {dagbag.py:538} INFO - Filling up the DagBag from /home/airflow/dags/mlflow_tracking_dag.py
[2026-04-27T00:03:29.487+0000] {processor.py:840} INFO - DAG(s) 'model_training_pipeline' retrieved from /home/airflow/dags/mlflow_tracking_dag.py
[2026-04-27T00:03:29.500+0000] {logging_mixin.py:188} INFO - [2026-04-27T00:03:29.500+0000] {dag.py:3036} INFO - Sync 1 DAGs
[2026-04-27T00:03:29.517+0000] {logging_mixin.py:188} INFO - [2026-04-27T00:03:29.517+0000] {dag.py:3823} INFO - Setting next_dagrun for model_training_pipeline to 2026-04-26 00:00:00+00:00, run_after=2026-05-03 00:00:00+00:00
[2026-04-27T00:03:29.545+0000] {processor.py:183} INFO - Processing /home/airflow/dags/mlflow_tracking_dag.py took 0.999 seconds
[2026-04-27T00:03:59.963+0000] {processor.py:161} INFO - Started process (PID=60120) to work on /home/airflow/dags/mlflow_tracking_dag.py
[2026-04-27T00:03:59.964+0000] {processor.py:830} INFO - Processing file /home/airflow/dags/mlflow_tracking_dag.py for tasks to queue
[2026-04-27T00:03:59.965+0000] {logging_mixin.py:188} INFO - [2026-04-27T00:03:59.965+0000] {dagbag.py:538} INFO - Filling up the DagBag from /home/airflow/dags/mlflow_tracking_dag.py
[2026-04-27T00:04:00.877+0000] {processor.py:840} INFO - DAG(s) 'model_training_pipeline' retrieved from /home/airflow/dags/mlflow_tracking_dag.py
[2026-04-27T00:04:00.964+0000] {logging_mixin.py:188} INFO - [2026-04-27T00:04:00.963+0000] {dag.py:3036} INFO - Sync 1 DAGs
[2026-04-27T00:04:00.980+0000] {logging_mixin.py:188} INFO - [2026-04-27T00:04:00.980+0000] {dag.py:3823} INFO - Setting next_dagrun for model_training_pipeline to 2026-04-26 00:00:00+00:00, run_after=2026-05-03 00:00:00+00:00
[2026-04-27T00:04:01.012+0000] {processor.py:183} INFO - Processing /home/airflow/dags/mlflow_tracking_dag.py took 1.051 seconds
[2026-04-27T00:04:31.171+0000] {processor.py:161} INFO - Started process (PID=60165) to work on /home/airflow/dags/mlflow_tracking_dag.py
[2026-04-27T00:04:31.172+0000] {processor.py:830} INFO - Processing file /home/airflow/dags/mlflow_tracking_dag.py for tasks to queue
[2026-04-27T00:04:31.173+0000] {logging_mixin.py:188} INFO - [2026-04-27T00:04:31.173+0000] {dagbag.py:538} INFO - Filling up the DagBag from /home/airflow/dags/mlflow_tracking_dag.py
[2026-04-27T00:04:31.986+0000] {processor.py:840} INFO - DAG(s) 'model_training_pipeline' retrieved from /home/airflow/dags/mlflow_tracking_dag.py
[2026-04-27T00:04:32.010+0000] {logging_mixin.py:188} INFO - [2026-04-27T00:04:32.009+0000] {dag.py:3036} INFO - Sync 1 DAGs
[2026-04-27T00:04:32.025+0000] {logging_mixin.py:188} INFO - [2026-04-27T00:04:32.025+0000] {dag.py:3823} INFO - Setting next_dagrun for model_training_pipeline to 2026-04-26 00:00:00+00:00, run_after=2026-05-03 00:00:00+00:00
[2026-04-27T00:04:32.049+0000] {processor.py:183} INFO - Processing /home/airflow/dags/mlflow_tracking_dag.py took 0.881 seconds
[2026-04-27T00:05:02.368+0000] {processor.py:161} INFO - Started process (PID=60210) to work on /home/airflow/dags/mlflow_tracking_dag.py
[2026-04-27T00:05:02.369+0000] {processor.py:830} INFO - Processing file /home/airflow/dags/mlflow_tracking_dag.py for tasks to queue
[2026-04-27T00:05:02.370+0000] {logging_mixin.py:188} INFO - [2026-04-27T00:05:02.370+0000] {dagbag.py:538} INFO - Filling up the DagBag from /home/airflow/dags/mlflow_tracking_dag.py
[2026-04-27T00:05:03.204+0000] {processor.py:840} INFO - DAG(s) 'model_training_pipeline' retrieved from /home/airflow/dags/mlflow_tracking_dag.py
[2026-04-27T00:05:03.216+0000] {logging_mixin.py:188} INFO - [2026-04-27T00:05:03.215+0000] {dag.py:3036} INFO - Sync 1 DAGs
[2026-04-27T00:05:03.230+0000] {logging_mixin.py:188} INFO - [2026-04-27T00:05:03.230+0000] {dag.py:3823} INFO - Setting next_dagrun for model_training_pipeline to 2026-04-26 00:00:00+00:00, run_after=2026-05-03 00:00:00+00:00
[2026-04-27T00:05:03.254+0000] {processor.py:183} INFO - Processing /home/airflow/dags/mlflow_tracking_dag.py took 0.889 seconds
[2026-04-27T00:05:33.546+0000] {processor.py:161} INFO - Started process (PID=60255) to work on /home/airflow/dags/mlflow_tracking_dag.py
[2026-04-27T00:05:33.548+0000] {processor.py:830} INFO - Processing file /home/airflow/dags/mlflow_tracking_dag.py for tasks to queue
[2026-04-27T00:05:33.549+0000] {logging_mixin.py:188} INFO - [2026-04-27T00:05:33.548+0000] {dagbag.py:538} INFO - Filling up the DagBag from /home/airflow/dags/mlflow_tracking_dag.py
[2026-04-27T00:05:34.372+0000] {processor.py:840} INFO - DAG(s) 'model_training_pipeline' retrieved from /home/airflow/dags/mlflow_tracking_dag.py
[2026-04-27T00:05:34.572+0000] {logging_mixin.py:188} INFO - [2026-04-27T00:05:34.572+0000] {dag.py:3036} INFO - Sync 1 DAGs
[2026-04-27T00:05:34.588+0000] {logging_mixin.py:188} INFO - [2026-04-27T00:05:34.588+0000] {dag.py:3823} INFO - Setting next_dagrun for model_training_pipeline to 2026-04-26 00:00:00+00:00, run_after=2026-05-03 00:00:00+00:00
[2026-04-27T00:05:34.612+0000] {processor.py:183} INFO - Processing /home/airflow/dags/mlflow_tracking_dag.py took 1.069 seconds
[2026-04-27T00:06:04.886+0000] {processor.py:161} INFO - Started process (PID=60300) to work on /home/airflow/dags/mlflow_tracking_dag.py
[2026-04-27T00:06:04.888+0000] {processor.py:830} INFO - Processing file /home/airflow/dags/mlflow_tracking_dag.py for tasks to queue
[2026-04-27T00:06:04.889+0000] {logging_mixin.py:188} INFO - [2026-04-27T00:06:04.888+0000] {dagbag.py:538} INFO - Filling up the DagBag from /home/airflow/dags/mlflow_tracking_dag.py
[2026-04-27T00:06:05.739+0000] {processor.py:840} INFO - DAG(s) 'model_training_pipeline' retrieved from /home/airflow/dags/mlflow_tracking_dag.py
[2026-04-27T00:06:05.760+0000] {logging_mixin.py:188} INFO - [2026-04-27T00:06:05.760+0000] {dag.py:3036} INFO - Sync 1 DAGs
[2026-04-27T00:06:05.775+0000] {logging_mixin.py:188} INFO - [2026-04-27T00:06:05.775+0000] {dag.py:3823} INFO - Setting next_dagrun for model_training_pipeline to 2026-04-26 00:00:00+00:00, run_after=2026-05-03 00:00:00+00:00
[2026-04-27T00:06:05.801+0000] {processor.py:183} INFO - Processing /home/airflow/dags/mlflow_tracking_dag.py took 0.918 seconds
[2026-04-27T00:06:36.029+0000] {processor.py:161} INFO - Started process (PID=60345) to work on /home/airflow/dags/mlflow_tracking_dag.py
[2026-04-27T00:06:36.030+0000] {processor.py:830} INFO - Processing file /home/airflow/dags/mlflow_tracking_dag.py for tasks to queue
[2026-04-27T00:06:36.031+0000] {logging_mixin.py:188} INFO - [2026-04-27T00:06:36.031+0000] {dagbag.py:538} INFO - Filling up the DagBag from /home/airflow/dags/mlflow_tracking_dag.py
[2026-04-27T00:06:37.120+0000] {processor.py:840} INFO - DAG(s) 'model_training_pipeline' retrieved from /home/airflow/dags/mlflow_tracking_dag.py
[2026-04-27T00:06:37.133+0000] {logging_mixin.py:188} INFO - [2026-04-27T00:06:37.133+0000] {dag.py:3036} INFO - Sync 1 DAGs
[2026-04-27T00:06:37.150+0000] {logging_mixin.py:188} INFO - [2026-04-27T00:06:37.149+0000] {dag.py:3823} INFO - Setting next_dagrun for model_training_pipeline to 2026-04-26 00:00:00+00:00, run_after=2026-05-03 00:00:00+00:00
[2026-04-27T00:06:37.178+0000] {processor.py:183} INFO - Processing /home/airflow/dags/mlflow_tracking_dag.py took 1.152 seconds
[2026-04-27T00:07:07.589+0000] {processor.py:161} INFO - Started process (PID=60390) to work on /home/airflow/dags/mlflow_tracking_dag.py
[2026-04-27T00:07:07.590+0000] {processor.py:830} INFO - Processing file /home/airflow/dags/mlflow_tracking_dag.py for tasks to queue
[2026-04-27T00:07:07.592+0000] {logging_mixin.py:188} INFO - [2026-04-27T00:07:07.591+0000] {dagbag.py:538} INFO - Filling up the DagBag from /home/airflow/dags/mlflow_tracking_dag.py
[2026-04-27T00:07:08.572+0000] {processor.py:840} INFO - DAG(s) 'model_training_pipeline' retrieved from /home/airflow/dags/mlflow_tracking_dag.py
[2026-04-27T00:07:08.798+0000] {logging_mixin.py:188} INFO - [2026-04-27T00:07:08.798+0000] {dag.py:3036} INFO - Sync 1 DAGs
[2026-04-27T00:07:08.814+0000] {logging_mixin.py:188} INFO - [2026-04-27T00:07:08.814+0000] {dag.py:3823} INFO - Setting next_dagrun for model_training_pipeline to 2026-04-26 00:00:00+00:00, run_after=2026-05-03 00:00:00+00:00
[2026-04-27T00:07:08.846+0000] {processor.py:183} INFO - Processing /home/airflow/dags/mlflow_tracking_dag.py took 1.260 seconds
[2026-04-27T00:07:39.106+0000] {processor.py:161} INFO - Started process (PID=60435) to work on /home/airflow/dags/mlflow_tracking_dag.py
[2026-04-27T00:07:39.108+0000] {processor.py:830} INFO - Processing file /home/airflow/dags/mlflow_tracking_dag.py for tasks to queue
[2026-04-27T00:07:39.109+0000] {logging_mixin.py:188} INFO - [2026-04-27T00:07:39.108+0000] {dagbag.py:538} INFO - Filling up the DagBag from /home/airflow/dags/mlflow_tracking_dag.py
[2026-04-27T00:07:39.931+0000] {processor.py:840} INFO - DAG(s) 'model_training_pipeline' retrieved from /home/airflow/dags/mlflow_tracking_dag.py
[2026-04-27T00:07:39.953+0000] {logging_mixin.py:188} INFO - [2026-04-27T00:07:39.953+0000] {dag.py:3036} INFO - Sync 1 DAGs
[2026-04-27T00:07:39.968+0000] {logging_mixin.py:188} INFO - [2026-04-27T00:07:39.968+0000] {dag.py:3823} INFO - Setting next_dagrun for model_training_pipeline to 2026-04-26 00:00:00+00:00, run_after=2026-05-03 00:00:00+00:00
[2026-04-27T00:07:39.991+0000] {processor.py:183} INFO - Processing /home/airflow/dags/mlflow_tracking_dag.py took 0.887 seconds
[2026-04-27T00:08:10.401+0000] {processor.py:161} INFO - Started process (PID=60480) to work on /home/airflow/dags/mlflow_tracking_dag.py
[2026-04-27T00:08:10.402+0000] {processor.py:830} INFO - Processing file /home/airflow/dags/mlflow_tracking_dag.py for tasks to queue
[2026-04-27T00:08:10.403+0000] {logging_mixin.py:188} INFO - [2026-04-27T00:08:10.403+0000] {dagbag.py:538} INFO - Filling up the DagBag from /home/airflow/dags/mlflow_tracking_dag.py
[2026-04-27T00:08:11.310+0000] {processor.py:840} INFO - DAG(s) 'model_training_pipeline' retrieved from /home/airflow/dags/mlflow_tracking_dag.py
[2026-04-27T00:08:11.322+0000] {logging_mixin.py:188} INFO - [2026-04-27T00:08:11.321+0000] {dag.py:3036} INFO - Sync 1 DAGs
[2026-04-27T00:08:11.337+0000] {logging_mixin.py:188} INFO - [2026-04-27T00:08:11.337+0000] {dag.py:3823} INFO - Setting next_dagrun for model_training_pipeline to 2026-04-26 00:00:00+00:00, run_after=2026-05-03 00:00:00+00:00
[2026-04-27T00:08:11.383+0000] {processor.py:183} INFO - Processing /home/airflow/dags/mlflow_tracking_dag.py took 0.986 seconds
[2026-04-27T00:08:41.809+0000] {processor.py:161} INFO - Started process (PID=60525) to work on /home/airflow/dags/mlflow_tracking_dag.py
[2026-04-27T00:08:41.811+0000] {processor.py:830} INFO - Processing file /home/airflow/dags/mlflow_tracking_dag.py for tasks to queue
[2026-04-27T00:08:41.812+0000] {logging_mixin.py:188} INFO - [2026-04-27T00:08:41.812+0000] {dagbag.py:538} INFO - Filling up the DagBag from /home/airflow/dags/mlflow_tracking_dag.py
[2026-04-27T00:08:43.012+0000] {processor.py:840} INFO - DAG(s) 'model_training_pipeline' retrieved from /home/airflow/dags/mlflow_tracking_dag.py
[2026-04-27T00:08:43.260+0000] {logging_mixin.py:188} INFO - [2026-04-27T00:08:43.260+0000] {dag.py:3036} INFO - Sync 1 DAGs
[2026-04-27T00:08:43.283+0000] {logging_mixin.py:188} INFO - [2026-04-27T00:08:43.282+0000] {dag.py:3823} INFO - Setting next_dagrun for model_training_pipeline to 2026-04-26 00:00:00+00:00, run_after=2026-05-03 00:00:00+00:00
[2026-04-27T00:08:43.310+0000] {processor.py:183} INFO - Processing /home/airflow/dags/mlflow_tracking_dag.py took 1.510 seconds
[2026-04-27T00:09:13.851+0000] {processor.py:161} INFO - Started process (PID=60570) to work on /home/airflow/dags/mlflow_tracking_dag.py
[2026-04-27T00:09:13.852+0000] {processor.py:830} INFO - Processing file /home/airflow/dags/mlflow_tracking_dag.py for tasks to queue
[2026-04-27T00:09:13.853+0000] {logging_mixin.py:188} INFO - [2026-04-27T00:09:13.853+0000] {dagbag.py:538} INFO - Filling up the DagBag from /home/airflow/dags/mlflow_tracking_dag.py
[2026-04-27T00:09:14.933+0000] {processor.py:840} INFO - DAG(s) 'model_training_pipeline' retrieved from /home/airflow/dags/mlflow_tracking_dag.py
[2026-04-27T00:09:14.967+0000] {logging_mixin.py:188} INFO - [2026-04-27T00:09:14.966+0000] {dag.py:3036} INFO - Sync 1 DAGs
[2026-04-27T00:09:14.992+0000] {logging_mixin.py:188} INFO - [2026-04-27T00:09:14.992+0000] {dag.py:3823} INFO - Setting next_dagrun for model_training_pipeline to 2026-04-26 00:00:00+00:00, run_after=2026-05-03 00:00:00+00:00
[2026-04-27T00:09:15.027+0000] {processor.py:183} INFO - Processing /home/airflow/dags/mlflow_tracking_dag.py took 1.180 seconds
[2026-04-27T00:09:45.527+0000] {processor.py:161} INFO - Started process (PID=60615) to work on /home/airflow/dags/mlflow_tracking_dag.py
[2026-04-27T00:09:45.528+0000] {processor.py:830} INFO - Processing file /home/airflow/dags/mlflow_tracking_dag.py for tasks to queue
[2026-04-27T00:09:45.529+0000] {logging_mixin.py:188} INFO - [2026-04-27T00:09:45.529+0000] {dagbag.py:538} INFO - Filling up the DagBag from /home/airflow/dags/mlflow_tracking_dag.py
[2026-04-27T00:09:46.594+0000] {processor.py:840} INFO - DAG(s) 'model_training_pipeline' retrieved from /home/airflow/dags/mlflow_tracking_dag.py
[2026-04-27T00:09:46.613+0000] {logging_mixin.py:188} INFO - [2026-04-27T00:09:46.612+0000] {dag.py:3036} INFO - Sync 1 DAGs
[2026-04-27T00:09:46.655+0000] {logging_mixin.py:188} INFO - [2026-04-27T00:09:46.654+0000] {dag.py:3823} INFO - Setting next_dagrun for model_training_pipeline to 2026-04-26 00:00:00+00:00, run_after=2026-05-03 00:00:00+00:00
[2026-04-27T00:09:46.692+0000] {processor.py:183} INFO - Processing /home/airflow/dags/mlflow_tracking_dag.py took 1.168 seconds
[2026-04-27T00:10:17.418+0000] {processor.py:161} INFO - Started process (PID=60660) to work on /home/airflow/dags/mlflow_tracking_dag.py
[2026-04-27T00:10:17.432+0000] {processor.py:830} INFO - Processing file /home/airflow/dags/mlflow_tracking_dag.py for tasks to queue
[2026-04-27T00:10:17.439+0000] {logging_mixin.py:188} INFO - [2026-04-27T00:10:17.436+0000] {dagbag.py:538} INFO - Filling up the DagBag from /home/airflow/dags/mlflow_tracking_dag.py
[2026-04-27T00:10:21.493+0000] {processor.py:840} INFO - DAG(s) 'model_training_pipeline' retrieved from /home/airflow/dags/mlflow_tracking_dag.py
[2026-04-27T00:10:21.729+0000] {logging_mixin.py:188} INFO - [2026-04-27T00:10:21.728+0000] {dag.py:3036} INFO - Sync 1 DAGs
[2026-04-27T00:10:21.753+0000] {logging_mixin.py:188} INFO - [2026-04-27T00:10:21.753+0000] {dag.py:3823} INFO - Setting next_dagrun for model_training_pipeline to 2026-04-26 00:00:00+00:00, run_after=2026-05-03 00:00:00+00:00
[2026-04-27T00:10:21.984+0000] {processor.py:183} INFO - Processing /home/airflow/dags/mlflow_tracking_dag.py took 4.580 seconds
[2026-04-27T00:10:52.443+0000] {processor.py:161} INFO - Started process (PID=60705) to work on /home/airflow/dags/mlflow_tracking_dag.py
[2026-04-27T00:10:52.445+0000] {processor.py:830} INFO - Processing file /home/airflow/dags/mlflow_tracking_dag.py for tasks to queue
[2026-04-27T00:10:52.446+0000] {logging_mixin.py:188} INFO - [2026-04-27T00:10:52.445+0000] {dagbag.py:538} INFO - Filling up the DagBag from /home/airflow/dags/mlflow_tracking_dag.py
[2026-04-27T00:10:53.532+0000] {processor.py:840} INFO - DAG(s) 'model_training_pipeline' retrieved from /home/airflow/dags/mlflow_tracking_dag.py
[2026-04-27T00:10:53.551+0000] {logging_mixin.py:188} INFO - [2026-04-27T00:10:53.551+0000] {dag.py:3036} INFO - Sync 1 DAGs
[2026-04-27T00:10:53.565+0000] {logging_mixin.py:188} INFO - [2026-04-27T00:10:53.565+0000] {dag.py:3823} INFO - Setting next_dagrun for model_training_pipeline to 2026-04-26 00:00:00+00:00, run_after=2026-05-03 00:00:00+00:00
[2026-04-27T00:10:53.623+0000] {processor.py:183} INFO - Processing /home/airflow/dags/mlflow_tracking_dag.py took 1.184 seconds
[2026-04-27T00:11:23.995+0000] {processor.py:161} INFO - Started process (PID=60750) to work on /home/airflow/dags/mlflow_tracking_dag.py
[2026-04-27T00:11:24.000+0000] {processor.py:830} INFO - Processing file /home/airflow/dags/mlflow_tracking_dag.py for tasks to queue
[2026-04-27T00:11:24.002+0000] {logging_mixin.py:188} INFO - [2026-04-27T00:11:24.001+0000] {dagbag.py:538} INFO - Filling up the DagBag from /home/airflow/dags/mlflow_tracking_dag.py
[2026-04-27T00:11:25.724+0000] {processor.py:840} INFO - DAG(s) 'model_training_pipeline' retrieved from /home/airflow/dags/mlflow_tracking_dag.py
[2026-04-27T00:11:25.742+0000] {logging_mixin.py:188} INFO - [2026-04-27T00:11:25.741+0000] {dag.py:3036} INFO - Sync 1 DAGs
[2026-04-27T00:11:25.769+0000] {logging_mixin.py:188} INFO - [2026-04-27T00:11:25.769+0000] {dag.py:3823} INFO - Setting next_dagrun for model_training_pipeline to 2026-04-26 00:00:00+00:00, run_after=2026-05-03 00:00:00+00:00
[2026-04-27T00:11:25.790+0000] {processor.py:183} INFO - Processing /home/airflow/dags/mlflow_tracking_dag.py took 1.802 seconds
[2026-04-27T00:11:56.818+0000] {processor.py:161} INFO - Started process (PID=60795) to work on /home/airflow/dags/mlflow_tracking_dag.py
[2026-04-27T00:11:56.819+0000] {processor.py:830} INFO - Processing file /home/airflow/dags/mlflow_tracking_dag.py for tasks to queue
[2026-04-27T00:11:56.820+0000] {logging_mixin.py:188} INFO - [2026-04-27T00:11:56.820+0000] {dagbag.py:538} INFO - Filling up the DagBag from /home/airflow/dags/mlflow_tracking_dag.py
[2026-04-27T00:11:57.784+0000] {processor.py:840} INFO - DAG(s) 'model_training_pipeline' retrieved from /home/airflow/dags/mlflow_tracking_dag.py
[2026-04-27T00:11:57.967+0000] {logging_mixin.py:188} INFO - [2026-04-27T00:11:57.966+0000] {dag.py:3036} INFO - Sync 1 DAGs
[2026-04-27T00:11:57.989+0000] {logging_mixin.py:188} INFO - [2026-04-27T00:11:57.989+0000] {dag.py:3823} INFO - Setting next_dagrun for model_training_pipeline to 2026-04-26 00:00:00+00:00, run_after=2026-05-03 00:00:00+00:00
[2026-04-27T00:11:58.018+0000] {processor.py:183} INFO - Processing /home/airflow/dags/mlflow_tracking_dag.py took 1.203 seconds
[2026-04-27T00:12:28.467+0000] {processor.py:161} INFO - Started process (PID=60840) to work on /home/airflow/dags/mlflow_tracking_dag.py
[2026-04-27T00:12:28.468+0000] {processor.py:830} INFO - Processing file /home/airflow/dags/mlflow_tracking_dag.py for tasks to queue
[2026-04-27T00:12:28.470+0000] {logging_mixin.py:188} INFO - [2026-04-27T00:12:28.469+0000] {dagbag.py:538} INFO - Filling up the DagBag from /home/airflow/dags/mlflow_tracking_dag.py
[2026-04-27T00:12:29.533+0000] {processor.py:840} INFO - DAG(s) 'model_training_pipeline' retrieved from /home/airflow/dags/mlflow_tracking_dag.py
[2026-04-27T00:12:29.558+0000] {logging_mixin.py:188} INFO - [2026-04-27T00:12:29.557+0000] {dag.py:3036} INFO - Sync 1 DAGs
[2026-04-27T00:12:29.577+0000] {logging_mixin.py:188} INFO - [2026-04-27T00:12:29.576+0000] {dag.py:3823} INFO - Setting next_dagrun for model_training_pipeline to 2026-04-26 00:00:00+00:00, run_after=2026-05-03 00:00:00+00:00
[2026-04-27T00:12:29.604+0000] {processor.py:183} INFO - Processing /home/airflow/dags/mlflow_tracking_dag.py took 1.141 seconds
[2026-04-27T00:12:59.890+0000] {processor.py:161} INFO - Started process (PID=60885) to work on /home/airflow/dags/mlflow_tracking_dag.py
[2026-04-27T00:12:59.892+0000] {processor.py:830} INFO - Processing file /home/airflow/dags/mlflow_tracking_dag.py for tasks to queue
[2026-04-27T00:12:59.893+0000] {logging_mixin.py:188} INFO - [2026-04-27T00:12:59.893+0000] {dagbag.py:538} INFO - Filling up the DagBag from /home/airflow/dags/mlflow_tracking_dag.py
[2026-04-27T00:13:01.220+0000] {processor.py:840} INFO - DAG(s) 'model_training_pipeline' retrieved from /home/airflow/dags/mlflow_tracking_dag.py
[2026-04-27T00:13:01.235+0000] {logging_mixin.py:188} INFO - [2026-04-27T00:13:01.235+0000] {dag.py:3036} INFO - Sync 1 DAGs
[2026-04-27T00:13:01.264+0000] {logging_mixin.py:188} INFO - [2026-04-27T00:13:01.264+0000] {dag.py:3823} INFO - Setting next_dagrun for model_training_pipeline to 2026-04-26 00:00:00+00:00, run_after=2026-05-03 00:00:00+00:00
[2026-04-27T00:13:01.296+0000] {processor.py:183} INFO - Processing /home/airflow/dags/mlflow_tracking_dag.py took 1.410 seconds
[2026-04-27T00:13:28.078+0000] {processor.py:161} INFO - Started process (PID=52) to work on /home/airflow/dags/mlflow_tracking_dag.py
[2026-04-27T00:13:28.080+0000] {processor.py:830} INFO - Processing file /home/airflow/dags/mlflow_tracking_dag.py for tasks to queue
[2026-04-27T00:13:28.081+0000] {logging_mixin.py:188} INFO - [2026-04-27T00:13:28.081+0000] {dagbag.py:538} INFO - Filling up the DagBag from /home/airflow/dags/mlflow_tracking_dag.py
[2026-04-27T00:13:30.328+0000] {processor.py:840} INFO - DAG(s) 'model_training_pipeline' retrieved from /home/airflow/dags/mlflow_tracking_dag.py
[2026-04-27T00:13:30.430+0000] {logging_mixin.py:188} INFO - [2026-04-27T00:13:30.429+0000] {dag.py:3036} INFO - Sync 1 DAGs
[2026-04-27T00:13:30.747+0000] {logging_mixin.py:188} INFO - [2026-04-27T00:13:30.747+0000] {dag.py:3823} INFO - Setting next_dagrun for model_training_pipeline to 2026-04-26 00:00:00+00:00, run_after=2026-05-03 00:00:00+00:00
[2026-04-27T00:13:30.786+0000] {processor.py:183} INFO - Processing /home/airflow/dags/mlflow_tracking_dag.py took 2.711 seconds
[2026-04-27T00:14:01.337+0000] {processor.py:161} INFO - Started process (PID=97) to work on /home/airflow/dags/mlflow_tracking_dag.py
[2026-04-27T00:14:01.355+0000] {processor.py:830} INFO - Processing file /home/airflow/dags/mlflow_tracking_dag.py for tasks to queue
[2026-04-27T00:14:01.387+0000] {logging_mixin.py:188} INFO - [2026-04-27T00:14:01.382+0000] {dagbag.py:538} INFO - Filling up the DagBag from /home/airflow/dags/mlflow_tracking_dag.py
[2026-04-27T00:14:09.009+0000] {processor.py:840} INFO - DAG(s) 'model_training_pipeline' retrieved from /home/airflow/dags/mlflow_tracking_dag.py
[2026-04-27T00:14:09.174+0000] {logging_mixin.py:188} INFO - [2026-04-27T00:14:09.173+0000] {dag.py:3036} INFO - Sync 1 DAGs
[2026-04-27T00:14:09.193+0000] {logging_mixin.py:188} INFO - [2026-04-27T00:14:09.193+0000] {dag.py:3823} INFO - Setting next_dagrun for model_training_pipeline to 2026-04-26 00:00:00+00:00, run_after=2026-05-03 00:00:00+00:00
[2026-04-27T00:14:09.217+0000] {processor.py:183} INFO - Processing /home/airflow/dags/mlflow_tracking_dag.py took 7.955 seconds
[2026-04-27T00:14:37.893+0000] {processor.py:161} INFO - Started process (PID=142) to work on /home/airflow/dags/mlflow_tracking_dag.py
[2026-04-27T00:14:37.895+0000] {processor.py:830} INFO - Processing file /home/airflow/dags/mlflow_tracking_dag.py for tasks to queue
[2026-04-27T00:14:37.896+0000] {logging_mixin.py:188} INFO - [2026-04-27T00:14:37.896+0000] {dagbag.py:538} INFO - Filling up the DagBag from /home/airflow/dags/mlflow_tracking_dag.py
[2026-04-27T00:14:39.244+0000] {processor.py:840} INFO - DAG(s) 'model_training_pipeline' retrieved from /home/airflow/dags/mlflow_tracking_dag.py
[2026-04-27T00:14:39.350+0000] {logging_mixin.py:188} INFO - [2026-04-27T00:14:39.350+0000] {dag.py:3036} INFO - Sync 1 DAGs
[2026-04-27T00:14:39.370+0000] {logging_mixin.py:188} INFO - [2026-04-27T00:14:39.369+0000] {dag.py:3823} INFO - Setting next_dagrun for model_training_pipeline to 2026-04-26 00:00:00+00:00, run_after=2026-05-03 00:00:00+00:00
[2026-04-27T00:14:39.400+0000] {processor.py:183} INFO - Processing /home/airflow/dags/mlflow_tracking_dag.py took 1.510 seconds
[2026-04-27T00:15:10.206+0000] {processor.py:161} INFO - Started process (PID=187) to work on /home/airflow/dags/mlflow_tracking_dag.py
[2026-04-27T00:15:10.207+0000] {processor.py:830} INFO - Processing file /home/airflow/dags/mlflow_tracking_dag.py for tasks to queue
[2026-04-27T00:15:10.209+0000] {logging_mixin.py:188} INFO - [2026-04-27T00:15:10.208+0000] {dagbag.py:538} INFO - Filling up the DagBag from /home/airflow/dags/mlflow_tracking_dag.py
[2026-04-27T00:15:12.103+0000] {processor.py:840} INFO - DAG(s) 'model_training_pipeline' retrieved from /home/airflow/dags/mlflow_tracking_dag.py
[2026-04-27T00:15:12.157+0000] {logging_mixin.py:188} INFO - [2026-04-27T00:15:12.156+0000] {dag.py:3036} INFO - Sync 1 DAGs
[2026-04-27T00:15:12.191+0000] {logging_mixin.py:188} INFO - [2026-04-27T00:15:12.191+0000] {dag.py:3823} INFO - Setting next_dagrun for model_training_pipeline to 2026-04-26 00:00:00+00:00, run_after=2026-05-03 00:00:00+00:00
[2026-04-27T00:15:12.259+0000] {processor.py:183} INFO - Processing /home/airflow/dags/mlflow_tracking_dag.py took 2.058 seconds
[2026-04-27T00:15:42.500+0000] {processor.py:161} INFO - Started process (PID=238) to work on /home/airflow/dags/mlflow_tracking_dag.py
[2026-04-27T00:15:42.502+0000] {processor.py:830} INFO - Processing file /home/airflow/dags/mlflow_tracking_dag.py for tasks to queue
[2026-04-27T00:15:42.503+0000] {logging_mixin.py:188} INFO - [2026-04-27T00:15:42.502+0000] {dagbag.py:538} INFO - Filling up the DagBag from /home/airflow/dags/mlflow_tracking_dag.py
[2026-04-27T00:15:43.581+0000] {processor.py:840} INFO - DAG(s) 'model_training_pipeline' retrieved from /home/airflow/dags/mlflow_tracking_dag.py
[2026-04-27T00:15:43.673+0000] {logging_mixin.py:188} INFO - [2026-04-27T00:15:43.673+0000] {dag.py:3036} INFO - Sync 1 DAGs
[2026-04-27T00:15:43.690+0000] {logging_mixin.py:188} INFO - [2026-04-27T00:15:43.690+0000] {dag.py:3823} INFO - Setting next_dagrun for model_training_pipeline to 2026-04-26 00:00:00+00:00, run_after=2026-05-03 00:00:00+00:00
[2026-04-27T00:15:43.717+0000] {processor.py:183} INFO - Processing /home/airflow/dags/mlflow_tracking_dag.py took 1.219 seconds
[2026-04-27T00:16:13.864+0000] {processor.py:161} INFO - Started process (PID=283) to work on /home/airflow/dags/mlflow_tracking_dag.py
[2026-04-27T00:16:13.865+0000] {processor.py:830} INFO - Processing file /home/airflow/dags/mlflow_tracking_dag.py for tasks to queue
[2026-04-27T00:16:13.866+0000] {logging_mixin.py:188} INFO - [2026-04-27T00:16:13.866+0000] {dagbag.py:538} INFO - Filling up the DagBag from /home/airflow/dags/mlflow_tracking_dag.py
[2026-04-27T00:16:14.882+0000] {processor.py:840} INFO - DAG(s) 'model_training_pipeline' retrieved from /home/airflow/dags/mlflow_tracking_dag.py
[2026-04-27T00:16:14.915+0000] {logging_mixin.py:188} INFO - [2026-04-27T00:16:14.914+0000] {dag.py:3036} INFO - Sync 1 DAGs
[2026-04-27T00:16:14.947+0000] {logging_mixin.py:188} INFO - [2026-04-27T00:16:14.946+0000] {dag.py:3823} INFO - Setting next_dagrun for model_training_pipeline to 2026-04-26 00:00:00+00:00, run_after=2026-05-03 00:00:00+00:00
[2026-04-27T00:16:14.977+0000] {processor.py:183} INFO - Processing /home/airflow/dags/mlflow_tracking_dag.py took 1.116 seconds
[2026-04-27T00:16:45.400+0000] {processor.py:161} INFO - Started process (PID=334) to work on /home/airflow/dags/mlflow_tracking_dag.py
[2026-04-27T00:16:45.401+0000] {processor.py:830} INFO - Processing file /home/airflow/dags/mlflow_tracking_dag.py for tasks to queue
[2026-04-27T00:16:45.402+0000] {logging_mixin.py:188} INFO - [2026-04-27T00:16:45.402+0000] {dagbag.py:538} INFO - Filling up the DagBag from /home/airflow/dags/mlflow_tracking_dag.py
[2026-04-27T00:16:46.553+0000] {processor.py:840} INFO - DAG(s) 'model_training_pipeline' retrieved from /home/airflow/dags/mlflow_tracking_dag.py
[2026-04-27T00:16:46.889+0000] {logging_mixin.py:188} INFO - [2026-04-27T00:16:46.888+0000] {dag.py:3036} INFO - Sync 1 DAGs
[2026-04-27T00:16:46.923+0000] {logging_mixin.py:188} INFO - [2026-04-27T00:16:46.923+0000] {dag.py:3823} INFO - Setting next_dagrun for model_training_pipeline to 2026-04-26 00:00:00+00:00, run_after=2026-05-03 00:00:00+00:00
[2026-04-27T00:16:46.956+0000] {processor.py:183} INFO - Processing /home/airflow/dags/mlflow_tracking_dag.py took 1.562 seconds
[2026-04-27T00:17:17.092+0000] {processor.py:161} INFO - Started process (PID=385) to work on /home/airflow/dags/mlflow_tracking_dag.py
[2026-04-27T00:17:17.094+0000] {processor.py:830} INFO - Processing file /home/airflow/dags/mlflow_tracking_dag.py for tasks to queue
[2026-04-27T00:17:17.097+0000] {logging_mixin.py:188} INFO - [2026-04-27T00:17:17.096+0000] {dagbag.py:538} INFO - Filling up the DagBag from /home/airflow/dags/mlflow_tracking_dag.py
[2026-04-27T00:17:18.222+0000] {processor.py:840} INFO - DAG(s) 'model_training_pipeline' retrieved from /home/airflow/dags/mlflow_tracking_dag.py
[2026-04-27T00:17:18.248+0000] {logging_mixin.py:188} INFO - [2026-04-27T00:17:18.247+0000] {dag.py:3036} INFO - Sync 1 DAGs
[2026-04-27T00:17:18.270+0000] {logging_mixin.py:188} INFO - [2026-04-27T00:17:18.269+0000] {dag.py:3823} INFO - Setting next_dagrun for model_training_pipeline to 2026-04-26 00:00:00+00:00, run_after=2026-05-03 00:00:00+00:00
[2026-04-27T00:17:18.300+0000] {processor.py:183} INFO - Processing /home/airflow/dags/mlflow_tracking_dag.py took 1.212 seconds
[2026-04-27T00:17:48.642+0000] {processor.py:161} INFO - Started process (PID=436) to work on /home/airflow/dags/mlflow_tracking_dag.py
[2026-04-27T00:17:48.643+0000] {processor.py:830} INFO - Processing file /home/airflow/dags/mlflow_tracking_dag.py for tasks to queue
[2026-04-27T00:17:48.644+0000] {logging_mixin.py:188} INFO - [2026-04-27T00:17:48.644+0000] {dagbag.py:538} INFO - Filling up the DagBag from /home/airflow/dags/mlflow_tracking_dag.py
[2026-04-27T00:17:49.724+0000] {processor.py:840} INFO - DAG(s) 'model_training_pipeline' retrieved from /home/airflow/dags/mlflow_tracking_dag.py
[2026-04-27T00:17:49.829+0000] {logging_mixin.py:188} INFO - [2026-04-27T00:17:49.828+0000] {dag.py:3036} INFO - Sync 1 DAGs
[2026-04-27T00:17:49.847+0000] {logging_mixin.py:188} INFO - [2026-04-27T00:17:49.847+0000] {dag.py:3823} INFO - Setting next_dagrun for model_training_pipeline to 2026-04-26 00:00:00+00:00, run_after=2026-05-03 00:00:00+00:00
[2026-04-27T00:17:49.873+0000] {processor.py:183} INFO - Processing /home/airflow/dags/mlflow_tracking_dag.py took 1.235 seconds
[2026-04-27T00:18:20.474+0000] {processor.py:161} INFO - Started process (PID=481) to work on /home/airflow/dags/mlflow_tracking_dag.py
[2026-04-27T00:18:20.476+0000] {processor.py:830} INFO - Processing file /home/airflow/dags/mlflow_tracking_dag.py for tasks to queue
[2026-04-27T00:18:20.478+0000] {logging_mixin.py:188} INFO - [2026-04-27T00:18:20.478+0000] {dagbag.py:538} INFO - Filling up the DagBag from /home/airflow/dags/mlflow_tracking_dag.py
[2026-04-27T00:18:24.497+0000] {processor.py:840} INFO - DAG(s) 'model_training_pipeline' retrieved from /home/airflow/dags/mlflow_tracking_dag.py
[2026-04-27T00:18:24.721+0000] {logging_mixin.py:188} INFO - [2026-04-27T00:18:24.720+0000] {dag.py:3036} INFO - Sync 1 DAGs
[2026-04-27T00:18:24.834+0000] {logging_mixin.py:188} INFO - [2026-04-27T00:18:24.834+0000] {dag.py:3823} INFO - Setting next_dagrun for model_training_pipeline to 2026-04-26 00:00:00+00:00, run_after=2026-05-03 00:00:00+00:00
[2026-04-27T00:18:24.907+0000] {processor.py:183} INFO - Processing /home/airflow/dags/mlflow_tracking_dag.py took 4.436 seconds
[2026-04-27T00:18:55.519+0000] {processor.py:161} INFO - Started process (PID=526) to work on /home/airflow/dags/mlflow_tracking_dag.py
[2026-04-27T00:18:55.520+0000] {processor.py:830} INFO - Processing file /home/airflow/dags/mlflow_tracking_dag.py for tasks to queue
[2026-04-27T00:18:55.522+0000] {logging_mixin.py:188} INFO - [2026-04-27T00:18:55.521+0000] {dagbag.py:538} INFO - Filling up the DagBag from /home/airflow/dags/mlflow_tracking_dag.py
[2026-04-27T00:18:57.167+0000] {processor.py:840} INFO - DAG(s) 'model_training_pipeline' retrieved from /home/airflow/dags/mlflow_tracking_dag.py
[2026-04-27T00:18:57.341+0000] {logging_mixin.py:188} INFO - [2026-04-27T00:18:57.339+0000] {dag.py:3036} INFO - Sync 1 DAGs
[2026-04-27T00:18:57.372+0000] {logging_mixin.py:188} INFO - [2026-04-27T00:18:57.372+0000] {dag.py:3823} INFO - Setting next_dagrun for model_training_pipeline to 2026-04-26 00:00:00+00:00, run_after=2026-05-03 00:00:00+00:00
[2026-04-27T00:18:57.403+0000] {processor.py:183} INFO - Processing /home/airflow/dags/mlflow_tracking_dag.py took 1.889 seconds
[2026-04-27T00:19:27.966+0000] {processor.py:161} INFO - Started process (PID=592) to work on /home/airflow/dags/mlflow_tracking_dag.py
[2026-04-27T00:19:27.968+0000] {processor.py:830} INFO - Processing file /home/airflow/dags/mlflow_tracking_dag.py for tasks to queue
[2026-04-27T00:19:27.969+0000] {logging_mixin.py:188} INFO - [2026-04-27T00:19:27.969+0000] {dagbag.py:538} INFO - Filling up the DagBag from /home/airflow/dags/mlflow_tracking_dag.py
[2026-04-27T00:19:29.465+0000] {processor.py:840} INFO - DAG(s) 'model_training_pipeline' retrieved from /home/airflow/dags/mlflow_tracking_dag.py
[2026-04-27T00:19:29.601+0000] {logging_mixin.py:188} INFO - [2026-04-27T00:19:29.600+0000] {dag.py:3036} INFO - Sync 1 DAGs
[2026-04-27T00:19:29.705+0000] {logging_mixin.py:188} INFO - [2026-04-27T00:19:29.704+0000] {dag.py:3823} INFO - Setting next_dagrun for model_training_pipeline to 2026-04-26 00:00:00+00:00, run_after=2026-05-03 00:00:00+00:00
[2026-04-27T00:19:29.777+0000] {processor.py:183} INFO - Processing /home/airflow/dags/mlflow_tracking_dag.py took 1.816 seconds
[2026-04-27T00:20:00.412+0000] {processor.py:161} INFO - Started process (PID=651) to work on /home/airflow/dags/mlflow_tracking_dag.py
[2026-04-27T00:20:00.413+0000] {processor.py:830} INFO - Processing file /home/airflow/dags/mlflow_tracking_dag.py for tasks to queue
[2026-04-27T00:20:00.415+0000] {logging_mixin.py:188} INFO - [2026-04-27T00:20:00.415+0000] {dagbag.py:538} INFO - Filling up the DagBag from /home/airflow/dags/mlflow_tracking_dag.py
[2026-04-27T00:20:01.633+0000] {processor.py:840} INFO - DAG(s) 'model_training_pipeline' retrieved from /home/airflow/dags/mlflow_tracking_dag.py
[2026-04-27T00:20:01.648+0000] {logging_mixin.py:188} INFO - [2026-04-27T00:20:01.648+0000] {dag.py:3036} INFO - Sync 1 DAGs
[2026-04-27T00:20:01.666+0000] {logging_mixin.py:188} INFO - [2026-04-27T00:20:01.665+0000] {dag.py:3823} INFO - Setting next_dagrun for model_training_pipeline to 2026-04-26 00:00:00+00:00, run_after=2026-05-03 00:00:00+00:00
[2026-04-27T00:20:01.689+0000] {processor.py:183} INFO - Processing /home/airflow/dags/mlflow_tracking_dag.py took 1.280 seconds
[2026-04-27T00:20:31.917+0000] {processor.py:161} INFO - Started process (PID=703) to work on /home/airflow/dags/mlflow_tracking_dag.py
[2026-04-27T00:20:31.918+0000] {processor.py:830} INFO - Processing file /home/airflow/dags/mlflow_tracking_dag.py for tasks to queue
[2026-04-27T00:20:31.919+0000] {logging_mixin.py:188} INFO - [2026-04-27T00:20:31.919+0000] {dagbag.py:538} INFO - Filling up the DagBag from /home/airflow/dags/mlflow_tracking_dag.py
[2026-04-27T00:20:33.102+0000] {processor.py:840} INFO - DAG(s) 'model_training_pipeline' retrieved from /home/airflow/dags/mlflow_tracking_dag.py
[2026-04-27T00:20:33.232+0000] {logging_mixin.py:188} INFO - [2026-04-27T00:20:33.232+0000] {dag.py:3036} INFO - Sync 1 DAGs
[2026-04-27T00:20:33.252+0000] {logging_mixin.py:188} INFO - [2026-04-27T00:20:33.252+0000] {dag.py:3823} INFO - Setting next_dagrun for model_training_pipeline to 2026-04-26 00:00:00+00:00, run_after=2026-05-03 00:00:00+00:00
[2026-04-27T00:20:33.278+0000] {processor.py:183} INFO - Processing /home/airflow/dags/mlflow_tracking_dag.py took 1.366 seconds
[2026-04-27T00:21:03.756+0000] {processor.py:161} INFO - Started process (PID=769) to work on /home/airflow/dags/mlflow_tracking_dag.py
[2026-04-27T00:21:03.758+0000] {processor.py:830} INFO - Processing file /home/airflow/dags/mlflow_tracking_dag.py for tasks to queue
[2026-04-27T00:21:03.760+0000] {logging_mixin.py:188} INFO - [2026-04-27T00:21:03.760+0000] {dagbag.py:538} INFO - Filling up the DagBag from /home/airflow/dags/mlflow_tracking_dag.py
[2026-04-27T00:21:04.815+0000] {processor.py:840} INFO - DAG(s) 'model_training_pipeline' retrieved from /home/airflow/dags/mlflow_tracking_dag.py
[2026-04-27T00:21:04.836+0000] {logging_mixin.py:188} INFO - [2026-04-27T00:21:04.836+0000] {dag.py:3036} INFO - Sync 1 DAGs
[2026-04-27T00:21:04.855+0000] {logging_mixin.py:188} INFO - [2026-04-27T00:21:04.855+0000] {dag.py:3823} INFO - Setting next_dagrun for model_training_pipeline to 2026-04-26 00:00:00+00:00, run_after=2026-05-03 00:00:00+00:00
[2026-04-27T00:21:04.880+0000] {processor.py:183} INFO - Processing /home/airflow/dags/mlflow_tracking_dag.py took 1.128 seconds
[2026-04-27T00:21:35.124+0000] {processor.py:161} INFO - Started process (PID=814) to work on /home/airflow/dags/mlflow_tracking_dag.py
[2026-04-27T00:21:35.125+0000] {processor.py:830} INFO - Processing file /home/airflow/dags/mlflow_tracking_dag.py for tasks to queue
[2026-04-27T00:21:35.127+0000] {logging_mixin.py:188} INFO - [2026-04-27T00:21:35.126+0000] {dagbag.py:538} INFO - Filling up the DagBag from /home/airflow/dags/mlflow_tracking_dag.py
[2026-04-27T00:21:36.371+0000] {processor.py:840} INFO - DAG(s) 'model_training_pipeline' retrieved from /home/airflow/dags/mlflow_tracking_dag.py
[2026-04-27T00:21:36.385+0000] {logging_mixin.py:188} INFO - [2026-04-27T00:21:36.384+0000] {dag.py:3036} INFO - Sync 1 DAGs
[2026-04-27T00:21:36.407+0000] {logging_mixin.py:188} INFO - [2026-04-27T00:21:36.407+0000] {dag.py:3823} INFO - Setting next_dagrun for model_training_pipeline to 2026-04-26 00:00:00+00:00, run_after=2026-05-03 00:00:00+00:00
[2026-04-27T00:21:36.437+0000] {processor.py:183} INFO - Processing /home/airflow/dags/mlflow_tracking_dag.py took 1.318 seconds
[2026-04-27T00:21:51.868+0000] {processor.py:161} INFO - Started process (PID=853) to work on /home/airflow/dags/mlflow_tracking_dag.py
[2026-04-27T00:21:51.870+0000] {processor.py:830} INFO - Processing file /home/airflow/dags/mlflow_tracking_dag.py for tasks to queue
[2026-04-27T00:21:51.871+0000] {logging_mixin.py:188} INFO - [2026-04-27T00:21:51.870+0000] {dagbag.py:538} INFO - Filling up the DagBag from /home/airflow/dags/mlflow_tracking_dag.py
[2026-04-27T00:21:53.120+0000] {processor.py:840} INFO - DAG(s) 'mlflow_model_tracking' retrieved from /home/airflow/dags/mlflow_tracking_dag.py
[2026-04-27T00:21:53.257+0000] {logging_mixin.py:188} INFO - [2026-04-27T00:21:53.256+0000] {override.py:1769} INFO - Created Permission View: can delete on DAG:mlflow_model_tracking
[2026-04-27T00:21:53.274+0000] {logging_mixin.py:188} INFO - [2026-04-27T00:21:53.274+0000] {override.py:1769} INFO - Created Permission View: can read on DAG:mlflow_model_tracking
[2026-04-27T00:21:53.287+0000] {logging_mixin.py:188} INFO - [2026-04-27T00:21:53.287+0000] {override.py:1769} INFO - Created Permission View: can edit on DAG:mlflow_model_tracking
[2026-04-27T00:21:53.288+0000] {logging_mixin.py:188} INFO - [2026-04-27T00:21:53.288+0000] {dag.py:3036} INFO - Sync 1 DAGs
[2026-04-27T00:21:53.302+0000] {logging_mixin.py:188} INFO - [2026-04-27T00:21:53.302+0000] {dag.py:3058} INFO - Creating ORM DAG for mlflow_model_tracking
[2026-04-27T00:21:53.304+0000] {logging_mixin.py:188} INFO - [2026-04-27T00:21:53.303+0000] {dag.py:3823} INFO - Setting next_dagrun for mlflow_model_tracking to None, run_after=None
[2026-04-27T00:21:53.340+0000] {processor.py:183} INFO - Processing /home/airflow/dags/mlflow_tracking_dag.py took 1.476 seconds
[2026-04-27T00:22:15.741+0000] {processor.py:161} INFO - Started process (PID=52) to work on /home/airflow/dags/mlflow_tracking_dag.py
[2026-04-27T00:22:15.742+0000] {processor.py:830} INFO - Processing file /home/airflow/dags/mlflow_tracking_dag.py for tasks to queue
[2026-04-27T00:22:15.743+0000] {logging_mixin.py:188} INFO - [2026-04-27T00:22:15.743+0000] {dagbag.py:538} INFO - Filling up the DagBag from /home/airflow/dags/mlflow_tracking_dag.py
[2026-04-27T00:22:16.706+0000] {processor.py:840} INFO - DAG(s) 'mlflow_model_tracking' retrieved from /home/airflow/dags/mlflow_tracking_dag.py
[2026-04-27T00:22:16.739+0000] {logging_mixin.py:188} INFO - [2026-04-27T00:22:16.739+0000] {dag.py:3036} INFO - Sync 1 DAGs
[2026-04-27T00:22:16.750+0000] {logging_mixin.py:188} INFO - [2026-04-27T00:22:16.750+0000] {dag.py:3823} INFO - Setting next_dagrun for mlflow_model_tracking to None, run_after=None
[2026-04-27T00:22:16.782+0000] {processor.py:183} INFO - Processing /home/airflow/dags/mlflow_tracking_dag.py took 1.044 seconds
[2026-04-27T00:22:47.663+0000] {processor.py:161} INFO - Started process (PID=107) to work on /home/airflow/dags/mlflow_tracking_dag.py
[2026-04-27T00:22:47.665+0000] {processor.py:830} INFO - Processing file /home/airflow/dags/mlflow_tracking_dag.py for tasks to queue
[2026-04-27T00:22:47.668+0000] {logging_mixin.py:188} INFO - [2026-04-27T00:22:47.667+0000] {dagbag.py:538} INFO - Filling up the DagBag from /home/airflow/dags/mlflow_tracking_dag.py
[2026-04-27T00:22:48.880+0000] {processor.py:840} INFO - DAG(s) 'mlflow_model_tracking' retrieved from /home/airflow/dags/mlflow_tracking_dag.py
[2026-04-27T00:22:48.908+0000] {logging_mixin.py:188} INFO - [2026-04-27T00:22:48.908+0000] {dag.py:3036} INFO - Sync 1 DAGs
[2026-04-27T00:22:48.922+0000] {logging_mixin.py:188} INFO - [2026-04-27T00:22:48.922+0000] {dag.py:3823} INFO - Setting next_dagrun for mlflow_model_tracking to None, run_after=None
[2026-04-27T00:22:48.955+0000] {processor.py:183} INFO - Processing /home/airflow/dags/mlflow_tracking_dag.py took 1.296 seconds
[2026-04-27T00:23:19.524+0000] {processor.py:161} INFO - Started process (PID=152) to work on /home/airflow/dags/mlflow_tracking_dag.py
[2026-04-27T00:23:19.527+0000] {processor.py:830} INFO - Processing file /home/airflow/dags/mlflow_tracking_dag.py for tasks to queue
[2026-04-27T00:23:19.529+0000] {logging_mixin.py:188} INFO - [2026-04-27T00:23:19.528+0000] {dagbag.py:538} INFO - Filling up the DagBag from /home/airflow/dags/mlflow_tracking_dag.py
[2026-04-27T00:23:20.699+0000] {processor.py:840} INFO - DAG(s) 'mlflow_model_tracking' retrieved from /home/airflow/dags/mlflow_tracking_dag.py
[2026-04-27T00:23:20.780+0000] {logging_mixin.py:188} INFO - [2026-04-27T00:23:20.780+0000] {dag.py:3036} INFO - Sync 1 DAGs
[2026-04-27T00:23:20.805+0000] {logging_mixin.py:188} INFO - [2026-04-27T00:23:20.805+0000] {dag.py:3823} INFO - Setting next_dagrun for mlflow_model_tracking to None, run_after=None
[2026-04-27T00:23:20.849+0000] {processor.py:183} INFO - Processing /home/airflow/dags/mlflow_tracking_dag.py took 1.328 seconds
[2026-04-27T00:23:51.639+0000] {processor.py:161} INFO - Started process (PID=197) to work on /home/airflow/dags/mlflow_tracking_dag.py
[2026-04-27T00:23:51.640+0000] {processor.py:830} INFO - Processing file /home/airflow/dags/mlflow_tracking_dag.py for tasks to queue
[2026-04-27T00:23:51.642+0000] {logging_mixin.py:188} INFO - [2026-04-27T00:23:51.642+0000] {dagbag.py:538} INFO - Filling up the DagBag from /home/airflow/dags/mlflow_tracking_dag.py
[2026-04-27T00:23:52.543+0000] {processor.py:840} INFO - DAG(s) 'mlflow_model_tracking' retrieved from /home/airflow/dags/mlflow_tracking_dag.py
[2026-04-27T00:23:52.569+0000] {logging_mixin.py:188} INFO - [2026-04-27T00:23:52.568+0000] {dag.py:3036} INFO - Sync 1 DAGs
[2026-04-27T00:23:52.579+0000] {logging_mixin.py:188} INFO - [2026-04-27T00:23:52.579+0000] {dag.py:3823} INFO - Setting next_dagrun for mlflow_model_tracking to None, run_after=None
[2026-04-27T00:23:52.603+0000] {processor.py:183} INFO - Processing /home/airflow/dags/mlflow_tracking_dag.py took 0.968 seconds
[2026-04-27T00:24:23.391+0000] {processor.py:161} INFO - Started process (PID=242) to work on /home/airflow/dags/mlflow_tracking_dag.py
[2026-04-27T00:24:23.393+0000] {processor.py:830} INFO - Processing file /home/airflow/dags/mlflow_tracking_dag.py for tasks to queue
[2026-04-27T00:24:23.395+0000] {logging_mixin.py:188} INFO - [2026-04-27T00:24:23.394+0000] {dagbag.py:538} INFO - Filling up the DagBag from /home/airflow/dags/mlflow_tracking_dag.py
[2026-04-27T00:24:24.771+0000] {processor.py:840} INFO - DAG(s) 'mlflow_model_tracking' retrieved from /home/airflow/dags/mlflow_tracking_dag.py
[2026-04-27T00:24:24.805+0000] {logging_mixin.py:188} INFO - [2026-04-27T00:24:24.804+0000] {dag.py:3036} INFO - Sync 1 DAGs
[2026-04-27T00:24:24.817+0000] {logging_mixin.py:188} INFO - [2026-04-27T00:24:24.817+0000] {dag.py:3823} INFO - Setting next_dagrun for mlflow_model_tracking to None, run_after=None
[2026-04-27T00:24:24.845+0000] {processor.py:183} INFO - Processing /home/airflow/dags/mlflow_tracking_dag.py took 1.459 seconds
[2026-04-27T00:24:39.726+0000] {processor.py:161} INFO - Started process (PID=287) to work on /home/airflow/dags/mlflow_tracking_dag.py
[2026-04-27T00:24:39.727+0000] {processor.py:830} INFO - Processing file /home/airflow/dags/mlflow_tracking_dag.py for tasks to queue
[2026-04-27T00:24:39.729+0000] {logging_mixin.py:188} INFO - [2026-04-27T00:24:39.728+0000] {dagbag.py:538} INFO - Filling up the DagBag from /home/airflow/dags/mlflow_tracking_dag.py
[2026-04-27T00:24:40.935+0000] {processor.py:840} INFO - DAG(s) 'mlflow_model_tracking' retrieved from /home/airflow/dags/mlflow_tracking_dag.py
[2026-04-27T00:24:40.966+0000] {logging_mixin.py:188} INFO - [2026-04-27T00:24:40.965+0000] {dag.py:3036} INFO - Sync 1 DAGs
[2026-04-27T00:24:40.981+0000] {logging_mixin.py:188} INFO - [2026-04-27T00:24:40.980+0000] {dag.py:3823} INFO - Setting next_dagrun for mlflow_model_tracking to None, run_after=None
[2026-04-27T00:24:41.045+0000] {processor.py:183} INFO - Processing /home/airflow/dags/mlflow_tracking_dag.py took 1.323 seconds
[2026-04-27T00:24:53.678+0000] {processor.py:161} INFO - Started process (PID=52) to work on /home/airflow/dags/mlflow_tracking_dag.py
[2026-04-27T00:24:53.680+0000] {processor.py:830} INFO - Processing file /home/airflow/dags/mlflow_tracking_dag.py for tasks to queue
[2026-04-27T00:24:53.681+0000] {logging_mixin.py:188} INFO - [2026-04-27T00:24:53.681+0000] {dagbag.py:538} INFO - Filling up the DagBag from /home/airflow/dags/mlflow_tracking_dag.py
[2026-04-27T00:24:54.659+0000] {processor.py:840} INFO - DAG(s) 'mlflow_model_tracking' retrieved from /home/airflow/dags/mlflow_tracking_dag.py
[2026-04-27T00:24:54.706+0000] {logging_mixin.py:188} INFO - [2026-04-27T00:24:54.706+0000] {dag.py:3036} INFO - Sync 1 DAGs
[2026-04-27T00:24:54.721+0000] {logging_mixin.py:188} INFO - [2026-04-27T00:24:54.721+0000] {dag.py:3823} INFO - Setting next_dagrun for mlflow_model_tracking to None, run_after=None
[2026-04-27T00:24:54.750+0000] {processor.py:183} INFO - Processing /home/airflow/dags/mlflow_tracking_dag.py took 1.076 seconds
[2026-04-27T00:25:25.221+0000] {processor.py:161} INFO - Started process (PID=125) to work on /home/airflow/dags/mlflow_tracking_dag.py
[2026-04-27T00:25:25.223+0000] {processor.py:830} INFO - Processing file /home/airflow/dags/mlflow_tracking_dag.py for tasks to queue
[2026-04-27T00:25:25.224+0000] {logging_mixin.py:188} INFO - [2026-04-27T00:25:25.224+0000] {dagbag.py:538} INFO - Filling up the DagBag from /home/airflow/dags/mlflow_tracking_dag.py
[2026-04-27T00:25:26.687+0000] {processor.py:840} INFO - DAG(s) 'mlflow_model_tracking' retrieved from /home/airflow/dags/mlflow_tracking_dag.py
[2026-04-27T00:25:26.712+0000] {logging_mixin.py:188} INFO - [2026-04-27T00:25:26.711+0000] {dag.py:3036} INFO - Sync 1 DAGs
[2026-04-27T00:25:26.724+0000] {logging_mixin.py:188} INFO - [2026-04-27T00:25:26.724+0000] {dag.py:3823} INFO - Setting next_dagrun for mlflow_model_tracking to None, run_after=None
[2026-04-27T00:25:26.763+0000] {processor.py:183} INFO - Processing /home/airflow/dags/mlflow_tracking_dag.py took 1.547 seconds
[2026-04-27T00:25:57.480+0000] {processor.py:161} INFO - Started process (PID=170) to work on /home/airflow/dags/mlflow_tracking_dag.py
[2026-04-27T00:25:57.483+0000] {processor.py:830} INFO - Processing file /home/airflow/dags/mlflow_tracking_dag.py for tasks to queue
[2026-04-27T00:25:57.484+0000] {logging_mixin.py:188} INFO - [2026-04-27T00:25:57.484+0000] {dagbag.py:538} INFO - Filling up the DagBag from /home/airflow/dags/mlflow_tracking_dag.py
[2026-04-27T00:25:58.678+0000] {processor.py:840} INFO - DAG(s) 'mlflow_model_tracking' retrieved from /home/airflow/dags/mlflow_tracking_dag.py
[2026-04-27T00:25:58.711+0000] {logging_mixin.py:188} INFO - [2026-04-27T00:25:58.711+0000] {dag.py:3036} INFO - Sync 1 DAGs
[2026-04-27T00:25:58.723+0000] {logging_mixin.py:188} INFO - [2026-04-27T00:25:58.723+0000] {dag.py:3823} INFO - Setting next_dagrun for mlflow_model_tracking to None, run_after=None
[2026-04-27T00:25:58.754+0000] {processor.py:183} INFO - Processing /home/airflow/dags/mlflow_tracking_dag.py took 1.282 seconds
[2026-04-27T00:26:29.309+0000] {processor.py:161} INFO - Started process (PID=225) to work on /home/airflow/dags/mlflow_tracking_dag.py
[2026-04-27T00:26:29.312+0000] {processor.py:830} INFO - Processing file /home/airflow/dags/mlflow_tracking_dag.py for tasks to queue
[2026-04-27T00:26:29.314+0000] {logging_mixin.py:188} INFO - [2026-04-27T00:26:29.313+0000] {dagbag.py:538} INFO - Filling up the DagBag from /home/airflow/dags/mlflow_tracking_dag.py
[2026-04-27T00:26:32.010+0000] {processor.py:840} INFO - DAG(s) 'mlflow_model_tracking' retrieved from /home/airflow/dags/mlflow_tracking_dag.py
[2026-04-27T00:26:32.081+0000] {logging_mixin.py:188} INFO - [2026-04-27T00:26:32.080+0000] {dag.py:3036} INFO - Sync 1 DAGs
[2026-04-27T00:26:32.136+0000] {logging_mixin.py:188} INFO - [2026-04-27T00:26:32.136+0000] {dag.py:3823} INFO - Setting next_dagrun for mlflow_model_tracking to None, run_after=None
[2026-04-27T00:26:32.207+0000] {processor.py:183} INFO - Processing /home/airflow/dags/mlflow_tracking_dag.py took 2.904 seconds
[2026-04-27T00:27:02.607+0000] {processor.py:161} INFO - Started process (PID=288) to work on /home/airflow/dags/mlflow_tracking_dag.py
[2026-04-27T00:27:02.609+0000] {processor.py:830} INFO - Processing file /home/airflow/dags/mlflow_tracking_dag.py for tasks to queue
[2026-04-27T00:27:02.611+0000] {logging_mixin.py:188} INFO - [2026-04-27T00:27:02.610+0000] {dagbag.py:538} INFO - Filling up the DagBag from /home/airflow/dags/mlflow_tracking_dag.py
[2026-04-27T00:27:03.770+0000] {processor.py:840} INFO - DAG(s) 'mlflow_model_tracking' retrieved from /home/airflow/dags/mlflow_tracking_dag.py
[2026-04-27T00:27:03.796+0000] {logging_mixin.py:188} INFO - [2026-04-27T00:27:03.796+0000] {dag.py:3036} INFO - Sync 1 DAGs
[2026-04-27T00:27:03.806+0000] {logging_mixin.py:188} INFO - [2026-04-27T00:27:03.806+0000] {dag.py:3823} INFO - Setting next_dagrun for mlflow_model_tracking to None, run_after=None
[2026-04-27T00:27:03.838+0000] {processor.py:183} INFO - Processing /home/airflow/dags/mlflow_tracking_dag.py took 1.237 seconds
[2026-04-27T00:27:34.615+0000] {processor.py:161} INFO - Started process (PID=361) to work on /home/airflow/dags/mlflow_tracking_dag.py
[2026-04-27T00:27:34.616+0000] {processor.py:830} INFO - Processing file /home/airflow/dags/mlflow_tracking_dag.py for tasks to queue
[2026-04-27T00:27:34.618+0000] {logging_mixin.py:188} INFO - [2026-04-27T00:27:34.618+0000] {dagbag.py:538} INFO - Filling up the DagBag from /home/airflow/dags/mlflow_tracking_dag.py
[2026-04-27T00:27:35.736+0000] {processor.py:840} INFO - DAG(s) 'mlflow_model_tracking' retrieved from /home/airflow/dags/mlflow_tracking_dag.py
[2026-04-27T00:27:35.768+0000] {logging_mixin.py:188} INFO - [2026-04-27T00:27:35.767+0000] {dag.py:3036} INFO - Sync 1 DAGs
[2026-04-27T00:27:35.783+0000] {logging_mixin.py:188} INFO - [2026-04-27T00:27:35.783+0000] {dag.py:3823} INFO - Setting next_dagrun for mlflow_model_tracking to None, run_after=None
[2026-04-27T00:27:35.807+0000] {processor.py:183} INFO - Processing /home/airflow/dags/mlflow_tracking_dag.py took 1.197 seconds
[2026-04-27T00:27:59.374+0000] {processor.py:161} INFO - Started process (PID=406) to work on /home/airflow/dags/mlflow_tracking_dag.py
[2026-04-27T00:27:59.376+0000] {processor.py:830} INFO - Processing file /home/airflow/dags/mlflow_tracking_dag.py for tasks to queue
[2026-04-27T00:27:59.379+0000] {logging_mixin.py:188} INFO - [2026-04-27T00:27:59.378+0000] {dagbag.py:538} INFO - Filling up the DagBag from /home/airflow/dags/mlflow_tracking_dag.py
[2026-04-27T00:28:00.686+0000] {processor.py:840} INFO - DAG(s) 'mlflow_model_tracking' retrieved from /home/airflow/dags/mlflow_tracking_dag.py
[2026-04-27T00:28:00.715+0000] {logging_mixin.py:188} INFO - [2026-04-27T00:28:00.715+0000] {dag.py:3036} INFO - Sync 1 DAGs
[2026-04-27T00:28:00.730+0000] {logging_mixin.py:188} INFO - [2026-04-27T00:28:00.729+0000] {dag.py:3823} INFO - Setting next_dagrun for mlflow_model_tracking to None, run_after=None
[2026-04-27T00:28:00.760+0000] {processor.py:183} INFO - Processing /home/airflow/dags/mlflow_tracking_dag.py took 1.391 seconds
[2026-04-27T00:28:31.295+0000] {processor.py:161} INFO - Started process (PID=462) to work on /home/airflow/dags/mlflow_tracking_dag.py
[2026-04-27T00:28:31.297+0000] {processor.py:830} INFO - Processing file /home/airflow/dags/mlflow_tracking_dag.py for tasks to queue
[2026-04-27T00:28:31.299+0000] {logging_mixin.py:188} INFO - [2026-04-27T00:28:31.299+0000] {dagbag.py:538} INFO - Filling up the DagBag from /home/airflow/dags/mlflow_tracking_dag.py
[2026-04-27T00:28:32.465+0000] {processor.py:840} INFO - DAG(s) 'mlflow_model_tracking' retrieved from /home/airflow/dags/mlflow_tracking_dag.py
[2026-04-27T00:28:32.494+0000] {logging_mixin.py:188} INFO - [2026-04-27T00:28:32.494+0000] {dag.py:3036} INFO - Sync 1 DAGs
[2026-04-27T00:28:32.507+0000] {logging_mixin.py:188} INFO - [2026-04-27T00:28:32.507+0000] {dag.py:3823} INFO - Setting next_dagrun for mlflow_model_tracking to None, run_after=None
[2026-04-27T00:28:32.536+0000] {processor.py:183} INFO - Processing /home/airflow/dags/mlflow_tracking_dag.py took 1.247 seconds
[2026-04-27T00:29:03.187+0000] {processor.py:161} INFO - Started process (PID=518) to work on /home/airflow/dags/mlflow_tracking_dag.py
[2026-04-27T00:29:03.188+0000] {processor.py:830} INFO - Processing file /home/airflow/dags/mlflow_tracking_dag.py for tasks to queue
[2026-04-27T00:29:03.189+0000] {logging_mixin.py:188} INFO - [2026-04-27T00:29:03.189+0000] {dagbag.py:538} INFO - Filling up the DagBag from /home/airflow/dags/mlflow_tracking_dag.py
[2026-04-27T00:29:04.155+0000] {processor.py:840} INFO - DAG(s) 'mlflow_model_tracking' retrieved from /home/airflow/dags/mlflow_tracking_dag.py
[2026-04-27T00:29:04.182+0000] {logging_mixin.py:188} INFO - [2026-04-27T00:29:04.182+0000] {dag.py:3036} INFO - Sync 1 DAGs
[2026-04-27T00:29:04.193+0000] {logging_mixin.py:188} INFO - [2026-04-27T00:29:04.192+0000] {dag.py:3823} INFO - Setting next_dagrun for mlflow_model_tracking to None, run_after=None
[2026-04-27T00:29:04.219+0000] {processor.py:183} INFO - Processing /home/airflow/dags/mlflow_tracking_dag.py took 1.036 seconds
[2026-04-27T00:29:27.688+0000] {processor.py:161} INFO - Started process (PID=563) to work on /home/airflow/dags/mlflow_tracking_dag.py
[2026-04-27T00:29:27.689+0000] {processor.py:830} INFO - Processing file /home/airflow/dags/mlflow_tracking_dag.py for tasks to queue
[2026-04-27T00:29:27.690+0000] {logging_mixin.py:188} INFO - [2026-04-27T00:29:27.690+0000] {dagbag.py:538} INFO - Filling up the DagBag from /home/airflow/dags/mlflow_tracking_dag.py
[2026-04-27T00:29:28.788+0000] {processor.py:840} INFO - DAG(s) 'mlflow_model_tracking' retrieved from /home/airflow/dags/mlflow_tracking_dag.py
[2026-04-27T00:29:28.927+0000] {logging_mixin.py:188} INFO - [2026-04-27T00:29:28.927+0000] {dag.py:3036} INFO - Sync 1 DAGs
[2026-04-27T00:29:28.955+0000] {logging_mixin.py:188} INFO - [2026-04-27T00:29:28.955+0000] {dag.py:3823} INFO - Setting next_dagrun for mlflow_model_tracking to None, run_after=None
[2026-04-27T00:29:28.990+0000] {processor.py:183} INFO - Processing /home/airflow/dags/mlflow_tracking_dag.py took 1.304 seconds
[2026-04-27T00:29:59.604+0000] {processor.py:161} INFO - Started process (PID=638) to work on /home/airflow/dags/mlflow_tracking_dag.py
[2026-04-27T00:29:59.607+0000] {processor.py:830} INFO - Processing file /home/airflow/dags/mlflow_tracking_dag.py for tasks to queue
[2026-04-27T00:29:59.609+0000] {logging_mixin.py:188} INFO - [2026-04-27T00:29:59.609+0000] {dagbag.py:538} INFO - Filling up the DagBag from /home/airflow/dags/mlflow_tracking_dag.py
[2026-04-27T00:30:00.884+0000] {processor.py:840} INFO - DAG(s) 'mlflow_model_tracking' retrieved from /home/airflow/dags/mlflow_tracking_dag.py
[2026-04-27T00:30:00.934+0000] {logging_mixin.py:188} INFO - [2026-04-27T00:30:00.933+0000] {dag.py:3036} INFO - Sync 1 DAGs
[2026-04-27T00:30:00.966+0000] {logging_mixin.py:188} INFO - [2026-04-27T00:30:00.966+0000] {dag.py:3823} INFO - Setting next_dagrun for mlflow_model_tracking to None, run_after=None
[2026-04-27T00:30:00.999+0000] {processor.py:183} INFO - Processing /home/airflow/dags/mlflow_tracking_dag.py took 1.403 seconds
[2026-04-27T00:30:31.399+0000] {processor.py:161} INFO - Started process (PID=693) to work on /home/airflow/dags/mlflow_tracking_dag.py
[2026-04-27T00:30:31.401+0000] {processor.py:830} INFO - Processing file /home/airflow/dags/mlflow_tracking_dag.py for tasks to queue
[2026-04-27T00:30:31.403+0000] {logging_mixin.py:188} INFO - [2026-04-27T00:30:31.402+0000] {dagbag.py:538} INFO - Filling up the DagBag from /home/airflow/dags/mlflow_tracking_dag.py
[2026-04-27T00:30:32.415+0000] {processor.py:840} INFO - DAG(s) 'mlflow_model_tracking' retrieved from /home/airflow/dags/mlflow_tracking_dag.py
[2026-04-27T00:30:32.444+0000] {logging_mixin.py:188} INFO - [2026-04-27T00:30:32.444+0000] {dag.py:3036} INFO - Sync 1 DAGs
[2026-04-27T00:30:32.453+0000] {logging_mixin.py:188} INFO - [2026-04-27T00:30:32.453+0000] {dag.py:3823} INFO - Setting next_dagrun for mlflow_model_tracking to None, run_after=None
[2026-04-27T00:30:32.479+0000] {processor.py:183} INFO - Processing /home/airflow/dags/mlflow_tracking_dag.py took 1.086 seconds
[2026-04-27T00:31:02.768+0000] {processor.py:161} INFO - Started process (PID=738) to work on /home/airflow/dags/mlflow_tracking_dag.py
[2026-04-27T00:31:02.770+0000] {processor.py:830} INFO - Processing file /home/airflow/dags/mlflow_tracking_dag.py for tasks to queue
[2026-04-27T00:31:02.771+0000] {logging_mixin.py:188} INFO - [2026-04-27T00:31:02.770+0000] {dagbag.py:538} INFO - Filling up the DagBag from /home/airflow/dags/mlflow_tracking_dag.py
[2026-04-27T00:31:03.581+0000] {processor.py:840} INFO - DAG(s) 'mlflow_model_tracking' retrieved from /home/airflow/dags/mlflow_tracking_dag.py
[2026-04-27T00:31:03.612+0000] {logging_mixin.py:188} INFO - [2026-04-27T00:31:03.610+0000] {dag.py:3036} INFO - Sync 1 DAGs
[2026-04-27T00:31:03.623+0000] {logging_mixin.py:188} INFO - [2026-04-27T00:31:03.622+0000] {dag.py:3823} INFO - Setting next_dagrun for mlflow_model_tracking to None, run_after=None
[2026-04-27T00:31:03.647+0000] {processor.py:183} INFO - Processing /home/airflow/dags/mlflow_tracking_dag.py took 0.881 seconds
[2026-04-27T00:31:33.870+0000] {processor.py:161} INFO - Started process (PID=793) to work on /home/airflow/dags/mlflow_tracking_dag.py
[2026-04-27T00:31:33.871+0000] {processor.py:830} INFO - Processing file /home/airflow/dags/mlflow_tracking_dag.py for tasks to queue
[2026-04-27T00:31:33.872+0000] {logging_mixin.py:188} INFO - [2026-04-27T00:31:33.872+0000] {dagbag.py:538} INFO - Filling up the DagBag from /home/airflow/dags/mlflow_tracking_dag.py
[2026-04-27T00:31:34.630+0000] {processor.py:840} INFO - DAG(s) 'mlflow_model_tracking' retrieved from /home/airflow/dags/mlflow_tracking_dag.py
[2026-04-27T00:31:34.655+0000] {logging_mixin.py:188} INFO - [2026-04-27T00:31:34.655+0000] {dag.py:3036} INFO - Sync 1 DAGs
[2026-04-27T00:31:34.664+0000] {logging_mixin.py:188} INFO - [2026-04-27T00:31:34.663+0000] {dag.py:3823} INFO - Setting next_dagrun for mlflow_model_tracking to None, run_after=None
[2026-04-27T00:31:34.688+0000] {processor.py:183} INFO - Processing /home/airflow/dags/mlflow_tracking_dag.py took 0.822 seconds
[2026-04-27T00:32:05.521+0000] {processor.py:161} INFO - Started process (PID=838) to work on /home/airflow/dags/mlflow_tracking_dag.py
[2026-04-27T00:32:05.522+0000] {processor.py:830} INFO - Processing file /home/airflow/dags/mlflow_tracking_dag.py for tasks to queue
[2026-04-27T00:32:05.523+0000] {logging_mixin.py:188} INFO - [2026-04-27T00:32:05.523+0000] {dagbag.py:538} INFO - Filling up the DagBag from /home/airflow/dags/mlflow_tracking_dag.py
[2026-04-27T00:32:06.380+0000] {processor.py:840} INFO - DAG(s) 'mlflow_model_tracking' retrieved from /home/airflow/dags/mlflow_tracking_dag.py
[2026-04-27T00:32:06.406+0000] {logging_mixin.py:188} INFO - [2026-04-27T00:32:06.405+0000] {dag.py:3036} INFO - Sync 1 DAGs
[2026-04-27T00:32:06.416+0000] {logging_mixin.py:188} INFO - [2026-04-27T00:32:06.416+0000] {dag.py:3823} INFO - Setting next_dagrun for mlflow_model_tracking to None, run_after=None
[2026-04-27T00:32:06.441+0000] {processor.py:183} INFO - Processing /home/airflow/dags/mlflow_tracking_dag.py took 0.924 seconds
[2026-04-27T00:32:37.264+0000] {processor.py:161} INFO - Started process (PID=883) to work on /home/airflow/dags/mlflow_tracking_dag.py
[2026-04-27T00:32:37.265+0000] {processor.py:830} INFO - Processing file /home/airflow/dags/mlflow_tracking_dag.py for tasks to queue
[2026-04-27T00:32:37.266+0000] {logging_mixin.py:188} INFO - [2026-04-27T00:32:37.266+0000] {dagbag.py:538} INFO - Filling up the DagBag from /home/airflow/dags/mlflow_tracking_dag.py
[2026-04-27T00:32:38.111+0000] {processor.py:840} INFO - DAG(s) 'mlflow_model_tracking' retrieved from /home/airflow/dags/mlflow_tracking_dag.py
[2026-04-27T00:32:38.137+0000] {logging_mixin.py:188} INFO - [2026-04-27T00:32:38.137+0000] {dag.py:3036} INFO - Sync 1 DAGs
[2026-04-27T00:32:38.147+0000] {logging_mixin.py:188} INFO - [2026-04-27T00:32:38.147+0000] {dag.py:3823} INFO - Setting next_dagrun for mlflow_model_tracking to None, run_after=None
[2026-04-27T00:32:38.174+0000] {processor.py:183} INFO - Processing /home/airflow/dags/mlflow_tracking_dag.py took 0.914 seconds
[2026-04-27T00:33:08.640+0000] {processor.py:161} INFO - Started process (PID=928) to work on /home/airflow/dags/mlflow_tracking_dag.py
[2026-04-27T00:33:08.642+0000] {processor.py:830} INFO - Processing file /home/airflow/dags/mlflow_tracking_dag.py for tasks to queue
[2026-04-27T00:33:08.643+0000] {logging_mixin.py:188} INFO - [2026-04-27T00:33:08.643+0000] {dagbag.py:538} INFO - Filling up the DagBag from /home/airflow/dags/mlflow_tracking_dag.py
[2026-04-27T00:33:09.379+0000] {processor.py:840} INFO - DAG(s) 'mlflow_model_tracking' retrieved from /home/airflow/dags/mlflow_tracking_dag.py
[2026-04-27T00:33:09.404+0000] {logging_mixin.py:188} INFO - [2026-04-27T00:33:09.403+0000] {dag.py:3036} INFO - Sync 1 DAGs
[2026-04-27T00:33:09.412+0000] {logging_mixin.py:188} INFO - [2026-04-27T00:33:09.412+0000] {dag.py:3823} INFO - Setting next_dagrun for mlflow_model_tracking to None, run_after=None
[2026-04-27T00:33:09.436+0000] {processor.py:183} INFO - Processing /home/airflow/dags/mlflow_tracking_dag.py took 0.799 seconds
[2026-04-27T00:33:39.569+0000] {processor.py:161} INFO - Started process (PID=973) to work on /home/airflow/dags/mlflow_tracking_dag.py
[2026-04-27T00:33:39.570+0000] {processor.py:830} INFO - Processing file /home/airflow/dags/mlflow_tracking_dag.py for tasks to queue
[2026-04-27T00:33:39.572+0000] {logging_mixin.py:188} INFO - [2026-04-27T00:33:39.571+0000] {dagbag.py:538} INFO - Filling up the DagBag from /home/airflow/dags/mlflow_tracking_dag.py
[2026-04-27T00:33:40.487+0000] {processor.py:840} INFO - DAG(s) 'mlflow_model_tracking' retrieved from /home/airflow/dags/mlflow_tracking_dag.py
[2026-04-27T00:33:40.512+0000] {logging_mixin.py:188} INFO - [2026-04-27T00:33:40.512+0000] {dag.py:3036} INFO - Sync 1 DAGs
[2026-04-27T00:33:40.522+0000] {logging_mixin.py:188} INFO - [2026-04-27T00:33:40.522+0000] {dag.py:3823} INFO - Setting next_dagrun for mlflow_model_tracking to None, run_after=None
[2026-04-27T00:33:40.548+0000] {processor.py:183} INFO - Processing /home/airflow/dags/mlflow_tracking_dag.py took 0.983 seconds
[2026-04-27T00:34:10.751+0000] {processor.py:161} INFO - Started process (PID=1018) to work on /home/airflow/dags/mlflow_tracking_dag.py
[2026-04-27T00:34:10.752+0000] {processor.py:830} INFO - Processing file /home/airflow/dags/mlflow_tracking_dag.py for tasks to queue
[2026-04-27T00:34:10.753+0000] {logging_mixin.py:188} INFO - [2026-04-27T00:34:10.753+0000] {dagbag.py:538} INFO - Filling up the DagBag from /home/airflow/dags/mlflow_tracking_dag.py
[2026-04-27T00:34:11.609+0000] {processor.py:840} INFO - DAG(s) 'mlflow_model_tracking' retrieved from /home/airflow/dags/mlflow_tracking_dag.py
[2026-04-27T00:34:11.631+0000] {logging_mixin.py:188} INFO - [2026-04-27T00:34:11.630+0000] {dag.py:3036} INFO - Sync 1 DAGs
[2026-04-27T00:34:11.641+0000] {logging_mixin.py:188} INFO - [2026-04-27T00:34:11.641+0000] {dag.py:3823} INFO - Setting next_dagrun for mlflow_model_tracking to None, run_after=None
[2026-04-27T00:34:11.667+0000] {processor.py:183} INFO - Processing /home/airflow/dags/mlflow_tracking_dag.py took 0.920 seconds
[2026-04-27T00:34:42.393+0000] {processor.py:161} INFO - Started process (PID=1073) to work on /home/airflow/dags/mlflow_tracking_dag.py
[2026-04-27T00:34:42.394+0000] {processor.py:830} INFO - Processing file /home/airflow/dags/mlflow_tracking_dag.py for tasks to queue
[2026-04-27T00:34:42.395+0000] {logging_mixin.py:188} INFO - [2026-04-27T00:34:42.394+0000] {dagbag.py:538} INFO - Filling up the DagBag from /home/airflow/dags/mlflow_tracking_dag.py
[2026-04-27T00:34:43.163+0000] {processor.py:840} INFO - DAG(s) 'mlflow_model_tracking' retrieved from /home/airflow/dags/mlflow_tracking_dag.py
[2026-04-27T00:34:43.189+0000] {logging_mixin.py:188} INFO - [2026-04-27T00:34:43.188+0000] {dag.py:3036} INFO - Sync 1 DAGs
[2026-04-27T00:34:43.199+0000] {logging_mixin.py:188} INFO - [2026-04-27T00:34:43.199+0000] {dag.py:3823} INFO - Setting next_dagrun for mlflow_model_tracking to None, run_after=None
[2026-04-27T00:34:43.221+0000] {processor.py:183} INFO - Processing /home/airflow/dags/mlflow_tracking_dag.py took 0.833 seconds
[2026-04-27T00:35:14.171+0000] {processor.py:161} INFO - Started process (PID=1118) to work on /home/airflow/dags/mlflow_tracking_dag.py
[2026-04-27T00:35:14.172+0000] {processor.py:830} INFO - Processing file /home/airflow/dags/mlflow_tracking_dag.py for tasks to queue
[2026-04-27T00:35:14.173+0000] {logging_mixin.py:188} INFO - [2026-04-27T00:35:14.173+0000] {dagbag.py:538} INFO - Filling up the DagBag from /home/airflow/dags/mlflow_tracking_dag.py
[2026-04-27T00:35:15.035+0000] {processor.py:840} INFO - DAG(s) 'mlflow_model_tracking' retrieved from /home/airflow/dags/mlflow_tracking_dag.py
[2026-04-27T00:35:15.061+0000] {logging_mixin.py:188} INFO - [2026-04-27T00:35:15.060+0000] {dag.py:3036} INFO - Sync 1 DAGs
[2026-04-27T00:35:15.074+0000] {logging_mixin.py:188} INFO - [2026-04-27T00:35:15.073+0000] {dag.py:3823} INFO - Setting next_dagrun for mlflow_model_tracking to None, run_after=None
[2026-04-27T00:35:15.095+0000] {processor.py:183} INFO - Processing /home/airflow/dags/mlflow_tracking_dag.py took 0.927 seconds
[2026-04-27T00:35:45.621+0000] {processor.py:161} INFO - Started process (PID=1163) to work on /home/airflow/dags/mlflow_tracking_dag.py
[2026-04-27T00:35:45.622+0000] {processor.py:830} INFO - Processing file /home/airflow/dags/mlflow_tracking_dag.py for tasks to queue
[2026-04-27T00:35:45.623+0000] {logging_mixin.py:188} INFO - [2026-04-27T00:35:45.623+0000] {dagbag.py:538} INFO - Filling up the DagBag from /home/airflow/dags/mlflow_tracking_dag.py
[2026-04-27T00:35:46.350+0000] {processor.py:840} INFO - DAG(s) 'mlflow_model_tracking' retrieved from /home/airflow/dags/mlflow_tracking_dag.py
[2026-04-27T00:35:46.375+0000] {logging_mixin.py:188} INFO - [2026-04-27T00:35:46.374+0000] {dag.py:3036} INFO - Sync 1 DAGs
[2026-04-27T00:35:46.386+0000] {logging_mixin.py:188} INFO - [2026-04-27T00:35:46.385+0000] {dag.py:3823} INFO - Setting next_dagrun for mlflow_model_tracking to None, run_after=None
[2026-04-27T00:35:46.413+0000] {processor.py:183} INFO - Processing /home/airflow/dags/mlflow_tracking_dag.py took 0.795 seconds
[2026-04-27T00:36:17.235+0000] {processor.py:161} INFO - Started process (PID=1208) to work on /home/airflow/dags/mlflow_tracking_dag.py
[2026-04-27T00:36:17.237+0000] {processor.py:830} INFO - Processing file /home/airflow/dags/mlflow_tracking_dag.py for tasks to queue
[2026-04-27T00:36:17.239+0000] {logging_mixin.py:188} INFO - [2026-04-27T00:36:17.238+0000] {dagbag.py:538} INFO - Filling up the DagBag from /home/airflow/dags/mlflow_tracking_dag.py
[2026-04-27T00:36:18.283+0000] {processor.py:840} INFO - DAG(s) 'mlflow_model_tracking' retrieved from /home/airflow/dags/mlflow_tracking_dag.py
[2026-04-27T00:36:18.306+0000] {logging_mixin.py:188} INFO - [2026-04-27T00:36:18.306+0000] {dag.py:3036} INFO - Sync 1 DAGs
[2026-04-27T00:36:18.315+0000] {logging_mixin.py:188} INFO - [2026-04-27T00:36:18.315+0000] {dag.py:3823} INFO - Setting next_dagrun for mlflow_model_tracking to None, run_after=None
[2026-04-27T00:36:18.336+0000] {processor.py:183} INFO - Processing /home/airflow/dags/mlflow_tracking_dag.py took 1.104 seconds
[2026-04-27T00:36:48.829+0000] {processor.py:161} INFO - Started process (PID=1253) to work on /home/airflow/dags/mlflow_tracking_dag.py
[2026-04-27T00:36:48.830+0000] {processor.py:830} INFO - Processing file /home/airflow/dags/mlflow_tracking_dag.py for tasks to queue
[2026-04-27T00:36:48.831+0000] {logging_mixin.py:188} INFO - [2026-04-27T00:36:48.831+0000] {dagbag.py:538} INFO - Filling up the DagBag from /home/airflow/dags/mlflow_tracking_dag.py
[2026-04-27T00:36:49.676+0000] {processor.py:840} INFO - DAG(s) 'mlflow_model_tracking' retrieved from /home/airflow/dags/mlflow_tracking_dag.py
[2026-04-27T00:36:49.705+0000] {logging_mixin.py:188} INFO - [2026-04-27T00:36:49.705+0000] {dag.py:3036} INFO - Sync 1 DAGs
[2026-04-27T00:36:49.716+0000] {logging_mixin.py:188} INFO - [2026-04-27T00:36:49.716+0000] {dag.py:3823} INFO - Setting next_dagrun for mlflow_model_tracking to None, run_after=None
[2026-04-27T00:36:49.742+0000] {processor.py:183} INFO - Processing /home/airflow/dags/mlflow_tracking_dag.py took 0.917 seconds
[2026-04-27T00:37:20.346+0000] {processor.py:161} INFO - Started process (PID=1298) to work on /home/airflow/dags/mlflow_tracking_dag.py
[2026-04-27T00:37:20.348+0000] {processor.py:830} INFO - Processing file /home/airflow/dags/mlflow_tracking_dag.py for tasks to queue
[2026-04-27T00:37:20.349+0000] {logging_mixin.py:188} INFO - [2026-04-27T00:37:20.348+0000] {dagbag.py:538} INFO - Filling up the DagBag from /home/airflow/dags/mlflow_tracking_dag.py
[2026-04-27T00:37:21.088+0000] {processor.py:840} INFO - DAG(s) 'mlflow_model_tracking' retrieved from /home/airflow/dags/mlflow_tracking_dag.py
[2026-04-27T00:37:21.114+0000] {logging_mixin.py:188} INFO - [2026-04-27T00:37:21.114+0000] {dag.py:3036} INFO - Sync 1 DAGs
[2026-04-27T00:37:21.124+0000] {logging_mixin.py:188} INFO - [2026-04-27T00:37:21.124+0000] {dag.py:3823} INFO - Setting next_dagrun for mlflow_model_tracking to None, run_after=None
[2026-04-27T00:37:21.149+0000] {processor.py:183} INFO - Processing /home/airflow/dags/mlflow_tracking_dag.py took 0.805 seconds
[2026-04-27T00:37:51.588+0000] {processor.py:161} INFO - Started process (PID=1353) to work on /home/airflow/dags/mlflow_tracking_dag.py
[2026-04-27T00:37:51.590+0000] {processor.py:830} INFO - Processing file /home/airflow/dags/mlflow_tracking_dag.py for tasks to queue
[2026-04-27T00:37:51.591+0000] {logging_mixin.py:188} INFO - [2026-04-27T00:37:51.590+0000] {dagbag.py:538} INFO - Filling up the DagBag from /home/airflow/dags/mlflow_tracking_dag.py
[2026-04-27T00:37:52.888+0000] {processor.py:840} INFO - DAG(s) 'mlflow_model_tracking' retrieved from /home/airflow/dags/mlflow_tracking_dag.py
[2026-04-27T00:37:52.938+0000] {logging_mixin.py:188} INFO - [2026-04-27T00:37:52.937+0000] {dag.py:3036} INFO - Sync 1 DAGs
[2026-04-27T00:37:52.952+0000] {logging_mixin.py:188} INFO - [2026-04-27T00:37:52.952+0000] {dag.py:3823} INFO - Setting next_dagrun for mlflow_model_tracking to None, run_after=None
[2026-04-27T00:37:52.983+0000] {processor.py:183} INFO - Processing /home/airflow/dags/mlflow_tracking_dag.py took 1.398 seconds
[2026-04-27T00:38:23.378+0000] {processor.py:161} INFO - Started process (PID=1398) to work on /home/airflow/dags/mlflow_tracking_dag.py
[2026-04-27T00:38:23.379+0000] {processor.py:830} INFO - Processing file /home/airflow/dags/mlflow_tracking_dag.py for tasks to queue
[2026-04-27T00:38:23.380+0000] {logging_mixin.py:188} INFO - [2026-04-27T00:38:23.380+0000] {dagbag.py:538} INFO - Filling up the DagBag from /home/airflow/dags/mlflow_tracking_dag.py
[2026-04-27T00:38:24.302+0000] {processor.py:840} INFO - DAG(s) 'mlflow_model_tracking' retrieved from /home/airflow/dags/mlflow_tracking_dag.py
[2026-04-27T00:38:24.327+0000] {logging_mixin.py:188} INFO - [2026-04-27T00:38:24.326+0000] {dag.py:3036} INFO - Sync 1 DAGs
[2026-04-27T00:38:24.335+0000] {logging_mixin.py:188} INFO - [2026-04-27T00:38:24.335+0000] {dag.py:3823} INFO - Setting next_dagrun for mlflow_model_tracking to None, run_after=None
[2026-04-27T00:38:24.361+0000] {processor.py:183} INFO - Processing /home/airflow/dags/mlflow_tracking_dag.py took 0.986 seconds
[2026-04-27T00:38:54.657+0000] {processor.py:161} INFO - Started process (PID=1453) to work on /home/airflow/dags/mlflow_tracking_dag.py
[2026-04-27T00:38:54.659+0000] {processor.py:830} INFO - Processing file /home/airflow/dags/mlflow_tracking_dag.py for tasks to queue
[2026-04-27T00:38:54.660+0000] {logging_mixin.py:188} INFO - [2026-04-27T00:38:54.660+0000] {dagbag.py:538} INFO - Filling up the DagBag from /home/airflow/dags/mlflow_tracking_dag.py
[2026-04-27T00:38:55.601+0000] {processor.py:840} INFO - DAG(s) 'mlflow_model_tracking' retrieved from /home/airflow/dags/mlflow_tracking_dag.py
[2026-04-27T00:38:55.628+0000] {logging_mixin.py:188} INFO - [2026-04-27T00:38:55.628+0000] {dag.py:3036} INFO - Sync 1 DAGs
[2026-04-27T00:38:55.638+0000] {logging_mixin.py:188} INFO - [2026-04-27T00:38:55.638+0000] {dag.py:3823} INFO - Setting next_dagrun for mlflow_model_tracking to None, run_after=None
[2026-04-27T00:38:55.667+0000] {processor.py:183} INFO - Processing /home/airflow/dags/mlflow_tracking_dag.py took 1.013 seconds
[2026-04-27T00:39:26.051+0000] {processor.py:161} INFO - Started process (PID=1498) to work on /home/airflow/dags/mlflow_tracking_dag.py
[2026-04-27T00:39:26.052+0000] {processor.py:830} INFO - Processing file /home/airflow/dags/mlflow_tracking_dag.py for tasks to queue
[2026-04-27T00:39:26.053+0000] {logging_mixin.py:188} INFO - [2026-04-27T00:39:26.053+0000] {dagbag.py:538} INFO - Filling up the DagBag from /home/airflow/dags/mlflow_tracking_dag.py
[2026-04-27T00:39:26.869+0000] {processor.py:840} INFO - DAG(s) 'mlflow_model_tracking' retrieved from /home/airflow/dags/mlflow_tracking_dag.py
[2026-04-27T00:39:26.894+0000] {logging_mixin.py:188} INFO - [2026-04-27T00:39:26.893+0000] {dag.py:3036} INFO - Sync 1 DAGs
[2026-04-27T00:39:26.903+0000] {logging_mixin.py:188} INFO - [2026-04-27T00:39:26.903+0000] {dag.py:3823} INFO - Setting next_dagrun for mlflow_model_tracking to None, run_after=None
[2026-04-27T00:39:26.928+0000] {processor.py:183} INFO - Processing /home/airflow/dags/mlflow_tracking_dag.py took 0.882 seconds
[2026-04-27T00:39:57.506+0000] {processor.py:161} INFO - Started process (PID=1543) to work on /home/airflow/dags/mlflow_tracking_dag.py
[2026-04-27T00:39:57.511+0000] {processor.py:830} INFO - Processing file /home/airflow/dags/mlflow_tracking_dag.py for tasks to queue
[2026-04-27T00:39:57.518+0000] {logging_mixin.py:188} INFO - [2026-04-27T00:39:57.517+0000] {dagbag.py:538} INFO - Filling up the DagBag from /home/airflow/dags/mlflow_tracking_dag.py
[2026-04-27T00:39:58.802+0000] {processor.py:840} INFO - DAG(s) 'mlflow_model_tracking' retrieved from /home/airflow/dags/mlflow_tracking_dag.py
[2026-04-27T00:39:58.831+0000] {logging_mixin.py:188} INFO - [2026-04-27T00:39:58.831+0000] {dag.py:3036} INFO - Sync 1 DAGs
[2026-04-27T00:39:58.847+0000] {logging_mixin.py:188} INFO - [2026-04-27T00:39:58.846+0000] {dag.py:3823} INFO - Setting next_dagrun for mlflow_model_tracking to None, run_after=None
[2026-04-27T00:39:58.895+0000] {processor.py:183} INFO - Processing /home/airflow/dags/mlflow_tracking_dag.py took 1.394 seconds
[2026-04-27T00:40:29.281+0000] {processor.py:161} INFO - Started process (PID=1594) to work on /home/airflow/dags/mlflow_tracking_dag.py
[2026-04-27T00:40:29.282+0000] {processor.py:830} INFO - Processing file /home/airflow/dags/mlflow_tracking_dag.py for tasks to queue
[2026-04-27T00:40:29.283+0000] {logging_mixin.py:188} INFO - [2026-04-27T00:40:29.282+0000] {dagbag.py:538} INFO - Filling up the DagBag from /home/airflow/dags/mlflow_tracking_dag.py
[2026-04-27T00:40:30.009+0000] {processor.py:840} INFO - DAG(s) 'mlflow_model_tracking' retrieved from /home/airflow/dags/mlflow_tracking_dag.py
[2026-04-27T00:40:30.044+0000] {logging_mixin.py:188} INFO - [2026-04-27T00:40:30.043+0000] {dag.py:3036} INFO - Sync 1 DAGs
[2026-04-27T00:40:30.060+0000] {logging_mixin.py:188} INFO - [2026-04-27T00:40:30.060+0000] {dag.py:3823} INFO - Setting next_dagrun for mlflow_model_tracking to None, run_after=None
[2026-04-27T00:40:30.098+0000] {processor.py:183} INFO - Processing /home/airflow/dags/mlflow_tracking_dag.py took 0.821 seconds
[2026-04-27T00:41:00.559+0000] {processor.py:161} INFO - Started process (PID=1639) to work on /home/airflow/dags/mlflow_tracking_dag.py
[2026-04-27T00:41:00.561+0000] {processor.py:830} INFO - Processing file /home/airflow/dags/mlflow_tracking_dag.py for tasks to queue
[2026-04-27T00:41:00.562+0000] {logging_mixin.py:188} INFO - [2026-04-27T00:41:00.562+0000] {dagbag.py:538} INFO - Filling up the DagBag from /home/airflow/dags/mlflow_tracking_dag.py
[2026-04-27T00:41:01.310+0000] {processor.py:840} INFO - DAG(s) 'mlflow_model_tracking' retrieved from /home/airflow/dags/mlflow_tracking_dag.py
[2026-04-27T00:41:01.333+0000] {logging_mixin.py:188} INFO - [2026-04-27T00:41:01.333+0000] {dag.py:3036} INFO - Sync 1 DAGs
[2026-04-27T00:41:01.342+0000] {logging_mixin.py:188} INFO - [2026-04-27T00:41:01.342+0000] {dag.py:3823} INFO - Setting next_dagrun for mlflow_model_tracking to None, run_after=None
[2026-04-27T00:41:01.366+0000] {processor.py:183} INFO - Processing /home/airflow/dags/mlflow_tracking_dag.py took 0.811 seconds
[2026-04-27T00:41:31.641+0000] {processor.py:161} INFO - Started process (PID=1684) to work on /home/airflow/dags/mlflow_tracking_dag.py
[2026-04-27T00:41:31.643+0000] {processor.py:830} INFO - Processing file /home/airflow/dags/mlflow_tracking_dag.py for tasks to queue
[2026-04-27T00:41:31.645+0000] {logging_mixin.py:188} INFO - [2026-04-27T00:41:31.644+0000] {dagbag.py:538} INFO - Filling up the DagBag from /home/airflow/dags/mlflow_tracking_dag.py
[2026-04-27T00:41:32.778+0000] {processor.py:840} INFO - DAG(s) 'mlflow_model_tracking' retrieved from /home/airflow/dags/mlflow_tracking_dag.py
[2026-04-27T00:41:32.801+0000] {logging_mixin.py:188} INFO - [2026-04-27T00:41:32.801+0000] {dag.py:3036} INFO - Sync 1 DAGs
[2026-04-27T00:41:32.812+0000] {logging_mixin.py:188} INFO - [2026-04-27T00:41:32.812+0000] {dag.py:3823} INFO - Setting next_dagrun for mlflow_model_tracking to None, run_after=None
[2026-04-27T00:41:32.836+0000] {processor.py:183} INFO - Processing /home/airflow/dags/mlflow_tracking_dag.py took 1.201 seconds
[2026-04-27T00:42:03.054+0000] {processor.py:161} INFO - Started process (PID=1739) to work on /home/airflow/dags/mlflow_tracking_dag.py
[2026-04-27T00:42:03.055+0000] {processor.py:830} INFO - Processing file /home/airflow/dags/mlflow_tracking_dag.py for tasks to queue
[2026-04-27T00:42:03.057+0000] {logging_mixin.py:188} INFO - [2026-04-27T00:42:03.056+0000] {dagbag.py:538} INFO - Filling up the DagBag from /home/airflow/dags/mlflow_tracking_dag.py
[2026-04-27T00:42:03.788+0000] {processor.py:840} INFO - DAG(s) 'mlflow_model_tracking' retrieved from /home/airflow/dags/mlflow_tracking_dag.py
[2026-04-27T00:42:03.813+0000] {logging_mixin.py:188} INFO - [2026-04-27T00:42:03.812+0000] {dag.py:3036} INFO - Sync 1 DAGs
[2026-04-27T00:42:03.824+0000] {logging_mixin.py:188} INFO - [2026-04-27T00:42:03.824+0000] {dag.py:3823} INFO - Setting next_dagrun for mlflow_model_tracking to None, run_after=None
[2026-04-27T00:42:03.848+0000] {processor.py:183} INFO - Processing /home/airflow/dags/mlflow_tracking_dag.py took 0.796 seconds
[2026-04-27T00:42:34.477+0000] {processor.py:161} INFO - Started process (PID=1784) to work on /home/airflow/dags/mlflow_tracking_dag.py
[2026-04-27T00:42:34.479+0000] {processor.py:830} INFO - Processing file /home/airflow/dags/mlflow_tracking_dag.py for tasks to queue
[2026-04-27T00:42:34.480+0000] {logging_mixin.py:188} INFO - [2026-04-27T00:42:34.480+0000] {dagbag.py:538} INFO - Filling up the DagBag from /home/airflow/dags/mlflow_tracking_dag.py
[2026-04-27T00:42:35.109+0000] {processor.py:840} INFO - DAG(s) 'mlflow_model_tracking' retrieved from /home/airflow/dags/mlflow_tracking_dag.py
[2026-04-27T00:42:35.144+0000] {logging_mixin.py:188} INFO - [2026-04-27T00:42:35.144+0000] {dag.py:3036} INFO - Sync 1 DAGs
[2026-04-27T00:42:35.156+0000] {logging_mixin.py:188} INFO - [2026-04-27T00:42:35.156+0000] {dag.py:3823} INFO - Setting next_dagrun for mlflow_model_tracking to None, run_after=None
[2026-04-27T00:42:35.180+0000] {processor.py:183} INFO - Processing /home/airflow/dags/mlflow_tracking_dag.py took 0.706 seconds
[2026-04-27T00:43:05.602+0000] {processor.py:161} INFO - Started process (PID=1829) to work on /home/airflow/dags/mlflow_tracking_dag.py
[2026-04-27T00:43:05.603+0000] {processor.py:830} INFO - Processing file /home/airflow/dags/mlflow_tracking_dag.py for tasks to queue
[2026-04-27T00:43:05.604+0000] {logging_mixin.py:188} INFO - [2026-04-27T00:43:05.604+0000] {dagbag.py:538} INFO - Filling up the DagBag from /home/airflow/dags/mlflow_tracking_dag.py
[2026-04-27T00:43:06.221+0000] {processor.py:840} INFO - DAG(s) 'mlflow_model_tracking' retrieved from /home/airflow/dags/mlflow_tracking_dag.py
[2026-04-27T00:43:06.251+0000] {logging_mixin.py:188} INFO - [2026-04-27T00:43:06.251+0000] {dag.py:3036} INFO - Sync 1 DAGs
[2026-04-27T00:43:06.264+0000] {logging_mixin.py:188} INFO - [2026-04-27T00:43:06.264+0000] {dag.py:3823} INFO - Setting next_dagrun for mlflow_model_tracking to None, run_after=None
[2026-04-27T00:43:06.290+0000] {processor.py:183} INFO - Processing /home/airflow/dags/mlflow_tracking_dag.py took 0.692 seconds
[2026-04-27T00:43:36.455+0000] {processor.py:161} INFO - Started process (PID=1874) to work on /home/airflow/dags/mlflow_tracking_dag.py
[2026-04-27T00:43:36.457+0000] {processor.py:830} INFO - Processing file /home/airflow/dags/mlflow_tracking_dag.py for tasks to queue
[2026-04-27T00:43:36.459+0000] {logging_mixin.py:188} INFO - [2026-04-27T00:43:36.458+0000] {dagbag.py:538} INFO - Filling up the DagBag from /home/airflow/dags/mlflow_tracking_dag.py
[2026-04-27T00:43:37.255+0000] {processor.py:840} INFO - DAG(s) 'mlflow_model_tracking' retrieved from /home/airflow/dags/mlflow_tracking_dag.py
[2026-04-27T00:43:37.283+0000] {logging_mixin.py:188} INFO - [2026-04-27T00:43:37.282+0000] {dag.py:3036} INFO - Sync 1 DAGs
[2026-04-27T00:43:37.294+0000] {logging_mixin.py:188} INFO - [2026-04-27T00:43:37.294+0000] {dag.py:3823} INFO - Setting next_dagrun for mlflow_model_tracking to None, run_after=None
[2026-04-27T00:43:37.320+0000] {processor.py:183} INFO - Processing /home/airflow/dags/mlflow_tracking_dag.py took 0.869 seconds
[2026-04-27T00:44:07.631+0000] {processor.py:161} INFO - Started process (PID=1919) to work on /home/airflow/dags/mlflow_tracking_dag.py
[2026-04-27T00:44:07.632+0000] {processor.py:830} INFO - Processing file /home/airflow/dags/mlflow_tracking_dag.py for tasks to queue
[2026-04-27T00:44:07.634+0000] {logging_mixin.py:188} INFO - [2026-04-27T00:44:07.633+0000] {dagbag.py:538} INFO - Filling up the DagBag from /home/airflow/dags/mlflow_tracking_dag.py
[2026-04-27T00:44:08.388+0000] {processor.py:840} INFO - DAG(s) 'mlflow_model_tracking' retrieved from /home/airflow/dags/mlflow_tracking_dag.py
[2026-04-27T00:44:08.413+0000] {logging_mixin.py:188} INFO - [2026-04-27T00:44:08.413+0000] {dag.py:3036} INFO - Sync 1 DAGs
[2026-04-27T00:44:08.563+0000] {logging_mixin.py:188} INFO - [2026-04-27T00:44:08.563+0000] {dag.py:3823} INFO - Setting next_dagrun for mlflow_model_tracking to None, run_after=None
[2026-04-27T00:44:08.587+0000] {processor.py:183} INFO - Processing /home/airflow/dags/mlflow_tracking_dag.py took 0.959 seconds
[2026-04-27T00:44:38.788+0000] {processor.py:161} INFO - Started process (PID=1964) to work on /home/airflow/dags/mlflow_tracking_dag.py
[2026-04-27T00:44:38.789+0000] {processor.py:830} INFO - Processing file /home/airflow/dags/mlflow_tracking_dag.py for tasks to queue
[2026-04-27T00:44:38.790+0000] {logging_mixin.py:188} INFO - [2026-04-27T00:44:38.789+0000] {dagbag.py:538} INFO - Filling up the DagBag from /home/airflow/dags/mlflow_tracking_dag.py
[2026-04-27T00:44:39.633+0000] {processor.py:840} INFO - DAG(s) 'mlflow_model_tracking' retrieved from /home/airflow/dags/mlflow_tracking_dag.py
[2026-04-27T00:44:39.660+0000] {logging_mixin.py:188} INFO - [2026-04-27T00:44:39.659+0000] {dag.py:3036} INFO - Sync 1 DAGs
[2026-04-27T00:44:39.669+0000] {logging_mixin.py:188} INFO - [2026-04-27T00:44:39.668+0000] {dag.py:3823} INFO - Setting next_dagrun for mlflow_model_tracking to None, run_after=None
[2026-04-27T00:44:39.692+0000] {processor.py:183} INFO - Processing /home/airflow/dags/mlflow_tracking_dag.py took 0.907 seconds
[2026-04-27T00:45:09.879+0000] {processor.py:161} INFO - Started process (PID=2019) to work on /home/airflow/dags/mlflow_tracking_dag.py
[2026-04-27T00:45:09.881+0000] {processor.py:830} INFO - Processing file /home/airflow/dags/mlflow_tracking_dag.py for tasks to queue
[2026-04-27T00:45:09.883+0000] {logging_mixin.py:188} INFO - [2026-04-27T00:45:09.882+0000] {dagbag.py:538} INFO - Filling up the DagBag from /home/airflow/dags/mlflow_tracking_dag.py
[2026-04-27T00:45:10.695+0000] {processor.py:840} INFO - DAG(s) 'mlflow_model_tracking' retrieved from /home/airflow/dags/mlflow_tracking_dag.py
[2026-04-27T00:45:10.726+0000] {logging_mixin.py:188} INFO - [2026-04-27T00:45:10.725+0000] {dag.py:3036} INFO - Sync 1 DAGs
[2026-04-27T00:45:10.735+0000] {logging_mixin.py:188} INFO - [2026-04-27T00:45:10.734+0000] {dag.py:3823} INFO - Setting next_dagrun for mlflow_model_tracking to None, run_after=None
[2026-04-27T00:45:10.757+0000] {processor.py:183} INFO - Processing /home/airflow/dags/mlflow_tracking_dag.py took 0.881 seconds
[2026-04-27T00:45:41.274+0000] {processor.py:161} INFO - Started process (PID=2064) to work on /home/airflow/dags/mlflow_tracking_dag.py
[2026-04-27T00:45:41.275+0000] {processor.py:830} INFO - Processing file /home/airflow/dags/mlflow_tracking_dag.py for tasks to queue
[2026-04-27T00:45:41.280+0000] {logging_mixin.py:188} INFO - [2026-04-27T00:45:41.279+0000] {dagbag.py:538} INFO - Filling up the DagBag from /home/airflow/dags/mlflow_tracking_dag.py
[2026-04-27T00:45:42.376+0000] {processor.py:840} INFO - DAG(s) 'mlflow_model_tracking' retrieved from /home/airflow/dags/mlflow_tracking_dag.py
[2026-04-27T00:45:42.406+0000] {logging_mixin.py:188} INFO - [2026-04-27T00:45:42.406+0000] {dag.py:3036} INFO - Sync 1 DAGs
[2026-04-27T00:45:42.419+0000] {logging_mixin.py:188} INFO - [2026-04-27T00:45:42.419+0000] {dag.py:3823} INFO - Setting next_dagrun for mlflow_model_tracking to None, run_after=None
[2026-04-27T00:45:42.473+0000] {processor.py:183} INFO - Processing /home/airflow/dags/mlflow_tracking_dag.py took 1.203 seconds
[2026-04-27T00:46:12.831+0000] {processor.py:161} INFO - Started process (PID=2109) to work on /home/airflow/dags/mlflow_tracking_dag.py
[2026-04-27T00:46:12.832+0000] {processor.py:830} INFO - Processing file /home/airflow/dags/mlflow_tracking_dag.py for tasks to queue
[2026-04-27T00:46:12.833+0000] {logging_mixin.py:188} INFO - [2026-04-27T00:46:12.833+0000] {dagbag.py:538} INFO - Filling up the DagBag from /home/airflow/dags/mlflow_tracking_dag.py
[2026-04-27T00:46:13.551+0000] {processor.py:840} INFO - DAG(s) 'mlflow_model_tracking' retrieved from /home/airflow/dags/mlflow_tracking_dag.py
[2026-04-27T00:46:13.574+0000] {logging_mixin.py:188} INFO - [2026-04-27T00:46:13.574+0000] {dag.py:3036} INFO - Sync 1 DAGs
[2026-04-27T00:46:13.583+0000] {logging_mixin.py:188} INFO - [2026-04-27T00:46:13.583+0000] {dag.py:3823} INFO - Setting next_dagrun for mlflow_model_tracking to None, run_after=None
[2026-04-27T00:46:13.604+0000] {processor.py:183} INFO - Processing /home/airflow/dags/mlflow_tracking_dag.py took 0.776 seconds
[2026-04-27T00:46:43.735+0000] {processor.py:161} INFO - Started process (PID=2154) to work on /home/airflow/dags/mlflow_tracking_dag.py
[2026-04-27T00:46:43.736+0000] {processor.py:830} INFO - Processing file /home/airflow/dags/mlflow_tracking_dag.py for tasks to queue
[2026-04-27T00:46:43.737+0000] {logging_mixin.py:188} INFO - [2026-04-27T00:46:43.737+0000] {dagbag.py:538} INFO - Filling up the DagBag from /home/airflow/dags/mlflow_tracking_dag.py
[2026-04-27T00:46:44.497+0000] {processor.py:840} INFO - DAG(s) 'mlflow_model_tracking' retrieved from /home/airflow/dags/mlflow_tracking_dag.py
[2026-04-27T00:46:44.521+0000] {logging_mixin.py:188} INFO - [2026-04-27T00:46:44.521+0000] {dag.py:3036} INFO - Sync 1 DAGs
[2026-04-27T00:46:44.529+0000] {logging_mixin.py:188} INFO - [2026-04-27T00:46:44.529+0000] {dag.py:3823} INFO - Setting next_dagrun for mlflow_model_tracking to None, run_after=None
[2026-04-27T00:46:44.552+0000] {processor.py:183} INFO - Processing /home/airflow/dags/mlflow_tracking_dag.py took 0.820 seconds
[2026-04-27T00:47:14.975+0000] {processor.py:161} INFO - Started process (PID=2199) to work on /home/airflow/dags/mlflow_tracking_dag.py
[2026-04-27T00:47:14.976+0000] {processor.py:830} INFO - Processing file /home/airflow/dags/mlflow_tracking_dag.py for tasks to queue
[2026-04-27T00:47:14.978+0000] {logging_mixin.py:188} INFO - [2026-04-27T00:47:14.977+0000] {dagbag.py:538} INFO - Filling up the DagBag from /home/airflow/dags/mlflow_tracking_dag.py
[2026-04-27T00:47:15.763+0000] {processor.py:840} INFO - DAG(s) 'mlflow_model_tracking' retrieved from /home/airflow/dags/mlflow_tracking_dag.py
[2026-04-27T00:47:15.786+0000] {logging_mixin.py:188} INFO - [2026-04-27T00:47:15.785+0000] {dag.py:3036} INFO - Sync 1 DAGs
[2026-04-27T00:47:15.794+0000] {logging_mixin.py:188} INFO - [2026-04-27T00:47:15.793+0000] {dag.py:3823} INFO - Setting next_dagrun for mlflow_model_tracking to None, run_after=None
[2026-04-27T00:47:15.815+0000] {processor.py:183} INFO - Processing /home/airflow/dags/mlflow_tracking_dag.py took 0.845 seconds
[2026-04-27T00:47:45.945+0000] {processor.py:161} INFO - Started process (PID=2244) to work on /home/airflow/dags/mlflow_tracking_dag.py
[2026-04-27T00:47:45.946+0000] {processor.py:830} INFO - Processing file /home/airflow/dags/mlflow_tracking_dag.py for tasks to queue
[2026-04-27T00:47:45.947+0000] {logging_mixin.py:188} INFO - [2026-04-27T00:47:45.947+0000] {dagbag.py:538} INFO - Filling up the DagBag from /home/airflow/dags/mlflow_tracking_dag.py
[2026-04-27T00:47:46.726+0000] {processor.py:840} INFO - DAG(s) 'mlflow_model_tracking' retrieved from /home/airflow/dags/mlflow_tracking_dag.py
[2026-04-27T00:47:46.747+0000] {logging_mixin.py:188} INFO - [2026-04-27T00:47:46.747+0000] {dag.py:3036} INFO - Sync 1 DAGs
[2026-04-27T00:47:46.756+0000] {logging_mixin.py:188} INFO - [2026-04-27T00:47:46.756+0000] {dag.py:3823} INFO - Setting next_dagrun for mlflow_model_tracking to None, run_after=None
[2026-04-27T00:47:46.795+0000] {processor.py:183} INFO - Processing /home/airflow/dags/mlflow_tracking_dag.py took 0.855 seconds
[2026-04-27T00:48:16.879+0000] {processor.py:161} INFO - Started process (PID=2289) to work on /home/airflow/dags/mlflow_tracking_dag.py
[2026-04-27T00:48:16.880+0000] {processor.py:830} INFO - Processing file /home/airflow/dags/mlflow_tracking_dag.py for tasks to queue
[2026-04-27T00:48:16.881+0000] {logging_mixin.py:188} INFO - [2026-04-27T00:48:16.881+0000] {dagbag.py:538} INFO - Filling up the DagBag from /home/airflow/dags/mlflow_tracking_dag.py
[2026-04-27T00:48:17.596+0000] {processor.py:840} INFO - DAG(s) 'mlflow_model_tracking' retrieved from /home/airflow/dags/mlflow_tracking_dag.py
[2026-04-27T00:48:17.619+0000] {logging_mixin.py:188} INFO - [2026-04-27T00:48:17.619+0000] {dag.py:3036} INFO - Sync 1 DAGs
[2026-04-27T00:48:17.628+0000] {logging_mixin.py:188} INFO - [2026-04-27T00:48:17.628+0000] {dag.py:3823} INFO - Setting next_dagrun for mlflow_model_tracking to None, run_after=None
[2026-04-27T00:48:17.650+0000] {processor.py:183} INFO - Processing /home/airflow/dags/mlflow_tracking_dag.py took 0.774 seconds
[2026-04-27T00:48:48.062+0000] {processor.py:161} INFO - Started process (PID=2334) to work on /home/airflow/dags/mlflow_tracking_dag.py
[2026-04-27T00:48:48.064+0000] {processor.py:830} INFO - Processing file /home/airflow/dags/mlflow_tracking_dag.py for tasks to queue
[2026-04-27T00:48:48.065+0000] {logging_mixin.py:188} INFO - [2026-04-27T00:48:48.064+0000] {dagbag.py:538} INFO - Filling up the DagBag from /home/airflow/dags/mlflow_tracking_dag.py
[2026-04-27T00:48:48.881+0000] {processor.py:840} INFO - DAG(s) 'mlflow_model_tracking' retrieved from /home/airflow/dags/mlflow_tracking_dag.py
[2026-04-27T00:48:48.905+0000] {logging_mixin.py:188} INFO - [2026-04-27T00:48:48.904+0000] {dag.py:3036} INFO - Sync 1 DAGs
[2026-04-27T00:48:48.914+0000] {logging_mixin.py:188} INFO - [2026-04-27T00:48:48.914+0000] {dag.py:3823} INFO - Setting next_dagrun for mlflow_model_tracking to None, run_after=None
[2026-04-27T00:48:48.936+0000] {processor.py:183} INFO - Processing /home/airflow/dags/mlflow_tracking_dag.py took 0.877 seconds
[2026-04-27T00:49:19.140+0000] {processor.py:161} INFO - Started process (PID=2379) to work on /home/airflow/dags/mlflow_tracking_dag.py
[2026-04-27T00:49:19.142+0000] {processor.py:830} INFO - Processing file /home/airflow/dags/mlflow_tracking_dag.py for tasks to queue
[2026-04-27T00:49:19.143+0000] {logging_mixin.py:188} INFO - [2026-04-27T00:49:19.142+0000] {dagbag.py:538} INFO - Filling up the DagBag from /home/airflow/dags/mlflow_tracking_dag.py
[2026-04-27T00:49:19.874+0000] {processor.py:840} INFO - DAG(s) 'mlflow_model_tracking' retrieved from /home/airflow/dags/mlflow_tracking_dag.py
[2026-04-27T00:49:19.897+0000] {logging_mixin.py:188} INFO - [2026-04-27T00:49:19.896+0000] {dag.py:3036} INFO - Sync 1 DAGs
[2026-04-27T00:49:19.906+0000] {logging_mixin.py:188} INFO - [2026-04-27T00:49:19.905+0000] {dag.py:3823} INFO - Setting next_dagrun for mlflow_model_tracking to None, run_after=None
[2026-04-27T00:49:19.926+0000] {processor.py:183} INFO - Processing /home/airflow/dags/mlflow_tracking_dag.py took 0.790 seconds
[2026-04-27T00:49:50.225+0000] {processor.py:161} INFO - Started process (PID=2424) to work on /home/airflow/dags/mlflow_tracking_dag.py
[2026-04-27T00:49:50.227+0000] {processor.py:830} INFO - Processing file /home/airflow/dags/mlflow_tracking_dag.py for tasks to queue
[2026-04-27T00:49:50.228+0000] {logging_mixin.py:188} INFO - [2026-04-27T00:49:50.228+0000] {dagbag.py:538} INFO - Filling up the DagBag from /home/airflow/dags/mlflow_tracking_dag.py
[2026-04-27T00:49:50.961+0000] {processor.py:840} INFO - DAG(s) 'mlflow_model_tracking' retrieved from /home/airflow/dags/mlflow_tracking_dag.py
[2026-04-27T00:49:50.986+0000] {logging_mixin.py:188} INFO - [2026-04-27T00:49:50.985+0000] {dag.py:3036} INFO - Sync 1 DAGs
[2026-04-27T00:49:50.994+0000] {logging_mixin.py:188} INFO - [2026-04-27T00:49:50.994+0000] {dag.py:3823} INFO - Setting next_dagrun for mlflow_model_tracking to None, run_after=None
[2026-04-27T00:49:51.017+0000] {processor.py:183} INFO - Processing /home/airflow/dags/mlflow_tracking_dag.py took 0.796 seconds
[2026-04-27T00:50:21.180+0000] {processor.py:161} INFO - Started process (PID=2469) to work on /home/airflow/dags/mlflow_tracking_dag.py
[2026-04-27T00:50:21.181+0000] {processor.py:830} INFO - Processing file /home/airflow/dags/mlflow_tracking_dag.py for tasks to queue
[2026-04-27T00:50:21.182+0000] {logging_mixin.py:188} INFO - [2026-04-27T00:50:21.182+0000] {dagbag.py:538} INFO - Filling up the DagBag from /home/airflow/dags/mlflow_tracking_dag.py
[2026-04-27T00:50:22.085+0000] {processor.py:840} INFO - DAG(s) 'mlflow_model_tracking' retrieved from /home/airflow/dags/mlflow_tracking_dag.py
[2026-04-27T00:50:22.107+0000] {logging_mixin.py:188} INFO - [2026-04-27T00:50:22.107+0000] {dag.py:3036} INFO - Sync 1 DAGs
[2026-04-27T00:50:22.116+0000] {logging_mixin.py:188} INFO - [2026-04-27T00:50:22.116+0000] {dag.py:3823} INFO - Setting next_dagrun for mlflow_model_tracking to None, run_after=None
[2026-04-27T00:50:22.137+0000] {processor.py:183} INFO - Processing /home/airflow/dags/mlflow_tracking_dag.py took 0.961 seconds
[2026-04-27T00:50:52.693+0000] {processor.py:161} INFO - Started process (PID=2514) to work on /home/airflow/dags/mlflow_tracking_dag.py
[2026-04-27T00:50:52.694+0000] {processor.py:830} INFO - Processing file /home/airflow/dags/mlflow_tracking_dag.py for tasks to queue
[2026-04-27T00:50:52.696+0000] {logging_mixin.py:188} INFO - [2026-04-27T00:50:52.695+0000] {dagbag.py:538} INFO - Filling up the DagBag from /home/airflow/dags/mlflow_tracking_dag.py
[2026-04-27T00:50:53.469+0000] {processor.py:840} INFO - DAG(s) 'mlflow_model_tracking' retrieved from /home/airflow/dags/mlflow_tracking_dag.py
[2026-04-27T00:50:53.491+0000] {logging_mixin.py:188} INFO - [2026-04-27T00:50:53.491+0000] {dag.py:3036} INFO - Sync 1 DAGs
[2026-04-27T00:50:53.500+0000] {logging_mixin.py:188} INFO - [2026-04-27T00:50:53.499+0000] {dag.py:3823} INFO - Setting next_dagrun for mlflow_model_tracking to None, run_after=None
[2026-04-27T00:50:53.519+0000] {processor.py:183} INFO - Processing /home/airflow/dags/mlflow_tracking_dag.py took 0.832 seconds
[2026-04-27T00:51:23.986+0000] {processor.py:161} INFO - Started process (PID=2559) to work on /home/airflow/dags/mlflow_tracking_dag.py
[2026-04-27T00:51:23.987+0000] {processor.py:830} INFO - Processing file /home/airflow/dags/mlflow_tracking_dag.py for tasks to queue
[2026-04-27T00:51:23.988+0000] {logging_mixin.py:188} INFO - [2026-04-27T00:51:23.988+0000] {dagbag.py:538} INFO - Filling up the DagBag from /home/airflow/dags/mlflow_tracking_dag.py
[2026-04-27T00:51:24.777+0000] {processor.py:840} INFO - DAG(s) 'mlflow_model_tracking' retrieved from /home/airflow/dags/mlflow_tracking_dag.py
[2026-04-27T00:51:24.801+0000] {logging_mixin.py:188} INFO - [2026-04-27T00:51:24.800+0000] {dag.py:3036} INFO - Sync 1 DAGs
[2026-04-27T00:51:24.816+0000] {logging_mixin.py:188} INFO - [2026-04-27T00:51:24.816+0000] {dag.py:3823} INFO - Setting next_dagrun for mlflow_model_tracking to None, run_after=None
[2026-04-27T00:51:24.837+0000] {processor.py:183} INFO - Processing /home/airflow/dags/mlflow_tracking_dag.py took 0.856 seconds
[2026-04-27T00:51:54.984+0000] {processor.py:161} INFO - Started process (PID=2604) to work on /home/airflow/dags/mlflow_tracking_dag.py
[2026-04-27T00:51:54.985+0000] {processor.py:830} INFO - Processing file /home/airflow/dags/mlflow_tracking_dag.py for tasks to queue
[2026-04-27T00:51:54.986+0000] {logging_mixin.py:188} INFO - [2026-04-27T00:51:54.986+0000] {dagbag.py:538} INFO - Filling up the DagBag from /home/airflow/dags/mlflow_tracking_dag.py
[2026-04-27T00:51:55.802+0000] {processor.py:840} INFO - DAG(s) 'mlflow_model_tracking' retrieved from /home/airflow/dags/mlflow_tracking_dag.py
[2026-04-27T00:51:55.825+0000] {logging_mixin.py:188} INFO - [2026-04-27T00:51:55.824+0000] {dag.py:3036} INFO - Sync 1 DAGs
[2026-04-27T00:51:55.835+0000] {logging_mixin.py:188} INFO - [2026-04-27T00:51:55.835+0000] {dag.py:3823} INFO - Setting next_dagrun for mlflow_model_tracking to None, run_after=None
[2026-04-27T00:51:55.860+0000] {processor.py:183} INFO - Processing /home/airflow/dags/mlflow_tracking_dag.py took 0.879 seconds
[2026-04-27T00:52:26.361+0000] {processor.py:161} INFO - Started process (PID=2649) to work on /home/airflow/dags/mlflow_tracking_dag.py
[2026-04-27T00:52:26.362+0000] {processor.py:830} INFO - Processing file /home/airflow/dags/mlflow_tracking_dag.py for tasks to queue
[2026-04-27T00:52:26.363+0000] {logging_mixin.py:188} INFO - [2026-04-27T00:52:26.363+0000] {dagbag.py:538} INFO - Filling up the DagBag from /home/airflow/dags/mlflow_tracking_dag.py
[2026-04-27T00:52:27.077+0000] {processor.py:840} INFO - DAG(s) 'mlflow_model_tracking' retrieved from /home/airflow/dags/mlflow_tracking_dag.py
[2026-04-27T00:52:27.102+0000] {logging_mixin.py:188} INFO - [2026-04-27T00:52:27.101+0000] {dag.py:3036} INFO - Sync 1 DAGs
[2026-04-27T00:52:27.110+0000] {logging_mixin.py:188} INFO - [2026-04-27T00:52:27.110+0000] {dag.py:3823} INFO - Setting next_dagrun for mlflow_model_tracking to None, run_after=None
[2026-04-27T00:52:27.132+0000] {processor.py:183} INFO - Processing /home/airflow/dags/mlflow_tracking_dag.py took 0.774 seconds
[2026-04-27T00:52:57.323+0000] {processor.py:161} INFO - Started process (PID=2694) to work on /home/airflow/dags/mlflow_tracking_dag.py
[2026-04-27T00:52:57.324+0000] {processor.py:830} INFO - Processing file /home/airflow/dags/mlflow_tracking_dag.py for tasks to queue
[2026-04-27T00:52:57.325+0000] {logging_mixin.py:188} INFO - [2026-04-27T00:52:57.325+0000] {dagbag.py:538} INFO - Filling up the DagBag from /home/airflow/dags/mlflow_tracking_dag.py
[2026-04-27T00:52:58.118+0000] {processor.py:840} INFO - DAG(s) 'mlflow_model_tracking' retrieved from /home/airflow/dags/mlflow_tracking_dag.py
[2026-04-27T00:52:58.146+0000] {logging_mixin.py:188} INFO - [2026-04-27T00:52:58.146+0000] {dag.py:3036} INFO - Sync 1 DAGs
[2026-04-27T00:52:58.156+0000] {logging_mixin.py:188} INFO - [2026-04-27T00:52:58.156+0000] {dag.py:3823} INFO - Setting next_dagrun for mlflow_model_tracking to None, run_after=None
[2026-04-27T00:52:58.179+0000] {processor.py:183} INFO - Processing /home/airflow/dags/mlflow_tracking_dag.py took 0.859 seconds
[2026-04-27T00:53:28.522+0000] {processor.py:161} INFO - Started process (PID=2739) to work on /home/airflow/dags/mlflow_tracking_dag.py
[2026-04-27T00:53:28.524+0000] {processor.py:830} INFO - Processing file /home/airflow/dags/mlflow_tracking_dag.py for tasks to queue
[2026-04-27T00:53:28.525+0000] {logging_mixin.py:188} INFO - [2026-04-27T00:53:28.524+0000] {dagbag.py:538} INFO - Filling up the DagBag from /home/airflow/dags/mlflow_tracking_dag.py
[2026-04-27T00:53:29.255+0000] {processor.py:840} INFO - DAG(s) 'mlflow_model_tracking' retrieved from /home/airflow/dags/mlflow_tracking_dag.py
[2026-04-27T00:53:29.279+0000] {logging_mixin.py:188} INFO - [2026-04-27T00:53:29.278+0000] {dag.py:3036} INFO - Sync 1 DAGs
[2026-04-27T00:53:29.287+0000] {logging_mixin.py:188} INFO - [2026-04-27T00:53:29.287+0000] {dag.py:3823} INFO - Setting next_dagrun for mlflow_model_tracking to None, run_after=None
[2026-04-27T00:53:29.309+0000] {processor.py:183} INFO - Processing /home/airflow/dags/mlflow_tracking_dag.py took 0.790 seconds
[2026-04-27T00:53:59.466+0000] {processor.py:161} INFO - Started process (PID=2784) to work on /home/airflow/dags/mlflow_tracking_dag.py
[2026-04-27T00:53:59.468+0000] {processor.py:830} INFO - Processing file /home/airflow/dags/mlflow_tracking_dag.py for tasks to queue
[2026-04-27T00:53:59.470+0000] {logging_mixin.py:188} INFO - [2026-04-27T00:53:59.469+0000] {dagbag.py:538} INFO - Filling up the DagBag from /home/airflow/dags/mlflow_tracking_dag.py
[2026-04-27T00:54:00.233+0000] {processor.py:840} INFO - DAG(s) 'mlflow_model_tracking' retrieved from /home/airflow/dags/mlflow_tracking_dag.py
[2026-04-27T00:54:00.255+0000] {logging_mixin.py:188} INFO - [2026-04-27T00:54:00.254+0000] {dag.py:3036} INFO - Sync 1 DAGs
[2026-04-27T00:54:00.263+0000] {logging_mixin.py:188} INFO - [2026-04-27T00:54:00.263+0000] {dag.py:3823} INFO - Setting next_dagrun for mlflow_model_tracking to None, run_after=None
[2026-04-27T00:54:00.288+0000] {processor.py:183} INFO - Processing /home/airflow/dags/mlflow_tracking_dag.py took 0.825 seconds
[2026-04-27T00:54:30.599+0000] {processor.py:161} INFO - Started process (PID=2829) to work on /home/airflow/dags/mlflow_tracking_dag.py
[2026-04-27T00:54:30.600+0000] {processor.py:830} INFO - Processing file /home/airflow/dags/mlflow_tracking_dag.py for tasks to queue
[2026-04-27T00:54:30.601+0000] {logging_mixin.py:188} INFO - [2026-04-27T00:54:30.600+0000] {dagbag.py:538} INFO - Filling up the DagBag from /home/airflow/dags/mlflow_tracking_dag.py
[2026-04-27T00:54:31.331+0000] {processor.py:840} INFO - DAG(s) 'mlflow_model_tracking' retrieved from /home/airflow/dags/mlflow_tracking_dag.py
[2026-04-27T00:54:31.352+0000] {logging_mixin.py:188} INFO - [2026-04-27T00:54:31.352+0000] {dag.py:3036} INFO - Sync 1 DAGs
[2026-04-27T00:54:31.361+0000] {logging_mixin.py:188} INFO - [2026-04-27T00:54:31.361+0000] {dag.py:3823} INFO - Setting next_dagrun for mlflow_model_tracking to None, run_after=None
[2026-04-27T00:54:31.380+0000] {processor.py:183} INFO - Processing /home/airflow/dags/mlflow_tracking_dag.py took 0.784 seconds
[2026-04-27T00:55:01.795+0000] {processor.py:161} INFO - Started process (PID=2874) to work on /home/airflow/dags/mlflow_tracking_dag.py
[2026-04-27T00:55:01.797+0000] {processor.py:830} INFO - Processing file /home/airflow/dags/mlflow_tracking_dag.py for tasks to queue
[2026-04-27T00:55:01.798+0000] {logging_mixin.py:188} INFO - [2026-04-27T00:55:01.797+0000] {dagbag.py:538} INFO - Filling up the DagBag from /home/airflow/dags/mlflow_tracking_dag.py
[2026-04-27T00:55:02.614+0000] {processor.py:840} INFO - DAG(s) 'mlflow_model_tracking' retrieved from /home/airflow/dags/mlflow_tracking_dag.py
[2026-04-27T00:55:02.648+0000] {logging_mixin.py:188} INFO - [2026-04-27T00:55:02.647+0000] {dag.py:3036} INFO - Sync 1 DAGs
[2026-04-27T00:55:02.669+0000] {logging_mixin.py:188} INFO - [2026-04-27T00:55:02.669+0000] {dag.py:3823} INFO - Setting next_dagrun for mlflow_model_tracking to None, run_after=None
[2026-04-27T00:55:02.695+0000] {processor.py:183} INFO - Processing /home/airflow/dags/mlflow_tracking_dag.py took 0.906 seconds
[2026-04-27T00:55:32.887+0000] {processor.py:161} INFO - Started process (PID=2919) to work on /home/airflow/dags/mlflow_tracking_dag.py
[2026-04-27T00:55:32.888+0000] {processor.py:830} INFO - Processing file /home/airflow/dags/mlflow_tracking_dag.py for tasks to queue
[2026-04-27T00:55:32.889+0000] {logging_mixin.py:188} INFO - [2026-04-27T00:55:32.889+0000] {dagbag.py:538} INFO - Filling up the DagBag from /home/airflow/dags/mlflow_tracking_dag.py
[2026-04-27T00:55:33.664+0000] {processor.py:840} INFO - DAG(s) 'mlflow_model_tracking' retrieved from /home/airflow/dags/mlflow_tracking_dag.py
[2026-04-27T00:55:33.690+0000] {logging_mixin.py:188} INFO - [2026-04-27T00:55:33.689+0000] {dag.py:3036} INFO - Sync 1 DAGs
[2026-04-27T00:55:33.697+0000] {logging_mixin.py:188} INFO - [2026-04-27T00:55:33.697+0000] {dag.py:3823} INFO - Setting next_dagrun for mlflow_model_tracking to None, run_after=None
[2026-04-27T00:55:33.716+0000] {processor.py:183} INFO - Processing /home/airflow/dags/mlflow_tracking_dag.py took 0.833 seconds
[2026-04-27T00:56:03.900+0000] {processor.py:161} INFO - Started process (PID=2964) to work on /home/airflow/dags/mlflow_tracking_dag.py
[2026-04-27T00:56:03.902+0000] {processor.py:830} INFO - Processing file /home/airflow/dags/mlflow_tracking_dag.py for tasks to queue
[2026-04-27T00:56:03.902+0000] {logging_mixin.py:188} INFO - [2026-04-27T00:56:03.902+0000] {dagbag.py:538} INFO - Filling up the DagBag from /home/airflow/dags/mlflow_tracking_dag.py
[2026-04-27T00:56:04.596+0000] {processor.py:840} INFO - DAG(s) 'mlflow_model_tracking' retrieved from /home/airflow/dags/mlflow_tracking_dag.py
[2026-04-27T00:56:04.617+0000] {logging_mixin.py:188} INFO - [2026-04-27T00:56:04.616+0000] {dag.py:3036} INFO - Sync 1 DAGs
[2026-04-27T00:56:04.625+0000] {logging_mixin.py:188} INFO - [2026-04-27T00:56:04.624+0000] {dag.py:3823} INFO - Setting next_dagrun for mlflow_model_tracking to None, run_after=None
[2026-04-27T00:56:04.644+0000] {processor.py:183} INFO - Processing /home/airflow/dags/mlflow_tracking_dag.py took 0.747 seconds
[2026-04-27T00:56:34.971+0000] {processor.py:161} INFO - Started process (PID=3009) to work on /home/airflow/dags/mlflow_tracking_dag.py
[2026-04-27T00:56:34.973+0000] {processor.py:830} INFO - Processing file /home/airflow/dags/mlflow_tracking_dag.py for tasks to queue
[2026-04-27T00:56:34.975+0000] {logging_mixin.py:188} INFO - [2026-04-27T00:56:34.974+0000] {dagbag.py:538} INFO - Filling up the DagBag from /home/airflow/dags/mlflow_tracking_dag.py
[2026-04-27T00:56:35.676+0000] {processor.py:840} INFO - DAG(s) 'mlflow_model_tracking' retrieved from /home/airflow/dags/mlflow_tracking_dag.py
[2026-04-27T00:56:35.699+0000] {logging_mixin.py:188} INFO - [2026-04-27T00:56:35.699+0000] {dag.py:3036} INFO - Sync 1 DAGs
[2026-04-27T00:56:35.710+0000] {logging_mixin.py:188} INFO - [2026-04-27T00:56:35.710+0000] {dag.py:3823} INFO - Setting next_dagrun for mlflow_model_tracking to None, run_after=None
[2026-04-27T00:56:35.734+0000] {processor.py:183} INFO - Processing /home/airflow/dags/mlflow_tracking_dag.py took 0.767 seconds
[2026-04-27T00:57:05.948+0000] {processor.py:161} INFO - Started process (PID=3054) to work on /home/airflow/dags/mlflow_tracking_dag.py
[2026-04-27T00:57:05.950+0000] {processor.py:830} INFO - Processing file /home/airflow/dags/mlflow_tracking_dag.py for tasks to queue
[2026-04-27T00:57:05.951+0000] {logging_mixin.py:188} INFO - [2026-04-27T00:57:05.951+0000] {dagbag.py:538} INFO - Filling up the DagBag from /home/airflow/dags/mlflow_tracking_dag.py
[2026-04-27T00:57:06.789+0000] {processor.py:840} INFO - DAG(s) 'mlflow_model_tracking' retrieved from /home/airflow/dags/mlflow_tracking_dag.py
[2026-04-27T00:57:06.812+0000] {logging_mixin.py:188} INFO - [2026-04-27T00:57:06.812+0000] {dag.py:3036} INFO - Sync 1 DAGs
[2026-04-27T00:57:06.822+0000] {logging_mixin.py:188} INFO - [2026-04-27T00:57:06.822+0000] {dag.py:3823} INFO - Setting next_dagrun for mlflow_model_tracking to None, run_after=None
[2026-04-27T00:57:06.845+0000] {processor.py:183} INFO - Processing /home/airflow/dags/mlflow_tracking_dag.py took 0.901 seconds
[2026-04-27T00:57:37.085+0000] {processor.py:161} INFO - Started process (PID=3099) to work on /home/airflow/dags/mlflow_tracking_dag.py
[2026-04-27T00:57:37.086+0000] {processor.py:830} INFO - Processing file /home/airflow/dags/mlflow_tracking_dag.py for tasks to queue
[2026-04-27T00:57:37.087+0000] {logging_mixin.py:188} INFO - [2026-04-27T00:57:37.087+0000] {dagbag.py:538} INFO - Filling up the DagBag from /home/airflow/dags/mlflow_tracking_dag.py
[2026-04-27T00:57:37.764+0000] {processor.py:840} INFO - DAG(s) 'mlflow_model_tracking' retrieved from /home/airflow/dags/mlflow_tracking_dag.py
[2026-04-27T00:57:37.787+0000] {logging_mixin.py:188} INFO - [2026-04-27T00:57:37.787+0000] {dag.py:3036} INFO - Sync 1 DAGs
[2026-04-27T00:57:37.795+0000] {logging_mixin.py:188} INFO - [2026-04-27T00:57:37.795+0000] {dag.py:3823} INFO - Setting next_dagrun for mlflow_model_tracking to None, run_after=None
[2026-04-27T00:57:37.816+0000] {processor.py:183} INFO - Processing /home/airflow/dags/mlflow_tracking_dag.py took 0.734 seconds
[2026-04-27T00:58:08.399+0000] {processor.py:161} INFO - Started process (PID=3144) to work on /home/airflow/dags/mlflow_tracking_dag.py
[2026-04-27T00:58:08.400+0000] {processor.py:830} INFO - Processing file /home/airflow/dags/mlflow_tracking_dag.py for tasks to queue
[2026-04-27T00:58:08.401+0000] {logging_mixin.py:188} INFO - [2026-04-27T00:58:08.401+0000] {dagbag.py:538} INFO - Filling up the DagBag from /home/airflow/dags/mlflow_tracking_dag.py
[2026-04-27T00:58:09.311+0000] {processor.py:840} INFO - DAG(s) 'mlflow_model_tracking' retrieved from /home/airflow/dags/mlflow_tracking_dag.py
[2026-04-27T00:58:09.334+0000] {logging_mixin.py:188} INFO - [2026-04-27T00:58:09.333+0000] {dag.py:3036} INFO - Sync 1 DAGs
[2026-04-27T00:58:09.344+0000] {logging_mixin.py:188} INFO - [2026-04-27T00:58:09.343+0000] {dag.py:3823} INFO - Setting next_dagrun for mlflow_model_tracking to None, run_after=None
[2026-04-27T00:58:09.365+0000] {processor.py:183} INFO - Processing /home/airflow/dags/mlflow_tracking_dag.py took 0.969 seconds
[2026-04-27T00:58:39.866+0000] {processor.py:161} INFO - Started process (PID=3189) to work on /home/airflow/dags/mlflow_tracking_dag.py
[2026-04-27T00:58:39.867+0000] {processor.py:830} INFO - Processing file /home/airflow/dags/mlflow_tracking_dag.py for tasks to queue
[2026-04-27T00:58:39.869+0000] {logging_mixin.py:188} INFO - [2026-04-27T00:58:39.868+0000] {dagbag.py:538} INFO - Filling up the DagBag from /home/airflow/dags/mlflow_tracking_dag.py
[2026-04-27T00:58:40.700+0000] {processor.py:840} INFO - DAG(s) 'mlflow_model_tracking' retrieved from /home/airflow/dags/mlflow_tracking_dag.py
[2026-04-27T00:58:40.730+0000] {logging_mixin.py:188} INFO - [2026-04-27T00:58:40.730+0000] {dag.py:3036} INFO - Sync 1 DAGs
[2026-04-27T00:58:40.740+0000] {logging_mixin.py:188} INFO - [2026-04-27T00:58:40.740+0000] {dag.py:3823} INFO - Setting next_dagrun for mlflow_model_tracking to None, run_after=None
[2026-04-27T00:58:40.765+0000] {processor.py:183} INFO - Processing /home/airflow/dags/mlflow_tracking_dag.py took 0.902 seconds
[2026-04-27T00:59:10.871+0000] {processor.py:161} INFO - Started process (PID=3234) to work on /home/airflow/dags/mlflow_tracking_dag.py
[2026-04-27T00:59:10.872+0000] {processor.py:830} INFO - Processing file /home/airflow/dags/mlflow_tracking_dag.py for tasks to queue
[2026-04-27T00:59:10.874+0000] {logging_mixin.py:188} INFO - [2026-04-27T00:59:10.873+0000] {dagbag.py:538} INFO - Filling up the DagBag from /home/airflow/dags/mlflow_tracking_dag.py
[2026-04-27T00:59:11.574+0000] {processor.py:840} INFO - DAG(s) 'mlflow_model_tracking' retrieved from /home/airflow/dags/mlflow_tracking_dag.py
[2026-04-27T00:59:11.599+0000] {logging_mixin.py:188} INFO - [2026-04-27T00:59:11.598+0000] {dag.py:3036} INFO - Sync 1 DAGs
[2026-04-27T00:59:11.609+0000] {logging_mixin.py:188} INFO - [2026-04-27T00:59:11.609+0000] {dag.py:3823} INFO - Setting next_dagrun for mlflow_model_tracking to None, run_after=None
[2026-04-27T00:59:11.631+0000] {processor.py:183} INFO - Processing /home/airflow/dags/mlflow_tracking_dag.py took 0.764 seconds
[2026-04-27T00:59:41.914+0000] {processor.py:161} INFO - Started process (PID=3279) to work on /home/airflow/dags/mlflow_tracking_dag.py
[2026-04-27T00:59:41.915+0000] {processor.py:830} INFO - Processing file /home/airflow/dags/mlflow_tracking_dag.py for tasks to queue
[2026-04-27T00:59:41.916+0000] {logging_mixin.py:188} INFO - [2026-04-27T00:59:41.915+0000] {dagbag.py:538} INFO - Filling up the DagBag from /home/airflow/dags/mlflow_tracking_dag.py
[2026-04-27T00:59:42.603+0000] {processor.py:840} INFO - DAG(s) 'mlflow_model_tracking' retrieved from /home/airflow/dags/mlflow_tracking_dag.py
[2026-04-27T00:59:42.627+0000] {logging_mixin.py:188} INFO - [2026-04-27T00:59:42.627+0000] {dag.py:3036} INFO - Sync 1 DAGs
[2026-04-27T00:59:42.637+0000] {logging_mixin.py:188} INFO - [2026-04-27T00:59:42.637+0000] {dag.py:3823} INFO - Setting next_dagrun for mlflow_model_tracking to None, run_after=None
[2026-04-27T00:59:42.660+0000] {processor.py:183} INFO - Processing /home/airflow/dags/mlflow_tracking_dag.py took 0.749 seconds
[2026-04-27T01:00:13.162+0000] {processor.py:161} INFO - Started process (PID=3324) to work on /home/airflow/dags/mlflow_tracking_dag.py
[2026-04-27T01:00:13.164+0000] {processor.py:830} INFO - Processing file /home/airflow/dags/mlflow_tracking_dag.py for tasks to queue
[2026-04-27T01:00:13.165+0000] {logging_mixin.py:188} INFO - [2026-04-27T01:00:13.164+0000] {dagbag.py:538} INFO - Filling up the DagBag from /home/airflow/dags/mlflow_tracking_dag.py
[2026-04-27T01:00:13.937+0000] {processor.py:840} INFO - DAG(s) 'mlflow_model_tracking' retrieved from /home/airflow/dags/mlflow_tracking_dag.py
[2026-04-27T01:00:13.959+0000] {logging_mixin.py:188} INFO - [2026-04-27T01:00:13.959+0000] {dag.py:3036} INFO - Sync 1 DAGs
[2026-04-27T01:00:13.969+0000] {logging_mixin.py:188} INFO - [2026-04-27T01:00:13.968+0000] {dag.py:3823} INFO - Setting next_dagrun for mlflow_model_tracking to None, run_after=None
[2026-04-27T01:00:13.991+0000] {processor.py:183} INFO - Processing /home/airflow/dags/mlflow_tracking_dag.py took 0.832 seconds
[2026-04-27T01:00:44.386+0000] {processor.py:161} INFO - Started process (PID=3369) to work on /home/airflow/dags/mlflow_tracking_dag.py
[2026-04-27T01:00:44.387+0000] {processor.py:830} INFO - Processing file /home/airflow/dags/mlflow_tracking_dag.py for tasks to queue
[2026-04-27T01:00:44.388+0000] {logging_mixin.py:188} INFO - [2026-04-27T01:00:44.388+0000] {dagbag.py:538} INFO - Filling up the DagBag from /home/airflow/dags/mlflow_tracking_dag.py
[2026-04-27T01:00:45.091+0000] {processor.py:840} INFO - DAG(s) 'mlflow_model_tracking' retrieved from /home/airflow/dags/mlflow_tracking_dag.py
[2026-04-27T01:00:45.119+0000] {logging_mixin.py:188} INFO - [2026-04-27T01:00:45.119+0000] {dag.py:3036} INFO - Sync 1 DAGs
[2026-04-27T01:00:45.130+0000] {logging_mixin.py:188} INFO - [2026-04-27T01:00:45.129+0000] {dag.py:3823} INFO - Setting next_dagrun for mlflow_model_tracking to None, run_after=None
[2026-04-27T01:00:45.154+0000] {processor.py:183} INFO - Processing /home/airflow/dags/mlflow_tracking_dag.py took 0.771 seconds
[2026-04-27T01:01:15.554+0000] {processor.py:161} INFO - Started process (PID=3414) to work on /home/airflow/dags/mlflow_tracking_dag.py
[2026-04-27T01:01:15.555+0000] {processor.py:830} INFO - Processing file /home/airflow/dags/mlflow_tracking_dag.py for tasks to queue
[2026-04-27T01:01:15.557+0000] {logging_mixin.py:188} INFO - [2026-04-27T01:01:15.556+0000] {dagbag.py:538} INFO - Filling up the DagBag from /home/airflow/dags/mlflow_tracking_dag.py
[2026-04-27T01:01:16.268+0000] {processor.py:840} INFO - DAG(s) 'mlflow_model_tracking' retrieved from /home/airflow/dags/mlflow_tracking_dag.py
[2026-04-27T01:01:16.293+0000] {logging_mixin.py:188} INFO - [2026-04-27T01:01:16.293+0000] {dag.py:3036} INFO - Sync 1 DAGs
[2026-04-27T01:01:16.304+0000] {logging_mixin.py:188} INFO - [2026-04-27T01:01:16.304+0000] {dag.py:3823} INFO - Setting next_dagrun for mlflow_model_tracking to None, run_after=None
[2026-04-27T01:01:16.326+0000] {processor.py:183} INFO - Processing /home/airflow/dags/mlflow_tracking_dag.py took 0.776 seconds
[2026-04-27T01:01:47.070+0000] {processor.py:161} INFO - Started process (PID=3459) to work on /home/airflow/dags/mlflow_tracking_dag.py
[2026-04-27T01:01:47.071+0000] {processor.py:830} INFO - Processing file /home/airflow/dags/mlflow_tracking_dag.py for tasks to queue
[2026-04-27T01:01:47.072+0000] {logging_mixin.py:188} INFO - [2026-04-27T01:01:47.072+0000] {dagbag.py:538} INFO - Filling up the DagBag from /home/airflow/dags/mlflow_tracking_dag.py
[2026-04-27T01:01:47.860+0000] {processor.py:840} INFO - DAG(s) 'mlflow_model_tracking' retrieved from /home/airflow/dags/mlflow_tracking_dag.py
[2026-04-27T01:01:47.882+0000] {logging_mixin.py:188} INFO - [2026-04-27T01:01:47.882+0000] {dag.py:3036} INFO - Sync 1 DAGs
[2026-04-27T01:01:47.890+0000] {logging_mixin.py:188} INFO - [2026-04-27T01:01:47.890+0000] {dag.py:3823} INFO - Setting next_dagrun for mlflow_model_tracking to None, run_after=None
[2026-04-27T01:01:47.911+0000] {processor.py:183} INFO - Processing /home/airflow/dags/mlflow_tracking_dag.py took 0.844 seconds
[2026-04-27T01:02:18.273+0000] {processor.py:161} INFO - Started process (PID=3504) to work on /home/airflow/dags/mlflow_tracking_dag.py
[2026-04-27T01:02:18.274+0000] {processor.py:830} INFO - Processing file /home/airflow/dags/mlflow_tracking_dag.py for tasks to queue
[2026-04-27T01:02:18.275+0000] {logging_mixin.py:188} INFO - [2026-04-27T01:02:18.275+0000] {dagbag.py:538} INFO - Filling up the DagBag from /home/airflow/dags/mlflow_tracking_dag.py
[2026-04-27T01:02:19.010+0000] {processor.py:840} INFO - DAG(s) 'mlflow_model_tracking' retrieved from /home/airflow/dags/mlflow_tracking_dag.py
[2026-04-27T01:02:19.036+0000] {logging_mixin.py:188} INFO - [2026-04-27T01:02:19.036+0000] {dag.py:3036} INFO - Sync 1 DAGs
[2026-04-27T01:02:19.045+0000] {logging_mixin.py:188} INFO - [2026-04-27T01:02:19.045+0000] {dag.py:3823} INFO - Setting next_dagrun for mlflow_model_tracking to None, run_after=None
[2026-04-27T01:02:19.068+0000] {processor.py:183} INFO - Processing /home/airflow/dags/mlflow_tracking_dag.py took 0.797 seconds
[2026-04-27T01:02:49.865+0000] {processor.py:161} INFO - Started process (PID=3549) to work on /home/airflow/dags/mlflow_tracking_dag.py
[2026-04-27T01:02:49.866+0000] {processor.py:830} INFO - Processing file /home/airflow/dags/mlflow_tracking_dag.py for tasks to queue
[2026-04-27T01:02:49.867+0000] {logging_mixin.py:188} INFO - [2026-04-27T01:02:49.866+0000] {dagbag.py:538} INFO - Filling up the DagBag from /home/airflow/dags/mlflow_tracking_dag.py
[2026-04-27T01:02:50.594+0000] {processor.py:840} INFO - DAG(s) 'mlflow_model_tracking' retrieved from /home/airflow/dags/mlflow_tracking_dag.py
[2026-04-27T01:02:50.618+0000] {logging_mixin.py:188} INFO - [2026-04-27T01:02:50.618+0000] {dag.py:3036} INFO - Sync 1 DAGs
[2026-04-27T01:02:50.626+0000] {logging_mixin.py:188} INFO - [2026-04-27T01:02:50.626+0000] {dag.py:3823} INFO - Setting next_dagrun for mlflow_model_tracking to None, run_after=None
[2026-04-27T01:02:50.649+0000] {processor.py:183} INFO - Processing /home/airflow/dags/mlflow_tracking_dag.py took 0.788 seconds
[2026-04-27T01:03:21.249+0000] {processor.py:161} INFO - Started process (PID=3594) to work on /home/airflow/dags/mlflow_tracking_dag.py
[2026-04-27T01:03:21.251+0000] {processor.py:830} INFO - Processing file /home/airflow/dags/mlflow_tracking_dag.py for tasks to queue
[2026-04-27T01:03:21.252+0000] {logging_mixin.py:188} INFO - [2026-04-27T01:03:21.252+0000] {dagbag.py:538} INFO - Filling up the DagBag from /home/airflow/dags/mlflow_tracking_dag.py
[2026-04-27T01:03:22.029+0000] {processor.py:840} INFO - DAG(s) 'mlflow_model_tracking' retrieved from /home/airflow/dags/mlflow_tracking_dag.py
[2026-04-27T01:03:22.055+0000] {logging_mixin.py:188} INFO - [2026-04-27T01:03:22.055+0000] {dag.py:3036} INFO - Sync 1 DAGs
[2026-04-27T01:03:22.068+0000] {logging_mixin.py:188} INFO - [2026-04-27T01:03:22.068+0000] {dag.py:3823} INFO - Setting next_dagrun for mlflow_model_tracking to None, run_after=None
[2026-04-27T01:03:22.092+0000] {processor.py:183} INFO - Processing /home/airflow/dags/mlflow_tracking_dag.py took 0.848 seconds
[2026-04-27T01:03:52.739+0000] {processor.py:161} INFO - Started process (PID=3639) to work on /home/airflow/dags/mlflow_tracking_dag.py
[2026-04-27T01:03:52.740+0000] {processor.py:830} INFO - Processing file /home/airflow/dags/mlflow_tracking_dag.py for tasks to queue
[2026-04-27T01:03:52.741+0000] {logging_mixin.py:188} INFO - [2026-04-27T01:03:52.741+0000] {dagbag.py:538} INFO - Filling up the DagBag from /home/airflow/dags/mlflow_tracking_dag.py
[2026-04-27T01:03:53.429+0000] {processor.py:840} INFO - DAG(s) 'mlflow_model_tracking' retrieved from /home/airflow/dags/mlflow_tracking_dag.py
[2026-04-27T01:03:53.452+0000] {logging_mixin.py:188} INFO - [2026-04-27T01:03:53.452+0000] {dag.py:3036} INFO - Sync 1 DAGs
[2026-04-27T01:03:53.463+0000] {logging_mixin.py:188} INFO - [2026-04-27T01:03:53.463+0000] {dag.py:3823} INFO - Setting next_dagrun for mlflow_model_tracking to None, run_after=None
[2026-04-27T01:03:53.485+0000] {processor.py:183} INFO - Processing /home/airflow/dags/mlflow_tracking_dag.py took 0.748 seconds
[2026-04-27T01:04:23.646+0000] {processor.py:161} INFO - Started process (PID=3684) to work on /home/airflow/dags/mlflow_tracking_dag.py
[2026-04-27T01:04:23.647+0000] {processor.py:830} INFO - Processing file /home/airflow/dags/mlflow_tracking_dag.py for tasks to queue
[2026-04-27T01:04:23.648+0000] {logging_mixin.py:188} INFO - [2026-04-27T01:04:23.648+0000] {dagbag.py:538} INFO - Filling up the DagBag from /home/airflow/dags/mlflow_tracking_dag.py
[2026-04-27T01:04:24.348+0000] {processor.py:840} INFO - DAG(s) 'mlflow_model_tracking' retrieved from /home/airflow/dags/mlflow_tracking_dag.py
[2026-04-27T01:04:24.371+0000] {logging_mixin.py:188} INFO - [2026-04-27T01:04:24.370+0000] {dag.py:3036} INFO - Sync 1 DAGs
[2026-04-27T01:04:24.379+0000] {logging_mixin.py:188} INFO - [2026-04-27T01:04:24.379+0000] {dag.py:3823} INFO - Setting next_dagrun for mlflow_model_tracking to None, run_after=None
[2026-04-27T01:04:24.400+0000] {processor.py:183} INFO - Processing /home/airflow/dags/mlflow_tracking_dag.py took 0.758 seconds
[2026-04-27T01:04:54.583+0000] {processor.py:161} INFO - Started process (PID=3729) to work on /home/airflow/dags/mlflow_tracking_dag.py
[2026-04-27T01:04:54.584+0000] {processor.py:830} INFO - Processing file /home/airflow/dags/mlflow_tracking_dag.py for tasks to queue
[2026-04-27T01:04:54.585+0000] {logging_mixin.py:188} INFO - [2026-04-27T01:04:54.585+0000] {dagbag.py:538} INFO - Filling up the DagBag from /home/airflow/dags/mlflow_tracking_dag.py
[2026-04-27T01:04:55.169+0000] {processor.py:840} INFO - DAG(s) 'mlflow_model_tracking' retrieved from /home/airflow/dags/mlflow_tracking_dag.py
[2026-04-27T01:04:55.193+0000] {logging_mixin.py:188} INFO - [2026-04-27T01:04:55.193+0000] {dag.py:3036} INFO - Sync 1 DAGs
[2026-04-27T01:04:55.206+0000] {logging_mixin.py:188} INFO - [2026-04-27T01:04:55.206+0000] {dag.py:3823} INFO - Setting next_dagrun for mlflow_model_tracking to None, run_after=None
[2026-04-27T01:04:55.229+0000] {processor.py:183} INFO - Processing /home/airflow/dags/mlflow_tracking_dag.py took 0.651 seconds
[2026-04-27T01:05:25.566+0000] {processor.py:161} INFO - Started process (PID=3774) to work on /home/airflow/dags/mlflow_tracking_dag.py
[2026-04-27T01:05:25.568+0000] {processor.py:830} INFO - Processing file /home/airflow/dags/mlflow_tracking_dag.py for tasks to queue
[2026-04-27T01:05:25.569+0000] {logging_mixin.py:188} INFO - [2026-04-27T01:05:25.568+0000] {dagbag.py:538} INFO - Filling up the DagBag from /home/airflow/dags/mlflow_tracking_dag.py
[2026-04-27T01:05:26.306+0000] {processor.py:840} INFO - DAG(s) 'mlflow_model_tracking' retrieved from /home/airflow/dags/mlflow_tracking_dag.py
[2026-04-27T01:05:26.329+0000] {logging_mixin.py:188} INFO - [2026-04-27T01:05:26.328+0000] {dag.py:3036} INFO - Sync 1 DAGs
[2026-04-27T01:05:26.337+0000] {logging_mixin.py:188} INFO - [2026-04-27T01:05:26.337+0000] {dag.py:3823} INFO - Setting next_dagrun for mlflow_model_tracking to None, run_after=None
[2026-04-27T01:05:26.359+0000] {processor.py:183} INFO - Processing /home/airflow/dags/mlflow_tracking_dag.py took 0.796 seconds
[2026-04-27T01:05:57.146+0000] {processor.py:161} INFO - Started process (PID=3819) to work on /home/airflow/dags/mlflow_tracking_dag.py
[2026-04-27T01:05:57.147+0000] {processor.py:830} INFO - Processing file /home/airflow/dags/mlflow_tracking_dag.py for tasks to queue
[2026-04-27T01:05:57.148+0000] {logging_mixin.py:188} INFO - [2026-04-27T01:05:57.148+0000] {dagbag.py:538} INFO - Filling up the DagBag from /home/airflow/dags/mlflow_tracking_dag.py
[2026-04-27T01:05:57.999+0000] {processor.py:840} INFO - DAG(s) 'mlflow_model_tracking' retrieved from /home/airflow/dags/mlflow_tracking_dag.py
[2026-04-27T01:05:58.023+0000] {logging_mixin.py:188} INFO - [2026-04-27T01:05:58.023+0000] {dag.py:3036} INFO - Sync 1 DAGs
[2026-04-27T01:05:58.034+0000] {logging_mixin.py:188} INFO - [2026-04-27T01:05:58.034+0000] {dag.py:3823} INFO - Setting next_dagrun for mlflow_model_tracking to None, run_after=None
[2026-04-27T01:05:58.062+0000] {processor.py:183} INFO - Processing /home/airflow/dags/mlflow_tracking_dag.py took 0.919 seconds
[2026-04-27T01:06:28.188+0000] {processor.py:161} INFO - Started process (PID=3864) to work on /home/airflow/dags/mlflow_tracking_dag.py
[2026-04-27T01:06:28.190+0000] {processor.py:830} INFO - Processing file /home/airflow/dags/mlflow_tracking_dag.py for tasks to queue
[2026-04-27T01:06:28.191+0000] {logging_mixin.py:188} INFO - [2026-04-27T01:06:28.191+0000] {dagbag.py:538} INFO - Filling up the DagBag from /home/airflow/dags/mlflow_tracking_dag.py
[2026-04-27T01:06:29.016+0000] {processor.py:840} INFO - DAG(s) 'mlflow_model_tracking' retrieved from /home/airflow/dags/mlflow_tracking_dag.py
[2026-04-27T01:06:29.039+0000] {logging_mixin.py:188} INFO - [2026-04-27T01:06:29.037+0000] {dag.py:3036} INFO - Sync 1 DAGs
[2026-04-27T01:06:29.048+0000] {logging_mixin.py:188} INFO - [2026-04-27T01:06:29.047+0000] {dag.py:3823} INFO - Setting next_dagrun for mlflow_model_tracking to None, run_after=None
[2026-04-27T01:06:29.070+0000] {processor.py:183} INFO - Processing /home/airflow/dags/mlflow_tracking_dag.py took 0.885 seconds
[2026-04-27T01:06:59.165+0000] {processor.py:161} INFO - Started process (PID=3909) to work on /home/airflow/dags/mlflow_tracking_dag.py
[2026-04-27T01:06:59.167+0000] {processor.py:830} INFO - Processing file /home/airflow/dags/mlflow_tracking_dag.py for tasks to queue
[2026-04-27T01:06:59.168+0000] {logging_mixin.py:188} INFO - [2026-04-27T01:06:59.168+0000] {dagbag.py:538} INFO - Filling up the DagBag from /home/airflow/dags/mlflow_tracking_dag.py
[2026-04-27T01:07:00.089+0000] {processor.py:840} INFO - DAG(s) 'mlflow_model_tracking' retrieved from /home/airflow/dags/mlflow_tracking_dag.py
[2026-04-27T01:07:00.115+0000] {logging_mixin.py:188} INFO - [2026-04-27T01:07:00.115+0000] {dag.py:3036} INFO - Sync 1 DAGs
[2026-04-27T01:07:00.124+0000] {logging_mixin.py:188} INFO - [2026-04-27T01:07:00.124+0000] {dag.py:3823} INFO - Setting next_dagrun for mlflow_model_tracking to None, run_after=None
[2026-04-27T01:07:00.149+0000] {processor.py:183} INFO - Processing /home/airflow/dags/mlflow_tracking_dag.py took 0.988 seconds
[2026-04-27T01:07:30.343+0000] {processor.py:161} INFO - Started process (PID=3954) to work on /home/airflow/dags/mlflow_tracking_dag.py
[2026-04-27T01:07:30.344+0000] {processor.py:830} INFO - Processing file /home/airflow/dags/mlflow_tracking_dag.py for tasks to queue
[2026-04-27T01:07:30.345+0000] {logging_mixin.py:188} INFO - [2026-04-27T01:07:30.344+0000] {dagbag.py:538} INFO - Filling up the DagBag from /home/airflow/dags/mlflow_tracking_dag.py
[2026-04-27T01:07:31.058+0000] {processor.py:840} INFO - DAG(s) 'mlflow_model_tracking' retrieved from /home/airflow/dags/mlflow_tracking_dag.py
[2026-04-27T01:07:31.081+0000] {logging_mixin.py:188} INFO - [2026-04-27T01:07:31.080+0000] {dag.py:3036} INFO - Sync 1 DAGs
[2026-04-27T01:07:31.089+0000] {logging_mixin.py:188} INFO - [2026-04-27T01:07:31.089+0000] {dag.py:3823} INFO - Setting next_dagrun for mlflow_model_tracking to None, run_after=None
[2026-04-27T01:07:31.110+0000] {processor.py:183} INFO - Processing /home/airflow/dags/mlflow_tracking_dag.py took 0.770 seconds
[2026-04-27T01:08:01.907+0000] {processor.py:161} INFO - Started process (PID=3999) to work on /home/airflow/dags/mlflow_tracking_dag.py
[2026-04-27T01:08:01.909+0000] {processor.py:830} INFO - Processing file /home/airflow/dags/mlflow_tracking_dag.py for tasks to queue
[2026-04-27T01:08:01.910+0000] {logging_mixin.py:188} INFO - [2026-04-27T01:08:01.910+0000] {dagbag.py:538} INFO - Filling up the DagBag from /home/airflow/dags/mlflow_tracking_dag.py
[2026-04-27T01:08:02.791+0000] {processor.py:840} INFO - DAG(s) 'mlflow_model_tracking' retrieved from /home/airflow/dags/mlflow_tracking_dag.py
[2026-04-27T01:08:02.816+0000] {logging_mixin.py:188} INFO - [2026-04-27T01:08:02.816+0000] {dag.py:3036} INFO - Sync 1 DAGs
[2026-04-27T01:08:02.829+0000] {logging_mixin.py:188} INFO - [2026-04-27T01:08:02.828+0000] {dag.py:3823} INFO - Setting next_dagrun for mlflow_model_tracking to None, run_after=None
[2026-04-27T01:08:02.848+0000] {processor.py:183} INFO - Processing /home/airflow/dags/mlflow_tracking_dag.py took 0.946 seconds
[2026-04-27T01:08:33.193+0000] {processor.py:161} INFO - Started process (PID=4044) to work on /home/airflow/dags/mlflow_tracking_dag.py
[2026-04-27T01:08:33.195+0000] {processor.py:830} INFO - Processing file /home/airflow/dags/mlflow_tracking_dag.py for tasks to queue
[2026-04-27T01:08:33.196+0000] {logging_mixin.py:188} INFO - [2026-04-27T01:08:33.196+0000] {dagbag.py:538} INFO - Filling up the DagBag from /home/airflow/dags/mlflow_tracking_dag.py
[2026-04-27T01:08:34.025+0000] {processor.py:840} INFO - DAG(s) 'mlflow_model_tracking' retrieved from /home/airflow/dags/mlflow_tracking_dag.py
[2026-04-27T01:08:34.046+0000] {logging_mixin.py:188} INFO - [2026-04-27T01:08:34.046+0000] {dag.py:3036} INFO - Sync 1 DAGs
[2026-04-27T01:08:34.054+0000] {logging_mixin.py:188} INFO - [2026-04-27T01:08:34.054+0000] {dag.py:3823} INFO - Setting next_dagrun for mlflow_model_tracking to None, run_after=None
[2026-04-27T01:08:34.075+0000] {processor.py:183} INFO - Processing /home/airflow/dags/mlflow_tracking_dag.py took 0.886 seconds
[2026-04-27T01:09:04.341+0000] {processor.py:161} INFO - Started process (PID=4089) to work on /home/airflow/dags/mlflow_tracking_dag.py
[2026-04-27T01:09:04.342+0000] {processor.py:830} INFO - Processing file /home/airflow/dags/mlflow_tracking_dag.py for tasks to queue
[2026-04-27T01:09:04.344+0000] {logging_mixin.py:188} INFO - [2026-04-27T01:09:04.343+0000] {dagbag.py:538} INFO - Filling up the DagBag from /home/airflow/dags/mlflow_tracking_dag.py
[2026-04-27T01:09:05.105+0000] {processor.py:840} INFO - DAG(s) 'mlflow_model_tracking' retrieved from /home/airflow/dags/mlflow_tracking_dag.py
[2026-04-27T01:09:05.124+0000] {logging_mixin.py:188} INFO - [2026-04-27T01:09:05.124+0000] {dag.py:3036} INFO - Sync 1 DAGs
[2026-04-27T01:09:05.133+0000] {logging_mixin.py:188} INFO - [2026-04-27T01:09:05.133+0000] {dag.py:3823} INFO - Setting next_dagrun for mlflow_model_tracking to None, run_after=None
[2026-04-27T01:09:05.151+0000] {processor.py:183} INFO - Processing /home/airflow/dags/mlflow_tracking_dag.py took 0.816 seconds
[2026-04-27T01:09:35.483+0000] {processor.py:161} INFO - Started process (PID=4134) to work on /home/airflow/dags/mlflow_tracking_dag.py
[2026-04-27T01:09:35.484+0000] {processor.py:830} INFO - Processing file /home/airflow/dags/mlflow_tracking_dag.py for tasks to queue
[2026-04-27T01:09:35.485+0000] {logging_mixin.py:188} INFO - [2026-04-27T01:09:35.485+0000] {dagbag.py:538} INFO - Filling up the DagBag from /home/airflow/dags/mlflow_tracking_dag.py
[2026-04-27T01:09:36.404+0000] {processor.py:840} INFO - DAG(s) 'mlflow_model_tracking' retrieved from /home/airflow/dags/mlflow_tracking_dag.py
[2026-04-27T01:09:36.428+0000] {logging_mixin.py:188} INFO - [2026-04-27T01:09:36.427+0000] {dag.py:3036} INFO - Sync 1 DAGs
[2026-04-27T01:09:36.438+0000] {logging_mixin.py:188} INFO - [2026-04-27T01:09:36.438+0000] {dag.py:3823} INFO - Setting next_dagrun for mlflow_model_tracking to None, run_after=None
[2026-04-27T01:09:36.464+0000] {processor.py:183} INFO - Processing /home/airflow/dags/mlflow_tracking_dag.py took 0.984 seconds
[2026-04-27T01:10:06.890+0000] {processor.py:161} INFO - Started process (PID=4179) to work on /home/airflow/dags/mlflow_tracking_dag.py
[2026-04-27T01:10:06.891+0000] {processor.py:830} INFO - Processing file /home/airflow/dags/mlflow_tracking_dag.py for tasks to queue
[2026-04-27T01:10:06.893+0000] {logging_mixin.py:188} INFO - [2026-04-27T01:10:06.892+0000] {dagbag.py:538} INFO - Filling up the DagBag from /home/airflow/dags/mlflow_tracking_dag.py
[2026-04-27T01:10:07.591+0000] {processor.py:840} INFO - DAG(s) 'mlflow_model_tracking' retrieved from /home/airflow/dags/mlflow_tracking_dag.py
[2026-04-27T01:10:07.616+0000] {logging_mixin.py:188} INFO - [2026-04-27T01:10:07.616+0000] {dag.py:3036} INFO - Sync 1 DAGs
[2026-04-27T01:10:07.624+0000] {logging_mixin.py:188} INFO - [2026-04-27T01:10:07.624+0000] {dag.py:3823} INFO - Setting next_dagrun for mlflow_model_tracking to None, run_after=None
[2026-04-27T01:10:07.643+0000] {processor.py:183} INFO - Processing /home/airflow/dags/mlflow_tracking_dag.py took 0.757 seconds
[2026-04-27T01:10:38.252+0000] {processor.py:161} INFO - Started process (PID=4224) to work on /home/airflow/dags/mlflow_tracking_dag.py
[2026-04-27T01:10:38.253+0000] {processor.py:830} INFO - Processing file /home/airflow/dags/mlflow_tracking_dag.py for tasks to queue
[2026-04-27T01:10:38.254+0000] {logging_mixin.py:188} INFO - [2026-04-27T01:10:38.254+0000] {dagbag.py:538} INFO - Filling up the DagBag from /home/airflow/dags/mlflow_tracking_dag.py
[2026-04-27T01:10:39.039+0000] {processor.py:840} INFO - DAG(s) 'mlflow_model_tracking' retrieved from /home/airflow/dags/mlflow_tracking_dag.py
[2026-04-27T01:10:39.064+0000] {logging_mixin.py:188} INFO - [2026-04-27T01:10:39.064+0000] {dag.py:3036} INFO - Sync 1 DAGs
[2026-04-27T01:10:39.073+0000] {logging_mixin.py:188} INFO - [2026-04-27T01:10:39.073+0000] {dag.py:3823} INFO - Setting next_dagrun for mlflow_model_tracking to None, run_after=None
[2026-04-27T01:10:39.095+0000] {processor.py:183} INFO - Processing /home/airflow/dags/mlflow_tracking_dag.py took 0.846 seconds
[2026-04-27T01:11:09.679+0000] {processor.py:161} INFO - Started process (PID=4269) to work on /home/airflow/dags/mlflow_tracking_dag.py
[2026-04-27T01:11:09.681+0000] {processor.py:830} INFO - Processing file /home/airflow/dags/mlflow_tracking_dag.py for tasks to queue
[2026-04-27T01:11:09.682+0000] {logging_mixin.py:188} INFO - [2026-04-27T01:11:09.681+0000] {dagbag.py:538} INFO - Filling up the DagBag from /home/airflow/dags/mlflow_tracking_dag.py
[2026-04-27T01:11:10.433+0000] {processor.py:840} INFO - DAG(s) 'mlflow_model_tracking' retrieved from /home/airflow/dags/mlflow_tracking_dag.py
[2026-04-27T01:11:10.456+0000] {logging_mixin.py:188} INFO - [2026-04-27T01:11:10.455+0000] {dag.py:3036} INFO - Sync 1 DAGs
[2026-04-27T01:11:10.464+0000] {logging_mixin.py:188} INFO - [2026-04-27T01:11:10.464+0000] {dag.py:3823} INFO - Setting next_dagrun for mlflow_model_tracking to None, run_after=None
[2026-04-27T01:11:10.505+0000] {processor.py:183} INFO - Processing /home/airflow/dags/mlflow_tracking_dag.py took 0.833 seconds
[2026-04-27T01:11:40.703+0000] {processor.py:161} INFO - Started process (PID=4314) to work on /home/airflow/dags/mlflow_tracking_dag.py
[2026-04-27T01:11:40.704+0000] {processor.py:830} INFO - Processing file /home/airflow/dags/mlflow_tracking_dag.py for tasks to queue
[2026-04-27T01:11:40.706+0000] {logging_mixin.py:188} INFO - [2026-04-27T01:11:40.705+0000] {dagbag.py:538} INFO - Filling up the DagBag from /home/airflow/dags/mlflow_tracking_dag.py
[2026-04-27T01:11:41.443+0000] {processor.py:840} INFO - DAG(s) 'mlflow_model_tracking' retrieved from /home/airflow/dags/mlflow_tracking_dag.py
[2026-04-27T01:11:41.465+0000] {logging_mixin.py:188} INFO - [2026-04-27T01:11:41.465+0000] {dag.py:3036} INFO - Sync 1 DAGs
[2026-04-27T01:11:41.473+0000] {logging_mixin.py:188} INFO - [2026-04-27T01:11:41.473+0000] {dag.py:3823} INFO - Setting next_dagrun for mlflow_model_tracking to None, run_after=None
[2026-04-27T01:11:41.494+0000] {processor.py:183} INFO - Processing /home/airflow/dags/mlflow_tracking_dag.py took 0.794 seconds
[2026-04-27T01:12:11.703+0000] {processor.py:161} INFO - Started process (PID=4359) to work on /home/airflow/dags/mlflow_tracking_dag.py
[2026-04-27T01:12:11.704+0000] {processor.py:830} INFO - Processing file /home/airflow/dags/mlflow_tracking_dag.py for tasks to queue
[2026-04-27T01:12:11.706+0000] {logging_mixin.py:188} INFO - [2026-04-27T01:12:11.705+0000] {dagbag.py:538} INFO - Filling up the DagBag from /home/airflow/dags/mlflow_tracking_dag.py
[2026-04-27T01:12:12.460+0000] {processor.py:840} INFO - DAG(s) 'mlflow_model_tracking' retrieved from /home/airflow/dags/mlflow_tracking_dag.py
[2026-04-27T01:12:12.482+0000] {logging_mixin.py:188} INFO - [2026-04-27T01:12:12.482+0000] {dag.py:3036} INFO - Sync 1 DAGs
[2026-04-27T01:12:12.491+0000] {logging_mixin.py:188} INFO - [2026-04-27T01:12:12.491+0000] {dag.py:3823} INFO - Setting next_dagrun for mlflow_model_tracking to None, run_after=None
[2026-04-27T01:12:12.515+0000] {processor.py:183} INFO - Processing /home/airflow/dags/mlflow_tracking_dag.py took 0.816 seconds
[2026-04-27T01:12:42.802+0000] {processor.py:161} INFO - Started process (PID=4404) to work on /home/airflow/dags/mlflow_tracking_dag.py
[2026-04-27T01:12:42.803+0000] {processor.py:830} INFO - Processing file /home/airflow/dags/mlflow_tracking_dag.py for tasks to queue
[2026-04-27T01:12:42.805+0000] {logging_mixin.py:188} INFO - [2026-04-27T01:12:42.804+0000] {dagbag.py:538} INFO - Filling up the DagBag from /home/airflow/dags/mlflow_tracking_dag.py
[2026-04-27T01:12:43.760+0000] {processor.py:840} INFO - DAG(s) 'mlflow_model_tracking' retrieved from /home/airflow/dags/mlflow_tracking_dag.py
[2026-04-27T01:12:43.787+0000] {logging_mixin.py:188} INFO - [2026-04-27T01:12:43.787+0000] {dag.py:3036} INFO - Sync 1 DAGs
[2026-04-27T01:12:43.802+0000] {logging_mixin.py:188} INFO - [2026-04-27T01:12:43.802+0000] {dag.py:3823} INFO - Setting next_dagrun for mlflow_model_tracking to None, run_after=None
[2026-04-27T01:12:43.831+0000] {processor.py:183} INFO - Processing /home/airflow/dags/mlflow_tracking_dag.py took 1.033 seconds
[2026-04-27T01:13:14.198+0000] {processor.py:161} INFO - Started process (PID=4449) to work on /home/airflow/dags/mlflow_tracking_dag.py
[2026-04-27T01:13:14.200+0000] {processor.py:830} INFO - Processing file /home/airflow/dags/mlflow_tracking_dag.py for tasks to queue
[2026-04-27T01:13:14.202+0000] {logging_mixin.py:188} INFO - [2026-04-27T01:13:14.201+0000] {dagbag.py:538} INFO - Filling up the DagBag from /home/airflow/dags/mlflow_tracking_dag.py
[2026-04-27T01:13:14.949+0000] {processor.py:840} INFO - DAG(s) 'mlflow_model_tracking' retrieved from /home/airflow/dags/mlflow_tracking_dag.py
[2026-04-27T01:13:14.974+0000] {logging_mixin.py:188} INFO - [2026-04-27T01:13:14.974+0000] {dag.py:3036} INFO - Sync 1 DAGs
[2026-04-27T01:13:14.985+0000] {logging_mixin.py:188} INFO - [2026-04-27T01:13:14.985+0000] {dag.py:3823} INFO - Setting next_dagrun for mlflow_model_tracking to None, run_after=None
[2026-04-27T01:13:15.007+0000] {processor.py:183} INFO - Processing /home/airflow/dags/mlflow_tracking_dag.py took 0.816 seconds
[2026-04-27T01:13:45.251+0000] {processor.py:161} INFO - Started process (PID=4494) to work on /home/airflow/dags/mlflow_tracking_dag.py
[2026-04-27T01:13:45.253+0000] {processor.py:830} INFO - Processing file /home/airflow/dags/mlflow_tracking_dag.py for tasks to queue
[2026-04-27T01:13:45.254+0000] {logging_mixin.py:188} INFO - [2026-04-27T01:13:45.254+0000] {dagbag.py:538} INFO - Filling up the DagBag from /home/airflow/dags/mlflow_tracking_dag.py
[2026-04-27T01:13:46.058+0000] {processor.py:840} INFO - DAG(s) 'mlflow_model_tracking' retrieved from /home/airflow/dags/mlflow_tracking_dag.py
[2026-04-27T01:13:46.084+0000] {logging_mixin.py:188} INFO - [2026-04-27T01:13:46.083+0000] {dag.py:3036} INFO - Sync 1 DAGs
[2026-04-27T01:13:46.092+0000] {logging_mixin.py:188} INFO - [2026-04-27T01:13:46.092+0000] {dag.py:3823} INFO - Setting next_dagrun for mlflow_model_tracking to None, run_after=None
[2026-04-27T01:13:46.114+0000] {processor.py:183} INFO - Processing /home/airflow/dags/mlflow_tracking_dag.py took 0.866 seconds
[2026-04-27T01:14:16.720+0000] {processor.py:161} INFO - Started process (PID=4539) to work on /home/airflow/dags/mlflow_tracking_dag.py
[2026-04-27T01:14:16.721+0000] {processor.py:830} INFO - Processing file /home/airflow/dags/mlflow_tracking_dag.py for tasks to queue
[2026-04-27T01:14:16.722+0000] {logging_mixin.py:188} INFO - [2026-04-27T01:14:16.722+0000] {dagbag.py:538} INFO - Filling up the DagBag from /home/airflow/dags/mlflow_tracking_dag.py
[2026-04-27T01:14:17.419+0000] {processor.py:840} INFO - DAG(s) 'mlflow_model_tracking' retrieved from /home/airflow/dags/mlflow_tracking_dag.py
[2026-04-27T01:14:17.445+0000] {logging_mixin.py:188} INFO - [2026-04-27T01:14:17.445+0000] {dag.py:3036} INFO - Sync 1 DAGs
[2026-04-27T01:14:17.455+0000] {logging_mixin.py:188} INFO - [2026-04-27T01:14:17.455+0000] {dag.py:3823} INFO - Setting next_dagrun for mlflow_model_tracking to None, run_after=None
[2026-04-27T01:14:17.481+0000] {processor.py:183} INFO - Processing /home/airflow/dags/mlflow_tracking_dag.py took 0.765 seconds
[2026-04-27T01:14:47.543+0000] {processor.py:161} INFO - Started process (PID=4584) to work on /home/airflow/dags/mlflow_tracking_dag.py
[2026-04-27T01:14:47.544+0000] {processor.py:830} INFO - Processing file /home/airflow/dags/mlflow_tracking_dag.py for tasks to queue
[2026-04-27T01:14:47.545+0000] {logging_mixin.py:188} INFO - [2026-04-27T01:14:47.545+0000] {dagbag.py:538} INFO - Filling up the DagBag from /home/airflow/dags/mlflow_tracking_dag.py
[2026-04-27T01:14:48.235+0000] {processor.py:840} INFO - DAG(s) 'mlflow_model_tracking' retrieved from /home/airflow/dags/mlflow_tracking_dag.py
[2026-04-27T01:14:48.257+0000] {logging_mixin.py:188} INFO - [2026-04-27T01:14:48.257+0000] {dag.py:3036} INFO - Sync 1 DAGs
[2026-04-27T01:14:48.266+0000] {logging_mixin.py:188} INFO - [2026-04-27T01:14:48.265+0000] {dag.py:3823} INFO - Setting next_dagrun for mlflow_model_tracking to None, run_after=None
[2026-04-27T01:14:48.286+0000] {processor.py:183} INFO - Processing /home/airflow/dags/mlflow_tracking_dag.py took 0.747 seconds
[2026-04-27T01:15:19.157+0000] {processor.py:161} INFO - Started process (PID=4629) to work on /home/airflow/dags/mlflow_tracking_dag.py
[2026-04-27T01:15:19.159+0000] {processor.py:830} INFO - Processing file /home/airflow/dags/mlflow_tracking_dag.py for tasks to queue
[2026-04-27T01:15:19.160+0000] {logging_mixin.py:188} INFO - [2026-04-27T01:15:19.159+0000] {dagbag.py:538} INFO - Filling up the DagBag from /home/airflow/dags/mlflow_tracking_dag.py
[2026-04-27T01:15:19.870+0000] {processor.py:840} INFO - DAG(s) 'mlflow_model_tracking' retrieved from /home/airflow/dags/mlflow_tracking_dag.py
[2026-04-27T01:15:19.899+0000] {logging_mixin.py:188} INFO - [2026-04-27T01:15:19.898+0000] {dag.py:3036} INFO - Sync 1 DAGs
[2026-04-27T01:15:19.913+0000] {logging_mixin.py:188} INFO - [2026-04-27T01:15:19.913+0000] {dag.py:3823} INFO - Setting next_dagrun for mlflow_model_tracking to None, run_after=None
[2026-04-27T01:15:19.940+0000] {processor.py:183} INFO - Processing /home/airflow/dags/mlflow_tracking_dag.py took 0.786 seconds
[2026-04-27T01:15:50.640+0000] {processor.py:161} INFO - Started process (PID=4674) to work on /home/airflow/dags/mlflow_tracking_dag.py
[2026-04-27T01:15:50.641+0000] {processor.py:830} INFO - Processing file /home/airflow/dags/mlflow_tracking_dag.py for tasks to queue
[2026-04-27T01:15:50.642+0000] {logging_mixin.py:188} INFO - [2026-04-27T01:15:50.642+0000] {dagbag.py:538} INFO - Filling up the DagBag from /home/airflow/dags/mlflow_tracking_dag.py
[2026-04-27T01:15:51.312+0000] {processor.py:840} INFO - DAG(s) 'mlflow_model_tracking' retrieved from /home/airflow/dags/mlflow_tracking_dag.py
[2026-04-27T01:15:51.333+0000] {logging_mixin.py:188} INFO - [2026-04-27T01:15:51.333+0000] {dag.py:3036} INFO - Sync 1 DAGs
[2026-04-27T01:15:51.341+0000] {logging_mixin.py:188} INFO - [2026-04-27T01:15:51.341+0000] {dag.py:3823} INFO - Setting next_dagrun for mlflow_model_tracking to None, run_after=None
[2026-04-27T01:15:51.366+0000] {processor.py:183} INFO - Processing /home/airflow/dags/mlflow_tracking_dag.py took 0.729 seconds
[2026-04-27T01:16:21.497+0000] {processor.py:161} INFO - Started process (PID=4719) to work on /home/airflow/dags/mlflow_tracking_dag.py
[2026-04-27T01:16:21.498+0000] {processor.py:830} INFO - Processing file /home/airflow/dags/mlflow_tracking_dag.py for tasks to queue
[2026-04-27T01:16:21.500+0000] {logging_mixin.py:188} INFO - [2026-04-27T01:16:21.499+0000] {dagbag.py:538} INFO - Filling up the DagBag from /home/airflow/dags/mlflow_tracking_dag.py
[2026-04-27T01:16:22.272+0000] {processor.py:840} INFO - DAG(s) 'mlflow_model_tracking' retrieved from /home/airflow/dags/mlflow_tracking_dag.py
[2026-04-27T01:16:22.298+0000] {logging_mixin.py:188} INFO - [2026-04-27T01:16:22.297+0000] {dag.py:3036} INFO - Sync 1 DAGs
[2026-04-27T01:16:22.308+0000] {logging_mixin.py:188} INFO - [2026-04-27T01:16:22.307+0000] {dag.py:3823} INFO - Setting next_dagrun for mlflow_model_tracking to None, run_after=None
[2026-04-27T01:16:22.327+0000] {processor.py:183} INFO - Processing /home/airflow/dags/mlflow_tracking_dag.py took 0.833 seconds
[2026-04-27T01:16:53.061+0000] {processor.py:161} INFO - Started process (PID=4764) to work on /home/airflow/dags/mlflow_tracking_dag.py
[2026-04-27T01:16:53.062+0000] {processor.py:830} INFO - Processing file /home/airflow/dags/mlflow_tracking_dag.py for tasks to queue
[2026-04-27T01:16:53.063+0000] {logging_mixin.py:188} INFO - [2026-04-27T01:16:53.063+0000] {dagbag.py:538} INFO - Filling up the DagBag from /home/airflow/dags/mlflow_tracking_dag.py
[2026-04-27T01:16:53.851+0000] {processor.py:840} INFO - DAG(s) 'mlflow_model_tracking' retrieved from /home/airflow/dags/mlflow_tracking_dag.py
[2026-04-27T01:16:53.874+0000] {logging_mixin.py:188} INFO - [2026-04-27T01:16:53.874+0000] {dag.py:3036} INFO - Sync 1 DAGs
[2026-04-27T01:16:53.885+0000] {logging_mixin.py:188} INFO - [2026-04-27T01:16:53.885+0000] {dag.py:3823} INFO - Setting next_dagrun for mlflow_model_tracking to None, run_after=None
[2026-04-27T01:16:53.902+0000] {processor.py:183} INFO - Processing /home/airflow/dags/mlflow_tracking_dag.py took 0.845 seconds
[2026-04-27T01:17:24.290+0000] {processor.py:161} INFO - Started process (PID=4809) to work on /home/airflow/dags/mlflow_tracking_dag.py
[2026-04-27T01:17:24.292+0000] {processor.py:830} INFO - Processing file /home/airflow/dags/mlflow_tracking_dag.py for tasks to queue
[2026-04-27T01:17:24.293+0000] {logging_mixin.py:188} INFO - [2026-04-27T01:17:24.293+0000] {dagbag.py:538} INFO - Filling up the DagBag from /home/airflow/dags/mlflow_tracking_dag.py
[2026-04-27T01:17:25.332+0000] {processor.py:840} INFO - DAG(s) 'mlflow_model_tracking' retrieved from /home/airflow/dags/mlflow_tracking_dag.py
[2026-04-27T01:17:25.357+0000] {logging_mixin.py:188} INFO - [2026-04-27T01:17:25.357+0000] {dag.py:3036} INFO - Sync 1 DAGs
[2026-04-27T01:17:25.367+0000] {logging_mixin.py:188} INFO - [2026-04-27T01:17:25.366+0000] {dag.py:3823} INFO - Setting next_dagrun for mlflow_model_tracking to None, run_after=None
[2026-04-27T01:17:25.388+0000] {processor.py:183} INFO - Processing /home/airflow/dags/mlflow_tracking_dag.py took 1.101 seconds
[2026-04-27T01:17:55.471+0000] {processor.py:161} INFO - Started process (PID=4854) to work on /home/airflow/dags/mlflow_tracking_dag.py
[2026-04-27T01:17:55.474+0000] {processor.py:830} INFO - Processing file /home/airflow/dags/mlflow_tracking_dag.py for tasks to queue
[2026-04-27T01:17:55.476+0000] {logging_mixin.py:188} INFO - [2026-04-27T01:17:55.475+0000] {dagbag.py:538} INFO - Filling up the DagBag from /home/airflow/dags/mlflow_tracking_dag.py
[2026-04-27T01:17:56.320+0000] {processor.py:840} INFO - DAG(s) 'mlflow_model_tracking' retrieved from /home/airflow/dags/mlflow_tracking_dag.py
[2026-04-27T01:17:56.343+0000] {logging_mixin.py:188} INFO - [2026-04-27T01:17:56.342+0000] {dag.py:3036} INFO - Sync 1 DAGs
[2026-04-27T01:17:56.354+0000] {logging_mixin.py:188} INFO - [2026-04-27T01:17:56.353+0000] {dag.py:3823} INFO - Setting next_dagrun for mlflow_model_tracking to None, run_after=None
[2026-04-27T01:17:56.375+0000] {processor.py:183} INFO - Processing /home/airflow/dags/mlflow_tracking_dag.py took 0.912 seconds
[2026-04-27T01:18:26.554+0000] {processor.py:161} INFO - Started process (PID=4903) to work on /home/airflow/dags/mlflow_tracking_dag.py
[2026-04-27T01:18:26.556+0000] {processor.py:830} INFO - Processing file /home/airflow/dags/mlflow_tracking_dag.py for tasks to queue
[2026-04-27T01:18:26.557+0000] {logging_mixin.py:188} INFO - [2026-04-27T01:18:26.557+0000] {dagbag.py:538} INFO - Filling up the DagBag from /home/airflow/dags/mlflow_tracking_dag.py
[2026-04-27T01:18:27.245+0000] {processor.py:840} INFO - DAG(s) 'mlflow_model_tracking' retrieved from /home/airflow/dags/mlflow_tracking_dag.py
[2026-04-27T01:18:27.268+0000] {logging_mixin.py:188} INFO - [2026-04-27T01:18:27.267+0000] {dag.py:3036} INFO - Sync 1 DAGs
[2026-04-27T01:18:27.278+0000] {logging_mixin.py:188} INFO - [2026-04-27T01:18:27.277+0000] {dag.py:3823} INFO - Setting next_dagrun for mlflow_model_tracking to None, run_after=None
[2026-04-27T01:18:27.298+0000] {processor.py:183} INFO - Processing /home/airflow/dags/mlflow_tracking_dag.py took 0.748 seconds
[2026-04-27T01:18:57.673+0000] {processor.py:161} INFO - Started process (PID=4944) to work on /home/airflow/dags/mlflow_tracking_dag.py
[2026-04-27T01:18:57.674+0000] {processor.py:830} INFO - Processing file /home/airflow/dags/mlflow_tracking_dag.py for tasks to queue
[2026-04-27T01:18:57.675+0000] {logging_mixin.py:188} INFO - [2026-04-27T01:18:57.675+0000] {dagbag.py:538} INFO - Filling up the DagBag from /home/airflow/dags/mlflow_tracking_dag.py
[2026-04-27T01:18:58.398+0000] {processor.py:840} INFO - DAG(s) 'mlflow_model_tracking' retrieved from /home/airflow/dags/mlflow_tracking_dag.py
[2026-04-27T01:18:58.420+0000] {logging_mixin.py:188} INFO - [2026-04-27T01:18:58.419+0000] {dag.py:3036} INFO - Sync 1 DAGs
[2026-04-27T01:18:58.428+0000] {logging_mixin.py:188} INFO - [2026-04-27T01:18:58.427+0000] {dag.py:3823} INFO - Setting next_dagrun for mlflow_model_tracking to None, run_after=None
[2026-04-27T01:18:58.448+0000] {processor.py:183} INFO - Processing /home/airflow/dags/mlflow_tracking_dag.py took 0.779 seconds
[2026-04-27T01:19:28.776+0000] {processor.py:161} INFO - Started process (PID=4995) to work on /home/airflow/dags/mlflow_tracking_dag.py
[2026-04-27T01:19:28.777+0000] {processor.py:830} INFO - Processing file /home/airflow/dags/mlflow_tracking_dag.py for tasks to queue
[2026-04-27T01:19:28.778+0000] {logging_mixin.py:188} INFO - [2026-04-27T01:19:28.778+0000] {dagbag.py:538} INFO - Filling up the DagBag from /home/airflow/dags/mlflow_tracking_dag.py
[2026-04-27T01:19:29.438+0000] {processor.py:840} INFO - DAG(s) 'mlflow_model_tracking' retrieved from /home/airflow/dags/mlflow_tracking_dag.py
[2026-04-27T01:19:29.463+0000] {logging_mixin.py:188} INFO - [2026-04-27T01:19:29.463+0000] {dag.py:3036} INFO - Sync 1 DAGs
[2026-04-27T01:19:29.472+0000] {logging_mixin.py:188} INFO - [2026-04-27T01:19:29.472+0000] {dag.py:3823} INFO - Setting next_dagrun for mlflow_model_tracking to None, run_after=None
[2026-04-27T01:19:29.493+0000] {processor.py:183} INFO - Processing /home/airflow/dags/mlflow_tracking_dag.py took 0.719 seconds
[2026-04-27T01:20:00.162+0000] {processor.py:161} INFO - Started process (PID=5040) to work on /home/airflow/dags/mlflow_tracking_dag.py
[2026-04-27T01:20:00.163+0000] {processor.py:830} INFO - Processing file /home/airflow/dags/mlflow_tracking_dag.py for tasks to queue
[2026-04-27T01:20:00.165+0000] {logging_mixin.py:188} INFO - [2026-04-27T01:20:00.164+0000] {dagbag.py:538} INFO - Filling up the DagBag from /home/airflow/dags/mlflow_tracking_dag.py
[2026-04-27T01:20:00.920+0000] {processor.py:840} INFO - DAG(s) 'mlflow_model_tracking' retrieved from /home/airflow/dags/mlflow_tracking_dag.py
[2026-04-27T01:20:00.944+0000] {logging_mixin.py:188} INFO - [2026-04-27T01:20:00.944+0000] {dag.py:3036} INFO - Sync 1 DAGs
[2026-04-27T01:20:00.955+0000] {logging_mixin.py:188} INFO - [2026-04-27T01:20:00.954+0000] {dag.py:3823} INFO - Setting next_dagrun for mlflow_model_tracking to None, run_after=None
[2026-04-27T01:20:00.977+0000] {processor.py:183} INFO - Processing /home/airflow/dags/mlflow_tracking_dag.py took 0.818 seconds
[2026-04-27T01:20:31.442+0000] {processor.py:161} INFO - Started process (PID=5085) to work on /home/airflow/dags/mlflow_tracking_dag.py
[2026-04-27T01:20:31.443+0000] {processor.py:830} INFO - Processing file /home/airflow/dags/mlflow_tracking_dag.py for tasks to queue
[2026-04-27T01:20:31.444+0000] {logging_mixin.py:188} INFO - [2026-04-27T01:20:31.444+0000] {dagbag.py:538} INFO - Filling up the DagBag from /home/airflow/dags/mlflow_tracking_dag.py
[2026-04-27T01:20:32.114+0000] {processor.py:840} INFO - DAG(s) 'mlflow_model_tracking' retrieved from /home/airflow/dags/mlflow_tracking_dag.py
[2026-04-27T01:20:32.136+0000] {logging_mixin.py:188} INFO - [2026-04-27T01:20:32.136+0000] {dag.py:3036} INFO - Sync 1 DAGs
[2026-04-27T01:20:32.146+0000] {logging_mixin.py:188} INFO - [2026-04-27T01:20:32.145+0000] {dag.py:3823} INFO - Setting next_dagrun for mlflow_model_tracking to None, run_after=None
[2026-04-27T01:20:32.175+0000] {processor.py:183} INFO - Processing /home/airflow/dags/mlflow_tracking_dag.py took 0.737 seconds
[2026-04-27T01:21:02.662+0000] {processor.py:161} INFO - Started process (PID=5130) to work on /home/airflow/dags/mlflow_tracking_dag.py
[2026-04-27T01:21:02.664+0000] {processor.py:830} INFO - Processing file /home/airflow/dags/mlflow_tracking_dag.py for tasks to queue
[2026-04-27T01:21:02.665+0000] {logging_mixin.py:188} INFO - [2026-04-27T01:21:02.664+0000] {dagbag.py:538} INFO - Filling up the DagBag from /home/airflow/dags/mlflow_tracking_dag.py
[2026-04-27T01:21:03.541+0000] {processor.py:840} INFO - DAG(s) 'mlflow_model_tracking' retrieved from /home/airflow/dags/mlflow_tracking_dag.py
[2026-04-27T01:21:03.563+0000] {logging_mixin.py:188} INFO - [2026-04-27T01:21:03.562+0000] {dag.py:3036} INFO - Sync 1 DAGs
[2026-04-27T01:21:03.573+0000] {logging_mixin.py:188} INFO - [2026-04-27T01:21:03.573+0000] {dag.py:3823} INFO - Setting next_dagrun for mlflow_model_tracking to None, run_after=None
[2026-04-27T01:21:03.594+0000] {processor.py:183} INFO - Processing /home/airflow/dags/mlflow_tracking_dag.py took 0.936 seconds
[2026-04-27T01:21:33.719+0000] {processor.py:161} INFO - Started process (PID=5175) to work on /home/airflow/dags/mlflow_tracking_dag.py
[2026-04-27T01:21:33.720+0000] {processor.py:830} INFO - Processing file /home/airflow/dags/mlflow_tracking_dag.py for tasks to queue
[2026-04-27T01:21:33.721+0000] {logging_mixin.py:188} INFO - [2026-04-27T01:21:33.721+0000] {dagbag.py:538} INFO - Filling up the DagBag from /home/airflow/dags/mlflow_tracking_dag.py
[2026-04-27T01:21:34.515+0000] {processor.py:840} INFO - DAG(s) 'mlflow_model_tracking' retrieved from /home/airflow/dags/mlflow_tracking_dag.py
[2026-04-27T01:21:34.539+0000] {logging_mixin.py:188} INFO - [2026-04-27T01:21:34.538+0000] {dag.py:3036} INFO - Sync 1 DAGs
[2026-04-27T01:21:34.549+0000] {logging_mixin.py:188} INFO - [2026-04-27T01:21:34.549+0000] {dag.py:3823} INFO - Setting next_dagrun for mlflow_model_tracking to None, run_after=None
[2026-04-27T01:21:34.571+0000] {processor.py:183} INFO - Processing /home/airflow/dags/mlflow_tracking_dag.py took 0.855 seconds
[2026-04-27T01:22:04.921+0000] {processor.py:161} INFO - Started process (PID=5220) to work on /home/airflow/dags/mlflow_tracking_dag.py
[2026-04-27T01:22:04.922+0000] {processor.py:830} INFO - Processing file /home/airflow/dags/mlflow_tracking_dag.py for tasks to queue
[2026-04-27T01:22:04.923+0000] {logging_mixin.py:188} INFO - [2026-04-27T01:22:04.923+0000] {dagbag.py:538} INFO - Filling up the DagBag from /home/airflow/dags/mlflow_tracking_dag.py
[2026-04-27T01:22:05.634+0000] {processor.py:840} INFO - DAG(s) 'mlflow_model_tracking' retrieved from /home/airflow/dags/mlflow_tracking_dag.py
[2026-04-27T01:22:05.660+0000] {logging_mixin.py:188} INFO - [2026-04-27T01:22:05.660+0000] {dag.py:3036} INFO - Sync 1 DAGs
[2026-04-27T01:22:05.669+0000] {logging_mixin.py:188} INFO - [2026-04-27T01:22:05.669+0000] {dag.py:3823} INFO - Setting next_dagrun for mlflow_model_tracking to None, run_after=None
[2026-04-27T01:22:05.695+0000] {processor.py:183} INFO - Processing /home/airflow/dags/mlflow_tracking_dag.py took 0.777 seconds
[2026-04-27T01:22:36.002+0000] {processor.py:161} INFO - Started process (PID=5265) to work on /home/airflow/dags/mlflow_tracking_dag.py
[2026-04-27T01:22:36.004+0000] {processor.py:830} INFO - Processing file /home/airflow/dags/mlflow_tracking_dag.py for tasks to queue
[2026-04-27T01:22:36.005+0000] {logging_mixin.py:188} INFO - [2026-04-27T01:22:36.005+0000] {dagbag.py:538} INFO - Filling up the DagBag from /home/airflow/dags/mlflow_tracking_dag.py
[2026-04-27T01:22:36.764+0000] {processor.py:840} INFO - DAG(s) 'mlflow_model_tracking' retrieved from /home/airflow/dags/mlflow_tracking_dag.py
[2026-04-27T01:22:36.786+0000] {logging_mixin.py:188} INFO - [2026-04-27T01:22:36.786+0000] {dag.py:3036} INFO - Sync 1 DAGs
[2026-04-27T01:22:36.795+0000] {logging_mixin.py:188} INFO - [2026-04-27T01:22:36.795+0000] {dag.py:3823} INFO - Setting next_dagrun for mlflow_model_tracking to None, run_after=None
[2026-04-27T01:22:36.817+0000] {processor.py:183} INFO - Processing /home/airflow/dags/mlflow_tracking_dag.py took 0.819 seconds
[2026-04-27T01:23:07.301+0000] {processor.py:161} INFO - Started process (PID=5310) to work on /home/airflow/dags/mlflow_tracking_dag.py
[2026-04-27T01:23:07.303+0000] {processor.py:830} INFO - Processing file /home/airflow/dags/mlflow_tracking_dag.py for tasks to queue
[2026-04-27T01:23:07.304+0000] {logging_mixin.py:188} INFO - [2026-04-27T01:23:07.303+0000] {dagbag.py:538} INFO - Filling up the DagBag from /home/airflow/dags/mlflow_tracking_dag.py
[2026-04-27T01:23:07.966+0000] {processor.py:840} INFO - DAG(s) 'mlflow_model_tracking' retrieved from /home/airflow/dags/mlflow_tracking_dag.py
[2026-04-27T01:23:07.990+0000] {logging_mixin.py:188} INFO - [2026-04-27T01:23:07.989+0000] {dag.py:3036} INFO - Sync 1 DAGs
[2026-04-27T01:23:07.997+0000] {logging_mixin.py:188} INFO - [2026-04-27T01:23:07.997+0000] {dag.py:3823} INFO - Setting next_dagrun for mlflow_model_tracking to None, run_after=None
[2026-04-27T01:23:08.020+0000] {processor.py:183} INFO - Processing /home/airflow/dags/mlflow_tracking_dag.py took 0.722 seconds
[2026-04-27T01:23:38.511+0000] {processor.py:161} INFO - Started process (PID=5355) to work on /home/airflow/dags/mlflow_tracking_dag.py
[2026-04-27T01:23:38.512+0000] {processor.py:830} INFO - Processing file /home/airflow/dags/mlflow_tracking_dag.py for tasks to queue
[2026-04-27T01:23:38.513+0000] {logging_mixin.py:188} INFO - [2026-04-27T01:23:38.512+0000] {dagbag.py:538} INFO - Filling up the DagBag from /home/airflow/dags/mlflow_tracking_dag.py
[2026-04-27T01:23:39.178+0000] {processor.py:840} INFO - DAG(s) 'mlflow_model_tracking' retrieved from /home/airflow/dags/mlflow_tracking_dag.py
[2026-04-27T01:23:39.201+0000] {logging_mixin.py:188} INFO - [2026-04-27T01:23:39.200+0000] {dag.py:3036} INFO - Sync 1 DAGs
[2026-04-27T01:23:39.338+0000] {logging_mixin.py:188} INFO - [2026-04-27T01:23:39.338+0000] {dag.py:3823} INFO - Setting next_dagrun for mlflow_model_tracking to None, run_after=None
[2026-04-27T01:23:39.361+0000] {processor.py:183} INFO - Processing /home/airflow/dags/mlflow_tracking_dag.py took 0.854 seconds
[2026-04-27T01:24:09.600+0000] {processor.py:161} INFO - Started process (PID=5400) to work on /home/airflow/dags/mlflow_tracking_dag.py
[2026-04-27T01:24:09.601+0000] {processor.py:830} INFO - Processing file /home/airflow/dags/mlflow_tracking_dag.py for tasks to queue
[2026-04-27T01:24:09.603+0000] {logging_mixin.py:188} INFO - [2026-04-27T01:24:09.602+0000] {dagbag.py:538} INFO - Filling up the DagBag from /home/airflow/dags/mlflow_tracking_dag.py
[2026-04-27T01:24:10.450+0000] {processor.py:840} INFO - DAG(s) 'mlflow_model_tracking' retrieved from /home/airflow/dags/mlflow_tracking_dag.py
[2026-04-27T01:24:10.490+0000] {logging_mixin.py:188} INFO - [2026-04-27T01:24:10.489+0000] {dag.py:3036} INFO - Sync 1 DAGs
[2026-04-27T01:24:10.698+0000] {logging_mixin.py:188} INFO - [2026-04-27T01:24:10.697+0000] {dag.py:3823} INFO - Setting next_dagrun for mlflow_model_tracking to None, run_after=None
[2026-04-27T01:24:10.717+0000] {processor.py:183} INFO - Processing /home/airflow/dags/mlflow_tracking_dag.py took 1.121 seconds
[2026-04-27T01:24:40.854+0000] {processor.py:161} INFO - Started process (PID=5445) to work on /home/airflow/dags/mlflow_tracking_dag.py
[2026-04-27T01:24:40.855+0000] {processor.py:830} INFO - Processing file /home/airflow/dags/mlflow_tracking_dag.py for tasks to queue
[2026-04-27T01:24:40.856+0000] {logging_mixin.py:188} INFO - [2026-04-27T01:24:40.856+0000] {dagbag.py:538} INFO - Filling up the DagBag from /home/airflow/dags/mlflow_tracking_dag.py
[2026-04-27T01:24:41.451+0000] {processor.py:840} INFO - DAG(s) 'mlflow_model_tracking' retrieved from /home/airflow/dags/mlflow_tracking_dag.py
[2026-04-27T01:24:41.599+0000] {logging_mixin.py:188} INFO - [2026-04-27T01:24:41.599+0000] {dag.py:3036} INFO - Sync 1 DAGs
[2026-04-27T01:24:41.607+0000] {logging_mixin.py:188} INFO - [2026-04-27T01:24:41.607+0000] {dag.py:3823} INFO - Setting next_dagrun for mlflow_model_tracking to None, run_after=None
[2026-04-27T01:24:41.629+0000] {processor.py:183} INFO - Processing /home/airflow/dags/mlflow_tracking_dag.py took 0.779 seconds
[2026-04-27T01:25:11.808+0000] {processor.py:161} INFO - Started process (PID=5490) to work on /home/airflow/dags/mlflow_tracking_dag.py
[2026-04-27T01:25:11.810+0000] {processor.py:830} INFO - Processing file /home/airflow/dags/mlflow_tracking_dag.py for tasks to queue
[2026-04-27T01:25:11.811+0000] {logging_mixin.py:188} INFO - [2026-04-27T01:25:11.810+0000] {dagbag.py:538} INFO - Filling up the DagBag from /home/airflow/dags/mlflow_tracking_dag.py
[2026-04-27T01:25:12.384+0000] {processor.py:840} INFO - DAG(s) 'mlflow_model_tracking' retrieved from /home/airflow/dags/mlflow_tracking_dag.py
[2026-04-27T01:25:12.554+0000] {logging_mixin.py:188} INFO - [2026-04-27T01:25:12.554+0000] {dag.py:3036} INFO - Sync 1 DAGs
[2026-04-27T01:25:12.563+0000] {logging_mixin.py:188} INFO - [2026-04-27T01:25:12.563+0000] {dag.py:3823} INFO - Setting next_dagrun for mlflow_model_tracking to None, run_after=None
[2026-04-27T01:25:12.585+0000] {processor.py:183} INFO - Processing /home/airflow/dags/mlflow_tracking_dag.py took 0.780 seconds
[2026-04-27T01:25:43.153+0000] {processor.py:161} INFO - Started process (PID=5535) to work on /home/airflow/dags/mlflow_tracking_dag.py
[2026-04-27T01:25:43.154+0000] {processor.py:830} INFO - Processing file /home/airflow/dags/mlflow_tracking_dag.py for tasks to queue
[2026-04-27T01:25:43.156+0000] {logging_mixin.py:188} INFO - [2026-04-27T01:25:43.155+0000] {dagbag.py:538} INFO - Filling up the DagBag from /home/airflow/dags/mlflow_tracking_dag.py
[2026-04-27T01:25:43.884+0000] {processor.py:840} INFO - DAG(s) 'mlflow_model_tracking' retrieved from /home/airflow/dags/mlflow_tracking_dag.py
[2026-04-27T01:25:43.908+0000] {logging_mixin.py:188} INFO - [2026-04-27T01:25:43.908+0000] {dag.py:3036} INFO - Sync 1 DAGs
[2026-04-27T01:25:43.918+0000] {logging_mixin.py:188} INFO - [2026-04-27T01:25:43.918+0000] {dag.py:3823} INFO - Setting next_dagrun for mlflow_model_tracking to None, run_after=None
[2026-04-27T01:25:43.939+0000] {processor.py:183} INFO - Processing /home/airflow/dags/mlflow_tracking_dag.py took 0.790 seconds
[2026-04-27T01:26:14.340+0000] {processor.py:161} INFO - Started process (PID=5580) to work on /home/airflow/dags/mlflow_tracking_dag.py
[2026-04-27T01:26:14.341+0000] {processor.py:830} INFO - Processing file /home/airflow/dags/mlflow_tracking_dag.py for tasks to queue
[2026-04-27T01:26:14.343+0000] {logging_mixin.py:188} INFO - [2026-04-27T01:26:14.342+0000] {dagbag.py:538} INFO - Filling up the DagBag from /home/airflow/dags/mlflow_tracking_dag.py
[2026-04-27T01:26:15.192+0000] {processor.py:840} INFO - DAG(s) 'mlflow_model_tracking' retrieved from /home/airflow/dags/mlflow_tracking_dag.py
[2026-04-27T01:26:15.215+0000] {logging_mixin.py:188} INFO - [2026-04-27T01:26:15.215+0000] {dag.py:3036} INFO - Sync 1 DAGs
[2026-04-27T01:26:15.224+0000] {logging_mixin.py:188} INFO - [2026-04-27T01:26:15.223+0000] {dag.py:3823} INFO - Setting next_dagrun for mlflow_model_tracking to None, run_after=None
[2026-04-27T01:26:15.245+0000] {processor.py:183} INFO - Processing /home/airflow/dags/mlflow_tracking_dag.py took 0.909 seconds
[2026-04-27T01:26:45.522+0000] {processor.py:161} INFO - Started process (PID=5625) to work on /home/airflow/dags/mlflow_tracking_dag.py
[2026-04-27T01:26:45.523+0000] {processor.py:830} INFO - Processing file /home/airflow/dags/mlflow_tracking_dag.py for tasks to queue
[2026-04-27T01:26:45.524+0000] {logging_mixin.py:188} INFO - [2026-04-27T01:26:45.524+0000] {dagbag.py:538} INFO - Filling up the DagBag from /home/airflow/dags/mlflow_tracking_dag.py
[2026-04-27T01:26:46.381+0000] {processor.py:840} INFO - DAG(s) 'mlflow_model_tracking' retrieved from /home/airflow/dags/mlflow_tracking_dag.py
[2026-04-27T01:26:46.405+0000] {logging_mixin.py:188} INFO - [2026-04-27T01:26:46.405+0000] {dag.py:3036} INFO - Sync 1 DAGs
[2026-04-27T01:26:46.414+0000] {logging_mixin.py:188} INFO - [2026-04-27T01:26:46.414+0000] {dag.py:3823} INFO - Setting next_dagrun for mlflow_model_tracking to None, run_after=None
[2026-04-27T01:26:46.439+0000] {processor.py:183} INFO - Processing /home/airflow/dags/mlflow_tracking_dag.py took 0.920 seconds
[2026-04-27T01:27:16.608+0000] {processor.py:161} INFO - Started process (PID=5670) to work on /home/airflow/dags/mlflow_tracking_dag.py
[2026-04-27T01:27:16.610+0000] {processor.py:830} INFO - Processing file /home/airflow/dags/mlflow_tracking_dag.py for tasks to queue
[2026-04-27T01:27:16.612+0000] {logging_mixin.py:188} INFO - [2026-04-27T01:27:16.611+0000] {dagbag.py:538} INFO - Filling up the DagBag from /home/airflow/dags/mlflow_tracking_dag.py
[2026-04-27T01:27:17.454+0000] {processor.py:840} INFO - DAG(s) 'mlflow_model_tracking' retrieved from /home/airflow/dags/mlflow_tracking_dag.py
[2026-04-27T01:27:17.484+0000] {logging_mixin.py:188} INFO - [2026-04-27T01:27:17.484+0000] {dag.py:3036} INFO - Sync 1 DAGs
[2026-04-27T01:27:17.496+0000] {logging_mixin.py:188} INFO - [2026-04-27T01:27:17.495+0000] {dag.py:3823} INFO - Setting next_dagrun for mlflow_model_tracking to None, run_after=None
[2026-04-27T01:27:17.521+0000] {processor.py:183} INFO - Processing /home/airflow/dags/mlflow_tracking_dag.py took 0.916 seconds
[2026-04-27T01:27:47.957+0000] {processor.py:161} INFO - Started process (PID=5715) to work on /home/airflow/dags/mlflow_tracking_dag.py
[2026-04-27T01:27:47.958+0000] {processor.py:830} INFO - Processing file /home/airflow/dags/mlflow_tracking_dag.py for tasks to queue
[2026-04-27T01:27:47.959+0000] {logging_mixin.py:188} INFO - [2026-04-27T01:27:47.959+0000] {dagbag.py:538} INFO - Filling up the DagBag from /home/airflow/dags/mlflow_tracking_dag.py
[2026-04-27T01:27:48.673+0000] {processor.py:840} INFO - DAG(s) 'mlflow_model_tracking' retrieved from /home/airflow/dags/mlflow_tracking_dag.py
[2026-04-27T01:27:48.697+0000] {logging_mixin.py:188} INFO - [2026-04-27T01:27:48.697+0000] {dag.py:3036} INFO - Sync 1 DAGs
[2026-04-27T01:27:48.705+0000] {logging_mixin.py:188} INFO - [2026-04-27T01:27:48.705+0000] {dag.py:3823} INFO - Setting next_dagrun for mlflow_model_tracking to None, run_after=None
[2026-04-27T01:27:48.729+0000] {processor.py:183} INFO - Processing /home/airflow/dags/mlflow_tracking_dag.py took 0.775 seconds
[2026-04-27T01:28:19.338+0000] {processor.py:161} INFO - Started process (PID=5760) to work on /home/airflow/dags/mlflow_tracking_dag.py
[2026-04-27T01:28:19.339+0000] {processor.py:830} INFO - Processing file /home/airflow/dags/mlflow_tracking_dag.py for tasks to queue
[2026-04-27T01:28:19.340+0000] {logging_mixin.py:188} INFO - [2026-04-27T01:28:19.340+0000] {dagbag.py:538} INFO - Filling up the DagBag from /home/airflow/dags/mlflow_tracking_dag.py
[2026-04-27T01:28:20.071+0000] {processor.py:840} INFO - DAG(s) 'mlflow_model_tracking' retrieved from /home/airflow/dags/mlflow_tracking_dag.py
[2026-04-27T01:28:20.099+0000] {logging_mixin.py:188} INFO - [2026-04-27T01:28:20.099+0000] {dag.py:3036} INFO - Sync 1 DAGs
[2026-04-27T01:28:20.109+0000] {logging_mixin.py:188} INFO - [2026-04-27T01:28:20.109+0000] {dag.py:3823} INFO - Setting next_dagrun for mlflow_model_tracking to None, run_after=None
[2026-04-27T01:28:20.131+0000] {processor.py:183} INFO - Processing /home/airflow/dags/mlflow_tracking_dag.py took 0.795 seconds
[2026-04-27T01:28:50.591+0000] {processor.py:161} INFO - Started process (PID=5805) to work on /home/airflow/dags/mlflow_tracking_dag.py
[2026-04-27T01:28:50.592+0000] {processor.py:830} INFO - Processing file /home/airflow/dags/mlflow_tracking_dag.py for tasks to queue
[2026-04-27T01:28:50.593+0000] {logging_mixin.py:188} INFO - [2026-04-27T01:28:50.592+0000] {dagbag.py:538} INFO - Filling up the DagBag from /home/airflow/dags/mlflow_tracking_dag.py
[2026-04-27T01:28:51.465+0000] {processor.py:840} INFO - DAG(s) 'mlflow_model_tracking' retrieved from /home/airflow/dags/mlflow_tracking_dag.py
[2026-04-27T01:28:51.489+0000] {logging_mixin.py:188} INFO - [2026-04-27T01:28:51.489+0000] {dag.py:3036} INFO - Sync 1 DAGs
[2026-04-27T01:28:51.500+0000] {logging_mixin.py:188} INFO - [2026-04-27T01:28:51.499+0000] {dag.py:3823} INFO - Setting next_dagrun for mlflow_model_tracking to None, run_after=None
[2026-04-27T01:28:51.525+0000] {processor.py:183} INFO - Processing /home/airflow/dags/mlflow_tracking_dag.py took 0.938 seconds
[2026-04-27T01:29:21.635+0000] {processor.py:161} INFO - Started process (PID=5850) to work on /home/airflow/dags/mlflow_tracking_dag.py
[2026-04-27T01:29:21.636+0000] {processor.py:830} INFO - Processing file /home/airflow/dags/mlflow_tracking_dag.py for tasks to queue
[2026-04-27T01:29:21.637+0000] {logging_mixin.py:188} INFO - [2026-04-27T01:29:21.637+0000] {dagbag.py:538} INFO - Filling up the DagBag from /home/airflow/dags/mlflow_tracking_dag.py
[2026-04-27T01:29:22.366+0000] {processor.py:840} INFO - DAG(s) 'mlflow_model_tracking' retrieved from /home/airflow/dags/mlflow_tracking_dag.py
[2026-04-27T01:29:22.388+0000] {logging_mixin.py:188} INFO - [2026-04-27T01:29:22.387+0000] {dag.py:3036} INFO - Sync 1 DAGs
[2026-04-27T01:29:22.397+0000] {logging_mixin.py:188} INFO - [2026-04-27T01:29:22.397+0000] {dag.py:3823} INFO - Setting next_dagrun for mlflow_model_tracking to None, run_after=None
[2026-04-27T01:29:22.416+0000] {processor.py:183} INFO - Processing /home/airflow/dags/mlflow_tracking_dag.py took 0.784 seconds
[2026-04-27T01:29:52.676+0000] {processor.py:161} INFO - Started process (PID=5895) to work on /home/airflow/dags/mlflow_tracking_dag.py
[2026-04-27T01:29:52.678+0000] {processor.py:830} INFO - Processing file /home/airflow/dags/mlflow_tracking_dag.py for tasks to queue
[2026-04-27T01:29:52.679+0000] {logging_mixin.py:188} INFO - [2026-04-27T01:29:52.678+0000] {dagbag.py:538} INFO - Filling up the DagBag from /home/airflow/dags/mlflow_tracking_dag.py
[2026-04-27T01:29:53.390+0000] {processor.py:840} INFO - DAG(s) 'mlflow_model_tracking' retrieved from /home/airflow/dags/mlflow_tracking_dag.py
[2026-04-27T01:29:53.411+0000] {logging_mixin.py:188} INFO - [2026-04-27T01:29:53.411+0000] {dag.py:3036} INFO - Sync 1 DAGs
[2026-04-27T01:29:53.419+0000] {logging_mixin.py:188} INFO - [2026-04-27T01:29:53.419+0000] {dag.py:3823} INFO - Setting next_dagrun for mlflow_model_tracking to None, run_after=None
[2026-04-27T01:29:53.440+0000] {processor.py:183} INFO - Processing /home/airflow/dags/mlflow_tracking_dag.py took 0.768 seconds
[2026-04-27T01:30:23.548+0000] {processor.py:161} INFO - Started process (PID=5940) to work on /home/airflow/dags/mlflow_tracking_dag.py
[2026-04-27T01:30:23.550+0000] {processor.py:830} INFO - Processing file /home/airflow/dags/mlflow_tracking_dag.py for tasks to queue
[2026-04-27T01:30:23.551+0000] {logging_mixin.py:188} INFO - [2026-04-27T01:30:23.550+0000] {dagbag.py:538} INFO - Filling up the DagBag from /home/airflow/dags/mlflow_tracking_dag.py
[2026-04-27T01:30:24.269+0000] {processor.py:840} INFO - DAG(s) 'mlflow_model_tracking' retrieved from /home/airflow/dags/mlflow_tracking_dag.py
[2026-04-27T01:30:24.292+0000] {logging_mixin.py:188} INFO - [2026-04-27T01:30:24.291+0000] {dag.py:3036} INFO - Sync 1 DAGs
[2026-04-27T01:30:24.302+0000] {logging_mixin.py:188} INFO - [2026-04-27T01:30:24.302+0000] {dag.py:3823} INFO - Setting next_dagrun for mlflow_model_tracking to None, run_after=None
[2026-04-27T01:30:24.323+0000] {processor.py:183} INFO - Processing /home/airflow/dags/mlflow_tracking_dag.py took 0.779 seconds
[2026-04-27T01:30:55.088+0000] {processor.py:161} INFO - Started process (PID=5985) to work on /home/airflow/dags/mlflow_tracking_dag.py
[2026-04-27T01:30:55.090+0000] {processor.py:830} INFO - Processing file /home/airflow/dags/mlflow_tracking_dag.py for tasks to queue
[2026-04-27T01:30:55.091+0000] {logging_mixin.py:188} INFO - [2026-04-27T01:30:55.090+0000] {dagbag.py:538} INFO - Filling up the DagBag from /home/airflow/dags/mlflow_tracking_dag.py
[2026-04-27T01:30:55.810+0000] {processor.py:840} INFO - DAG(s) 'mlflow_model_tracking' retrieved from /home/airflow/dags/mlflow_tracking_dag.py
[2026-04-27T01:30:55.833+0000] {logging_mixin.py:188} INFO - [2026-04-27T01:30:55.833+0000] {dag.py:3036} INFO - Sync 1 DAGs
[2026-04-27T01:30:55.842+0000] {logging_mixin.py:188} INFO - [2026-04-27T01:30:55.842+0000] {dag.py:3823} INFO - Setting next_dagrun for mlflow_model_tracking to None, run_after=None
[2026-04-27T01:30:55.864+0000] {processor.py:183} INFO - Processing /home/airflow/dags/mlflow_tracking_dag.py took 0.779 seconds
[2026-04-27T01:31:26.174+0000] {processor.py:161} INFO - Started process (PID=6030) to work on /home/airflow/dags/mlflow_tracking_dag.py
[2026-04-27T01:31:26.175+0000] {processor.py:830} INFO - Processing file /home/airflow/dags/mlflow_tracking_dag.py for tasks to queue
[2026-04-27T01:31:26.176+0000] {logging_mixin.py:188} INFO - [2026-04-27T01:31:26.176+0000] {dagbag.py:538} INFO - Filling up the DagBag from /home/airflow/dags/mlflow_tracking_dag.py
[2026-04-27T01:31:27.040+0000] {processor.py:840} INFO - DAG(s) 'mlflow_model_tracking' retrieved from /home/airflow/dags/mlflow_tracking_dag.py
[2026-04-27T01:31:27.064+0000] {logging_mixin.py:188} INFO - [2026-04-27T01:31:27.063+0000] {dag.py:3036} INFO - Sync 1 DAGs
[2026-04-27T01:31:27.072+0000] {logging_mixin.py:188} INFO - [2026-04-27T01:31:27.072+0000] {dag.py:3823} INFO - Setting next_dagrun for mlflow_model_tracking to None, run_after=None
[2026-04-27T01:31:27.093+0000] {processor.py:183} INFO - Processing /home/airflow/dags/mlflow_tracking_dag.py took 0.922 seconds
[2026-04-27T01:31:57.568+0000] {processor.py:161} INFO - Started process (PID=6075) to work on /home/airflow/dags/mlflow_tracking_dag.py
[2026-04-27T01:31:57.569+0000] {processor.py:830} INFO - Processing file /home/airflow/dags/mlflow_tracking_dag.py for tasks to queue
[2026-04-27T01:31:57.570+0000] {logging_mixin.py:188} INFO - [2026-04-27T01:31:57.570+0000] {dagbag.py:538} INFO - Filling up the DagBag from /home/airflow/dags/mlflow_tracking_dag.py
[2026-04-27T01:31:58.346+0000] {processor.py:840} INFO - DAG(s) 'mlflow_model_tracking' retrieved from /home/airflow/dags/mlflow_tracking_dag.py
[2026-04-27T01:31:58.370+0000] {logging_mixin.py:188} INFO - [2026-04-27T01:31:58.369+0000] {dag.py:3036} INFO - Sync 1 DAGs
[2026-04-27T01:31:58.379+0000] {logging_mixin.py:188} INFO - [2026-04-27T01:31:58.379+0000] {dag.py:3823} INFO - Setting next_dagrun for mlflow_model_tracking to None, run_after=None
[2026-04-27T01:31:58.401+0000] {processor.py:183} INFO - Processing /home/airflow/dags/mlflow_tracking_dag.py took 0.838 seconds
[2026-04-27T01:32:29.197+0000] {processor.py:161} INFO - Started process (PID=6120) to work on /home/airflow/dags/mlflow_tracking_dag.py
[2026-04-27T01:32:29.198+0000] {processor.py:830} INFO - Processing file /home/airflow/dags/mlflow_tracking_dag.py for tasks to queue
[2026-04-27T01:32:29.199+0000] {logging_mixin.py:188} INFO - [2026-04-27T01:32:29.199+0000] {dagbag.py:538} INFO - Filling up the DagBag from /home/airflow/dags/mlflow_tracking_dag.py
[2026-04-27T01:32:29.890+0000] {processor.py:840} INFO - DAG(s) 'mlflow_model_tracking' retrieved from /home/airflow/dags/mlflow_tracking_dag.py
[2026-04-27T01:32:29.914+0000] {logging_mixin.py:188} INFO - [2026-04-27T01:32:29.913+0000] {dag.py:3036} INFO - Sync 1 DAGs
[2026-04-27T01:32:29.922+0000] {logging_mixin.py:188} INFO - [2026-04-27T01:32:29.922+0000] {dag.py:3823} INFO - Setting next_dagrun for mlflow_model_tracking to None, run_after=None
[2026-04-27T01:32:29.943+0000] {processor.py:183} INFO - Processing /home/airflow/dags/mlflow_tracking_dag.py took 0.750 seconds
[2026-04-27T01:33:00.692+0000] {processor.py:161} INFO - Started process (PID=6165) to work on /home/airflow/dags/mlflow_tracking_dag.py
[2026-04-27T01:33:00.694+0000] {processor.py:830} INFO - Processing file /home/airflow/dags/mlflow_tracking_dag.py for tasks to queue
[2026-04-27T01:33:00.695+0000] {logging_mixin.py:188} INFO - [2026-04-27T01:33:00.695+0000] {dagbag.py:538} INFO - Filling up the DagBag from /home/airflow/dags/mlflow_tracking_dag.py
[2026-04-27T01:33:01.495+0000] {processor.py:840} INFO - DAG(s) 'mlflow_model_tracking' retrieved from /home/airflow/dags/mlflow_tracking_dag.py
[2026-04-27T01:33:01.521+0000] {logging_mixin.py:188} INFO - [2026-04-27T01:33:01.520+0000] {dag.py:3036} INFO - Sync 1 DAGs
[2026-04-27T01:33:01.530+0000] {logging_mixin.py:188} INFO - [2026-04-27T01:33:01.530+0000] {dag.py:3823} INFO - Setting next_dagrun for mlflow_model_tracking to None, run_after=None
[2026-04-27T01:33:01.553+0000] {processor.py:183} INFO - Processing /home/airflow/dags/mlflow_tracking_dag.py took 0.864 seconds
[2026-04-27T01:33:31.884+0000] {processor.py:161} INFO - Started process (PID=6210) to work on /home/airflow/dags/mlflow_tracking_dag.py
[2026-04-27T01:33:31.885+0000] {processor.py:830} INFO - Processing file /home/airflow/dags/mlflow_tracking_dag.py for tasks to queue
[2026-04-27T01:33:31.886+0000] {logging_mixin.py:188} INFO - [2026-04-27T01:33:31.886+0000] {dagbag.py:538} INFO - Filling up the DagBag from /home/airflow/dags/mlflow_tracking_dag.py
[2026-04-27T01:33:32.712+0000] {processor.py:840} INFO - DAG(s) 'mlflow_model_tracking' retrieved from /home/airflow/dags/mlflow_tracking_dag.py
[2026-04-27T01:33:32.734+0000] {logging_mixin.py:188} INFO - [2026-04-27T01:33:32.734+0000] {dag.py:3036} INFO - Sync 1 DAGs
[2026-04-27T01:33:32.744+0000] {logging_mixin.py:188} INFO - [2026-04-27T01:33:32.744+0000] {dag.py:3823} INFO - Setting next_dagrun for mlflow_model_tracking to None, run_after=None
[2026-04-27T01:33:32.767+0000] {processor.py:183} INFO - Processing /home/airflow/dags/mlflow_tracking_dag.py took 0.889 seconds
[2026-04-27T01:34:03.085+0000] {processor.py:161} INFO - Started process (PID=6255) to work on /home/airflow/dags/mlflow_tracking_dag.py
[2026-04-27T01:34:03.086+0000] {processor.py:830} INFO - Processing file /home/airflow/dags/mlflow_tracking_dag.py for tasks to queue
[2026-04-27T01:34:03.087+0000] {logging_mixin.py:188} INFO - [2026-04-27T01:34:03.087+0000] {dagbag.py:538} INFO - Filling up the DagBag from /home/airflow/dags/mlflow_tracking_dag.py
[2026-04-27T01:34:03.755+0000] {processor.py:840} INFO - DAG(s) 'mlflow_model_tracking' retrieved from /home/airflow/dags/mlflow_tracking_dag.py
[2026-04-27T01:34:03.778+0000] {logging_mixin.py:188} INFO - [2026-04-27T01:34:03.778+0000] {dag.py:3036} INFO - Sync 1 DAGs
[2026-04-27T01:34:03.787+0000] {logging_mixin.py:188} INFO - [2026-04-27T01:34:03.787+0000] {dag.py:3823} INFO - Setting next_dagrun for mlflow_model_tracking to None, run_after=None
[2026-04-27T01:34:03.808+0000] {processor.py:183} INFO - Processing /home/airflow/dags/mlflow_tracking_dag.py took 0.726 seconds
[2026-04-27T01:34:34.254+0000] {processor.py:161} INFO - Started process (PID=6300) to work on /home/airflow/dags/mlflow_tracking_dag.py
[2026-04-27T01:34:34.255+0000] {processor.py:830} INFO - Processing file /home/airflow/dags/mlflow_tracking_dag.py for tasks to queue
[2026-04-27T01:34:34.256+0000] {logging_mixin.py:188} INFO - [2026-04-27T01:34:34.256+0000] {dagbag.py:538} INFO - Filling up the DagBag from /home/airflow/dags/mlflow_tracking_dag.py
[2026-04-27T01:34:35.067+0000] {processor.py:840} INFO - DAG(s) 'mlflow_model_tracking' retrieved from /home/airflow/dags/mlflow_tracking_dag.py
[2026-04-27T01:34:35.090+0000] {logging_mixin.py:188} INFO - [2026-04-27T01:34:35.090+0000] {dag.py:3036} INFO - Sync 1 DAGs
[2026-04-27T01:34:35.099+0000] {logging_mixin.py:188} INFO - [2026-04-27T01:34:35.098+0000] {dag.py:3823} INFO - Setting next_dagrun for mlflow_model_tracking to None, run_after=None
[2026-04-27T01:34:35.122+0000] {processor.py:183} INFO - Processing /home/airflow/dags/mlflow_tracking_dag.py took 0.872 seconds
[2026-04-27T01:35:05.287+0000] {processor.py:161} INFO - Started process (PID=6345) to work on /home/airflow/dags/mlflow_tracking_dag.py
[2026-04-27T01:35:05.289+0000] {processor.py:830} INFO - Processing file /home/airflow/dags/mlflow_tracking_dag.py for tasks to queue
[2026-04-27T01:35:05.290+0000] {logging_mixin.py:188} INFO - [2026-04-27T01:35:05.290+0000] {dagbag.py:538} INFO - Filling up the DagBag from /home/airflow/dags/mlflow_tracking_dag.py
[2026-04-27T01:35:06.363+0000] {processor.py:840} INFO - DAG(s) 'mlflow_model_tracking' retrieved from /home/airflow/dags/mlflow_tracking_dag.py
[2026-04-27T01:35:06.390+0000] {logging_mixin.py:188} INFO - [2026-04-27T01:35:06.389+0000] {dag.py:3036} INFO - Sync 1 DAGs
[2026-04-27T01:35:06.401+0000] {logging_mixin.py:188} INFO - [2026-04-27T01:35:06.401+0000] {dag.py:3823} INFO - Setting next_dagrun for mlflow_model_tracking to None, run_after=None
[2026-04-27T01:35:06.424+0000] {processor.py:183} INFO - Processing /home/airflow/dags/mlflow_tracking_dag.py took 1.142 seconds
[2026-04-27T01:35:37.173+0000] {processor.py:161} INFO - Started process (PID=6390) to work on /home/airflow/dags/mlflow_tracking_dag.py
[2026-04-27T01:35:37.175+0000] {processor.py:830} INFO - Processing file /home/airflow/dags/mlflow_tracking_dag.py for tasks to queue
[2026-04-27T01:35:37.176+0000] {logging_mixin.py:188} INFO - [2026-04-27T01:35:37.175+0000] {dagbag.py:538} INFO - Filling up the DagBag from /home/airflow/dags/mlflow_tracking_dag.py
[2026-04-27T01:35:37.879+0000] {processor.py:840} INFO - DAG(s) 'mlflow_model_tracking' retrieved from /home/airflow/dags/mlflow_tracking_dag.py
[2026-04-27T01:35:37.901+0000] {logging_mixin.py:188} INFO - [2026-04-27T01:35:37.900+0000] {dag.py:3036} INFO - Sync 1 DAGs
[2026-04-27T01:35:37.908+0000] {logging_mixin.py:188} INFO - [2026-04-27T01:35:37.908+0000] {dag.py:3823} INFO - Setting next_dagrun for mlflow_model_tracking to None, run_after=None
[2026-04-27T01:35:37.928+0000] {processor.py:183} INFO - Processing /home/airflow/dags/mlflow_tracking_dag.py took 0.758 seconds
[2026-04-27T01:36:08.530+0000] {processor.py:161} INFO - Started process (PID=6435) to work on /home/airflow/dags/mlflow_tracking_dag.py
[2026-04-27T01:36:08.532+0000] {processor.py:830} INFO - Processing file /home/airflow/dags/mlflow_tracking_dag.py for tasks to queue
[2026-04-27T01:36:08.533+0000] {logging_mixin.py:188} INFO - [2026-04-27T01:36:08.533+0000] {dagbag.py:538} INFO - Filling up the DagBag from /home/airflow/dags/mlflow_tracking_dag.py
[2026-04-27T01:36:09.327+0000] {processor.py:840} INFO - DAG(s) 'mlflow_model_tracking' retrieved from /home/airflow/dags/mlflow_tracking_dag.py
[2026-04-27T01:36:09.353+0000] {logging_mixin.py:188} INFO - [2026-04-27T01:36:09.352+0000] {dag.py:3036} INFO - Sync 1 DAGs
[2026-04-27T01:36:09.362+0000] {logging_mixin.py:188} INFO - [2026-04-27T01:36:09.361+0000] {dag.py:3823} INFO - Setting next_dagrun for mlflow_model_tracking to None, run_after=None
[2026-04-27T01:36:09.385+0000] {processor.py:183} INFO - Processing /home/airflow/dags/mlflow_tracking_dag.py took 0.859 seconds
[2026-04-27T01:36:39.811+0000] {processor.py:161} INFO - Started process (PID=6480) to work on /home/airflow/dags/mlflow_tracking_dag.py
[2026-04-27T01:36:39.812+0000] {processor.py:830} INFO - Processing file /home/airflow/dags/mlflow_tracking_dag.py for tasks to queue
[2026-04-27T01:36:39.814+0000] {logging_mixin.py:188} INFO - [2026-04-27T01:36:39.813+0000] {dagbag.py:538} INFO - Filling up the DagBag from /home/airflow/dags/mlflow_tracking_dag.py
[2026-04-27T01:36:40.658+0000] {processor.py:840} INFO - DAG(s) 'mlflow_model_tracking' retrieved from /home/airflow/dags/mlflow_tracking_dag.py
[2026-04-27T01:36:40.682+0000] {logging_mixin.py:188} INFO - [2026-04-27T01:36:40.682+0000] {dag.py:3036} INFO - Sync 1 DAGs
[2026-04-27T01:36:40.693+0000] {logging_mixin.py:188} INFO - [2026-04-27T01:36:40.693+0000] {dag.py:3823} INFO - Setting next_dagrun for mlflow_model_tracking to None, run_after=None
[2026-04-27T01:36:40.716+0000] {processor.py:183} INFO - Processing /home/airflow/dags/mlflow_tracking_dag.py took 0.908 seconds
[2026-04-27T01:37:10.946+0000] {processor.py:161} INFO - Started process (PID=6525) to work on /home/airflow/dags/mlflow_tracking_dag.py
[2026-04-27T01:37:10.948+0000] {processor.py:830} INFO - Processing file /home/airflow/dags/mlflow_tracking_dag.py for tasks to queue
[2026-04-27T01:37:10.949+0000] {logging_mixin.py:188} INFO - [2026-04-27T01:37:10.949+0000] {dagbag.py:538} INFO - Filling up the DagBag from /home/airflow/dags/mlflow_tracking_dag.py
[2026-04-27T01:37:11.695+0000] {processor.py:840} INFO - DAG(s) 'mlflow_model_tracking' retrieved from /home/airflow/dags/mlflow_tracking_dag.py
[2026-04-27T01:37:11.720+0000] {logging_mixin.py:188} INFO - [2026-04-27T01:37:11.719+0000] {dag.py:3036} INFO - Sync 1 DAGs
[2026-04-27T01:37:11.729+0000] {logging_mixin.py:188} INFO - [2026-04-27T01:37:11.729+0000] {dag.py:3823} INFO - Setting next_dagrun for mlflow_model_tracking to None, run_after=None
[2026-04-27T01:37:11.750+0000] {processor.py:183} INFO - Processing /home/airflow/dags/mlflow_tracking_dag.py took 0.810 seconds
[2026-04-27T01:37:41.816+0000] {processor.py:161} INFO - Started process (PID=6570) to work on /home/airflow/dags/mlflow_tracking_dag.py
[2026-04-27T01:37:41.817+0000] {processor.py:830} INFO - Processing file /home/airflow/dags/mlflow_tracking_dag.py for tasks to queue
[2026-04-27T01:37:41.818+0000] {logging_mixin.py:188} INFO - [2026-04-27T01:37:41.818+0000] {dagbag.py:538} INFO - Filling up the DagBag from /home/airflow/dags/mlflow_tracking_dag.py
[2026-04-27T01:37:42.519+0000] {processor.py:840} INFO - DAG(s) 'mlflow_model_tracking' retrieved from /home/airflow/dags/mlflow_tracking_dag.py
[2026-04-27T01:37:42.542+0000] {logging_mixin.py:188} INFO - [2026-04-27T01:37:42.541+0000] {dag.py:3036} INFO - Sync 1 DAGs
[2026-04-27T01:37:42.552+0000] {logging_mixin.py:188} INFO - [2026-04-27T01:37:42.551+0000] {dag.py:3823} INFO - Setting next_dagrun for mlflow_model_tracking to None, run_after=None
[2026-04-27T01:37:42.573+0000] {processor.py:183} INFO - Processing /home/airflow/dags/mlflow_tracking_dag.py took 0.760 seconds
[2026-04-27T01:38:13.325+0000] {processor.py:161} INFO - Started process (PID=6615) to work on /home/airflow/dags/mlflow_tracking_dag.py
[2026-04-27T01:38:13.326+0000] {processor.py:830} INFO - Processing file /home/airflow/dags/mlflow_tracking_dag.py for tasks to queue
[2026-04-27T01:38:13.327+0000] {logging_mixin.py:188} INFO - [2026-04-27T01:38:13.327+0000] {dagbag.py:538} INFO - Filling up the DagBag from /home/airflow/dags/mlflow_tracking_dag.py
[2026-04-27T01:38:14.125+0000] {processor.py:840} INFO - DAG(s) 'mlflow_model_tracking' retrieved from /home/airflow/dags/mlflow_tracking_dag.py
[2026-04-27T01:38:14.153+0000] {logging_mixin.py:188} INFO - [2026-04-27T01:38:14.152+0000] {dag.py:3036} INFO - Sync 1 DAGs
[2026-04-27T01:38:14.161+0000] {logging_mixin.py:188} INFO - [2026-04-27T01:38:14.161+0000] {dag.py:3823} INFO - Setting next_dagrun for mlflow_model_tracking to None, run_after=None
[2026-04-27T01:38:14.184+0000] {processor.py:183} INFO - Processing /home/airflow/dags/mlflow_tracking_dag.py took 0.863 seconds
[2026-04-27T01:38:44.612+0000] {processor.py:161} INFO - Started process (PID=6660) to work on /home/airflow/dags/mlflow_tracking_dag.py
[2026-04-27T01:38:44.613+0000] {processor.py:830} INFO - Processing file /home/airflow/dags/mlflow_tracking_dag.py for tasks to queue
[2026-04-27T01:38:44.614+0000] {logging_mixin.py:188} INFO - [2026-04-27T01:38:44.614+0000] {dagbag.py:538} INFO - Filling up the DagBag from /home/airflow/dags/mlflow_tracking_dag.py
[2026-04-27T01:38:45.447+0000] {processor.py:840} INFO - DAG(s) 'mlflow_model_tracking' retrieved from /home/airflow/dags/mlflow_tracking_dag.py
[2026-04-27T01:38:45.469+0000] {logging_mixin.py:188} INFO - [2026-04-27T01:38:45.468+0000] {dag.py:3036} INFO - Sync 1 DAGs
[2026-04-27T01:38:45.478+0000] {logging_mixin.py:188} INFO - [2026-04-27T01:38:45.478+0000] {dag.py:3823} INFO - Setting next_dagrun for mlflow_model_tracking to None, run_after=None
[2026-04-27T01:38:45.502+0000] {processor.py:183} INFO - Processing /home/airflow/dags/mlflow_tracking_dag.py took 0.893 seconds
[2026-04-27T01:39:15.844+0000] {processor.py:161} INFO - Started process (PID=6705) to work on /home/airflow/dags/mlflow_tracking_dag.py
[2026-04-27T01:39:15.845+0000] {processor.py:830} INFO - Processing file /home/airflow/dags/mlflow_tracking_dag.py for tasks to queue
[2026-04-27T01:39:15.846+0000] {logging_mixin.py:188} INFO - [2026-04-27T01:39:15.846+0000] {dagbag.py:538} INFO - Filling up the DagBag from /home/airflow/dags/mlflow_tracking_dag.py
[2026-04-27T01:39:16.585+0000] {processor.py:840} INFO - DAG(s) 'mlflow_model_tracking' retrieved from /home/airflow/dags/mlflow_tracking_dag.py
[2026-04-27T01:39:16.607+0000] {logging_mixin.py:188} INFO - [2026-04-27T01:39:16.607+0000] {dag.py:3036} INFO - Sync 1 DAGs
[2026-04-27T01:39:16.615+0000] {logging_mixin.py:188} INFO - [2026-04-27T01:39:16.615+0000] {dag.py:3823} INFO - Setting next_dagrun for mlflow_model_tracking to None, run_after=None
[2026-04-27T01:39:16.636+0000] {processor.py:183} INFO - Processing /home/airflow/dags/mlflow_tracking_dag.py took 0.797 seconds
[2026-04-27T01:39:46.796+0000] {processor.py:161} INFO - Started process (PID=6750) to work on /home/airflow/dags/mlflow_tracking_dag.py
[2026-04-27T01:39:46.797+0000] {processor.py:830} INFO - Processing file /home/airflow/dags/mlflow_tracking_dag.py for tasks to queue
[2026-04-27T01:39:46.798+0000] {logging_mixin.py:188} INFO - [2026-04-27T01:39:46.798+0000] {dagbag.py:538} INFO - Filling up the DagBag from /home/airflow/dags/mlflow_tracking_dag.py
[2026-04-27T01:39:47.597+0000] {processor.py:840} INFO - DAG(s) 'mlflow_model_tracking' retrieved from /home/airflow/dags/mlflow_tracking_dag.py
[2026-04-27T01:39:47.617+0000] {logging_mixin.py:188} INFO - [2026-04-27T01:39:47.616+0000] {dag.py:3036} INFO - Sync 1 DAGs
[2026-04-27T01:39:47.625+0000] {logging_mixin.py:188} INFO - [2026-04-27T01:39:47.625+0000] {dag.py:3823} INFO - Setting next_dagrun for mlflow_model_tracking to None, run_after=None
[2026-04-27T01:39:47.647+0000] {processor.py:183} INFO - Processing /home/airflow/dags/mlflow_tracking_dag.py took 0.855 seconds
[2026-04-27T01:40:18.448+0000] {processor.py:161} INFO - Started process (PID=6795) to work on /home/airflow/dags/mlflow_tracking_dag.py
[2026-04-27T01:40:18.449+0000] {processor.py:830} INFO - Processing file /home/airflow/dags/mlflow_tracking_dag.py for tasks to queue
[2026-04-27T01:40:18.450+0000] {logging_mixin.py:188} INFO - [2026-04-27T01:40:18.450+0000] {dagbag.py:538} INFO - Filling up the DagBag from /home/airflow/dags/mlflow_tracking_dag.py
[2026-04-27T01:40:19.138+0000] {processor.py:840} INFO - DAG(s) 'mlflow_model_tracking' retrieved from /home/airflow/dags/mlflow_tracking_dag.py
[2026-04-27T01:40:19.160+0000] {logging_mixin.py:188} INFO - [2026-04-27T01:40:19.160+0000] {dag.py:3036} INFO - Sync 1 DAGs
[2026-04-27T01:40:19.169+0000] {logging_mixin.py:188} INFO - [2026-04-27T01:40:19.169+0000] {dag.py:3823} INFO - Setting next_dagrun for mlflow_model_tracking to None, run_after=None
[2026-04-27T01:40:19.190+0000] {processor.py:183} INFO - Processing /home/airflow/dags/mlflow_tracking_dag.py took 0.746 seconds
[2026-04-27T01:40:49.756+0000] {processor.py:161} INFO - Started process (PID=6840) to work on /home/airflow/dags/mlflow_tracking_dag.py
[2026-04-27T01:40:49.757+0000] {processor.py:830} INFO - Processing file /home/airflow/dags/mlflow_tracking_dag.py for tasks to queue
[2026-04-27T01:40:49.758+0000] {logging_mixin.py:188} INFO - [2026-04-27T01:40:49.758+0000] {dagbag.py:538} INFO - Filling up the DagBag from /home/airflow/dags/mlflow_tracking_dag.py
[2026-04-27T01:40:50.528+0000] {processor.py:840} INFO - DAG(s) 'mlflow_model_tracking' retrieved from /home/airflow/dags/mlflow_tracking_dag.py
[2026-04-27T01:40:50.554+0000] {logging_mixin.py:188} INFO - [2026-04-27T01:40:50.553+0000] {dag.py:3036} INFO - Sync 1 DAGs
[2026-04-27T01:40:50.564+0000] {logging_mixin.py:188} INFO - [2026-04-27T01:40:50.563+0000] {dag.py:3823} INFO - Setting next_dagrun for mlflow_model_tracking to None, run_after=None
[2026-04-27T01:40:50.587+0000] {processor.py:183} INFO - Processing /home/airflow/dags/mlflow_tracking_dag.py took 0.833 seconds
[2026-04-27T01:41:21.020+0000] {processor.py:161} INFO - Started process (PID=6885) to work on /home/airflow/dags/mlflow_tracking_dag.py
[2026-04-27T01:41:21.022+0000] {processor.py:830} INFO - Processing file /home/airflow/dags/mlflow_tracking_dag.py for tasks to queue
[2026-04-27T01:41:21.023+0000] {logging_mixin.py:188} INFO - [2026-04-27T01:41:21.023+0000] {dagbag.py:538} INFO - Filling up the DagBag from /home/airflow/dags/mlflow_tracking_dag.py
[2026-04-27T01:41:21.736+0000] {processor.py:840} INFO - DAG(s) 'mlflow_model_tracking' retrieved from /home/airflow/dags/mlflow_tracking_dag.py
[2026-04-27T01:41:21.758+0000] {logging_mixin.py:188} INFO - [2026-04-27T01:41:21.758+0000] {dag.py:3036} INFO - Sync 1 DAGs
[2026-04-27T01:41:21.766+0000] {logging_mixin.py:188} INFO - [2026-04-27T01:41:21.766+0000] {dag.py:3823} INFO - Setting next_dagrun for mlflow_model_tracking to None, run_after=None
[2026-04-27T01:41:21.786+0000] {processor.py:183} INFO - Processing /home/airflow/dags/mlflow_tracking_dag.py took 0.769 seconds
[2026-04-27T01:41:51.845+0000] {processor.py:161} INFO - Started process (PID=6930) to work on /home/airflow/dags/mlflow_tracking_dag.py
[2026-04-27T01:41:51.846+0000] {processor.py:830} INFO - Processing file /home/airflow/dags/mlflow_tracking_dag.py for tasks to queue
[2026-04-27T01:41:51.847+0000] {logging_mixin.py:188} INFO - [2026-04-27T01:41:51.846+0000] {dagbag.py:538} INFO - Filling up the DagBag from /home/airflow/dags/mlflow_tracking_dag.py
[2026-04-27T01:41:52.514+0000] {processor.py:840} INFO - DAG(s) 'mlflow_model_tracking' retrieved from /home/airflow/dags/mlflow_tracking_dag.py
[2026-04-27T01:41:52.537+0000] {logging_mixin.py:188} INFO - [2026-04-27T01:41:52.537+0000] {dag.py:3036} INFO - Sync 1 DAGs
[2026-04-27T01:41:52.545+0000] {logging_mixin.py:188} INFO - [2026-04-27T01:41:52.545+0000] {dag.py:3823} INFO - Setting next_dagrun for mlflow_model_tracking to None, run_after=None
[2026-04-27T01:41:52.568+0000] {processor.py:183} INFO - Processing /home/airflow/dags/mlflow_tracking_dag.py took 0.726 seconds
[2026-04-27T01:42:22.763+0000] {processor.py:161} INFO - Started process (PID=6975) to work on /home/airflow/dags/mlflow_tracking_dag.py
[2026-04-27T01:42:22.764+0000] {processor.py:830} INFO - Processing file /home/airflow/dags/mlflow_tracking_dag.py for tasks to queue
[2026-04-27T01:42:22.765+0000] {logging_mixin.py:188} INFO - [2026-04-27T01:42:22.765+0000] {dagbag.py:538} INFO - Filling up the DagBag from /home/airflow/dags/mlflow_tracking_dag.py
[2026-04-27T01:42:23.525+0000] {processor.py:840} INFO - DAG(s) 'mlflow_model_tracking' retrieved from /home/airflow/dags/mlflow_tracking_dag.py
[2026-04-27T01:42:23.557+0000] {logging_mixin.py:188} INFO - [2026-04-27T01:42:23.556+0000] {dag.py:3036} INFO - Sync 1 DAGs
[2026-04-27T01:42:23.566+0000] {logging_mixin.py:188} INFO - [2026-04-27T01:42:23.566+0000] {dag.py:3823} INFO - Setting next_dagrun for mlflow_model_tracking to None, run_after=None
[2026-04-27T01:42:23.591+0000] {processor.py:183} INFO - Processing /home/airflow/dags/mlflow_tracking_dag.py took 0.831 seconds
[2026-04-27T01:42:53.992+0000] {processor.py:161} INFO - Started process (PID=7020) to work on /home/airflow/dags/mlflow_tracking_dag.py
[2026-04-27T01:42:53.994+0000] {processor.py:830} INFO - Processing file /home/airflow/dags/mlflow_tracking_dag.py for tasks to queue
[2026-04-27T01:42:53.995+0000] {logging_mixin.py:188} INFO - [2026-04-27T01:42:53.994+0000] {dagbag.py:538} INFO - Filling up the DagBag from /home/airflow/dags/mlflow_tracking_dag.py
[2026-04-27T01:42:54.714+0000] {processor.py:840} INFO - DAG(s) 'mlflow_model_tracking' retrieved from /home/airflow/dags/mlflow_tracking_dag.py
[2026-04-27T01:42:54.736+0000] {logging_mixin.py:188} INFO - [2026-04-27T01:42:54.735+0000] {dag.py:3036} INFO - Sync 1 DAGs
[2026-04-27T01:42:54.745+0000] {logging_mixin.py:188} INFO - [2026-04-27T01:42:54.745+0000] {dag.py:3823} INFO - Setting next_dagrun for mlflow_model_tracking to None, run_after=None
[2026-04-27T01:42:54.765+0000] {processor.py:183} INFO - Processing /home/airflow/dags/mlflow_tracking_dag.py took 0.776 seconds
[2026-04-27T01:43:25.350+0000] {processor.py:161} INFO - Started process (PID=7065) to work on /home/airflow/dags/mlflow_tracking_dag.py
[2026-04-27T01:43:25.351+0000] {processor.py:830} INFO - Processing file /home/airflow/dags/mlflow_tracking_dag.py for tasks to queue
[2026-04-27T01:43:25.353+0000] {logging_mixin.py:188} INFO - [2026-04-27T01:43:25.352+0000] {dagbag.py:538} INFO - Filling up the DagBag from /home/airflow/dags/mlflow_tracking_dag.py
[2026-04-27T01:43:26.120+0000] {processor.py:840} INFO - DAG(s) 'mlflow_model_tracking' retrieved from /home/airflow/dags/mlflow_tracking_dag.py
[2026-04-27T01:43:26.141+0000] {logging_mixin.py:188} INFO - [2026-04-27T01:43:26.141+0000] {dag.py:3036} INFO - Sync 1 DAGs
[2026-04-27T01:43:26.150+0000] {logging_mixin.py:188} INFO - [2026-04-27T01:43:26.150+0000] {dag.py:3823} INFO - Setting next_dagrun for mlflow_model_tracking to None, run_after=None
[2026-04-27T01:43:26.172+0000] {processor.py:183} INFO - Processing /home/airflow/dags/mlflow_tracking_dag.py took 0.824 seconds
[2026-04-27T01:43:56.537+0000] {processor.py:161} INFO - Started process (PID=7110) to work on /home/airflow/dags/mlflow_tracking_dag.py
[2026-04-27T01:43:56.538+0000] {processor.py:830} INFO - Processing file /home/airflow/dags/mlflow_tracking_dag.py for tasks to queue
[2026-04-27T01:43:56.539+0000] {logging_mixin.py:188} INFO - [2026-04-27T01:43:56.539+0000] {dagbag.py:538} INFO - Filling up the DagBag from /home/airflow/dags/mlflow_tracking_dag.py
[2026-04-27T01:43:57.356+0000] {processor.py:840} INFO - DAG(s) 'mlflow_model_tracking' retrieved from /home/airflow/dags/mlflow_tracking_dag.py
[2026-04-27T01:43:57.386+0000] {logging_mixin.py:188} INFO - [2026-04-27T01:43:57.385+0000] {dag.py:3036} INFO - Sync 1 DAGs
[2026-04-27T01:43:57.396+0000] {logging_mixin.py:188} INFO - [2026-04-27T01:43:57.395+0000] {dag.py:3823} INFO - Setting next_dagrun for mlflow_model_tracking to None, run_after=None
[2026-04-27T01:43:57.419+0000] {processor.py:183} INFO - Processing /home/airflow/dags/mlflow_tracking_dag.py took 0.884 seconds
[2026-04-27T01:44:27.751+0000] {processor.py:161} INFO - Started process (PID=7155) to work on /home/airflow/dags/mlflow_tracking_dag.py
[2026-04-27T01:44:27.752+0000] {processor.py:830} INFO - Processing file /home/airflow/dags/mlflow_tracking_dag.py for tasks to queue
[2026-04-27T01:44:27.754+0000] {logging_mixin.py:188} INFO - [2026-04-27T01:44:27.753+0000] {dagbag.py:538} INFO - Filling up the DagBag from /home/airflow/dags/mlflow_tracking_dag.py
[2026-04-27T01:44:28.455+0000] {processor.py:840} INFO - DAG(s) 'mlflow_model_tracking' retrieved from /home/airflow/dags/mlflow_tracking_dag.py
[2026-04-27T01:44:28.476+0000] {logging_mixin.py:188} INFO - [2026-04-27T01:44:28.476+0000] {dag.py:3036} INFO - Sync 1 DAGs
[2026-04-27T01:44:28.484+0000] {logging_mixin.py:188} INFO - [2026-04-27T01:44:28.484+0000] {dag.py:3823} INFO - Setting next_dagrun for mlflow_model_tracking to None, run_after=None
[2026-04-27T01:44:28.504+0000] {processor.py:183} INFO - Processing /home/airflow/dags/mlflow_tracking_dag.py took 0.756 seconds
[2026-04-27T01:44:59.329+0000] {processor.py:161} INFO - Started process (PID=7200) to work on /home/airflow/dags/mlflow_tracking_dag.py
[2026-04-27T01:44:59.330+0000] {processor.py:830} INFO - Processing file /home/airflow/dags/mlflow_tracking_dag.py for tasks to queue
[2026-04-27T01:44:59.331+0000] {logging_mixin.py:188} INFO - [2026-04-27T01:44:59.330+0000] {dagbag.py:538} INFO - Filling up the DagBag from /home/airflow/dags/mlflow_tracking_dag.py
[2026-04-27T01:44:59.954+0000] {processor.py:840} INFO - DAG(s) 'mlflow_model_tracking' retrieved from /home/airflow/dags/mlflow_tracking_dag.py
[2026-04-27T01:44:59.979+0000] {logging_mixin.py:188} INFO - [2026-04-27T01:44:59.979+0000] {dag.py:3036} INFO - Sync 1 DAGs
[2026-04-27T01:44:59.989+0000] {logging_mixin.py:188} INFO - [2026-04-27T01:44:59.988+0000] {dag.py:3823} INFO - Setting next_dagrun for mlflow_model_tracking to None, run_after=None
[2026-04-27T01:45:00.016+0000] {processor.py:183} INFO - Processing /home/airflow/dags/mlflow_tracking_dag.py took 0.690 seconds
[2026-04-27T01:45:30.108+0000] {processor.py:161} INFO - Started process (PID=7245) to work on /home/airflow/dags/mlflow_tracking_dag.py
[2026-04-27T01:45:30.109+0000] {processor.py:830} INFO - Processing file /home/airflow/dags/mlflow_tracking_dag.py for tasks to queue
[2026-04-27T01:45:30.110+0000] {logging_mixin.py:188} INFO - [2026-04-27T01:45:30.110+0000] {dagbag.py:538} INFO - Filling up the DagBag from /home/airflow/dags/mlflow_tracking_dag.py
[2026-04-27T01:45:30.793+0000] {processor.py:840} INFO - DAG(s) 'mlflow_model_tracking' retrieved from /home/airflow/dags/mlflow_tracking_dag.py
[2026-04-27T01:45:30.828+0000] {logging_mixin.py:188} INFO - [2026-04-27T01:45:30.828+0000] {dag.py:3036} INFO - Sync 1 DAGs
[2026-04-27T01:45:30.976+0000] {logging_mixin.py:188} INFO - [2026-04-27T01:45:30.975+0000] {dag.py:3823} INFO - Setting next_dagrun for mlflow_model_tracking to None, run_after=None
[2026-04-27T01:45:31.002+0000] {processor.py:183} INFO - Processing /home/airflow/dags/mlflow_tracking_dag.py took 0.897 seconds
[2026-04-27T01:46:01.671+0000] {processor.py:161} INFO - Started process (PID=7290) to work on /home/airflow/dags/mlflow_tracking_dag.py
[2026-04-27T01:46:01.672+0000] {processor.py:830} INFO - Processing file /home/airflow/dags/mlflow_tracking_dag.py for tasks to queue
[2026-04-27T01:46:01.673+0000] {logging_mixin.py:188} INFO - [2026-04-27T01:46:01.673+0000] {dagbag.py:538} INFO - Filling up the DagBag from /home/airflow/dags/mlflow_tracking_dag.py
[2026-04-27T01:46:02.244+0000] {processor.py:840} INFO - DAG(s) 'mlflow_model_tracking' retrieved from /home/airflow/dags/mlflow_tracking_dag.py
[2026-04-27T01:46:02.270+0000] {logging_mixin.py:188} INFO - [2026-04-27T01:46:02.270+0000] {dag.py:3036} INFO - Sync 1 DAGs
[2026-04-27T01:46:02.397+0000] {logging_mixin.py:188} INFO - [2026-04-27T01:46:02.397+0000] {dag.py:3823} INFO - Setting next_dagrun for mlflow_model_tracking to None, run_after=None
[2026-04-27T01:46:02.419+0000] {processor.py:183} INFO - Processing /home/airflow/dags/mlflow_tracking_dag.py took 0.750 seconds
[2026-04-27T01:46:33.074+0000] {processor.py:161} INFO - Started process (PID=7335) to work on /home/airflow/dags/mlflow_tracking_dag.py
[2026-04-27T01:46:33.075+0000] {processor.py:830} INFO - Processing file /home/airflow/dags/mlflow_tracking_dag.py for tasks to queue
[2026-04-27T01:46:33.076+0000] {logging_mixin.py:188} INFO - [2026-04-27T01:46:33.076+0000] {dagbag.py:538} INFO - Filling up the DagBag from /home/airflow/dags/mlflow_tracking_dag.py
[2026-04-27T01:46:33.799+0000] {processor.py:840} INFO - DAG(s) 'mlflow_model_tracking' retrieved from /home/airflow/dags/mlflow_tracking_dag.py
[2026-04-27T01:46:33.823+0000] {logging_mixin.py:188} INFO - [2026-04-27T01:46:33.823+0000] {dag.py:3036} INFO - Sync 1 DAGs
[2026-04-27T01:46:33.831+0000] {logging_mixin.py:188} INFO - [2026-04-27T01:46:33.831+0000] {dag.py:3823} INFO - Setting next_dagrun for mlflow_model_tracking to None, run_after=None
[2026-04-27T01:46:33.860+0000] {processor.py:183} INFO - Processing /home/airflow/dags/mlflow_tracking_dag.py took 0.789 seconds
[2026-04-27T01:47:04.579+0000] {processor.py:161} INFO - Started process (PID=7380) to work on /home/airflow/dags/mlflow_tracking_dag.py
[2026-04-27T01:47:04.580+0000] {processor.py:830} INFO - Processing file /home/airflow/dags/mlflow_tracking_dag.py for tasks to queue
[2026-04-27T01:47:04.583+0000] {logging_mixin.py:188} INFO - [2026-04-27T01:47:04.582+0000] {dagbag.py:538} INFO - Filling up the DagBag from /home/airflow/dags/mlflow_tracking_dag.py
[2026-04-27T01:47:05.710+0000] {processor.py:840} INFO - DAG(s) 'mlflow_model_tracking' retrieved from /home/airflow/dags/mlflow_tracking_dag.py
[2026-04-27T01:47:05.733+0000] {logging_mixin.py:188} INFO - [2026-04-27T01:47:05.732+0000] {dag.py:3036} INFO - Sync 1 DAGs
[2026-04-27T01:47:05.742+0000] {logging_mixin.py:188} INFO - [2026-04-27T01:47:05.742+0000] {dag.py:3823} INFO - Setting next_dagrun for mlflow_model_tracking to None, run_after=None
[2026-04-27T01:47:05.762+0000] {processor.py:183} INFO - Processing /home/airflow/dags/mlflow_tracking_dag.py took 1.188 seconds
[2026-04-27T01:47:35.984+0000] {processor.py:161} INFO - Started process (PID=7425) to work on /home/airflow/dags/mlflow_tracking_dag.py
[2026-04-27T01:47:35.985+0000] {processor.py:830} INFO - Processing file /home/airflow/dags/mlflow_tracking_dag.py for tasks to queue
[2026-04-27T01:47:35.986+0000] {logging_mixin.py:188} INFO - [2026-04-27T01:47:35.986+0000] {dagbag.py:538} INFO - Filling up the DagBag from /home/airflow/dags/mlflow_tracking_dag.py
[2026-04-27T01:47:36.696+0000] {processor.py:840} INFO - DAG(s) 'mlflow_model_tracking' retrieved from /home/airflow/dags/mlflow_tracking_dag.py
[2026-04-27T01:47:36.720+0000] {logging_mixin.py:188} INFO - [2026-04-27T01:47:36.719+0000] {dag.py:3036} INFO - Sync 1 DAGs
[2026-04-27T01:47:36.728+0000] {logging_mixin.py:188} INFO - [2026-04-27T01:47:36.727+0000] {dag.py:3823} INFO - Setting next_dagrun for mlflow_model_tracking to None, run_after=None
[2026-04-27T01:47:36.748+0000] {processor.py:183} INFO - Processing /home/airflow/dags/mlflow_tracking_dag.py took 0.767 seconds
[2026-04-27T01:48:07.631+0000] {processor.py:161} INFO - Started process (PID=7470) to work on /home/airflow/dags/mlflow_tracking_dag.py
[2026-04-27T01:48:07.632+0000] {processor.py:830} INFO - Processing file /home/airflow/dags/mlflow_tracking_dag.py for tasks to queue
[2026-04-27T01:48:07.634+0000] {logging_mixin.py:188} INFO - [2026-04-27T01:48:07.633+0000] {dagbag.py:538} INFO - Filling up the DagBag from /home/airflow/dags/mlflow_tracking_dag.py
[2026-04-27T01:48:08.409+0000] {processor.py:840} INFO - DAG(s) 'mlflow_model_tracking' retrieved from /home/airflow/dags/mlflow_tracking_dag.py
[2026-04-27T01:48:08.433+0000] {logging_mixin.py:188} INFO - [2026-04-27T01:48:08.432+0000] {dag.py:3036} INFO - Sync 1 DAGs
[2026-04-27T01:48:08.441+0000] {logging_mixin.py:188} INFO - [2026-04-27T01:48:08.440+0000] {dag.py:3823} INFO - Setting next_dagrun for mlflow_model_tracking to None, run_after=None
[2026-04-27T01:48:08.463+0000] {processor.py:183} INFO - Processing /home/airflow/dags/mlflow_tracking_dag.py took 0.835 seconds
[2026-04-27T01:48:38.898+0000] {processor.py:161} INFO - Started process (PID=7515) to work on /home/airflow/dags/mlflow_tracking_dag.py
[2026-04-27T01:48:38.899+0000] {processor.py:830} INFO - Processing file /home/airflow/dags/mlflow_tracking_dag.py for tasks to queue
[2026-04-27T01:48:38.900+0000] {logging_mixin.py:188} INFO - [2026-04-27T01:48:38.900+0000] {dagbag.py:538} INFO - Filling up the DagBag from /home/airflow/dags/mlflow_tracking_dag.py
[2026-04-27T01:48:39.583+0000] {processor.py:840} INFO - DAG(s) 'mlflow_model_tracking' retrieved from /home/airflow/dags/mlflow_tracking_dag.py
[2026-04-27T01:48:39.607+0000] {logging_mixin.py:188} INFO - [2026-04-27T01:48:39.607+0000] {dag.py:3036} INFO - Sync 1 DAGs
[2026-04-27T01:48:39.616+0000] {logging_mixin.py:188} INFO - [2026-04-27T01:48:39.616+0000] {dag.py:3823} INFO - Setting next_dagrun for mlflow_model_tracking to None, run_after=None
[2026-04-27T01:48:39.639+0000] {processor.py:183} INFO - Processing /home/airflow/dags/mlflow_tracking_dag.py took 0.744 seconds
[2026-04-27T01:49:10.153+0000] {processor.py:161} INFO - Started process (PID=7560) to work on /home/airflow/dags/mlflow_tracking_dag.py
[2026-04-27T01:49:10.154+0000] {processor.py:830} INFO - Processing file /home/airflow/dags/mlflow_tracking_dag.py for tasks to queue
[2026-04-27T01:49:10.155+0000] {logging_mixin.py:188} INFO - [2026-04-27T01:49:10.154+0000] {dagbag.py:538} INFO - Filling up the DagBag from /home/airflow/dags/mlflow_tracking_dag.py
[2026-04-27T01:49:10.899+0000] {processor.py:840} INFO - DAG(s) 'mlflow_model_tracking' retrieved from /home/airflow/dags/mlflow_tracking_dag.py
[2026-04-27T01:49:10.922+0000] {logging_mixin.py:188} INFO - [2026-04-27T01:49:10.922+0000] {dag.py:3036} INFO - Sync 1 DAGs
[2026-04-27T01:49:10.934+0000] {logging_mixin.py:188} INFO - [2026-04-27T01:49:10.933+0000] {dag.py:3823} INFO - Setting next_dagrun for mlflow_model_tracking to None, run_after=None
[2026-04-27T01:49:10.953+0000] {processor.py:183} INFO - Processing /home/airflow/dags/mlflow_tracking_dag.py took 0.803 seconds
[2026-04-27T01:49:41.100+0000] {processor.py:161} INFO - Started process (PID=7605) to work on /home/airflow/dags/mlflow_tracking_dag.py
[2026-04-27T01:49:41.101+0000] {processor.py:830} INFO - Processing file /home/airflow/dags/mlflow_tracking_dag.py for tasks to queue
[2026-04-27T01:49:41.102+0000] {logging_mixin.py:188} INFO - [2026-04-27T01:49:41.102+0000] {dagbag.py:538} INFO - Filling up the DagBag from /home/airflow/dags/mlflow_tracking_dag.py
[2026-04-27T01:49:41.915+0000] {processor.py:840} INFO - DAG(s) 'mlflow_model_tracking' retrieved from /home/airflow/dags/mlflow_tracking_dag.py
[2026-04-27T01:49:41.938+0000] {logging_mixin.py:188} INFO - [2026-04-27T01:49:41.937+0000] {dag.py:3036} INFO - Sync 1 DAGs
[2026-04-27T01:49:41.947+0000] {logging_mixin.py:188} INFO - [2026-04-27T01:49:41.947+0000] {dag.py:3823} INFO - Setting next_dagrun for mlflow_model_tracking to None, run_after=None
[2026-04-27T01:49:41.968+0000] {processor.py:183} INFO - Processing /home/airflow/dags/mlflow_tracking_dag.py took 0.871 seconds
[2026-04-27T01:50:12.702+0000] {processor.py:161} INFO - Started process (PID=7650) to work on /home/airflow/dags/mlflow_tracking_dag.py
[2026-04-27T01:50:12.704+0000] {processor.py:830} INFO - Processing file /home/airflow/dags/mlflow_tracking_dag.py for tasks to queue
[2026-04-27T01:50:12.705+0000] {logging_mixin.py:188} INFO - [2026-04-27T01:50:12.705+0000] {dagbag.py:538} INFO - Filling up the DagBag from /home/airflow/dags/mlflow_tracking_dag.py
[2026-04-27T01:50:13.533+0000] {processor.py:840} INFO - DAG(s) 'mlflow_model_tracking' retrieved from /home/airflow/dags/mlflow_tracking_dag.py
[2026-04-27T01:50:13.558+0000] {logging_mixin.py:188} INFO - [2026-04-27T01:50:13.558+0000] {dag.py:3036} INFO - Sync 1 DAGs
[2026-04-27T01:50:13.571+0000] {logging_mixin.py:188} INFO - [2026-04-27T01:50:13.570+0000] {dag.py:3823} INFO - Setting next_dagrun for mlflow_model_tracking to None, run_after=None
[2026-04-27T01:50:13.594+0000] {processor.py:183} INFO - Processing /home/airflow/dags/mlflow_tracking_dag.py took 0.895 seconds
[2026-04-27T01:50:43.799+0000] {processor.py:161} INFO - Started process (PID=7699) to work on /home/airflow/dags/mlflow_tracking_dag.py
[2026-04-27T01:50:43.802+0000] {processor.py:830} INFO - Processing file /home/airflow/dags/mlflow_tracking_dag.py for tasks to queue
[2026-04-27T01:50:43.803+0000] {logging_mixin.py:188} INFO - [2026-04-27T01:50:43.803+0000] {dagbag.py:538} INFO - Filling up the DagBag from /home/airflow/dags/mlflow_tracking_dag.py
[2026-04-27T01:50:44.708+0000] {processor.py:840} INFO - DAG(s) 'mlflow_model_tracking' retrieved from /home/airflow/dags/mlflow_tracking_dag.py
[2026-04-27T01:50:44.729+0000] {logging_mixin.py:188} INFO - [2026-04-27T01:50:44.729+0000] {dag.py:3036} INFO - Sync 1 DAGs
[2026-04-27T01:50:44.739+0000] {logging_mixin.py:188} INFO - [2026-04-27T01:50:44.739+0000] {dag.py:3823} INFO - Setting next_dagrun for mlflow_model_tracking to None, run_after=None
[2026-04-27T01:50:44.775+0000] {processor.py:183} INFO - Processing /home/airflow/dags/mlflow_tracking_dag.py took 0.985 seconds
[2026-04-27T01:51:15.359+0000] {processor.py:161} INFO - Started process (PID=7746) to work on /home/airflow/dags/mlflow_tracking_dag.py
[2026-04-27T01:51:15.360+0000] {processor.py:830} INFO - Processing file /home/airflow/dags/mlflow_tracking_dag.py for tasks to queue
[2026-04-27T01:51:15.361+0000] {logging_mixin.py:188} INFO - [2026-04-27T01:51:15.361+0000] {dagbag.py:538} INFO - Filling up the DagBag from /home/airflow/dags/mlflow_tracking_dag.py
[2026-04-27T01:51:16.411+0000] {processor.py:840} INFO - DAG(s) 'mlflow_model_tracking' retrieved from /home/airflow/dags/mlflow_tracking_dag.py
[2026-04-27T01:51:16.438+0000] {logging_mixin.py:188} INFO - [2026-04-27T01:51:16.438+0000] {dag.py:3036} INFO - Sync 1 DAGs
[2026-04-27T01:51:16.448+0000] {logging_mixin.py:188} INFO - [2026-04-27T01:51:16.448+0000] {dag.py:3823} INFO - Setting next_dagrun for mlflow_model_tracking to None, run_after=None
[2026-04-27T01:51:16.472+0000] {processor.py:183} INFO - Processing /home/airflow/dags/mlflow_tracking_dag.py took 1.118 seconds
[2026-04-27T01:51:46.836+0000] {processor.py:161} INFO - Started process (PID=7791) to work on /home/airflow/dags/mlflow_tracking_dag.py
[2026-04-27T01:51:46.838+0000] {processor.py:830} INFO - Processing file /home/airflow/dags/mlflow_tracking_dag.py for tasks to queue
[2026-04-27T01:51:46.839+0000] {logging_mixin.py:188} INFO - [2026-04-27T01:51:46.839+0000] {dagbag.py:538} INFO - Filling up the DagBag from /home/airflow/dags/mlflow_tracking_dag.py
[2026-04-27T01:51:47.639+0000] {processor.py:840} INFO - DAG(s) 'mlflow_model_tracking' retrieved from /home/airflow/dags/mlflow_tracking_dag.py
[2026-04-27T01:51:47.664+0000] {logging_mixin.py:188} INFO - [2026-04-27T01:51:47.664+0000] {dag.py:3036} INFO - Sync 1 DAGs
[2026-04-27T01:51:47.675+0000] {logging_mixin.py:188} INFO - [2026-04-27T01:51:47.675+0000] {dag.py:3823} INFO - Setting next_dagrun for mlflow_model_tracking to None, run_after=None
[2026-04-27T01:51:47.698+0000] {processor.py:183} INFO - Processing /home/airflow/dags/mlflow_tracking_dag.py took 0.866 seconds
[2026-04-27T01:52:18.132+0000] {processor.py:161} INFO - Started process (PID=7836) to work on /home/airflow/dags/mlflow_tracking_dag.py
[2026-04-27T01:52:18.133+0000] {processor.py:830} INFO - Processing file /home/airflow/dags/mlflow_tracking_dag.py for tasks to queue
[2026-04-27T01:52:18.134+0000] {logging_mixin.py:188} INFO - [2026-04-27T01:52:18.134+0000] {dagbag.py:538} INFO - Filling up the DagBag from /home/airflow/dags/mlflow_tracking_dag.py
[2026-04-27T01:52:18.880+0000] {processor.py:840} INFO - DAG(s) 'mlflow_model_tracking' retrieved from /home/airflow/dags/mlflow_tracking_dag.py
[2026-04-27T01:52:18.908+0000] {logging_mixin.py:188} INFO - [2026-04-27T01:52:18.907+0000] {dag.py:3036} INFO - Sync 1 DAGs
[2026-04-27T01:52:18.916+0000] {logging_mixin.py:188} INFO - [2026-04-27T01:52:18.916+0000] {dag.py:3823} INFO - Setting next_dagrun for mlflow_model_tracking to None, run_after=None
[2026-04-27T01:52:18.937+0000] {processor.py:183} INFO - Processing /home/airflow/dags/mlflow_tracking_dag.py took 0.808 seconds
[2026-04-27T01:52:49.345+0000] {processor.py:161} INFO - Started process (PID=7881) to work on /home/airflow/dags/mlflow_tracking_dag.py
[2026-04-27T01:52:49.346+0000] {processor.py:830} INFO - Processing file /home/airflow/dags/mlflow_tracking_dag.py for tasks to queue
[2026-04-27T01:52:49.347+0000] {logging_mixin.py:188} INFO - [2026-04-27T01:52:49.347+0000] {dagbag.py:538} INFO - Filling up the DagBag from /home/airflow/dags/mlflow_tracking_dag.py
[2026-04-27T01:52:50.108+0000] {processor.py:840} INFO - DAG(s) 'mlflow_model_tracking' retrieved from /home/airflow/dags/mlflow_tracking_dag.py
[2026-04-27T01:52:50.137+0000] {logging_mixin.py:188} INFO - [2026-04-27T01:52:50.136+0000] {dag.py:3036} INFO - Sync 1 DAGs
[2026-04-27T01:52:50.149+0000] {logging_mixin.py:188} INFO - [2026-04-27T01:52:50.149+0000] {dag.py:3823} INFO - Setting next_dagrun for mlflow_model_tracking to None, run_after=None
[2026-04-27T01:52:50.175+0000] {processor.py:183} INFO - Processing /home/airflow/dags/mlflow_tracking_dag.py took 0.833 seconds
[2026-04-27T01:53:20.639+0000] {processor.py:161} INFO - Started process (PID=7926) to work on /home/airflow/dags/mlflow_tracking_dag.py
[2026-04-27T01:53:20.640+0000] {processor.py:830} INFO - Processing file /home/airflow/dags/mlflow_tracking_dag.py for tasks to queue
[2026-04-27T01:53:20.642+0000] {logging_mixin.py:188} INFO - [2026-04-27T01:53:20.641+0000] {dagbag.py:538} INFO - Filling up the DagBag from /home/airflow/dags/mlflow_tracking_dag.py
[2026-04-27T01:53:21.562+0000] {processor.py:840} INFO - DAG(s) 'mlflow_model_tracking' retrieved from /home/airflow/dags/mlflow_tracking_dag.py
[2026-04-27T01:53:21.586+0000] {logging_mixin.py:188} INFO - [2026-04-27T01:53:21.585+0000] {dag.py:3036} INFO - Sync 1 DAGs
[2026-04-27T01:53:21.596+0000] {logging_mixin.py:188} INFO - [2026-04-27T01:53:21.596+0000] {dag.py:3823} INFO - Setting next_dagrun for mlflow_model_tracking to None, run_after=None
[2026-04-27T01:53:21.619+0000] {processor.py:183} INFO - Processing /home/airflow/dags/mlflow_tracking_dag.py took 0.983 seconds
[2026-04-27T01:53:52.394+0000] {processor.py:161} INFO - Started process (PID=7971) to work on /home/airflow/dags/mlflow_tracking_dag.py
[2026-04-27T01:53:52.395+0000] {processor.py:830} INFO - Processing file /home/airflow/dags/mlflow_tracking_dag.py for tasks to queue
[2026-04-27T01:53:52.396+0000] {logging_mixin.py:188} INFO - [2026-04-27T01:53:52.396+0000] {dagbag.py:538} INFO - Filling up the DagBag from /home/airflow/dags/mlflow_tracking_dag.py
[2026-04-27T01:53:53.216+0000] {processor.py:840} INFO - DAG(s) 'mlflow_model_tracking' retrieved from /home/airflow/dags/mlflow_tracking_dag.py
[2026-04-27T01:53:53.241+0000] {logging_mixin.py:188} INFO - [2026-04-27T01:53:53.241+0000] {dag.py:3036} INFO - Sync 1 DAGs
[2026-04-27T01:53:53.250+0000] {logging_mixin.py:188} INFO - [2026-04-27T01:53:53.250+0000] {dag.py:3823} INFO - Setting next_dagrun for mlflow_model_tracking to None, run_after=None
[2026-04-27T01:53:53.272+0000] {processor.py:183} INFO - Processing /home/airflow/dags/mlflow_tracking_dag.py took 0.882 seconds
[2026-04-27T01:54:23.416+0000] {processor.py:161} INFO - Started process (PID=8007) to work on /home/airflow/dags/mlflow_tracking_dag.py
[2026-04-27T01:54:23.418+0000] {processor.py:830} INFO - Processing file /home/airflow/dags/mlflow_tracking_dag.py for tasks to queue
[2026-04-27T01:54:23.420+0000] {logging_mixin.py:188} INFO - [2026-04-27T01:54:23.419+0000] {dagbag.py:538} INFO - Filling up the DagBag from /home/airflow/dags/mlflow_tracking_dag.py
[2026-04-27T01:54:24.369+0000] {processor.py:840} INFO - DAG(s) 'mlflow_model_tracking' retrieved from /home/airflow/dags/mlflow_tracking_dag.py
[2026-04-27T01:54:24.392+0000] {logging_mixin.py:188} INFO - [2026-04-27T01:54:24.391+0000] {dag.py:3036} INFO - Sync 1 DAGs
[2026-04-27T01:54:24.402+0000] {logging_mixin.py:188} INFO - [2026-04-27T01:54:24.402+0000] {dag.py:3823} INFO - Setting next_dagrun for mlflow_model_tracking to None, run_after=None
[2026-04-27T01:54:24.425+0000] {processor.py:183} INFO - Processing /home/airflow/dags/mlflow_tracking_dag.py took 1.012 seconds
[2026-04-27T01:54:54.658+0000] {processor.py:161} INFO - Started process (PID=8048) to work on /home/airflow/dags/mlflow_tracking_dag.py
[2026-04-27T01:54:54.660+0000] {processor.py:830} INFO - Processing file /home/airflow/dags/mlflow_tracking_dag.py for tasks to queue
[2026-04-27T01:54:54.661+0000] {logging_mixin.py:188} INFO - [2026-04-27T01:54:54.661+0000] {dagbag.py:538} INFO - Filling up the DagBag from /home/airflow/dags/mlflow_tracking_dag.py
[2026-04-27T01:54:55.707+0000] {processor.py:840} INFO - DAG(s) 'mlflow_model_tracking' retrieved from /home/airflow/dags/mlflow_tracking_dag.py
[2026-04-27T01:54:55.741+0000] {logging_mixin.py:188} INFO - [2026-04-27T01:54:55.740+0000] {dag.py:3036} INFO - Sync 1 DAGs
[2026-04-27T01:54:55.759+0000] {logging_mixin.py:188} INFO - [2026-04-27T01:54:55.759+0000] {dag.py:3823} INFO - Setting next_dagrun for mlflow_model_tracking to None, run_after=None
[2026-04-27T01:54:55.792+0000] {processor.py:183} INFO - Processing /home/airflow/dags/mlflow_tracking_dag.py took 1.139 seconds
[2026-04-27T01:55:26.301+0000] {processor.py:161} INFO - Started process (PID=8093) to work on /home/airflow/dags/mlflow_tracking_dag.py
[2026-04-27T01:55:26.303+0000] {processor.py:830} INFO - Processing file /home/airflow/dags/mlflow_tracking_dag.py for tasks to queue
[2026-04-27T01:55:26.305+0000] {logging_mixin.py:188} INFO - [2026-04-27T01:55:26.304+0000] {dagbag.py:538} INFO - Filling up the DagBag from /home/airflow/dags/mlflow_tracking_dag.py
[2026-04-27T01:55:27.243+0000] {processor.py:840} INFO - DAG(s) 'mlflow_model_tracking' retrieved from /home/airflow/dags/mlflow_tracking_dag.py
[2026-04-27T01:55:27.265+0000] {logging_mixin.py:188} INFO - [2026-04-27T01:55:27.264+0000] {dag.py:3036} INFO - Sync 1 DAGs
[2026-04-27T01:55:27.278+0000] {logging_mixin.py:188} INFO - [2026-04-27T01:55:27.278+0000] {dag.py:3823} INFO - Setting next_dagrun for mlflow_model_tracking to None, run_after=None
[2026-04-27T01:55:27.306+0000] {processor.py:183} INFO - Processing /home/airflow/dags/mlflow_tracking_dag.py took 1.013 seconds
[2026-04-27T01:55:57.374+0000] {processor.py:161} INFO - Started process (PID=8138) to work on /home/airflow/dags/mlflow_tracking_dag.py
[2026-04-27T01:55:57.375+0000] {processor.py:830} INFO - Processing file /home/airflow/dags/mlflow_tracking_dag.py for tasks to queue
[2026-04-27T01:55:57.376+0000] {logging_mixin.py:188} INFO - [2026-04-27T01:55:57.376+0000] {dagbag.py:538} INFO - Filling up the DagBag from /home/airflow/dags/mlflow_tracking_dag.py
[2026-04-27T01:55:58.261+0000] {processor.py:840} INFO - DAG(s) 'mlflow_model_tracking' retrieved from /home/airflow/dags/mlflow_tracking_dag.py
[2026-04-27T01:55:58.288+0000] {logging_mixin.py:188} INFO - [2026-04-27T01:55:58.287+0000] {dag.py:3036} INFO - Sync 1 DAGs
[2026-04-27T01:55:58.297+0000] {logging_mixin.py:188} INFO - [2026-04-27T01:55:58.297+0000] {dag.py:3823} INFO - Setting next_dagrun for mlflow_model_tracking to None, run_after=None
[2026-04-27T01:55:58.319+0000] {processor.py:183} INFO - Processing /home/airflow/dags/mlflow_tracking_dag.py took 0.950 seconds
[2026-04-27T01:56:28.492+0000] {processor.py:161} INFO - Started process (PID=8183) to work on /home/airflow/dags/mlflow_tracking_dag.py
[2026-04-27T01:56:28.493+0000] {processor.py:830} INFO - Processing file /home/airflow/dags/mlflow_tracking_dag.py for tasks to queue
[2026-04-27T01:56:28.495+0000] {logging_mixin.py:188} INFO - [2026-04-27T01:56:28.494+0000] {dagbag.py:538} INFO - Filling up the DagBag from /home/airflow/dags/mlflow_tracking_dag.py
[2026-04-27T01:56:29.301+0000] {processor.py:840} INFO - DAG(s) 'mlflow_model_tracking' retrieved from /home/airflow/dags/mlflow_tracking_dag.py
[2026-04-27T01:56:29.321+0000] {logging_mixin.py:188} INFO - [2026-04-27T01:56:29.321+0000] {dag.py:3036} INFO - Sync 1 DAGs
[2026-04-27T01:56:29.330+0000] {logging_mixin.py:188} INFO - [2026-04-27T01:56:29.330+0000] {dag.py:3823} INFO - Setting next_dagrun for mlflow_model_tracking to None, run_after=None
[2026-04-27T01:56:29.354+0000] {processor.py:183} INFO - Processing /home/airflow/dags/mlflow_tracking_dag.py took 0.867 seconds
[2026-04-27T01:56:59.722+0000] {processor.py:161} INFO - Started process (PID=8228) to work on /home/airflow/dags/mlflow_tracking_dag.py
[2026-04-27T01:56:59.723+0000] {processor.py:830} INFO - Processing file /home/airflow/dags/mlflow_tracking_dag.py for tasks to queue
[2026-04-27T01:56:59.724+0000] {logging_mixin.py:188} INFO - [2026-04-27T01:56:59.723+0000] {dagbag.py:538} INFO - Filling up the DagBag from /home/airflow/dags/mlflow_tracking_dag.py
[2026-04-27T01:57:00.593+0000] {processor.py:840} INFO - DAG(s) 'mlflow_model_tracking' retrieved from /home/airflow/dags/mlflow_tracking_dag.py
[2026-04-27T01:57:00.616+0000] {logging_mixin.py:188} INFO - [2026-04-27T01:57:00.616+0000] {dag.py:3036} INFO - Sync 1 DAGs
[2026-04-27T01:57:00.625+0000] {logging_mixin.py:188} INFO - [2026-04-27T01:57:00.625+0000] {dag.py:3823} INFO - Setting next_dagrun for mlflow_model_tracking to None, run_after=None
[2026-04-27T01:57:00.648+0000] {processor.py:183} INFO - Processing /home/airflow/dags/mlflow_tracking_dag.py took 0.930 seconds
[2026-04-27T01:57:31.087+0000] {processor.py:161} INFO - Started process (PID=8273) to work on /home/airflow/dags/mlflow_tracking_dag.py
[2026-04-27T01:57:31.088+0000] {processor.py:830} INFO - Processing file /home/airflow/dags/mlflow_tracking_dag.py for tasks to queue
[2026-04-27T01:57:31.089+0000] {logging_mixin.py:188} INFO - [2026-04-27T01:57:31.088+0000] {dagbag.py:538} INFO - Filling up the DagBag from /home/airflow/dags/mlflow_tracking_dag.py
[2026-04-27T01:57:31.852+0000] {processor.py:840} INFO - DAG(s) 'mlflow_model_tracking' retrieved from /home/airflow/dags/mlflow_tracking_dag.py
[2026-04-27T01:57:31.877+0000] {logging_mixin.py:188} INFO - [2026-04-27T01:57:31.876+0000] {dag.py:3036} INFO - Sync 1 DAGs
[2026-04-27T01:57:31.888+0000] {logging_mixin.py:188} INFO - [2026-04-27T01:57:31.887+0000] {dag.py:3823} INFO - Setting next_dagrun for mlflow_model_tracking to None, run_after=None
[2026-04-27T01:57:31.912+0000] {processor.py:183} INFO - Processing /home/airflow/dags/mlflow_tracking_dag.py took 0.829 seconds
[2026-04-27T01:58:01.991+0000] {processor.py:161} INFO - Started process (PID=8318) to work on /home/airflow/dags/mlflow_tracking_dag.py
[2026-04-27T01:58:01.992+0000] {processor.py:830} INFO - Processing file /home/airflow/dags/mlflow_tracking_dag.py for tasks to queue
[2026-04-27T01:58:01.993+0000] {logging_mixin.py:188} INFO - [2026-04-27T01:58:01.993+0000] {dagbag.py:538} INFO - Filling up the DagBag from /home/airflow/dags/mlflow_tracking_dag.py
[2026-04-27T01:58:02.708+0000] {processor.py:840} INFO - DAG(s) 'mlflow_model_tracking' retrieved from /home/airflow/dags/mlflow_tracking_dag.py
[2026-04-27T01:58:02.732+0000] {logging_mixin.py:188} INFO - [2026-04-27T01:58:02.732+0000] {dag.py:3036} INFO - Sync 1 DAGs
[2026-04-27T01:58:02.741+0000] {logging_mixin.py:188} INFO - [2026-04-27T01:58:02.741+0000] {dag.py:3823} INFO - Setting next_dagrun for mlflow_model_tracking to None, run_after=None
[2026-04-27T01:58:02.762+0000] {processor.py:183} INFO - Processing /home/airflow/dags/mlflow_tracking_dag.py took 0.778 seconds
[2026-04-27T01:58:32.939+0000] {processor.py:161} INFO - Started process (PID=8363) to work on /home/airflow/dags/mlflow_tracking_dag.py
[2026-04-27T01:58:32.940+0000] {processor.py:830} INFO - Processing file /home/airflow/dags/mlflow_tracking_dag.py for tasks to queue
[2026-04-27T01:58:32.941+0000] {logging_mixin.py:188} INFO - [2026-04-27T01:58:32.941+0000] {dagbag.py:538} INFO - Filling up the DagBag from /home/airflow/dags/mlflow_tracking_dag.py
[2026-04-27T01:58:33.774+0000] {processor.py:840} INFO - DAG(s) 'mlflow_model_tracking' retrieved from /home/airflow/dags/mlflow_tracking_dag.py
[2026-04-27T01:58:33.798+0000] {logging_mixin.py:188} INFO - [2026-04-27T01:58:33.796+0000] {dag.py:3036} INFO - Sync 1 DAGs
[2026-04-27T01:58:33.808+0000] {logging_mixin.py:188} INFO - [2026-04-27T01:58:33.808+0000] {dag.py:3823} INFO - Setting next_dagrun for mlflow_model_tracking to None, run_after=None
[2026-04-27T01:58:33.827+0000] {processor.py:183} INFO - Processing /home/airflow/dags/mlflow_tracking_dag.py took 0.892 seconds
[2026-04-27T01:59:03.898+0000] {processor.py:161} INFO - Started process (PID=8408) to work on /home/airflow/dags/mlflow_tracking_dag.py
[2026-04-27T01:59:03.899+0000] {processor.py:830} INFO - Processing file /home/airflow/dags/mlflow_tracking_dag.py for tasks to queue
[2026-04-27T01:59:03.900+0000] {logging_mixin.py:188} INFO - [2026-04-27T01:59:03.900+0000] {dagbag.py:538} INFO - Filling up the DagBag from /home/airflow/dags/mlflow_tracking_dag.py
[2026-04-27T01:59:04.602+0000] {processor.py:840} INFO - DAG(s) 'mlflow_model_tracking' retrieved from /home/airflow/dags/mlflow_tracking_dag.py
[2026-04-27T01:59:04.625+0000] {logging_mixin.py:188} INFO - [2026-04-27T01:59:04.625+0000] {dag.py:3036} INFO - Sync 1 DAGs
[2026-04-27T01:59:04.633+0000] {logging_mixin.py:188} INFO - [2026-04-27T01:59:04.633+0000] {dag.py:3823} INFO - Setting next_dagrun for mlflow_model_tracking to None, run_after=None
[2026-04-27T01:59:04.670+0000] {processor.py:183} INFO - Processing /home/airflow/dags/mlflow_tracking_dag.py took 0.776 seconds
[2026-04-27T01:59:34.924+0000] {processor.py:161} INFO - Started process (PID=8453) to work on /home/airflow/dags/mlflow_tracking_dag.py
[2026-04-27T01:59:34.925+0000] {processor.py:830} INFO - Processing file /home/airflow/dags/mlflow_tracking_dag.py for tasks to queue
[2026-04-27T01:59:34.926+0000] {logging_mixin.py:188} INFO - [2026-04-27T01:59:34.926+0000] {dagbag.py:538} INFO - Filling up the DagBag from /home/airflow/dags/mlflow_tracking_dag.py
[2026-04-27T01:59:35.607+0000] {processor.py:840} INFO - DAG(s) 'mlflow_model_tracking' retrieved from /home/airflow/dags/mlflow_tracking_dag.py
[2026-04-27T01:59:35.631+0000] {logging_mixin.py:188} INFO - [2026-04-27T01:59:35.631+0000] {dag.py:3036} INFO - Sync 1 DAGs
[2026-04-27T01:59:35.639+0000] {logging_mixin.py:188} INFO - [2026-04-27T01:59:35.639+0000] {dag.py:3823} INFO - Setting next_dagrun for mlflow_model_tracking to None, run_after=None
[2026-04-27T01:59:35.660+0000] {processor.py:183} INFO - Processing /home/airflow/dags/mlflow_tracking_dag.py took 0.739 seconds
[2026-04-27T02:00:05.859+0000] {processor.py:161} INFO - Started process (PID=8498) to work on /home/airflow/dags/mlflow_tracking_dag.py
[2026-04-27T02:00:05.861+0000] {processor.py:830} INFO - Processing file /home/airflow/dags/mlflow_tracking_dag.py for tasks to queue
[2026-04-27T02:00:05.862+0000] {logging_mixin.py:188} INFO - [2026-04-27T02:00:05.861+0000] {dagbag.py:538} INFO - Filling up the DagBag from /home/airflow/dags/mlflow_tracking_dag.py
[2026-04-27T02:00:06.767+0000] {processor.py:840} INFO - DAG(s) 'mlflow_model_tracking' retrieved from /home/airflow/dags/mlflow_tracking_dag.py
[2026-04-27T02:00:06.792+0000] {logging_mixin.py:188} INFO - [2026-04-27T02:00:06.792+0000] {dag.py:3036} INFO - Sync 1 DAGs
[2026-04-27T02:00:06.801+0000] {logging_mixin.py:188} INFO - [2026-04-27T02:00:06.801+0000] {dag.py:3823} INFO - Setting next_dagrun for mlflow_model_tracking to None, run_after=None
[2026-04-27T02:00:06.824+0000] {processor.py:183} INFO - Processing /home/airflow/dags/mlflow_tracking_dag.py took 0.968 seconds
[2026-04-27T02:00:37.188+0000] {processor.py:161} INFO - Started process (PID=8543) to work on /home/airflow/dags/mlflow_tracking_dag.py
[2026-04-27T02:00:37.189+0000] {processor.py:830} INFO - Processing file /home/airflow/dags/mlflow_tracking_dag.py for tasks to queue
[2026-04-27T02:00:37.190+0000] {logging_mixin.py:188} INFO - [2026-04-27T02:00:37.190+0000] {dagbag.py:538} INFO - Filling up the DagBag from /home/airflow/dags/mlflow_tracking_dag.py
[2026-04-27T02:00:37.892+0000] {processor.py:840} INFO - DAG(s) 'mlflow_model_tracking' retrieved from /home/airflow/dags/mlflow_tracking_dag.py
[2026-04-27T02:00:37.915+0000] {logging_mixin.py:188} INFO - [2026-04-27T02:00:37.915+0000] {dag.py:3036} INFO - Sync 1 DAGs
[2026-04-27T02:00:37.923+0000] {logging_mixin.py:188} INFO - [2026-04-27T02:00:37.923+0000] {dag.py:3823} INFO - Setting next_dagrun for mlflow_model_tracking to None, run_after=None
[2026-04-27T02:00:37.945+0000] {processor.py:183} INFO - Processing /home/airflow/dags/mlflow_tracking_dag.py took 0.760 seconds
[2026-04-27T02:01:08.302+0000] {processor.py:161} INFO - Started process (PID=8588) to work on /home/airflow/dags/mlflow_tracking_dag.py
[2026-04-27T02:01:08.304+0000] {processor.py:830} INFO - Processing file /home/airflow/dags/mlflow_tracking_dag.py for tasks to queue
[2026-04-27T02:01:08.305+0000] {logging_mixin.py:188} INFO - [2026-04-27T02:01:08.305+0000] {dagbag.py:538} INFO - Filling up the DagBag from /home/airflow/dags/mlflow_tracking_dag.py
[2026-04-27T02:01:09.018+0000] {processor.py:840} INFO - DAG(s) 'mlflow_model_tracking' retrieved from /home/airflow/dags/mlflow_tracking_dag.py
[2026-04-27T02:01:09.042+0000] {logging_mixin.py:188} INFO - [2026-04-27T02:01:09.042+0000] {dag.py:3036} INFO - Sync 1 DAGs
[2026-04-27T02:01:09.050+0000] {logging_mixin.py:188} INFO - [2026-04-27T02:01:09.050+0000] {dag.py:3823} INFO - Setting next_dagrun for mlflow_model_tracking to None, run_after=None
[2026-04-27T02:01:09.073+0000] {processor.py:183} INFO - Processing /home/airflow/dags/mlflow_tracking_dag.py took 0.773 seconds
[2026-04-27T02:01:39.474+0000] {processor.py:161} INFO - Started process (PID=8633) to work on /home/airflow/dags/mlflow_tracking_dag.py
[2026-04-27T02:01:39.475+0000] {processor.py:830} INFO - Processing file /home/airflow/dags/mlflow_tracking_dag.py for tasks to queue
[2026-04-27T02:01:39.476+0000] {logging_mixin.py:188} INFO - [2026-04-27T02:01:39.475+0000] {dagbag.py:538} INFO - Filling up the DagBag from /home/airflow/dags/mlflow_tracking_dag.py
[2026-04-27T02:01:40.162+0000] {processor.py:840} INFO - DAG(s) 'mlflow_model_tracking' retrieved from /home/airflow/dags/mlflow_tracking_dag.py
[2026-04-27T02:01:40.186+0000] {logging_mixin.py:188} INFO - [2026-04-27T02:01:40.185+0000] {dag.py:3036} INFO - Sync 1 DAGs
[2026-04-27T02:01:40.196+0000] {logging_mixin.py:188} INFO - [2026-04-27T02:01:40.195+0000] {dag.py:3823} INFO - Setting next_dagrun for mlflow_model_tracking to None, run_after=None
[2026-04-27T02:01:40.217+0000] {processor.py:183} INFO - Processing /home/airflow/dags/mlflow_tracking_dag.py took 0.747 seconds
[2026-04-27T02:02:10.385+0000] {processor.py:161} INFO - Started process (PID=8678) to work on /home/airflow/dags/mlflow_tracking_dag.py
[2026-04-27T02:02:10.387+0000] {processor.py:830} INFO - Processing file /home/airflow/dags/mlflow_tracking_dag.py for tasks to queue
[2026-04-27T02:02:10.388+0000] {logging_mixin.py:188} INFO - [2026-04-27T02:02:10.387+0000] {dagbag.py:538} INFO - Filling up the DagBag from /home/airflow/dags/mlflow_tracking_dag.py
[2026-04-27T02:02:11.093+0000] {processor.py:840} INFO - DAG(s) 'mlflow_model_tracking' retrieved from /home/airflow/dags/mlflow_tracking_dag.py
[2026-04-27T02:02:11.116+0000] {logging_mixin.py:188} INFO - [2026-04-27T02:02:11.116+0000] {dag.py:3036} INFO - Sync 1 DAGs
[2026-04-27T02:02:11.124+0000] {logging_mixin.py:188} INFO - [2026-04-27T02:02:11.124+0000] {dag.py:3823} INFO - Setting next_dagrun for mlflow_model_tracking to None, run_after=None
[2026-04-27T02:02:11.147+0000] {processor.py:183} INFO - Processing /home/airflow/dags/mlflow_tracking_dag.py took 0.766 seconds
[2026-04-27T02:02:41.493+0000] {processor.py:161} INFO - Started process (PID=8723) to work on /home/airflow/dags/mlflow_tracking_dag.py
[2026-04-27T02:02:41.494+0000] {processor.py:830} INFO - Processing file /home/airflow/dags/mlflow_tracking_dag.py for tasks to queue
[2026-04-27T02:02:41.494+0000] {logging_mixin.py:188} INFO - [2026-04-27T02:02:41.494+0000] {dagbag.py:538} INFO - Filling up the DagBag from /home/airflow/dags/mlflow_tracking_dag.py
[2026-04-27T02:02:42.296+0000] {processor.py:840} INFO - DAG(s) 'mlflow_model_tracking' retrieved from /home/airflow/dags/mlflow_tracking_dag.py
[2026-04-27T02:02:42.327+0000] {logging_mixin.py:188} INFO - [2026-04-27T02:02:42.326+0000] {dag.py:3036} INFO - Sync 1 DAGs
[2026-04-27T02:02:42.339+0000] {logging_mixin.py:188} INFO - [2026-04-27T02:02:42.339+0000] {dag.py:3823} INFO - Setting next_dagrun for mlflow_model_tracking to None, run_after=None
[2026-04-27T02:02:42.365+0000] {processor.py:183} INFO - Processing /home/airflow/dags/mlflow_tracking_dag.py took 0.875 seconds
[2026-04-27T02:03:12.725+0000] {processor.py:161} INFO - Started process (PID=8768) to work on /home/airflow/dags/mlflow_tracking_dag.py
[2026-04-27T02:03:12.726+0000] {processor.py:830} INFO - Processing file /home/airflow/dags/mlflow_tracking_dag.py for tasks to queue
[2026-04-27T02:03:12.727+0000] {logging_mixin.py:188} INFO - [2026-04-27T02:03:12.727+0000] {dagbag.py:538} INFO - Filling up the DagBag from /home/airflow/dags/mlflow_tracking_dag.py
[2026-04-27T02:03:13.434+0000] {processor.py:840} INFO - DAG(s) 'mlflow_model_tracking' retrieved from /home/airflow/dags/mlflow_tracking_dag.py
[2026-04-27T02:03:13.456+0000] {logging_mixin.py:188} INFO - [2026-04-27T02:03:13.455+0000] {dag.py:3036} INFO - Sync 1 DAGs
[2026-04-27T02:03:13.463+0000] {logging_mixin.py:188} INFO - [2026-04-27T02:03:13.463+0000] {dag.py:3823} INFO - Setting next_dagrun for mlflow_model_tracking to None, run_after=None
[2026-04-27T02:03:13.487+0000] {processor.py:183} INFO - Processing /home/airflow/dags/mlflow_tracking_dag.py took 0.766 seconds
[2026-04-27T02:03:43.773+0000] {processor.py:161} INFO - Started process (PID=8813) to work on /home/airflow/dags/mlflow_tracking_dag.py
[2026-04-27T02:03:43.774+0000] {processor.py:830} INFO - Processing file /home/airflow/dags/mlflow_tracking_dag.py for tasks to queue
[2026-04-27T02:03:43.775+0000] {logging_mixin.py:188} INFO - [2026-04-27T02:03:43.775+0000] {dagbag.py:538} INFO - Filling up the DagBag from /home/airflow/dags/mlflow_tracking_dag.py
[2026-04-27T02:03:44.446+0000] {processor.py:840} INFO - DAG(s) 'mlflow_model_tracking' retrieved from /home/airflow/dags/mlflow_tracking_dag.py
[2026-04-27T02:03:44.475+0000] {logging_mixin.py:188} INFO - [2026-04-27T02:03:44.474+0000] {dag.py:3036} INFO - Sync 1 DAGs
[2026-04-27T02:03:44.488+0000] {logging_mixin.py:188} INFO - [2026-04-27T02:03:44.488+0000] {dag.py:3823} INFO - Setting next_dagrun for mlflow_model_tracking to None, run_after=None
[2026-04-27T02:03:44.512+0000] {processor.py:183} INFO - Processing /home/airflow/dags/mlflow_tracking_dag.py took 0.743 seconds
[2026-04-27T02:04:14.785+0000] {processor.py:161} INFO - Started process (PID=8858) to work on /home/airflow/dags/mlflow_tracking_dag.py
[2026-04-27T02:04:14.786+0000] {processor.py:830} INFO - Processing file /home/airflow/dags/mlflow_tracking_dag.py for tasks to queue
[2026-04-27T02:04:14.787+0000] {logging_mixin.py:188} INFO - [2026-04-27T02:04:14.787+0000] {dagbag.py:538} INFO - Filling up the DagBag from /home/airflow/dags/mlflow_tracking_dag.py
[2026-04-27T02:04:15.477+0000] {processor.py:840} INFO - DAG(s) 'mlflow_model_tracking' retrieved from /home/airflow/dags/mlflow_tracking_dag.py
[2026-04-27T02:04:15.504+0000] {logging_mixin.py:188} INFO - [2026-04-27T02:04:15.503+0000] {dag.py:3036} INFO - Sync 1 DAGs
[2026-04-27T02:04:15.514+0000] {logging_mixin.py:188} INFO - [2026-04-27T02:04:15.514+0000] {dag.py:3823} INFO - Setting next_dagrun for mlflow_model_tracking to None, run_after=None
[2026-04-27T02:04:15.537+0000] {processor.py:183} INFO - Processing /home/airflow/dags/mlflow_tracking_dag.py took 0.755 seconds
[2026-04-27T02:04:45.738+0000] {processor.py:161} INFO - Started process (PID=8903) to work on /home/airflow/dags/mlflow_tracking_dag.py
[2026-04-27T02:04:45.739+0000] {processor.py:830} INFO - Processing file /home/airflow/dags/mlflow_tracking_dag.py for tasks to queue
[2026-04-27T02:04:45.740+0000] {logging_mixin.py:188} INFO - [2026-04-27T02:04:45.740+0000] {dagbag.py:538} INFO - Filling up the DagBag from /home/airflow/dags/mlflow_tracking_dag.py
[2026-04-27T02:04:46.396+0000] {processor.py:840} INFO - DAG(s) 'mlflow_model_tracking' retrieved from /home/airflow/dags/mlflow_tracking_dag.py
[2026-04-27T02:04:46.419+0000] {logging_mixin.py:188} INFO - [2026-04-27T02:04:46.418+0000] {dag.py:3036} INFO - Sync 1 DAGs
[2026-04-27T02:04:46.566+0000] {logging_mixin.py:188} INFO - [2026-04-27T02:04:46.566+0000] {dag.py:3823} INFO - Setting next_dagrun for mlflow_model_tracking to None, run_after=None
[2026-04-27T02:04:46.591+0000] {processor.py:183} INFO - Processing /home/airflow/dags/mlflow_tracking_dag.py took 0.856 seconds
[2026-04-27T02:05:16.903+0000] {processor.py:161} INFO - Started process (PID=8948) to work on /home/airflow/dags/mlflow_tracking_dag.py
[2026-04-27T02:05:16.905+0000] {processor.py:830} INFO - Processing file /home/airflow/dags/mlflow_tracking_dag.py for tasks to queue
[2026-04-27T02:05:16.906+0000] {logging_mixin.py:188} INFO - [2026-04-27T02:05:16.906+0000] {dagbag.py:538} INFO - Filling up the DagBag from /home/airflow/dags/mlflow_tracking_dag.py
[2026-04-27T02:05:17.577+0000] {processor.py:840} INFO - DAG(s) 'mlflow_model_tracking' retrieved from /home/airflow/dags/mlflow_tracking_dag.py
[2026-04-27T02:05:17.730+0000] {logging_mixin.py:188} INFO - [2026-04-27T02:05:17.730+0000] {dag.py:3036} INFO - Sync 1 DAGs
[2026-04-27T02:05:17.738+0000] {logging_mixin.py:188} INFO - [2026-04-27T02:05:17.738+0000] {dag.py:3823} INFO - Setting next_dagrun for mlflow_model_tracking to None, run_after=None
[2026-04-27T02:05:17.760+0000] {processor.py:183} INFO - Processing /home/airflow/dags/mlflow_tracking_dag.py took 0.861 seconds
[2026-04-27T02:05:48.033+0000] {processor.py:161} INFO - Started process (PID=8993) to work on /home/airflow/dags/mlflow_tracking_dag.py
[2026-04-27T02:05:48.034+0000] {processor.py:830} INFO - Processing file /home/airflow/dags/mlflow_tracking_dag.py for tasks to queue
[2026-04-27T02:05:48.035+0000] {logging_mixin.py:188} INFO - [2026-04-27T02:05:48.035+0000] {dagbag.py:538} INFO - Filling up the DagBag from /home/airflow/dags/mlflow_tracking_dag.py
[2026-04-27T02:05:48.671+0000] {processor.py:840} INFO - DAG(s) 'mlflow_model_tracking' retrieved from /home/airflow/dags/mlflow_tracking_dag.py
[2026-04-27T02:05:48.821+0000] {logging_mixin.py:188} INFO - [2026-04-27T02:05:48.821+0000] {dag.py:3036} INFO - Sync 1 DAGs
[2026-04-27T02:05:48.829+0000] {logging_mixin.py:188} INFO - [2026-04-27T02:05:48.829+0000] {dag.py:3823} INFO - Setting next_dagrun for mlflow_model_tracking to None, run_after=None
[2026-04-27T02:05:48.850+0000] {processor.py:183} INFO - Processing /home/airflow/dags/mlflow_tracking_dag.py took 0.821 seconds
[2026-04-27T02:06:18.989+0000] {processor.py:161} INFO - Started process (PID=9038) to work on /home/airflow/dags/mlflow_tracking_dag.py
[2026-04-27T02:06:18.991+0000] {processor.py:830} INFO - Processing file /home/airflow/dags/mlflow_tracking_dag.py for tasks to queue
[2026-04-27T02:06:18.992+0000] {logging_mixin.py:188} INFO - [2026-04-27T02:06:18.992+0000] {dagbag.py:538} INFO - Filling up the DagBag from /home/airflow/dags/mlflow_tracking_dag.py
[2026-04-27T02:06:19.777+0000] {processor.py:840} INFO - DAG(s) 'mlflow_model_tracking' retrieved from /home/airflow/dags/mlflow_tracking_dag.py
[2026-04-27T02:06:19.804+0000] {logging_mixin.py:188} INFO - [2026-04-27T02:06:19.804+0000] {dag.py:3036} INFO - Sync 1 DAGs
[2026-04-27T02:06:19.813+0000] {logging_mixin.py:188} INFO - [2026-04-27T02:06:19.813+0000] {dag.py:3823} INFO - Setting next_dagrun for mlflow_model_tracking to None, run_after=None
[2026-04-27T02:06:19.837+0000] {processor.py:183} INFO - Processing /home/airflow/dags/mlflow_tracking_dag.py took 0.855 seconds
[2026-04-27T02:06:50.138+0000] {processor.py:161} INFO - Started process (PID=9083) to work on /home/airflow/dags/mlflow_tracking_dag.py
[2026-04-27T02:06:50.139+0000] {processor.py:830} INFO - Processing file /home/airflow/dags/mlflow_tracking_dag.py for tasks to queue
[2026-04-27T02:06:50.140+0000] {logging_mixin.py:188} INFO - [2026-04-27T02:06:50.140+0000] {dagbag.py:538} INFO - Filling up the DagBag from /home/airflow/dags/mlflow_tracking_dag.py
[2026-04-27T02:06:50.861+0000] {processor.py:840} INFO - DAG(s) 'mlflow_model_tracking' retrieved from /home/airflow/dags/mlflow_tracking_dag.py
[2026-04-27T02:06:50.885+0000] {logging_mixin.py:188} INFO - [2026-04-27T02:06:50.884+0000] {dag.py:3036} INFO - Sync 1 DAGs
[2026-04-27T02:06:50.893+0000] {logging_mixin.py:188} INFO - [2026-04-27T02:06:50.893+0000] {dag.py:3823} INFO - Setting next_dagrun for mlflow_model_tracking to None, run_after=None
[2026-04-27T02:06:50.914+0000] {processor.py:183} INFO - Processing /home/airflow/dags/mlflow_tracking_dag.py took 0.779 seconds
[2026-04-27T02:07:20.985+0000] {processor.py:161} INFO - Started process (PID=9128) to work on /home/airflow/dags/mlflow_tracking_dag.py
[2026-04-27T02:07:20.986+0000] {processor.py:830} INFO - Processing file /home/airflow/dags/mlflow_tracking_dag.py for tasks to queue
[2026-04-27T02:07:20.987+0000] {logging_mixin.py:188} INFO - [2026-04-27T02:07:20.987+0000] {dagbag.py:538} INFO - Filling up the DagBag from /home/airflow/dags/mlflow_tracking_dag.py
[2026-04-27T02:07:21.681+0000] {processor.py:840} INFO - DAG(s) 'mlflow_model_tracking' retrieved from /home/airflow/dags/mlflow_tracking_dag.py
[2026-04-27T02:07:21.705+0000] {logging_mixin.py:188} INFO - [2026-04-27T02:07:21.705+0000] {dag.py:3036} INFO - Sync 1 DAGs
[2026-04-27T02:07:21.713+0000] {logging_mixin.py:188} INFO - [2026-04-27T02:07:21.713+0000] {dag.py:3823} INFO - Setting next_dagrun for mlflow_model_tracking to None, run_after=None
[2026-04-27T02:07:21.735+0000] {processor.py:183} INFO - Processing /home/airflow/dags/mlflow_tracking_dag.py took 0.753 seconds
[2026-04-27T02:07:52.287+0000] {processor.py:161} INFO - Started process (PID=9173) to work on /home/airflow/dags/mlflow_tracking_dag.py
[2026-04-27T02:07:52.288+0000] {processor.py:830} INFO - Processing file /home/airflow/dags/mlflow_tracking_dag.py for tasks to queue
[2026-04-27T02:07:52.289+0000] {logging_mixin.py:188} INFO - [2026-04-27T02:07:52.289+0000] {dagbag.py:538} INFO - Filling up the DagBag from /home/airflow/dags/mlflow_tracking_dag.py
[2026-04-27T02:07:53.099+0000] {processor.py:840} INFO - DAG(s) 'mlflow_model_tracking' retrieved from /home/airflow/dags/mlflow_tracking_dag.py
[2026-04-27T02:07:53.122+0000] {logging_mixin.py:188} INFO - [2026-04-27T02:07:53.121+0000] {dag.py:3036} INFO - Sync 1 DAGs
[2026-04-27T02:07:53.130+0000] {logging_mixin.py:188} INFO - [2026-04-27T02:07:53.130+0000] {dag.py:3823} INFO - Setting next_dagrun for mlflow_model_tracking to None, run_after=None
[2026-04-27T02:07:53.152+0000] {processor.py:183} INFO - Processing /home/airflow/dags/mlflow_tracking_dag.py took 0.868 seconds
[2026-04-27T02:08:23.463+0000] {processor.py:161} INFO - Started process (PID=9218) to work on /home/airflow/dags/mlflow_tracking_dag.py
[2026-04-27T02:08:23.465+0000] {processor.py:830} INFO - Processing file /home/airflow/dags/mlflow_tracking_dag.py for tasks to queue
[2026-04-27T02:08:23.466+0000] {logging_mixin.py:188} INFO - [2026-04-27T02:08:23.466+0000] {dagbag.py:538} INFO - Filling up the DagBag from /home/airflow/dags/mlflow_tracking_dag.py
[2026-04-27T02:08:24.202+0000] {processor.py:840} INFO - DAG(s) 'mlflow_model_tracking' retrieved from /home/airflow/dags/mlflow_tracking_dag.py
[2026-04-27T02:08:24.226+0000] {logging_mixin.py:188} INFO - [2026-04-27T02:08:24.226+0000] {dag.py:3036} INFO - Sync 1 DAGs
[2026-04-27T02:08:24.236+0000] {logging_mixin.py:188} INFO - [2026-04-27T02:08:24.236+0000] {dag.py:3823} INFO - Setting next_dagrun for mlflow_model_tracking to None, run_after=None
[2026-04-27T02:08:24.256+0000] {processor.py:183} INFO - Processing /home/airflow/dags/mlflow_tracking_dag.py took 0.797 seconds
[2026-04-27T02:08:54.314+0000] {processor.py:161} INFO - Started process (PID=9263) to work on /home/airflow/dags/mlflow_tracking_dag.py
[2026-04-27T02:08:54.315+0000] {processor.py:830} INFO - Processing file /home/airflow/dags/mlflow_tracking_dag.py for tasks to queue
[2026-04-27T02:08:54.316+0000] {logging_mixin.py:188} INFO - [2026-04-27T02:08:54.316+0000] {dagbag.py:538} INFO - Filling up the DagBag from /home/airflow/dags/mlflow_tracking_dag.py
[2026-04-27T02:08:55.059+0000] {processor.py:840} INFO - DAG(s) 'mlflow_model_tracking' retrieved from /home/airflow/dags/mlflow_tracking_dag.py
[2026-04-27T02:08:55.081+0000] {logging_mixin.py:188} INFO - [2026-04-27T02:08:55.081+0000] {dag.py:3036} INFO - Sync 1 DAGs
[2026-04-27T02:08:55.089+0000] {logging_mixin.py:188} INFO - [2026-04-27T02:08:55.089+0000] {dag.py:3823} INFO - Setting next_dagrun for mlflow_model_tracking to None, run_after=None
[2026-04-27T02:08:55.111+0000] {processor.py:183} INFO - Processing /home/airflow/dags/mlflow_tracking_dag.py took 0.800 seconds
[2026-04-27T02:09:25.275+0000] {processor.py:161} INFO - Started process (PID=9308) to work on /home/airflow/dags/mlflow_tracking_dag.py
[2026-04-27T02:09:25.276+0000] {processor.py:830} INFO - Processing file /home/airflow/dags/mlflow_tracking_dag.py for tasks to queue
[2026-04-27T02:09:25.277+0000] {logging_mixin.py:188} INFO - [2026-04-27T02:09:25.277+0000] {dagbag.py:538} INFO - Filling up the DagBag from /home/airflow/dags/mlflow_tracking_dag.py
[2026-04-27T02:09:25.977+0000] {processor.py:840} INFO - DAG(s) 'mlflow_model_tracking' retrieved from /home/airflow/dags/mlflow_tracking_dag.py
[2026-04-27T02:09:26.001+0000] {logging_mixin.py:188} INFO - [2026-04-27T02:09:26.001+0000] {dag.py:3036} INFO - Sync 1 DAGs
[2026-04-27T02:09:26.010+0000] {logging_mixin.py:188} INFO - [2026-04-27T02:09:26.010+0000] {dag.py:3823} INFO - Setting next_dagrun for mlflow_model_tracking to None, run_after=None
[2026-04-27T02:09:26.030+0000] {processor.py:183} INFO - Processing /home/airflow/dags/mlflow_tracking_dag.py took 0.758 seconds
[2026-04-27T02:09:56.300+0000] {processor.py:161} INFO - Started process (PID=9353) to work on /home/airflow/dags/mlflow_tracking_dag.py
[2026-04-27T02:09:56.302+0000] {processor.py:830} INFO - Processing file /home/airflow/dags/mlflow_tracking_dag.py for tasks to queue
[2026-04-27T02:09:56.303+0000] {logging_mixin.py:188} INFO - [2026-04-27T02:09:56.303+0000] {dagbag.py:538} INFO - Filling up the DagBag from /home/airflow/dags/mlflow_tracking_dag.py
[2026-04-27T02:09:57.303+0000] {processor.py:840} INFO - DAG(s) 'mlflow_model_tracking' retrieved from /home/airflow/dags/mlflow_tracking_dag.py
[2026-04-27T02:09:57.326+0000] {logging_mixin.py:188} INFO - [2026-04-27T02:09:57.326+0000] {dag.py:3036} INFO - Sync 1 DAGs
[2026-04-27T02:09:57.334+0000] {logging_mixin.py:188} INFO - [2026-04-27T02:09:57.334+0000] {dag.py:3823} INFO - Setting next_dagrun for mlflow_model_tracking to None, run_after=None
[2026-04-27T02:09:57.355+0000] {processor.py:183} INFO - Processing /home/airflow/dags/mlflow_tracking_dag.py took 1.058 seconds
[2026-04-27T02:10:27.679+0000] {processor.py:161} INFO - Started process (PID=9398) to work on /home/airflow/dags/mlflow_tracking_dag.py
[2026-04-27T02:10:27.680+0000] {processor.py:830} INFO - Processing file /home/airflow/dags/mlflow_tracking_dag.py for tasks to queue
[2026-04-27T02:10:27.681+0000] {logging_mixin.py:188} INFO - [2026-04-27T02:10:27.681+0000] {dagbag.py:538} INFO - Filling up the DagBag from /home/airflow/dags/mlflow_tracking_dag.py
[2026-04-27T02:10:28.411+0000] {processor.py:840} INFO - DAG(s) 'mlflow_model_tracking' retrieved from /home/airflow/dags/mlflow_tracking_dag.py
[2026-04-27T02:10:28.432+0000] {logging_mixin.py:188} INFO - [2026-04-27T02:10:28.432+0000] {dag.py:3036} INFO - Sync 1 DAGs
[2026-04-27T02:10:28.440+0000] {logging_mixin.py:188} INFO - [2026-04-27T02:10:28.440+0000] {dag.py:3823} INFO - Setting next_dagrun for mlflow_model_tracking to None, run_after=None
[2026-04-27T02:10:28.462+0000] {processor.py:183} INFO - Processing /home/airflow/dags/mlflow_tracking_dag.py took 0.785 seconds
[2026-04-27T02:10:58.610+0000] {processor.py:161} INFO - Started process (PID=9443) to work on /home/airflow/dags/mlflow_tracking_dag.py
[2026-04-27T02:10:58.611+0000] {processor.py:830} INFO - Processing file /home/airflow/dags/mlflow_tracking_dag.py for tasks to queue
[2026-04-27T02:10:58.613+0000] {logging_mixin.py:188} INFO - [2026-04-27T02:10:58.612+0000] {dagbag.py:538} INFO - Filling up the DagBag from /home/airflow/dags/mlflow_tracking_dag.py
[2026-04-27T02:10:59.357+0000] {processor.py:840} INFO - DAG(s) 'mlflow_model_tracking' retrieved from /home/airflow/dags/mlflow_tracking_dag.py
[2026-04-27T02:10:59.381+0000] {logging_mixin.py:188} INFO - [2026-04-27T02:10:59.381+0000] {dag.py:3036} INFO - Sync 1 DAGs
[2026-04-27T02:10:59.391+0000] {logging_mixin.py:188} INFO - [2026-04-27T02:10:59.390+0000] {dag.py:3823} INFO - Setting next_dagrun for mlflow_model_tracking to None, run_after=None
[2026-04-27T02:10:59.417+0000] {processor.py:183} INFO - Processing /home/airflow/dags/mlflow_tracking_dag.py took 0.811 seconds
[2026-04-27T02:11:29.599+0000] {processor.py:161} INFO - Started process (PID=9488) to work on /home/airflow/dags/mlflow_tracking_dag.py
[2026-04-27T02:11:29.600+0000] {processor.py:830} INFO - Processing file /home/airflow/dags/mlflow_tracking_dag.py for tasks to queue
[2026-04-27T02:11:29.602+0000] {logging_mixin.py:188} INFO - [2026-04-27T02:11:29.601+0000] {dagbag.py:538} INFO - Filling up the DagBag from /home/airflow/dags/mlflow_tracking_dag.py
[2026-04-27T02:11:30.291+0000] {processor.py:840} INFO - DAG(s) 'mlflow_model_tracking' retrieved from /home/airflow/dags/mlflow_tracking_dag.py
[2026-04-27T02:11:30.314+0000] {logging_mixin.py:188} INFO - [2026-04-27T02:11:30.314+0000] {dag.py:3036} INFO - Sync 1 DAGs
[2026-04-27T02:11:30.323+0000] {logging_mixin.py:188} INFO - [2026-04-27T02:11:30.323+0000] {dag.py:3823} INFO - Setting next_dagrun for mlflow_model_tracking to None, run_after=None
[2026-04-27T02:11:30.344+0000] {processor.py:183} INFO - Processing /home/airflow/dags/mlflow_tracking_dag.py took 0.749 seconds
[2026-04-27T02:12:00.524+0000] {processor.py:161} INFO - Started process (PID=9533) to work on /home/airflow/dags/mlflow_tracking_dag.py
[2026-04-27T02:12:00.526+0000] {processor.py:830} INFO - Processing file /home/airflow/dags/mlflow_tracking_dag.py for tasks to queue
[2026-04-27T02:12:00.526+0000] {logging_mixin.py:188} INFO - [2026-04-27T02:12:00.526+0000] {dagbag.py:538} INFO - Filling up the DagBag from /home/airflow/dags/mlflow_tracking_dag.py
[2026-04-27T02:12:01.246+0000] {processor.py:840} INFO - DAG(s) 'mlflow_model_tracking' retrieved from /home/airflow/dags/mlflow_tracking_dag.py
[2026-04-27T02:12:01.271+0000] {logging_mixin.py:188} INFO - [2026-04-27T02:12:01.270+0000] {dag.py:3036} INFO - Sync 1 DAGs
[2026-04-27T02:12:01.280+0000] {logging_mixin.py:188} INFO - [2026-04-27T02:12:01.280+0000] {dag.py:3823} INFO - Setting next_dagrun for mlflow_model_tracking to None, run_after=None
[2026-04-27T02:12:01.301+0000] {processor.py:183} INFO - Processing /home/airflow/dags/mlflow_tracking_dag.py took 0.779 seconds
[2026-04-27T02:12:31.666+0000] {processor.py:161} INFO - Started process (PID=9578) to work on /home/airflow/dags/mlflow_tracking_dag.py
[2026-04-27T02:12:31.667+0000] {processor.py:830} INFO - Processing file /home/airflow/dags/mlflow_tracking_dag.py for tasks to queue
[2026-04-27T02:12:31.668+0000] {logging_mixin.py:188} INFO - [2026-04-27T02:12:31.668+0000] {dagbag.py:538} INFO - Filling up the DagBag from /home/airflow/dags/mlflow_tracking_dag.py
[2026-04-27T02:12:32.459+0000] {processor.py:840} INFO - DAG(s) 'mlflow_model_tracking' retrieved from /home/airflow/dags/mlflow_tracking_dag.py
[2026-04-27T02:12:32.483+0000] {logging_mixin.py:188} INFO - [2026-04-27T02:12:32.483+0000] {dag.py:3036} INFO - Sync 1 DAGs
[2026-04-27T02:12:32.494+0000] {logging_mixin.py:188} INFO - [2026-04-27T02:12:32.494+0000] {dag.py:3823} INFO - Setting next_dagrun for mlflow_model_tracking to None, run_after=None
[2026-04-27T02:12:32.517+0000] {processor.py:183} INFO - Processing /home/airflow/dags/mlflow_tracking_dag.py took 0.856 seconds
[2026-04-27T02:13:02.684+0000] {processor.py:161} INFO - Started process (PID=9623) to work on /home/airflow/dags/mlflow_tracking_dag.py
[2026-04-27T02:13:02.685+0000] {processor.py:830} INFO - Processing file /home/airflow/dags/mlflow_tracking_dag.py for tasks to queue
[2026-04-27T02:13:02.686+0000] {logging_mixin.py:188} INFO - [2026-04-27T02:13:02.686+0000] {dagbag.py:538} INFO - Filling up the DagBag from /home/airflow/dags/mlflow_tracking_dag.py
[2026-04-27T02:13:03.604+0000] {processor.py:840} INFO - DAG(s) 'mlflow_model_tracking' retrieved from /home/airflow/dags/mlflow_tracking_dag.py
[2026-04-27T02:13:03.629+0000] {logging_mixin.py:188} INFO - [2026-04-27T02:13:03.629+0000] {dag.py:3036} INFO - Sync 1 DAGs
[2026-04-27T02:13:03.643+0000] {logging_mixin.py:188} INFO - [2026-04-27T02:13:03.643+0000] {dag.py:3823} INFO - Setting next_dagrun for mlflow_model_tracking to None, run_after=None
[2026-04-27T02:13:03.669+0000] {processor.py:183} INFO - Processing /home/airflow/dags/mlflow_tracking_dag.py took 0.989 seconds
[2026-04-27T02:13:34.021+0000] {processor.py:161} INFO - Started process (PID=9668) to work on /home/airflow/dags/mlflow_tracking_dag.py
[2026-04-27T02:13:34.022+0000] {processor.py:830} INFO - Processing file /home/airflow/dags/mlflow_tracking_dag.py for tasks to queue
[2026-04-27T02:13:34.023+0000] {logging_mixin.py:188} INFO - [2026-04-27T02:13:34.022+0000] {dagbag.py:538} INFO - Filling up the DagBag from /home/airflow/dags/mlflow_tracking_dag.py
[2026-04-27T02:13:34.686+0000] {processor.py:840} INFO - DAG(s) 'mlflow_model_tracking' retrieved from /home/airflow/dags/mlflow_tracking_dag.py
[2026-04-27T02:13:34.712+0000] {logging_mixin.py:188} INFO - [2026-04-27T02:13:34.712+0000] {dag.py:3036} INFO - Sync 1 DAGs
[2026-04-27T02:13:34.720+0000] {logging_mixin.py:188} INFO - [2026-04-27T02:13:34.720+0000] {dag.py:3823} INFO - Setting next_dagrun for mlflow_model_tracking to None, run_after=None
[2026-04-27T02:13:34.740+0000] {processor.py:183} INFO - Processing /home/airflow/dags/mlflow_tracking_dag.py took 0.723 seconds
[2026-04-27T02:14:04.805+0000] {processor.py:161} INFO - Started process (PID=9713) to work on /home/airflow/dags/mlflow_tracking_dag.py
[2026-04-27T02:14:04.806+0000] {processor.py:830} INFO - Processing file /home/airflow/dags/mlflow_tracking_dag.py for tasks to queue
[2026-04-27T02:14:04.807+0000] {logging_mixin.py:188} INFO - [2026-04-27T02:14:04.807+0000] {dagbag.py:538} INFO - Filling up the DagBag from /home/airflow/dags/mlflow_tracking_dag.py
[2026-04-27T02:14:05.543+0000] {processor.py:840} INFO - DAG(s) 'mlflow_model_tracking' retrieved from /home/airflow/dags/mlflow_tracking_dag.py
[2026-04-27T02:14:05.564+0000] {logging_mixin.py:188} INFO - [2026-04-27T02:14:05.564+0000] {dag.py:3036} INFO - Sync 1 DAGs
[2026-04-27T02:14:05.572+0000] {logging_mixin.py:188} INFO - [2026-04-27T02:14:05.571+0000] {dag.py:3823} INFO - Setting next_dagrun for mlflow_model_tracking to None, run_after=None
[2026-04-27T02:14:05.595+0000] {processor.py:183} INFO - Processing /home/airflow/dags/mlflow_tracking_dag.py took 0.794 seconds
[2026-04-27T02:14:35.955+0000] {processor.py:161} INFO - Started process (PID=9758) to work on /home/airflow/dags/mlflow_tracking_dag.py
[2026-04-27T02:14:35.956+0000] {processor.py:830} INFO - Processing file /home/airflow/dags/mlflow_tracking_dag.py for tasks to queue
[2026-04-27T02:14:35.957+0000] {logging_mixin.py:188} INFO - [2026-04-27T02:14:35.957+0000] {dagbag.py:538} INFO - Filling up the DagBag from /home/airflow/dags/mlflow_tracking_dag.py
[2026-04-27T02:14:36.688+0000] {processor.py:840} INFO - DAG(s) 'mlflow_model_tracking' retrieved from /home/airflow/dags/mlflow_tracking_dag.py
[2026-04-27T02:14:36.712+0000] {logging_mixin.py:188} INFO - [2026-04-27T02:14:36.712+0000] {dag.py:3036} INFO - Sync 1 DAGs
[2026-04-27T02:14:36.723+0000] {logging_mixin.py:188} INFO - [2026-04-27T02:14:36.723+0000] {dag.py:3823} INFO - Setting next_dagrun for mlflow_model_tracking to None, run_after=None
[2026-04-27T02:14:36.746+0000] {processor.py:183} INFO - Processing /home/airflow/dags/mlflow_tracking_dag.py took 0.795 seconds
[2026-04-27T02:15:07.601+0000] {processor.py:161} INFO - Started process (PID=9803) to work on /home/airflow/dags/mlflow_tracking_dag.py
[2026-04-27T02:15:07.602+0000] {processor.py:830} INFO - Processing file /home/airflow/dags/mlflow_tracking_dag.py for tasks to queue
[2026-04-27T02:15:07.603+0000] {logging_mixin.py:188} INFO - [2026-04-27T02:15:07.603+0000] {dagbag.py:538} INFO - Filling up the DagBag from /home/airflow/dags/mlflow_tracking_dag.py
[2026-04-27T02:15:08.322+0000] {processor.py:840} INFO - DAG(s) 'mlflow_model_tracking' retrieved from /home/airflow/dags/mlflow_tracking_dag.py
[2026-04-27T02:15:08.345+0000] {logging_mixin.py:188} INFO - [2026-04-27T02:15:08.344+0000] {dag.py:3036} INFO - Sync 1 DAGs
[2026-04-27T02:15:08.354+0000] {logging_mixin.py:188} INFO - [2026-04-27T02:15:08.353+0000] {dag.py:3823} INFO - Setting next_dagrun for mlflow_model_tracking to None, run_after=None
[2026-04-27T02:15:08.376+0000] {processor.py:183} INFO - Processing /home/airflow/dags/mlflow_tracking_dag.py took 0.778 seconds
[2026-04-27T02:15:38.617+0000] {processor.py:161} INFO - Started process (PID=9848) to work on /home/airflow/dags/mlflow_tracking_dag.py
[2026-04-27T02:15:38.618+0000] {processor.py:830} INFO - Processing file /home/airflow/dags/mlflow_tracking_dag.py for tasks to queue
[2026-04-27T02:15:38.619+0000] {logging_mixin.py:188} INFO - [2026-04-27T02:15:38.619+0000] {dagbag.py:538} INFO - Filling up the DagBag from /home/airflow/dags/mlflow_tracking_dag.py
[2026-04-27T02:15:39.360+0000] {processor.py:840} INFO - DAG(s) 'mlflow_model_tracking' retrieved from /home/airflow/dags/mlflow_tracking_dag.py
[2026-04-27T02:15:39.383+0000] {logging_mixin.py:188} INFO - [2026-04-27T02:15:39.382+0000] {dag.py:3036} INFO - Sync 1 DAGs
[2026-04-27T02:15:39.392+0000] {logging_mixin.py:188} INFO - [2026-04-27T02:15:39.392+0000] {dag.py:3823} INFO - Setting next_dagrun for mlflow_model_tracking to None, run_after=None
[2026-04-27T02:15:39.413+0000] {processor.py:183} INFO - Processing /home/airflow/dags/mlflow_tracking_dag.py took 0.798 seconds
[2026-04-27T02:16:09.893+0000] {processor.py:161} INFO - Started process (PID=9893) to work on /home/airflow/dags/mlflow_tracking_dag.py
[2026-04-27T02:16:09.895+0000] {processor.py:830} INFO - Processing file /home/airflow/dags/mlflow_tracking_dag.py for tasks to queue
[2026-04-27T02:16:09.896+0000] {logging_mixin.py:188} INFO - [2026-04-27T02:16:09.896+0000] {dagbag.py:538} INFO - Filling up the DagBag from /home/airflow/dags/mlflow_tracking_dag.py
[2026-04-27T02:16:10.734+0000] {processor.py:840} INFO - DAG(s) 'mlflow_model_tracking' retrieved from /home/airflow/dags/mlflow_tracking_dag.py
[2026-04-27T02:16:10.761+0000] {logging_mixin.py:188} INFO - [2026-04-27T02:16:10.760+0000] {dag.py:3036} INFO - Sync 1 DAGs
[2026-04-27T02:16:10.772+0000] {logging_mixin.py:188} INFO - [2026-04-27T02:16:10.772+0000] {dag.py:3823} INFO - Setting next_dagrun for mlflow_model_tracking to None, run_after=None
[2026-04-27T02:16:10.796+0000] {processor.py:183} INFO - Processing /home/airflow/dags/mlflow_tracking_dag.py took 0.906 seconds
[2026-04-27T02:16:41.292+0000] {processor.py:161} INFO - Started process (PID=9938) to work on /home/airflow/dags/mlflow_tracking_dag.py
[2026-04-27T02:16:41.294+0000] {processor.py:830} INFO - Processing file /home/airflow/dags/mlflow_tracking_dag.py for tasks to queue
[2026-04-27T02:16:41.294+0000] {logging_mixin.py:188} INFO - [2026-04-27T02:16:41.294+0000] {dagbag.py:538} INFO - Filling up the DagBag from /home/airflow/dags/mlflow_tracking_dag.py
[2026-04-27T02:16:41.993+0000] {processor.py:840} INFO - DAG(s) 'mlflow_model_tracking' retrieved from /home/airflow/dags/mlflow_tracking_dag.py
[2026-04-27T02:16:42.019+0000] {logging_mixin.py:188} INFO - [2026-04-27T02:16:42.018+0000] {dag.py:3036} INFO - Sync 1 DAGs
[2026-04-27T02:16:42.027+0000] {logging_mixin.py:188} INFO - [2026-04-27T02:16:42.026+0000] {dag.py:3823} INFO - Setting next_dagrun for mlflow_model_tracking to None, run_after=None
[2026-04-27T02:16:42.047+0000] {processor.py:183} INFO - Processing /home/airflow/dags/mlflow_tracking_dag.py took 0.757 seconds
[2026-04-27T02:17:12.189+0000] {processor.py:161} INFO - Started process (PID=9983) to work on /home/airflow/dags/mlflow_tracking_dag.py
[2026-04-27T02:17:12.190+0000] {processor.py:830} INFO - Processing file /home/airflow/dags/mlflow_tracking_dag.py for tasks to queue
[2026-04-27T02:17:12.192+0000] {logging_mixin.py:188} INFO - [2026-04-27T02:17:12.191+0000] {dagbag.py:538} INFO - Filling up the DagBag from /home/airflow/dags/mlflow_tracking_dag.py
[2026-04-27T02:17:12.997+0000] {processor.py:840} INFO - DAG(s) 'mlflow_model_tracking' retrieved from /home/airflow/dags/mlflow_tracking_dag.py
[2026-04-27T02:17:13.023+0000] {logging_mixin.py:188} INFO - [2026-04-27T02:17:13.023+0000] {dag.py:3036} INFO - Sync 1 DAGs
[2026-04-27T02:17:13.033+0000] {logging_mixin.py:188} INFO - [2026-04-27T02:17:13.033+0000] {dag.py:3823} INFO - Setting next_dagrun for mlflow_model_tracking to None, run_after=None
[2026-04-27T02:17:13.069+0000] {processor.py:183} INFO - Processing /home/airflow/dags/mlflow_tracking_dag.py took 0.883 seconds
[2026-04-27T02:17:43.466+0000] {processor.py:161} INFO - Started process (PID=10028) to work on /home/airflow/dags/mlflow_tracking_dag.py
[2026-04-27T02:17:43.467+0000] {processor.py:830} INFO - Processing file /home/airflow/dags/mlflow_tracking_dag.py for tasks to queue
[2026-04-27T02:17:43.468+0000] {logging_mixin.py:188} INFO - [2026-04-27T02:17:43.468+0000] {dagbag.py:538} INFO - Filling up the DagBag from /home/airflow/dags/mlflow_tracking_dag.py
[2026-04-27T02:17:44.136+0000] {processor.py:840} INFO - DAG(s) 'mlflow_model_tracking' retrieved from /home/airflow/dags/mlflow_tracking_dag.py
[2026-04-27T02:17:44.162+0000] {logging_mixin.py:188} INFO - [2026-04-27T02:17:44.162+0000] {dag.py:3036} INFO - Sync 1 DAGs
[2026-04-27T02:17:44.173+0000] {logging_mixin.py:188} INFO - [2026-04-27T02:17:44.172+0000] {dag.py:3823} INFO - Setting next_dagrun for mlflow_model_tracking to None, run_after=None
[2026-04-27T02:17:44.190+0000] {processor.py:183} INFO - Processing /home/airflow/dags/mlflow_tracking_dag.py took 0.727 seconds
[2026-04-27T02:18:14.556+0000] {processor.py:161} INFO - Started process (PID=10073) to work on /home/airflow/dags/mlflow_tracking_dag.py
[2026-04-27T02:18:14.557+0000] {processor.py:830} INFO - Processing file /home/airflow/dags/mlflow_tracking_dag.py for tasks to queue
[2026-04-27T02:18:14.558+0000] {logging_mixin.py:188} INFO - [2026-04-27T02:18:14.558+0000] {dagbag.py:538} INFO - Filling up the DagBag from /home/airflow/dags/mlflow_tracking_dag.py
[2026-04-27T02:18:15.217+0000] {processor.py:840} INFO - DAG(s) 'mlflow_model_tracking' retrieved from /home/airflow/dags/mlflow_tracking_dag.py
[2026-04-27T02:18:15.240+0000] {logging_mixin.py:188} INFO - [2026-04-27T02:18:15.239+0000] {dag.py:3036} INFO - Sync 1 DAGs
[2026-04-27T02:18:15.247+0000] {logging_mixin.py:188} INFO - [2026-04-27T02:18:15.247+0000] {dag.py:3823} INFO - Setting next_dagrun for mlflow_model_tracking to None, run_after=None
[2026-04-27T02:18:15.269+0000] {processor.py:183} INFO - Processing /home/airflow/dags/mlflow_tracking_dag.py took 0.716 seconds
[2026-04-27T02:18:45.417+0000] {processor.py:161} INFO - Started process (PID=10118) to work on /home/airflow/dags/mlflow_tracking_dag.py
[2026-04-27T02:18:45.418+0000] {processor.py:830} INFO - Processing file /home/airflow/dags/mlflow_tracking_dag.py for tasks to queue
[2026-04-27T02:18:45.419+0000] {logging_mixin.py:188} INFO - [2026-04-27T02:18:45.419+0000] {dagbag.py:538} INFO - Filling up the DagBag from /home/airflow/dags/mlflow_tracking_dag.py
[2026-04-27T02:18:46.094+0000] {processor.py:840} INFO - DAG(s) 'mlflow_model_tracking' retrieved from /home/airflow/dags/mlflow_tracking_dag.py
[2026-04-27T02:18:46.115+0000] {logging_mixin.py:188} INFO - [2026-04-27T02:18:46.115+0000] {dag.py:3036} INFO - Sync 1 DAGs
[2026-04-27T02:18:46.125+0000] {logging_mixin.py:188} INFO - [2026-04-27T02:18:46.125+0000] {dag.py:3823} INFO - Setting next_dagrun for mlflow_model_tracking to None, run_after=None
[2026-04-27T02:18:46.148+0000] {processor.py:183} INFO - Processing /home/airflow/dags/mlflow_tracking_dag.py took 0.734 seconds
[2026-04-27T02:19:16.487+0000] {processor.py:161} INFO - Started process (PID=10163) to work on /home/airflow/dags/mlflow_tracking_dag.py
[2026-04-27T02:19:16.488+0000] {processor.py:830} INFO - Processing file /home/airflow/dags/mlflow_tracking_dag.py for tasks to queue
[2026-04-27T02:19:16.489+0000] {logging_mixin.py:188} INFO - [2026-04-27T02:19:16.488+0000] {dagbag.py:538} INFO - Filling up the DagBag from /home/airflow/dags/mlflow_tracking_dag.py
[2026-04-27T02:19:17.280+0000] {processor.py:840} INFO - DAG(s) 'mlflow_model_tracking' retrieved from /home/airflow/dags/mlflow_tracking_dag.py
[2026-04-27T02:19:17.301+0000] {logging_mixin.py:188} INFO - [2026-04-27T02:19:17.301+0000] {dag.py:3036} INFO - Sync 1 DAGs
[2026-04-27T02:19:17.312+0000] {logging_mixin.py:188} INFO - [2026-04-27T02:19:17.312+0000] {dag.py:3823} INFO - Setting next_dagrun for mlflow_model_tracking to None, run_after=None
[2026-04-27T02:19:17.337+0000] {processor.py:183} INFO - Processing /home/airflow/dags/mlflow_tracking_dag.py took 0.853 seconds
[2026-04-27T02:19:47.811+0000] {processor.py:161} INFO - Started process (PID=10208) to work on /home/airflow/dags/mlflow_tracking_dag.py
[2026-04-27T02:19:47.812+0000] {processor.py:830} INFO - Processing file /home/airflow/dags/mlflow_tracking_dag.py for tasks to queue
[2026-04-27T02:19:47.813+0000] {logging_mixin.py:188} INFO - [2026-04-27T02:19:47.812+0000] {dagbag.py:538} INFO - Filling up the DagBag from /home/airflow/dags/mlflow_tracking_dag.py
[2026-04-27T02:19:48.558+0000] {processor.py:840} INFO - DAG(s) 'mlflow_model_tracking' retrieved from /home/airflow/dags/mlflow_tracking_dag.py
[2026-04-27T02:19:48.582+0000] {logging_mixin.py:188} INFO - [2026-04-27T02:19:48.581+0000] {dag.py:3036} INFO - Sync 1 DAGs
[2026-04-27T02:19:48.591+0000] {logging_mixin.py:188} INFO - [2026-04-27T02:19:48.591+0000] {dag.py:3823} INFO - Setting next_dagrun for mlflow_model_tracking to None, run_after=None
[2026-04-27T02:19:48.613+0000] {processor.py:183} INFO - Processing /home/airflow/dags/mlflow_tracking_dag.py took 0.806 seconds
[2026-04-27T02:20:18.775+0000] {processor.py:161} INFO - Started process (PID=10253) to work on /home/airflow/dags/mlflow_tracking_dag.py
[2026-04-27T02:20:18.776+0000] {processor.py:830} INFO - Processing file /home/airflow/dags/mlflow_tracking_dag.py for tasks to queue
[2026-04-27T02:20:18.777+0000] {logging_mixin.py:188} INFO - [2026-04-27T02:20:18.777+0000] {dagbag.py:538} INFO - Filling up the DagBag from /home/airflow/dags/mlflow_tracking_dag.py
[2026-04-27T02:20:19.542+0000] {processor.py:840} INFO - DAG(s) 'mlflow_model_tracking' retrieved from /home/airflow/dags/mlflow_tracking_dag.py
[2026-04-27T02:20:19.566+0000] {logging_mixin.py:188} INFO - [2026-04-27T02:20:19.566+0000] {dag.py:3036} INFO - Sync 1 DAGs
[2026-04-27T02:20:19.575+0000] {logging_mixin.py:188} INFO - [2026-04-27T02:20:19.575+0000] {dag.py:3823} INFO - Setting next_dagrun for mlflow_model_tracking to None, run_after=None
[2026-04-27T02:20:19.601+0000] {processor.py:183} INFO - Processing /home/airflow/dags/mlflow_tracking_dag.py took 0.829 seconds
[2026-04-27T02:20:49.858+0000] {processor.py:161} INFO - Started process (PID=10298) to work on /home/airflow/dags/mlflow_tracking_dag.py
[2026-04-27T02:20:49.859+0000] {processor.py:830} INFO - Processing file /home/airflow/dags/mlflow_tracking_dag.py for tasks to queue
[2026-04-27T02:20:49.860+0000] {logging_mixin.py:188} INFO - [2026-04-27T02:20:49.860+0000] {dagbag.py:538} INFO - Filling up the DagBag from /home/airflow/dags/mlflow_tracking_dag.py
[2026-04-27T02:20:50.522+0000] {processor.py:840} INFO - DAG(s) 'mlflow_model_tracking' retrieved from /home/airflow/dags/mlflow_tracking_dag.py
[2026-04-27T02:20:50.544+0000] {logging_mixin.py:188} INFO - [2026-04-27T02:20:50.544+0000] {dag.py:3036} INFO - Sync 1 DAGs
[2026-04-27T02:20:50.552+0000] {logging_mixin.py:188} INFO - [2026-04-27T02:20:50.552+0000] {dag.py:3823} INFO - Setting next_dagrun for mlflow_model_tracking to None, run_after=None
[2026-04-27T02:20:50.576+0000] {processor.py:183} INFO - Processing /home/airflow/dags/mlflow_tracking_dag.py took 0.721 seconds
[2026-04-27T02:21:20.872+0000] {processor.py:161} INFO - Started process (PID=10343) to work on /home/airflow/dags/mlflow_tracking_dag.py
[2026-04-27T02:21:20.874+0000] {processor.py:830} INFO - Processing file /home/airflow/dags/mlflow_tracking_dag.py for tasks to queue
[2026-04-27T02:21:20.875+0000] {logging_mixin.py:188} INFO - [2026-04-27T02:21:20.875+0000] {dagbag.py:538} INFO - Filling up the DagBag from /home/airflow/dags/mlflow_tracking_dag.py
[2026-04-27T02:21:21.603+0000] {processor.py:840} INFO - DAG(s) 'mlflow_model_tracking' retrieved from /home/airflow/dags/mlflow_tracking_dag.py
[2026-04-27T02:21:21.625+0000] {logging_mixin.py:188} INFO - [2026-04-27T02:21:21.625+0000] {dag.py:3036} INFO - Sync 1 DAGs
[2026-04-27T02:21:21.635+0000] {logging_mixin.py:188} INFO - [2026-04-27T02:21:21.635+0000] {dag.py:3823} INFO - Setting next_dagrun for mlflow_model_tracking to None, run_after=None
[2026-04-27T02:21:21.656+0000] {processor.py:183} INFO - Processing /home/airflow/dags/mlflow_tracking_dag.py took 0.788 seconds
[2026-04-27T02:21:52.359+0000] {processor.py:161} INFO - Started process (PID=10388) to work on /home/airflow/dags/mlflow_tracking_dag.py
[2026-04-27T02:21:52.360+0000] {processor.py:830} INFO - Processing file /home/airflow/dags/mlflow_tracking_dag.py for tasks to queue
[2026-04-27T02:21:52.361+0000] {logging_mixin.py:188} INFO - [2026-04-27T02:21:52.361+0000] {dagbag.py:538} INFO - Filling up the DagBag from /home/airflow/dags/mlflow_tracking_dag.py
[2026-04-27T02:21:53.045+0000] {processor.py:840} INFO - DAG(s) 'mlflow_model_tracking' retrieved from /home/airflow/dags/mlflow_tracking_dag.py
[2026-04-27T02:21:53.072+0000] {logging_mixin.py:188} INFO - [2026-04-27T02:21:53.072+0000] {dag.py:3036} INFO - Sync 1 DAGs
[2026-04-27T02:21:53.081+0000] {logging_mixin.py:188} INFO - [2026-04-27T02:21:53.081+0000] {dag.py:3823} INFO - Setting next_dagrun for mlflow_model_tracking to None, run_after=None
[2026-04-27T02:21:53.103+0000] {processor.py:183} INFO - Processing /home/airflow/dags/mlflow_tracking_dag.py took 0.747 seconds
[2026-04-27T02:22:23.435+0000] {processor.py:161} INFO - Started process (PID=10433) to work on /home/airflow/dags/mlflow_tracking_dag.py
[2026-04-27T02:22:23.436+0000] {processor.py:830} INFO - Processing file /home/airflow/dags/mlflow_tracking_dag.py for tasks to queue
[2026-04-27T02:22:23.438+0000] {logging_mixin.py:188} INFO - [2026-04-27T02:22:23.437+0000] {dagbag.py:538} INFO - Filling up the DagBag from /home/airflow/dags/mlflow_tracking_dag.py
[2026-04-27T02:22:24.178+0000] {processor.py:840} INFO - DAG(s) 'mlflow_model_tracking' retrieved from /home/airflow/dags/mlflow_tracking_dag.py
[2026-04-27T02:22:24.203+0000] {logging_mixin.py:188} INFO - [2026-04-27T02:22:24.202+0000] {dag.py:3036} INFO - Sync 1 DAGs
[2026-04-27T02:22:24.212+0000] {logging_mixin.py:188} INFO - [2026-04-27T02:22:24.212+0000] {dag.py:3823} INFO - Setting next_dagrun for mlflow_model_tracking to None, run_after=None
[2026-04-27T02:22:24.234+0000] {processor.py:183} INFO - Processing /home/airflow/dags/mlflow_tracking_dag.py took 0.804 seconds
[2026-04-27T02:22:54.800+0000] {processor.py:161} INFO - Started process (PID=10478) to work on /home/airflow/dags/mlflow_tracking_dag.py
[2026-04-27T02:22:54.801+0000] {processor.py:830} INFO - Processing file /home/airflow/dags/mlflow_tracking_dag.py for tasks to queue
[2026-04-27T02:22:54.802+0000] {logging_mixin.py:188} INFO - [2026-04-27T02:22:54.802+0000] {dagbag.py:538} INFO - Filling up the DagBag from /home/airflow/dags/mlflow_tracking_dag.py
[2026-04-27T02:22:55.620+0000] {processor.py:840} INFO - DAG(s) 'mlflow_model_tracking' retrieved from /home/airflow/dags/mlflow_tracking_dag.py
[2026-04-27T02:22:55.642+0000] {logging_mixin.py:188} INFO - [2026-04-27T02:22:55.642+0000] {dag.py:3036} INFO - Sync 1 DAGs
[2026-04-27T02:22:55.650+0000] {logging_mixin.py:188} INFO - [2026-04-27T02:22:55.649+0000] {dag.py:3823} INFO - Setting next_dagrun for mlflow_model_tracking to None, run_after=None
[2026-04-27T02:22:55.668+0000] {processor.py:183} INFO - Processing /home/airflow/dags/mlflow_tracking_dag.py took 0.871 seconds
[2026-04-27T02:23:26.023+0000] {processor.py:161} INFO - Started process (PID=10523) to work on /home/airflow/dags/mlflow_tracking_dag.py
[2026-04-27T02:23:26.025+0000] {processor.py:830} INFO - Processing file /home/airflow/dags/mlflow_tracking_dag.py for tasks to queue
[2026-04-27T02:23:26.026+0000] {logging_mixin.py:188} INFO - [2026-04-27T02:23:26.025+0000] {dagbag.py:538} INFO - Filling up the DagBag from /home/airflow/dags/mlflow_tracking_dag.py
[2026-04-27T02:23:26.693+0000] {processor.py:840} INFO - DAG(s) 'mlflow_model_tracking' retrieved from /home/airflow/dags/mlflow_tracking_dag.py
[2026-04-27T02:23:26.718+0000] {logging_mixin.py:188} INFO - [2026-04-27T02:23:26.717+0000] {dag.py:3036} INFO - Sync 1 DAGs
[2026-04-27T02:23:26.727+0000] {logging_mixin.py:188} INFO - [2026-04-27T02:23:26.726+0000] {dag.py:3823} INFO - Setting next_dagrun for mlflow_model_tracking to None, run_after=None
[2026-04-27T02:23:26.746+0000] {processor.py:183} INFO - Processing /home/airflow/dags/mlflow_tracking_dag.py took 0.726 seconds
[2026-04-27T02:23:57.595+0000] {processor.py:161} INFO - Started process (PID=10566) to work on /home/airflow/dags/mlflow_tracking_dag.py
[2026-04-27T02:23:57.597+0000] {processor.py:830} INFO - Processing file /home/airflow/dags/mlflow_tracking_dag.py for tasks to queue
[2026-04-27T02:23:57.598+0000] {logging_mixin.py:188} INFO - [2026-04-27T02:23:57.598+0000] {dagbag.py:538} INFO - Filling up the DagBag from /home/airflow/dags/mlflow_tracking_dag.py
[2026-04-27T02:23:58.355+0000] {processor.py:840} INFO - DAG(s) 'mlflow_model_tracking' retrieved from /home/airflow/dags/mlflow_tracking_dag.py
[2026-04-27T02:23:58.376+0000] {logging_mixin.py:188} INFO - [2026-04-27T02:23:58.375+0000] {dag.py:3036} INFO - Sync 1 DAGs
[2026-04-27T02:23:58.384+0000] {logging_mixin.py:188} INFO - [2026-04-27T02:23:58.384+0000] {dag.py:3823} INFO - Setting next_dagrun for mlflow_model_tracking to None, run_after=None
[2026-04-27T02:23:58.403+0000] {processor.py:183} INFO - Processing /home/airflow/dags/mlflow_tracking_dag.py took 0.812 seconds
[2026-04-27T02:24:28.792+0000] {processor.py:161} INFO - Started process (PID=10613) to work on /home/airflow/dags/mlflow_tracking_dag.py
[2026-04-27T02:24:28.793+0000] {processor.py:830} INFO - Processing file /home/airflow/dags/mlflow_tracking_dag.py for tasks to queue
[2026-04-27T02:24:28.795+0000] {logging_mixin.py:188} INFO - [2026-04-27T02:24:28.794+0000] {dagbag.py:538} INFO - Filling up the DagBag from /home/airflow/dags/mlflow_tracking_dag.py
[2026-04-27T02:24:29.462+0000] {processor.py:840} INFO - DAG(s) 'mlflow_model_tracking' retrieved from /home/airflow/dags/mlflow_tracking_dag.py
[2026-04-27T02:24:29.497+0000] {logging_mixin.py:188} INFO - [2026-04-27T02:24:29.497+0000] {dag.py:3036} INFO - Sync 1 DAGs
[2026-04-27T02:24:29.509+0000] {logging_mixin.py:188} INFO - [2026-04-27T02:24:29.509+0000] {dag.py:3823} INFO - Setting next_dagrun for mlflow_model_tracking to None, run_after=None
[2026-04-27T02:24:29.530+0000] {processor.py:183} INFO - Processing /home/airflow/dags/mlflow_tracking_dag.py took 0.741 seconds
[2026-04-27T02:25:00.408+0000] {processor.py:161} INFO - Started process (PID=10658) to work on /home/airflow/dags/mlflow_tracking_dag.py
[2026-04-27T02:25:00.409+0000] {processor.py:830} INFO - Processing file /home/airflow/dags/mlflow_tracking_dag.py for tasks to queue
[2026-04-27T02:25:00.410+0000] {logging_mixin.py:188} INFO - [2026-04-27T02:25:00.409+0000] {dagbag.py:538} INFO - Filling up the DagBag from /home/airflow/dags/mlflow_tracking_dag.py
[2026-04-27T02:25:01.087+0000] {processor.py:840} INFO - DAG(s) 'mlflow_model_tracking' retrieved from /home/airflow/dags/mlflow_tracking_dag.py
[2026-04-27T02:25:01.109+0000] {logging_mixin.py:188} INFO - [2026-04-27T02:25:01.109+0000] {dag.py:3036} INFO - Sync 1 DAGs
[2026-04-27T02:25:01.117+0000] {logging_mixin.py:188} INFO - [2026-04-27T02:25:01.117+0000] {dag.py:3823} INFO - Setting next_dagrun for mlflow_model_tracking to None, run_after=None
[2026-04-27T02:25:01.138+0000] {processor.py:183} INFO - Processing /home/airflow/dags/mlflow_tracking_dag.py took 0.733 seconds
[2026-04-27T02:25:31.495+0000] {processor.py:161} INFO - Started process (PID=10703) to work on /home/airflow/dags/mlflow_tracking_dag.py
[2026-04-27T02:25:31.496+0000] {processor.py:830} INFO - Processing file /home/airflow/dags/mlflow_tracking_dag.py for tasks to queue
[2026-04-27T02:25:31.497+0000] {logging_mixin.py:188} INFO - [2026-04-27T02:25:31.497+0000] {dagbag.py:538} INFO - Filling up the DagBag from /home/airflow/dags/mlflow_tracking_dag.py
[2026-04-27T02:25:32.084+0000] {processor.py:840} INFO - DAG(s) 'mlflow_model_tracking' retrieved from /home/airflow/dags/mlflow_tracking_dag.py
[2026-04-27T02:25:32.108+0000] {logging_mixin.py:188} INFO - [2026-04-27T02:25:32.108+0000] {dag.py:3036} INFO - Sync 1 DAGs
[2026-04-27T02:25:32.240+0000] {logging_mixin.py:188} INFO - [2026-04-27T02:25:32.240+0000] {dag.py:3823} INFO - Setting next_dagrun for mlflow_model_tracking to None, run_after=None
[2026-04-27T02:25:32.259+0000] {processor.py:183} INFO - Processing /home/airflow/dags/mlflow_tracking_dag.py took 0.767 seconds
[2026-04-27T02:26:02.397+0000] {processor.py:161} INFO - Started process (PID=10748) to work on /home/airflow/dags/mlflow_tracking_dag.py
[2026-04-27T02:26:02.399+0000] {processor.py:830} INFO - Processing file /home/airflow/dags/mlflow_tracking_dag.py for tasks to queue
[2026-04-27T02:26:02.400+0000] {logging_mixin.py:188} INFO - [2026-04-27T02:26:02.399+0000] {dagbag.py:538} INFO - Filling up the DagBag from /home/airflow/dags/mlflow_tracking_dag.py
[2026-04-27T02:26:02.966+0000] {processor.py:840} INFO - DAG(s) 'mlflow_model_tracking' retrieved from /home/airflow/dags/mlflow_tracking_dag.py
[2026-04-27T02:26:03.108+0000] {logging_mixin.py:188} INFO - [2026-04-27T02:26:03.108+0000] {dag.py:3036} INFO - Sync 1 DAGs
[2026-04-27T02:26:03.117+0000] {logging_mixin.py:188} INFO - [2026-04-27T02:26:03.117+0000] {dag.py:3823} INFO - Setting next_dagrun for mlflow_model_tracking to None, run_after=None
[2026-04-27T02:26:03.138+0000] {processor.py:183} INFO - Processing /home/airflow/dags/mlflow_tracking_dag.py took 0.746 seconds
[2026-04-27T02:26:33.615+0000] {processor.py:161} INFO - Started process (PID=10793) to work on /home/airflow/dags/mlflow_tracking_dag.py
[2026-04-27T02:26:33.617+0000] {processor.py:830} INFO - Processing file /home/airflow/dags/mlflow_tracking_dag.py for tasks to queue
[2026-04-27T02:26:33.619+0000] {logging_mixin.py:188} INFO - [2026-04-27T02:26:33.618+0000] {dagbag.py:538} INFO - Filling up the DagBag from /home/airflow/dags/mlflow_tracking_dag.py
[2026-04-27T02:26:34.209+0000] {processor.py:840} INFO - DAG(s) 'mlflow_model_tracking' retrieved from /home/airflow/dags/mlflow_tracking_dag.py
[2026-04-27T02:26:34.356+0000] {logging_mixin.py:188} INFO - [2026-04-27T02:26:34.356+0000] {dag.py:3036} INFO - Sync 1 DAGs
[2026-04-27T02:26:34.365+0000] {logging_mixin.py:188} INFO - [2026-04-27T02:26:34.365+0000] {dag.py:3823} INFO - Setting next_dagrun for mlflow_model_tracking to None, run_after=None
[2026-04-27T02:26:34.387+0000] {processor.py:183} INFO - Processing /home/airflow/dags/mlflow_tracking_dag.py took 0.777 seconds
[2026-04-27T02:27:04.869+0000] {processor.py:161} INFO - Started process (PID=10838) to work on /home/airflow/dags/mlflow_tracking_dag.py
[2026-04-27T02:27:04.870+0000] {processor.py:830} INFO - Processing file /home/airflow/dags/mlflow_tracking_dag.py for tasks to queue
[2026-04-27T02:27:04.871+0000] {logging_mixin.py:188} INFO - [2026-04-27T02:27:04.871+0000] {dagbag.py:538} INFO - Filling up the DagBag from /home/airflow/dags/mlflow_tracking_dag.py
[2026-04-27T02:27:05.556+0000] {processor.py:840} INFO - DAG(s) 'mlflow_model_tracking' retrieved from /home/airflow/dags/mlflow_tracking_dag.py
[2026-04-27T02:27:05.580+0000] {logging_mixin.py:188} INFO - [2026-04-27T02:27:05.580+0000] {dag.py:3036} INFO - Sync 1 DAGs
[2026-04-27T02:27:05.588+0000] {logging_mixin.py:188} INFO - [2026-04-27T02:27:05.588+0000] {dag.py:3823} INFO - Setting next_dagrun for mlflow_model_tracking to None, run_after=None
[2026-04-27T02:27:05.609+0000] {processor.py:183} INFO - Processing /home/airflow/dags/mlflow_tracking_dag.py took 0.743 seconds
[2026-04-27T02:27:36.429+0000] {processor.py:161} INFO - Started process (PID=10881) to work on /home/airflow/dags/mlflow_tracking_dag.py
[2026-04-27T02:27:36.431+0000] {processor.py:830} INFO - Processing file /home/airflow/dags/mlflow_tracking_dag.py for tasks to queue
[2026-04-27T02:27:36.432+0000] {logging_mixin.py:188} INFO - [2026-04-27T02:27:36.431+0000] {dagbag.py:538} INFO - Filling up the DagBag from /home/airflow/dags/mlflow_tracking_dag.py
[2026-04-27T02:27:37.154+0000] {processor.py:840} INFO - DAG(s) 'mlflow_model_tracking' retrieved from /home/airflow/dags/mlflow_tracking_dag.py
[2026-04-27T02:27:37.177+0000] {logging_mixin.py:188} INFO - [2026-04-27T02:27:37.177+0000] {dag.py:3036} INFO - Sync 1 DAGs
[2026-04-27T02:27:37.186+0000] {logging_mixin.py:188} INFO - [2026-04-27T02:27:37.185+0000] {dag.py:3823} INFO - Setting next_dagrun for mlflow_model_tracking to None, run_after=None
[2026-04-27T02:27:37.207+0000] {processor.py:183} INFO - Processing /home/airflow/dags/mlflow_tracking_dag.py took 0.782 seconds
[2026-04-27T02:28:07.723+0000] {processor.py:161} INFO - Started process (PID=10928) to work on /home/airflow/dags/mlflow_tracking_dag.py
[2026-04-27T02:28:07.724+0000] {processor.py:830} INFO - Processing file /home/airflow/dags/mlflow_tracking_dag.py for tasks to queue
[2026-04-27T02:28:07.725+0000] {logging_mixin.py:188} INFO - [2026-04-27T02:28:07.725+0000] {dagbag.py:538} INFO - Filling up the DagBag from /home/airflow/dags/mlflow_tracking_dag.py
[2026-04-27T02:28:08.631+0000] {processor.py:840} INFO - DAG(s) 'mlflow_model_tracking' retrieved from /home/airflow/dags/mlflow_tracking_dag.py
[2026-04-27T02:28:08.656+0000] {logging_mixin.py:188} INFO - [2026-04-27T02:28:08.656+0000] {dag.py:3036} INFO - Sync 1 DAGs
[2026-04-27T02:28:08.668+0000] {logging_mixin.py:188} INFO - [2026-04-27T02:28:08.667+0000] {dag.py:3823} INFO - Setting next_dagrun for mlflow_model_tracking to None, run_after=None
[2026-04-27T02:28:08.699+0000] {processor.py:183} INFO - Processing /home/airflow/dags/mlflow_tracking_dag.py took 0.980 seconds
[2026-04-27T02:28:38.946+0000] {processor.py:161} INFO - Started process (PID=10977) to work on /home/airflow/dags/mlflow_tracking_dag.py
[2026-04-27T02:28:38.948+0000] {processor.py:830} INFO - Processing file /home/airflow/dags/mlflow_tracking_dag.py for tasks to queue
[2026-04-27T02:28:38.950+0000] {logging_mixin.py:188} INFO - [2026-04-27T02:28:38.949+0000] {dagbag.py:538} INFO - Filling up the DagBag from /home/airflow/dags/mlflow_tracking_dag.py
[2026-04-27T02:28:39.859+0000] {processor.py:840} INFO - DAG(s) 'mlflow_model_tracking' retrieved from /home/airflow/dags/mlflow_tracking_dag.py
[2026-04-27T02:28:39.883+0000] {logging_mixin.py:188} INFO - [2026-04-27T02:28:39.883+0000] {dag.py:3036} INFO - Sync 1 DAGs
[2026-04-27T02:28:39.893+0000] {logging_mixin.py:188} INFO - [2026-04-27T02:28:39.893+0000] {dag.py:3823} INFO - Setting next_dagrun for mlflow_model_tracking to None, run_after=None
[2026-04-27T02:28:39.916+0000] {processor.py:183} INFO - Processing /home/airflow/dags/mlflow_tracking_dag.py took 0.975 seconds
[2026-04-27T02:29:10.124+0000] {processor.py:161} INFO - Started process (PID=11024) to work on /home/airflow/dags/mlflow_tracking_dag.py
[2026-04-27T02:29:10.125+0000] {processor.py:830} INFO - Processing file /home/airflow/dags/mlflow_tracking_dag.py for tasks to queue
[2026-04-27T02:29:10.126+0000] {logging_mixin.py:188} INFO - [2026-04-27T02:29:10.126+0000] {dagbag.py:538} INFO - Filling up the DagBag from /home/airflow/dags/mlflow_tracking_dag.py
[2026-04-27T02:29:10.845+0000] {processor.py:840} INFO - DAG(s) 'mlflow_model_tracking' retrieved from /home/airflow/dags/mlflow_tracking_dag.py
[2026-04-27T02:29:10.875+0000] {logging_mixin.py:188} INFO - [2026-04-27T02:29:10.874+0000] {dag.py:3036} INFO - Sync 1 DAGs
[2026-04-27T02:29:10.890+0000] {logging_mixin.py:188} INFO - [2026-04-27T02:29:10.890+0000] {dag.py:3823} INFO - Setting next_dagrun for mlflow_model_tracking to None, run_after=None
[2026-04-27T02:29:10.912+0000] {processor.py:183} INFO - Processing /home/airflow/dags/mlflow_tracking_dag.py took 0.791 seconds
[2026-04-27T02:29:41.008+0000] {processor.py:161} INFO - Started process (PID=11069) to work on /home/airflow/dags/mlflow_tracking_dag.py
[2026-04-27T02:29:41.009+0000] {processor.py:830} INFO - Processing file /home/airflow/dags/mlflow_tracking_dag.py for tasks to queue
[2026-04-27T02:29:41.010+0000] {logging_mixin.py:188} INFO - [2026-04-27T02:29:41.010+0000] {dagbag.py:538} INFO - Filling up the DagBag from /home/airflow/dags/mlflow_tracking_dag.py
[2026-04-27T02:29:41.719+0000] {processor.py:840} INFO - DAG(s) 'mlflow_model_tracking' retrieved from /home/airflow/dags/mlflow_tracking_dag.py
[2026-04-27T02:29:41.741+0000] {logging_mixin.py:188} INFO - [2026-04-27T02:29:41.741+0000] {dag.py:3036} INFO - Sync 1 DAGs
[2026-04-27T02:29:41.750+0000] {logging_mixin.py:188} INFO - [2026-04-27T02:29:41.749+0000] {dag.py:3823} INFO - Setting next_dagrun for mlflow_model_tracking to None, run_after=None
[2026-04-27T02:29:41.771+0000] {processor.py:183} INFO - Processing /home/airflow/dags/mlflow_tracking_dag.py took 0.766 seconds
[2026-04-27T02:30:12.021+0000] {processor.py:161} INFO - Started process (PID=11114) to work on /home/airflow/dags/mlflow_tracking_dag.py
[2026-04-27T02:30:12.023+0000] {processor.py:830} INFO - Processing file /home/airflow/dags/mlflow_tracking_dag.py for tasks to queue
[2026-04-27T02:30:12.024+0000] {logging_mixin.py:188} INFO - [2026-04-27T02:30:12.023+0000] {dagbag.py:538} INFO - Filling up the DagBag from /home/airflow/dags/mlflow_tracking_dag.py
[2026-04-27T02:30:12.812+0000] {processor.py:840} INFO - DAG(s) 'mlflow_model_tracking' retrieved from /home/airflow/dags/mlflow_tracking_dag.py
[2026-04-27T02:30:12.834+0000] {logging_mixin.py:188} INFO - [2026-04-27T02:30:12.834+0000] {dag.py:3036} INFO - Sync 1 DAGs
[2026-04-27T02:30:12.845+0000] {logging_mixin.py:188} INFO - [2026-04-27T02:30:12.845+0000] {dag.py:3823} INFO - Setting next_dagrun for mlflow_model_tracking to None, run_after=None
[2026-04-27T02:30:12.867+0000] {processor.py:183} INFO - Processing /home/airflow/dags/mlflow_tracking_dag.py took 0.848 seconds
[2026-04-27T02:30:43.256+0000] {processor.py:161} INFO - Started process (PID=11157) to work on /home/airflow/dags/mlflow_tracking_dag.py
[2026-04-27T02:30:43.257+0000] {processor.py:830} INFO - Processing file /home/airflow/dags/mlflow_tracking_dag.py for tasks to queue
[2026-04-27T02:30:43.259+0000] {logging_mixin.py:188} INFO - [2026-04-27T02:30:43.258+0000] {dagbag.py:538} INFO - Filling up the DagBag from /home/airflow/dags/mlflow_tracking_dag.py
[2026-04-27T02:30:44.047+0000] {processor.py:840} INFO - DAG(s) 'mlflow_model_tracking' retrieved from /home/airflow/dags/mlflow_tracking_dag.py
[2026-04-27T02:30:44.070+0000] {logging_mixin.py:188} INFO - [2026-04-27T02:30:44.069+0000] {dag.py:3036} INFO - Sync 1 DAGs
[2026-04-27T02:30:44.079+0000] {logging_mixin.py:188} INFO - [2026-04-27T02:30:44.079+0000] {dag.py:3823} INFO - Setting next_dagrun for mlflow_model_tracking to None, run_after=None
[2026-04-27T02:30:44.099+0000] {processor.py:183} INFO - Processing /home/airflow/dags/mlflow_tracking_dag.py took 0.847 seconds
[2026-04-27T02:31:14.516+0000] {processor.py:161} INFO - Started process (PID=11202) to work on /home/airflow/dags/mlflow_tracking_dag.py
[2026-04-27T02:31:14.518+0000] {processor.py:830} INFO - Processing file /home/airflow/dags/mlflow_tracking_dag.py for tasks to queue
[2026-04-27T02:31:14.519+0000] {logging_mixin.py:188} INFO - [2026-04-27T02:31:14.519+0000] {dagbag.py:538} INFO - Filling up the DagBag from /home/airflow/dags/mlflow_tracking_dag.py
[2026-04-27T02:31:15.361+0000] {processor.py:840} INFO - DAG(s) 'mlflow_model_tracking' retrieved from /home/airflow/dags/mlflow_tracking_dag.py
[2026-04-27T02:31:15.385+0000] {logging_mixin.py:188} INFO - [2026-04-27T02:31:15.385+0000] {dag.py:3036} INFO - Sync 1 DAGs
[2026-04-27T02:31:15.394+0000] {logging_mixin.py:188} INFO - [2026-04-27T02:31:15.394+0000] {dag.py:3823} INFO - Setting next_dagrun for mlflow_model_tracking to None, run_after=None
[2026-04-27T02:31:15.416+0000] {processor.py:183} INFO - Processing /home/airflow/dags/mlflow_tracking_dag.py took 0.905 seconds
[2026-04-27T02:31:45.826+0000] {processor.py:161} INFO - Started process (PID=11249) to work on /home/airflow/dags/mlflow_tracking_dag.py
[2026-04-27T02:31:45.827+0000] {processor.py:830} INFO - Processing file /home/airflow/dags/mlflow_tracking_dag.py for tasks to queue
[2026-04-27T02:31:45.829+0000] {logging_mixin.py:188} INFO - [2026-04-27T02:31:45.828+0000] {dagbag.py:538} INFO - Filling up the DagBag from /home/airflow/dags/mlflow_tracking_dag.py
[2026-04-27T02:31:46.600+0000] {processor.py:840} INFO - DAG(s) 'mlflow_model_tracking' retrieved from /home/airflow/dags/mlflow_tracking_dag.py
[2026-04-27T02:31:46.626+0000] {logging_mixin.py:188} INFO - [2026-04-27T02:31:46.625+0000] {dag.py:3036} INFO - Sync 1 DAGs
[2026-04-27T02:31:46.634+0000] {logging_mixin.py:188} INFO - [2026-04-27T02:31:46.634+0000] {dag.py:3823} INFO - Setting next_dagrun for mlflow_model_tracking to None, run_after=None
[2026-04-27T02:31:46.655+0000] {processor.py:183} INFO - Processing /home/airflow/dags/mlflow_tracking_dag.py took 0.834 seconds
[2026-04-27T02:32:16.911+0000] {processor.py:161} INFO - Started process (PID=11294) to work on /home/airflow/dags/mlflow_tracking_dag.py
[2026-04-27T02:32:16.913+0000] {processor.py:830} INFO - Processing file /home/airflow/dags/mlflow_tracking_dag.py for tasks to queue
[2026-04-27T02:32:16.914+0000] {logging_mixin.py:188} INFO - [2026-04-27T02:32:16.913+0000] {dagbag.py:538} INFO - Filling up the DagBag from /home/airflow/dags/mlflow_tracking_dag.py
[2026-04-27T02:32:17.776+0000] {processor.py:840} INFO - DAG(s) 'mlflow_model_tracking' retrieved from /home/airflow/dags/mlflow_tracking_dag.py
[2026-04-27T02:32:17.805+0000] {logging_mixin.py:188} INFO - [2026-04-27T02:32:17.804+0000] {dag.py:3036} INFO - Sync 1 DAGs
[2026-04-27T02:32:17.817+0000] {logging_mixin.py:188} INFO - [2026-04-27T02:32:17.817+0000] {dag.py:3823} INFO - Setting next_dagrun for mlflow_model_tracking to None, run_after=None
[2026-04-27T02:32:17.848+0000] {processor.py:183} INFO - Processing /home/airflow/dags/mlflow_tracking_dag.py took 0.940 seconds
[2026-04-27T02:32:48.349+0000] {processor.py:161} INFO - Started process (PID=11339) to work on /home/airflow/dags/mlflow_tracking_dag.py
[2026-04-27T02:32:48.351+0000] {processor.py:830} INFO - Processing file /home/airflow/dags/mlflow_tracking_dag.py for tasks to queue
[2026-04-27T02:32:48.352+0000] {logging_mixin.py:188} INFO - [2026-04-27T02:32:48.352+0000] {dagbag.py:538} INFO - Filling up the DagBag from /home/airflow/dags/mlflow_tracking_dag.py
[2026-04-27T02:32:49.052+0000] {processor.py:840} INFO - DAG(s) 'mlflow_model_tracking' retrieved from /home/airflow/dags/mlflow_tracking_dag.py
[2026-04-27T02:32:49.075+0000] {logging_mixin.py:188} INFO - [2026-04-27T02:32:49.074+0000] {dag.py:3036} INFO - Sync 1 DAGs
[2026-04-27T02:32:49.083+0000] {logging_mixin.py:188} INFO - [2026-04-27T02:32:49.083+0000] {dag.py:3823} INFO - Setting next_dagrun for mlflow_model_tracking to None, run_after=None
[2026-04-27T02:32:49.106+0000] {processor.py:183} INFO - Processing /home/airflow/dags/mlflow_tracking_dag.py took 0.760 seconds
[2026-04-27T02:33:19.320+0000] {processor.py:161} INFO - Started process (PID=11382) to work on /home/airflow/dags/mlflow_tracking_dag.py
[2026-04-27T02:33:19.321+0000] {processor.py:830} INFO - Processing file /home/airflow/dags/mlflow_tracking_dag.py for tasks to queue
[2026-04-27T02:33:19.322+0000] {logging_mixin.py:188} INFO - [2026-04-27T02:33:19.322+0000] {dagbag.py:538} INFO - Filling up the DagBag from /home/airflow/dags/mlflow_tracking_dag.py
[2026-04-27T02:33:20.083+0000] {processor.py:840} INFO - DAG(s) 'mlflow_model_tracking' retrieved from /home/airflow/dags/mlflow_tracking_dag.py
[2026-04-27T02:33:20.107+0000] {logging_mixin.py:188} INFO - [2026-04-27T02:33:20.107+0000] {dag.py:3036} INFO - Sync 1 DAGs
[2026-04-27T02:33:20.116+0000] {logging_mixin.py:188} INFO - [2026-04-27T02:33:20.116+0000] {dag.py:3823} INFO - Setting next_dagrun for mlflow_model_tracking to None, run_after=None
[2026-04-27T02:33:20.140+0000] {processor.py:183} INFO - Processing /home/airflow/dags/mlflow_tracking_dag.py took 0.823 seconds
[2026-04-27T02:33:50.720+0000] {processor.py:161} INFO - Started process (PID=11427) to work on /home/airflow/dags/mlflow_tracking_dag.py
[2026-04-27T02:33:50.722+0000] {processor.py:830} INFO - Processing file /home/airflow/dags/mlflow_tracking_dag.py for tasks to queue
[2026-04-27T02:33:50.723+0000] {logging_mixin.py:188} INFO - [2026-04-27T02:33:50.722+0000] {dagbag.py:538} INFO - Filling up the DagBag from /home/airflow/dags/mlflow_tracking_dag.py
[2026-04-27T02:33:51.532+0000] {processor.py:840} INFO - DAG(s) 'mlflow_model_tracking' retrieved from /home/airflow/dags/mlflow_tracking_dag.py
[2026-04-27T02:33:51.556+0000] {logging_mixin.py:188} INFO - [2026-04-27T02:33:51.555+0000] {dag.py:3036} INFO - Sync 1 DAGs
[2026-04-27T02:33:51.565+0000] {logging_mixin.py:188} INFO - [2026-04-27T02:33:51.564+0000] {dag.py:3823} INFO - Setting next_dagrun for mlflow_model_tracking to None, run_after=None
[2026-04-27T02:33:51.584+0000] {processor.py:183} INFO - Processing /home/airflow/dags/mlflow_tracking_dag.py took 0.867 seconds
[2026-04-27T02:34:21.973+0000] {processor.py:161} INFO - Started process (PID=11474) to work on /home/airflow/dags/mlflow_tracking_dag.py
[2026-04-27T02:34:21.974+0000] {processor.py:830} INFO - Processing file /home/airflow/dags/mlflow_tracking_dag.py for tasks to queue
[2026-04-27T02:34:21.975+0000] {logging_mixin.py:188} INFO - [2026-04-27T02:34:21.975+0000] {dagbag.py:538} INFO - Filling up the DagBag from /home/airflow/dags/mlflow_tracking_dag.py
[2026-04-27T02:34:22.684+0000] {processor.py:840} INFO - DAG(s) 'mlflow_model_tracking' retrieved from /home/airflow/dags/mlflow_tracking_dag.py
[2026-04-27T02:34:22.708+0000] {logging_mixin.py:188} INFO - [2026-04-27T02:34:22.707+0000] {dag.py:3036} INFO - Sync 1 DAGs
[2026-04-27T02:34:22.716+0000] {logging_mixin.py:188} INFO - [2026-04-27T02:34:22.716+0000] {dag.py:3823} INFO - Setting next_dagrun for mlflow_model_tracking to None, run_after=None
[2026-04-27T02:34:22.737+0000] {processor.py:183} INFO - Processing /home/airflow/dags/mlflow_tracking_dag.py took 0.767 seconds
[2026-04-27T02:34:52.847+0000] {processor.py:161} INFO - Started process (PID=11519) to work on /home/airflow/dags/mlflow_tracking_dag.py
[2026-04-27T02:34:52.848+0000] {processor.py:830} INFO - Processing file /home/airflow/dags/mlflow_tracking_dag.py for tasks to queue
[2026-04-27T02:34:52.849+0000] {logging_mixin.py:188} INFO - [2026-04-27T02:34:52.849+0000] {dagbag.py:538} INFO - Filling up the DagBag from /home/airflow/dags/mlflow_tracking_dag.py
[2026-04-27T02:34:53.531+0000] {processor.py:840} INFO - DAG(s) 'mlflow_model_tracking' retrieved from /home/airflow/dags/mlflow_tracking_dag.py
[2026-04-27T02:34:53.557+0000] {logging_mixin.py:188} INFO - [2026-04-27T02:34:53.556+0000] {dag.py:3036} INFO - Sync 1 DAGs
[2026-04-27T02:34:53.567+0000] {logging_mixin.py:188} INFO - [2026-04-27T02:34:53.567+0000] {dag.py:3823} INFO - Setting next_dagrun for mlflow_model_tracking to None, run_after=None
[2026-04-27T02:34:53.592+0000] {processor.py:183} INFO - Processing /home/airflow/dags/mlflow_tracking_dag.py took 0.748 seconds
[2026-04-27T02:35:23.792+0000] {processor.py:161} INFO - Started process (PID=11564) to work on /home/airflow/dags/mlflow_tracking_dag.py
[2026-04-27T02:35:23.793+0000] {processor.py:830} INFO - Processing file /home/airflow/dags/mlflow_tracking_dag.py for tasks to queue
[2026-04-27T02:35:23.794+0000] {logging_mixin.py:188} INFO - [2026-04-27T02:35:23.794+0000] {dagbag.py:538} INFO - Filling up the DagBag from /home/airflow/dags/mlflow_tracking_dag.py
[2026-04-27T02:35:24.692+0000] {processor.py:840} INFO - DAG(s) 'mlflow_model_tracking' retrieved from /home/airflow/dags/mlflow_tracking_dag.py
[2026-04-27T02:35:24.718+0000] {logging_mixin.py:188} INFO - [2026-04-27T02:35:24.717+0000] {dag.py:3036} INFO - Sync 1 DAGs
[2026-04-27T02:35:24.728+0000] {logging_mixin.py:188} INFO - [2026-04-27T02:35:24.728+0000] {dag.py:3823} INFO - Setting next_dagrun for mlflow_model_tracking to None, run_after=None
[2026-04-27T02:35:24.752+0000] {processor.py:183} INFO - Processing /home/airflow/dags/mlflow_tracking_dag.py took 0.963 seconds
[2026-04-27T02:35:55.062+0000] {processor.py:161} INFO - Started process (PID=11609) to work on /home/airflow/dags/mlflow_tracking_dag.py
[2026-04-27T02:35:55.063+0000] {processor.py:830} INFO - Processing file /home/airflow/dags/mlflow_tracking_dag.py for tasks to queue
[2026-04-27T02:35:55.064+0000] {logging_mixin.py:188} INFO - [2026-04-27T02:35:55.064+0000] {dagbag.py:538} INFO - Filling up the DagBag from /home/airflow/dags/mlflow_tracking_dag.py
[2026-04-27T02:35:55.741+0000] {processor.py:840} INFO - DAG(s) 'mlflow_model_tracking' retrieved from /home/airflow/dags/mlflow_tracking_dag.py
[2026-04-27T02:35:55.761+0000] {logging_mixin.py:188} INFO - [2026-04-27T02:35:55.761+0000] {dag.py:3036} INFO - Sync 1 DAGs
[2026-04-27T02:35:55.769+0000] {logging_mixin.py:188} INFO - [2026-04-27T02:35:55.769+0000] {dag.py:3823} INFO - Setting next_dagrun for mlflow_model_tracking to None, run_after=None
[2026-04-27T02:35:55.788+0000] {processor.py:183} INFO - Processing /home/airflow/dags/mlflow_tracking_dag.py took 0.729 seconds
[2026-04-27T02:36:25.929+0000] {processor.py:161} INFO - Started process (PID=11654) to work on /home/airflow/dags/mlflow_tracking_dag.py
[2026-04-27T02:36:25.931+0000] {processor.py:830} INFO - Processing file /home/airflow/dags/mlflow_tracking_dag.py for tasks to queue
[2026-04-27T02:36:25.932+0000] {logging_mixin.py:188} INFO - [2026-04-27T02:36:25.931+0000] {dagbag.py:538} INFO - Filling up the DagBag from /home/airflow/dags/mlflow_tracking_dag.py
[2026-04-27T02:36:26.709+0000] {processor.py:840} INFO - DAG(s) 'mlflow_model_tracking' retrieved from /home/airflow/dags/mlflow_tracking_dag.py
[2026-04-27T02:36:26.734+0000] {logging_mixin.py:188} INFO - [2026-04-27T02:36:26.734+0000] {dag.py:3036} INFO - Sync 1 DAGs
[2026-04-27T02:36:26.743+0000] {logging_mixin.py:188} INFO - [2026-04-27T02:36:26.742+0000] {dag.py:3823} INFO - Setting next_dagrun for mlflow_model_tracking to None, run_after=None
[2026-04-27T02:36:26.765+0000] {processor.py:183} INFO - Processing /home/airflow/dags/mlflow_tracking_dag.py took 0.839 seconds
[2026-04-27T02:36:57.030+0000] {processor.py:161} INFO - Started process (PID=11699) to work on /home/airflow/dags/mlflow_tracking_dag.py
[2026-04-27T02:36:57.031+0000] {processor.py:830} INFO - Processing file /home/airflow/dags/mlflow_tracking_dag.py for tasks to queue
[2026-04-27T02:36:57.032+0000] {logging_mixin.py:188} INFO - [2026-04-27T02:36:57.032+0000] {dagbag.py:538} INFO - Filling up the DagBag from /home/airflow/dags/mlflow_tracking_dag.py
[2026-04-27T02:36:57.710+0000] {processor.py:840} INFO - DAG(s) 'mlflow_model_tracking' retrieved from /home/airflow/dags/mlflow_tracking_dag.py
[2026-04-27T02:36:57.735+0000] {logging_mixin.py:188} INFO - [2026-04-27T02:36:57.735+0000] {dag.py:3036} INFO - Sync 1 DAGs
[2026-04-27T02:36:57.744+0000] {logging_mixin.py:188} INFO - [2026-04-27T02:36:57.744+0000] {dag.py:3823} INFO - Setting next_dagrun for mlflow_model_tracking to None, run_after=None
[2026-04-27T02:36:57.765+0000] {processor.py:183} INFO - Processing /home/airflow/dags/mlflow_tracking_dag.py took 0.738 seconds
[2026-04-27T02:37:27.942+0000] {processor.py:161} INFO - Started process (PID=11735) to work on /home/airflow/dags/mlflow_tracking_dag.py
[2026-04-27T02:37:27.944+0000] {processor.py:830} INFO - Processing file /home/airflow/dags/mlflow_tracking_dag.py for tasks to queue
[2026-04-27T02:37:27.946+0000] {logging_mixin.py:188} INFO - [2026-04-27T02:37:27.945+0000] {dagbag.py:538} INFO - Filling up the DagBag from /home/airflow/dags/mlflow_tracking_dag.py
[2026-04-27T02:37:29.041+0000] {processor.py:840} INFO - DAG(s) 'mlflow_model_tracking' retrieved from /home/airflow/dags/mlflow_tracking_dag.py
[2026-04-27T02:37:29.062+0000] {logging_mixin.py:188} INFO - [2026-04-27T02:37:29.062+0000] {dag.py:3036} INFO - Sync 1 DAGs
[2026-04-27T02:37:29.072+0000] {logging_mixin.py:188} INFO - [2026-04-27T02:37:29.072+0000] {dag.py:3823} INFO - Setting next_dagrun for mlflow_model_tracking to None, run_after=None
[2026-04-27T02:37:29.092+0000] {processor.py:183} INFO - Processing /home/airflow/dags/mlflow_tracking_dag.py took 1.173 seconds
[2026-04-27T02:37:59.503+0000] {processor.py:161} INFO - Started process (PID=11787) to work on /home/airflow/dags/mlflow_tracking_dag.py
[2026-04-27T02:37:59.505+0000] {processor.py:830} INFO - Processing file /home/airflow/dags/mlflow_tracking_dag.py for tasks to queue
[2026-04-27T02:37:59.506+0000] {logging_mixin.py:188} INFO - [2026-04-27T02:37:59.506+0000] {dagbag.py:538} INFO - Filling up the DagBag from /home/airflow/dags/mlflow_tracking_dag.py
[2026-04-27T02:38:00.250+0000] {processor.py:840} INFO - DAG(s) 'mlflow_model_tracking' retrieved from /home/airflow/dags/mlflow_tracking_dag.py
[2026-04-27T02:38:00.283+0000] {logging_mixin.py:188} INFO - [2026-04-27T02:38:00.282+0000] {dag.py:3036} INFO - Sync 1 DAGs
[2026-04-27T02:38:00.293+0000] {logging_mixin.py:188} INFO - [2026-04-27T02:38:00.292+0000] {dag.py:3823} INFO - Setting next_dagrun for mlflow_model_tracking to None, run_after=None
[2026-04-27T02:38:00.314+0000] {processor.py:183} INFO - Processing /home/airflow/dags/mlflow_tracking_dag.py took 0.816 seconds
[2026-04-27T02:38:30.591+0000] {processor.py:161} INFO - Started process (PID=11832) to work on /home/airflow/dags/mlflow_tracking_dag.py
[2026-04-27T02:38:30.593+0000] {processor.py:830} INFO - Processing file /home/airflow/dags/mlflow_tracking_dag.py for tasks to queue
[2026-04-27T02:38:30.594+0000] {logging_mixin.py:188} INFO - [2026-04-27T02:38:30.594+0000] {dagbag.py:538} INFO - Filling up the DagBag from /home/airflow/dags/mlflow_tracking_dag.py
[2026-04-27T02:38:31.295+0000] {processor.py:840} INFO - DAG(s) 'mlflow_model_tracking' retrieved from /home/airflow/dags/mlflow_tracking_dag.py
[2026-04-27T02:38:31.316+0000] {logging_mixin.py:188} INFO - [2026-04-27T02:38:31.316+0000] {dag.py:3036} INFO - Sync 1 DAGs
[2026-04-27T02:38:31.324+0000] {logging_mixin.py:188} INFO - [2026-04-27T02:38:31.324+0000] {dag.py:3823} INFO - Setting next_dagrun for mlflow_model_tracking to None, run_after=None
[2026-04-27T02:38:31.345+0000] {processor.py:183} INFO - Processing /home/airflow/dags/mlflow_tracking_dag.py took 0.762 seconds
[2026-04-27T02:39:01.793+0000] {processor.py:161} INFO - Started process (PID=11877) to work on /home/airflow/dags/mlflow_tracking_dag.py
[2026-04-27T02:39:01.794+0000] {processor.py:830} INFO - Processing file /home/airflow/dags/mlflow_tracking_dag.py for tasks to queue
[2026-04-27T02:39:01.795+0000] {logging_mixin.py:188} INFO - [2026-04-27T02:39:01.795+0000] {dagbag.py:538} INFO - Filling up the DagBag from /home/airflow/dags/mlflow_tracking_dag.py
[2026-04-27T02:39:02.557+0000] {processor.py:840} INFO - DAG(s) 'mlflow_model_tracking' retrieved from /home/airflow/dags/mlflow_tracking_dag.py
[2026-04-27T02:39:02.579+0000] {logging_mixin.py:188} INFO - [2026-04-27T02:39:02.579+0000] {dag.py:3036} INFO - Sync 1 DAGs
[2026-04-27T02:39:02.589+0000] {logging_mixin.py:188} INFO - [2026-04-27T02:39:02.589+0000] {dag.py:3823} INFO - Setting next_dagrun for mlflow_model_tracking to None, run_after=None
[2026-04-27T02:39:02.609+0000] {processor.py:183} INFO - Processing /home/airflow/dags/mlflow_tracking_dag.py took 0.822 seconds
[2026-04-27T02:39:32.740+0000] {processor.py:161} INFO - Started process (PID=11922) to work on /home/airflow/dags/mlflow_tracking_dag.py
[2026-04-27T02:39:32.741+0000] {processor.py:830} INFO - Processing file /home/airflow/dags/mlflow_tracking_dag.py for tasks to queue
[2026-04-27T02:39:32.742+0000] {logging_mixin.py:188} INFO - [2026-04-27T02:39:32.742+0000] {dagbag.py:538} INFO - Filling up the DagBag from /home/airflow/dags/mlflow_tracking_dag.py
[2026-04-27T02:39:33.518+0000] {processor.py:840} INFO - DAG(s) 'mlflow_model_tracking' retrieved from /home/airflow/dags/mlflow_tracking_dag.py
[2026-04-27T02:39:33.538+0000] {logging_mixin.py:188} INFO - [2026-04-27T02:39:33.538+0000] {dag.py:3036} INFO - Sync 1 DAGs
[2026-04-27T02:39:33.549+0000] {logging_mixin.py:188} INFO - [2026-04-27T02:39:33.549+0000] {dag.py:3823} INFO - Setting next_dagrun for mlflow_model_tracking to None, run_after=None
[2026-04-27T02:39:33.567+0000] {processor.py:183} INFO - Processing /home/airflow/dags/mlflow_tracking_dag.py took 0.831 seconds
[2026-04-27T02:40:04.062+0000] {processor.py:161} INFO - Started process (PID=11967) to work on /home/airflow/dags/mlflow_tracking_dag.py
[2026-04-27T02:40:04.064+0000] {processor.py:830} INFO - Processing file /home/airflow/dags/mlflow_tracking_dag.py for tasks to queue
[2026-04-27T02:40:04.065+0000] {logging_mixin.py:188} INFO - [2026-04-27T02:40:04.065+0000] {dagbag.py:538} INFO - Filling up the DagBag from /home/airflow/dags/mlflow_tracking_dag.py
[2026-04-27T02:40:04.884+0000] {processor.py:840} INFO - DAG(s) 'mlflow_model_tracking' retrieved from /home/airflow/dags/mlflow_tracking_dag.py
[2026-04-27T02:40:04.908+0000] {logging_mixin.py:188} INFO - [2026-04-27T02:40:04.908+0000] {dag.py:3036} INFO - Sync 1 DAGs
[2026-04-27T02:40:04.916+0000] {logging_mixin.py:188} INFO - [2026-04-27T02:40:04.916+0000] {dag.py:3823} INFO - Setting next_dagrun for mlflow_model_tracking to None, run_after=None
[2026-04-27T02:40:04.938+0000] {processor.py:183} INFO - Processing /home/airflow/dags/mlflow_tracking_dag.py took 0.881 seconds
[2026-04-27T02:40:35.348+0000] {processor.py:161} INFO - Started process (PID=12005) to work on /home/airflow/dags/mlflow_tracking_dag.py
[2026-04-27T02:40:35.349+0000] {processor.py:830} INFO - Processing file /home/airflow/dags/mlflow_tracking_dag.py for tasks to queue
[2026-04-27T02:40:35.350+0000] {logging_mixin.py:188} INFO - [2026-04-27T02:40:35.350+0000] {dagbag.py:538} INFO - Filling up the DagBag from /home/airflow/dags/mlflow_tracking_dag.py
[2026-04-27T02:40:36.238+0000] {processor.py:840} INFO - DAG(s) 'mlflow_model_tracking' retrieved from /home/airflow/dags/mlflow_tracking_dag.py
[2026-04-27T02:40:36.260+0000] {logging_mixin.py:188} INFO - [2026-04-27T02:40:36.260+0000] {dag.py:3036} INFO - Sync 1 DAGs
[2026-04-27T02:40:36.269+0000] {logging_mixin.py:188} INFO - [2026-04-27T02:40:36.269+0000] {dag.py:3823} INFO - Setting next_dagrun for mlflow_model_tracking to None, run_after=None
[2026-04-27T02:40:36.289+0000] {processor.py:183} INFO - Processing /home/airflow/dags/mlflow_tracking_dag.py took 0.945 seconds
[2026-04-27T02:41:06.658+0000] {processor.py:161} INFO - Started process (PID=12057) to work on /home/airflow/dags/mlflow_tracking_dag.py
[2026-04-27T02:41:06.667+0000] {processor.py:830} INFO - Processing file /home/airflow/dags/mlflow_tracking_dag.py for tasks to queue
[2026-04-27T02:41:06.668+0000] {logging_mixin.py:188} INFO - [2026-04-27T02:41:06.668+0000] {dagbag.py:538} INFO - Filling up the DagBag from /home/airflow/dags/mlflow_tracking_dag.py
[2026-04-27T02:41:07.392+0000] {processor.py:840} INFO - DAG(s) 'mlflow_model_tracking' retrieved from /home/airflow/dags/mlflow_tracking_dag.py
[2026-04-27T02:41:07.416+0000] {logging_mixin.py:188} INFO - [2026-04-27T02:41:07.415+0000] {dag.py:3036} INFO - Sync 1 DAGs
[2026-04-27T02:41:07.425+0000] {logging_mixin.py:188} INFO - [2026-04-27T02:41:07.425+0000] {dag.py:3823} INFO - Setting next_dagrun for mlflow_model_tracking to None, run_after=None
[2026-04-27T02:41:07.444+0000] {processor.py:183} INFO - Processing /home/airflow/dags/mlflow_tracking_dag.py took 0.789 seconds
[2026-04-27T02:41:37.784+0000] {processor.py:161} INFO - Started process (PID=12091) to work on /home/airflow/dags/mlflow_tracking_dag.py
[2026-04-27T02:41:37.785+0000] {processor.py:830} INFO - Processing file /home/airflow/dags/mlflow_tracking_dag.py for tasks to queue
[2026-04-27T02:41:37.787+0000] {logging_mixin.py:188} INFO - [2026-04-27T02:41:37.786+0000] {dagbag.py:538} INFO - Filling up the DagBag from /home/airflow/dags/mlflow_tracking_dag.py
[2026-04-27T02:41:38.859+0000] {processor.py:840} INFO - DAG(s) 'mlflow_model_tracking' retrieved from /home/airflow/dags/mlflow_tracking_dag.py
[2026-04-27T02:41:38.897+0000] {logging_mixin.py:188} INFO - [2026-04-27T02:41:38.896+0000] {dag.py:3036} INFO - Sync 1 DAGs
[2026-04-27T02:41:38.910+0000] {logging_mixin.py:188} INFO - [2026-04-27T02:41:38.910+0000] {dag.py:3823} INFO - Setting next_dagrun for mlflow_model_tracking to None, run_after=None
[2026-04-27T02:41:38.938+0000] {processor.py:183} INFO - Processing /home/airflow/dags/mlflow_tracking_dag.py took 1.157 seconds
[2026-04-27T02:42:09.421+0000] {processor.py:161} INFO - Started process (PID=12136) to work on /home/airflow/dags/mlflow_tracking_dag.py
[2026-04-27T02:42:09.422+0000] {processor.py:830} INFO - Processing file /home/airflow/dags/mlflow_tracking_dag.py for tasks to queue
[2026-04-27T02:42:09.424+0000] {logging_mixin.py:188} INFO - [2026-04-27T02:42:09.423+0000] {dagbag.py:538} INFO - Filling up the DagBag from /home/airflow/dags/mlflow_tracking_dag.py
[2026-04-27T02:42:10.322+0000] {processor.py:840} INFO - DAG(s) 'mlflow_model_tracking' retrieved from /home/airflow/dags/mlflow_tracking_dag.py
[2026-04-27T02:42:10.347+0000] {logging_mixin.py:188} INFO - [2026-04-27T02:42:10.347+0000] {dag.py:3036} INFO - Sync 1 DAGs
[2026-04-27T02:42:10.359+0000] {logging_mixin.py:188} INFO - [2026-04-27T02:42:10.359+0000] {dag.py:3823} INFO - Setting next_dagrun for mlflow_model_tracking to None, run_after=None
[2026-04-27T02:42:10.389+0000] {processor.py:183} INFO - Processing /home/airflow/dags/mlflow_tracking_dag.py took 0.972 seconds
[2026-04-27T02:42:40.931+0000] {processor.py:161} INFO - Started process (PID=12181) to work on /home/airflow/dags/mlflow_tracking_dag.py
[2026-04-27T02:42:40.933+0000] {processor.py:830} INFO - Processing file /home/airflow/dags/mlflow_tracking_dag.py for tasks to queue
[2026-04-27T02:42:40.934+0000] {logging_mixin.py:188} INFO - [2026-04-27T02:42:40.933+0000] {dagbag.py:538} INFO - Filling up the DagBag from /home/airflow/dags/mlflow_tracking_dag.py
[2026-04-27T02:42:41.606+0000] {processor.py:840} INFO - DAG(s) 'mlflow_model_tracking' retrieved from /home/airflow/dags/mlflow_tracking_dag.py
[2026-04-27T02:42:41.637+0000] {logging_mixin.py:188} INFO - [2026-04-27T02:42:41.637+0000] {dag.py:3036} INFO - Sync 1 DAGs
[2026-04-27T02:42:41.649+0000] {logging_mixin.py:188} INFO - [2026-04-27T02:42:41.649+0000] {dag.py:3823} INFO - Setting next_dagrun for mlflow_model_tracking to None, run_after=None
[2026-04-27T02:42:41.673+0000] {processor.py:183} INFO - Processing /home/airflow/dags/mlflow_tracking_dag.py took 0.745 seconds
[2026-04-27T02:43:12.056+0000] {processor.py:161} INFO - Started process (PID=12226) to work on /home/airflow/dags/mlflow_tracking_dag.py
[2026-04-27T02:43:12.058+0000] {processor.py:830} INFO - Processing file /home/airflow/dags/mlflow_tracking_dag.py for tasks to queue
[2026-04-27T02:43:12.059+0000] {logging_mixin.py:188} INFO - [2026-04-27T02:43:12.059+0000] {dagbag.py:538} INFO - Filling up the DagBag from /home/airflow/dags/mlflow_tracking_dag.py
[2026-04-27T02:43:12.717+0000] {processor.py:840} INFO - DAG(s) 'mlflow_model_tracking' retrieved from /home/airflow/dags/mlflow_tracking_dag.py
[2026-04-27T02:43:12.745+0000] {logging_mixin.py:188} INFO - [2026-04-27T02:43:12.744+0000] {dag.py:3036} INFO - Sync 1 DAGs
[2026-04-27T02:43:12.756+0000] {logging_mixin.py:188} INFO - [2026-04-27T02:43:12.756+0000] {dag.py:3823} INFO - Setting next_dagrun for mlflow_model_tracking to None, run_after=None
[2026-04-27T02:43:12.783+0000] {processor.py:183} INFO - Processing /home/airflow/dags/mlflow_tracking_dag.py took 0.730 seconds
[2026-04-27T02:43:43.266+0000] {processor.py:161} INFO - Started process (PID=12271) to work on /home/airflow/dags/mlflow_tracking_dag.py
[2026-04-27T02:43:43.267+0000] {processor.py:830} INFO - Processing file /home/airflow/dags/mlflow_tracking_dag.py for tasks to queue
[2026-04-27T02:43:43.269+0000] {logging_mixin.py:188} INFO - [2026-04-27T02:43:43.268+0000] {dagbag.py:538} INFO - Filling up the DagBag from /home/airflow/dags/mlflow_tracking_dag.py
[2026-04-27T02:43:43.980+0000] {processor.py:840} INFO - DAG(s) 'mlflow_model_tracking' retrieved from /home/airflow/dags/mlflow_tracking_dag.py
[2026-04-27T02:43:44.007+0000] {logging_mixin.py:188} INFO - [2026-04-27T02:43:44.007+0000] {dag.py:3036} INFO - Sync 1 DAGs
[2026-04-27T02:43:44.019+0000] {logging_mixin.py:188} INFO - [2026-04-27T02:43:44.019+0000] {dag.py:3823} INFO - Setting next_dagrun for mlflow_model_tracking to None, run_after=None
[2026-04-27T02:43:44.043+0000] {processor.py:183} INFO - Processing /home/airflow/dags/mlflow_tracking_dag.py took 0.782 seconds
[2026-04-27T02:44:14.456+0000] {processor.py:161} INFO - Started process (PID=12316) to work on /home/airflow/dags/mlflow_tracking_dag.py
[2026-04-27T02:44:14.457+0000] {processor.py:830} INFO - Processing file /home/airflow/dags/mlflow_tracking_dag.py for tasks to queue
[2026-04-27T02:44:14.459+0000] {logging_mixin.py:188} INFO - [2026-04-27T02:44:14.458+0000] {dagbag.py:538} INFO - Filling up the DagBag from /home/airflow/dags/mlflow_tracking_dag.py
[2026-04-27T02:44:15.431+0000] {processor.py:840} INFO - DAG(s) 'mlflow_model_tracking' retrieved from /home/airflow/dags/mlflow_tracking_dag.py
[2026-04-27T02:44:15.456+0000] {logging_mixin.py:188} INFO - [2026-04-27T02:44:15.456+0000] {dag.py:3036} INFO - Sync 1 DAGs
[2026-04-27T02:44:15.467+0000] {logging_mixin.py:188} INFO - [2026-04-27T02:44:15.466+0000] {dag.py:3823} INFO - Setting next_dagrun for mlflow_model_tracking to None, run_after=None
[2026-04-27T02:44:15.492+0000] {processor.py:183} INFO - Processing /home/airflow/dags/mlflow_tracking_dag.py took 1.041 seconds
[2026-04-27T02:44:45.865+0000] {processor.py:161} INFO - Started process (PID=12361) to work on /home/airflow/dags/mlflow_tracking_dag.py
[2026-04-27T02:44:45.866+0000] {processor.py:830} INFO - Processing file /home/airflow/dags/mlflow_tracking_dag.py for tasks to queue
[2026-04-27T02:44:45.867+0000] {logging_mixin.py:188} INFO - [2026-04-27T02:44:45.867+0000] {dagbag.py:538} INFO - Filling up the DagBag from /home/airflow/dags/mlflow_tracking_dag.py
[2026-04-27T02:44:46.728+0000] {processor.py:840} INFO - DAG(s) 'mlflow_model_tracking' retrieved from /home/airflow/dags/mlflow_tracking_dag.py
[2026-04-27T02:44:46.752+0000] {logging_mixin.py:188} INFO - [2026-04-27T02:44:46.751+0000] {dag.py:3036} INFO - Sync 1 DAGs
[2026-04-27T02:44:46.762+0000] {logging_mixin.py:188} INFO - [2026-04-27T02:44:46.762+0000] {dag.py:3823} INFO - Setting next_dagrun for mlflow_model_tracking to None, run_after=None
[2026-04-27T02:44:46.786+0000] {processor.py:183} INFO - Processing /home/airflow/dags/mlflow_tracking_dag.py took 0.925 seconds
[2026-04-27T02:45:17.227+0000] {processor.py:161} INFO - Started process (PID=12406) to work on /home/airflow/dags/mlflow_tracking_dag.py
[2026-04-27T02:45:17.228+0000] {processor.py:830} INFO - Processing file /home/airflow/dags/mlflow_tracking_dag.py for tasks to queue
[2026-04-27T02:45:17.231+0000] {logging_mixin.py:188} INFO - [2026-04-27T02:45:17.230+0000] {dagbag.py:538} INFO - Filling up the DagBag from /home/airflow/dags/mlflow_tracking_dag.py
[2026-04-27T02:45:18.348+0000] {processor.py:840} INFO - DAG(s) 'mlflow_model_tracking' retrieved from /home/airflow/dags/mlflow_tracking_dag.py
[2026-04-27T02:45:18.378+0000] {logging_mixin.py:188} INFO - [2026-04-27T02:45:18.378+0000] {dag.py:3036} INFO - Sync 1 DAGs
[2026-04-27T02:45:18.392+0000] {logging_mixin.py:188} INFO - [2026-04-27T02:45:18.392+0000] {dag.py:3823} INFO - Setting next_dagrun for mlflow_model_tracking to None, run_after=None
[2026-04-27T02:45:18.418+0000] {processor.py:183} INFO - Processing /home/airflow/dags/mlflow_tracking_dag.py took 1.195 seconds
[2026-04-27T02:45:48.798+0000] {processor.py:161} INFO - Started process (PID=12451) to work on /home/airflow/dags/mlflow_tracking_dag.py
[2026-04-27T02:45:48.799+0000] {processor.py:830} INFO - Processing file /home/airflow/dags/mlflow_tracking_dag.py for tasks to queue
[2026-04-27T02:45:48.801+0000] {logging_mixin.py:188} INFO - [2026-04-27T02:45:48.801+0000] {dagbag.py:538} INFO - Filling up the DagBag from /home/airflow/dags/mlflow_tracking_dag.py
[2026-04-27T02:45:49.706+0000] {processor.py:840} INFO - DAG(s) 'mlflow_model_tracking' retrieved from /home/airflow/dags/mlflow_tracking_dag.py
[2026-04-27T02:45:49.734+0000] {logging_mixin.py:188} INFO - [2026-04-27T02:45:49.734+0000] {dag.py:3036} INFO - Sync 1 DAGs
[2026-04-27T02:45:49.745+0000] {logging_mixin.py:188} INFO - [2026-04-27T02:45:49.745+0000] {dag.py:3823} INFO - Setting next_dagrun for mlflow_model_tracking to None, run_after=None
[2026-04-27T02:45:49.768+0000] {processor.py:183} INFO - Processing /home/airflow/dags/mlflow_tracking_dag.py took 0.974 seconds
[2026-04-27T02:46:20.174+0000] {processor.py:161} INFO - Started process (PID=12496) to work on /home/airflow/dags/mlflow_tracking_dag.py
[2026-04-27T02:46:20.176+0000] {processor.py:830} INFO - Processing file /home/airflow/dags/mlflow_tracking_dag.py for tasks to queue
[2026-04-27T02:46:20.177+0000] {logging_mixin.py:188} INFO - [2026-04-27T02:46:20.177+0000] {dagbag.py:538} INFO - Filling up the DagBag from /home/airflow/dags/mlflow_tracking_dag.py
[2026-04-27T02:46:21.195+0000] {processor.py:840} INFO - DAG(s) 'mlflow_model_tracking' retrieved from /home/airflow/dags/mlflow_tracking_dag.py
[2026-04-27T02:46:21.220+0000] {logging_mixin.py:188} INFO - [2026-04-27T02:46:21.219+0000] {dag.py:3036} INFO - Sync 1 DAGs
[2026-04-27T02:46:21.230+0000] {logging_mixin.py:188} INFO - [2026-04-27T02:46:21.229+0000] {dag.py:3823} INFO - Setting next_dagrun for mlflow_model_tracking to None, run_after=None
[2026-04-27T02:46:21.252+0000] {processor.py:183} INFO - Processing /home/airflow/dags/mlflow_tracking_dag.py took 1.082 seconds
[2026-04-27T02:46:51.653+0000] {processor.py:161} INFO - Started process (PID=12541) to work on /home/airflow/dags/mlflow_tracking_dag.py
[2026-04-27T02:46:51.654+0000] {processor.py:830} INFO - Processing file /home/airflow/dags/mlflow_tracking_dag.py for tasks to queue
[2026-04-27T02:46:51.656+0000] {logging_mixin.py:188} INFO - [2026-04-27T02:46:51.655+0000] {dagbag.py:538} INFO - Filling up the DagBag from /home/airflow/dags/mlflow_tracking_dag.py
[2026-04-27T02:46:52.471+0000] {processor.py:840} INFO - DAG(s) 'mlflow_model_tracking' retrieved from /home/airflow/dags/mlflow_tracking_dag.py
[2026-04-27T02:46:52.496+0000] {logging_mixin.py:188} INFO - [2026-04-27T02:46:52.496+0000] {dag.py:3036} INFO - Sync 1 DAGs
[2026-04-27T02:46:52.506+0000] {logging_mixin.py:188} INFO - [2026-04-27T02:46:52.506+0000] {dag.py:3823} INFO - Setting next_dagrun for mlflow_model_tracking to None, run_after=None
[2026-04-27T02:46:52.529+0000] {processor.py:183} INFO - Processing /home/airflow/dags/mlflow_tracking_dag.py took 0.881 seconds
[2026-04-27T02:47:22.874+0000] {processor.py:161} INFO - Started process (PID=12586) to work on /home/airflow/dags/mlflow_tracking_dag.py
[2026-04-27T02:47:22.877+0000] {processor.py:830} INFO - Processing file /home/airflow/dags/mlflow_tracking_dag.py for tasks to queue
[2026-04-27T02:47:22.878+0000] {logging_mixin.py:188} INFO - [2026-04-27T02:47:22.877+0000] {dagbag.py:538} INFO - Filling up the DagBag from /home/airflow/dags/mlflow_tracking_dag.py
[2026-04-27T02:47:23.760+0000] {processor.py:840} INFO - DAG(s) 'mlflow_model_tracking' retrieved from /home/airflow/dags/mlflow_tracking_dag.py
[2026-04-27T02:47:23.786+0000] {logging_mixin.py:188} INFO - [2026-04-27T02:47:23.785+0000] {dag.py:3036} INFO - Sync 1 DAGs
[2026-04-27T02:47:23.797+0000] {logging_mixin.py:188} INFO - [2026-04-27T02:47:23.796+0000] {dag.py:3823} INFO - Setting next_dagrun for mlflow_model_tracking to None, run_after=None
[2026-04-27T02:47:23.819+0000] {processor.py:183} INFO - Processing /home/airflow/dags/mlflow_tracking_dag.py took 0.949 seconds
[2026-04-27T02:47:54.223+0000] {processor.py:161} INFO - Started process (PID=12631) to work on /home/airflow/dags/mlflow_tracking_dag.py
[2026-04-27T02:47:54.224+0000] {processor.py:830} INFO - Processing file /home/airflow/dags/mlflow_tracking_dag.py for tasks to queue
[2026-04-27T02:47:54.226+0000] {logging_mixin.py:188} INFO - [2026-04-27T02:47:54.225+0000] {dagbag.py:538} INFO - Filling up the DagBag from /home/airflow/dags/mlflow_tracking_dag.py
[2026-04-27T02:47:55.132+0000] {processor.py:840} INFO - DAG(s) 'mlflow_model_tracking' retrieved from /home/airflow/dags/mlflow_tracking_dag.py
[2026-04-27T02:47:55.156+0000] {logging_mixin.py:188} INFO - [2026-04-27T02:47:55.155+0000] {dag.py:3036} INFO - Sync 1 DAGs
[2026-04-27T02:47:55.165+0000] {logging_mixin.py:188} INFO - [2026-04-27T02:47:55.165+0000] {dag.py:3823} INFO - Setting next_dagrun for mlflow_model_tracking to None, run_after=None
[2026-04-27T02:47:55.192+0000] {processor.py:183} INFO - Processing /home/airflow/dags/mlflow_tracking_dag.py took 0.972 seconds
[2026-04-27T02:48:25.604+0000] {processor.py:161} INFO - Started process (PID=12676) to work on /home/airflow/dags/mlflow_tracking_dag.py
[2026-04-27T02:48:25.606+0000] {processor.py:830} INFO - Processing file /home/airflow/dags/mlflow_tracking_dag.py for tasks to queue
[2026-04-27T02:48:25.607+0000] {logging_mixin.py:188} INFO - [2026-04-27T02:48:25.607+0000] {dagbag.py:538} INFO - Filling up the DagBag from /home/airflow/dags/mlflow_tracking_dag.py
[2026-04-27T02:48:26.497+0000] {processor.py:840} INFO - DAG(s) 'mlflow_model_tracking' retrieved from /home/airflow/dags/mlflow_tracking_dag.py
[2026-04-27T02:48:26.524+0000] {logging_mixin.py:188} INFO - [2026-04-27T02:48:26.523+0000] {dag.py:3036} INFO - Sync 1 DAGs
[2026-04-27T02:48:26.535+0000] {logging_mixin.py:188} INFO - [2026-04-27T02:48:26.535+0000] {dag.py:3823} INFO - Setting next_dagrun for mlflow_model_tracking to None, run_after=None
[2026-04-27T02:48:26.562+0000] {processor.py:183} INFO - Processing /home/airflow/dags/mlflow_tracking_dag.py took 0.961 seconds
[2026-04-27T02:48:56.927+0000] {processor.py:161} INFO - Started process (PID=12721) to work on /home/airflow/dags/mlflow_tracking_dag.py
[2026-04-27T02:48:56.929+0000] {processor.py:830} INFO - Processing file /home/airflow/dags/mlflow_tracking_dag.py for tasks to queue
[2026-04-27T02:48:56.930+0000] {logging_mixin.py:188} INFO - [2026-04-27T02:48:56.929+0000] {dagbag.py:538} INFO - Filling up the DagBag from /home/airflow/dags/mlflow_tracking_dag.py
[2026-04-27T02:48:57.785+0000] {processor.py:840} INFO - DAG(s) 'mlflow_model_tracking' retrieved from /home/airflow/dags/mlflow_tracking_dag.py
[2026-04-27T02:48:57.810+0000] {logging_mixin.py:188} INFO - [2026-04-27T02:48:57.810+0000] {dag.py:3036} INFO - Sync 1 DAGs
[2026-04-27T02:48:57.820+0000] {logging_mixin.py:188} INFO - [2026-04-27T02:48:57.819+0000] {dag.py:3823} INFO - Setting next_dagrun for mlflow_model_tracking to None, run_after=None
[2026-04-27T02:48:57.844+0000] {processor.py:183} INFO - Processing /home/airflow/dags/mlflow_tracking_dag.py took 0.921 seconds
[2026-04-27T02:49:28.092+0000] {processor.py:161} INFO - Started process (PID=12766) to work on /home/airflow/dags/mlflow_tracking_dag.py
[2026-04-27T02:49:28.094+0000] {processor.py:830} INFO - Processing file /home/airflow/dags/mlflow_tracking_dag.py for tasks to queue
[2026-04-27T02:49:28.095+0000] {logging_mixin.py:188} INFO - [2026-04-27T02:49:28.094+0000] {dagbag.py:538} INFO - Filling up the DagBag from /home/airflow/dags/mlflow_tracking_dag.py
[2026-04-27T02:49:29.040+0000] {processor.py:840} INFO - DAG(s) 'mlflow_model_tracking' retrieved from /home/airflow/dags/mlflow_tracking_dag.py
[2026-04-27T02:49:29.066+0000] {logging_mixin.py:188} INFO - [2026-04-27T02:49:29.065+0000] {dag.py:3036} INFO - Sync 1 DAGs
[2026-04-27T02:49:29.075+0000] {logging_mixin.py:188} INFO - [2026-04-27T02:49:29.075+0000] {dag.py:3823} INFO - Setting next_dagrun for mlflow_model_tracking to None, run_after=None
[2026-04-27T02:49:29.099+0000] {processor.py:183} INFO - Processing /home/airflow/dags/mlflow_tracking_dag.py took 1.010 seconds
[2026-04-27T02:49:59.555+0000] {processor.py:161} INFO - Started process (PID=12811) to work on /home/airflow/dags/mlflow_tracking_dag.py
[2026-04-27T02:49:59.556+0000] {processor.py:830} INFO - Processing file /home/airflow/dags/mlflow_tracking_dag.py for tasks to queue
[2026-04-27T02:49:59.557+0000] {logging_mixin.py:188} INFO - [2026-04-27T02:49:59.557+0000] {dagbag.py:538} INFO - Filling up the DagBag from /home/airflow/dags/mlflow_tracking_dag.py
[2026-04-27T02:50:00.435+0000] {processor.py:840} INFO - DAG(s) 'mlflow_model_tracking' retrieved from /home/airflow/dags/mlflow_tracking_dag.py
[2026-04-27T02:50:00.461+0000] {logging_mixin.py:188} INFO - [2026-04-27T02:50:00.461+0000] {dag.py:3036} INFO - Sync 1 DAGs
[2026-04-27T02:50:00.471+0000] {logging_mixin.py:188} INFO - [2026-04-27T02:50:00.470+0000] {dag.py:3823} INFO - Setting next_dagrun for mlflow_model_tracking to None, run_after=None
[2026-04-27T02:50:00.492+0000] {processor.py:183} INFO - Processing /home/airflow/dags/mlflow_tracking_dag.py took 0.941 seconds
[2026-04-27T02:50:30.948+0000] {processor.py:161} INFO - Started process (PID=12856) to work on /home/airflow/dags/mlflow_tracking_dag.py
[2026-04-27T02:50:30.949+0000] {processor.py:830} INFO - Processing file /home/airflow/dags/mlflow_tracking_dag.py for tasks to queue
[2026-04-27T02:50:30.951+0000] {logging_mixin.py:188} INFO - [2026-04-27T02:50:30.950+0000] {dagbag.py:538} INFO - Filling up the DagBag from /home/airflow/dags/mlflow_tracking_dag.py
[2026-04-27T02:50:31.909+0000] {processor.py:840} INFO - DAG(s) 'mlflow_model_tracking' retrieved from /home/airflow/dags/mlflow_tracking_dag.py
[2026-04-27T02:50:31.934+0000] {logging_mixin.py:188} INFO - [2026-04-27T02:50:31.933+0000] {dag.py:3036} INFO - Sync 1 DAGs
[2026-04-27T02:50:31.944+0000] {logging_mixin.py:188} INFO - [2026-04-27T02:50:31.944+0000] {dag.py:3823} INFO - Setting next_dagrun for mlflow_model_tracking to None, run_after=None
[2026-04-27T02:50:31.969+0000] {processor.py:183} INFO - Processing /home/airflow/dags/mlflow_tracking_dag.py took 1.026 seconds
[2026-04-27T02:51:02.305+0000] {processor.py:161} INFO - Started process (PID=12901) to work on /home/airflow/dags/mlflow_tracking_dag.py
[2026-04-27T02:51:02.307+0000] {processor.py:830} INFO - Processing file /home/airflow/dags/mlflow_tracking_dag.py for tasks to queue
[2026-04-27T02:51:02.308+0000] {logging_mixin.py:188} INFO - [2026-04-27T02:51:02.307+0000] {dagbag.py:538} INFO - Filling up the DagBag from /home/airflow/dags/mlflow_tracking_dag.py
[2026-04-27T02:51:03.186+0000] {processor.py:840} INFO - DAG(s) 'mlflow_model_tracking' retrieved from /home/airflow/dags/mlflow_tracking_dag.py
[2026-04-27T02:51:03.211+0000] {logging_mixin.py:188} INFO - [2026-04-27T02:51:03.211+0000] {dag.py:3036} INFO - Sync 1 DAGs
[2026-04-27T02:51:03.220+0000] {logging_mixin.py:188} INFO - [2026-04-27T02:51:03.220+0000] {dag.py:3823} INFO - Setting next_dagrun for mlflow_model_tracking to None, run_after=None
[2026-04-27T02:51:03.244+0000] {processor.py:183} INFO - Processing /home/airflow/dags/mlflow_tracking_dag.py took 0.948 seconds
[2026-04-27T02:51:33.525+0000] {processor.py:161} INFO - Started process (PID=12946) to work on /home/airflow/dags/mlflow_tracking_dag.py
[2026-04-27T02:51:33.526+0000] {processor.py:830} INFO - Processing file /home/airflow/dags/mlflow_tracking_dag.py for tasks to queue
[2026-04-27T02:51:33.528+0000] {logging_mixin.py:188} INFO - [2026-04-27T02:51:33.527+0000] {dagbag.py:538} INFO - Filling up the DagBag from /home/airflow/dags/mlflow_tracking_dag.py
[2026-04-27T02:51:34.390+0000] {processor.py:840} INFO - DAG(s) 'mlflow_model_tracking' retrieved from /home/airflow/dags/mlflow_tracking_dag.py
[2026-04-27T02:51:34.418+0000] {logging_mixin.py:188} INFO - [2026-04-27T02:51:34.418+0000] {dag.py:3036} INFO - Sync 1 DAGs
[2026-04-27T02:51:34.431+0000] {logging_mixin.py:188} INFO - [2026-04-27T02:51:34.431+0000] {dag.py:3823} INFO - Setting next_dagrun for mlflow_model_tracking to None, run_after=None
[2026-04-27T02:51:34.457+0000] {processor.py:183} INFO - Processing /home/airflow/dags/mlflow_tracking_dag.py took 0.936 seconds
[2026-04-27T02:52:04.885+0000] {processor.py:161} INFO - Started process (PID=12991) to work on /home/airflow/dags/mlflow_tracking_dag.py
[2026-04-27T02:52:04.887+0000] {processor.py:830} INFO - Processing file /home/airflow/dags/mlflow_tracking_dag.py for tasks to queue
[2026-04-27T02:52:04.888+0000] {logging_mixin.py:188} INFO - [2026-04-27T02:52:04.888+0000] {dagbag.py:538} INFO - Filling up the DagBag from /home/airflow/dags/mlflow_tracking_dag.py
[2026-04-27T02:52:05.816+0000] {processor.py:840} INFO - DAG(s) 'mlflow_model_tracking' retrieved from /home/airflow/dags/mlflow_tracking_dag.py
[2026-04-27T02:52:05.844+0000] {logging_mixin.py:188} INFO - [2026-04-27T02:52:05.843+0000] {dag.py:3036} INFO - Sync 1 DAGs
[2026-04-27T02:52:05.865+0000] {logging_mixin.py:188} INFO - [2026-04-27T02:52:05.865+0000] {dag.py:3823} INFO - Setting next_dagrun for mlflow_model_tracking to None, run_after=None
[2026-04-27T02:52:05.896+0000] {processor.py:183} INFO - Processing /home/airflow/dags/mlflow_tracking_dag.py took 1.015 seconds
[2026-04-27T02:52:36.375+0000] {processor.py:161} INFO - Started process (PID=13036) to work on /home/airflow/dags/mlflow_tracking_dag.py
[2026-04-27T02:52:36.377+0000] {processor.py:830} INFO - Processing file /home/airflow/dags/mlflow_tracking_dag.py for tasks to queue
[2026-04-27T02:52:36.378+0000] {logging_mixin.py:188} INFO - [2026-04-27T02:52:36.378+0000] {dagbag.py:538} INFO - Filling up the DagBag from /home/airflow/dags/mlflow_tracking_dag.py
[2026-04-27T02:52:37.396+0000] {processor.py:840} INFO - DAG(s) 'mlflow_model_tracking' retrieved from /home/airflow/dags/mlflow_tracking_dag.py
[2026-04-27T02:52:37.425+0000] {logging_mixin.py:188} INFO - [2026-04-27T02:52:37.424+0000] {dag.py:3036} INFO - Sync 1 DAGs
[2026-04-27T02:52:37.435+0000] {logging_mixin.py:188} INFO - [2026-04-27T02:52:37.435+0000] {dag.py:3823} INFO - Setting next_dagrun for mlflow_model_tracking to None, run_after=None
[2026-04-27T02:52:37.460+0000] {processor.py:183} INFO - Processing /home/airflow/dags/mlflow_tracking_dag.py took 1.089 seconds
[2026-04-27T02:53:07.854+0000] {processor.py:161} INFO - Started process (PID=13081) to work on /home/airflow/dags/mlflow_tracking_dag.py
[2026-04-27T02:53:07.855+0000] {processor.py:830} INFO - Processing file /home/airflow/dags/mlflow_tracking_dag.py for tasks to queue
[2026-04-27T02:53:07.857+0000] {logging_mixin.py:188} INFO - [2026-04-27T02:53:07.856+0000] {dagbag.py:538} INFO - Filling up the DagBag from /home/airflow/dags/mlflow_tracking_dag.py
[2026-04-27T02:53:08.716+0000] {processor.py:840} INFO - DAG(s) 'mlflow_model_tracking' retrieved from /home/airflow/dags/mlflow_tracking_dag.py
[2026-04-27T02:53:08.742+0000] {logging_mixin.py:188} INFO - [2026-04-27T02:53:08.741+0000] {dag.py:3036} INFO - Sync 1 DAGs
[2026-04-27T02:53:08.752+0000] {logging_mixin.py:188} INFO - [2026-04-27T02:53:08.752+0000] {dag.py:3823} INFO - Setting next_dagrun for mlflow_model_tracking to None, run_after=None
[2026-04-27T02:53:08.779+0000] {processor.py:183} INFO - Processing /home/airflow/dags/mlflow_tracking_dag.py took 0.928 seconds
[2026-04-27T02:53:39.166+0000] {processor.py:161} INFO - Started process (PID=13126) to work on /home/airflow/dags/mlflow_tracking_dag.py
[2026-04-27T02:53:39.168+0000] {processor.py:830} INFO - Processing file /home/airflow/dags/mlflow_tracking_dag.py for tasks to queue
[2026-04-27T02:53:39.169+0000] {logging_mixin.py:188} INFO - [2026-04-27T02:53:39.168+0000] {dagbag.py:538} INFO - Filling up the DagBag from /home/airflow/dags/mlflow_tracking_dag.py
[2026-04-27T02:53:40.069+0000] {processor.py:840} INFO - DAG(s) 'mlflow_model_tracking' retrieved from /home/airflow/dags/mlflow_tracking_dag.py
[2026-04-27T02:53:40.094+0000] {logging_mixin.py:188} INFO - [2026-04-27T02:53:40.094+0000] {dag.py:3036} INFO - Sync 1 DAGs
[2026-04-27T02:53:40.107+0000] {logging_mixin.py:188} INFO - [2026-04-27T02:53:40.106+0000] {dag.py:3823} INFO - Setting next_dagrun for mlflow_model_tracking to None, run_after=None
[2026-04-27T02:53:40.128+0000] {processor.py:183} INFO - Processing /home/airflow/dags/mlflow_tracking_dag.py took 0.965 seconds
[2026-04-27T02:54:10.522+0000] {processor.py:161} INFO - Started process (PID=13171) to work on /home/airflow/dags/mlflow_tracking_dag.py
[2026-04-27T02:54:10.523+0000] {processor.py:830} INFO - Processing file /home/airflow/dags/mlflow_tracking_dag.py for tasks to queue
[2026-04-27T02:54:10.525+0000] {logging_mixin.py:188} INFO - [2026-04-27T02:54:10.525+0000] {dagbag.py:538} INFO - Filling up the DagBag from /home/airflow/dags/mlflow_tracking_dag.py
[2026-04-27T02:54:11.487+0000] {processor.py:840} INFO - DAG(s) 'mlflow_model_tracking' retrieved from /home/airflow/dags/mlflow_tracking_dag.py
[2026-04-27T02:54:11.513+0000] {logging_mixin.py:188} INFO - [2026-04-27T02:54:11.512+0000] {dag.py:3036} INFO - Sync 1 DAGs
[2026-04-27T02:54:11.522+0000] {logging_mixin.py:188} INFO - [2026-04-27T02:54:11.522+0000] {dag.py:3823} INFO - Setting next_dagrun for mlflow_model_tracking to None, run_after=None
[2026-04-27T02:54:11.548+0000] {processor.py:183} INFO - Processing /home/airflow/dags/mlflow_tracking_dag.py took 1.029 seconds
[2026-04-27T02:54:41.951+0000] {processor.py:161} INFO - Started process (PID=13216) to work on /home/airflow/dags/mlflow_tracking_dag.py
[2026-04-27T02:54:41.952+0000] {processor.py:830} INFO - Processing file /home/airflow/dags/mlflow_tracking_dag.py for tasks to queue
[2026-04-27T02:54:41.953+0000] {logging_mixin.py:188} INFO - [2026-04-27T02:54:41.953+0000] {dagbag.py:538} INFO - Filling up the DagBag from /home/airflow/dags/mlflow_tracking_dag.py
[2026-04-27T02:54:42.815+0000] {processor.py:840} INFO - DAG(s) 'mlflow_model_tracking' retrieved from /home/airflow/dags/mlflow_tracking_dag.py
[2026-04-27T02:54:42.839+0000] {logging_mixin.py:188} INFO - [2026-04-27T02:54:42.838+0000] {dag.py:3036} INFO - Sync 1 DAGs
[2026-04-27T02:54:42.850+0000] {logging_mixin.py:188} INFO - [2026-04-27T02:54:42.850+0000] {dag.py:3823} INFO - Setting next_dagrun for mlflow_model_tracking to None, run_after=None
[2026-04-27T02:54:42.874+0000] {processor.py:183} INFO - Processing /home/airflow/dags/mlflow_tracking_dag.py took 0.928 seconds
[2026-04-27T02:55:13.183+0000] {processor.py:161} INFO - Started process (PID=13261) to work on /home/airflow/dags/mlflow_tracking_dag.py
[2026-04-27T02:55:13.185+0000] {processor.py:830} INFO - Processing file /home/airflow/dags/mlflow_tracking_dag.py for tasks to queue
[2026-04-27T02:55:13.187+0000] {logging_mixin.py:188} INFO - [2026-04-27T02:55:13.186+0000] {dagbag.py:538} INFO - Filling up the DagBag from /home/airflow/dags/mlflow_tracking_dag.py
[2026-04-27T02:55:14.030+0000] {processor.py:840} INFO - DAG(s) 'mlflow_model_tracking' retrieved from /home/airflow/dags/mlflow_tracking_dag.py
[2026-04-27T02:55:14.055+0000] {logging_mixin.py:188} INFO - [2026-04-27T02:55:14.055+0000] {dag.py:3036} INFO - Sync 1 DAGs
[2026-04-27T02:55:14.067+0000] {logging_mixin.py:188} INFO - [2026-04-27T02:55:14.067+0000] {dag.py:3823} INFO - Setting next_dagrun for mlflow_model_tracking to None, run_after=None
[2026-04-27T02:55:14.090+0000] {processor.py:183} INFO - Processing /home/airflow/dags/mlflow_tracking_dag.py took 0.910 seconds
[2026-04-27T02:55:44.514+0000] {processor.py:161} INFO - Started process (PID=13306) to work on /home/airflow/dags/mlflow_tracking_dag.py
[2026-04-27T02:55:44.516+0000] {processor.py:830} INFO - Processing file /home/airflow/dags/mlflow_tracking_dag.py for tasks to queue
[2026-04-27T02:55:44.518+0000] {logging_mixin.py:188} INFO - [2026-04-27T02:55:44.517+0000] {dagbag.py:538} INFO - Filling up the DagBag from /home/airflow/dags/mlflow_tracking_dag.py
[2026-04-27T02:55:45.545+0000] {processor.py:840} INFO - DAG(s) 'mlflow_model_tracking' retrieved from /home/airflow/dags/mlflow_tracking_dag.py
[2026-04-27T02:55:45.576+0000] {logging_mixin.py:188} INFO - [2026-04-27T02:55:45.575+0000] {dag.py:3036} INFO - Sync 1 DAGs
[2026-04-27T02:55:45.587+0000] {logging_mixin.py:188} INFO - [2026-04-27T02:55:45.587+0000] {dag.py:3823} INFO - Setting next_dagrun for mlflow_model_tracking to None, run_after=None
[2026-04-27T02:55:45.612+0000] {processor.py:183} INFO - Processing /home/airflow/dags/mlflow_tracking_dag.py took 1.102 seconds
[2026-04-27T02:56:15.915+0000] {processor.py:161} INFO - Started process (PID=13351) to work on /home/airflow/dags/mlflow_tracking_dag.py
[2026-04-27T02:56:15.917+0000] {processor.py:830} INFO - Processing file /home/airflow/dags/mlflow_tracking_dag.py for tasks to queue
[2026-04-27T02:56:15.918+0000] {logging_mixin.py:188} INFO - [2026-04-27T02:56:15.917+0000] {dagbag.py:538} INFO - Filling up the DagBag from /home/airflow/dags/mlflow_tracking_dag.py
[2026-04-27T02:56:16.739+0000] {processor.py:840} INFO - DAG(s) 'mlflow_model_tracking' retrieved from /home/airflow/dags/mlflow_tracking_dag.py
[2026-04-27T02:56:16.766+0000] {logging_mixin.py:188} INFO - [2026-04-27T02:56:16.766+0000] {dag.py:3036} INFO - Sync 1 DAGs
[2026-04-27T02:56:16.776+0000] {logging_mixin.py:188} INFO - [2026-04-27T02:56:16.776+0000] {dag.py:3823} INFO - Setting next_dagrun for mlflow_model_tracking to None, run_after=None
[2026-04-27T02:56:16.805+0000] {processor.py:183} INFO - Processing /home/airflow/dags/mlflow_tracking_dag.py took 0.893 seconds
[2026-04-27T02:56:47.129+0000] {processor.py:161} INFO - Started process (PID=13396) to work on /home/airflow/dags/mlflow_tracking_dag.py
[2026-04-27T02:56:47.131+0000] {processor.py:830} INFO - Processing file /home/airflow/dags/mlflow_tracking_dag.py for tasks to queue
[2026-04-27T02:56:47.132+0000] {logging_mixin.py:188} INFO - [2026-04-27T02:56:47.131+0000] {dagbag.py:538} INFO - Filling up the DagBag from /home/airflow/dags/mlflow_tracking_dag.py
[2026-04-27T02:56:48.017+0000] {processor.py:840} INFO - DAG(s) 'mlflow_model_tracking' retrieved from /home/airflow/dags/mlflow_tracking_dag.py
[2026-04-27T02:56:48.048+0000] {logging_mixin.py:188} INFO - [2026-04-27T02:56:48.048+0000] {dag.py:3036} INFO - Sync 1 DAGs
[2026-04-27T02:56:48.060+0000] {logging_mixin.py:188} INFO - [2026-04-27T02:56:48.060+0000] {dag.py:3823} INFO - Setting next_dagrun for mlflow_model_tracking to None, run_after=None
[2026-04-27T02:56:48.090+0000] {processor.py:183} INFO - Processing /home/airflow/dags/mlflow_tracking_dag.py took 0.964 seconds
[2026-04-27T02:57:18.346+0000] {processor.py:161} INFO - Started process (PID=13441) to work on /home/airflow/dags/mlflow_tracking_dag.py
[2026-04-27T02:57:18.347+0000] {processor.py:830} INFO - Processing file /home/airflow/dags/mlflow_tracking_dag.py for tasks to queue
[2026-04-27T02:57:18.348+0000] {logging_mixin.py:188} INFO - [2026-04-27T02:57:18.348+0000] {dagbag.py:538} INFO - Filling up the DagBag from /home/airflow/dags/mlflow_tracking_dag.py
[2026-04-27T02:57:19.392+0000] {processor.py:840} INFO - DAG(s) 'mlflow_model_tracking' retrieved from /home/airflow/dags/mlflow_tracking_dag.py
[2026-04-27T02:57:19.425+0000] {logging_mixin.py:188} INFO - [2026-04-27T02:57:19.424+0000] {dag.py:3036} INFO - Sync 1 DAGs
[2026-04-27T02:57:19.440+0000] {logging_mixin.py:188} INFO - [2026-04-27T02:57:19.439+0000] {dag.py:3823} INFO - Setting next_dagrun for mlflow_model_tracking to None, run_after=None
[2026-04-27T02:57:19.466+0000] {processor.py:183} INFO - Processing /home/airflow/dags/mlflow_tracking_dag.py took 1.124 seconds
[2026-04-27T02:57:49.848+0000] {processor.py:161} INFO - Started process (PID=13486) to work on /home/airflow/dags/mlflow_tracking_dag.py
[2026-04-27T02:57:49.849+0000] {processor.py:830} INFO - Processing file /home/airflow/dags/mlflow_tracking_dag.py for tasks to queue
[2026-04-27T02:57:49.850+0000] {logging_mixin.py:188} INFO - [2026-04-27T02:57:49.850+0000] {dagbag.py:538} INFO - Filling up the DagBag from /home/airflow/dags/mlflow_tracking_dag.py
[2026-04-27T02:57:50.677+0000] {processor.py:840} INFO - DAG(s) 'mlflow_model_tracking' retrieved from /home/airflow/dags/mlflow_tracking_dag.py
[2026-04-27T02:57:50.702+0000] {logging_mixin.py:188} INFO - [2026-04-27T02:57:50.702+0000] {dag.py:3036} INFO - Sync 1 DAGs
[2026-04-27T02:57:50.714+0000] {logging_mixin.py:188} INFO - [2026-04-27T02:57:50.714+0000] {dag.py:3823} INFO - Setting next_dagrun for mlflow_model_tracking to None, run_after=None
[2026-04-27T02:57:50.737+0000] {processor.py:183} INFO - Processing /home/airflow/dags/mlflow_tracking_dag.py took 0.893 seconds
[2026-04-27T02:58:21.146+0000] {processor.py:161} INFO - Started process (PID=13531) to work on /home/airflow/dags/mlflow_tracking_dag.py
[2026-04-27T02:58:21.147+0000] {processor.py:830} INFO - Processing file /home/airflow/dags/mlflow_tracking_dag.py for tasks to queue
[2026-04-27T02:58:21.149+0000] {logging_mixin.py:188} INFO - [2026-04-27T02:58:21.148+0000] {dagbag.py:538} INFO - Filling up the DagBag from /home/airflow/dags/mlflow_tracking_dag.py
[2026-04-27T02:58:22.045+0000] {processor.py:840} INFO - DAG(s) 'mlflow_model_tracking' retrieved from /home/airflow/dags/mlflow_tracking_dag.py
[2026-04-27T02:58:22.071+0000] {logging_mixin.py:188} INFO - [2026-04-27T02:58:22.071+0000] {dag.py:3036} INFO - Sync 1 DAGs
[2026-04-27T02:58:22.082+0000] {logging_mixin.py:188} INFO - [2026-04-27T02:58:22.082+0000] {dag.py:3823} INFO - Setting next_dagrun for mlflow_model_tracking to None, run_after=None
[2026-04-27T02:58:22.105+0000] {processor.py:183} INFO - Processing /home/airflow/dags/mlflow_tracking_dag.py took 0.963 seconds
[2026-04-27T02:58:52.428+0000] {processor.py:161} INFO - Started process (PID=13576) to work on /home/airflow/dags/mlflow_tracking_dag.py
[2026-04-27T02:58:52.430+0000] {processor.py:830} INFO - Processing file /home/airflow/dags/mlflow_tracking_dag.py for tasks to queue
[2026-04-27T02:58:52.431+0000] {logging_mixin.py:188} INFO - [2026-04-27T02:58:52.430+0000] {dagbag.py:538} INFO - Filling up the DagBag from /home/airflow/dags/mlflow_tracking_dag.py
[2026-04-27T02:58:53.269+0000] {processor.py:840} INFO - DAG(s) 'mlflow_model_tracking' retrieved from /home/airflow/dags/mlflow_tracking_dag.py
[2026-04-27T02:58:53.293+0000] {logging_mixin.py:188} INFO - [2026-04-27T02:58:53.292+0000] {dag.py:3036} INFO - Sync 1 DAGs
[2026-04-27T02:58:53.303+0000] {logging_mixin.py:188} INFO - [2026-04-27T02:58:53.303+0000] {dag.py:3823} INFO - Setting next_dagrun for mlflow_model_tracking to None, run_after=None
[2026-04-27T02:58:53.329+0000] {processor.py:183} INFO - Processing /home/airflow/dags/mlflow_tracking_dag.py took 0.904 seconds
[2026-04-27T02:59:23.729+0000] {processor.py:161} INFO - Started process (PID=13621) to work on /home/airflow/dags/mlflow_tracking_dag.py
[2026-04-27T02:59:23.731+0000] {processor.py:830} INFO - Processing file /home/airflow/dags/mlflow_tracking_dag.py for tasks to queue
[2026-04-27T02:59:23.732+0000] {logging_mixin.py:188} INFO - [2026-04-27T02:59:23.732+0000] {dagbag.py:538} INFO - Filling up the DagBag from /home/airflow/dags/mlflow_tracking_dag.py
[2026-04-27T02:59:24.547+0000] {processor.py:840} INFO - DAG(s) 'mlflow_model_tracking' retrieved from /home/airflow/dags/mlflow_tracking_dag.py
[2026-04-27T02:59:24.573+0000] {logging_mixin.py:188} INFO - [2026-04-27T02:59:24.572+0000] {dag.py:3036} INFO - Sync 1 DAGs
[2026-04-27T02:59:24.584+0000] {logging_mixin.py:188} INFO - [2026-04-27T02:59:24.583+0000] {dag.py:3823} INFO - Setting next_dagrun for mlflow_model_tracking to None, run_after=None
[2026-04-27T02:59:24.608+0000] {processor.py:183} INFO - Processing /home/airflow/dags/mlflow_tracking_dag.py took 0.883 seconds
[2026-04-27T02:59:55.029+0000] {processor.py:161} INFO - Started process (PID=13666) to work on /home/airflow/dags/mlflow_tracking_dag.py
[2026-04-27T02:59:55.031+0000] {processor.py:830} INFO - Processing file /home/airflow/dags/mlflow_tracking_dag.py for tasks to queue
[2026-04-27T02:59:55.032+0000] {logging_mixin.py:188} INFO - [2026-04-27T02:59:55.032+0000] {dagbag.py:538} INFO - Filling up the DagBag from /home/airflow/dags/mlflow_tracking_dag.py
[2026-04-27T02:59:55.963+0000] {processor.py:840} INFO - DAG(s) 'mlflow_model_tracking' retrieved from /home/airflow/dags/mlflow_tracking_dag.py
[2026-04-27T02:59:55.987+0000] {logging_mixin.py:188} INFO - [2026-04-27T02:59:55.986+0000] {dag.py:3036} INFO - Sync 1 DAGs
[2026-04-27T02:59:55.996+0000] {logging_mixin.py:188} INFO - [2026-04-27T02:59:55.996+0000] {dag.py:3823} INFO - Setting next_dagrun for mlflow_model_tracking to None, run_after=None
[2026-04-27T02:59:56.017+0000] {processor.py:183} INFO - Processing /home/airflow/dags/mlflow_tracking_dag.py took 0.991 seconds
[2026-04-27T03:00:26.467+0000] {processor.py:161} INFO - Started process (PID=13711) to work on /home/airflow/dags/mlflow_tracking_dag.py
[2026-04-27T03:00:26.468+0000] {processor.py:830} INFO - Processing file /home/airflow/dags/mlflow_tracking_dag.py for tasks to queue
[2026-04-27T03:00:26.469+0000] {logging_mixin.py:188} INFO - [2026-04-27T03:00:26.469+0000] {dagbag.py:538} INFO - Filling up the DagBag from /home/airflow/dags/mlflow_tracking_dag.py
[2026-04-27T03:00:27.435+0000] {processor.py:840} INFO - DAG(s) 'mlflow_model_tracking' retrieved from /home/airflow/dags/mlflow_tracking_dag.py
[2026-04-27T03:00:27.470+0000] {logging_mixin.py:188} INFO - [2026-04-27T03:00:27.470+0000] {dag.py:3036} INFO - Sync 1 DAGs
[2026-04-27T03:00:27.482+0000] {logging_mixin.py:188} INFO - [2026-04-27T03:00:27.481+0000] {dag.py:3823} INFO - Setting next_dagrun for mlflow_model_tracking to None, run_after=None
[2026-04-27T03:00:27.509+0000] {processor.py:183} INFO - Processing /home/airflow/dags/mlflow_tracking_dag.py took 1.046 seconds
[2026-04-27T03:00:57.963+0000] {processor.py:161} INFO - Started process (PID=13756) to work on /home/airflow/dags/mlflow_tracking_dag.py
[2026-04-27T03:00:57.965+0000] {processor.py:830} INFO - Processing file /home/airflow/dags/mlflow_tracking_dag.py for tasks to queue
[2026-04-27T03:00:57.966+0000] {logging_mixin.py:188} INFO - [2026-04-27T03:00:57.965+0000] {dagbag.py:538} INFO - Filling up the DagBag from /home/airflow/dags/mlflow_tracking_dag.py
[2026-04-27T03:00:58.876+0000] {processor.py:840} INFO - DAG(s) 'mlflow_model_tracking' retrieved from /home/airflow/dags/mlflow_tracking_dag.py
[2026-04-27T03:00:58.905+0000] {logging_mixin.py:188} INFO - [2026-04-27T03:00:58.905+0000] {dag.py:3036} INFO - Sync 1 DAGs
[2026-04-27T03:00:58.915+0000] {logging_mixin.py:188} INFO - [2026-04-27T03:00:58.915+0000] {dag.py:3823} INFO - Setting next_dagrun for mlflow_model_tracking to None, run_after=None
[2026-04-27T03:00:58.937+0000] {processor.py:183} INFO - Processing /home/airflow/dags/mlflow_tracking_dag.py took 0.978 seconds
[2026-04-27T03:01:29.311+0000] {processor.py:161} INFO - Started process (PID=13801) to work on /home/airflow/dags/mlflow_tracking_dag.py
[2026-04-27T03:01:29.313+0000] {processor.py:830} INFO - Processing file /home/airflow/dags/mlflow_tracking_dag.py for tasks to queue
[2026-04-27T03:01:29.315+0000] {logging_mixin.py:188} INFO - [2026-04-27T03:01:29.314+0000] {dagbag.py:538} INFO - Filling up the DagBag from /home/airflow/dags/mlflow_tracking_dag.py
[2026-04-27T03:01:30.543+0000] {processor.py:840} INFO - DAG(s) 'mlflow_model_tracking' retrieved from /home/airflow/dags/mlflow_tracking_dag.py
[2026-04-27T03:01:30.593+0000] {logging_mixin.py:188} INFO - [2026-04-27T03:01:30.592+0000] {dag.py:3036} INFO - Sync 1 DAGs
[2026-04-27T03:01:30.631+0000] {logging_mixin.py:188} INFO - [2026-04-27T03:01:30.631+0000] {dag.py:3823} INFO - Setting next_dagrun for mlflow_model_tracking to None, run_after=None
[2026-04-27T03:01:30.664+0000] {processor.py:183} INFO - Processing /home/airflow/dags/mlflow_tracking_dag.py took 1.358 seconds
[2026-04-27T03:02:01.073+0000] {processor.py:161} INFO - Started process (PID=13846) to work on /home/airflow/dags/mlflow_tracking_dag.py
[2026-04-27T03:02:01.075+0000] {processor.py:830} INFO - Processing file /home/airflow/dags/mlflow_tracking_dag.py for tasks to queue
[2026-04-27T03:02:01.076+0000] {logging_mixin.py:188} INFO - [2026-04-27T03:02:01.076+0000] {dagbag.py:538} INFO - Filling up the DagBag from /home/airflow/dags/mlflow_tracking_dag.py
[2026-04-27T03:02:02.186+0000] {processor.py:840} INFO - DAG(s) 'mlflow_model_tracking' retrieved from /home/airflow/dags/mlflow_tracking_dag.py
[2026-04-27T03:02:02.225+0000] {logging_mixin.py:188} INFO - [2026-04-27T03:02:02.225+0000] {dag.py:3036} INFO - Sync 1 DAGs
[2026-04-27T03:02:02.241+0000] {logging_mixin.py:188} INFO - [2026-04-27T03:02:02.240+0000] {dag.py:3823} INFO - Setting next_dagrun for mlflow_model_tracking to None, run_after=None
[2026-04-27T03:02:02.272+0000] {processor.py:183} INFO - Processing /home/airflow/dags/mlflow_tracking_dag.py took 1.203 seconds
[2026-04-27T03:02:32.729+0000] {processor.py:161} INFO - Started process (PID=13891) to work on /home/airflow/dags/mlflow_tracking_dag.py
[2026-04-27T03:02:32.731+0000] {processor.py:830} INFO - Processing file /home/airflow/dags/mlflow_tracking_dag.py for tasks to queue
[2026-04-27T03:02:32.732+0000] {logging_mixin.py:188} INFO - [2026-04-27T03:02:32.732+0000] {dagbag.py:538} INFO - Filling up the DagBag from /home/airflow/dags/mlflow_tracking_dag.py
[2026-04-27T03:02:33.617+0000] {processor.py:840} INFO - DAG(s) 'mlflow_model_tracking' retrieved from /home/airflow/dags/mlflow_tracking_dag.py
[2026-04-27T03:02:33.645+0000] {logging_mixin.py:188} INFO - [2026-04-27T03:02:33.644+0000] {dag.py:3036} INFO - Sync 1 DAGs
[2026-04-27T03:02:33.657+0000] {logging_mixin.py:188} INFO - [2026-04-27T03:02:33.657+0000] {dag.py:3823} INFO - Setting next_dagrun for mlflow_model_tracking to None, run_after=None
[2026-04-27T03:02:33.682+0000] {processor.py:183} INFO - Processing /home/airflow/dags/mlflow_tracking_dag.py took 0.956 seconds
[2026-04-27T03:03:04.076+0000] {processor.py:161} INFO - Started process (PID=13936) to work on /home/airflow/dags/mlflow_tracking_dag.py
[2026-04-27T03:03:04.078+0000] {processor.py:830} INFO - Processing file /home/airflow/dags/mlflow_tracking_dag.py for tasks to queue
[2026-04-27T03:03:04.079+0000] {logging_mixin.py:188} INFO - [2026-04-27T03:03:04.079+0000] {dagbag.py:538} INFO - Filling up the DagBag from /home/airflow/dags/mlflow_tracking_dag.py
[2026-04-27T03:03:04.884+0000] {processor.py:840} INFO - DAG(s) 'mlflow_model_tracking' retrieved from /home/airflow/dags/mlflow_tracking_dag.py
[2026-04-27T03:03:04.910+0000] {logging_mixin.py:188} INFO - [2026-04-27T03:03:04.910+0000] {dag.py:3036} INFO - Sync 1 DAGs
[2026-04-27T03:03:04.922+0000] {logging_mixin.py:188} INFO - [2026-04-27T03:03:04.921+0000] {dag.py:3823} INFO - Setting next_dagrun for mlflow_model_tracking to None, run_after=None
[2026-04-27T03:03:04.946+0000] {processor.py:183} INFO - Processing /home/airflow/dags/mlflow_tracking_dag.py took 0.873 seconds
[2026-04-27T03:03:35.337+0000] {processor.py:161} INFO - Started process (PID=13981) to work on /home/airflow/dags/mlflow_tracking_dag.py
[2026-04-27T03:03:35.339+0000] {processor.py:830} INFO - Processing file /home/airflow/dags/mlflow_tracking_dag.py for tasks to queue
[2026-04-27T03:03:35.340+0000] {logging_mixin.py:188} INFO - [2026-04-27T03:03:35.340+0000] {dagbag.py:538} INFO - Filling up the DagBag from /home/airflow/dags/mlflow_tracking_dag.py
[2026-04-27T03:03:36.332+0000] {processor.py:840} INFO - DAG(s) 'mlflow_model_tracking' retrieved from /home/airflow/dags/mlflow_tracking_dag.py
[2026-04-27T03:03:36.363+0000] {logging_mixin.py:188} INFO - [2026-04-27T03:03:36.363+0000] {dag.py:3036} INFO - Sync 1 DAGs
[2026-04-27T03:03:36.378+0000] {logging_mixin.py:188} INFO - [2026-04-27T03:03:36.377+0000] {dag.py:3823} INFO - Setting next_dagrun for mlflow_model_tracking to None, run_after=None
[2026-04-27T03:03:36.405+0000] {processor.py:183} INFO - Processing /home/airflow/dags/mlflow_tracking_dag.py took 1.072 seconds
[2026-04-27T03:04:06.820+0000] {processor.py:161} INFO - Started process (PID=14026) to work on /home/airflow/dags/mlflow_tracking_dag.py
[2026-04-27T03:04:06.821+0000] {processor.py:830} INFO - Processing file /home/airflow/dags/mlflow_tracking_dag.py for tasks to queue
[2026-04-27T03:04:06.822+0000] {logging_mixin.py:188} INFO - [2026-04-27T03:04:06.822+0000] {dagbag.py:538} INFO - Filling up the DagBag from /home/airflow/dags/mlflow_tracking_dag.py
[2026-04-27T03:04:07.682+0000] {processor.py:840} INFO - DAG(s) 'mlflow_model_tracking' retrieved from /home/airflow/dags/mlflow_tracking_dag.py
[2026-04-27T03:04:07.709+0000] {logging_mixin.py:188} INFO - [2026-04-27T03:04:07.708+0000] {dag.py:3036} INFO - Sync 1 DAGs
[2026-04-27T03:04:07.722+0000] {logging_mixin.py:188} INFO - [2026-04-27T03:04:07.722+0000] {dag.py:3823} INFO - Setting next_dagrun for mlflow_model_tracking to None, run_after=None
[2026-04-27T03:04:07.753+0000] {processor.py:183} INFO - Processing /home/airflow/dags/mlflow_tracking_dag.py took 0.938 seconds
[2026-04-27T03:04:38.193+0000] {processor.py:161} INFO - Started process (PID=14071) to work on /home/airflow/dags/mlflow_tracking_dag.py
[2026-04-27T03:04:38.194+0000] {processor.py:830} INFO - Processing file /home/airflow/dags/mlflow_tracking_dag.py for tasks to queue
[2026-04-27T03:04:38.196+0000] {logging_mixin.py:188} INFO - [2026-04-27T03:04:38.195+0000] {dagbag.py:538} INFO - Filling up the DagBag from /home/airflow/dags/mlflow_tracking_dag.py
[2026-04-27T03:04:39.038+0000] {processor.py:840} INFO - DAG(s) 'mlflow_model_tracking' retrieved from /home/airflow/dags/mlflow_tracking_dag.py
[2026-04-27T03:04:39.069+0000] {logging_mixin.py:188} INFO - [2026-04-27T03:04:39.068+0000] {dag.py:3036} INFO - Sync 1 DAGs
[2026-04-27T03:04:39.084+0000] {logging_mixin.py:188} INFO - [2026-04-27T03:04:39.083+0000] {dag.py:3823} INFO - Setting next_dagrun for mlflow_model_tracking to None, run_after=None
[2026-04-27T03:04:39.117+0000] {processor.py:183} INFO - Processing /home/airflow/dags/mlflow_tracking_dag.py took 0.928 seconds
[2026-04-27T03:05:09.623+0000] {processor.py:161} INFO - Started process (PID=14116) to work on /home/airflow/dags/mlflow_tracking_dag.py
[2026-04-27T03:05:09.624+0000] {processor.py:830} INFO - Processing file /home/airflow/dags/mlflow_tracking_dag.py for tasks to queue
[2026-04-27T03:05:09.626+0000] {logging_mixin.py:188} INFO - [2026-04-27T03:05:09.625+0000] {dagbag.py:538} INFO - Filling up the DagBag from /home/airflow/dags/mlflow_tracking_dag.py
[2026-04-27T03:05:10.816+0000] {processor.py:840} INFO - DAG(s) 'mlflow_model_tracking' retrieved from /home/airflow/dags/mlflow_tracking_dag.py
[2026-04-27T03:05:10.854+0000] {logging_mixin.py:188} INFO - [2026-04-27T03:05:10.852+0000] {dag.py:3036} INFO - Sync 1 DAGs
[2026-04-27T03:05:10.870+0000] {logging_mixin.py:188} INFO - [2026-04-27T03:05:10.870+0000] {dag.py:3823} INFO - Setting next_dagrun for mlflow_model_tracking to None, run_after=None
[2026-04-27T03:05:10.913+0000] {processor.py:183} INFO - Processing /home/airflow/dags/mlflow_tracking_dag.py took 1.295 seconds
[2026-04-27T03:05:41.026+0000] {processor.py:161} INFO - Started process (PID=14161) to work on /home/airflow/dags/mlflow_tracking_dag.py
[2026-04-27T03:05:41.027+0000] {processor.py:830} INFO - Processing file /home/airflow/dags/mlflow_tracking_dag.py for tasks to queue
[2026-04-27T03:05:41.028+0000] {logging_mixin.py:188} INFO - [2026-04-27T03:05:41.027+0000] {dagbag.py:538} INFO - Filling up the DagBag from /home/airflow/dags/mlflow_tracking_dag.py
[2026-04-27T03:05:41.575+0000] {processor.py:840} INFO - DAG(s) 'mlflow_model_tracking' retrieved from /home/airflow/dags/mlflow_tracking_dag.py
[2026-04-27T03:05:41.600+0000] {logging_mixin.py:188} INFO - [2026-04-27T03:05:41.599+0000] {dag.py:3036} INFO - Sync 1 DAGs
[2026-04-27T03:05:41.609+0000] {logging_mixin.py:188} INFO - [2026-04-27T03:05:41.608+0000] {dag.py:3823} INFO - Setting next_dagrun for mlflow_model_tracking to None, run_after=None
[2026-04-27T03:05:41.641+0000] {processor.py:183} INFO - Processing /home/airflow/dags/mlflow_tracking_dag.py took 0.619 seconds
[2026-04-27T03:06:11.901+0000] {processor.py:161} INFO - Started process (PID=14206) to work on /home/airflow/dags/mlflow_tracking_dag.py
[2026-04-27T03:06:11.902+0000] {processor.py:830} INFO - Processing file /home/airflow/dags/mlflow_tracking_dag.py for tasks to queue
[2026-04-27T03:06:11.904+0000] {logging_mixin.py:188} INFO - [2026-04-27T03:06:11.903+0000] {dagbag.py:538} INFO - Filling up the DagBag from /home/airflow/dags/mlflow_tracking_dag.py
[2026-04-27T03:06:12.488+0000] {processor.py:840} INFO - DAG(s) 'mlflow_model_tracking' retrieved from /home/airflow/dags/mlflow_tracking_dag.py
[2026-04-27T03:06:12.513+0000] {logging_mixin.py:188} INFO - [2026-04-27T03:06:12.513+0000] {dag.py:3036} INFO - Sync 1 DAGs
[2026-04-27T03:06:12.523+0000] {logging_mixin.py:188} INFO - [2026-04-27T03:06:12.523+0000] {dag.py:3823} INFO - Setting next_dagrun for mlflow_model_tracking to None, run_after=None
[2026-04-27T03:06:12.547+0000] {processor.py:183} INFO - Processing /home/airflow/dags/mlflow_tracking_dag.py took 0.649 seconds
[2026-04-27T03:06:42.671+0000] {processor.py:161} INFO - Started process (PID=14251) to work on /home/airflow/dags/mlflow_tracking_dag.py
[2026-04-27T03:06:42.673+0000] {processor.py:830} INFO - Processing file /home/airflow/dags/mlflow_tracking_dag.py for tasks to queue
[2026-04-27T03:06:42.674+0000] {logging_mixin.py:188} INFO - [2026-04-27T03:06:42.673+0000] {dagbag.py:538} INFO - Filling up the DagBag from /home/airflow/dags/mlflow_tracking_dag.py
[2026-04-27T03:06:43.256+0000] {processor.py:840} INFO - DAG(s) 'mlflow_model_tracking' retrieved from /home/airflow/dags/mlflow_tracking_dag.py
[2026-04-27T03:06:43.281+0000] {logging_mixin.py:188} INFO - [2026-04-27T03:06:43.280+0000] {dag.py:3036} INFO - Sync 1 DAGs
[2026-04-27T03:06:43.292+0000] {logging_mixin.py:188} INFO - [2026-04-27T03:06:43.292+0000] {dag.py:3823} INFO - Setting next_dagrun for mlflow_model_tracking to None, run_after=None
[2026-04-27T03:06:43.449+0000] {processor.py:183} INFO - Processing /home/airflow/dags/mlflow_tracking_dag.py took 0.781 seconds
[2026-04-27T03:07:14.329+0000] {processor.py:161} INFO - Started process (PID=14296) to work on /home/airflow/dags/mlflow_tracking_dag.py
[2026-04-27T03:07:14.330+0000] {processor.py:830} INFO - Processing file /home/airflow/dags/mlflow_tracking_dag.py for tasks to queue
[2026-04-27T03:07:14.332+0000] {logging_mixin.py:188} INFO - [2026-04-27T03:07:14.331+0000] {dagbag.py:538} INFO - Filling up the DagBag from /home/airflow/dags/mlflow_tracking_dag.py
[2026-04-27T03:07:15.213+0000] {processor.py:840} INFO - DAG(s) 'mlflow_model_tracking' retrieved from /home/airflow/dags/mlflow_tracking_dag.py
[2026-04-27T03:07:15.238+0000] {logging_mixin.py:188} INFO - [2026-04-27T03:07:15.237+0000] {dag.py:3036} INFO - Sync 1 DAGs
[2026-04-27T03:07:15.249+0000] {logging_mixin.py:188} INFO - [2026-04-27T03:07:15.248+0000] {dag.py:3823} INFO - Setting next_dagrun for mlflow_model_tracking to None, run_after=None
[2026-04-27T03:07:15.275+0000] {processor.py:183} INFO - Processing /home/airflow/dags/mlflow_tracking_dag.py took 0.950 seconds
[2026-04-27T03:07:45.704+0000] {processor.py:161} INFO - Started process (PID=14341) to work on /home/airflow/dags/mlflow_tracking_dag.py
[2026-04-27T03:07:45.705+0000] {processor.py:830} INFO - Processing file /home/airflow/dags/mlflow_tracking_dag.py for tasks to queue
[2026-04-27T03:07:45.706+0000] {logging_mixin.py:188} INFO - [2026-04-27T03:07:45.706+0000] {dagbag.py:538} INFO - Filling up the DagBag from /home/airflow/dags/mlflow_tracking_dag.py
[2026-04-27T03:07:46.613+0000] {processor.py:840} INFO - DAG(s) 'mlflow_model_tracking' retrieved from /home/airflow/dags/mlflow_tracking_dag.py
[2026-04-27T03:07:46.645+0000] {logging_mixin.py:188} INFO - [2026-04-27T03:07:46.644+0000] {dag.py:3036} INFO - Sync 1 DAGs
[2026-04-27T03:07:46.657+0000] {logging_mixin.py:188} INFO - [2026-04-27T03:07:46.657+0000] {dag.py:3823} INFO - Setting next_dagrun for mlflow_model_tracking to None, run_after=None
[2026-04-27T03:07:46.684+0000] {processor.py:183} INFO - Processing /home/airflow/dags/mlflow_tracking_dag.py took 0.984 seconds
[2026-04-27T03:08:16.986+0000] {processor.py:161} INFO - Started process (PID=14386) to work on /home/airflow/dags/mlflow_tracking_dag.py
[2026-04-27T03:08:16.988+0000] {processor.py:830} INFO - Processing file /home/airflow/dags/mlflow_tracking_dag.py for tasks to queue
[2026-04-27T03:08:16.989+0000] {logging_mixin.py:188} INFO - [2026-04-27T03:08:16.989+0000] {dagbag.py:538} INFO - Filling up the DagBag from /home/airflow/dags/mlflow_tracking_dag.py
[2026-04-27T03:08:17.824+0000] {processor.py:840} INFO - DAG(s) 'mlflow_model_tracking' retrieved from /home/airflow/dags/mlflow_tracking_dag.py
[2026-04-27T03:08:17.848+0000] {logging_mixin.py:188} INFO - [2026-04-27T03:08:17.846+0000] {dag.py:3036} INFO - Sync 1 DAGs
[2026-04-27T03:08:17.857+0000] {logging_mixin.py:188} INFO - [2026-04-27T03:08:17.857+0000] {dag.py:3823} INFO - Setting next_dagrun for mlflow_model_tracking to None, run_after=None
[2026-04-27T03:08:17.880+0000] {processor.py:183} INFO - Processing /home/airflow/dags/mlflow_tracking_dag.py took 0.898 seconds
[2026-04-27T03:08:48.103+0000] {processor.py:161} INFO - Started process (PID=14431) to work on /home/airflow/dags/mlflow_tracking_dag.py
[2026-04-27T03:08:48.105+0000] {processor.py:830} INFO - Processing file /home/airflow/dags/mlflow_tracking_dag.py for tasks to queue
[2026-04-27T03:08:48.106+0000] {logging_mixin.py:188} INFO - [2026-04-27T03:08:48.105+0000] {dagbag.py:538} INFO - Filling up the DagBag from /home/airflow/dags/mlflow_tracking_dag.py
[2026-04-27T03:08:49.008+0000] {processor.py:840} INFO - DAG(s) 'mlflow_model_tracking' retrieved from /home/airflow/dags/mlflow_tracking_dag.py
[2026-04-27T03:08:49.033+0000] {logging_mixin.py:188} INFO - [2026-04-27T03:08:49.032+0000] {dag.py:3036} INFO - Sync 1 DAGs
[2026-04-27T03:08:49.042+0000] {logging_mixin.py:188} INFO - [2026-04-27T03:08:49.042+0000] {dag.py:3823} INFO - Setting next_dagrun for mlflow_model_tracking to None, run_after=None
[2026-04-27T03:08:49.066+0000] {processor.py:183} INFO - Processing /home/airflow/dags/mlflow_tracking_dag.py took 0.967 seconds
[2026-04-27T03:09:19.483+0000] {processor.py:161} INFO - Started process (PID=14476) to work on /home/airflow/dags/mlflow_tracking_dag.py
[2026-04-27T03:09:19.484+0000] {processor.py:830} INFO - Processing file /home/airflow/dags/mlflow_tracking_dag.py for tasks to queue
[2026-04-27T03:09:19.485+0000] {logging_mixin.py:188} INFO - [2026-04-27T03:09:19.485+0000] {dagbag.py:538} INFO - Filling up the DagBag from /home/airflow/dags/mlflow_tracking_dag.py
[2026-04-27T03:09:20.505+0000] {processor.py:840} INFO - DAG(s) 'mlflow_model_tracking' retrieved from /home/airflow/dags/mlflow_tracking_dag.py
[2026-04-27T03:09:20.529+0000] {logging_mixin.py:188} INFO - [2026-04-27T03:09:20.529+0000] {dag.py:3036} INFO - Sync 1 DAGs
[2026-04-27T03:09:20.540+0000] {logging_mixin.py:188} INFO - [2026-04-27T03:09:20.539+0000] {dag.py:3823} INFO - Setting next_dagrun for mlflow_model_tracking to None, run_after=None
[2026-04-27T03:09:20.563+0000] {processor.py:183} INFO - Processing /home/airflow/dags/mlflow_tracking_dag.py took 1.084 seconds
[2026-04-27T03:09:50.961+0000] {processor.py:161} INFO - Started process (PID=14521) to work on /home/airflow/dags/mlflow_tracking_dag.py
[2026-04-27T03:09:50.962+0000] {processor.py:830} INFO - Processing file /home/airflow/dags/mlflow_tracking_dag.py for tasks to queue
[2026-04-27T03:09:50.963+0000] {logging_mixin.py:188} INFO - [2026-04-27T03:09:50.963+0000] {dagbag.py:538} INFO - Filling up the DagBag from /home/airflow/dags/mlflow_tracking_dag.py
[2026-04-27T03:09:51.845+0000] {processor.py:840} INFO - DAG(s) 'mlflow_model_tracking' retrieved from /home/airflow/dags/mlflow_tracking_dag.py
[2026-04-27T03:09:51.870+0000] {logging_mixin.py:188} INFO - [2026-04-27T03:09:51.869+0000] {dag.py:3036} INFO - Sync 1 DAGs
[2026-04-27T03:09:51.889+0000] {logging_mixin.py:188} INFO - [2026-04-27T03:09:51.889+0000] {dag.py:3823} INFO - Setting next_dagrun for mlflow_model_tracking to None, run_after=None
[2026-04-27T03:09:51.936+0000] {processor.py:183} INFO - Processing /home/airflow/dags/mlflow_tracking_dag.py took 0.979 seconds
[2026-04-27T03:10:22.101+0000] {processor.py:161} INFO - Started process (PID=14566) to work on /home/airflow/dags/mlflow_tracking_dag.py
[2026-04-27T03:10:22.102+0000] {processor.py:830} INFO - Processing file /home/airflow/dags/mlflow_tracking_dag.py for tasks to queue
[2026-04-27T03:10:22.104+0000] {logging_mixin.py:188} INFO - [2026-04-27T03:10:22.103+0000] {dagbag.py:538} INFO - Filling up the DagBag from /home/airflow/dags/mlflow_tracking_dag.py
[2026-04-27T03:10:22.993+0000] {processor.py:840} INFO - DAG(s) 'mlflow_model_tracking' retrieved from /home/airflow/dags/mlflow_tracking_dag.py
[2026-04-27T03:10:23.017+0000] {logging_mixin.py:188} INFO - [2026-04-27T03:10:23.017+0000] {dag.py:3036} INFO - Sync 1 DAGs
[2026-04-27T03:10:23.028+0000] {logging_mixin.py:188} INFO - [2026-04-27T03:10:23.028+0000] {dag.py:3823} INFO - Setting next_dagrun for mlflow_model_tracking to None, run_after=None
[2026-04-27T03:10:23.051+0000] {processor.py:183} INFO - Processing /home/airflow/dags/mlflow_tracking_dag.py took 0.955 seconds
[2026-04-27T03:10:53.498+0000] {processor.py:161} INFO - Started process (PID=14611) to work on /home/airflow/dags/mlflow_tracking_dag.py
[2026-04-27T03:10:53.499+0000] {processor.py:830} INFO - Processing file /home/airflow/dags/mlflow_tracking_dag.py for tasks to queue
[2026-04-27T03:10:53.500+0000] {logging_mixin.py:188} INFO - [2026-04-27T03:10:53.500+0000] {dagbag.py:538} INFO - Filling up the DagBag from /home/airflow/dags/mlflow_tracking_dag.py
[2026-04-27T03:10:54.338+0000] {processor.py:840} INFO - DAG(s) 'mlflow_model_tracking' retrieved from /home/airflow/dags/mlflow_tracking_dag.py
[2026-04-27T03:10:54.361+0000] {logging_mixin.py:188} INFO - [2026-04-27T03:10:54.360+0000] {dag.py:3036} INFO - Sync 1 DAGs
[2026-04-27T03:10:54.371+0000] {logging_mixin.py:188} INFO - [2026-04-27T03:10:54.371+0000] {dag.py:3823} INFO - Setting next_dagrun for mlflow_model_tracking to None, run_after=None
[2026-04-27T03:10:54.393+0000] {processor.py:183} INFO - Processing /home/airflow/dags/mlflow_tracking_dag.py took 0.898 seconds
[2026-04-27T03:11:24.873+0000] {processor.py:161} INFO - Started process (PID=14656) to work on /home/airflow/dags/mlflow_tracking_dag.py
[2026-04-27T03:11:24.875+0000] {processor.py:830} INFO - Processing file /home/airflow/dags/mlflow_tracking_dag.py for tasks to queue
[2026-04-27T03:11:24.876+0000] {logging_mixin.py:188} INFO - [2026-04-27T03:11:24.876+0000] {dagbag.py:538} INFO - Filling up the DagBag from /home/airflow/dags/mlflow_tracking_dag.py
[2026-04-27T03:11:25.680+0000] {processor.py:840} INFO - DAG(s) 'mlflow_model_tracking' retrieved from /home/airflow/dags/mlflow_tracking_dag.py
[2026-04-27T03:11:25.705+0000] {logging_mixin.py:188} INFO - [2026-04-27T03:11:25.705+0000] {dag.py:3036} INFO - Sync 1 DAGs
[2026-04-27T03:11:25.716+0000] {logging_mixin.py:188} INFO - [2026-04-27T03:11:25.716+0000] {dag.py:3823} INFO - Setting next_dagrun for mlflow_model_tracking to None, run_after=None
[2026-04-27T03:11:25.740+0000] {processor.py:183} INFO - Processing /home/airflow/dags/mlflow_tracking_dag.py took 0.870 seconds
[2026-04-27T03:11:56.165+0000] {processor.py:161} INFO - Started process (PID=14701) to work on /home/airflow/dags/mlflow_tracking_dag.py
[2026-04-27T03:11:56.166+0000] {processor.py:830} INFO - Processing file /home/airflow/dags/mlflow_tracking_dag.py for tasks to queue
[2026-04-27T03:11:56.167+0000] {logging_mixin.py:188} INFO - [2026-04-27T03:11:56.167+0000] {dagbag.py:538} INFO - Filling up the DagBag from /home/airflow/dags/mlflow_tracking_dag.py
[2026-04-27T03:11:57.026+0000] {processor.py:840} INFO - DAG(s) 'mlflow_model_tracking' retrieved from /home/airflow/dags/mlflow_tracking_dag.py
[2026-04-27T03:11:57.051+0000] {logging_mixin.py:188} INFO - [2026-04-27T03:11:57.050+0000] {dag.py:3036} INFO - Sync 1 DAGs
[2026-04-27T03:11:57.061+0000] {logging_mixin.py:188} INFO - [2026-04-27T03:11:57.061+0000] {dag.py:3823} INFO - Setting next_dagrun for mlflow_model_tracking to None, run_after=None
[2026-04-27T03:11:57.083+0000] {processor.py:183} INFO - Processing /home/airflow/dags/mlflow_tracking_dag.py took 0.922 seconds
[2026-04-27T03:12:27.663+0000] {processor.py:161} INFO - Started process (PID=14746) to work on /home/airflow/dags/mlflow_tracking_dag.py
[2026-04-27T03:12:27.664+0000] {processor.py:830} INFO - Processing file /home/airflow/dags/mlflow_tracking_dag.py for tasks to queue
[2026-04-27T03:12:27.665+0000] {logging_mixin.py:188} INFO - [2026-04-27T03:12:27.665+0000] {dagbag.py:538} INFO - Filling up the DagBag from /home/airflow/dags/mlflow_tracking_dag.py
[2026-04-27T03:12:28.557+0000] {processor.py:840} INFO - DAG(s) 'mlflow_model_tracking' retrieved from /home/airflow/dags/mlflow_tracking_dag.py
[2026-04-27T03:12:28.580+0000] {logging_mixin.py:188} INFO - [2026-04-27T03:12:28.580+0000] {dag.py:3036} INFO - Sync 1 DAGs
[2026-04-27T03:12:28.590+0000] {logging_mixin.py:188} INFO - [2026-04-27T03:12:28.590+0000] {dag.py:3823} INFO - Setting next_dagrun for mlflow_model_tracking to None, run_after=None
[2026-04-27T03:12:28.613+0000] {processor.py:183} INFO - Processing /home/airflow/dags/mlflow_tracking_dag.py took 0.954 seconds
[2026-04-27T03:12:58.923+0000] {processor.py:161} INFO - Started process (PID=14791) to work on /home/airflow/dags/mlflow_tracking_dag.py
[2026-04-27T03:12:58.924+0000] {processor.py:830} INFO - Processing file /home/airflow/dags/mlflow_tracking_dag.py for tasks to queue
[2026-04-27T03:12:58.925+0000] {logging_mixin.py:188} INFO - [2026-04-27T03:12:58.925+0000] {dagbag.py:538} INFO - Filling up the DagBag from /home/airflow/dags/mlflow_tracking_dag.py
[2026-04-27T03:12:59.860+0000] {processor.py:840} INFO - DAG(s) 'mlflow_model_tracking' retrieved from /home/airflow/dags/mlflow_tracking_dag.py
[2026-04-27T03:12:59.886+0000] {logging_mixin.py:188} INFO - [2026-04-27T03:12:59.885+0000] {dag.py:3036} INFO - Sync 1 DAGs
[2026-04-27T03:12:59.896+0000] {logging_mixin.py:188} INFO - [2026-04-27T03:12:59.896+0000] {dag.py:3823} INFO - Setting next_dagrun for mlflow_model_tracking to None, run_after=None
[2026-04-27T03:12:59.923+0000] {processor.py:183} INFO - Processing /home/airflow/dags/mlflow_tracking_dag.py took 1.004 seconds
[2026-04-27T03:13:30.381+0000] {processor.py:161} INFO - Started process (PID=14836) to work on /home/airflow/dags/mlflow_tracking_dag.py
[2026-04-27T03:13:30.382+0000] {processor.py:830} INFO - Processing file /home/airflow/dags/mlflow_tracking_dag.py for tasks to queue
[2026-04-27T03:13:30.385+0000] {logging_mixin.py:188} INFO - [2026-04-27T03:13:30.385+0000] {dagbag.py:538} INFO - Filling up the DagBag from /home/airflow/dags/mlflow_tracking_dag.py
[2026-04-27T03:13:31.223+0000] {processor.py:840} INFO - DAG(s) 'mlflow_model_tracking' retrieved from /home/airflow/dags/mlflow_tracking_dag.py
[2026-04-27T03:13:31.247+0000] {logging_mixin.py:188} INFO - [2026-04-27T03:13:31.246+0000] {dag.py:3036} INFO - Sync 1 DAGs
[2026-04-27T03:13:31.256+0000] {logging_mixin.py:188} INFO - [2026-04-27T03:13:31.256+0000] {dag.py:3823} INFO - Setting next_dagrun for mlflow_model_tracking to None, run_after=None
[2026-04-27T03:13:31.280+0000] {processor.py:183} INFO - Processing /home/airflow/dags/mlflow_tracking_dag.py took 0.904 seconds
[2026-04-27T03:14:01.708+0000] {processor.py:161} INFO - Started process (PID=14881) to work on /home/airflow/dags/mlflow_tracking_dag.py
[2026-04-27T03:14:01.709+0000] {processor.py:830} INFO - Processing file /home/airflow/dags/mlflow_tracking_dag.py for tasks to queue
[2026-04-27T03:14:01.710+0000] {logging_mixin.py:188} INFO - [2026-04-27T03:14:01.709+0000] {dagbag.py:538} INFO - Filling up the DagBag from /home/airflow/dags/mlflow_tracking_dag.py
[2026-04-27T03:14:02.606+0000] {processor.py:840} INFO - DAG(s) 'mlflow_model_tracking' retrieved from /home/airflow/dags/mlflow_tracking_dag.py
[2026-04-27T03:14:02.637+0000] {logging_mixin.py:188} INFO - [2026-04-27T03:14:02.637+0000] {dag.py:3036} INFO - Sync 1 DAGs
[2026-04-27T03:14:02.651+0000] {logging_mixin.py:188} INFO - [2026-04-27T03:14:02.651+0000] {dag.py:3823} INFO - Setting next_dagrun for mlflow_model_tracking to None, run_after=None
[2026-04-27T03:14:02.679+0000] {processor.py:183} INFO - Processing /home/airflow/dags/mlflow_tracking_dag.py took 0.976 seconds
[2026-04-27T03:14:33.116+0000] {processor.py:161} INFO - Started process (PID=14926) to work on /home/airflow/dags/mlflow_tracking_dag.py
[2026-04-27T03:14:33.117+0000] {processor.py:830} INFO - Processing file /home/airflow/dags/mlflow_tracking_dag.py for tasks to queue
[2026-04-27T03:14:33.118+0000] {logging_mixin.py:188} INFO - [2026-04-27T03:14:33.118+0000] {dagbag.py:538} INFO - Filling up the DagBag from /home/airflow/dags/mlflow_tracking_dag.py
[2026-04-27T03:14:33.998+0000] {processor.py:840} INFO - DAG(s) 'mlflow_model_tracking' retrieved from /home/airflow/dags/mlflow_tracking_dag.py
[2026-04-27T03:14:34.019+0000] {logging_mixin.py:188} INFO - [2026-04-27T03:14:34.018+0000] {dag.py:3036} INFO - Sync 1 DAGs
[2026-04-27T03:14:34.032+0000] {logging_mixin.py:188} INFO - [2026-04-27T03:14:34.032+0000] {dag.py:3823} INFO - Setting next_dagrun for mlflow_model_tracking to None, run_after=None
[2026-04-27T03:14:34.054+0000] {processor.py:183} INFO - Processing /home/airflow/dags/mlflow_tracking_dag.py took 0.941 seconds
[2026-04-27T03:15:04.605+0000] {processor.py:161} INFO - Started process (PID=14971) to work on /home/airflow/dags/mlflow_tracking_dag.py
[2026-04-27T03:15:04.607+0000] {processor.py:830} INFO - Processing file /home/airflow/dags/mlflow_tracking_dag.py for tasks to queue
[2026-04-27T03:15:04.608+0000] {logging_mixin.py:188} INFO - [2026-04-27T03:15:04.607+0000] {dagbag.py:538} INFO - Filling up the DagBag from /home/airflow/dags/mlflow_tracking_dag.py
[2026-04-27T03:15:05.521+0000] {processor.py:840} INFO - DAG(s) 'mlflow_model_tracking' retrieved from /home/airflow/dags/mlflow_tracking_dag.py
[2026-04-27T03:15:05.547+0000] {logging_mixin.py:188} INFO - [2026-04-27T03:15:05.546+0000] {dag.py:3036} INFO - Sync 1 DAGs
[2026-04-27T03:15:05.558+0000] {logging_mixin.py:188} INFO - [2026-04-27T03:15:05.558+0000] {dag.py:3823} INFO - Setting next_dagrun for mlflow_model_tracking to None, run_after=None
[2026-04-27T03:15:05.610+0000] {processor.py:183} INFO - Processing /home/airflow/dags/mlflow_tracking_dag.py took 1.007 seconds
[2026-04-27T03:15:35.993+0000] {processor.py:161} INFO - Started process (PID=15016) to work on /home/airflow/dags/mlflow_tracking_dag.py
[2026-04-27T03:15:35.995+0000] {processor.py:830} INFO - Processing file /home/airflow/dags/mlflow_tracking_dag.py for tasks to queue
[2026-04-27T03:15:35.996+0000] {logging_mixin.py:188} INFO - [2026-04-27T03:15:35.996+0000] {dagbag.py:538} INFO - Filling up the DagBag from /home/airflow/dags/mlflow_tracking_dag.py
[2026-04-27T03:15:36.936+0000] {processor.py:840} INFO - DAG(s) 'mlflow_model_tracking' retrieved from /home/airflow/dags/mlflow_tracking_dag.py
[2026-04-27T03:15:36.960+0000] {logging_mixin.py:188} INFO - [2026-04-27T03:15:36.960+0000] {dag.py:3036} INFO - Sync 1 DAGs
[2026-04-27T03:15:36.970+0000] {logging_mixin.py:188} INFO - [2026-04-27T03:15:36.970+0000] {dag.py:3823} INFO - Setting next_dagrun for mlflow_model_tracking to None, run_after=None
[2026-04-27T03:15:36.993+0000] {processor.py:183} INFO - Processing /home/airflow/dags/mlflow_tracking_dag.py took 1.004 seconds
[2026-04-27T03:16:07.403+0000] {processor.py:161} INFO - Started process (PID=15061) to work on /home/airflow/dags/mlflow_tracking_dag.py
[2026-04-27T03:16:07.404+0000] {processor.py:830} INFO - Processing file /home/airflow/dags/mlflow_tracking_dag.py for tasks to queue
[2026-04-27T03:16:07.405+0000] {logging_mixin.py:188} INFO - [2026-04-27T03:16:07.405+0000] {dagbag.py:538} INFO - Filling up the DagBag from /home/airflow/dags/mlflow_tracking_dag.py
[2026-04-27T03:16:08.237+0000] {processor.py:840} INFO - DAG(s) 'mlflow_model_tracking' retrieved from /home/airflow/dags/mlflow_tracking_dag.py
[2026-04-27T03:16:08.262+0000] {logging_mixin.py:188} INFO - [2026-04-27T03:16:08.262+0000] {dag.py:3036} INFO - Sync 1 DAGs
[2026-04-27T03:16:08.274+0000] {logging_mixin.py:188} INFO - [2026-04-27T03:16:08.274+0000] {dag.py:3823} INFO - Setting next_dagrun for mlflow_model_tracking to None, run_after=None
[2026-04-27T03:16:08.304+0000] {processor.py:183} INFO - Processing /home/airflow/dags/mlflow_tracking_dag.py took 0.905 seconds
[2026-04-27T03:16:39.205+0000] {processor.py:161} INFO - Started process (PID=15106) to work on /home/airflow/dags/mlflow_tracking_dag.py
[2026-04-27T03:16:39.207+0000] {processor.py:830} INFO - Processing file /home/airflow/dags/mlflow_tracking_dag.py for tasks to queue
[2026-04-27T03:16:39.208+0000] {logging_mixin.py:188} INFO - [2026-04-27T03:16:39.207+0000] {dagbag.py:538} INFO - Filling up the DagBag from /home/airflow/dags/mlflow_tracking_dag.py
[2026-04-27T03:16:40.152+0000] {processor.py:840} INFO - DAG(s) 'mlflow_model_tracking' retrieved from /home/airflow/dags/mlflow_tracking_dag.py
[2026-04-27T03:16:40.182+0000] {logging_mixin.py:188} INFO - [2026-04-27T03:16:40.182+0000] {dag.py:3036} INFO - Sync 1 DAGs
[2026-04-27T03:16:40.199+0000] {logging_mixin.py:188} INFO - [2026-04-27T03:16:40.198+0000] {dag.py:3823} INFO - Setting next_dagrun for mlflow_model_tracking to None, run_after=None
[2026-04-27T03:16:40.231+0000] {processor.py:183} INFO - Processing /home/airflow/dags/mlflow_tracking_dag.py took 1.029 seconds
[2026-04-27T03:17:10.455+0000] {processor.py:161} INFO - Started process (PID=15151) to work on /home/airflow/dags/mlflow_tracking_dag.py
[2026-04-27T03:17:10.456+0000] {processor.py:830} INFO - Processing file /home/airflow/dags/mlflow_tracking_dag.py for tasks to queue
[2026-04-27T03:17:10.458+0000] {logging_mixin.py:188} INFO - [2026-04-27T03:17:10.457+0000] {dagbag.py:538} INFO - Filling up the DagBag from /home/airflow/dags/mlflow_tracking_dag.py
[2026-04-27T03:17:11.393+0000] {processor.py:840} INFO - DAG(s) 'mlflow_model_tracking' retrieved from /home/airflow/dags/mlflow_tracking_dag.py
[2026-04-27T03:17:11.417+0000] {logging_mixin.py:188} INFO - [2026-04-27T03:17:11.416+0000] {dag.py:3036} INFO - Sync 1 DAGs
[2026-04-27T03:17:11.427+0000] {logging_mixin.py:188} INFO - [2026-04-27T03:17:11.426+0000] {dag.py:3823} INFO - Setting next_dagrun for mlflow_model_tracking to None, run_after=None
[2026-04-27T03:17:11.451+0000] {processor.py:183} INFO - Processing /home/airflow/dags/mlflow_tracking_dag.py took 1.000 seconds
[2026-04-27T03:17:41.863+0000] {processor.py:161} INFO - Started process (PID=15196) to work on /home/airflow/dags/mlflow_tracking_dag.py
[2026-04-27T03:17:41.865+0000] {processor.py:830} INFO - Processing file /home/airflow/dags/mlflow_tracking_dag.py for tasks to queue
[2026-04-27T03:17:41.866+0000] {logging_mixin.py:188} INFO - [2026-04-27T03:17:41.866+0000] {dagbag.py:538} INFO - Filling up the DagBag from /home/airflow/dags/mlflow_tracking_dag.py
[2026-04-27T03:17:42.805+0000] {processor.py:840} INFO - DAG(s) 'mlflow_model_tracking' retrieved from /home/airflow/dags/mlflow_tracking_dag.py
[2026-04-27T03:17:42.841+0000] {logging_mixin.py:188} INFO - [2026-04-27T03:17:42.840+0000] {dag.py:3036} INFO - Sync 1 DAGs
[2026-04-27T03:17:42.852+0000] {logging_mixin.py:188} INFO - [2026-04-27T03:17:42.852+0000] {dag.py:3823} INFO - Setting next_dagrun for mlflow_model_tracking to None, run_after=None
[2026-04-27T03:17:42.872+0000] {processor.py:183} INFO - Processing /home/airflow/dags/mlflow_tracking_dag.py took 1.012 seconds
[2026-04-27T03:18:13.304+0000] {processor.py:161} INFO - Started process (PID=15241) to work on /home/airflow/dags/mlflow_tracking_dag.py
[2026-04-27T03:18:13.306+0000] {processor.py:830} INFO - Processing file /home/airflow/dags/mlflow_tracking_dag.py for tasks to queue
[2026-04-27T03:18:13.307+0000] {logging_mixin.py:188} INFO - [2026-04-27T03:18:13.306+0000] {dagbag.py:538} INFO - Filling up the DagBag from /home/airflow/dags/mlflow_tracking_dag.py
[2026-04-27T03:18:14.137+0000] {processor.py:840} INFO - DAG(s) 'mlflow_model_tracking' retrieved from /home/airflow/dags/mlflow_tracking_dag.py
[2026-04-27T03:18:14.161+0000] {logging_mixin.py:188} INFO - [2026-04-27T03:18:14.161+0000] {dag.py:3036} INFO - Sync 1 DAGs
[2026-04-27T03:18:14.172+0000] {logging_mixin.py:188} INFO - [2026-04-27T03:18:14.171+0000] {dag.py:3823} INFO - Setting next_dagrun for mlflow_model_tracking to None, run_after=None
[2026-04-27T03:18:14.200+0000] {processor.py:183} INFO - Processing /home/airflow/dags/mlflow_tracking_dag.py took 0.900 seconds
[2026-04-27T03:18:44.522+0000] {processor.py:161} INFO - Started process (PID=15286) to work on /home/airflow/dags/mlflow_tracking_dag.py
[2026-04-27T03:18:44.524+0000] {processor.py:830} INFO - Processing file /home/airflow/dags/mlflow_tracking_dag.py for tasks to queue
[2026-04-27T03:18:44.526+0000] {logging_mixin.py:188} INFO - [2026-04-27T03:18:44.525+0000] {dagbag.py:538} INFO - Filling up the DagBag from /home/airflow/dags/mlflow_tracking_dag.py
[2026-04-27T03:18:45.622+0000] {processor.py:840} INFO - DAG(s) 'mlflow_model_tracking' retrieved from /home/airflow/dags/mlflow_tracking_dag.py
[2026-04-27T03:18:45.646+0000] {logging_mixin.py:188} INFO - [2026-04-27T03:18:45.646+0000] {dag.py:3036} INFO - Sync 1 DAGs
[2026-04-27T03:18:45.657+0000] {logging_mixin.py:188} INFO - [2026-04-27T03:18:45.656+0000] {dag.py:3823} INFO - Setting next_dagrun for mlflow_model_tracking to None, run_after=None
[2026-04-27T03:18:45.680+0000] {processor.py:183} INFO - Processing /home/airflow/dags/mlflow_tracking_dag.py took 1.161 seconds
[2026-04-27T03:19:16.561+0000] {processor.py:161} INFO - Started process (PID=15331) to work on /home/airflow/dags/mlflow_tracking_dag.py
[2026-04-27T03:19:16.563+0000] {processor.py:830} INFO - Processing file /home/airflow/dags/mlflow_tracking_dag.py for tasks to queue
[2026-04-27T03:19:16.565+0000] {logging_mixin.py:188} INFO - [2026-04-27T03:19:16.564+0000] {dagbag.py:538} INFO - Filling up the DagBag from /home/airflow/dags/mlflow_tracking_dag.py
[2026-04-27T03:19:17.522+0000] {processor.py:840} INFO - DAG(s) 'mlflow_model_tracking' retrieved from /home/airflow/dags/mlflow_tracking_dag.py
[2026-04-27T03:19:17.556+0000] {logging_mixin.py:188} INFO - [2026-04-27T03:19:17.555+0000] {dag.py:3036} INFO - Sync 1 DAGs
[2026-04-27T03:19:17.571+0000] {logging_mixin.py:188} INFO - [2026-04-27T03:19:17.570+0000] {dag.py:3823} INFO - Setting next_dagrun for mlflow_model_tracking to None, run_after=None
[2026-04-27T03:19:17.598+0000] {processor.py:183} INFO - Processing /home/airflow/dags/mlflow_tracking_dag.py took 1.039 seconds
[2026-04-27T03:19:47.999+0000] {processor.py:161} INFO - Started process (PID=15376) to work on /home/airflow/dags/mlflow_tracking_dag.py
[2026-04-27T03:19:48.000+0000] {processor.py:830} INFO - Processing file /home/airflow/dags/mlflow_tracking_dag.py for tasks to queue
[2026-04-27T03:19:48.001+0000] {logging_mixin.py:188} INFO - [2026-04-27T03:19:48.001+0000] {dagbag.py:538} INFO - Filling up the DagBag from /home/airflow/dags/mlflow_tracking_dag.py
[2026-04-27T03:19:48.853+0000] {processor.py:840} INFO - DAG(s) 'mlflow_model_tracking' retrieved from /home/airflow/dags/mlflow_tracking_dag.py
[2026-04-27T03:19:48.876+0000] {logging_mixin.py:188} INFO - [2026-04-27T03:19:48.876+0000] {dag.py:3036} INFO - Sync 1 DAGs
[2026-04-27T03:19:48.886+0000] {logging_mixin.py:188} INFO - [2026-04-27T03:19:48.886+0000] {dag.py:3823} INFO - Setting next_dagrun for mlflow_model_tracking to None, run_after=None
[2026-04-27T03:19:48.907+0000] {processor.py:183} INFO - Processing /home/airflow/dags/mlflow_tracking_dag.py took 0.912 seconds
[2026-04-27T03:20:19.331+0000] {processor.py:161} INFO - Started process (PID=15421) to work on /home/airflow/dags/mlflow_tracking_dag.py
[2026-04-27T03:20:19.332+0000] {processor.py:830} INFO - Processing file /home/airflow/dags/mlflow_tracking_dag.py for tasks to queue
[2026-04-27T03:20:19.333+0000] {logging_mixin.py:188} INFO - [2026-04-27T03:20:19.333+0000] {dagbag.py:538} INFO - Filling up the DagBag from /home/airflow/dags/mlflow_tracking_dag.py
[2026-04-27T03:20:20.143+0000] {processor.py:840} INFO - DAG(s) 'mlflow_model_tracking' retrieved from /home/airflow/dags/mlflow_tracking_dag.py
[2026-04-27T03:20:20.169+0000] {logging_mixin.py:188} INFO - [2026-04-27T03:20:20.168+0000] {dag.py:3036} INFO - Sync 1 DAGs
[2026-04-27T03:20:20.181+0000] {logging_mixin.py:188} INFO - [2026-04-27T03:20:20.180+0000] {dag.py:3823} INFO - Setting next_dagrun for mlflow_model_tracking to None, run_after=None
[2026-04-27T03:20:20.206+0000] {processor.py:183} INFO - Processing /home/airflow/dags/mlflow_tracking_dag.py took 0.879 seconds
[2026-04-27T03:20:50.585+0000] {processor.py:161} INFO - Started process (PID=15466) to work on /home/airflow/dags/mlflow_tracking_dag.py
[2026-04-27T03:20:50.586+0000] {processor.py:830} INFO - Processing file /home/airflow/dags/mlflow_tracking_dag.py for tasks to queue
[2026-04-27T03:20:50.588+0000] {logging_mixin.py:188} INFO - [2026-04-27T03:20:50.587+0000] {dagbag.py:538} INFO - Filling up the DagBag from /home/airflow/dags/mlflow_tracking_dag.py
[2026-04-27T03:20:51.502+0000] {processor.py:840} INFO - DAG(s) 'mlflow_model_tracking' retrieved from /home/airflow/dags/mlflow_tracking_dag.py
[2026-04-27T03:20:51.528+0000] {logging_mixin.py:188} INFO - [2026-04-27T03:20:51.527+0000] {dag.py:3036} INFO - Sync 1 DAGs
[2026-04-27T03:20:51.539+0000] {logging_mixin.py:188} INFO - [2026-04-27T03:20:51.539+0000] {dag.py:3823} INFO - Setting next_dagrun for mlflow_model_tracking to None, run_after=None
[2026-04-27T03:20:51.561+0000] {processor.py:183} INFO - Processing /home/airflow/dags/mlflow_tracking_dag.py took 0.981 seconds
[2026-04-27T03:21:22.021+0000] {processor.py:161} INFO - Started process (PID=15511) to work on /home/airflow/dags/mlflow_tracking_dag.py
[2026-04-27T03:21:22.022+0000] {processor.py:830} INFO - Processing file /home/airflow/dags/mlflow_tracking_dag.py for tasks to queue
[2026-04-27T03:21:22.023+0000] {logging_mixin.py:188} INFO - [2026-04-27T03:21:22.023+0000] {dagbag.py:538} INFO - Filling up the DagBag from /home/airflow/dags/mlflow_tracking_dag.py
[2026-04-27T03:21:22.955+0000] {processor.py:840} INFO - DAG(s) 'mlflow_model_tracking' retrieved from /home/airflow/dags/mlflow_tracking_dag.py
[2026-04-27T03:21:22.981+0000] {logging_mixin.py:188} INFO - [2026-04-27T03:21:22.981+0000] {dag.py:3036} INFO - Sync 1 DAGs
[2026-04-27T03:21:22.993+0000] {logging_mixin.py:188} INFO - [2026-04-27T03:21:22.992+0000] {dag.py:3823} INFO - Setting next_dagrun for mlflow_model_tracking to None, run_after=None
[2026-04-27T03:21:23.016+0000] {processor.py:183} INFO - Processing /home/airflow/dags/mlflow_tracking_dag.py took 0.998 seconds
[2026-04-27T03:21:53.441+0000] {processor.py:161} INFO - Started process (PID=15556) to work on /home/airflow/dags/mlflow_tracking_dag.py
[2026-04-27T03:21:53.443+0000] {processor.py:830} INFO - Processing file /home/airflow/dags/mlflow_tracking_dag.py for tasks to queue
[2026-04-27T03:21:53.444+0000] {logging_mixin.py:188} INFO - [2026-04-27T03:21:53.443+0000] {dagbag.py:538} INFO - Filling up the DagBag from /home/airflow/dags/mlflow_tracking_dag.py
[2026-04-27T03:21:54.291+0000] {processor.py:840} INFO - DAG(s) 'mlflow_model_tracking' retrieved from /home/airflow/dags/mlflow_tracking_dag.py
[2026-04-27T03:21:54.315+0000] {logging_mixin.py:188} INFO - [2026-04-27T03:21:54.315+0000] {dag.py:3036} INFO - Sync 1 DAGs
[2026-04-27T03:21:54.325+0000] {logging_mixin.py:188} INFO - [2026-04-27T03:21:54.325+0000] {dag.py:3823} INFO - Setting next_dagrun for mlflow_model_tracking to None, run_after=None
[2026-04-27T03:21:54.346+0000] {processor.py:183} INFO - Processing /home/airflow/dags/mlflow_tracking_dag.py took 0.908 seconds
[2026-04-27T03:22:24.789+0000] {processor.py:161} INFO - Started process (PID=15601) to work on /home/airflow/dags/mlflow_tracking_dag.py
[2026-04-27T03:22:24.790+0000] {processor.py:830} INFO - Processing file /home/airflow/dags/mlflow_tracking_dag.py for tasks to queue
[2026-04-27T03:22:24.791+0000] {logging_mixin.py:188} INFO - [2026-04-27T03:22:24.791+0000] {dagbag.py:538} INFO - Filling up the DagBag from /home/airflow/dags/mlflow_tracking_dag.py
[2026-04-27T03:22:25.626+0000] {processor.py:840} INFO - DAG(s) 'mlflow_model_tracking' retrieved from /home/airflow/dags/mlflow_tracking_dag.py
[2026-04-27T03:22:25.650+0000] {logging_mixin.py:188} INFO - [2026-04-27T03:22:25.650+0000] {dag.py:3036} INFO - Sync 1 DAGs
[2026-04-27T03:22:25.660+0000] {logging_mixin.py:188} INFO - [2026-04-27T03:22:25.659+0000] {dag.py:3823} INFO - Setting next_dagrun for mlflow_model_tracking to None, run_after=None
[2026-04-27T03:22:25.686+0000] {processor.py:183} INFO - Processing /home/airflow/dags/mlflow_tracking_dag.py took 0.901 seconds
[2026-04-27T03:22:56.148+0000] {processor.py:161} INFO - Started process (PID=15646) to work on /home/airflow/dags/mlflow_tracking_dag.py
[2026-04-27T03:22:56.149+0000] {processor.py:830} INFO - Processing file /home/airflow/dags/mlflow_tracking_dag.py for tasks to queue
[2026-04-27T03:22:56.151+0000] {logging_mixin.py:188} INFO - [2026-04-27T03:22:56.151+0000] {dagbag.py:538} INFO - Filling up the DagBag from /home/airflow/dags/mlflow_tracking_dag.py
[2026-04-27T03:22:57.067+0000] {processor.py:840} INFO - DAG(s) 'mlflow_model_tracking' retrieved from /home/airflow/dags/mlflow_tracking_dag.py
[2026-04-27T03:22:57.094+0000] {logging_mixin.py:188} INFO - [2026-04-27T03:22:57.094+0000] {dag.py:3036} INFO - Sync 1 DAGs
[2026-04-27T03:22:57.105+0000] {logging_mixin.py:188} INFO - [2026-04-27T03:22:57.105+0000] {dag.py:3823} INFO - Setting next_dagrun for mlflow_model_tracking to None, run_after=None
[2026-04-27T03:22:57.124+0000] {processor.py:183} INFO - Processing /home/airflow/dags/mlflow_tracking_dag.py took 0.980 seconds
[2026-04-27T03:23:27.572+0000] {processor.py:161} INFO - Started process (PID=15691) to work on /home/airflow/dags/mlflow_tracking_dag.py
[2026-04-27T03:23:27.573+0000] {processor.py:830} INFO - Processing file /home/airflow/dags/mlflow_tracking_dag.py for tasks to queue
[2026-04-27T03:23:27.574+0000] {logging_mixin.py:188} INFO - [2026-04-27T03:23:27.574+0000] {dagbag.py:538} INFO - Filling up the DagBag from /home/airflow/dags/mlflow_tracking_dag.py
[2026-04-27T03:23:28.480+0000] {processor.py:840} INFO - DAG(s) 'mlflow_model_tracking' retrieved from /home/airflow/dags/mlflow_tracking_dag.py
[2026-04-27T03:23:28.501+0000] {logging_mixin.py:188} INFO - [2026-04-27T03:23:28.501+0000] {dag.py:3036} INFO - Sync 1 DAGs
[2026-04-27T03:23:28.510+0000] {logging_mixin.py:188} INFO - [2026-04-27T03:23:28.510+0000] {dag.py:3823} INFO - Setting next_dagrun for mlflow_model_tracking to None, run_after=None
[2026-04-27T03:23:28.534+0000] {processor.py:183} INFO - Processing /home/airflow/dags/mlflow_tracking_dag.py took 0.966 seconds
[2026-04-27T03:23:59.274+0000] {processor.py:161} INFO - Started process (PID=15736) to work on /home/airflow/dags/mlflow_tracking_dag.py
[2026-04-27T03:23:59.275+0000] {processor.py:830} INFO - Processing file /home/airflow/dags/mlflow_tracking_dag.py for tasks to queue
[2026-04-27T03:23:59.277+0000] {logging_mixin.py:188} INFO - [2026-04-27T03:23:59.276+0000] {dagbag.py:538} INFO - Filling up the DagBag from /home/airflow/dags/mlflow_tracking_dag.py
[2026-04-27T03:24:00.065+0000] {processor.py:840} INFO - DAG(s) 'mlflow_model_tracking' retrieved from /home/airflow/dags/mlflow_tracking_dag.py
[2026-04-27T03:24:00.094+0000] {logging_mixin.py:188} INFO - [2026-04-27T03:24:00.094+0000] {dag.py:3036} INFO - Sync 1 DAGs
[2026-04-27T03:24:00.286+0000] {logging_mixin.py:188} INFO - [2026-04-27T03:24:00.286+0000] {dag.py:3823} INFO - Setting next_dagrun for mlflow_model_tracking to None, run_after=None
[2026-04-27T03:24:00.312+0000] {processor.py:183} INFO - Processing /home/airflow/dags/mlflow_tracking_dag.py took 1.041 seconds
[2026-04-27T03:24:30.816+0000] {processor.py:161} INFO - Started process (PID=15781) to work on /home/airflow/dags/mlflow_tracking_dag.py
[2026-04-27T03:24:30.818+0000] {processor.py:830} INFO - Processing file /home/airflow/dags/mlflow_tracking_dag.py for tasks to queue
[2026-04-27T03:24:30.819+0000] {logging_mixin.py:188} INFO - [2026-04-27T03:24:30.819+0000] {dagbag.py:538} INFO - Filling up the DagBag from /home/airflow/dags/mlflow_tracking_dag.py
[2026-04-27T03:24:31.593+0000] {processor.py:840} INFO - DAG(s) 'mlflow_model_tracking' retrieved from /home/airflow/dags/mlflow_tracking_dag.py
[2026-04-27T03:24:31.810+0000] {logging_mixin.py:188} INFO - [2026-04-27T03:24:31.810+0000] {dag.py:3036} INFO - Sync 1 DAGs
[2026-04-27T03:24:31.820+0000] {logging_mixin.py:188} INFO - [2026-04-27T03:24:31.820+0000] {dag.py:3823} INFO - Setting next_dagrun for mlflow_model_tracking to None, run_after=None
[2026-04-27T03:24:31.845+0000] {processor.py:183} INFO - Processing /home/airflow/dags/mlflow_tracking_dag.py took 1.033 seconds
[2026-04-27T03:25:02.135+0000] {processor.py:161} INFO - Started process (PID=15826) to work on /home/airflow/dags/mlflow_tracking_dag.py
[2026-04-27T03:25:02.136+0000] {processor.py:830} INFO - Processing file /home/airflow/dags/mlflow_tracking_dag.py for tasks to queue
[2026-04-27T03:25:02.137+0000] {logging_mixin.py:188} INFO - [2026-04-27T03:25:02.137+0000] {dagbag.py:538} INFO - Filling up the DagBag from /home/airflow/dags/mlflow_tracking_dag.py
[2026-04-27T03:25:03.073+0000] {processor.py:840} INFO - DAG(s) 'mlflow_model_tracking' retrieved from /home/airflow/dags/mlflow_tracking_dag.py
[2026-04-27T03:25:03.095+0000] {logging_mixin.py:188} INFO - [2026-04-27T03:25:03.095+0000] {dag.py:3036} INFO - Sync 1 DAGs
[2026-04-27T03:25:03.104+0000] {logging_mixin.py:188} INFO - [2026-04-27T03:25:03.104+0000] {dag.py:3823} INFO - Setting next_dagrun for mlflow_model_tracking to None, run_after=None
[2026-04-27T03:25:03.128+0000] {processor.py:183} INFO - Processing /home/airflow/dags/mlflow_tracking_dag.py took 0.998 seconds
[2026-04-27T03:25:33.576+0000] {processor.py:161} INFO - Started process (PID=15871) to work on /home/airflow/dags/mlflow_tracking_dag.py
[2026-04-27T03:25:33.577+0000] {processor.py:830} INFO - Processing file /home/airflow/dags/mlflow_tracking_dag.py for tasks to queue
[2026-04-27T03:25:33.578+0000] {logging_mixin.py:188} INFO - [2026-04-27T03:25:33.578+0000] {dagbag.py:538} INFO - Filling up the DagBag from /home/airflow/dags/mlflow_tracking_dag.py
[2026-04-27T03:25:34.440+0000] {processor.py:840} INFO - DAG(s) 'mlflow_model_tracking' retrieved from /home/airflow/dags/mlflow_tracking_dag.py
[2026-04-27T03:25:34.465+0000] {logging_mixin.py:188} INFO - [2026-04-27T03:25:34.465+0000] {dag.py:3036} INFO - Sync 1 DAGs
[2026-04-27T03:25:34.475+0000] {logging_mixin.py:188} INFO - [2026-04-27T03:25:34.475+0000] {dag.py:3823} INFO - Setting next_dagrun for mlflow_model_tracking to None, run_after=None
[2026-04-27T03:25:34.502+0000] {processor.py:183} INFO - Processing /home/airflow/dags/mlflow_tracking_dag.py took 0.929 seconds
[2026-04-27T03:26:05.267+0000] {processor.py:161} INFO - Started process (PID=15916) to work on /home/airflow/dags/mlflow_tracking_dag.py
[2026-04-27T03:26:05.268+0000] {processor.py:830} INFO - Processing file /home/airflow/dags/mlflow_tracking_dag.py for tasks to queue
[2026-04-27T03:26:05.269+0000] {logging_mixin.py:188} INFO - [2026-04-27T03:26:05.269+0000] {dagbag.py:538} INFO - Filling up the DagBag from /home/airflow/dags/mlflow_tracking_dag.py
[2026-04-27T03:26:06.132+0000] {processor.py:840} INFO - DAG(s) 'mlflow_model_tracking' retrieved from /home/airflow/dags/mlflow_tracking_dag.py
[2026-04-27T03:26:06.162+0000] {logging_mixin.py:188} INFO - [2026-04-27T03:26:06.162+0000] {dag.py:3036} INFO - Sync 1 DAGs
[2026-04-27T03:26:06.175+0000] {logging_mixin.py:188} INFO - [2026-04-27T03:26:06.175+0000] {dag.py:3823} INFO - Setting next_dagrun for mlflow_model_tracking to None, run_after=None
[2026-04-27T03:26:06.203+0000] {processor.py:183} INFO - Processing /home/airflow/dags/mlflow_tracking_dag.py took 0.939 seconds
[2026-04-27T03:26:36.608+0000] {processor.py:161} INFO - Started process (PID=15961) to work on /home/airflow/dags/mlflow_tracking_dag.py
[2026-04-27T03:26:36.610+0000] {processor.py:830} INFO - Processing file /home/airflow/dags/mlflow_tracking_dag.py for tasks to queue
[2026-04-27T03:26:36.611+0000] {logging_mixin.py:188} INFO - [2026-04-27T03:26:36.611+0000] {dagbag.py:538} INFO - Filling up the DagBag from /home/airflow/dags/mlflow_tracking_dag.py
[2026-04-27T03:26:37.565+0000] {processor.py:840} INFO - DAG(s) 'mlflow_model_tracking' retrieved from /home/airflow/dags/mlflow_tracking_dag.py
[2026-04-27T03:26:37.591+0000] {logging_mixin.py:188} INFO - [2026-04-27T03:26:37.591+0000] {dag.py:3036} INFO - Sync 1 DAGs
[2026-04-27T03:26:37.601+0000] {logging_mixin.py:188} INFO - [2026-04-27T03:26:37.601+0000] {dag.py:3823} INFO - Setting next_dagrun for mlflow_model_tracking to None, run_after=None
[2026-04-27T03:26:37.625+0000] {processor.py:183} INFO - Processing /home/airflow/dags/mlflow_tracking_dag.py took 1.021 seconds
[2026-04-27T03:27:07.955+0000] {processor.py:161} INFO - Started process (PID=16006) to work on /home/airflow/dags/mlflow_tracking_dag.py
[2026-04-27T03:27:07.961+0000] {processor.py:830} INFO - Processing file /home/airflow/dags/mlflow_tracking_dag.py for tasks to queue
[2026-04-27T03:27:07.962+0000] {logging_mixin.py:188} INFO - [2026-04-27T03:27:07.962+0000] {dagbag.py:538} INFO - Filling up the DagBag from /home/airflow/dags/mlflow_tracking_dag.py
[2026-04-27T03:27:08.927+0000] {processor.py:840} INFO - DAG(s) 'mlflow_model_tracking' retrieved from /home/airflow/dags/mlflow_tracking_dag.py
[2026-04-27T03:27:08.951+0000] {logging_mixin.py:188} INFO - [2026-04-27T03:27:08.951+0000] {dag.py:3036} INFO - Sync 1 DAGs
[2026-04-27T03:27:08.963+0000] {logging_mixin.py:188} INFO - [2026-04-27T03:27:08.963+0000] {dag.py:3823} INFO - Setting next_dagrun for mlflow_model_tracking to None, run_after=None
[2026-04-27T03:27:08.988+0000] {processor.py:183} INFO - Processing /home/airflow/dags/mlflow_tracking_dag.py took 1.037 seconds
[2026-04-27T03:27:39.418+0000] {processor.py:161} INFO - Started process (PID=16051) to work on /home/airflow/dags/mlflow_tracking_dag.py
[2026-04-27T03:27:39.419+0000] {processor.py:830} INFO - Processing file /home/airflow/dags/mlflow_tracking_dag.py for tasks to queue
[2026-04-27T03:27:39.420+0000] {logging_mixin.py:188} INFO - [2026-04-27T03:27:39.420+0000] {dagbag.py:538} INFO - Filling up the DagBag from /home/airflow/dags/mlflow_tracking_dag.py
[2026-04-27T03:27:40.259+0000] {processor.py:840} INFO - DAG(s) 'mlflow_model_tracking' retrieved from /home/airflow/dags/mlflow_tracking_dag.py
[2026-04-27T03:27:40.286+0000] {logging_mixin.py:188} INFO - [2026-04-27T03:27:40.286+0000] {dag.py:3036} INFO - Sync 1 DAGs
[2026-04-27T03:27:40.297+0000] {logging_mixin.py:188} INFO - [2026-04-27T03:27:40.297+0000] {dag.py:3823} INFO - Setting next_dagrun for mlflow_model_tracking to None, run_after=None
[2026-04-27T03:27:40.320+0000] {processor.py:183} INFO - Processing /home/airflow/dags/mlflow_tracking_dag.py took 0.906 seconds
[2026-04-27T03:28:10.651+0000] {processor.py:161} INFO - Started process (PID=16096) to work on /home/airflow/dags/mlflow_tracking_dag.py
[2026-04-27T03:28:10.652+0000] {processor.py:830} INFO - Processing file /home/airflow/dags/mlflow_tracking_dag.py for tasks to queue
[2026-04-27T03:28:10.654+0000] {logging_mixin.py:188} INFO - [2026-04-27T03:28:10.653+0000] {dagbag.py:538} INFO - Filling up the DagBag from /home/airflow/dags/mlflow_tracking_dag.py
[2026-04-27T03:28:11.742+0000] {processor.py:840} INFO - DAG(s) 'mlflow_model_tracking' retrieved from /home/airflow/dags/mlflow_tracking_dag.py
[2026-04-27T03:28:11.765+0000] {logging_mixin.py:188} INFO - [2026-04-27T03:28:11.765+0000] {dag.py:3036} INFO - Sync 1 DAGs
[2026-04-27T03:28:11.773+0000] {logging_mixin.py:188} INFO - [2026-04-27T03:28:11.773+0000] {dag.py:3823} INFO - Setting next_dagrun for mlflow_model_tracking to None, run_after=None
[2026-04-27T03:28:11.796+0000] {processor.py:183} INFO - Processing /home/airflow/dags/mlflow_tracking_dag.py took 1.148 seconds
[2026-04-27T03:28:42.125+0000] {processor.py:161} INFO - Started process (PID=16141) to work on /home/airflow/dags/mlflow_tracking_dag.py
[2026-04-27T03:28:42.126+0000] {processor.py:830} INFO - Processing file /home/airflow/dags/mlflow_tracking_dag.py for tasks to queue
[2026-04-27T03:28:42.128+0000] {logging_mixin.py:188} INFO - [2026-04-27T03:28:42.127+0000] {dagbag.py:538} INFO - Filling up the DagBag from /home/airflow/dags/mlflow_tracking_dag.py
[2026-04-27T03:28:43.134+0000] {processor.py:840} INFO - DAG(s) 'mlflow_model_tracking' retrieved from /home/airflow/dags/mlflow_tracking_dag.py
[2026-04-27T03:28:43.164+0000] {logging_mixin.py:188} INFO - [2026-04-27T03:28:43.164+0000] {dag.py:3036} INFO - Sync 1 DAGs
[2026-04-27T03:28:43.178+0000] {logging_mixin.py:188} INFO - [2026-04-27T03:28:43.178+0000] {dag.py:3823} INFO - Setting next_dagrun for mlflow_model_tracking to None, run_after=None
[2026-04-27T03:28:43.202+0000] {processor.py:183} INFO - Processing /home/airflow/dags/mlflow_tracking_dag.py took 1.081 seconds
[2026-04-27T03:29:13.633+0000] {processor.py:161} INFO - Started process (PID=16186) to work on /home/airflow/dags/mlflow_tracking_dag.py
[2026-04-27T03:29:13.634+0000] {processor.py:830} INFO - Processing file /home/airflow/dags/mlflow_tracking_dag.py for tasks to queue
[2026-04-27T03:29:13.636+0000] {logging_mixin.py:188} INFO - [2026-04-27T03:29:13.635+0000] {dagbag.py:538} INFO - Filling up the DagBag from /home/airflow/dags/mlflow_tracking_dag.py
[2026-04-27T03:29:14.453+0000] {processor.py:840} INFO - DAG(s) 'mlflow_model_tracking' retrieved from /home/airflow/dags/mlflow_tracking_dag.py
[2026-04-27T03:29:14.478+0000] {logging_mixin.py:188} INFO - [2026-04-27T03:29:14.477+0000] {dag.py:3036} INFO - Sync 1 DAGs
[2026-04-27T03:29:14.488+0000] {logging_mixin.py:188} INFO - [2026-04-27T03:29:14.488+0000] {dag.py:3823} INFO - Setting next_dagrun for mlflow_model_tracking to None, run_after=None
[2026-04-27T03:29:14.511+0000] {processor.py:183} INFO - Processing /home/airflow/dags/mlflow_tracking_dag.py took 0.882 seconds
[2026-04-27T03:29:44.856+0000] {processor.py:161} INFO - Started process (PID=16231) to work on /home/airflow/dags/mlflow_tracking_dag.py
[2026-04-27T03:29:44.858+0000] {processor.py:830} INFO - Processing file /home/airflow/dags/mlflow_tracking_dag.py for tasks to queue
[2026-04-27T03:29:44.859+0000] {logging_mixin.py:188} INFO - [2026-04-27T03:29:44.858+0000] {dagbag.py:538} INFO - Filling up the DagBag from /home/airflow/dags/mlflow_tracking_dag.py
[2026-04-27T03:29:45.789+0000] {processor.py:840} INFO - DAG(s) 'mlflow_model_tracking' retrieved from /home/airflow/dags/mlflow_tracking_dag.py
[2026-04-27T03:29:45.812+0000] {logging_mixin.py:188} INFO - [2026-04-27T03:29:45.812+0000] {dag.py:3036} INFO - Sync 1 DAGs
[2026-04-27T03:29:45.824+0000] {logging_mixin.py:188} INFO - [2026-04-27T03:29:45.824+0000] {dag.py:3823} INFO - Setting next_dagrun for mlflow_model_tracking to None, run_after=None
[2026-04-27T03:29:45.848+0000] {processor.py:183} INFO - Processing /home/airflow/dags/mlflow_tracking_dag.py took 0.995 seconds
[2026-04-27T03:30:16.128+0000] {processor.py:161} INFO - Started process (PID=16276) to work on /home/airflow/dags/mlflow_tracking_dag.py
[2026-04-27T03:30:16.130+0000] {processor.py:830} INFO - Processing file /home/airflow/dags/mlflow_tracking_dag.py for tasks to queue
[2026-04-27T03:30:16.131+0000] {logging_mixin.py:188} INFO - [2026-04-27T03:30:16.130+0000] {dagbag.py:538} INFO - Filling up the DagBag from /home/airflow/dags/mlflow_tracking_dag.py
[2026-04-27T03:30:17.038+0000] {processor.py:840} INFO - DAG(s) 'mlflow_model_tracking' retrieved from /home/airflow/dags/mlflow_tracking_dag.py
[2026-04-27T03:30:17.091+0000] {logging_mixin.py:188} INFO - [2026-04-27T03:30:17.091+0000] {dag.py:3036} INFO - Sync 1 DAGs
[2026-04-27T03:30:17.113+0000] {logging_mixin.py:188} INFO - [2026-04-27T03:30:17.113+0000] {dag.py:3823} INFO - Setting next_dagrun for mlflow_model_tracking to None, run_after=None
[2026-04-27T03:30:17.153+0000] {processor.py:183} INFO - Processing /home/airflow/dags/mlflow_tracking_dag.py took 1.029 seconds
[2026-04-27T03:30:47.692+0000] {processor.py:161} INFO - Started process (PID=16321) to work on /home/airflow/dags/mlflow_tracking_dag.py
[2026-04-27T03:30:47.693+0000] {processor.py:830} INFO - Processing file /home/airflow/dags/mlflow_tracking_dag.py for tasks to queue
[2026-04-27T03:30:47.694+0000] {logging_mixin.py:188} INFO - [2026-04-27T03:30:47.693+0000] {dagbag.py:538} INFO - Filling up the DagBag from /home/airflow/dags/mlflow_tracking_dag.py
[2026-04-27T03:30:48.565+0000] {processor.py:840} INFO - DAG(s) 'mlflow_model_tracking' retrieved from /home/airflow/dags/mlflow_tracking_dag.py
[2026-04-27T03:30:48.591+0000] {logging_mixin.py:188} INFO - [2026-04-27T03:30:48.591+0000] {dag.py:3036} INFO - Sync 1 DAGs
[2026-04-27T03:30:48.601+0000] {logging_mixin.py:188} INFO - [2026-04-27T03:30:48.600+0000] {dag.py:3823} INFO - Setting next_dagrun for mlflow_model_tracking to None, run_after=None
[2026-04-27T03:30:48.621+0000] {processor.py:183} INFO - Processing /home/airflow/dags/mlflow_tracking_dag.py took 0.933 seconds
[2026-04-27T03:31:18.997+0000] {processor.py:161} INFO - Started process (PID=16366) to work on /home/airflow/dags/mlflow_tracking_dag.py
[2026-04-27T03:31:18.998+0000] {processor.py:830} INFO - Processing file /home/airflow/dags/mlflow_tracking_dag.py for tasks to queue
[2026-04-27T03:31:18.999+0000] {logging_mixin.py:188} INFO - [2026-04-27T03:31:18.999+0000] {dagbag.py:538} INFO - Filling up the DagBag from /home/airflow/dags/mlflow_tracking_dag.py
[2026-04-27T03:31:19.954+0000] {processor.py:840} INFO - DAG(s) 'mlflow_model_tracking' retrieved from /home/airflow/dags/mlflow_tracking_dag.py
[2026-04-27T03:31:19.985+0000] {logging_mixin.py:188} INFO - [2026-04-27T03:31:19.984+0000] {dag.py:3036} INFO - Sync 1 DAGs
[2026-04-27T03:31:19.997+0000] {logging_mixin.py:188} INFO - [2026-04-27T03:31:19.996+0000] {dag.py:3823} INFO - Setting next_dagrun for mlflow_model_tracking to None, run_after=None
[2026-04-27T03:31:20.023+0000] {processor.py:183} INFO - Processing /home/airflow/dags/mlflow_tracking_dag.py took 1.029 seconds
[2026-04-27T03:31:50.473+0000] {processor.py:161} INFO - Started process (PID=16411) to work on /home/airflow/dags/mlflow_tracking_dag.py
[2026-04-27T03:31:50.474+0000] {processor.py:830} INFO - Processing file /home/airflow/dags/mlflow_tracking_dag.py for tasks to queue
[2026-04-27T03:31:50.476+0000] {logging_mixin.py:188} INFO - [2026-04-27T03:31:50.476+0000] {dagbag.py:538} INFO - Filling up the DagBag from /home/airflow/dags/mlflow_tracking_dag.py
[2026-04-27T03:31:51.556+0000] {processor.py:840} INFO - DAG(s) 'mlflow_model_tracking' retrieved from /home/airflow/dags/mlflow_tracking_dag.py
[2026-04-27T03:31:51.592+0000] {logging_mixin.py:188} INFO - [2026-04-27T03:31:51.591+0000] {dag.py:3036} INFO - Sync 1 DAGs
[2026-04-27T03:31:51.608+0000] {logging_mixin.py:188} INFO - [2026-04-27T03:31:51.608+0000] {dag.py:3823} INFO - Setting next_dagrun for mlflow_model_tracking to None, run_after=None
[2026-04-27T03:31:51.640+0000] {processor.py:183} INFO - Processing /home/airflow/dags/mlflow_tracking_dag.py took 1.172 seconds
[2026-04-27T03:32:22.178+0000] {processor.py:161} INFO - Started process (PID=16456) to work on /home/airflow/dags/mlflow_tracking_dag.py
[2026-04-27T03:32:22.179+0000] {processor.py:830} INFO - Processing file /home/airflow/dags/mlflow_tracking_dag.py for tasks to queue
[2026-04-27T03:32:22.180+0000] {logging_mixin.py:188} INFO - [2026-04-27T03:32:22.180+0000] {dagbag.py:538} INFO - Filling up the DagBag from /home/airflow/dags/mlflow_tracking_dag.py
[2026-04-27T03:32:23.013+0000] {processor.py:840} INFO - DAG(s) 'mlflow_model_tracking' retrieved from /home/airflow/dags/mlflow_tracking_dag.py
[2026-04-27T03:32:23.037+0000] {logging_mixin.py:188} INFO - [2026-04-27T03:32:23.037+0000] {dag.py:3036} INFO - Sync 1 DAGs
[2026-04-27T03:32:23.047+0000] {logging_mixin.py:188} INFO - [2026-04-27T03:32:23.047+0000] {dag.py:3823} INFO - Setting next_dagrun for mlflow_model_tracking to None, run_after=None
[2026-04-27T03:32:23.079+0000] {processor.py:183} INFO - Processing /home/airflow/dags/mlflow_tracking_dag.py took 0.904 seconds
[2026-04-27T03:32:53.347+0000] {processor.py:161} INFO - Started process (PID=16501) to work on /home/airflow/dags/mlflow_tracking_dag.py
[2026-04-27T03:32:53.349+0000] {processor.py:830} INFO - Processing file /home/airflow/dags/mlflow_tracking_dag.py for tasks to queue
[2026-04-27T03:32:53.350+0000] {logging_mixin.py:188} INFO - [2026-04-27T03:32:53.350+0000] {dagbag.py:538} INFO - Filling up the DagBag from /home/airflow/dags/mlflow_tracking_dag.py
[2026-04-27T03:32:54.210+0000] {processor.py:840} INFO - DAG(s) 'mlflow_model_tracking' retrieved from /home/airflow/dags/mlflow_tracking_dag.py
[2026-04-27T03:32:54.233+0000] {logging_mixin.py:188} INFO - [2026-04-27T03:32:54.233+0000] {dag.py:3036} INFO - Sync 1 DAGs
[2026-04-27T03:32:54.243+0000] {logging_mixin.py:188} INFO - [2026-04-27T03:32:54.243+0000] {dag.py:3823} INFO - Setting next_dagrun for mlflow_model_tracking to None, run_after=None
[2026-04-27T03:32:54.269+0000] {processor.py:183} INFO - Processing /home/airflow/dags/mlflow_tracking_dag.py took 0.926 seconds
[2026-04-27T03:33:24.644+0000] {processor.py:161} INFO - Started process (PID=16546) to work on /home/airflow/dags/mlflow_tracking_dag.py
[2026-04-27T03:33:24.645+0000] {processor.py:830} INFO - Processing file /home/airflow/dags/mlflow_tracking_dag.py for tasks to queue
[2026-04-27T03:33:24.646+0000] {logging_mixin.py:188} INFO - [2026-04-27T03:33:24.646+0000] {dagbag.py:538} INFO - Filling up the DagBag from /home/airflow/dags/mlflow_tracking_dag.py
[2026-04-27T03:33:25.519+0000] {processor.py:840} INFO - DAG(s) 'mlflow_model_tracking' retrieved from /home/airflow/dags/mlflow_tracking_dag.py
[2026-04-27T03:33:25.542+0000] {logging_mixin.py:188} INFO - [2026-04-27T03:33:25.541+0000] {dag.py:3036} INFO - Sync 1 DAGs
[2026-04-27T03:33:25.554+0000] {logging_mixin.py:188} INFO - [2026-04-27T03:33:25.553+0000] {dag.py:3823} INFO - Setting next_dagrun for mlflow_model_tracking to None, run_after=None
[2026-04-27T03:33:25.573+0000] {processor.py:183} INFO - Processing /home/airflow/dags/mlflow_tracking_dag.py took 0.933 seconds
[2026-04-27T03:33:56.015+0000] {processor.py:161} INFO - Started process (PID=16591) to work on /home/airflow/dags/mlflow_tracking_dag.py
[2026-04-27T03:33:56.020+0000] {processor.py:830} INFO - Processing file /home/airflow/dags/mlflow_tracking_dag.py for tasks to queue
[2026-04-27T03:33:56.029+0000] {logging_mixin.py:188} INFO - [2026-04-27T03:33:56.026+0000] {dagbag.py:538} INFO - Filling up the DagBag from /home/airflow/dags/mlflow_tracking_dag.py
[2026-04-27T03:33:58.407+0000] {processor.py:840} INFO - DAG(s) 'mlflow_model_tracking' retrieved from /home/airflow/dags/mlflow_tracking_dag.py
[2026-04-27T03:33:58.506+0000] {logging_mixin.py:188} INFO - [2026-04-27T03:33:58.503+0000] {dag.py:3036} INFO - Sync 1 DAGs
[2026-04-27T03:33:58.546+0000] {logging_mixin.py:188} INFO - [2026-04-27T03:33:58.546+0000] {dag.py:3823} INFO - Setting next_dagrun for mlflow_model_tracking to None, run_after=None
[2026-04-27T03:33:58.596+0000] {processor.py:183} INFO - Processing /home/airflow/dags/mlflow_tracking_dag.py took 2.593 seconds
[2026-04-27T03:34:28.968+0000] {processor.py:161} INFO - Started process (PID=16636) to work on /home/airflow/dags/mlflow_tracking_dag.py
[2026-04-27T03:34:28.970+0000] {processor.py:830} INFO - Processing file /home/airflow/dags/mlflow_tracking_dag.py for tasks to queue
[2026-04-27T03:34:28.971+0000] {logging_mixin.py:188} INFO - [2026-04-27T03:34:28.971+0000] {dagbag.py:538} INFO - Filling up the DagBag from /home/airflow/dags/mlflow_tracking_dag.py
[2026-04-27T03:34:29.815+0000] {processor.py:840} INFO - DAG(s) 'mlflow_model_tracking' retrieved from /home/airflow/dags/mlflow_tracking_dag.py
[2026-04-27T03:34:29.839+0000] {logging_mixin.py:188} INFO - [2026-04-27T03:34:29.838+0000] {dag.py:3036} INFO - Sync 1 DAGs
[2026-04-27T03:34:29.871+0000] {logging_mixin.py:188} INFO - [2026-04-27T03:34:29.871+0000] {dag.py:3823} INFO - Setting next_dagrun for mlflow_model_tracking to None, run_after=None
[2026-04-27T03:34:29.910+0000] {processor.py:183} INFO - Processing /home/airflow/dags/mlflow_tracking_dag.py took 0.945 seconds
[2026-04-27T03:35:00.322+0000] {processor.py:161} INFO - Started process (PID=16681) to work on /home/airflow/dags/mlflow_tracking_dag.py
[2026-04-27T03:35:00.324+0000] {processor.py:830} INFO - Processing file /home/airflow/dags/mlflow_tracking_dag.py for tasks to queue
[2026-04-27T03:35:00.325+0000] {logging_mixin.py:188} INFO - [2026-04-27T03:35:00.324+0000] {dagbag.py:538} INFO - Filling up the DagBag from /home/airflow/dags/mlflow_tracking_dag.py
[2026-04-27T03:35:01.439+0000] {processor.py:840} INFO - DAG(s) 'mlflow_model_tracking' retrieved from /home/airflow/dags/mlflow_tracking_dag.py
[2026-04-27T03:35:01.467+0000] {logging_mixin.py:188} INFO - [2026-04-27T03:35:01.467+0000] {dag.py:3036} INFO - Sync 1 DAGs
[2026-04-27T03:35:01.480+0000] {logging_mixin.py:188} INFO - [2026-04-27T03:35:01.480+0000] {dag.py:3823} INFO - Setting next_dagrun for mlflow_model_tracking to None, run_after=None
[2026-04-27T03:35:01.506+0000] {processor.py:183} INFO - Processing /home/airflow/dags/mlflow_tracking_dag.py took 1.188 seconds
[2026-04-27T03:35:32.008+0000] {processor.py:161} INFO - Started process (PID=16726) to work on /home/airflow/dags/mlflow_tracking_dag.py
[2026-04-27T03:35:32.009+0000] {processor.py:830} INFO - Processing file /home/airflow/dags/mlflow_tracking_dag.py for tasks to queue
[2026-04-27T03:35:32.011+0000] {logging_mixin.py:188} INFO - [2026-04-27T03:35:32.010+0000] {dagbag.py:538} INFO - Filling up the DagBag from /home/airflow/dags/mlflow_tracking_dag.py
[2026-04-27T03:35:32.880+0000] {processor.py:840} INFO - DAG(s) 'mlflow_model_tracking' retrieved from /home/airflow/dags/mlflow_tracking_dag.py
[2026-04-27T03:35:32.905+0000] {logging_mixin.py:188} INFO - [2026-04-27T03:35:32.904+0000] {dag.py:3036} INFO - Sync 1 DAGs
[2026-04-27T03:35:32.913+0000] {logging_mixin.py:188} INFO - [2026-04-27T03:35:32.913+0000] {dag.py:3823} INFO - Setting next_dagrun for mlflow_model_tracking to None, run_after=None
[2026-04-27T03:35:32.937+0000] {processor.py:183} INFO - Processing /home/airflow/dags/mlflow_tracking_dag.py took 0.934 seconds
[2026-04-27T03:36:03.381+0000] {processor.py:161} INFO - Started process (PID=16771) to work on /home/airflow/dags/mlflow_tracking_dag.py
[2026-04-27T03:36:03.383+0000] {processor.py:830} INFO - Processing file /home/airflow/dags/mlflow_tracking_dag.py for tasks to queue
[2026-04-27T03:36:03.384+0000] {logging_mixin.py:188} INFO - [2026-04-27T03:36:03.384+0000] {dagbag.py:538} INFO - Filling up the DagBag from /home/airflow/dags/mlflow_tracking_dag.py
[2026-04-27T03:36:04.337+0000] {processor.py:840} INFO - DAG(s) 'mlflow_model_tracking' retrieved from /home/airflow/dags/mlflow_tracking_dag.py
[2026-04-27T03:36:04.361+0000] {logging_mixin.py:188} INFO - [2026-04-27T03:36:04.361+0000] {dag.py:3036} INFO - Sync 1 DAGs
[2026-04-27T03:36:04.372+0000] {logging_mixin.py:188} INFO - [2026-04-27T03:36:04.372+0000] {dag.py:3823} INFO - Setting next_dagrun for mlflow_model_tracking to None, run_after=None
[2026-04-27T03:36:04.398+0000] {processor.py:183} INFO - Processing /home/airflow/dags/mlflow_tracking_dag.py took 1.021 seconds
[2026-04-27T03:36:34.772+0000] {processor.py:161} INFO - Started process (PID=16816) to work on /home/airflow/dags/mlflow_tracking_dag.py
[2026-04-27T03:36:34.774+0000] {processor.py:830} INFO - Processing file /home/airflow/dags/mlflow_tracking_dag.py for tasks to queue
[2026-04-27T03:36:34.775+0000] {logging_mixin.py:188} INFO - [2026-04-27T03:36:34.774+0000] {dagbag.py:538} INFO - Filling up the DagBag from /home/airflow/dags/mlflow_tracking_dag.py
[2026-04-27T03:36:35.709+0000] {processor.py:840} INFO - DAG(s) 'mlflow_model_tracking' retrieved from /home/airflow/dags/mlflow_tracking_dag.py
[2026-04-27T03:36:35.737+0000] {logging_mixin.py:188} INFO - [2026-04-27T03:36:35.737+0000] {dag.py:3036} INFO - Sync 1 DAGs
[2026-04-27T03:36:35.767+0000] {logging_mixin.py:188} INFO - [2026-04-27T03:36:35.767+0000] {dag.py:3823} INFO - Setting next_dagrun for mlflow_model_tracking to None, run_after=None
[2026-04-27T03:36:35.810+0000] {processor.py:183} INFO - Processing /home/airflow/dags/mlflow_tracking_dag.py took 1.041 seconds
[2026-04-27T03:37:06.184+0000] {processor.py:161} INFO - Started process (PID=16861) to work on /home/airflow/dags/mlflow_tracking_dag.py
[2026-04-27T03:37:06.186+0000] {processor.py:830} INFO - Processing file /home/airflow/dags/mlflow_tracking_dag.py for tasks to queue
[2026-04-27T03:37:06.188+0000] {logging_mixin.py:188} INFO - [2026-04-27T03:37:06.187+0000] {dagbag.py:538} INFO - Filling up the DagBag from /home/airflow/dags/mlflow_tracking_dag.py
[2026-04-27T03:37:07.222+0000] {processor.py:840} INFO - DAG(s) 'mlflow_model_tracking' retrieved from /home/airflow/dags/mlflow_tracking_dag.py
[2026-04-27T03:37:07.253+0000] {logging_mixin.py:188} INFO - [2026-04-27T03:37:07.252+0000] {dag.py:3036} INFO - Sync 1 DAGs
[2026-04-27T03:37:07.267+0000] {logging_mixin.py:188} INFO - [2026-04-27T03:37:07.267+0000] {dag.py:3823} INFO - Setting next_dagrun for mlflow_model_tracking to None, run_after=None
[2026-04-27T03:37:07.297+0000] {processor.py:183} INFO - Processing /home/airflow/dags/mlflow_tracking_dag.py took 1.117 seconds
[2026-04-27T03:37:37.577+0000] {processor.py:161} INFO - Started process (PID=16906) to work on /home/airflow/dags/mlflow_tracking_dag.py
[2026-04-27T03:37:37.578+0000] {processor.py:830} INFO - Processing file /home/airflow/dags/mlflow_tracking_dag.py for tasks to queue
[2026-04-27T03:37:37.580+0000] {logging_mixin.py:188} INFO - [2026-04-27T03:37:37.579+0000] {dagbag.py:538} INFO - Filling up the DagBag from /home/airflow/dags/mlflow_tracking_dag.py
[2026-04-27T03:37:38.512+0000] {processor.py:840} INFO - DAG(s) 'mlflow_model_tracking' retrieved from /home/airflow/dags/mlflow_tracking_dag.py
[2026-04-27T03:37:38.533+0000] {logging_mixin.py:188} INFO - [2026-04-27T03:37:38.532+0000] {dag.py:3036} INFO - Sync 1 DAGs
[2026-04-27T03:37:38.542+0000] {logging_mixin.py:188} INFO - [2026-04-27T03:37:38.542+0000] {dag.py:3823} INFO - Setting next_dagrun for mlflow_model_tracking to None, run_after=None
[2026-04-27T03:37:38.567+0000] {processor.py:183} INFO - Processing /home/airflow/dags/mlflow_tracking_dag.py took 0.993 seconds
[2026-04-27T03:38:08.898+0000] {processor.py:161} INFO - Started process (PID=16951) to work on /home/airflow/dags/mlflow_tracking_dag.py
[2026-04-27T03:38:08.900+0000] {processor.py:830} INFO - Processing file /home/airflow/dags/mlflow_tracking_dag.py for tasks to queue
[2026-04-27T03:38:08.901+0000] {logging_mixin.py:188} INFO - [2026-04-27T03:38:08.901+0000] {dagbag.py:538} INFO - Filling up the DagBag from /home/airflow/dags/mlflow_tracking_dag.py
[2026-04-27T03:38:09.875+0000] {processor.py:840} INFO - DAG(s) 'mlflow_model_tracking' retrieved from /home/airflow/dags/mlflow_tracking_dag.py
[2026-04-27T03:38:09.900+0000] {logging_mixin.py:188} INFO - [2026-04-27T03:38:09.899+0000] {dag.py:3036} INFO - Sync 1 DAGs
[2026-04-27T03:38:09.915+0000] {logging_mixin.py:188} INFO - [2026-04-27T03:38:09.915+0000] {dag.py:3823} INFO - Setting next_dagrun for mlflow_model_tracking to None, run_after=None
[2026-04-27T03:38:09.940+0000] {processor.py:183} INFO - Processing /home/airflow/dags/mlflow_tracking_dag.py took 1.045 seconds
[2026-04-27T03:38:40.225+0000] {processor.py:161} INFO - Started process (PID=16996) to work on /home/airflow/dags/mlflow_tracking_dag.py
[2026-04-27T03:38:40.226+0000] {processor.py:830} INFO - Processing file /home/airflow/dags/mlflow_tracking_dag.py for tasks to queue
[2026-04-27T03:38:40.227+0000] {logging_mixin.py:188} INFO - [2026-04-27T03:38:40.227+0000] {dagbag.py:538} INFO - Filling up the DagBag from /home/airflow/dags/mlflow_tracking_dag.py
[2026-04-27T03:38:41.059+0000] {processor.py:840} INFO - DAG(s) 'mlflow_model_tracking' retrieved from /home/airflow/dags/mlflow_tracking_dag.py
[2026-04-27T03:38:41.083+0000] {logging_mixin.py:188} INFO - [2026-04-27T03:38:41.082+0000] {dag.py:3036} INFO - Sync 1 DAGs
[2026-04-27T03:38:41.092+0000] {logging_mixin.py:188} INFO - [2026-04-27T03:38:41.092+0000] {dag.py:3823} INFO - Setting next_dagrun for mlflow_model_tracking to None, run_after=None
[2026-04-27T03:38:41.111+0000] {processor.py:183} INFO - Processing /home/airflow/dags/mlflow_tracking_dag.py took 0.890 seconds
[2026-04-27T03:39:11.580+0000] {processor.py:161} INFO - Started process (PID=17041) to work on /home/airflow/dags/mlflow_tracking_dag.py
[2026-04-27T03:39:11.582+0000] {processor.py:830} INFO - Processing file /home/airflow/dags/mlflow_tracking_dag.py for tasks to queue
[2026-04-27T03:39:11.583+0000] {logging_mixin.py:188} INFO - [2026-04-27T03:39:11.583+0000] {dagbag.py:538} INFO - Filling up the DagBag from /home/airflow/dags/mlflow_tracking_dag.py
[2026-04-27T03:39:12.595+0000] {processor.py:840} INFO - DAG(s) 'mlflow_model_tracking' retrieved from /home/airflow/dags/mlflow_tracking_dag.py
[2026-04-27T03:39:12.625+0000] {logging_mixin.py:188} INFO - [2026-04-27T03:39:12.625+0000] {dag.py:3036} INFO - Sync 1 DAGs
[2026-04-27T03:39:12.637+0000] {logging_mixin.py:188} INFO - [2026-04-27T03:39:12.637+0000] {dag.py:3823} INFO - Setting next_dagrun for mlflow_model_tracking to None, run_after=None
[2026-04-27T03:39:12.662+0000] {processor.py:183} INFO - Processing /home/airflow/dags/mlflow_tracking_dag.py took 1.086 seconds
[2026-04-27T03:39:43.002+0000] {processor.py:161} INFO - Started process (PID=17086) to work on /home/airflow/dags/mlflow_tracking_dag.py
[2026-04-27T03:39:43.004+0000] {processor.py:830} INFO - Processing file /home/airflow/dags/mlflow_tracking_dag.py for tasks to queue
[2026-04-27T03:39:43.005+0000] {logging_mixin.py:188} INFO - [2026-04-27T03:39:43.004+0000] {dagbag.py:538} INFO - Filling up the DagBag from /home/airflow/dags/mlflow_tracking_dag.py
[2026-04-27T03:39:43.979+0000] {processor.py:840} INFO - DAG(s) 'mlflow_model_tracking' retrieved from /home/airflow/dags/mlflow_tracking_dag.py
[2026-04-27T03:39:44.006+0000] {logging_mixin.py:188} INFO - [2026-04-27T03:39:44.006+0000] {dag.py:3036} INFO - Sync 1 DAGs
[2026-04-27T03:39:44.019+0000] {logging_mixin.py:188} INFO - [2026-04-27T03:39:44.018+0000] {dag.py:3823} INFO - Setting next_dagrun for mlflow_model_tracking to None, run_after=None
[2026-04-27T03:39:44.043+0000] {processor.py:183} INFO - Processing /home/airflow/dags/mlflow_tracking_dag.py took 1.044 seconds
[2026-04-27T03:40:14.502+0000] {processor.py:161} INFO - Started process (PID=17131) to work on /home/airflow/dags/mlflow_tracking_dag.py
[2026-04-27T03:40:14.504+0000] {processor.py:830} INFO - Processing file /home/airflow/dags/mlflow_tracking_dag.py for tasks to queue
[2026-04-27T03:40:14.505+0000] {logging_mixin.py:188} INFO - [2026-04-27T03:40:14.504+0000] {dagbag.py:538} INFO - Filling up the DagBag from /home/airflow/dags/mlflow_tracking_dag.py
[2026-04-27T03:40:15.309+0000] {processor.py:840} INFO - DAG(s) 'mlflow_model_tracking' retrieved from /home/airflow/dags/mlflow_tracking_dag.py
[2026-04-27T03:40:15.334+0000] {logging_mixin.py:188} INFO - [2026-04-27T03:40:15.333+0000] {dag.py:3036} INFO - Sync 1 DAGs
[2026-04-27T03:40:15.345+0000] {logging_mixin.py:188} INFO - [2026-04-27T03:40:15.344+0000] {dag.py:3823} INFO - Setting next_dagrun for mlflow_model_tracking to None, run_after=None
[2026-04-27T03:40:15.369+0000] {processor.py:183} INFO - Processing /home/airflow/dags/mlflow_tracking_dag.py took 0.870 seconds
[2026-04-27T03:40:45.808+0000] {processor.py:161} INFO - Started process (PID=17176) to work on /home/airflow/dags/mlflow_tracking_dag.py
[2026-04-27T03:40:45.810+0000] {processor.py:830} INFO - Processing file /home/airflow/dags/mlflow_tracking_dag.py for tasks to queue
[2026-04-27T03:40:45.812+0000] {logging_mixin.py:188} INFO - [2026-04-27T03:40:45.811+0000] {dagbag.py:538} INFO - Filling up the DagBag from /home/airflow/dags/mlflow_tracking_dag.py
[2026-04-27T03:40:46.746+0000] {processor.py:840} INFO - DAG(s) 'mlflow_model_tracking' retrieved from /home/airflow/dags/mlflow_tracking_dag.py
[2026-04-27T03:40:46.770+0000] {logging_mixin.py:188} INFO - [2026-04-27T03:40:46.769+0000] {dag.py:3036} INFO - Sync 1 DAGs
[2026-04-27T03:40:46.780+0000] {logging_mixin.py:188} INFO - [2026-04-27T03:40:46.779+0000] {dag.py:3823} INFO - Setting next_dagrun for mlflow_model_tracking to None, run_after=None
[2026-04-27T03:40:46.800+0000] {processor.py:183} INFO - Processing /home/airflow/dags/mlflow_tracking_dag.py took 0.996 seconds
[2026-04-27T03:41:17.218+0000] {processor.py:161} INFO - Started process (PID=17221) to work on /home/airflow/dags/mlflow_tracking_dag.py
[2026-04-27T03:41:17.220+0000] {processor.py:830} INFO - Processing file /home/airflow/dags/mlflow_tracking_dag.py for tasks to queue
[2026-04-27T03:41:17.222+0000] {logging_mixin.py:188} INFO - [2026-04-27T03:41:17.221+0000] {dagbag.py:538} INFO - Filling up the DagBag from /home/airflow/dags/mlflow_tracking_dag.py
[2026-04-27T03:41:18.322+0000] {processor.py:840} INFO - DAG(s) 'mlflow_model_tracking' retrieved from /home/airflow/dags/mlflow_tracking_dag.py
[2026-04-27T03:41:18.348+0000] {logging_mixin.py:188} INFO - [2026-04-27T03:41:18.348+0000] {dag.py:3036} INFO - Sync 1 DAGs
[2026-04-27T03:41:18.359+0000] {logging_mixin.py:188} INFO - [2026-04-27T03:41:18.359+0000] {dag.py:3823} INFO - Setting next_dagrun for mlflow_model_tracking to None, run_after=None
[2026-04-27T03:41:18.385+0000] {processor.py:183} INFO - Processing /home/airflow/dags/mlflow_tracking_dag.py took 1.170 seconds
[2026-04-27T03:41:48.812+0000] {processor.py:161} INFO - Started process (PID=17266) to work on /home/airflow/dags/mlflow_tracking_dag.py
[2026-04-27T03:41:48.813+0000] {processor.py:830} INFO - Processing file /home/airflow/dags/mlflow_tracking_dag.py for tasks to queue
[2026-04-27T03:41:48.814+0000] {logging_mixin.py:188} INFO - [2026-04-27T03:41:48.814+0000] {dagbag.py:538} INFO - Filling up the DagBag from /home/airflow/dags/mlflow_tracking_dag.py
[2026-04-27T03:41:49.635+0000] {processor.py:840} INFO - DAG(s) 'mlflow_model_tracking' retrieved from /home/airflow/dags/mlflow_tracking_dag.py
[2026-04-27T03:41:49.658+0000] {logging_mixin.py:188} INFO - [2026-04-27T03:41:49.658+0000] {dag.py:3036} INFO - Sync 1 DAGs
[2026-04-27T03:41:49.669+0000] {logging_mixin.py:188} INFO - [2026-04-27T03:41:49.668+0000] {dag.py:3823} INFO - Setting next_dagrun for mlflow_model_tracking to None, run_after=None
[2026-04-27T03:41:49.703+0000] {processor.py:183} INFO - Processing /home/airflow/dags/mlflow_tracking_dag.py took 0.894 seconds
[2026-04-27T03:42:20.221+0000] {processor.py:161} INFO - Started process (PID=17311) to work on /home/airflow/dags/mlflow_tracking_dag.py
[2026-04-27T03:42:20.222+0000] {processor.py:830} INFO - Processing file /home/airflow/dags/mlflow_tracking_dag.py for tasks to queue
[2026-04-27T03:42:20.223+0000] {logging_mixin.py:188} INFO - [2026-04-27T03:42:20.223+0000] {dagbag.py:538} INFO - Filling up the DagBag from /home/airflow/dags/mlflow_tracking_dag.py
[2026-04-27T03:42:21.038+0000] {processor.py:840} INFO - DAG(s) 'mlflow_model_tracking' retrieved from /home/airflow/dags/mlflow_tracking_dag.py
[2026-04-27T03:42:21.062+0000] {logging_mixin.py:188} INFO - [2026-04-27T03:42:21.062+0000] {dag.py:3036} INFO - Sync 1 DAGs
[2026-04-27T03:42:21.072+0000] {logging_mixin.py:188} INFO - [2026-04-27T03:42:21.072+0000] {dag.py:3823} INFO - Setting next_dagrun for mlflow_model_tracking to None, run_after=None
[2026-04-27T03:42:21.097+0000] {processor.py:183} INFO - Processing /home/airflow/dags/mlflow_tracking_dag.py took 0.880 seconds
[2026-04-27T03:42:51.569+0000] {processor.py:161} INFO - Started process (PID=17356) to work on /home/airflow/dags/mlflow_tracking_dag.py
[2026-04-27T03:42:51.571+0000] {processor.py:830} INFO - Processing file /home/airflow/dags/mlflow_tracking_dag.py for tasks to queue
[2026-04-27T03:42:51.572+0000] {logging_mixin.py:188} INFO - [2026-04-27T03:42:51.571+0000] {dagbag.py:538} INFO - Filling up the DagBag from /home/airflow/dags/mlflow_tracking_dag.py
[2026-04-27T03:42:52.608+0000] {processor.py:840} INFO - DAG(s) 'mlflow_model_tracking' retrieved from /home/airflow/dags/mlflow_tracking_dag.py
[2026-04-27T03:42:52.630+0000] {logging_mixin.py:188} INFO - [2026-04-27T03:42:52.629+0000] {dag.py:3036} INFO - Sync 1 DAGs
[2026-04-27T03:42:52.641+0000] {logging_mixin.py:188} INFO - [2026-04-27T03:42:52.641+0000] {dag.py:3823} INFO - Setting next_dagrun for mlflow_model_tracking to None, run_after=None
[2026-04-27T03:42:52.670+0000] {processor.py:183} INFO - Processing /home/airflow/dags/mlflow_tracking_dag.py took 1.105 seconds
[2026-04-27T03:43:23.178+0000] {processor.py:161} INFO - Started process (PID=17401) to work on /home/airflow/dags/mlflow_tracking_dag.py
[2026-04-27T03:43:23.180+0000] {processor.py:830} INFO - Processing file /home/airflow/dags/mlflow_tracking_dag.py for tasks to queue
[2026-04-27T03:43:23.181+0000] {logging_mixin.py:188} INFO - [2026-04-27T03:43:23.181+0000] {dagbag.py:538} INFO - Filling up the DagBag from /home/airflow/dags/mlflow_tracking_dag.py
[2026-04-27T03:43:24.022+0000] {processor.py:840} INFO - DAG(s) 'mlflow_model_tracking' retrieved from /home/airflow/dags/mlflow_tracking_dag.py
[2026-04-27T03:43:24.045+0000] {logging_mixin.py:188} INFO - [2026-04-27T03:43:24.045+0000] {dag.py:3036} INFO - Sync 1 DAGs
[2026-04-27T03:43:24.056+0000] {logging_mixin.py:188} INFO - [2026-04-27T03:43:24.056+0000] {dag.py:3823} INFO - Setting next_dagrun for mlflow_model_tracking to None, run_after=None
[2026-04-27T03:43:24.079+0000] {processor.py:183} INFO - Processing /home/airflow/dags/mlflow_tracking_dag.py took 0.905 seconds
[2026-04-27T03:43:54.748+0000] {processor.py:161} INFO - Started process (PID=17446) to work on /home/airflow/dags/mlflow_tracking_dag.py
[2026-04-27T03:43:54.749+0000] {processor.py:830} INFO - Processing file /home/airflow/dags/mlflow_tracking_dag.py for tasks to queue
[2026-04-27T03:43:54.750+0000] {logging_mixin.py:188} INFO - [2026-04-27T03:43:54.750+0000] {dagbag.py:538} INFO - Filling up the DagBag from /home/airflow/dags/mlflow_tracking_dag.py
[2026-04-27T03:43:55.437+0000] {processor.py:840} INFO - DAG(s) 'mlflow_model_tracking' retrieved from /home/airflow/dags/mlflow_tracking_dag.py
[2026-04-27T03:43:55.470+0000] {logging_mixin.py:188} INFO - [2026-04-27T03:43:55.469+0000] {dag.py:3036} INFO - Sync 1 DAGs
[2026-04-27T03:43:55.636+0000] {logging_mixin.py:188} INFO - [2026-04-27T03:43:55.636+0000] {dag.py:3823} INFO - Setting next_dagrun for mlflow_model_tracking to None, run_after=None
[2026-04-27T03:43:55.660+0000] {processor.py:183} INFO - Processing /home/airflow/dags/mlflow_tracking_dag.py took 0.916 seconds
[2026-04-27T03:44:25.985+0000] {processor.py:161} INFO - Started process (PID=17491) to work on /home/airflow/dags/mlflow_tracking_dag.py
[2026-04-27T03:44:25.986+0000] {processor.py:830} INFO - Processing file /home/airflow/dags/mlflow_tracking_dag.py for tasks to queue
[2026-04-27T03:44:25.987+0000] {logging_mixin.py:188} INFO - [2026-04-27T03:44:25.987+0000] {dagbag.py:538} INFO - Filling up the DagBag from /home/airflow/dags/mlflow_tracking_dag.py
[2026-04-27T03:44:26.663+0000] {processor.py:840} INFO - DAG(s) 'mlflow_model_tracking' retrieved from /home/airflow/dags/mlflow_tracking_dag.py
[2026-04-27T03:44:26.689+0000] {logging_mixin.py:188} INFO - [2026-04-27T03:44:26.688+0000] {dag.py:3036} INFO - Sync 1 DAGs
[2026-04-27T03:44:26.699+0000] {logging_mixin.py:188} INFO - [2026-04-27T03:44:26.698+0000] {dag.py:3823} INFO - Setting next_dagrun for mlflow_model_tracking to None, run_after=None
[2026-04-27T03:44:26.722+0000] {processor.py:183} INFO - Processing /home/airflow/dags/mlflow_tracking_dag.py took 0.741 seconds
[2026-04-27T03:44:57.286+0000] {processor.py:161} INFO - Started process (PID=17536) to work on /home/airflow/dags/mlflow_tracking_dag.py
[2026-04-27T03:44:57.287+0000] {processor.py:830} INFO - Processing file /home/airflow/dags/mlflow_tracking_dag.py for tasks to queue
[2026-04-27T03:44:57.288+0000] {logging_mixin.py:188} INFO - [2026-04-27T03:44:57.288+0000] {dagbag.py:538} INFO - Filling up the DagBag from /home/airflow/dags/mlflow_tracking_dag.py
[2026-04-27T03:44:58.062+0000] {processor.py:840} INFO - DAG(s) 'mlflow_model_tracking' retrieved from /home/airflow/dags/mlflow_tracking_dag.py
[2026-04-27T03:44:58.262+0000] {logging_mixin.py:188} INFO - [2026-04-27T03:44:58.261+0000] {dag.py:3036} INFO - Sync 1 DAGs
[2026-04-27T03:44:58.271+0000] {logging_mixin.py:188} INFO - [2026-04-27T03:44:58.271+0000] {dag.py:3823} INFO - Setting next_dagrun for mlflow_model_tracking to None, run_after=None
[2026-04-27T03:44:58.296+0000] {processor.py:183} INFO - Processing /home/airflow/dags/mlflow_tracking_dag.py took 1.014 seconds
[2026-04-27T03:45:28.734+0000] {processor.py:161} INFO - Started process (PID=17581) to work on /home/airflow/dags/mlflow_tracking_dag.py
[2026-04-27T03:45:28.735+0000] {processor.py:830} INFO - Processing file /home/airflow/dags/mlflow_tracking_dag.py for tasks to queue
[2026-04-27T03:45:28.737+0000] {logging_mixin.py:188} INFO - [2026-04-27T03:45:28.736+0000] {dagbag.py:538} INFO - Filling up the DagBag from /home/airflow/dags/mlflow_tracking_dag.py
[2026-04-27T03:45:29.696+0000] {processor.py:840} INFO - DAG(s) 'mlflow_model_tracking' retrieved from /home/airflow/dags/mlflow_tracking_dag.py
[2026-04-27T03:45:29.718+0000] {logging_mixin.py:188} INFO - [2026-04-27T03:45:29.718+0000] {dag.py:3036} INFO - Sync 1 DAGs
[2026-04-27T03:45:29.728+0000] {logging_mixin.py:188} INFO - [2026-04-27T03:45:29.728+0000] {dag.py:3823} INFO - Setting next_dagrun for mlflow_model_tracking to None, run_after=None
[2026-04-27T03:45:29.751+0000] {processor.py:183} INFO - Processing /home/airflow/dags/mlflow_tracking_dag.py took 1.021 seconds
[2026-04-27T03:46:00.026+0000] {processor.py:161} INFO - Started process (PID=17626) to work on /home/airflow/dags/mlflow_tracking_dag.py
[2026-04-27T03:46:00.028+0000] {processor.py:830} INFO - Processing file /home/airflow/dags/mlflow_tracking_dag.py for tasks to queue
[2026-04-27T03:46:00.029+0000] {logging_mixin.py:188} INFO - [2026-04-27T03:46:00.029+0000] {dagbag.py:538} INFO - Filling up the DagBag from /home/airflow/dags/mlflow_tracking_dag.py
[2026-04-27T03:46:00.997+0000] {processor.py:840} INFO - DAG(s) 'mlflow_model_tracking' retrieved from /home/airflow/dags/mlflow_tracking_dag.py
[2026-04-27T03:46:01.023+0000] {logging_mixin.py:188} INFO - [2026-04-27T03:46:01.023+0000] {dag.py:3036} INFO - Sync 1 DAGs
[2026-04-27T03:46:01.034+0000] {logging_mixin.py:188} INFO - [2026-04-27T03:46:01.034+0000] {dag.py:3823} INFO - Setting next_dagrun for mlflow_model_tracking to None, run_after=None
[2026-04-27T03:46:01.058+0000] {processor.py:183} INFO - Processing /home/airflow/dags/mlflow_tracking_dag.py took 1.037 seconds
[2026-04-27T03:46:31.537+0000] {processor.py:161} INFO - Started process (PID=17671) to work on /home/airflow/dags/mlflow_tracking_dag.py
[2026-04-27T03:46:31.539+0000] {processor.py:830} INFO - Processing file /home/airflow/dags/mlflow_tracking_dag.py for tasks to queue
[2026-04-27T03:46:31.540+0000] {logging_mixin.py:188} INFO - [2026-04-27T03:46:31.540+0000] {dagbag.py:538} INFO - Filling up the DagBag from /home/airflow/dags/mlflow_tracking_dag.py
[2026-04-27T03:46:32.520+0000] {processor.py:840} INFO - DAG(s) 'mlflow_model_tracking' retrieved from /home/airflow/dags/mlflow_tracking_dag.py
[2026-04-27T03:46:32.545+0000] {logging_mixin.py:188} INFO - [2026-04-27T03:46:32.545+0000] {dag.py:3036} INFO - Sync 1 DAGs
[2026-04-27T03:46:32.555+0000] {logging_mixin.py:188} INFO - [2026-04-27T03:46:32.555+0000] {dag.py:3823} INFO - Setting next_dagrun for mlflow_model_tracking to None, run_after=None
[2026-04-27T03:46:32.581+0000] {processor.py:183} INFO - Processing /home/airflow/dags/mlflow_tracking_dag.py took 1.047 seconds
[2026-04-27T03:47:02.969+0000] {processor.py:161} INFO - Started process (PID=17716) to work on /home/airflow/dags/mlflow_tracking_dag.py
[2026-04-27T03:47:02.970+0000] {processor.py:830} INFO - Processing file /home/airflow/dags/mlflow_tracking_dag.py for tasks to queue
[2026-04-27T03:47:02.971+0000] {logging_mixin.py:188} INFO - [2026-04-27T03:47:02.971+0000] {dagbag.py:538} INFO - Filling up the DagBag from /home/airflow/dags/mlflow_tracking_dag.py
[2026-04-27T03:47:03.834+0000] {processor.py:840} INFO - DAG(s) 'mlflow_model_tracking' retrieved from /home/airflow/dags/mlflow_tracking_dag.py
[2026-04-27T03:47:03.876+0000] {logging_mixin.py:188} INFO - [2026-04-27T03:47:03.875+0000] {dag.py:3036} INFO - Sync 1 DAGs
[2026-04-27T03:47:03.899+0000] {logging_mixin.py:188} INFO - [2026-04-27T03:47:03.898+0000] {dag.py:3823} INFO - Setting next_dagrun for mlflow_model_tracking to None, run_after=None
[2026-04-27T03:47:03.929+0000] {processor.py:183} INFO - Processing /home/airflow/dags/mlflow_tracking_dag.py took 0.963 seconds
[2026-04-27T03:47:34.242+0000] {processor.py:161} INFO - Started process (PID=17761) to work on /home/airflow/dags/mlflow_tracking_dag.py
[2026-04-27T03:47:34.243+0000] {processor.py:830} INFO - Processing file /home/airflow/dags/mlflow_tracking_dag.py for tasks to queue
[2026-04-27T03:47:34.245+0000] {logging_mixin.py:188} INFO - [2026-04-27T03:47:34.244+0000] {dagbag.py:538} INFO - Filling up the DagBag from /home/airflow/dags/mlflow_tracking_dag.py
[2026-04-27T03:47:35.219+0000] {processor.py:840} INFO - DAG(s) 'mlflow_model_tracking' retrieved from /home/airflow/dags/mlflow_tracking_dag.py
[2026-04-27T03:47:35.244+0000] {logging_mixin.py:188} INFO - [2026-04-27T03:47:35.243+0000] {dag.py:3036} INFO - Sync 1 DAGs
[2026-04-27T03:47:35.257+0000] {logging_mixin.py:188} INFO - [2026-04-27T03:47:35.257+0000] {dag.py:3823} INFO - Setting next_dagrun for mlflow_model_tracking to None, run_after=None
[2026-04-27T03:47:35.279+0000] {processor.py:183} INFO - Processing /home/airflow/dags/mlflow_tracking_dag.py took 1.040 seconds
[2026-04-27T03:48:05.603+0000] {processor.py:161} INFO - Started process (PID=17806) to work on /home/airflow/dags/mlflow_tracking_dag.py
[2026-04-27T03:48:05.605+0000] {processor.py:830} INFO - Processing file /home/airflow/dags/mlflow_tracking_dag.py for tasks to queue
[2026-04-27T03:48:05.606+0000] {logging_mixin.py:188} INFO - [2026-04-27T03:48:05.606+0000] {dagbag.py:538} INFO - Filling up the DagBag from /home/airflow/dags/mlflow_tracking_dag.py
[2026-04-27T03:48:06.474+0000] {processor.py:840} INFO - DAG(s) 'mlflow_model_tracking' retrieved from /home/airflow/dags/mlflow_tracking_dag.py
[2026-04-27T03:48:06.500+0000] {logging_mixin.py:188} INFO - [2026-04-27T03:48:06.499+0000] {dag.py:3036} INFO - Sync 1 DAGs
[2026-04-27T03:48:06.510+0000] {logging_mixin.py:188} INFO - [2026-04-27T03:48:06.510+0000] {dag.py:3823} INFO - Setting next_dagrun for mlflow_model_tracking to None, run_after=None
[2026-04-27T03:48:06.536+0000] {processor.py:183} INFO - Processing /home/airflow/dags/mlflow_tracking_dag.py took 0.936 seconds
[2026-04-27T03:48:36.911+0000] {processor.py:161} INFO - Started process (PID=17851) to work on /home/airflow/dags/mlflow_tracking_dag.py
[2026-04-27T03:48:36.912+0000] {processor.py:830} INFO - Processing file /home/airflow/dags/mlflow_tracking_dag.py for tasks to queue
[2026-04-27T03:48:36.913+0000] {logging_mixin.py:188} INFO - [2026-04-27T03:48:36.913+0000] {dagbag.py:538} INFO - Filling up the DagBag from /home/airflow/dags/mlflow_tracking_dag.py
[2026-04-27T03:48:37.736+0000] {processor.py:840} INFO - DAG(s) 'mlflow_model_tracking' retrieved from /home/airflow/dags/mlflow_tracking_dag.py
[2026-04-27T03:48:37.762+0000] {logging_mixin.py:188} INFO - [2026-04-27T03:48:37.761+0000] {dag.py:3036} INFO - Sync 1 DAGs
[2026-04-27T03:48:37.778+0000] {logging_mixin.py:188} INFO - [2026-04-27T03:48:37.777+0000] {dag.py:3823} INFO - Setting next_dagrun for mlflow_model_tracking to None, run_after=None
[2026-04-27T03:48:37.802+0000] {processor.py:183} INFO - Processing /home/airflow/dags/mlflow_tracking_dag.py took 0.895 seconds
[2026-04-27T03:49:08.165+0000] {processor.py:161} INFO - Started process (PID=17896) to work on /home/airflow/dags/mlflow_tracking_dag.py
[2026-04-27T03:49:08.167+0000] {processor.py:830} INFO - Processing file /home/airflow/dags/mlflow_tracking_dag.py for tasks to queue
[2026-04-27T03:49:08.168+0000] {logging_mixin.py:188} INFO - [2026-04-27T03:49:08.168+0000] {dagbag.py:538} INFO - Filling up the DagBag from /home/airflow/dags/mlflow_tracking_dag.py
[2026-04-27T03:49:09.009+0000] {processor.py:840} INFO - DAG(s) 'mlflow_model_tracking' retrieved from /home/airflow/dags/mlflow_tracking_dag.py
[2026-04-27T03:49:09.033+0000] {logging_mixin.py:188} INFO - [2026-04-27T03:49:09.032+0000] {dag.py:3036} INFO - Sync 1 DAGs
[2026-04-27T03:49:09.043+0000] {logging_mixin.py:188} INFO - [2026-04-27T03:49:09.042+0000] {dag.py:3823} INFO - Setting next_dagrun for mlflow_model_tracking to None, run_after=None
[2026-04-27T03:49:09.065+0000] {processor.py:183} INFO - Processing /home/airflow/dags/mlflow_tracking_dag.py took 0.903 seconds
[2026-04-27T03:49:39.431+0000] {processor.py:161} INFO - Started process (PID=17941) to work on /home/airflow/dags/mlflow_tracking_dag.py
[2026-04-27T03:49:39.432+0000] {processor.py:830} INFO - Processing file /home/airflow/dags/mlflow_tracking_dag.py for tasks to queue
[2026-04-27T03:49:39.433+0000] {logging_mixin.py:188} INFO - [2026-04-27T03:49:39.433+0000] {dagbag.py:538} INFO - Filling up the DagBag from /home/airflow/dags/mlflow_tracking_dag.py
[2026-04-27T03:49:40.307+0000] {processor.py:840} INFO - DAG(s) 'mlflow_model_tracking' retrieved from /home/airflow/dags/mlflow_tracking_dag.py
[2026-04-27T03:49:40.332+0000] {logging_mixin.py:188} INFO - [2026-04-27T03:49:40.331+0000] {dag.py:3036} INFO - Sync 1 DAGs
[2026-04-27T03:49:40.342+0000] {logging_mixin.py:188} INFO - [2026-04-27T03:49:40.342+0000] {dag.py:3823} INFO - Setting next_dagrun for mlflow_model_tracking to None, run_after=None
[2026-04-27T03:49:40.364+0000] {processor.py:183} INFO - Processing /home/airflow/dags/mlflow_tracking_dag.py took 0.936 seconds
[2026-04-27T03:50:10.721+0000] {processor.py:161} INFO - Started process (PID=17986) to work on /home/airflow/dags/mlflow_tracking_dag.py
[2026-04-27T03:50:10.722+0000] {processor.py:830} INFO - Processing file /home/airflow/dags/mlflow_tracking_dag.py for tasks to queue
[2026-04-27T03:50:10.724+0000] {logging_mixin.py:188} INFO - [2026-04-27T03:50:10.723+0000] {dagbag.py:538} INFO - Filling up the DagBag from /home/airflow/dags/mlflow_tracking_dag.py
[2026-04-27T03:50:11.766+0000] {processor.py:840} INFO - DAG(s) 'mlflow_model_tracking' retrieved from /home/airflow/dags/mlflow_tracking_dag.py
[2026-04-27T03:50:11.788+0000] {logging_mixin.py:188} INFO - [2026-04-27T03:50:11.787+0000] {dag.py:3036} INFO - Sync 1 DAGs
[2026-04-27T03:50:11.797+0000] {logging_mixin.py:188} INFO - [2026-04-27T03:50:11.797+0000] {dag.py:3823} INFO - Setting next_dagrun for mlflow_model_tracking to None, run_after=None
[2026-04-27T03:50:11.819+0000] {processor.py:183} INFO - Processing /home/airflow/dags/mlflow_tracking_dag.py took 1.101 seconds
[2026-04-27T03:50:42.223+0000] {processor.py:161} INFO - Started process (PID=18031) to work on /home/airflow/dags/mlflow_tracking_dag.py
[2026-04-27T03:50:42.225+0000] {processor.py:830} INFO - Processing file /home/airflow/dags/mlflow_tracking_dag.py for tasks to queue
[2026-04-27T03:50:42.228+0000] {logging_mixin.py:188} INFO - [2026-04-27T03:50:42.228+0000] {dagbag.py:538} INFO - Filling up the DagBag from /home/airflow/dags/mlflow_tracking_dag.py
[2026-04-27T03:50:43.293+0000] {processor.py:840} INFO - DAG(s) 'mlflow_model_tracking' retrieved from /home/airflow/dags/mlflow_tracking_dag.py
[2026-04-27T03:50:43.321+0000] {logging_mixin.py:188} INFO - [2026-04-27T03:50:43.320+0000] {dag.py:3036} INFO - Sync 1 DAGs
[2026-04-27T03:50:43.332+0000] {logging_mixin.py:188} INFO - [2026-04-27T03:50:43.332+0000] {dag.py:3823} INFO - Setting next_dagrun for mlflow_model_tracking to None, run_after=None
[2026-04-27T03:50:43.354+0000] {processor.py:183} INFO - Processing /home/airflow/dags/mlflow_tracking_dag.py took 1.134 seconds
[2026-04-27T03:51:13.713+0000] {processor.py:161} INFO - Started process (PID=18076) to work on /home/airflow/dags/mlflow_tracking_dag.py
[2026-04-27T03:51:13.715+0000] {processor.py:830} INFO - Processing file /home/airflow/dags/mlflow_tracking_dag.py for tasks to queue
[2026-04-27T03:51:13.716+0000] {logging_mixin.py:188} INFO - [2026-04-27T03:51:13.716+0000] {dagbag.py:538} INFO - Filling up the DagBag from /home/airflow/dags/mlflow_tracking_dag.py
[2026-04-27T03:51:14.699+0000] {processor.py:840} INFO - DAG(s) 'mlflow_model_tracking' retrieved from /home/airflow/dags/mlflow_tracking_dag.py
[2026-04-27T03:51:14.730+0000] {logging_mixin.py:188} INFO - [2026-04-27T03:51:14.730+0000] {dag.py:3036} INFO - Sync 1 DAGs
[2026-04-27T03:51:14.741+0000] {logging_mixin.py:188} INFO - [2026-04-27T03:51:14.740+0000] {dag.py:3823} INFO - Setting next_dagrun for mlflow_model_tracking to None, run_after=None
[2026-04-27T03:51:14.766+0000] {processor.py:183} INFO - Processing /home/airflow/dags/mlflow_tracking_dag.py took 1.056 seconds
[2026-04-27T03:51:45.076+0000] {processor.py:161} INFO - Started process (PID=18121) to work on /home/airflow/dags/mlflow_tracking_dag.py
[2026-04-27T03:51:45.077+0000] {processor.py:830} INFO - Processing file /home/airflow/dags/mlflow_tracking_dag.py for tasks to queue
[2026-04-27T03:51:45.079+0000] {logging_mixin.py:188} INFO - [2026-04-27T03:51:45.078+0000] {dagbag.py:538} INFO - Filling up the DagBag from /home/airflow/dags/mlflow_tracking_dag.py
[2026-04-27T03:51:45.925+0000] {processor.py:840} INFO - DAG(s) 'mlflow_model_tracking' retrieved from /home/airflow/dags/mlflow_tracking_dag.py
[2026-04-27T03:51:45.952+0000] {logging_mixin.py:188} INFO - [2026-04-27T03:51:45.951+0000] {dag.py:3036} INFO - Sync 1 DAGs
[2026-04-27T03:51:45.961+0000] {logging_mixin.py:188} INFO - [2026-04-27T03:51:45.961+0000] {dag.py:3823} INFO - Setting next_dagrun for mlflow_model_tracking to None, run_after=None
[2026-04-27T03:51:45.985+0000] {processor.py:183} INFO - Processing /home/airflow/dags/mlflow_tracking_dag.py took 0.914 seconds
[2026-04-27T03:52:16.315+0000] {processor.py:161} INFO - Started process (PID=18166) to work on /home/airflow/dags/mlflow_tracking_dag.py
[2026-04-27T03:52:16.317+0000] {processor.py:830} INFO - Processing file /home/airflow/dags/mlflow_tracking_dag.py for tasks to queue
[2026-04-27T03:52:16.318+0000] {logging_mixin.py:188} INFO - [2026-04-27T03:52:16.317+0000] {dagbag.py:538} INFO - Filling up the DagBag from /home/airflow/dags/mlflow_tracking_dag.py
[2026-04-27T03:52:17.334+0000] {processor.py:840} INFO - DAG(s) 'mlflow_model_tracking' retrieved from /home/airflow/dags/mlflow_tracking_dag.py
[2026-04-27T03:52:17.363+0000] {logging_mixin.py:188} INFO - [2026-04-27T03:52:17.363+0000] {dag.py:3036} INFO - Sync 1 DAGs
[2026-04-27T03:52:17.374+0000] {logging_mixin.py:188} INFO - [2026-04-27T03:52:17.374+0000] {dag.py:3823} INFO - Setting next_dagrun for mlflow_model_tracking to None, run_after=None
[2026-04-27T03:52:17.398+0000] {processor.py:183} INFO - Processing /home/airflow/dags/mlflow_tracking_dag.py took 1.087 seconds
[2026-04-27T03:52:47.900+0000] {processor.py:161} INFO - Started process (PID=18211) to work on /home/airflow/dags/mlflow_tracking_dag.py
[2026-04-27T03:52:47.902+0000] {processor.py:830} INFO - Processing file /home/airflow/dags/mlflow_tracking_dag.py for tasks to queue
[2026-04-27T03:52:47.903+0000] {logging_mixin.py:188} INFO - [2026-04-27T03:52:47.903+0000] {dagbag.py:538} INFO - Filling up the DagBag from /home/airflow/dags/mlflow_tracking_dag.py
[2026-04-27T03:52:48.818+0000] {processor.py:840} INFO - DAG(s) 'mlflow_model_tracking' retrieved from /home/airflow/dags/mlflow_tracking_dag.py
[2026-04-27T03:52:48.842+0000] {logging_mixin.py:188} INFO - [2026-04-27T03:52:48.842+0000] {dag.py:3036} INFO - Sync 1 DAGs
[2026-04-27T03:52:48.853+0000] {logging_mixin.py:188} INFO - [2026-04-27T03:52:48.853+0000] {dag.py:3823} INFO - Setting next_dagrun for mlflow_model_tracking to None, run_after=None
[2026-04-27T03:52:48.878+0000] {processor.py:183} INFO - Processing /home/airflow/dags/mlflow_tracking_dag.py took 0.982 seconds
[2026-04-27T03:53:19.287+0000] {processor.py:161} INFO - Started process (PID=18256) to work on /home/airflow/dags/mlflow_tracking_dag.py
[2026-04-27T03:53:19.289+0000] {processor.py:830} INFO - Processing file /home/airflow/dags/mlflow_tracking_dag.py for tasks to queue
[2026-04-27T03:53:19.290+0000] {logging_mixin.py:188} INFO - [2026-04-27T03:53:19.290+0000] {dagbag.py:538} INFO - Filling up the DagBag from /home/airflow/dags/mlflow_tracking_dag.py
[2026-04-27T03:53:20.281+0000] {processor.py:840} INFO - DAG(s) 'mlflow_model_tracking' retrieved from /home/airflow/dags/mlflow_tracking_dag.py
[2026-04-27T03:53:20.314+0000] {logging_mixin.py:188} INFO - [2026-04-27T03:53:20.314+0000] {dag.py:3036} INFO - Sync 1 DAGs
[2026-04-27T03:53:20.325+0000] {logging_mixin.py:188} INFO - [2026-04-27T03:53:20.325+0000] {dag.py:3823} INFO - Setting next_dagrun for mlflow_model_tracking to None, run_after=None
[2026-04-27T03:53:20.347+0000] {processor.py:183} INFO - Processing /home/airflow/dags/mlflow_tracking_dag.py took 1.064 seconds
[2026-04-27T03:53:50.716+0000] {processor.py:161} INFO - Started process (PID=18301) to work on /home/airflow/dags/mlflow_tracking_dag.py
[2026-04-27T03:53:50.718+0000] {processor.py:830} INFO - Processing file /home/airflow/dags/mlflow_tracking_dag.py for tasks to queue
[2026-04-27T03:53:50.719+0000] {logging_mixin.py:188} INFO - [2026-04-27T03:53:50.718+0000] {dagbag.py:538} INFO - Filling up the DagBag from /home/airflow/dags/mlflow_tracking_dag.py
[2026-04-27T03:53:51.672+0000] {processor.py:840} INFO - DAG(s) 'mlflow_model_tracking' retrieved from /home/airflow/dags/mlflow_tracking_dag.py
[2026-04-27T03:53:51.696+0000] {logging_mixin.py:188} INFO - [2026-04-27T03:53:51.696+0000] {dag.py:3036} INFO - Sync 1 DAGs
[2026-04-27T03:53:51.706+0000] {logging_mixin.py:188} INFO - [2026-04-27T03:53:51.706+0000] {dag.py:3823} INFO - Setting next_dagrun for mlflow_model_tracking to None, run_after=None
[2026-04-27T03:53:51.729+0000] {processor.py:183} INFO - Processing /home/airflow/dags/mlflow_tracking_dag.py took 1.016 seconds
[2026-04-27T03:54:22.174+0000] {processor.py:161} INFO - Started process (PID=18346) to work on /home/airflow/dags/mlflow_tracking_dag.py
[2026-04-27T03:54:22.176+0000] {processor.py:830} INFO - Processing file /home/airflow/dags/mlflow_tracking_dag.py for tasks to queue
[2026-04-27T03:54:22.177+0000] {logging_mixin.py:188} INFO - [2026-04-27T03:54:22.177+0000] {dagbag.py:538} INFO - Filling up the DagBag from /home/airflow/dags/mlflow_tracking_dag.py
[2026-04-27T03:54:23.144+0000] {processor.py:840} INFO - DAG(s) 'mlflow_model_tracking' retrieved from /home/airflow/dags/mlflow_tracking_dag.py
[2026-04-27T03:54:23.168+0000] {logging_mixin.py:188} INFO - [2026-04-27T03:54:23.168+0000] {dag.py:3036} INFO - Sync 1 DAGs
[2026-04-27T03:54:23.178+0000] {logging_mixin.py:188} INFO - [2026-04-27T03:54:23.178+0000] {dag.py:3823} INFO - Setting next_dagrun for mlflow_model_tracking to None, run_after=None
[2026-04-27T03:54:23.199+0000] {processor.py:183} INFO - Processing /home/airflow/dags/mlflow_tracking_dag.py took 1.030 seconds
[2026-04-27T03:54:53.602+0000] {processor.py:161} INFO - Started process (PID=18391) to work on /home/airflow/dags/mlflow_tracking_dag.py
[2026-04-27T03:54:53.603+0000] {processor.py:830} INFO - Processing file /home/airflow/dags/mlflow_tracking_dag.py for tasks to queue
[2026-04-27T03:54:53.605+0000] {logging_mixin.py:188} INFO - [2026-04-27T03:54:53.604+0000] {dagbag.py:538} INFO - Filling up the DagBag from /home/airflow/dags/mlflow_tracking_dag.py
[2026-04-27T03:54:54.641+0000] {processor.py:840} INFO - DAG(s) 'mlflow_model_tracking' retrieved from /home/airflow/dags/mlflow_tracking_dag.py
[2026-04-27T03:54:54.670+0000] {logging_mixin.py:188} INFO - [2026-04-27T03:54:54.670+0000] {dag.py:3036} INFO - Sync 1 DAGs
[2026-04-27T03:54:54.678+0000] {logging_mixin.py:188} INFO - [2026-04-27T03:54:54.678+0000] {dag.py:3823} INFO - Setting next_dagrun for mlflow_model_tracking to None, run_after=None
[2026-04-27T03:54:54.697+0000] {processor.py:183} INFO - Processing /home/airflow/dags/mlflow_tracking_dag.py took 1.099 seconds
[2026-04-27T03:55:25.013+0000] {processor.py:161} INFO - Started process (PID=18436) to work on /home/airflow/dags/mlflow_tracking_dag.py
[2026-04-27T03:55:25.015+0000] {processor.py:830} INFO - Processing file /home/airflow/dags/mlflow_tracking_dag.py for tasks to queue
[2026-04-27T03:55:25.017+0000] {logging_mixin.py:188} INFO - [2026-04-27T03:55:25.016+0000] {dagbag.py:538} INFO - Filling up the DagBag from /home/airflow/dags/mlflow_tracking_dag.py
[2026-04-27T03:55:25.980+0000] {processor.py:840} INFO - DAG(s) 'mlflow_model_tracking' retrieved from /home/airflow/dags/mlflow_tracking_dag.py
[2026-04-27T03:55:26.006+0000] {logging_mixin.py:188} INFO - [2026-04-27T03:55:26.005+0000] {dag.py:3036} INFO - Sync 1 DAGs
[2026-04-27T03:55:26.018+0000] {logging_mixin.py:188} INFO - [2026-04-27T03:55:26.018+0000] {dag.py:3823} INFO - Setting next_dagrun for mlflow_model_tracking to None, run_after=None
[2026-04-27T03:55:26.042+0000] {processor.py:183} INFO - Processing /home/airflow/dags/mlflow_tracking_dag.py took 1.032 seconds
[2026-04-27T03:55:56.346+0000] {processor.py:161} INFO - Started process (PID=18481) to work on /home/airflow/dags/mlflow_tracking_dag.py
[2026-04-27T03:55:56.348+0000] {processor.py:830} INFO - Processing file /home/airflow/dags/mlflow_tracking_dag.py for tasks to queue
[2026-04-27T03:55:56.349+0000] {logging_mixin.py:188} INFO - [2026-04-27T03:55:56.348+0000] {dagbag.py:538} INFO - Filling up the DagBag from /home/airflow/dags/mlflow_tracking_dag.py
[2026-04-27T03:55:57.203+0000] {processor.py:840} INFO - DAG(s) 'mlflow_model_tracking' retrieved from /home/airflow/dags/mlflow_tracking_dag.py
[2026-04-27T03:55:57.228+0000] {logging_mixin.py:188} INFO - [2026-04-27T03:55:57.228+0000] {dag.py:3036} INFO - Sync 1 DAGs
[2026-04-27T03:55:57.240+0000] {logging_mixin.py:188} INFO - [2026-04-27T03:55:57.240+0000] {dag.py:3823} INFO - Setting next_dagrun for mlflow_model_tracking to None, run_after=None
[2026-04-27T03:55:57.268+0000] {processor.py:183} INFO - Processing /home/airflow/dags/mlflow_tracking_dag.py took 0.924 seconds
[2026-04-27T03:56:27.548+0000] {processor.py:161} INFO - Started process (PID=18526) to work on /home/airflow/dags/mlflow_tracking_dag.py
[2026-04-27T03:56:27.549+0000] {processor.py:830} INFO - Processing file /home/airflow/dags/mlflow_tracking_dag.py for tasks to queue
[2026-04-27T03:56:27.550+0000] {logging_mixin.py:188} INFO - [2026-04-27T03:56:27.550+0000] {dagbag.py:538} INFO - Filling up the DagBag from /home/airflow/dags/mlflow_tracking_dag.py
[2026-04-27T03:56:28.399+0000] {processor.py:840} INFO - DAG(s) 'mlflow_model_tracking' retrieved from /home/airflow/dags/mlflow_tracking_dag.py
[2026-04-27T03:56:28.428+0000] {logging_mixin.py:188} INFO - [2026-04-27T03:56:28.428+0000] {dag.py:3036} INFO - Sync 1 DAGs
[2026-04-27T03:56:28.442+0000] {logging_mixin.py:188} INFO - [2026-04-27T03:56:28.441+0000] {dag.py:3823} INFO - Setting next_dagrun for mlflow_model_tracking to None, run_after=None
[2026-04-27T03:56:28.472+0000] {processor.py:183} INFO - Processing /home/airflow/dags/mlflow_tracking_dag.py took 0.927 seconds
[2026-04-27T03:56:58.792+0000] {processor.py:161} INFO - Started process (PID=18571) to work on /home/airflow/dags/mlflow_tracking_dag.py
[2026-04-27T03:56:58.793+0000] {processor.py:830} INFO - Processing file /home/airflow/dags/mlflow_tracking_dag.py for tasks to queue
[2026-04-27T03:56:58.795+0000] {logging_mixin.py:188} INFO - [2026-04-27T03:56:58.794+0000] {dagbag.py:538} INFO - Filling up the DagBag from /home/airflow/dags/mlflow_tracking_dag.py
[2026-04-27T03:56:59.728+0000] {processor.py:840} INFO - DAG(s) 'mlflow_model_tracking' retrieved from /home/airflow/dags/mlflow_tracking_dag.py
[2026-04-27T03:56:59.756+0000] {logging_mixin.py:188} INFO - [2026-04-27T03:56:59.756+0000] {dag.py:3036} INFO - Sync 1 DAGs
[2026-04-27T03:56:59.766+0000] {logging_mixin.py:188} INFO - [2026-04-27T03:56:59.766+0000] {dag.py:3823} INFO - Setting next_dagrun for mlflow_model_tracking to None, run_after=None
[2026-04-27T03:56:59.787+0000] {processor.py:183} INFO - Processing /home/airflow/dags/mlflow_tracking_dag.py took 0.999 seconds
[2026-04-27T03:57:30.131+0000] {processor.py:161} INFO - Started process (PID=18616) to work on /home/airflow/dags/mlflow_tracking_dag.py
[2026-04-27T03:57:30.132+0000] {processor.py:830} INFO - Processing file /home/airflow/dags/mlflow_tracking_dag.py for tasks to queue
[2026-04-27T03:57:30.133+0000] {logging_mixin.py:188} INFO - [2026-04-27T03:57:30.133+0000] {dagbag.py:538} INFO - Filling up the DagBag from /home/airflow/dags/mlflow_tracking_dag.py
[2026-04-27T03:57:30.989+0000] {processor.py:840} INFO - DAG(s) 'mlflow_model_tracking' retrieved from /home/airflow/dags/mlflow_tracking_dag.py
[2026-04-27T03:57:31.017+0000] {logging_mixin.py:188} INFO - [2026-04-27T03:57:31.016+0000] {dag.py:3036} INFO - Sync 1 DAGs
[2026-04-27T03:57:31.026+0000] {logging_mixin.py:188} INFO - [2026-04-27T03:57:31.026+0000] {dag.py:3823} INFO - Setting next_dagrun for mlflow_model_tracking to None, run_after=None
[2026-04-27T03:57:31.051+0000] {processor.py:183} INFO - Processing /home/airflow/dags/mlflow_tracking_dag.py took 0.923 seconds
[2026-04-27T03:58:01.456+0000] {processor.py:161} INFO - Started process (PID=18661) to work on /home/airflow/dags/mlflow_tracking_dag.py
[2026-04-27T03:58:01.457+0000] {processor.py:830} INFO - Processing file /home/airflow/dags/mlflow_tracking_dag.py for tasks to queue
[2026-04-27T03:58:01.458+0000] {logging_mixin.py:188} INFO - [2026-04-27T03:58:01.458+0000] {dagbag.py:538} INFO - Filling up the DagBag from /home/airflow/dags/mlflow_tracking_dag.py
[2026-04-27T03:58:02.324+0000] {processor.py:840} INFO - DAG(s) 'mlflow_model_tracking' retrieved from /home/airflow/dags/mlflow_tracking_dag.py
[2026-04-27T03:58:02.352+0000] {logging_mixin.py:188} INFO - [2026-04-27T03:58:02.352+0000] {dag.py:3036} INFO - Sync 1 DAGs
[2026-04-27T03:58:02.366+0000] {logging_mixin.py:188} INFO - [2026-04-27T03:58:02.366+0000] {dag.py:3823} INFO - Setting next_dagrun for mlflow_model_tracking to None, run_after=None
[2026-04-27T03:58:02.393+0000] {processor.py:183} INFO - Processing /home/airflow/dags/mlflow_tracking_dag.py took 0.941 seconds
[2026-04-27T03:58:32.835+0000] {processor.py:161} INFO - Started process (PID=18706) to work on /home/airflow/dags/mlflow_tracking_dag.py
[2026-04-27T03:58:32.837+0000] {processor.py:830} INFO - Processing file /home/airflow/dags/mlflow_tracking_dag.py for tasks to queue
[2026-04-27T03:58:32.841+0000] {logging_mixin.py:188} INFO - [2026-04-27T03:58:32.840+0000] {dagbag.py:538} INFO - Filling up the DagBag from /home/airflow/dags/mlflow_tracking_dag.py
[2026-04-27T03:58:33.904+0000] {processor.py:840} INFO - DAG(s) 'mlflow_model_tracking' retrieved from /home/airflow/dags/mlflow_tracking_dag.py
[2026-04-27T03:58:33.930+0000] {logging_mixin.py:188} INFO - [2026-04-27T03:58:33.929+0000] {dag.py:3036} INFO - Sync 1 DAGs
[2026-04-27T03:58:33.940+0000] {logging_mixin.py:188} INFO - [2026-04-27T03:58:33.940+0000] {dag.py:3823} INFO - Setting next_dagrun for mlflow_model_tracking to None, run_after=None
[2026-04-27T03:58:33.968+0000] {processor.py:183} INFO - Processing /home/airflow/dags/mlflow_tracking_dag.py took 1.139 seconds
[2026-04-27T05:14:22.495+0000] {processor.py:161} INFO - Started process (PID=18751) to work on /home/airflow/dags/mlflow_tracking_dag.py
[2026-04-27T05:14:22.697+0000] {processor.py:830} INFO - Processing file /home/airflow/dags/mlflow_tracking_dag.py for tasks to queue
[2026-04-27T05:14:22.804+0000] {logging_mixin.py:188} INFO - [2026-04-27T05:14:22.753+0000] {dagbag.py:538} INFO - Filling up the DagBag from /home/airflow/dags/mlflow_tracking_dag.py
[2026-04-27T05:20:13.623+0000] {processor.py:161} INFO - Started process (PID=18782) to work on /home/airflow/dags/mlflow_tracking_dag.py
[2026-04-27T05:20:13.624+0000] {processor.py:830} INFO - Processing file /home/airflow/dags/mlflow_tracking_dag.py for tasks to queue
[2026-04-27T05:20:13.625+0000] {logging_mixin.py:188} INFO - [2026-04-27T05:20:13.625+0000] {dagbag.py:538} INFO - Filling up the DagBag from /home/airflow/dags/mlflow_tracking_dag.py
[2026-04-27T05:20:14.492+0000] {processor.py:840} INFO - DAG(s) 'mlflow_model_tracking' retrieved from /home/airflow/dags/mlflow_tracking_dag.py
[2026-04-27T05:20:14.519+0000] {logging_mixin.py:188} INFO - [2026-04-27T05:20:14.518+0000] {dag.py:3036} INFO - Sync 1 DAGs
[2026-04-27T05:20:14.529+0000] {logging_mixin.py:188} INFO - [2026-04-27T05:20:14.529+0000] {dag.py:3823} INFO - Setting next_dagrun for mlflow_model_tracking to None, run_after=None
[2026-04-27T05:20:14.558+0000] {processor.py:183} INFO - Processing /home/airflow/dags/mlflow_tracking_dag.py took 0.938 seconds
[2026-04-27T05:20:45.324+0000] {processor.py:161} INFO - Started process (PID=18827) to work on /home/airflow/dags/mlflow_tracking_dag.py
[2026-04-27T05:20:45.326+0000] {processor.py:830} INFO - Processing file /home/airflow/dags/mlflow_tracking_dag.py for tasks to queue
[2026-04-27T05:20:45.327+0000] {logging_mixin.py:188} INFO - [2026-04-27T05:20:45.327+0000] {dagbag.py:538} INFO - Filling up the DagBag from /home/airflow/dags/mlflow_tracking_dag.py
[2026-04-27T05:20:47.200+0000] {processor.py:840} INFO - DAG(s) 'mlflow_model_tracking' retrieved from /home/airflow/dags/mlflow_tracking_dag.py
[2026-04-27T05:20:47.235+0000] {logging_mixin.py:188} INFO - [2026-04-27T05:20:47.235+0000] {dag.py:3036} INFO - Sync 1 DAGs
[2026-04-27T05:20:47.256+0000] {logging_mixin.py:188} INFO - [2026-04-27T05:20:47.256+0000] {dag.py:3823} INFO - Setting next_dagrun for mlflow_model_tracking to None, run_after=None
[2026-04-27T05:20:47.299+0000] {processor.py:183} INFO - Processing /home/airflow/dags/mlflow_tracking_dag.py took 1.981 seconds
[2026-04-27T05:21:17.878+0000] {processor.py:161} INFO - Started process (PID=18872) to work on /home/airflow/dags/mlflow_tracking_dag.py
[2026-04-27T05:21:17.880+0000] {processor.py:830} INFO - Processing file /home/airflow/dags/mlflow_tracking_dag.py for tasks to queue
[2026-04-27T05:21:17.881+0000] {logging_mixin.py:188} INFO - [2026-04-27T05:21:17.881+0000] {dagbag.py:538} INFO - Filling up the DagBag from /home/airflow/dags/mlflow_tracking_dag.py
[2026-04-27T05:21:20.307+0000] {processor.py:840} INFO - DAG(s) 'mlflow_model_tracking' retrieved from /home/airflow/dags/mlflow_tracking_dag.py
[2026-04-27T05:21:20.374+0000] {logging_mixin.py:188} INFO - [2026-04-27T05:21:20.374+0000] {dag.py:3036} INFO - Sync 1 DAGs
[2026-04-27T05:21:20.428+0000] {logging_mixin.py:188} INFO - [2026-04-27T05:21:20.427+0000] {dag.py:3823} INFO - Setting next_dagrun for mlflow_model_tracking to None, run_after=None
[2026-04-27T05:21:20.501+0000] {processor.py:183} INFO - Processing /home/airflow/dags/mlflow_tracking_dag.py took 2.628 seconds
[2026-04-27T05:21:50.946+0000] {processor.py:161} INFO - Started process (PID=18917) to work on /home/airflow/dags/mlflow_tracking_dag.py
[2026-04-27T05:21:50.947+0000] {processor.py:830} INFO - Processing file /home/airflow/dags/mlflow_tracking_dag.py for tasks to queue
[2026-04-27T05:21:50.949+0000] {logging_mixin.py:188} INFO - [2026-04-27T05:21:50.948+0000] {dagbag.py:538} INFO - Filling up the DagBag from /home/airflow/dags/mlflow_tracking_dag.py
[2026-04-27T05:21:51.787+0000] {processor.py:840} INFO - DAG(s) 'mlflow_model_tracking' retrieved from /home/airflow/dags/mlflow_tracking_dag.py
[2026-04-27T05:21:51.814+0000] {logging_mixin.py:188} INFO - [2026-04-27T05:21:51.813+0000] {dag.py:3036} INFO - Sync 1 DAGs
[2026-04-27T05:21:51.826+0000] {logging_mixin.py:188} INFO - [2026-04-27T05:21:51.826+0000] {dag.py:3823} INFO - Setting next_dagrun for mlflow_model_tracking to None, run_after=None
[2026-04-27T05:21:51.850+0000] {processor.py:183} INFO - Processing /home/airflow/dags/mlflow_tracking_dag.py took 0.907 seconds
[2026-04-27T05:22:21.923+0000] {processor.py:161} INFO - Started process (PID=18962) to work on /home/airflow/dags/mlflow_tracking_dag.py
[2026-04-27T05:22:21.924+0000] {processor.py:830} INFO - Processing file /home/airflow/dags/mlflow_tracking_dag.py for tasks to queue
[2026-04-27T05:22:21.925+0000] {logging_mixin.py:188} INFO - [2026-04-27T05:22:21.925+0000] {dagbag.py:538} INFO - Filling up the DagBag from /home/airflow/dags/mlflow_tracking_dag.py
[2026-04-27T05:22:22.695+0000] {processor.py:840} INFO - DAG(s) 'mlflow_model_tracking' retrieved from /home/airflow/dags/mlflow_tracking_dag.py
[2026-04-27T05:22:22.724+0000] {logging_mixin.py:188} INFO - [2026-04-27T05:22:22.724+0000] {dag.py:3036} INFO - Sync 1 DAGs
[2026-04-27T05:22:22.750+0000] {logging_mixin.py:188} INFO - [2026-04-27T05:22:22.750+0000] {dag.py:3823} INFO - Setting next_dagrun for mlflow_model_tracking to None, run_after=None
[2026-04-27T05:22:22.787+0000] {processor.py:183} INFO - Processing /home/airflow/dags/mlflow_tracking_dag.py took 0.867 seconds
[2026-04-27T05:22:53.578+0000] {processor.py:161} INFO - Started process (PID=19007) to work on /home/airflow/dags/mlflow_tracking_dag.py
[2026-04-27T05:22:53.579+0000] {processor.py:830} INFO - Processing file /home/airflow/dags/mlflow_tracking_dag.py for tasks to queue
[2026-04-27T05:22:53.581+0000] {logging_mixin.py:188} INFO - [2026-04-27T05:22:53.580+0000] {dagbag.py:538} INFO - Filling up the DagBag from /home/airflow/dags/mlflow_tracking_dag.py
[2026-04-27T05:22:54.411+0000] {processor.py:840} INFO - DAG(s) 'mlflow_model_tracking' retrieved from /home/airflow/dags/mlflow_tracking_dag.py
[2026-04-27T05:22:54.438+0000] {logging_mixin.py:188} INFO - [2026-04-27T05:22:54.437+0000] {dag.py:3036} INFO - Sync 1 DAGs
[2026-04-27T05:22:54.450+0000] {logging_mixin.py:188} INFO - [2026-04-27T05:22:54.449+0000] {dag.py:3823} INFO - Setting next_dagrun for mlflow_model_tracking to None, run_after=None
[2026-04-27T05:22:54.476+0000] {processor.py:183} INFO - Processing /home/airflow/dags/mlflow_tracking_dag.py took 0.901 seconds
[2026-04-27T05:23:25.021+0000] {processor.py:161} INFO - Started process (PID=19052) to work on /home/airflow/dags/mlflow_tracking_dag.py
[2026-04-27T05:23:25.023+0000] {processor.py:830} INFO - Processing file /home/airflow/dags/mlflow_tracking_dag.py for tasks to queue
[2026-04-27T05:23:25.024+0000] {logging_mixin.py:188} INFO - [2026-04-27T05:23:25.023+0000] {dagbag.py:538} INFO - Filling up the DagBag from /home/airflow/dags/mlflow_tracking_dag.py
[2026-04-27T05:23:25.908+0000] {processor.py:840} INFO - DAG(s) 'mlflow_model_tracking' retrieved from /home/airflow/dags/mlflow_tracking_dag.py
[2026-04-27T05:23:25.933+0000] {logging_mixin.py:188} INFO - [2026-04-27T05:23:25.933+0000] {dag.py:3036} INFO - Sync 1 DAGs
[2026-04-27T05:23:25.948+0000] {logging_mixin.py:188} INFO - [2026-04-27T05:23:25.948+0000] {dag.py:3823} INFO - Setting next_dagrun for mlflow_model_tracking to None, run_after=None
[2026-04-27T05:23:25.978+0000] {processor.py:183} INFO - Processing /home/airflow/dags/mlflow_tracking_dag.py took 0.960 seconds
[2026-04-27T05:23:56.632+0000] {processor.py:161} INFO - Started process (PID=19097) to work on /home/airflow/dags/mlflow_tracking_dag.py
[2026-04-27T05:23:56.634+0000] {processor.py:830} INFO - Processing file /home/airflow/dags/mlflow_tracking_dag.py for tasks to queue
[2026-04-27T05:23:56.635+0000] {logging_mixin.py:188} INFO - [2026-04-27T05:23:56.635+0000] {dagbag.py:538} INFO - Filling up the DagBag from /home/airflow/dags/mlflow_tracking_dag.py
[2026-04-27T05:23:57.874+0000] {processor.py:840} INFO - DAG(s) 'mlflow_model_tracking' retrieved from /home/airflow/dags/mlflow_tracking_dag.py
[2026-04-27T05:23:57.914+0000] {logging_mixin.py:188} INFO - [2026-04-27T05:23:57.913+0000] {dag.py:3036} INFO - Sync 1 DAGs
[2026-04-27T05:23:57.934+0000] {logging_mixin.py:188} INFO - [2026-04-27T05:23:57.934+0000] {dag.py:3823} INFO - Setting next_dagrun for mlflow_model_tracking to None, run_after=None
[2026-04-27T05:23:57.975+0000] {processor.py:183} INFO - Processing /home/airflow/dags/mlflow_tracking_dag.py took 1.347 seconds
[2026-04-27T05:24:28.156+0000] {processor.py:161} INFO - Started process (PID=19142) to work on /home/airflow/dags/mlflow_tracking_dag.py
[2026-04-27T05:24:28.158+0000] {processor.py:830} INFO - Processing file /home/airflow/dags/mlflow_tracking_dag.py for tasks to queue
[2026-04-27T05:24:28.159+0000] {logging_mixin.py:188} INFO - [2026-04-27T05:24:28.158+0000] {dagbag.py:538} INFO - Filling up the DagBag from /home/airflow/dags/mlflow_tracking_dag.py
[2026-04-27T05:24:29.080+0000] {processor.py:840} INFO - DAG(s) 'mlflow_model_tracking' retrieved from /home/airflow/dags/mlflow_tracking_dag.py
[2026-04-27T05:24:29.122+0000] {logging_mixin.py:188} INFO - [2026-04-27T05:24:29.121+0000] {dag.py:3036} INFO - Sync 1 DAGs
[2026-04-27T05:24:29.141+0000] {logging_mixin.py:188} INFO - [2026-04-27T05:24:29.140+0000] {dag.py:3823} INFO - Setting next_dagrun for mlflow_model_tracking to None, run_after=None
[2026-04-27T05:24:29.169+0000] {processor.py:183} INFO - Processing /home/airflow/dags/mlflow_tracking_dag.py took 1.016 seconds
[2026-04-27T05:24:59.593+0000] {processor.py:161} INFO - Started process (PID=19187) to work on /home/airflow/dags/mlflow_tracking_dag.py
[2026-04-27T05:24:59.594+0000] {processor.py:830} INFO - Processing file /home/airflow/dags/mlflow_tracking_dag.py for tasks to queue
[2026-04-27T05:24:59.595+0000] {logging_mixin.py:188} INFO - [2026-04-27T05:24:59.595+0000] {dagbag.py:538} INFO - Filling up the DagBag from /home/airflow/dags/mlflow_tracking_dag.py
[2026-04-27T05:25:00.314+0000] {processor.py:840} INFO - DAG(s) 'mlflow_model_tracking' retrieved from /home/airflow/dags/mlflow_tracking_dag.py
[2026-04-27T05:25:00.341+0000] {logging_mixin.py:188} INFO - [2026-04-27T05:25:00.341+0000] {dag.py:3036} INFO - Sync 1 DAGs
[2026-04-27T05:25:00.351+0000] {logging_mixin.py:188} INFO - [2026-04-27T05:25:00.351+0000] {dag.py:3823} INFO - Setting next_dagrun for mlflow_model_tracking to None, run_after=None
[2026-04-27T05:25:00.376+0000] {processor.py:183} INFO - Processing /home/airflow/dags/mlflow_tracking_dag.py took 0.785 seconds
[2026-04-27T05:25:30.929+0000] {processor.py:161} INFO - Started process (PID=19232) to work on /home/airflow/dags/mlflow_tracking_dag.py
[2026-04-27T05:25:30.930+0000] {processor.py:830} INFO - Processing file /home/airflow/dags/mlflow_tracking_dag.py for tasks to queue
[2026-04-27T05:25:30.931+0000] {logging_mixin.py:188} INFO - [2026-04-27T05:25:30.931+0000] {dagbag.py:538} INFO - Filling up the DagBag from /home/airflow/dags/mlflow_tracking_dag.py
[2026-04-27T05:25:31.635+0000] {processor.py:840} INFO - DAG(s) 'mlflow_model_tracking' retrieved from /home/airflow/dags/mlflow_tracking_dag.py
[2026-04-27T05:25:31.659+0000] {logging_mixin.py:188} INFO - [2026-04-27T05:25:31.658+0000] {dag.py:3036} INFO - Sync 1 DAGs
[2026-04-27T05:25:31.667+0000] {logging_mixin.py:188} INFO - [2026-04-27T05:25:31.667+0000] {dag.py:3823} INFO - Setting next_dagrun for mlflow_model_tracking to None, run_after=None
[2026-04-27T05:25:31.688+0000] {processor.py:183} INFO - Processing /home/airflow/dags/mlflow_tracking_dag.py took 0.765 seconds
[2026-04-27T05:26:02.191+0000] {processor.py:161} INFO - Started process (PID=19277) to work on /home/airflow/dags/mlflow_tracking_dag.py
[2026-04-27T05:26:02.192+0000] {processor.py:830} INFO - Processing file /home/airflow/dags/mlflow_tracking_dag.py for tasks to queue
[2026-04-27T05:26:02.193+0000] {logging_mixin.py:188} INFO - [2026-04-27T05:26:02.193+0000] {dagbag.py:538} INFO - Filling up the DagBag from /home/airflow/dags/mlflow_tracking_dag.py
[2026-04-27T05:26:02.872+0000] {processor.py:840} INFO - DAG(s) 'mlflow_model_tracking' retrieved from /home/airflow/dags/mlflow_tracking_dag.py
[2026-04-27T05:26:02.893+0000] {logging_mixin.py:188} INFO - [2026-04-27T05:26:02.893+0000] {dag.py:3036} INFO - Sync 1 DAGs
[2026-04-27T05:26:02.901+0000] {logging_mixin.py:188} INFO - [2026-04-27T05:26:02.901+0000] {dag.py:3823} INFO - Setting next_dagrun for mlflow_model_tracking to None, run_after=None
[2026-04-27T05:26:02.922+0000] {processor.py:183} INFO - Processing /home/airflow/dags/mlflow_tracking_dag.py took 0.736 seconds
[2026-04-27T05:26:33.402+0000] {processor.py:161} INFO - Started process (PID=19322) to work on /home/airflow/dags/mlflow_tracking_dag.py
[2026-04-27T05:26:33.403+0000] {processor.py:830} INFO - Processing file /home/airflow/dags/mlflow_tracking_dag.py for tasks to queue
[2026-04-27T05:26:33.404+0000] {logging_mixin.py:188} INFO - [2026-04-27T05:26:33.404+0000] {dagbag.py:538} INFO - Filling up the DagBag from /home/airflow/dags/mlflow_tracking_dag.py
[2026-04-27T05:26:34.119+0000] {processor.py:840} INFO - DAG(s) 'mlflow_model_tracking' retrieved from /home/airflow/dags/mlflow_tracking_dag.py
[2026-04-27T05:26:34.140+0000] {logging_mixin.py:188} INFO - [2026-04-27T05:26:34.140+0000] {dag.py:3036} INFO - Sync 1 DAGs
[2026-04-27T05:26:34.150+0000] {logging_mixin.py:188} INFO - [2026-04-27T05:26:34.150+0000] {dag.py:3823} INFO - Setting next_dagrun for mlflow_model_tracking to None, run_after=None
[2026-04-27T05:26:34.174+0000] {processor.py:183} INFO - Processing /home/airflow/dags/mlflow_tracking_dag.py took 0.775 seconds
[2026-04-27T05:27:04.655+0000] {processor.py:161} INFO - Started process (PID=19367) to work on /home/airflow/dags/mlflow_tracking_dag.py
[2026-04-27T05:27:04.656+0000] {processor.py:830} INFO - Processing file /home/airflow/dags/mlflow_tracking_dag.py for tasks to queue
[2026-04-27T05:27:04.657+0000] {logging_mixin.py:188} INFO - [2026-04-27T05:27:04.656+0000] {dagbag.py:538} INFO - Filling up the DagBag from /home/airflow/dags/mlflow_tracking_dag.py
[2026-04-27T05:27:05.343+0000] {processor.py:840} INFO - DAG(s) 'mlflow_model_tracking' retrieved from /home/airflow/dags/mlflow_tracking_dag.py
[2026-04-27T05:27:05.364+0000] {logging_mixin.py:188} INFO - [2026-04-27T05:27:05.364+0000] {dag.py:3036} INFO - Sync 1 DAGs
[2026-04-27T05:27:05.374+0000] {logging_mixin.py:188} INFO - [2026-04-27T05:27:05.374+0000] {dag.py:3823} INFO - Setting next_dagrun for mlflow_model_tracking to None, run_after=None
[2026-04-27T05:27:05.396+0000] {processor.py:183} INFO - Processing /home/airflow/dags/mlflow_tracking_dag.py took 0.745 seconds
[2026-04-27T05:27:35.448+0000] {processor.py:161} INFO - Started process (PID=19412) to work on /home/airflow/dags/mlflow_tracking_dag.py
[2026-04-27T05:27:35.449+0000] {processor.py:830} INFO - Processing file /home/airflow/dags/mlflow_tracking_dag.py for tasks to queue
[2026-04-27T05:27:35.450+0000] {logging_mixin.py:188} INFO - [2026-04-27T05:27:35.450+0000] {dagbag.py:538} INFO - Filling up the DagBag from /home/airflow/dags/mlflow_tracking_dag.py
[2026-04-27T05:27:36.160+0000] {processor.py:840} INFO - DAG(s) 'mlflow_model_tracking' retrieved from /home/airflow/dags/mlflow_tracking_dag.py
[2026-04-27T05:27:36.186+0000] {logging_mixin.py:188} INFO - [2026-04-27T05:27:36.185+0000] {dag.py:3036} INFO - Sync 1 DAGs
[2026-04-27T05:27:36.194+0000] {logging_mixin.py:188} INFO - [2026-04-27T05:27:36.194+0000] {dag.py:3823} INFO - Setting next_dagrun for mlflow_model_tracking to None, run_after=None
[2026-04-27T05:27:36.216+0000] {processor.py:183} INFO - Processing /home/airflow/dags/mlflow_tracking_dag.py took 0.771 seconds
[2026-04-27T05:28:06.686+0000] {processor.py:161} INFO - Started process (PID=19457) to work on /home/airflow/dags/mlflow_tracking_dag.py
[2026-04-27T05:28:06.687+0000] {processor.py:830} INFO - Processing file /home/airflow/dags/mlflow_tracking_dag.py for tasks to queue
[2026-04-27T05:28:06.689+0000] {logging_mixin.py:188} INFO - [2026-04-27T05:28:06.688+0000] {dagbag.py:538} INFO - Filling up the DagBag from /home/airflow/dags/mlflow_tracking_dag.py
[2026-04-27T05:28:07.611+0000] {processor.py:840} INFO - DAG(s) 'mlflow_model_tracking' retrieved from /home/airflow/dags/mlflow_tracking_dag.py
[2026-04-27T05:28:07.638+0000] {logging_mixin.py:188} INFO - [2026-04-27T05:28:07.638+0000] {dag.py:3036} INFO - Sync 1 DAGs
[2026-04-27T05:28:07.647+0000] {logging_mixin.py:188} INFO - [2026-04-27T05:28:07.647+0000] {dag.py:3823} INFO - Setting next_dagrun for mlflow_model_tracking to None, run_after=None
[2026-04-27T05:28:07.671+0000] {processor.py:183} INFO - Processing /home/airflow/dags/mlflow_tracking_dag.py took 0.989 seconds
[2026-04-27T05:28:38.150+0000] {processor.py:161} INFO - Started process (PID=19502) to work on /home/airflow/dags/mlflow_tracking_dag.py
[2026-04-27T05:28:38.152+0000] {processor.py:830} INFO - Processing file /home/airflow/dags/mlflow_tracking_dag.py for tasks to queue
[2026-04-27T05:28:38.153+0000] {logging_mixin.py:188} INFO - [2026-04-27T05:28:38.153+0000] {dagbag.py:538} INFO - Filling up the DagBag from /home/airflow/dags/mlflow_tracking_dag.py
[2026-04-27T05:28:38.973+0000] {processor.py:840} INFO - DAG(s) 'mlflow_model_tracking' retrieved from /home/airflow/dags/mlflow_tracking_dag.py
[2026-04-27T05:28:38.996+0000] {logging_mixin.py:188} INFO - [2026-04-27T05:28:38.995+0000] {dag.py:3036} INFO - Sync 1 DAGs
[2026-04-27T05:28:39.005+0000] {logging_mixin.py:188} INFO - [2026-04-27T05:28:39.005+0000] {dag.py:3823} INFO - Setting next_dagrun for mlflow_model_tracking to None, run_after=None
[2026-04-27T05:28:39.027+0000] {processor.py:183} INFO - Processing /home/airflow/dags/mlflow_tracking_dag.py took 0.881 seconds
[2026-04-27T05:29:09.545+0000] {processor.py:161} INFO - Started process (PID=19547) to work on /home/airflow/dags/mlflow_tracking_dag.py
[2026-04-27T05:29:09.546+0000] {processor.py:830} INFO - Processing file /home/airflow/dags/mlflow_tracking_dag.py for tasks to queue
[2026-04-27T05:29:09.547+0000] {logging_mixin.py:188} INFO - [2026-04-27T05:29:09.547+0000] {dagbag.py:538} INFO - Filling up the DagBag from /home/airflow/dags/mlflow_tracking_dag.py
[2026-04-27T05:29:10.120+0000] {processor.py:840} INFO - DAG(s) 'mlflow_model_tracking' retrieved from /home/airflow/dags/mlflow_tracking_dag.py
[2026-04-27T05:29:10.145+0000] {logging_mixin.py:188} INFO - [2026-04-27T05:29:10.144+0000] {dag.py:3036} INFO - Sync 1 DAGs
[2026-04-27T05:29:10.155+0000] {logging_mixin.py:188} INFO - [2026-04-27T05:29:10.155+0000] {dag.py:3823} INFO - Setting next_dagrun for mlflow_model_tracking to None, run_after=None
[2026-04-27T05:29:10.308+0000] {processor.py:183} INFO - Processing /home/airflow/dags/mlflow_tracking_dag.py took 0.767 seconds
[2026-04-27T05:29:40.828+0000] {processor.py:161} INFO - Started process (PID=19592) to work on /home/airflow/dags/mlflow_tracking_dag.py
[2026-04-27T05:29:40.829+0000] {processor.py:830} INFO - Processing file /home/airflow/dags/mlflow_tracking_dag.py for tasks to queue
[2026-04-27T05:29:40.830+0000] {logging_mixin.py:188} INFO - [2026-04-27T05:29:40.830+0000] {dagbag.py:538} INFO - Filling up the DagBag from /home/airflow/dags/mlflow_tracking_dag.py
[2026-04-27T05:29:41.437+0000] {processor.py:840} INFO - DAG(s) 'mlflow_model_tracking' retrieved from /home/airflow/dags/mlflow_tracking_dag.py
[2026-04-27T05:29:41.465+0000] {logging_mixin.py:188} INFO - [2026-04-27T05:29:41.464+0000] {dag.py:3036} INFO - Sync 1 DAGs
[2026-04-27T05:29:41.639+0000] {logging_mixin.py:188} INFO - [2026-04-27T05:29:41.639+0000] {dag.py:3823} INFO - Setting next_dagrun for mlflow_model_tracking to None, run_after=None
[2026-04-27T05:29:41.665+0000] {processor.py:183} INFO - Processing /home/airflow/dags/mlflow_tracking_dag.py took 0.840 seconds
[2026-04-27T05:30:12.259+0000] {processor.py:161} INFO - Started process (PID=19637) to work on /home/airflow/dags/mlflow_tracking_dag.py
[2026-04-27T05:30:12.260+0000] {processor.py:830} INFO - Processing file /home/airflow/dags/mlflow_tracking_dag.py for tasks to queue
[2026-04-27T05:30:12.261+0000] {logging_mixin.py:188} INFO - [2026-04-27T05:30:12.261+0000] {dagbag.py:538} INFO - Filling up the DagBag from /home/airflow/dags/mlflow_tracking_dag.py
[2026-04-27T05:30:12.870+0000] {processor.py:840} INFO - DAG(s) 'mlflow_model_tracking' retrieved from /home/airflow/dags/mlflow_tracking_dag.py
[2026-04-27T05:30:12.897+0000] {logging_mixin.py:188} INFO - [2026-04-27T05:30:12.896+0000] {dag.py:3036} INFO - Sync 1 DAGs
[2026-04-27T05:30:13.038+0000] {logging_mixin.py:188} INFO - [2026-04-27T05:30:13.038+0000] {dag.py:3823} INFO - Setting next_dagrun for mlflow_model_tracking to None, run_after=None
[2026-04-27T05:30:13.062+0000] {processor.py:183} INFO - Processing /home/airflow/dags/mlflow_tracking_dag.py took 0.807 seconds
[2026-04-27T05:30:43.544+0000] {processor.py:161} INFO - Started process (PID=19682) to work on /home/airflow/dags/mlflow_tracking_dag.py
[2026-04-27T05:30:43.545+0000] {processor.py:830} INFO - Processing file /home/airflow/dags/mlflow_tracking_dag.py for tasks to queue
[2026-04-27T05:30:43.546+0000] {logging_mixin.py:188} INFO - [2026-04-27T05:30:43.545+0000] {dagbag.py:538} INFO - Filling up the DagBag from /home/airflow/dags/mlflow_tracking_dag.py
[2026-04-27T05:30:44.131+0000] {processor.py:840} INFO - DAG(s) 'mlflow_model_tracking' retrieved from /home/airflow/dags/mlflow_tracking_dag.py
[2026-04-27T05:30:44.293+0000] {logging_mixin.py:188} INFO - [2026-04-27T05:30:44.293+0000] {dag.py:3036} INFO - Sync 1 DAGs
[2026-04-27T05:30:44.302+0000] {logging_mixin.py:188} INFO - [2026-04-27T05:30:44.302+0000] {dag.py:3823} INFO - Setting next_dagrun for mlflow_model_tracking to None, run_after=None
[2026-04-27T05:30:44.325+0000] {processor.py:183} INFO - Processing /home/airflow/dags/mlflow_tracking_dag.py took 0.784 seconds
[2026-04-27T05:31:14.758+0000] {processor.py:161} INFO - Started process (PID=19727) to work on /home/airflow/dags/mlflow_tracking_dag.py
[2026-04-27T05:31:14.759+0000] {processor.py:830} INFO - Processing file /home/airflow/dags/mlflow_tracking_dag.py for tasks to queue
[2026-04-27T05:31:14.761+0000] {logging_mixin.py:188} INFO - [2026-04-27T05:31:14.760+0000] {dagbag.py:538} INFO - Filling up the DagBag from /home/airflow/dags/mlflow_tracking_dag.py
[2026-04-27T05:31:15.601+0000] {processor.py:840} INFO - DAG(s) 'mlflow_model_tracking' retrieved from /home/airflow/dags/mlflow_tracking_dag.py
[2026-04-27T05:31:15.624+0000] {logging_mixin.py:188} INFO - [2026-04-27T05:31:15.624+0000] {dag.py:3036} INFO - Sync 1 DAGs
[2026-04-27T05:31:15.633+0000] {logging_mixin.py:188} INFO - [2026-04-27T05:31:15.633+0000] {dag.py:3823} INFO - Setting next_dagrun for mlflow_model_tracking to None, run_after=None
[2026-04-27T05:31:15.655+0000] {processor.py:183} INFO - Processing /home/airflow/dags/mlflow_tracking_dag.py took 0.901 seconds
[2026-04-27T05:31:46.244+0000] {processor.py:161} INFO - Started process (PID=19772) to work on /home/airflow/dags/mlflow_tracking_dag.py
[2026-04-27T05:31:46.245+0000] {processor.py:830} INFO - Processing file /home/airflow/dags/mlflow_tracking_dag.py for tasks to queue
[2026-04-27T05:31:46.247+0000] {logging_mixin.py:188} INFO - [2026-04-27T05:31:46.246+0000] {dagbag.py:538} INFO - Filling up the DagBag from /home/airflow/dags/mlflow_tracking_dag.py
[2026-04-27T05:31:47.371+0000] {processor.py:840} INFO - DAG(s) 'mlflow_model_tracking' retrieved from /home/airflow/dags/mlflow_tracking_dag.py
[2026-04-27T05:31:47.404+0000] {logging_mixin.py:188} INFO - [2026-04-27T05:31:47.402+0000] {dag.py:3036} INFO - Sync 1 DAGs
[2026-04-27T05:31:47.423+0000] {logging_mixin.py:188} INFO - [2026-04-27T05:31:47.423+0000] {dag.py:3823} INFO - Setting next_dagrun for mlflow_model_tracking to None, run_after=None
[2026-04-27T05:31:47.448+0000] {processor.py:183} INFO - Processing /home/airflow/dags/mlflow_tracking_dag.py took 1.209 seconds
[2026-04-27T05:32:17.962+0000] {processor.py:161} INFO - Started process (PID=19817) to work on /home/airflow/dags/mlflow_tracking_dag.py
[2026-04-27T05:32:17.963+0000] {processor.py:830} INFO - Processing file /home/airflow/dags/mlflow_tracking_dag.py for tasks to queue
[2026-04-27T05:32:17.964+0000] {logging_mixin.py:188} INFO - [2026-04-27T05:32:17.963+0000] {dagbag.py:538} INFO - Filling up the DagBag from /home/airflow/dags/mlflow_tracking_dag.py
[2026-04-27T05:32:18.759+0000] {processor.py:840} INFO - DAG(s) 'mlflow_model_tracking' retrieved from /home/airflow/dags/mlflow_tracking_dag.py
[2026-04-27T05:32:18.782+0000] {logging_mixin.py:188} INFO - [2026-04-27T05:32:18.781+0000] {dag.py:3036} INFO - Sync 1 DAGs
[2026-04-27T05:32:18.791+0000] {logging_mixin.py:188} INFO - [2026-04-27T05:32:18.791+0000] {dag.py:3823} INFO - Setting next_dagrun for mlflow_model_tracking to None, run_after=None
[2026-04-27T05:32:18.823+0000] {processor.py:183} INFO - Processing /home/airflow/dags/mlflow_tracking_dag.py took 0.865 seconds
[2026-04-27T05:32:49.294+0000] {processor.py:161} INFO - Started process (PID=19862) to work on /home/airflow/dags/mlflow_tracking_dag.py
[2026-04-27T05:32:49.295+0000] {processor.py:830} INFO - Processing file /home/airflow/dags/mlflow_tracking_dag.py for tasks to queue
[2026-04-27T05:32:49.296+0000] {logging_mixin.py:188} INFO - [2026-04-27T05:32:49.296+0000] {dagbag.py:538} INFO - Filling up the DagBag from /home/airflow/dags/mlflow_tracking_dag.py
[2026-04-27T05:32:50.134+0000] {processor.py:840} INFO - DAG(s) 'mlflow_model_tracking' retrieved from /home/airflow/dags/mlflow_tracking_dag.py
[2026-04-27T05:32:50.162+0000] {logging_mixin.py:188} INFO - [2026-04-27T05:32:50.162+0000] {dag.py:3036} INFO - Sync 1 DAGs
[2026-04-27T05:32:50.173+0000] {logging_mixin.py:188} INFO - [2026-04-27T05:32:50.173+0000] {dag.py:3823} INFO - Setting next_dagrun for mlflow_model_tracking to None, run_after=None
[2026-04-27T05:32:50.197+0000] {processor.py:183} INFO - Processing /home/airflow/dags/mlflow_tracking_dag.py took 0.908 seconds
[2026-04-27T05:33:20.760+0000] {processor.py:161} INFO - Started process (PID=19907) to work on /home/airflow/dags/mlflow_tracking_dag.py
[2026-04-27T05:33:20.761+0000] {processor.py:830} INFO - Processing file /home/airflow/dags/mlflow_tracking_dag.py for tasks to queue
[2026-04-27T05:33:20.762+0000] {logging_mixin.py:188} INFO - [2026-04-27T05:33:20.762+0000] {dagbag.py:538} INFO - Filling up the DagBag from /home/airflow/dags/mlflow_tracking_dag.py
[2026-04-27T05:33:21.567+0000] {processor.py:840} INFO - DAG(s) 'mlflow_model_tracking' retrieved from /home/airflow/dags/mlflow_tracking_dag.py
[2026-04-27T05:33:21.592+0000] {logging_mixin.py:188} INFO - [2026-04-27T05:33:21.592+0000] {dag.py:3036} INFO - Sync 1 DAGs
[2026-04-27T05:33:21.603+0000] {logging_mixin.py:188} INFO - [2026-04-27T05:33:21.603+0000] {dag.py:3823} INFO - Setting next_dagrun for mlflow_model_tracking to None, run_after=None
[2026-04-27T05:33:21.626+0000] {processor.py:183} INFO - Processing /home/airflow/dags/mlflow_tracking_dag.py took 0.870 seconds
[2026-04-27T05:33:52.015+0000] {processor.py:161} INFO - Started process (PID=19952) to work on /home/airflow/dags/mlflow_tracking_dag.py
[2026-04-27T05:33:52.016+0000] {processor.py:830} INFO - Processing file /home/airflow/dags/mlflow_tracking_dag.py for tasks to queue
[2026-04-27T05:33:52.018+0000] {logging_mixin.py:188} INFO - [2026-04-27T05:33:52.017+0000] {dagbag.py:538} INFO - Filling up the DagBag from /home/airflow/dags/mlflow_tracking_dag.py
[2026-04-27T05:33:52.809+0000] {processor.py:840} INFO - DAG(s) 'mlflow_model_tracking' retrieved from /home/airflow/dags/mlflow_tracking_dag.py
[2026-04-27T05:33:52.836+0000] {logging_mixin.py:188} INFO - [2026-04-27T05:33:52.835+0000] {dag.py:3036} INFO - Sync 1 DAGs
[2026-04-27T05:33:52.847+0000] {logging_mixin.py:188} INFO - [2026-04-27T05:33:52.847+0000] {dag.py:3823} INFO - Setting next_dagrun for mlflow_model_tracking to None, run_after=None
[2026-04-27T05:33:52.873+0000] {processor.py:183} INFO - Processing /home/airflow/dags/mlflow_tracking_dag.py took 0.862 seconds
[2026-04-27T05:34:23.422+0000] {processor.py:161} INFO - Started process (PID=19997) to work on /home/airflow/dags/mlflow_tracking_dag.py
[2026-04-27T05:34:23.423+0000] {processor.py:830} INFO - Processing file /home/airflow/dags/mlflow_tracking_dag.py for tasks to queue
[2026-04-27T05:34:23.424+0000] {logging_mixin.py:188} INFO - [2026-04-27T05:34:23.424+0000] {dagbag.py:538} INFO - Filling up the DagBag from /home/airflow/dags/mlflow_tracking_dag.py
[2026-04-27T05:34:24.171+0000] {processor.py:840} INFO - DAG(s) 'mlflow_model_tracking' retrieved from /home/airflow/dags/mlflow_tracking_dag.py
[2026-04-27T05:34:24.197+0000] {logging_mixin.py:188} INFO - [2026-04-27T05:34:24.197+0000] {dag.py:3036} INFO - Sync 1 DAGs
[2026-04-27T05:34:24.206+0000] {logging_mixin.py:188} INFO - [2026-04-27T05:34:24.206+0000] {dag.py:3823} INFO - Setting next_dagrun for mlflow_model_tracking to None, run_after=None
[2026-04-27T05:34:24.228+0000] {processor.py:183} INFO - Processing /home/airflow/dags/mlflow_tracking_dag.py took 0.809 seconds
[2026-04-27T05:34:54.743+0000] {processor.py:161} INFO - Started process (PID=20042) to work on /home/airflow/dags/mlflow_tracking_dag.py
[2026-04-27T05:34:54.744+0000] {processor.py:830} INFO - Processing file /home/airflow/dags/mlflow_tracking_dag.py for tasks to queue
[2026-04-27T05:34:54.745+0000] {logging_mixin.py:188} INFO - [2026-04-27T05:34:54.745+0000] {dagbag.py:538} INFO - Filling up the DagBag from /home/airflow/dags/mlflow_tracking_dag.py
[2026-04-27T05:34:55.446+0000] {processor.py:840} INFO - DAG(s) 'mlflow_model_tracking' retrieved from /home/airflow/dags/mlflow_tracking_dag.py
[2026-04-27T05:34:55.470+0000] {logging_mixin.py:188} INFO - [2026-04-27T05:34:55.469+0000] {dag.py:3036} INFO - Sync 1 DAGs
[2026-04-27T05:34:55.478+0000] {logging_mixin.py:188} INFO - [2026-04-27T05:34:55.478+0000] {dag.py:3823} INFO - Setting next_dagrun for mlflow_model_tracking to None, run_after=None
[2026-04-27T05:34:55.499+0000] {processor.py:183} INFO - Processing /home/airflow/dags/mlflow_tracking_dag.py took 0.760 seconds
[2026-04-27T05:35:26.129+0000] {processor.py:161} INFO - Started process (PID=20087) to work on /home/airflow/dags/mlflow_tracking_dag.py
[2026-04-27T05:35:26.130+0000] {processor.py:830} INFO - Processing file /home/airflow/dags/mlflow_tracking_dag.py for tasks to queue
[2026-04-27T05:35:26.131+0000] {logging_mixin.py:188} INFO - [2026-04-27T05:35:26.131+0000] {dagbag.py:538} INFO - Filling up the DagBag from /home/airflow/dags/mlflow_tracking_dag.py
[2026-04-27T05:35:26.867+0000] {processor.py:840} INFO - DAG(s) 'mlflow_model_tracking' retrieved from /home/airflow/dags/mlflow_tracking_dag.py
[2026-04-27T05:35:26.891+0000] {logging_mixin.py:188} INFO - [2026-04-27T05:35:26.890+0000] {dag.py:3036} INFO - Sync 1 DAGs
[2026-04-27T05:35:26.900+0000] {logging_mixin.py:188} INFO - [2026-04-27T05:35:26.900+0000] {dag.py:3823} INFO - Setting next_dagrun for mlflow_model_tracking to None, run_after=None
[2026-04-27T05:35:26.926+0000] {processor.py:183} INFO - Processing /home/airflow/dags/mlflow_tracking_dag.py took 0.801 seconds
[2026-04-27T05:35:57.353+0000] {processor.py:161} INFO - Started process (PID=20132) to work on /home/airflow/dags/mlflow_tracking_dag.py
[2026-04-27T05:35:57.354+0000] {processor.py:830} INFO - Processing file /home/airflow/dags/mlflow_tracking_dag.py for tasks to queue
[2026-04-27T05:35:57.356+0000] {logging_mixin.py:188} INFO - [2026-04-27T05:35:57.355+0000] {dagbag.py:538} INFO - Filling up the DagBag from /home/airflow/dags/mlflow_tracking_dag.py
[2026-04-27T05:35:58.219+0000] {processor.py:840} INFO - DAG(s) 'mlflow_model_tracking' retrieved from /home/airflow/dags/mlflow_tracking_dag.py
[2026-04-27T05:35:58.242+0000] {logging_mixin.py:188} INFO - [2026-04-27T05:35:58.242+0000] {dag.py:3036} INFO - Sync 1 DAGs
[2026-04-27T05:35:58.251+0000] {logging_mixin.py:188} INFO - [2026-04-27T05:35:58.250+0000] {dag.py:3823} INFO - Setting next_dagrun for mlflow_model_tracking to None, run_after=None
[2026-04-27T05:35:58.272+0000] {processor.py:183} INFO - Processing /home/airflow/dags/mlflow_tracking_dag.py took 0.922 seconds
[2026-04-27T05:36:28.734+0000] {processor.py:161} INFO - Started process (PID=20177) to work on /home/airflow/dags/mlflow_tracking_dag.py
[2026-04-27T05:36:28.735+0000] {processor.py:830} INFO - Processing file /home/airflow/dags/mlflow_tracking_dag.py for tasks to queue
[2026-04-27T05:36:28.736+0000] {logging_mixin.py:188} INFO - [2026-04-27T05:36:28.736+0000] {dagbag.py:538} INFO - Filling up the DagBag from /home/airflow/dags/mlflow_tracking_dag.py
[2026-04-27T05:36:29.476+0000] {processor.py:840} INFO - DAG(s) 'mlflow_model_tracking' retrieved from /home/airflow/dags/mlflow_tracking_dag.py
[2026-04-27T05:36:29.499+0000] {logging_mixin.py:188} INFO - [2026-04-27T05:36:29.499+0000] {dag.py:3036} INFO - Sync 1 DAGs
[2026-04-27T05:36:29.511+0000] {logging_mixin.py:188} INFO - [2026-04-27T05:36:29.511+0000] {dag.py:3823} INFO - Setting next_dagrun for mlflow_model_tracking to None, run_after=None
[2026-04-27T05:36:29.531+0000] {processor.py:183} INFO - Processing /home/airflow/dags/mlflow_tracking_dag.py took 0.801 seconds
[2026-04-27T05:36:59.963+0000] {processor.py:161} INFO - Started process (PID=20222) to work on /home/airflow/dags/mlflow_tracking_dag.py
[2026-04-27T05:36:59.964+0000] {processor.py:830} INFO - Processing file /home/airflow/dags/mlflow_tracking_dag.py for tasks to queue
[2026-04-27T05:36:59.965+0000] {logging_mixin.py:188} INFO - [2026-04-27T05:36:59.965+0000] {dagbag.py:538} INFO - Filling up the DagBag from /home/airflow/dags/mlflow_tracking_dag.py
[2026-04-27T05:37:00.769+0000] {processor.py:840} INFO - DAG(s) 'mlflow_model_tracking' retrieved from /home/airflow/dags/mlflow_tracking_dag.py
[2026-04-27T05:37:00.796+0000] {logging_mixin.py:188} INFO - [2026-04-27T05:37:00.795+0000] {dag.py:3036} INFO - Sync 1 DAGs
[2026-04-27T05:37:00.805+0000] {logging_mixin.py:188} INFO - [2026-04-27T05:37:00.805+0000] {dag.py:3823} INFO - Setting next_dagrun for mlflow_model_tracking to None, run_after=None
[2026-04-27T05:37:00.828+0000] {processor.py:183} INFO - Processing /home/airflow/dags/mlflow_tracking_dag.py took 0.868 seconds
[2026-04-27T05:37:31.245+0000] {processor.py:161} INFO - Started process (PID=20267) to work on /home/airflow/dags/mlflow_tracking_dag.py
[2026-04-27T05:37:31.246+0000] {processor.py:830} INFO - Processing file /home/airflow/dags/mlflow_tracking_dag.py for tasks to queue
[2026-04-27T05:37:31.247+0000] {logging_mixin.py:188} INFO - [2026-04-27T05:37:31.246+0000] {dagbag.py:538} INFO - Filling up the DagBag from /home/airflow/dags/mlflow_tracking_dag.py
[2026-04-27T05:37:31.935+0000] {processor.py:840} INFO - DAG(s) 'mlflow_model_tracking' retrieved from /home/airflow/dags/mlflow_tracking_dag.py
[2026-04-27T05:37:31.957+0000] {logging_mixin.py:188} INFO - [2026-04-27T05:37:31.957+0000] {dag.py:3036} INFO - Sync 1 DAGs
[2026-04-27T05:37:31.966+0000] {logging_mixin.py:188} INFO - [2026-04-27T05:37:31.966+0000] {dag.py:3823} INFO - Setting next_dagrun for mlflow_model_tracking to None, run_after=None
[2026-04-27T05:37:31.995+0000] {processor.py:183} INFO - Processing /home/airflow/dags/mlflow_tracking_dag.py took 0.753 seconds
[2026-04-27T05:38:02.538+0000] {processor.py:161} INFO - Started process (PID=20312) to work on /home/airflow/dags/mlflow_tracking_dag.py
[2026-04-27T05:38:02.539+0000] {processor.py:830} INFO - Processing file /home/airflow/dags/mlflow_tracking_dag.py for tasks to queue
[2026-04-27T05:38:02.540+0000] {logging_mixin.py:188} INFO - [2026-04-27T05:38:02.540+0000] {dagbag.py:538} INFO - Filling up the DagBag from /home/airflow/dags/mlflow_tracking_dag.py
[2026-04-27T05:38:03.301+0000] {processor.py:840} INFO - DAG(s) 'mlflow_model_tracking' retrieved from /home/airflow/dags/mlflow_tracking_dag.py
[2026-04-27T05:38:03.328+0000] {logging_mixin.py:188} INFO - [2026-04-27T05:38:03.327+0000] {dag.py:3036} INFO - Sync 1 DAGs
[2026-04-27T05:38:03.338+0000] {logging_mixin.py:188} INFO - [2026-04-27T05:38:03.338+0000] {dag.py:3823} INFO - Setting next_dagrun for mlflow_model_tracking to None, run_after=None
[2026-04-27T05:38:03.364+0000] {processor.py:183} INFO - Processing /home/airflow/dags/mlflow_tracking_dag.py took 0.830 seconds
[2026-04-27T05:38:33.914+0000] {processor.py:161} INFO - Started process (PID=20357) to work on /home/airflow/dags/mlflow_tracking_dag.py
[2026-04-27T05:38:33.915+0000] {processor.py:830} INFO - Processing file /home/airflow/dags/mlflow_tracking_dag.py for tasks to queue
[2026-04-27T05:38:33.916+0000] {logging_mixin.py:188} INFO - [2026-04-27T05:38:33.916+0000] {dagbag.py:538} INFO - Filling up the DagBag from /home/airflow/dags/mlflow_tracking_dag.py
[2026-04-27T05:38:34.722+0000] {processor.py:840} INFO - DAG(s) 'mlflow_model_tracking' retrieved from /home/airflow/dags/mlflow_tracking_dag.py
[2026-04-27T05:38:34.748+0000] {logging_mixin.py:188} INFO - [2026-04-27T05:38:34.747+0000] {dag.py:3036} INFO - Sync 1 DAGs
[2026-04-27T05:38:34.757+0000] {logging_mixin.py:188} INFO - [2026-04-27T05:38:34.757+0000] {dag.py:3823} INFO - Setting next_dagrun for mlflow_model_tracking to None, run_after=None
[2026-04-27T05:38:34.782+0000] {processor.py:183} INFO - Processing /home/airflow/dags/mlflow_tracking_dag.py took 0.872 seconds
[2026-04-27T05:39:05.287+0000] {processor.py:161} INFO - Started process (PID=20402) to work on /home/airflow/dags/mlflow_tracking_dag.py
[2026-04-27T05:39:05.289+0000] {processor.py:830} INFO - Processing file /home/airflow/dags/mlflow_tracking_dag.py for tasks to queue
[2026-04-27T05:39:05.290+0000] {logging_mixin.py:188} INFO - [2026-04-27T05:39:05.289+0000] {dagbag.py:538} INFO - Filling up the DagBag from /home/airflow/dags/mlflow_tracking_dag.py
[2026-04-27T05:39:06.162+0000] {processor.py:840} INFO - DAG(s) 'mlflow_model_tracking' retrieved from /home/airflow/dags/mlflow_tracking_dag.py
[2026-04-27T05:39:06.187+0000] {logging_mixin.py:188} INFO - [2026-04-27T05:39:06.186+0000] {dag.py:3036} INFO - Sync 1 DAGs
[2026-04-27T05:39:06.197+0000] {logging_mixin.py:188} INFO - [2026-04-27T05:39:06.196+0000] {dag.py:3823} INFO - Setting next_dagrun for mlflow_model_tracking to None, run_after=None
[2026-04-27T05:39:06.223+0000] {processor.py:183} INFO - Processing /home/airflow/dags/mlflow_tracking_dag.py took 0.941 seconds
[2026-04-27T05:39:36.297+0000] {processor.py:161} INFO - Started process (PID=20447) to work on /home/airflow/dags/mlflow_tracking_dag.py
[2026-04-27T05:39:36.298+0000] {processor.py:830} INFO - Processing file /home/airflow/dags/mlflow_tracking_dag.py for tasks to queue
[2026-04-27T05:39:36.299+0000] {logging_mixin.py:188} INFO - [2026-04-27T05:39:36.299+0000] {dagbag.py:538} INFO - Filling up the DagBag from /home/airflow/dags/mlflow_tracking_dag.py
[2026-04-27T05:39:37.024+0000] {processor.py:840} INFO - DAG(s) 'mlflow_model_tracking' retrieved from /home/airflow/dags/mlflow_tracking_dag.py
[2026-04-27T05:39:37.049+0000] {logging_mixin.py:188} INFO - [2026-04-27T05:39:37.049+0000] {dag.py:3036} INFO - Sync 1 DAGs
[2026-04-27T05:39:37.060+0000] {logging_mixin.py:188} INFO - [2026-04-27T05:39:37.060+0000] {dag.py:3823} INFO - Setting next_dagrun for mlflow_model_tracking to None, run_after=None
[2026-04-27T05:39:37.085+0000] {processor.py:183} INFO - Processing /home/airflow/dags/mlflow_tracking_dag.py took 0.791 seconds
[2026-04-27T05:40:07.736+0000] {processor.py:161} INFO - Started process (PID=20492) to work on /home/airflow/dags/mlflow_tracking_dag.py
[2026-04-27T05:40:07.737+0000] {processor.py:830} INFO - Processing file /home/airflow/dags/mlflow_tracking_dag.py for tasks to queue
[2026-04-27T05:40:07.738+0000] {logging_mixin.py:188} INFO - [2026-04-27T05:40:07.738+0000] {dagbag.py:538} INFO - Filling up the DagBag from /home/airflow/dags/mlflow_tracking_dag.py
[2026-04-27T05:40:08.634+0000] {processor.py:840} INFO - DAG(s) 'mlflow_model_tracking' retrieved from /home/airflow/dags/mlflow_tracking_dag.py
[2026-04-27T05:40:08.659+0000] {logging_mixin.py:188} INFO - [2026-04-27T05:40:08.659+0000] {dag.py:3036} INFO - Sync 1 DAGs
[2026-04-27T05:40:08.669+0000] {logging_mixin.py:188} INFO - [2026-04-27T05:40:08.669+0000] {dag.py:3823} INFO - Setting next_dagrun for mlflow_model_tracking to None, run_after=None
[2026-04-27T05:40:08.727+0000] {processor.py:183} INFO - Processing /home/airflow/dags/mlflow_tracking_dag.py took 0.996 seconds
[2026-04-27T05:40:39.158+0000] {processor.py:161} INFO - Started process (PID=20537) to work on /home/airflow/dags/mlflow_tracking_dag.py
[2026-04-27T05:40:39.159+0000] {processor.py:830} INFO - Processing file /home/airflow/dags/mlflow_tracking_dag.py for tasks to queue
[2026-04-27T05:40:39.160+0000] {logging_mixin.py:188} INFO - [2026-04-27T05:40:39.160+0000] {dagbag.py:538} INFO - Filling up the DagBag from /home/airflow/dags/mlflow_tracking_dag.py
[2026-04-27T05:40:39.954+0000] {processor.py:840} INFO - DAG(s) 'mlflow_model_tracking' retrieved from /home/airflow/dags/mlflow_tracking_dag.py
[2026-04-27T05:40:39.978+0000] {logging_mixin.py:188} INFO - [2026-04-27T05:40:39.978+0000] {dag.py:3036} INFO - Sync 1 DAGs
[2026-04-27T05:40:39.987+0000] {logging_mixin.py:188} INFO - [2026-04-27T05:40:39.987+0000] {dag.py:3823} INFO - Setting next_dagrun for mlflow_model_tracking to None, run_after=None
[2026-04-27T05:40:40.010+0000] {processor.py:183} INFO - Processing /home/airflow/dags/mlflow_tracking_dag.py took 0.856 seconds
[2026-04-27T05:41:10.507+0000] {processor.py:161} INFO - Started process (PID=20582) to work on /home/airflow/dags/mlflow_tracking_dag.py
[2026-04-27T05:41:10.509+0000] {processor.py:830} INFO - Processing file /home/airflow/dags/mlflow_tracking_dag.py for tasks to queue
[2026-04-27T05:41:10.510+0000] {logging_mixin.py:188} INFO - [2026-04-27T05:41:10.509+0000] {dagbag.py:538} INFO - Filling up the DagBag from /home/airflow/dags/mlflow_tracking_dag.py
[2026-04-27T05:41:11.280+0000] {processor.py:840} INFO - DAG(s) 'mlflow_model_tracking' retrieved from /home/airflow/dags/mlflow_tracking_dag.py
[2026-04-27T05:41:11.304+0000] {logging_mixin.py:188} INFO - [2026-04-27T05:41:11.304+0000] {dag.py:3036} INFO - Sync 1 DAGs
[2026-04-27T05:41:11.315+0000] {logging_mixin.py:188} INFO - [2026-04-27T05:41:11.314+0000] {dag.py:3823} INFO - Setting next_dagrun for mlflow_model_tracking to None, run_after=None
[2026-04-27T05:41:11.335+0000] {processor.py:183} INFO - Processing /home/airflow/dags/mlflow_tracking_dag.py took 0.832 seconds
[2026-04-27T05:41:41.820+0000] {processor.py:161} INFO - Started process (PID=20627) to work on /home/airflow/dags/mlflow_tracking_dag.py
[2026-04-27T05:41:41.821+0000] {processor.py:830} INFO - Processing file /home/airflow/dags/mlflow_tracking_dag.py for tasks to queue
[2026-04-27T05:41:41.822+0000] {logging_mixin.py:188} INFO - [2026-04-27T05:41:41.822+0000] {dagbag.py:538} INFO - Filling up the DagBag from /home/airflow/dags/mlflow_tracking_dag.py
[2026-04-27T05:41:42.553+0000] {processor.py:840} INFO - DAG(s) 'mlflow_model_tracking' retrieved from /home/airflow/dags/mlflow_tracking_dag.py
[2026-04-27T05:41:42.577+0000] {logging_mixin.py:188} INFO - [2026-04-27T05:41:42.577+0000] {dag.py:3036} INFO - Sync 1 DAGs
[2026-04-27T05:41:42.586+0000] {logging_mixin.py:188} INFO - [2026-04-27T05:41:42.585+0000] {dag.py:3823} INFO - Setting next_dagrun for mlflow_model_tracking to None, run_after=None
[2026-04-27T05:41:42.608+0000] {processor.py:183} INFO - Processing /home/airflow/dags/mlflow_tracking_dag.py took 0.792 seconds
[2026-04-27T05:42:13.048+0000] {processor.py:161} INFO - Started process (PID=20672) to work on /home/airflow/dags/mlflow_tracking_dag.py
[2026-04-27T05:42:13.050+0000] {processor.py:830} INFO - Processing file /home/airflow/dags/mlflow_tracking_dag.py for tasks to queue
[2026-04-27T05:42:13.051+0000] {logging_mixin.py:188} INFO - [2026-04-27T05:42:13.050+0000] {dagbag.py:538} INFO - Filling up the DagBag from /home/airflow/dags/mlflow_tracking_dag.py
[2026-04-27T05:42:14.037+0000] {processor.py:840} INFO - DAG(s) 'mlflow_model_tracking' retrieved from /home/airflow/dags/mlflow_tracking_dag.py
[2026-04-27T05:42:14.063+0000] {logging_mixin.py:188} INFO - [2026-04-27T05:42:14.063+0000] {dag.py:3036} INFO - Sync 1 DAGs
[2026-04-27T05:42:14.073+0000] {logging_mixin.py:188} INFO - [2026-04-27T05:42:14.072+0000] {dag.py:3823} INFO - Setting next_dagrun for mlflow_model_tracking to None, run_after=None
[2026-04-27T05:42:14.098+0000] {processor.py:183} INFO - Processing /home/airflow/dags/mlflow_tracking_dag.py took 1.053 seconds
[2026-04-27T05:42:44.590+0000] {processor.py:161} INFO - Started process (PID=20717) to work on /home/airflow/dags/mlflow_tracking_dag.py
[2026-04-27T05:42:44.591+0000] {processor.py:830} INFO - Processing file /home/airflow/dags/mlflow_tracking_dag.py for tasks to queue
[2026-04-27T05:42:44.592+0000] {logging_mixin.py:188} INFO - [2026-04-27T05:42:44.591+0000] {dagbag.py:538} INFO - Filling up the DagBag from /home/airflow/dags/mlflow_tracking_dag.py
[2026-04-27T05:42:45.331+0000] {processor.py:840} INFO - DAG(s) 'mlflow_model_tracking' retrieved from /home/airflow/dags/mlflow_tracking_dag.py
[2026-04-27T05:42:45.355+0000] {logging_mixin.py:188} INFO - [2026-04-27T05:42:45.354+0000] {dag.py:3036} INFO - Sync 1 DAGs
[2026-04-27T05:42:45.365+0000] {logging_mixin.py:188} INFO - [2026-04-27T05:42:45.365+0000] {dag.py:3823} INFO - Setting next_dagrun for mlflow_model_tracking to None, run_after=None
[2026-04-27T05:42:45.387+0000] {processor.py:183} INFO - Processing /home/airflow/dags/mlflow_tracking_dag.py took 0.801 seconds
[2026-04-27T05:43:16.009+0000] {processor.py:161} INFO - Started process (PID=20762) to work on /home/airflow/dags/mlflow_tracking_dag.py
[2026-04-27T05:43:16.010+0000] {processor.py:830} INFO - Processing file /home/airflow/dags/mlflow_tracking_dag.py for tasks to queue
[2026-04-27T05:43:16.011+0000] {logging_mixin.py:188} INFO - [2026-04-27T05:43:16.010+0000] {dagbag.py:538} INFO - Filling up the DagBag from /home/airflow/dags/mlflow_tracking_dag.py
[2026-04-27T05:43:16.882+0000] {processor.py:840} INFO - DAG(s) 'mlflow_model_tracking' retrieved from /home/airflow/dags/mlflow_tracking_dag.py
[2026-04-27T05:43:16.912+0000] {logging_mixin.py:188} INFO - [2026-04-27T05:43:16.911+0000] {dag.py:3036} INFO - Sync 1 DAGs
[2026-04-27T05:43:16.924+0000] {logging_mixin.py:188} INFO - [2026-04-27T05:43:16.923+0000] {dag.py:3823} INFO - Setting next_dagrun for mlflow_model_tracking to None, run_after=None
[2026-04-27T05:43:16.948+0000] {processor.py:183} INFO - Processing /home/airflow/dags/mlflow_tracking_dag.py took 0.943 seconds
[2026-04-27T05:43:47.690+0000] {processor.py:161} INFO - Started process (PID=20807) to work on /home/airflow/dags/mlflow_tracking_dag.py
[2026-04-27T05:43:47.694+0000] {processor.py:830} INFO - Processing file /home/airflow/dags/mlflow_tracking_dag.py for tasks to queue
[2026-04-27T05:43:47.696+0000] {logging_mixin.py:188} INFO - [2026-04-27T05:43:47.695+0000] {dagbag.py:538} INFO - Filling up the DagBag from /home/airflow/dags/mlflow_tracking_dag.py
[2026-04-27T05:43:49.630+0000] {processor.py:840} INFO - DAG(s) 'mlflow_model_tracking' retrieved from /home/airflow/dags/mlflow_tracking_dag.py
[2026-04-27T05:43:49.667+0000] {logging_mixin.py:188} INFO - [2026-04-27T05:43:49.667+0000] {dag.py:3036} INFO - Sync 1 DAGs
[2026-04-27T05:43:49.690+0000] {logging_mixin.py:188} INFO - [2026-04-27T05:43:49.690+0000] {dag.py:3823} INFO - Setting next_dagrun for mlflow_model_tracking to None, run_after=None
[2026-04-27T05:43:49.760+0000] {processor.py:183} INFO - Processing /home/airflow/dags/mlflow_tracking_dag.py took 2.074 seconds
[2026-04-27T05:44:20.135+0000] {processor.py:161} INFO - Started process (PID=20852) to work on /home/airflow/dags/mlflow_tracking_dag.py
[2026-04-27T05:44:20.136+0000] {processor.py:830} INFO - Processing file /home/airflow/dags/mlflow_tracking_dag.py for tasks to queue
[2026-04-27T05:44:20.138+0000] {logging_mixin.py:188} INFO - [2026-04-27T05:44:20.137+0000] {dagbag.py:538} INFO - Filling up the DagBag from /home/airflow/dags/mlflow_tracking_dag.py
[2026-04-27T05:44:20.950+0000] {processor.py:840} INFO - DAG(s) 'mlflow_model_tracking' retrieved from /home/airflow/dags/mlflow_tracking_dag.py
[2026-04-27T05:44:20.973+0000] {logging_mixin.py:188} INFO - [2026-04-27T05:44:20.972+0000] {dag.py:3036} INFO - Sync 1 DAGs
[2026-04-27T05:44:20.983+0000] {logging_mixin.py:188} INFO - [2026-04-27T05:44:20.982+0000] {dag.py:3823} INFO - Setting next_dagrun for mlflow_model_tracking to None, run_after=None
[2026-04-27T05:44:21.010+0000] {processor.py:183} INFO - Processing /home/airflow/dags/mlflow_tracking_dag.py took 0.879 seconds
[2026-04-27T05:44:51.363+0000] {processor.py:161} INFO - Started process (PID=20897) to work on /home/airflow/dags/mlflow_tracking_dag.py
[2026-04-27T05:44:51.365+0000] {processor.py:830} INFO - Processing file /home/airflow/dags/mlflow_tracking_dag.py for tasks to queue
[2026-04-27T05:44:51.366+0000] {logging_mixin.py:188} INFO - [2026-04-27T05:44:51.366+0000] {dagbag.py:538} INFO - Filling up the DagBag from /home/airflow/dags/mlflow_tracking_dag.py
[2026-04-27T05:44:52.267+0000] {processor.py:840} INFO - DAG(s) 'mlflow_model_tracking' retrieved from /home/airflow/dags/mlflow_tracking_dag.py
[2026-04-27T05:44:52.294+0000] {logging_mixin.py:188} INFO - [2026-04-27T05:44:52.293+0000] {dag.py:3036} INFO - Sync 1 DAGs
[2026-04-27T05:44:52.304+0000] {logging_mixin.py:188} INFO - [2026-04-27T05:44:52.303+0000] {dag.py:3823} INFO - Setting next_dagrun for mlflow_model_tracking to None, run_after=None
[2026-04-27T05:44:52.328+0000] {processor.py:183} INFO - Processing /home/airflow/dags/mlflow_tracking_dag.py took 0.969 seconds
[2026-04-27T05:45:22.856+0000] {processor.py:161} INFO - Started process (PID=20942) to work on /home/airflow/dags/mlflow_tracking_dag.py
[2026-04-27T05:45:22.857+0000] {processor.py:830} INFO - Processing file /home/airflow/dags/mlflow_tracking_dag.py for tasks to queue
[2026-04-27T05:45:22.858+0000] {logging_mixin.py:188} INFO - [2026-04-27T05:45:22.858+0000] {dagbag.py:538} INFO - Filling up the DagBag from /home/airflow/dags/mlflow_tracking_dag.py
[2026-04-27T05:45:23.708+0000] {processor.py:840} INFO - DAG(s) 'mlflow_model_tracking' retrieved from /home/airflow/dags/mlflow_tracking_dag.py
[2026-04-27T05:45:23.735+0000] {logging_mixin.py:188} INFO - [2026-04-27T05:45:23.734+0000] {dag.py:3036} INFO - Sync 1 DAGs
[2026-04-27T05:45:23.746+0000] {logging_mixin.py:188} INFO - [2026-04-27T05:45:23.745+0000] {dag.py:3823} INFO - Setting next_dagrun for mlflow_model_tracking to None, run_after=None
[2026-04-27T05:45:23.778+0000] {processor.py:183} INFO - Processing /home/airflow/dags/mlflow_tracking_dag.py took 0.926 seconds
[2026-04-27T05:45:54.342+0000] {processor.py:161} INFO - Started process (PID=20987) to work on /home/airflow/dags/mlflow_tracking_dag.py
[2026-04-27T05:45:54.343+0000] {processor.py:830} INFO - Processing file /home/airflow/dags/mlflow_tracking_dag.py for tasks to queue
[2026-04-27T05:45:54.345+0000] {logging_mixin.py:188} INFO - [2026-04-27T05:45:54.344+0000] {dagbag.py:538} INFO - Filling up the DagBag from /home/airflow/dags/mlflow_tracking_dag.py
[2026-04-27T05:45:55.198+0000] {processor.py:840} INFO - DAG(s) 'mlflow_model_tracking' retrieved from /home/airflow/dags/mlflow_tracking_dag.py
[2026-04-27T05:45:55.226+0000] {logging_mixin.py:188} INFO - [2026-04-27T05:45:55.225+0000] {dag.py:3036} INFO - Sync 1 DAGs
[2026-04-27T05:45:55.238+0000] {logging_mixin.py:188} INFO - [2026-04-27T05:45:55.238+0000] {dag.py:3823} INFO - Setting next_dagrun for mlflow_model_tracking to None, run_after=None
[2026-04-27T05:45:55.262+0000] {processor.py:183} INFO - Processing /home/airflow/dags/mlflow_tracking_dag.py took 0.924 seconds
[2026-04-27T05:46:25.566+0000] {processor.py:161} INFO - Started process (PID=21032) to work on /home/airflow/dags/mlflow_tracking_dag.py
[2026-04-27T05:46:25.568+0000] {processor.py:830} INFO - Processing file /home/airflow/dags/mlflow_tracking_dag.py for tasks to queue
[2026-04-27T05:46:25.569+0000] {logging_mixin.py:188} INFO - [2026-04-27T05:46:25.568+0000] {dagbag.py:538} INFO - Filling up the DagBag from /home/airflow/dags/mlflow_tracking_dag.py
[2026-04-27T05:46:26.393+0000] {processor.py:840} INFO - DAG(s) 'mlflow_model_tracking' retrieved from /home/airflow/dags/mlflow_tracking_dag.py
[2026-04-27T05:46:26.416+0000] {logging_mixin.py:188} INFO - [2026-04-27T05:46:26.416+0000] {dag.py:3036} INFO - Sync 1 DAGs
[2026-04-27T05:46:26.427+0000] {logging_mixin.py:188} INFO - [2026-04-27T05:46:26.427+0000] {dag.py:3823} INFO - Setting next_dagrun for mlflow_model_tracking to None, run_after=None
[2026-04-27T05:46:26.448+0000] {processor.py:183} INFO - Processing /home/airflow/dags/mlflow_tracking_dag.py took 0.885 seconds
[2026-04-27T05:46:56.654+0000] {processor.py:161} INFO - Started process (PID=21077) to work on /home/airflow/dags/mlflow_tracking_dag.py
[2026-04-27T05:46:56.656+0000] {processor.py:830} INFO - Processing file /home/airflow/dags/mlflow_tracking_dag.py for tasks to queue
[2026-04-27T05:46:56.657+0000] {logging_mixin.py:188} INFO - [2026-04-27T05:46:56.656+0000] {dagbag.py:538} INFO - Filling up the DagBag from /home/airflow/dags/mlflow_tracking_dag.py
[2026-04-27T05:46:57.479+0000] {processor.py:840} INFO - DAG(s) 'mlflow_model_tracking' retrieved from /home/airflow/dags/mlflow_tracking_dag.py
[2026-04-27T05:46:57.507+0000] {logging_mixin.py:188} INFO - [2026-04-27T05:46:57.506+0000] {dag.py:3036} INFO - Sync 1 DAGs
[2026-04-27T05:46:57.516+0000] {logging_mixin.py:188} INFO - [2026-04-27T05:46:57.516+0000] {dag.py:3823} INFO - Setting next_dagrun for mlflow_model_tracking to None, run_after=None
[2026-04-27T05:46:57.540+0000] {processor.py:183} INFO - Processing /home/airflow/dags/mlflow_tracking_dag.py took 0.889 seconds
[2026-04-27T05:47:27.649+0000] {processor.py:161} INFO - Started process (PID=21122) to work on /home/airflow/dags/mlflow_tracking_dag.py
[2026-04-27T05:47:27.650+0000] {processor.py:830} INFO - Processing file /home/airflow/dags/mlflow_tracking_dag.py for tasks to queue
[2026-04-27T05:47:27.651+0000] {logging_mixin.py:188} INFO - [2026-04-27T05:47:27.651+0000] {dagbag.py:538} INFO - Filling up the DagBag from /home/airflow/dags/mlflow_tracking_dag.py
[2026-04-27T05:47:28.358+0000] {processor.py:840} INFO - DAG(s) 'mlflow_model_tracking' retrieved from /home/airflow/dags/mlflow_tracking_dag.py
[2026-04-27T05:47:28.380+0000] {logging_mixin.py:188} INFO - [2026-04-27T05:47:28.379+0000] {dag.py:3036} INFO - Sync 1 DAGs
[2026-04-27T05:47:28.388+0000] {logging_mixin.py:188} INFO - [2026-04-27T05:47:28.388+0000] {dag.py:3823} INFO - Setting next_dagrun for mlflow_model_tracking to None, run_after=None
[2026-04-27T05:47:28.408+0000] {processor.py:183} INFO - Processing /home/airflow/dags/mlflow_tracking_dag.py took 0.763 seconds
[2026-04-27T05:47:58.886+0000] {processor.py:161} INFO - Started process (PID=21167) to work on /home/airflow/dags/mlflow_tracking_dag.py
[2026-04-27T05:47:58.887+0000] {processor.py:830} INFO - Processing file /home/airflow/dags/mlflow_tracking_dag.py for tasks to queue
[2026-04-27T05:47:58.888+0000] {logging_mixin.py:188} INFO - [2026-04-27T05:47:58.887+0000] {dagbag.py:538} INFO - Filling up the DagBag from /home/airflow/dags/mlflow_tracking_dag.py
[2026-04-27T05:47:59.662+0000] {processor.py:840} INFO - DAG(s) 'mlflow_model_tracking' retrieved from /home/airflow/dags/mlflow_tracking_dag.py
[2026-04-27T05:47:59.687+0000] {logging_mixin.py:188} INFO - [2026-04-27T05:47:59.686+0000] {dag.py:3036} INFO - Sync 1 DAGs
[2026-04-27T05:47:59.701+0000] {logging_mixin.py:188} INFO - [2026-04-27T05:47:59.701+0000] {dag.py:3823} INFO - Setting next_dagrun for mlflow_model_tracking to None, run_after=None
[2026-04-27T05:47:59.736+0000] {processor.py:183} INFO - Processing /home/airflow/dags/mlflow_tracking_dag.py took 0.854 seconds
[2026-04-27T05:48:30.509+0000] {processor.py:161} INFO - Started process (PID=21212) to work on /home/airflow/dags/mlflow_tracking_dag.py
[2026-04-27T05:48:30.511+0000] {processor.py:830} INFO - Processing file /home/airflow/dags/mlflow_tracking_dag.py for tasks to queue
[2026-04-27T05:48:30.512+0000] {logging_mixin.py:188} INFO - [2026-04-27T05:48:30.511+0000] {dagbag.py:538} INFO - Filling up the DagBag from /home/airflow/dags/mlflow_tracking_dag.py
[2026-04-27T05:48:31.342+0000] {processor.py:840} INFO - DAG(s) 'mlflow_model_tracking' retrieved from /home/airflow/dags/mlflow_tracking_dag.py
[2026-04-27T05:48:31.364+0000] {logging_mixin.py:188} INFO - [2026-04-27T05:48:31.364+0000] {dag.py:3036} INFO - Sync 1 DAGs
[2026-04-27T05:48:31.375+0000] {logging_mixin.py:188} INFO - [2026-04-27T05:48:31.375+0000] {dag.py:3823} INFO - Setting next_dagrun for mlflow_model_tracking to None, run_after=None
[2026-04-27T05:48:31.396+0000] {processor.py:183} INFO - Processing /home/airflow/dags/mlflow_tracking_dag.py took 0.890 seconds
[2026-04-27T05:49:02.065+0000] {processor.py:161} INFO - Started process (PID=21257) to work on /home/airflow/dags/mlflow_tracking_dag.py
[2026-04-27T05:49:02.067+0000] {processor.py:830} INFO - Processing file /home/airflow/dags/mlflow_tracking_dag.py for tasks to queue
[2026-04-27T05:49:02.068+0000] {logging_mixin.py:188} INFO - [2026-04-27T05:49:02.067+0000] {dagbag.py:538} INFO - Filling up the DagBag from /home/airflow/dags/mlflow_tracking_dag.py
[2026-04-27T05:49:02.752+0000] {processor.py:840} INFO - DAG(s) 'mlflow_model_tracking' retrieved from /home/airflow/dags/mlflow_tracking_dag.py
[2026-04-27T05:49:02.773+0000] {logging_mixin.py:188} INFO - [2026-04-27T05:49:02.773+0000] {dag.py:3036} INFO - Sync 1 DAGs
[2026-04-27T05:49:02.782+0000] {logging_mixin.py:188} INFO - [2026-04-27T05:49:02.782+0000] {dag.py:3823} INFO - Setting next_dagrun for mlflow_model_tracking to None, run_after=None
[2026-04-27T05:49:02.805+0000] {processor.py:183} INFO - Processing /home/airflow/dags/mlflow_tracking_dag.py took 0.746 seconds
[2026-04-27T05:49:33.496+0000] {processor.py:161} INFO - Started process (PID=21302) to work on /home/airflow/dags/mlflow_tracking_dag.py
[2026-04-27T05:49:33.498+0000] {processor.py:830} INFO - Processing file /home/airflow/dags/mlflow_tracking_dag.py for tasks to queue
[2026-04-27T05:49:33.499+0000] {logging_mixin.py:188} INFO - [2026-04-27T05:49:33.498+0000] {dagbag.py:538} INFO - Filling up the DagBag from /home/airflow/dags/mlflow_tracking_dag.py
[2026-04-27T05:49:34.318+0000] {processor.py:840} INFO - DAG(s) 'mlflow_model_tracking' retrieved from /home/airflow/dags/mlflow_tracking_dag.py
[2026-04-27T05:49:34.340+0000] {logging_mixin.py:188} INFO - [2026-04-27T05:49:34.340+0000] {dag.py:3036} INFO - Sync 1 DAGs
[2026-04-27T05:49:34.350+0000] {logging_mixin.py:188} INFO - [2026-04-27T05:49:34.350+0000] {dag.py:3823} INFO - Setting next_dagrun for mlflow_model_tracking to None, run_after=None
[2026-04-27T05:49:34.375+0000] {processor.py:183} INFO - Processing /home/airflow/dags/mlflow_tracking_dag.py took 0.883 seconds
[2026-04-27T05:50:04.481+0000] {processor.py:161} INFO - Started process (PID=21347) to work on /home/airflow/dags/mlflow_tracking_dag.py
[2026-04-27T05:50:04.482+0000] {processor.py:830} INFO - Processing file /home/airflow/dags/mlflow_tracking_dag.py for tasks to queue
[2026-04-27T05:50:04.483+0000] {logging_mixin.py:188} INFO - [2026-04-27T05:50:04.483+0000] {dagbag.py:538} INFO - Filling up the DagBag from /home/airflow/dags/mlflow_tracking_dag.py
[2026-04-27T05:50:05.176+0000] {processor.py:840} INFO - DAG(s) 'mlflow_model_tracking' retrieved from /home/airflow/dags/mlflow_tracking_dag.py
[2026-04-27T05:50:05.202+0000] {logging_mixin.py:188} INFO - [2026-04-27T05:50:05.201+0000] {dag.py:3036} INFO - Sync 1 DAGs
[2026-04-27T05:50:05.211+0000] {logging_mixin.py:188} INFO - [2026-04-27T05:50:05.211+0000] {dag.py:3823} INFO - Setting next_dagrun for mlflow_model_tracking to None, run_after=None
[2026-04-27T05:50:05.234+0000] {processor.py:183} INFO - Processing /home/airflow/dags/mlflow_tracking_dag.py took 0.757 seconds
[2026-04-27T05:50:35.468+0000] {processor.py:161} INFO - Started process (PID=21392) to work on /home/airflow/dags/mlflow_tracking_dag.py
[2026-04-27T05:50:35.470+0000] {processor.py:830} INFO - Processing file /home/airflow/dags/mlflow_tracking_dag.py for tasks to queue
[2026-04-27T05:50:35.471+0000] {logging_mixin.py:188} INFO - [2026-04-27T05:50:35.470+0000] {dagbag.py:538} INFO - Filling up the DagBag from /home/airflow/dags/mlflow_tracking_dag.py
[2026-04-27T05:50:36.166+0000] {processor.py:840} INFO - DAG(s) 'mlflow_model_tracking' retrieved from /home/airflow/dags/mlflow_tracking_dag.py
[2026-04-27T05:50:36.189+0000] {logging_mixin.py:188} INFO - [2026-04-27T05:50:36.189+0000] {dag.py:3036} INFO - Sync 1 DAGs
[2026-04-27T05:50:36.198+0000] {logging_mixin.py:188} INFO - [2026-04-27T05:50:36.198+0000] {dag.py:3823} INFO - Setting next_dagrun for mlflow_model_tracking to None, run_after=None
[2026-04-27T05:50:36.219+0000] {processor.py:183} INFO - Processing /home/airflow/dags/mlflow_tracking_dag.py took 0.754 seconds
[2026-04-27T05:51:06.792+0000] {processor.py:161} INFO - Started process (PID=21437) to work on /home/airflow/dags/mlflow_tracking_dag.py
[2026-04-27T05:51:06.794+0000] {processor.py:830} INFO - Processing file /home/airflow/dags/mlflow_tracking_dag.py for tasks to queue
[2026-04-27T05:51:06.796+0000] {logging_mixin.py:188} INFO - [2026-04-27T05:51:06.795+0000] {dagbag.py:538} INFO - Filling up the DagBag from /home/airflow/dags/mlflow_tracking_dag.py
[2026-04-27T05:51:07.670+0000] {processor.py:840} INFO - DAG(s) 'mlflow_model_tracking' retrieved from /home/airflow/dags/mlflow_tracking_dag.py
[2026-04-27T05:51:07.695+0000] {logging_mixin.py:188} INFO - [2026-04-27T05:51:07.694+0000] {dag.py:3036} INFO - Sync 1 DAGs
[2026-04-27T05:51:07.707+0000] {logging_mixin.py:188} INFO - [2026-04-27T05:51:07.706+0000] {dag.py:3823} INFO - Setting next_dagrun for mlflow_model_tracking to None, run_after=None
[2026-04-27T05:51:07.731+0000] {processor.py:183} INFO - Processing /home/airflow/dags/mlflow_tracking_dag.py took 0.942 seconds
[2026-04-27T05:51:37.923+0000] {processor.py:161} INFO - Started process (PID=21482) to work on /home/airflow/dags/mlflow_tracking_dag.py
[2026-04-27T05:51:37.924+0000] {processor.py:830} INFO - Processing file /home/airflow/dags/mlflow_tracking_dag.py for tasks to queue
[2026-04-27T05:51:37.925+0000] {logging_mixin.py:188} INFO - [2026-04-27T05:51:37.925+0000] {dagbag.py:538} INFO - Filling up the DagBag from /home/airflow/dags/mlflow_tracking_dag.py
[2026-04-27T05:51:38.748+0000] {processor.py:840} INFO - DAG(s) 'mlflow_model_tracking' retrieved from /home/airflow/dags/mlflow_tracking_dag.py
[2026-04-27T05:51:38.769+0000] {logging_mixin.py:188} INFO - [2026-04-27T05:51:38.769+0000] {dag.py:3036} INFO - Sync 1 DAGs
[2026-04-27T05:51:38.778+0000] {logging_mixin.py:188} INFO - [2026-04-27T05:51:38.778+0000] {dag.py:3823} INFO - Setting next_dagrun for mlflow_model_tracking to None, run_after=None
[2026-04-27T05:51:38.798+0000] {processor.py:183} INFO - Processing /home/airflow/dags/mlflow_tracking_dag.py took 0.879 seconds
[2026-04-27T05:52:09.011+0000] {processor.py:161} INFO - Started process (PID=21527) to work on /home/airflow/dags/mlflow_tracking_dag.py
[2026-04-27T05:52:09.012+0000] {processor.py:830} INFO - Processing file /home/airflow/dags/mlflow_tracking_dag.py for tasks to queue
[2026-04-27T05:52:09.013+0000] {logging_mixin.py:188} INFO - [2026-04-27T05:52:09.013+0000] {dagbag.py:538} INFO - Filling up the DagBag from /home/airflow/dags/mlflow_tracking_dag.py
[2026-04-27T05:52:09.812+0000] {processor.py:840} INFO - DAG(s) 'mlflow_model_tracking' retrieved from /home/airflow/dags/mlflow_tracking_dag.py
[2026-04-27T05:52:09.832+0000] {logging_mixin.py:188} INFO - [2026-04-27T05:52:09.832+0000] {dag.py:3036} INFO - Sync 1 DAGs
[2026-04-27T05:52:09.842+0000] {logging_mixin.py:188} INFO - [2026-04-27T05:52:09.842+0000] {dag.py:3823} INFO - Setting next_dagrun for mlflow_model_tracking to None, run_after=None
[2026-04-27T05:52:09.864+0000] {processor.py:183} INFO - Processing /home/airflow/dags/mlflow_tracking_dag.py took 0.856 seconds
[2026-04-27T05:52:40.390+0000] {processor.py:161} INFO - Started process (PID=21572) to work on /home/airflow/dags/mlflow_tracking_dag.py
[2026-04-27T05:52:40.392+0000] {processor.py:830} INFO - Processing file /home/airflow/dags/mlflow_tracking_dag.py for tasks to queue
[2026-04-27T05:52:40.393+0000] {logging_mixin.py:188} INFO - [2026-04-27T05:52:40.392+0000] {dagbag.py:538} INFO - Filling up the DagBag from /home/airflow/dags/mlflow_tracking_dag.py
[2026-04-27T05:52:41.190+0000] {processor.py:840} INFO - DAG(s) 'mlflow_model_tracking' retrieved from /home/airflow/dags/mlflow_tracking_dag.py
[2026-04-27T05:52:41.214+0000] {logging_mixin.py:188} INFO - [2026-04-27T05:52:41.214+0000] {dag.py:3036} INFO - Sync 1 DAGs
[2026-04-27T05:52:41.226+0000] {logging_mixin.py:188} INFO - [2026-04-27T05:52:41.225+0000] {dag.py:3823} INFO - Setting next_dagrun for mlflow_model_tracking to None, run_after=None
[2026-04-27T05:52:41.249+0000] {processor.py:183} INFO - Processing /home/airflow/dags/mlflow_tracking_dag.py took 0.862 seconds
[2026-04-27T05:53:11.893+0000] {processor.py:161} INFO - Started process (PID=21617) to work on /home/airflow/dags/mlflow_tracking_dag.py
[2026-04-27T05:53:11.894+0000] {processor.py:830} INFO - Processing file /home/airflow/dags/mlflow_tracking_dag.py for tasks to queue
[2026-04-27T05:53:11.895+0000] {logging_mixin.py:188} INFO - [2026-04-27T05:53:11.895+0000] {dagbag.py:538} INFO - Filling up the DagBag from /home/airflow/dags/mlflow_tracking_dag.py
[2026-04-27T05:53:12.620+0000] {processor.py:840} INFO - DAG(s) 'mlflow_model_tracking' retrieved from /home/airflow/dags/mlflow_tracking_dag.py
[2026-04-27T05:53:12.647+0000] {logging_mixin.py:188} INFO - [2026-04-27T05:53:12.647+0000] {dag.py:3036} INFO - Sync 1 DAGs
[2026-04-27T05:53:12.815+0000] {logging_mixin.py:188} INFO - [2026-04-27T05:53:12.815+0000] {dag.py:3823} INFO - Setting next_dagrun for mlflow_model_tracking to None, run_after=None
[2026-04-27T05:53:12.836+0000] {processor.py:183} INFO - Processing /home/airflow/dags/mlflow_tracking_dag.py took 0.947 seconds
[2026-04-27T05:53:43.386+0000] {processor.py:161} INFO - Started process (PID=21662) to work on /home/airflow/dags/mlflow_tracking_dag.py
[2026-04-27T05:53:43.387+0000] {processor.py:830} INFO - Processing file /home/airflow/dags/mlflow_tracking_dag.py for tasks to queue
[2026-04-27T05:53:43.388+0000] {logging_mixin.py:188} INFO - [2026-04-27T05:53:43.388+0000] {dagbag.py:538} INFO - Filling up the DagBag from /home/airflow/dags/mlflow_tracking_dag.py
[2026-04-27T05:53:43.952+0000] {processor.py:840} INFO - DAG(s) 'mlflow_model_tracking' retrieved from /home/airflow/dags/mlflow_tracking_dag.py
[2026-04-27T05:53:43.979+0000] {logging_mixin.py:188} INFO - [2026-04-27T05:53:43.979+0000] {dag.py:3036} INFO - Sync 1 DAGs
[2026-04-27T05:53:44.110+0000] {logging_mixin.py:188} INFO - [2026-04-27T05:53:44.110+0000] {dag.py:3823} INFO - Setting next_dagrun for mlflow_model_tracking to None, run_after=None
[2026-04-27T05:53:44.133+0000] {processor.py:183} INFO - Processing /home/airflow/dags/mlflow_tracking_dag.py took 0.751 seconds
[2026-04-27T05:54:14.674+0000] {processor.py:161} INFO - Started process (PID=21707) to work on /home/airflow/dags/mlflow_tracking_dag.py
[2026-04-27T05:54:14.675+0000] {processor.py:830} INFO - Processing file /home/airflow/dags/mlflow_tracking_dag.py for tasks to queue
[2026-04-27T05:54:14.676+0000] {logging_mixin.py:188} INFO - [2026-04-27T05:54:14.676+0000] {dagbag.py:538} INFO - Filling up the DagBag from /home/airflow/dags/mlflow_tracking_dag.py
[2026-04-27T05:54:15.400+0000] {processor.py:840} INFO - DAG(s) 'mlflow_model_tracking' retrieved from /home/airflow/dags/mlflow_tracking_dag.py
[2026-04-27T05:54:15.433+0000] {logging_mixin.py:188} INFO - [2026-04-27T05:54:15.433+0000] {dag.py:3036} INFO - Sync 1 DAGs
[2026-04-27T05:54:15.612+0000] {logging_mixin.py:188} INFO - [2026-04-27T05:54:15.612+0000] {dag.py:3823} INFO - Setting next_dagrun for mlflow_model_tracking to None, run_after=None
[2026-04-27T05:54:15.644+0000] {processor.py:183} INFO - Processing /home/airflow/dags/mlflow_tracking_dag.py took 0.973 seconds
[2026-04-27T05:54:46.075+0000] {processor.py:161} INFO - Started process (PID=21752) to work on /home/airflow/dags/mlflow_tracking_dag.py
[2026-04-27T05:54:46.077+0000] {processor.py:830} INFO - Processing file /home/airflow/dags/mlflow_tracking_dag.py for tasks to queue
[2026-04-27T05:54:46.078+0000] {logging_mixin.py:188} INFO - [2026-04-27T05:54:46.077+0000] {dagbag.py:538} INFO - Filling up the DagBag from /home/airflow/dags/mlflow_tracking_dag.py
[2026-04-27T05:54:46.644+0000] {processor.py:840} INFO - DAG(s) 'mlflow_model_tracking' retrieved from /home/airflow/dags/mlflow_tracking_dag.py
[2026-04-27T05:54:46.797+0000] {logging_mixin.py:188} INFO - [2026-04-27T05:54:46.796+0000] {dag.py:3036} INFO - Sync 1 DAGs
[2026-04-27T05:54:46.804+0000] {logging_mixin.py:188} INFO - [2026-04-27T05:54:46.804+0000] {dag.py:3823} INFO - Setting next_dagrun for mlflow_model_tracking to None, run_after=None
[2026-04-27T05:54:46.826+0000] {processor.py:183} INFO - Processing /home/airflow/dags/mlflow_tracking_dag.py took 0.753 seconds
[2026-04-27T05:55:17.306+0000] {processor.py:161} INFO - Started process (PID=21797) to work on /home/airflow/dags/mlflow_tracking_dag.py
[2026-04-27T05:55:17.307+0000] {processor.py:830} INFO - Processing file /home/airflow/dags/mlflow_tracking_dag.py for tasks to queue
[2026-04-27T05:55:17.308+0000] {logging_mixin.py:188} INFO - [2026-04-27T05:55:17.307+0000] {dagbag.py:538} INFO - Filling up the DagBag from /home/airflow/dags/mlflow_tracking_dag.py
[2026-04-27T05:55:18.015+0000] {processor.py:840} INFO - DAG(s) 'mlflow_model_tracking' retrieved from /home/airflow/dags/mlflow_tracking_dag.py
[2026-04-27T05:55:18.209+0000] {logging_mixin.py:188} INFO - [2026-04-27T05:55:18.208+0000] {dag.py:3036} INFO - Sync 1 DAGs
[2026-04-27T05:55:18.218+0000] {logging_mixin.py:188} INFO - [2026-04-27T05:55:18.218+0000] {dag.py:3823} INFO - Setting next_dagrun for mlflow_model_tracking to None, run_after=None
[2026-04-27T05:55:18.241+0000] {processor.py:183} INFO - Processing /home/airflow/dags/mlflow_tracking_dag.py took 0.939 seconds
[2026-04-27T05:55:48.675+0000] {processor.py:161} INFO - Started process (PID=21842) to work on /home/airflow/dags/mlflow_tracking_dag.py
[2026-04-27T05:55:48.676+0000] {processor.py:830} INFO - Processing file /home/airflow/dags/mlflow_tracking_dag.py for tasks to queue
[2026-04-27T05:55:48.677+0000] {logging_mixin.py:188} INFO - [2026-04-27T05:55:48.677+0000] {dagbag.py:538} INFO - Filling up the DagBag from /home/airflow/dags/mlflow_tracking_dag.py
[2026-04-27T05:55:49.492+0000] {processor.py:840} INFO - DAG(s) 'mlflow_model_tracking' retrieved from /home/airflow/dags/mlflow_tracking_dag.py
[2026-04-27T05:55:49.520+0000] {logging_mixin.py:188} INFO - [2026-04-27T05:55:49.520+0000] {dag.py:3036} INFO - Sync 1 DAGs
[2026-04-27T05:55:49.533+0000] {logging_mixin.py:188} INFO - [2026-04-27T05:55:49.533+0000] {dag.py:3823} INFO - Setting next_dagrun for mlflow_model_tracking to None, run_after=None
[2026-04-27T05:55:49.561+0000] {processor.py:183} INFO - Processing /home/airflow/dags/mlflow_tracking_dag.py took 0.890 seconds
[2026-04-27T05:56:20.026+0000] {processor.py:161} INFO - Started process (PID=21887) to work on /home/airflow/dags/mlflow_tracking_dag.py
[2026-04-27T05:56:20.027+0000] {processor.py:830} INFO - Processing file /home/airflow/dags/mlflow_tracking_dag.py for tasks to queue
[2026-04-27T05:56:20.028+0000] {logging_mixin.py:188} INFO - [2026-04-27T05:56:20.028+0000] {dagbag.py:538} INFO - Filling up the DagBag from /home/airflow/dags/mlflow_tracking_dag.py
[2026-04-27T05:56:20.837+0000] {processor.py:840} INFO - DAG(s) 'mlflow_model_tracking' retrieved from /home/airflow/dags/mlflow_tracking_dag.py
[2026-04-27T05:56:20.861+0000] {logging_mixin.py:188} INFO - [2026-04-27T05:56:20.860+0000] {dag.py:3036} INFO - Sync 1 DAGs
[2026-04-27T05:56:20.869+0000] {logging_mixin.py:188} INFO - [2026-04-27T05:56:20.869+0000] {dag.py:3823} INFO - Setting next_dagrun for mlflow_model_tracking to None, run_after=None
[2026-04-27T05:56:20.893+0000] {processor.py:183} INFO - Processing /home/airflow/dags/mlflow_tracking_dag.py took 0.869 seconds
[2026-04-27T05:56:51.481+0000] {processor.py:161} INFO - Started process (PID=21932) to work on /home/airflow/dags/mlflow_tracking_dag.py
[2026-04-27T05:56:51.482+0000] {processor.py:830} INFO - Processing file /home/airflow/dags/mlflow_tracking_dag.py for tasks to queue
[2026-04-27T05:56:51.483+0000] {logging_mixin.py:188} INFO - [2026-04-27T05:56:51.483+0000] {dagbag.py:538} INFO - Filling up the DagBag from /home/airflow/dags/mlflow_tracking_dag.py
[2026-04-27T05:56:52.213+0000] {processor.py:840} INFO - DAG(s) 'mlflow_model_tracking' retrieved from /home/airflow/dags/mlflow_tracking_dag.py
[2026-04-27T05:56:52.236+0000] {logging_mixin.py:188} INFO - [2026-04-27T05:56:52.236+0000] {dag.py:3036} INFO - Sync 1 DAGs
[2026-04-27T05:56:52.245+0000] {logging_mixin.py:188} INFO - [2026-04-27T05:56:52.245+0000] {dag.py:3823} INFO - Setting next_dagrun for mlflow_model_tracking to None, run_after=None
[2026-04-27T05:56:52.268+0000] {processor.py:183} INFO - Processing /home/airflow/dags/mlflow_tracking_dag.py took 0.790 seconds
[2026-04-27T05:57:22.682+0000] {processor.py:161} INFO - Started process (PID=21977) to work on /home/airflow/dags/mlflow_tracking_dag.py
[2026-04-27T05:57:22.684+0000] {processor.py:830} INFO - Processing file /home/airflow/dags/mlflow_tracking_dag.py for tasks to queue
[2026-04-27T05:57:22.685+0000] {logging_mixin.py:188} INFO - [2026-04-27T05:57:22.685+0000] {dagbag.py:538} INFO - Filling up the DagBag from /home/airflow/dags/mlflow_tracking_dag.py
[2026-04-27T05:57:23.481+0000] {processor.py:840} INFO - DAG(s) 'mlflow_model_tracking' retrieved from /home/airflow/dags/mlflow_tracking_dag.py
[2026-04-27T05:57:23.505+0000] {logging_mixin.py:188} INFO - [2026-04-27T05:57:23.504+0000] {dag.py:3036} INFO - Sync 1 DAGs
[2026-04-27T05:57:23.513+0000] {logging_mixin.py:188} INFO - [2026-04-27T05:57:23.513+0000] {dag.py:3823} INFO - Setting next_dagrun for mlflow_model_tracking to None, run_after=None
[2026-04-27T05:57:23.535+0000] {processor.py:183} INFO - Processing /home/airflow/dags/mlflow_tracking_dag.py took 0.856 seconds
[2026-04-27T05:57:53.976+0000] {processor.py:161} INFO - Started process (PID=22022) to work on /home/airflow/dags/mlflow_tracking_dag.py
[2026-04-27T05:57:53.977+0000] {processor.py:830} INFO - Processing file /home/airflow/dags/mlflow_tracking_dag.py for tasks to queue
[2026-04-27T05:57:53.979+0000] {logging_mixin.py:188} INFO - [2026-04-27T05:57:53.978+0000] {dagbag.py:538} INFO - Filling up the DagBag from /home/airflow/dags/mlflow_tracking_dag.py
[2026-04-27T05:57:54.781+0000] {processor.py:840} INFO - DAG(s) 'mlflow_model_tracking' retrieved from /home/airflow/dags/mlflow_tracking_dag.py
[2026-04-27T05:57:54.805+0000] {logging_mixin.py:188} INFO - [2026-04-27T05:57:54.805+0000] {dag.py:3036} INFO - Sync 1 DAGs
[2026-04-27T05:57:54.819+0000] {logging_mixin.py:188} INFO - [2026-04-27T05:57:54.818+0000] {dag.py:3823} INFO - Setting next_dagrun for mlflow_model_tracking to None, run_after=None
[2026-04-27T05:57:54.845+0000] {processor.py:183} INFO - Processing /home/airflow/dags/mlflow_tracking_dag.py took 0.872 seconds
[2026-04-27T05:58:25.273+0000] {processor.py:161} INFO - Started process (PID=22067) to work on /home/airflow/dags/mlflow_tracking_dag.py
[2026-04-27T05:58:25.274+0000] {processor.py:830} INFO - Processing file /home/airflow/dags/mlflow_tracking_dag.py for tasks to queue
[2026-04-27T05:58:25.275+0000] {logging_mixin.py:188} INFO - [2026-04-27T05:58:25.275+0000] {dagbag.py:538} INFO - Filling up the DagBag from /home/airflow/dags/mlflow_tracking_dag.py
[2026-04-27T05:58:26.027+0000] {processor.py:840} INFO - DAG(s) 'mlflow_model_tracking' retrieved from /home/airflow/dags/mlflow_tracking_dag.py
[2026-04-27T05:58:26.050+0000] {logging_mixin.py:188} INFO - [2026-04-27T05:58:26.050+0000] {dag.py:3036} INFO - Sync 1 DAGs
[2026-04-27T05:58:26.059+0000] {logging_mixin.py:188} INFO - [2026-04-27T05:58:26.058+0000] {dag.py:3823} INFO - Setting next_dagrun for mlflow_model_tracking to None, run_after=None
[2026-04-27T05:58:26.084+0000] {processor.py:183} INFO - Processing /home/airflow/dags/mlflow_tracking_dag.py took 0.815 seconds
[2026-04-27T05:58:56.585+0000] {processor.py:161} INFO - Started process (PID=22112) to work on /home/airflow/dags/mlflow_tracking_dag.py
[2026-04-27T05:58:56.587+0000] {processor.py:830} INFO - Processing file /home/airflow/dags/mlflow_tracking_dag.py for tasks to queue
[2026-04-27T05:58:56.588+0000] {logging_mixin.py:188} INFO - [2026-04-27T05:58:56.587+0000] {dagbag.py:538} INFO - Filling up the DagBag from /home/airflow/dags/mlflow_tracking_dag.py
[2026-04-27T05:58:57.385+0000] {processor.py:840} INFO - DAG(s) 'mlflow_model_tracking' retrieved from /home/airflow/dags/mlflow_tracking_dag.py
[2026-04-27T05:58:57.411+0000] {logging_mixin.py:188} INFO - [2026-04-27T05:58:57.410+0000] {dag.py:3036} INFO - Sync 1 DAGs
[2026-04-27T05:58:57.420+0000] {logging_mixin.py:188} INFO - [2026-04-27T05:58:57.419+0000] {dag.py:3823} INFO - Setting next_dagrun for mlflow_model_tracking to None, run_after=None
[2026-04-27T05:58:57.448+0000] {processor.py:183} INFO - Processing /home/airflow/dags/mlflow_tracking_dag.py took 0.866 seconds
[2026-04-27T05:59:27.785+0000] {processor.py:161} INFO - Started process (PID=22157) to work on /home/airflow/dags/mlflow_tracking_dag.py
[2026-04-27T05:59:27.787+0000] {processor.py:830} INFO - Processing file /home/airflow/dags/mlflow_tracking_dag.py for tasks to queue
[2026-04-27T05:59:27.788+0000] {logging_mixin.py:188} INFO - [2026-04-27T05:59:27.788+0000] {dagbag.py:538} INFO - Filling up the DagBag from /home/airflow/dags/mlflow_tracking_dag.py
[2026-04-27T05:59:28.542+0000] {processor.py:840} INFO - DAG(s) 'mlflow_model_tracking' retrieved from /home/airflow/dags/mlflow_tracking_dag.py
[2026-04-27T05:59:28.565+0000] {logging_mixin.py:188} INFO - [2026-04-27T05:59:28.565+0000] {dag.py:3036} INFO - Sync 1 DAGs
[2026-04-27T05:59:28.574+0000] {logging_mixin.py:188} INFO - [2026-04-27T05:59:28.573+0000] {dag.py:3823} INFO - Setting next_dagrun for mlflow_model_tracking to None, run_after=None
[2026-04-27T05:59:28.595+0000] {processor.py:183} INFO - Processing /home/airflow/dags/mlflow_tracking_dag.py took 0.813 seconds
[2026-04-27T05:59:58.970+0000] {processor.py:161} INFO - Started process (PID=22202) to work on /home/airflow/dags/mlflow_tracking_dag.py
[2026-04-27T05:59:58.971+0000] {processor.py:830} INFO - Processing file /home/airflow/dags/mlflow_tracking_dag.py for tasks to queue
[2026-04-27T05:59:58.972+0000] {logging_mixin.py:188} INFO - [2026-04-27T05:59:58.972+0000] {dagbag.py:538} INFO - Filling up the DagBag from /home/airflow/dags/mlflow_tracking_dag.py
[2026-04-27T05:59:59.828+0000] {processor.py:840} INFO - DAG(s) 'mlflow_model_tracking' retrieved from /home/airflow/dags/mlflow_tracking_dag.py
[2026-04-27T05:59:59.860+0000] {logging_mixin.py:188} INFO - [2026-04-27T05:59:59.859+0000] {dag.py:3036} INFO - Sync 1 DAGs
[2026-04-27T05:59:59.870+0000] {logging_mixin.py:188} INFO - [2026-04-27T05:59:59.870+0000] {dag.py:3823} INFO - Setting next_dagrun for mlflow_model_tracking to None, run_after=None
[2026-04-27T05:59:59.892+0000] {processor.py:183} INFO - Processing /home/airflow/dags/mlflow_tracking_dag.py took 0.926 seconds
[2026-04-27T06:00:30.448+0000] {processor.py:161} INFO - Started process (PID=22247) to work on /home/airflow/dags/mlflow_tracking_dag.py
[2026-04-27T06:00:30.449+0000] {processor.py:830} INFO - Processing file /home/airflow/dags/mlflow_tracking_dag.py for tasks to queue
[2026-04-27T06:00:30.451+0000] {logging_mixin.py:188} INFO - [2026-04-27T06:00:30.450+0000] {dagbag.py:538} INFO - Filling up the DagBag from /home/airflow/dags/mlflow_tracking_dag.py
[2026-04-27T06:00:31.256+0000] {processor.py:840} INFO - DAG(s) 'mlflow_model_tracking' retrieved from /home/airflow/dags/mlflow_tracking_dag.py
[2026-04-27T06:00:31.282+0000] {logging_mixin.py:188} INFO - [2026-04-27T06:00:31.281+0000] {dag.py:3036} INFO - Sync 1 DAGs
[2026-04-27T06:00:31.291+0000] {logging_mixin.py:188} INFO - [2026-04-27T06:00:31.290+0000] {dag.py:3823} INFO - Setting next_dagrun for mlflow_model_tracking to None, run_after=None
[2026-04-27T06:00:31.313+0000] {processor.py:183} INFO - Processing /home/airflow/dags/mlflow_tracking_dag.py took 0.869 seconds
[2026-04-27T06:01:01.528+0000] {processor.py:161} INFO - Started process (PID=22292) to work on /home/airflow/dags/mlflow_tracking_dag.py
[2026-04-27T06:01:01.529+0000] {processor.py:830} INFO - Processing file /home/airflow/dags/mlflow_tracking_dag.py for tasks to queue
[2026-04-27T06:01:01.531+0000] {logging_mixin.py:188} INFO - [2026-04-27T06:01:01.530+0000] {dagbag.py:538} INFO - Filling up the DagBag from /home/airflow/dags/mlflow_tracking_dag.py
[2026-04-27T06:01:02.299+0000] {processor.py:840} INFO - DAG(s) 'mlflow_model_tracking' retrieved from /home/airflow/dags/mlflow_tracking_dag.py
[2026-04-27T06:01:02.327+0000] {logging_mixin.py:188} INFO - [2026-04-27T06:01:02.327+0000] {dag.py:3036} INFO - Sync 1 DAGs
[2026-04-27T06:01:02.337+0000] {logging_mixin.py:188} INFO - [2026-04-27T06:01:02.337+0000] {dag.py:3823} INFO - Setting next_dagrun for mlflow_model_tracking to None, run_after=None
[2026-04-27T06:01:02.357+0000] {processor.py:183} INFO - Processing /home/airflow/dags/mlflow_tracking_dag.py took 0.833 seconds
[2026-04-27T06:01:32.682+0000] {processor.py:161} INFO - Started process (PID=22337) to work on /home/airflow/dags/mlflow_tracking_dag.py
[2026-04-27T06:01:32.683+0000] {processor.py:830} INFO - Processing file /home/airflow/dags/mlflow_tracking_dag.py for tasks to queue
[2026-04-27T06:01:32.684+0000] {logging_mixin.py:188} INFO - [2026-04-27T06:01:32.684+0000] {dagbag.py:538} INFO - Filling up the DagBag from /home/airflow/dags/mlflow_tracking_dag.py
[2026-04-27T06:01:33.436+0000] {processor.py:840} INFO - DAG(s) 'mlflow_model_tracking' retrieved from /home/airflow/dags/mlflow_tracking_dag.py
[2026-04-27T06:01:33.467+0000] {logging_mixin.py:188} INFO - [2026-04-27T06:01:33.467+0000] {dag.py:3036} INFO - Sync 1 DAGs
[2026-04-27T06:01:33.477+0000] {logging_mixin.py:188} INFO - [2026-04-27T06:01:33.476+0000] {dag.py:3823} INFO - Setting next_dagrun for mlflow_model_tracking to None, run_after=None
[2026-04-27T06:01:33.508+0000] {processor.py:183} INFO - Processing /home/airflow/dags/mlflow_tracking_dag.py took 0.829 seconds
[2026-04-27T06:02:03.981+0000] {processor.py:161} INFO - Started process (PID=22382) to work on /home/airflow/dags/mlflow_tracking_dag.py
[2026-04-27T06:02:03.983+0000] {processor.py:830} INFO - Processing file /home/airflow/dags/mlflow_tracking_dag.py for tasks to queue
[2026-04-27T06:02:03.984+0000] {logging_mixin.py:188} INFO - [2026-04-27T06:02:03.983+0000] {dagbag.py:538} INFO - Filling up the DagBag from /home/airflow/dags/mlflow_tracking_dag.py
[2026-04-27T06:02:04.707+0000] {processor.py:840} INFO - DAG(s) 'mlflow_model_tracking' retrieved from /home/airflow/dags/mlflow_tracking_dag.py
[2026-04-27T06:02:04.731+0000] {logging_mixin.py:188} INFO - [2026-04-27T06:02:04.730+0000] {dag.py:3036} INFO - Sync 1 DAGs
[2026-04-27T06:02:04.739+0000] {logging_mixin.py:188} INFO - [2026-04-27T06:02:04.739+0000] {dag.py:3823} INFO - Setting next_dagrun for mlflow_model_tracking to None, run_after=None
[2026-04-27T06:02:04.760+0000] {processor.py:183} INFO - Processing /home/airflow/dags/mlflow_tracking_dag.py took 0.782 seconds
[2026-04-27T06:02:35.368+0000] {processor.py:161} INFO - Started process (PID=22427) to work on /home/airflow/dags/mlflow_tracking_dag.py
[2026-04-27T06:02:35.369+0000] {processor.py:830} INFO - Processing file /home/airflow/dags/mlflow_tracking_dag.py for tasks to queue
[2026-04-27T06:02:35.370+0000] {logging_mixin.py:188} INFO - [2026-04-27T06:02:35.370+0000] {dagbag.py:538} INFO - Filling up the DagBag from /home/airflow/dags/mlflow_tracking_dag.py
[2026-04-27T06:02:36.111+0000] {processor.py:840} INFO - DAG(s) 'mlflow_model_tracking' retrieved from /home/airflow/dags/mlflow_tracking_dag.py
[2026-04-27T06:02:36.134+0000] {logging_mixin.py:188} INFO - [2026-04-27T06:02:36.134+0000] {dag.py:3036} INFO - Sync 1 DAGs
[2026-04-27T06:02:36.144+0000] {logging_mixin.py:188} INFO - [2026-04-27T06:02:36.144+0000] {dag.py:3823} INFO - Setting next_dagrun for mlflow_model_tracking to None, run_after=None
[2026-04-27T06:02:36.165+0000] {processor.py:183} INFO - Processing /home/airflow/dags/mlflow_tracking_dag.py took 0.800 seconds
[2026-04-27T06:03:06.780+0000] {processor.py:161} INFO - Started process (PID=22472) to work on /home/airflow/dags/mlflow_tracking_dag.py
[2026-04-27T06:03:06.782+0000] {processor.py:830} INFO - Processing file /home/airflow/dags/mlflow_tracking_dag.py for tasks to queue
[2026-04-27T06:03:06.783+0000] {logging_mixin.py:188} INFO - [2026-04-27T06:03:06.782+0000] {dagbag.py:538} INFO - Filling up the DagBag from /home/airflow/dags/mlflow_tracking_dag.py
[2026-04-27T06:03:07.706+0000] {processor.py:840} INFO - DAG(s) 'mlflow_model_tracking' retrieved from /home/airflow/dags/mlflow_tracking_dag.py
[2026-04-27T06:03:07.734+0000] {logging_mixin.py:188} INFO - [2026-04-27T06:03:07.733+0000] {dag.py:3036} INFO - Sync 1 DAGs
[2026-04-27T06:03:07.744+0000] {logging_mixin.py:188} INFO - [2026-04-27T06:03:07.744+0000] {dag.py:3823} INFO - Setting next_dagrun for mlflow_model_tracking to None, run_after=None
[2026-04-27T06:03:07.767+0000] {processor.py:183} INFO - Processing /home/airflow/dags/mlflow_tracking_dag.py took 0.991 seconds
[2026-04-27T06:03:37.959+0000] {processor.py:161} INFO - Started process (PID=22517) to work on /home/airflow/dags/mlflow_tracking_dag.py
[2026-04-27T06:03:37.960+0000] {processor.py:830} INFO - Processing file /home/airflow/dags/mlflow_tracking_dag.py for tasks to queue
[2026-04-27T06:03:37.961+0000] {logging_mixin.py:188} INFO - [2026-04-27T06:03:37.961+0000] {dagbag.py:538} INFO - Filling up the DagBag from /home/airflow/dags/mlflow_tracking_dag.py
[2026-04-27T06:03:38.779+0000] {processor.py:840} INFO - DAG(s) 'mlflow_model_tracking' retrieved from /home/airflow/dags/mlflow_tracking_dag.py
[2026-04-27T06:03:38.803+0000] {logging_mixin.py:188} INFO - [2026-04-27T06:03:38.803+0000] {dag.py:3036} INFO - Sync 1 DAGs
[2026-04-27T06:03:38.815+0000] {logging_mixin.py:188} INFO - [2026-04-27T06:03:38.814+0000] {dag.py:3823} INFO - Setting next_dagrun for mlflow_model_tracking to None, run_after=None
[2026-04-27T06:03:38.837+0000] {processor.py:183} INFO - Processing /home/airflow/dags/mlflow_tracking_dag.py took 0.882 seconds
[2026-04-27T06:04:09.049+0000] {processor.py:161} INFO - Started process (PID=22562) to work on /home/airflow/dags/mlflow_tracking_dag.py
[2026-04-27T06:04:09.050+0000] {processor.py:830} INFO - Processing file /home/airflow/dags/mlflow_tracking_dag.py for tasks to queue
[2026-04-27T06:04:09.051+0000] {logging_mixin.py:188} INFO - [2026-04-27T06:04:09.051+0000] {dagbag.py:538} INFO - Filling up the DagBag from /home/airflow/dags/mlflow_tracking_dag.py
[2026-04-27T06:04:09.821+0000] {processor.py:840} INFO - DAG(s) 'mlflow_model_tracking' retrieved from /home/airflow/dags/mlflow_tracking_dag.py
[2026-04-27T06:04:09.848+0000] {logging_mixin.py:188} INFO - [2026-04-27T06:04:09.847+0000] {dag.py:3036} INFO - Sync 1 DAGs
[2026-04-27T06:04:09.858+0000] {logging_mixin.py:188} INFO - [2026-04-27T06:04:09.858+0000] {dag.py:3823} INFO - Setting next_dagrun for mlflow_model_tracking to None, run_after=None
[2026-04-27T06:04:09.880+0000] {processor.py:183} INFO - Processing /home/airflow/dags/mlflow_tracking_dag.py took 0.834 seconds
[2026-04-27T06:04:40.175+0000] {processor.py:161} INFO - Started process (PID=22607) to work on /home/airflow/dags/mlflow_tracking_dag.py
[2026-04-27T06:04:40.177+0000] {processor.py:830} INFO - Processing file /home/airflow/dags/mlflow_tracking_dag.py for tasks to queue
[2026-04-27T06:04:40.178+0000] {logging_mixin.py:188} INFO - [2026-04-27T06:04:40.177+0000] {dagbag.py:538} INFO - Filling up the DagBag from /home/airflow/dags/mlflow_tracking_dag.py
[2026-04-27T06:04:41.143+0000] {processor.py:840} INFO - DAG(s) 'mlflow_model_tracking' retrieved from /home/airflow/dags/mlflow_tracking_dag.py
[2026-04-27T06:04:41.168+0000] {logging_mixin.py:188} INFO - [2026-04-27T06:04:41.167+0000] {dag.py:3036} INFO - Sync 1 DAGs
[2026-04-27T06:04:41.178+0000] {logging_mixin.py:188} INFO - [2026-04-27T06:04:41.178+0000] {dag.py:3823} INFO - Setting next_dagrun for mlflow_model_tracking to None, run_after=None
[2026-04-27T06:04:41.219+0000] {processor.py:183} INFO - Processing /home/airflow/dags/mlflow_tracking_dag.py took 1.048 seconds
[2026-04-27T06:05:11.712+0000] {processor.py:161} INFO - Started process (PID=22652) to work on /home/airflow/dags/mlflow_tracking_dag.py
[2026-04-27T06:05:11.715+0000] {processor.py:830} INFO - Processing file /home/airflow/dags/mlflow_tracking_dag.py for tasks to queue
[2026-04-27T06:05:11.718+0000] {logging_mixin.py:188} INFO - [2026-04-27T06:05:11.717+0000] {dagbag.py:538} INFO - Filling up the DagBag from /home/airflow/dags/mlflow_tracking_dag.py
[2026-04-27T06:05:12.689+0000] {processor.py:840} INFO - DAG(s) 'mlflow_model_tracking' retrieved from /home/airflow/dags/mlflow_tracking_dag.py
[2026-04-27T06:05:12.714+0000] {logging_mixin.py:188} INFO - [2026-04-27T06:05:12.714+0000] {dag.py:3036} INFO - Sync 1 DAGs
[2026-04-27T06:05:12.725+0000] {logging_mixin.py:188} INFO - [2026-04-27T06:05:12.725+0000] {dag.py:3823} INFO - Setting next_dagrun for mlflow_model_tracking to None, run_after=None
[2026-04-27T06:05:12.748+0000] {processor.py:183} INFO - Processing /home/airflow/dags/mlflow_tracking_dag.py took 1.041 seconds
[2026-04-27T06:05:43.206+0000] {processor.py:161} INFO - Started process (PID=22697) to work on /home/airflow/dags/mlflow_tracking_dag.py
[2026-04-27T06:05:43.207+0000] {processor.py:830} INFO - Processing file /home/airflow/dags/mlflow_tracking_dag.py for tasks to queue
[2026-04-27T06:05:43.208+0000] {logging_mixin.py:188} INFO - [2026-04-27T06:05:43.207+0000] {dagbag.py:538} INFO - Filling up the DagBag from /home/airflow/dags/mlflow_tracking_dag.py
[2026-04-27T06:05:43.928+0000] {processor.py:840} INFO - DAG(s) 'mlflow_model_tracking' retrieved from /home/airflow/dags/mlflow_tracking_dag.py
[2026-04-27T06:05:43.951+0000] {logging_mixin.py:188} INFO - [2026-04-27T06:05:43.951+0000] {dag.py:3036} INFO - Sync 1 DAGs
[2026-04-27T06:05:43.963+0000] {logging_mixin.py:188} INFO - [2026-04-27T06:05:43.963+0000] {dag.py:3823} INFO - Setting next_dagrun for mlflow_model_tracking to None, run_after=None
[2026-04-27T06:05:43.984+0000] {processor.py:183} INFO - Processing /home/airflow/dags/mlflow_tracking_dag.py took 0.782 seconds
[2026-04-27T06:06:14.437+0000] {processor.py:161} INFO - Started process (PID=22742) to work on /home/airflow/dags/mlflow_tracking_dag.py
[2026-04-27T06:06:14.438+0000] {processor.py:830} INFO - Processing file /home/airflow/dags/mlflow_tracking_dag.py for tasks to queue
[2026-04-27T06:06:14.439+0000] {logging_mixin.py:188} INFO - [2026-04-27T06:06:14.438+0000] {dagbag.py:538} INFO - Filling up the DagBag from /home/airflow/dags/mlflow_tracking_dag.py
[2026-04-27T06:06:15.205+0000] {processor.py:840} INFO - DAG(s) 'mlflow_model_tracking' retrieved from /home/airflow/dags/mlflow_tracking_dag.py
[2026-04-27T06:06:15.229+0000] {logging_mixin.py:188} INFO - [2026-04-27T06:06:15.229+0000] {dag.py:3036} INFO - Sync 1 DAGs
[2026-04-27T06:06:15.238+0000] {logging_mixin.py:188} INFO - [2026-04-27T06:06:15.238+0000] {dag.py:3823} INFO - Setting next_dagrun for mlflow_model_tracking to None, run_after=None
[2026-04-27T06:06:15.259+0000] {processor.py:183} INFO - Processing /home/airflow/dags/mlflow_tracking_dag.py took 0.825 seconds
[2026-04-27T06:06:45.795+0000] {processor.py:161} INFO - Started process (PID=22787) to work on /home/airflow/dags/mlflow_tracking_dag.py
[2026-04-27T06:06:45.796+0000] {processor.py:830} INFO - Processing file /home/airflow/dags/mlflow_tracking_dag.py for tasks to queue
[2026-04-27T06:06:45.797+0000] {logging_mixin.py:188} INFO - [2026-04-27T06:06:45.797+0000] {dagbag.py:538} INFO - Filling up the DagBag from /home/airflow/dags/mlflow_tracking_dag.py
[2026-04-27T06:06:46.596+0000] {processor.py:840} INFO - DAG(s) 'mlflow_model_tracking' retrieved from /home/airflow/dags/mlflow_tracking_dag.py
[2026-04-27T06:06:46.620+0000] {logging_mixin.py:188} INFO - [2026-04-27T06:06:46.620+0000] {dag.py:3036} INFO - Sync 1 DAGs
[2026-04-27T06:06:46.630+0000] {logging_mixin.py:188} INFO - [2026-04-27T06:06:46.630+0000] {dag.py:3823} INFO - Setting next_dagrun for mlflow_model_tracking to None, run_after=None
[2026-04-27T06:06:46.652+0000] {processor.py:183} INFO - Processing /home/airflow/dags/mlflow_tracking_dag.py took 0.862 seconds
[2026-04-27T06:07:17.224+0000] {processor.py:161} INFO - Started process (PID=22832) to work on /home/airflow/dags/mlflow_tracking_dag.py
[2026-04-27T06:07:17.226+0000] {processor.py:830} INFO - Processing file /home/airflow/dags/mlflow_tracking_dag.py for tasks to queue
[2026-04-27T06:07:17.228+0000] {logging_mixin.py:188} INFO - [2026-04-27T06:07:17.227+0000] {dagbag.py:538} INFO - Filling up the DagBag from /home/airflow/dags/mlflow_tracking_dag.py
[2026-04-27T06:07:17.964+0000] {processor.py:840} INFO - DAG(s) 'mlflow_model_tracking' retrieved from /home/airflow/dags/mlflow_tracking_dag.py
[2026-04-27T06:07:17.986+0000] {logging_mixin.py:188} INFO - [2026-04-27T06:07:17.986+0000] {dag.py:3036} INFO - Sync 1 DAGs
[2026-04-27T06:07:17.996+0000] {logging_mixin.py:188} INFO - [2026-04-27T06:07:17.996+0000] {dag.py:3823} INFO - Setting next_dagrun for mlflow_model_tracking to None, run_after=None
[2026-04-27T06:07:18.017+0000] {processor.py:183} INFO - Processing /home/airflow/dags/mlflow_tracking_dag.py took 0.799 seconds
[2026-04-27T06:07:48.254+0000] {processor.py:161} INFO - Started process (PID=22877) to work on /home/airflow/dags/mlflow_tracking_dag.py
[2026-04-27T06:07:48.256+0000] {processor.py:830} INFO - Processing file /home/airflow/dags/mlflow_tracking_dag.py for tasks to queue
[2026-04-27T06:07:48.257+0000] {logging_mixin.py:188} INFO - [2026-04-27T06:07:48.256+0000] {dagbag.py:538} INFO - Filling up the DagBag from /home/airflow/dags/mlflow_tracking_dag.py
[2026-04-27T06:07:49.061+0000] {processor.py:840} INFO - DAG(s) 'mlflow_model_tracking' retrieved from /home/airflow/dags/mlflow_tracking_dag.py
[2026-04-27T06:07:49.081+0000] {logging_mixin.py:188} INFO - [2026-04-27T06:07:49.081+0000] {dag.py:3036} INFO - Sync 1 DAGs
[2026-04-27T06:07:49.089+0000] {logging_mixin.py:188} INFO - [2026-04-27T06:07:49.089+0000] {dag.py:3823} INFO - Setting next_dagrun for mlflow_model_tracking to None, run_after=None
[2026-04-27T06:07:49.109+0000] {processor.py:183} INFO - Processing /home/airflow/dags/mlflow_tracking_dag.py took 0.858 seconds
[2026-04-27T06:08:19.289+0000] {processor.py:161} INFO - Started process (PID=22922) to work on /home/airflow/dags/mlflow_tracking_dag.py
[2026-04-27T06:08:19.290+0000] {processor.py:830} INFO - Processing file /home/airflow/dags/mlflow_tracking_dag.py for tasks to queue
[2026-04-27T06:08:19.291+0000] {logging_mixin.py:188} INFO - [2026-04-27T06:08:19.291+0000] {dagbag.py:538} INFO - Filling up the DagBag from /home/airflow/dags/mlflow_tracking_dag.py
[2026-04-27T06:08:20.192+0000] {processor.py:840} INFO - DAG(s) 'mlflow_model_tracking' retrieved from /home/airflow/dags/mlflow_tracking_dag.py
[2026-04-27T06:08:20.213+0000] {logging_mixin.py:188} INFO - [2026-04-27T06:08:20.213+0000] {dag.py:3036} INFO - Sync 1 DAGs
[2026-04-27T06:08:20.223+0000] {logging_mixin.py:188} INFO - [2026-04-27T06:08:20.223+0000] {dag.py:3823} INFO - Setting next_dagrun for mlflow_model_tracking to None, run_after=None
[2026-04-27T06:08:20.244+0000] {processor.py:183} INFO - Processing /home/airflow/dags/mlflow_tracking_dag.py took 0.959 seconds
[2026-04-27T06:08:50.490+0000] {processor.py:161} INFO - Started process (PID=22967) to work on /home/airflow/dags/mlflow_tracking_dag.py
[2026-04-27T06:08:50.492+0000] {processor.py:830} INFO - Processing file /home/airflow/dags/mlflow_tracking_dag.py for tasks to queue
[2026-04-27T06:08:50.493+0000] {logging_mixin.py:188} INFO - [2026-04-27T06:08:50.493+0000] {dagbag.py:538} INFO - Filling up the DagBag from /home/airflow/dags/mlflow_tracking_dag.py
[2026-04-27T06:08:51.425+0000] {processor.py:840} INFO - DAG(s) 'mlflow_model_tracking' retrieved from /home/airflow/dags/mlflow_tracking_dag.py
[2026-04-27T06:08:51.447+0000] {logging_mixin.py:188} INFO - [2026-04-27T06:08:51.446+0000] {dag.py:3036} INFO - Sync 1 DAGs
[2026-04-27T06:08:51.457+0000] {logging_mixin.py:188} INFO - [2026-04-27T06:08:51.457+0000] {dag.py:3823} INFO - Setting next_dagrun for mlflow_model_tracking to None, run_after=None
[2026-04-27T06:08:51.481+0000] {processor.py:183} INFO - Processing /home/airflow/dags/mlflow_tracking_dag.py took 0.994 seconds
[2026-04-27T06:09:22.000+0000] {processor.py:161} INFO - Started process (PID=23012) to work on /home/airflow/dags/mlflow_tracking_dag.py
[2026-04-27T06:09:22.002+0000] {processor.py:830} INFO - Processing file /home/airflow/dags/mlflow_tracking_dag.py for tasks to queue
[2026-04-27T06:09:22.003+0000] {logging_mixin.py:188} INFO - [2026-04-27T06:09:22.003+0000] {dagbag.py:538} INFO - Filling up the DagBag from /home/airflow/dags/mlflow_tracking_dag.py
[2026-04-27T06:09:22.767+0000] {processor.py:840} INFO - DAG(s) 'mlflow_model_tracking' retrieved from /home/airflow/dags/mlflow_tracking_dag.py
[2026-04-27T06:09:22.791+0000] {logging_mixin.py:188} INFO - [2026-04-27T06:09:22.790+0000] {dag.py:3036} INFO - Sync 1 DAGs
[2026-04-27T06:09:22.798+0000] {logging_mixin.py:188} INFO - [2026-04-27T06:09:22.798+0000] {dag.py:3823} INFO - Setting next_dagrun for mlflow_model_tracking to None, run_after=None
[2026-04-27T06:09:22.821+0000] {processor.py:183} INFO - Processing /home/airflow/dags/mlflow_tracking_dag.py took 0.825 seconds
[2026-04-27T06:09:53.259+0000] {processor.py:161} INFO - Started process (PID=23057) to work on /home/airflow/dags/mlflow_tracking_dag.py
[2026-04-27T06:09:53.260+0000] {processor.py:830} INFO - Processing file /home/airflow/dags/mlflow_tracking_dag.py for tasks to queue
[2026-04-27T06:09:53.262+0000] {logging_mixin.py:188} INFO - [2026-04-27T06:09:53.261+0000] {dagbag.py:538} INFO - Filling up the DagBag from /home/airflow/dags/mlflow_tracking_dag.py
[2026-04-27T06:09:53.980+0000] {processor.py:840} INFO - DAG(s) 'mlflow_model_tracking' retrieved from /home/airflow/dags/mlflow_tracking_dag.py
[2026-04-27T06:09:54.005+0000] {logging_mixin.py:188} INFO - [2026-04-27T06:09:54.005+0000] {dag.py:3036} INFO - Sync 1 DAGs
[2026-04-27T06:09:54.014+0000] {logging_mixin.py:188} INFO - [2026-04-27T06:09:54.014+0000] {dag.py:3823} INFO - Setting next_dagrun for mlflow_model_tracking to None, run_after=None
[2026-04-27T06:09:54.038+0000] {processor.py:183} INFO - Processing /home/airflow/dags/mlflow_tracking_dag.py took 0.782 seconds
[2026-04-27T06:10:24.546+0000] {processor.py:161} INFO - Started process (PID=23102) to work on /home/airflow/dags/mlflow_tracking_dag.py
[2026-04-27T06:10:24.548+0000] {processor.py:830} INFO - Processing file /home/airflow/dags/mlflow_tracking_dag.py for tasks to queue
[2026-04-27T06:10:24.549+0000] {logging_mixin.py:188} INFO - [2026-04-27T06:10:24.548+0000] {dagbag.py:538} INFO - Filling up the DagBag from /home/airflow/dags/mlflow_tracking_dag.py
[2026-04-27T06:10:25.357+0000] {processor.py:840} INFO - DAG(s) 'mlflow_model_tracking' retrieved from /home/airflow/dags/mlflow_tracking_dag.py
[2026-04-27T06:10:25.383+0000] {logging_mixin.py:188} INFO - [2026-04-27T06:10:25.382+0000] {dag.py:3036} INFO - Sync 1 DAGs
[2026-04-27T06:10:25.394+0000] {logging_mixin.py:188} INFO - [2026-04-27T06:10:25.394+0000] {dag.py:3823} INFO - Setting next_dagrun for mlflow_model_tracking to None, run_after=None
[2026-04-27T06:10:25.421+0000] {processor.py:183} INFO - Processing /home/airflow/dags/mlflow_tracking_dag.py took 0.879 seconds
[2026-04-27T06:10:55.996+0000] {processor.py:161} INFO - Started process (PID=23147) to work on /home/airflow/dags/mlflow_tracking_dag.py
[2026-04-27T06:10:55.998+0000] {processor.py:830} INFO - Processing file /home/airflow/dags/mlflow_tracking_dag.py for tasks to queue
[2026-04-27T06:10:55.999+0000] {logging_mixin.py:188} INFO - [2026-04-27T06:10:55.999+0000] {dagbag.py:538} INFO - Filling up the DagBag from /home/airflow/dags/mlflow_tracking_dag.py
[2026-04-27T06:10:56.787+0000] {processor.py:840} INFO - DAG(s) 'mlflow_model_tracking' retrieved from /home/airflow/dags/mlflow_tracking_dag.py
[2026-04-27T06:10:56.811+0000] {logging_mixin.py:188} INFO - [2026-04-27T06:10:56.810+0000] {dag.py:3036} INFO - Sync 1 DAGs
[2026-04-27T06:10:56.820+0000] {logging_mixin.py:188} INFO - [2026-04-27T06:10:56.820+0000] {dag.py:3823} INFO - Setting next_dagrun for mlflow_model_tracking to None, run_after=None
[2026-04-27T06:10:56.844+0000] {processor.py:183} INFO - Processing /home/airflow/dags/mlflow_tracking_dag.py took 0.852 seconds
[2026-04-27T06:11:27.563+0000] {processor.py:161} INFO - Started process (PID=23192) to work on /home/airflow/dags/mlflow_tracking_dag.py
[2026-04-27T06:11:27.565+0000] {processor.py:830} INFO - Processing file /home/airflow/dags/mlflow_tracking_dag.py for tasks to queue
[2026-04-27T06:11:27.566+0000] {logging_mixin.py:188} INFO - [2026-04-27T06:11:27.565+0000] {dagbag.py:538} INFO - Filling up the DagBag from /home/airflow/dags/mlflow_tracking_dag.py
[2026-04-27T06:11:28.304+0000] {processor.py:840} INFO - DAG(s) 'mlflow_model_tracking' retrieved from /home/airflow/dags/mlflow_tracking_dag.py
[2026-04-27T06:11:28.325+0000] {logging_mixin.py:188} INFO - [2026-04-27T06:11:28.325+0000] {dag.py:3036} INFO - Sync 1 DAGs
[2026-04-27T06:11:28.335+0000] {logging_mixin.py:188} INFO - [2026-04-27T06:11:28.335+0000] {dag.py:3823} INFO - Setting next_dagrun for mlflow_model_tracking to None, run_after=None
[2026-04-27T06:11:28.357+0000] {processor.py:183} INFO - Processing /home/airflow/dags/mlflow_tracking_dag.py took 0.798 seconds
[2026-04-27T06:11:59.008+0000] {processor.py:161} INFO - Started process (PID=23237) to work on /home/airflow/dags/mlflow_tracking_dag.py
[2026-04-27T06:11:59.010+0000] {processor.py:830} INFO - Processing file /home/airflow/dags/mlflow_tracking_dag.py for tasks to queue
[2026-04-27T06:11:59.011+0000] {logging_mixin.py:188} INFO - [2026-04-27T06:11:59.010+0000] {dagbag.py:538} INFO - Filling up the DagBag from /home/airflow/dags/mlflow_tracking_dag.py
[2026-04-27T06:11:59.871+0000] {processor.py:840} INFO - DAG(s) 'mlflow_model_tracking' retrieved from /home/airflow/dags/mlflow_tracking_dag.py
[2026-04-27T06:11:59.894+0000] {logging_mixin.py:188} INFO - [2026-04-27T06:11:59.894+0000] {dag.py:3036} INFO - Sync 1 DAGs
[2026-04-27T06:11:59.906+0000] {logging_mixin.py:188} INFO - [2026-04-27T06:11:59.905+0000] {dag.py:3823} INFO - Setting next_dagrun for mlflow_model_tracking to None, run_after=None
[2026-04-27T06:11:59.927+0000] {processor.py:183} INFO - Processing /home/airflow/dags/mlflow_tracking_dag.py took 0.925 seconds
[2026-04-27T06:12:30.572+0000] {processor.py:161} INFO - Started process (PID=23282) to work on /home/airflow/dags/mlflow_tracking_dag.py
[2026-04-27T06:12:30.573+0000] {processor.py:830} INFO - Processing file /home/airflow/dags/mlflow_tracking_dag.py for tasks to queue
[2026-04-27T06:12:30.574+0000] {logging_mixin.py:188} INFO - [2026-04-27T06:12:30.574+0000] {dagbag.py:538} INFO - Filling up the DagBag from /home/airflow/dags/mlflow_tracking_dag.py
[2026-04-27T06:12:31.976+0000] {processor.py:840} INFO - DAG(s) 'mlflow_model_tracking' retrieved from /home/airflow/dags/mlflow_tracking_dag.py
[2026-04-27T06:12:32.015+0000] {logging_mixin.py:188} INFO - [2026-04-27T06:12:32.014+0000] {dag.py:3036} INFO - Sync 1 DAGs
[2026-04-27T06:12:32.028+0000] {logging_mixin.py:188} INFO - [2026-04-27T06:12:32.028+0000] {dag.py:3823} INFO - Setting next_dagrun for mlflow_model_tracking to None, run_after=None
[2026-04-27T06:12:32.065+0000] {processor.py:183} INFO - Processing /home/airflow/dags/mlflow_tracking_dag.py took 1.496 seconds
[2026-04-27T06:13:02.392+0000] {processor.py:161} INFO - Started process (PID=23327) to work on /home/airflow/dags/mlflow_tracking_dag.py
[2026-04-27T06:13:02.394+0000] {processor.py:830} INFO - Processing file /home/airflow/dags/mlflow_tracking_dag.py for tasks to queue
[2026-04-27T06:13:02.395+0000] {logging_mixin.py:188} INFO - [2026-04-27T06:13:02.395+0000] {dagbag.py:538} INFO - Filling up the DagBag from /home/airflow/dags/mlflow_tracking_dag.py
[2026-04-27T06:13:03.288+0000] {processor.py:840} INFO - DAG(s) 'mlflow_model_tracking' retrieved from /home/airflow/dags/mlflow_tracking_dag.py
[2026-04-27T06:13:03.311+0000] {logging_mixin.py:188} INFO - [2026-04-27T06:13:03.311+0000] {dag.py:3036} INFO - Sync 1 DAGs
[2026-04-27T06:13:03.320+0000] {logging_mixin.py:188} INFO - [2026-04-27T06:13:03.320+0000] {dag.py:3823} INFO - Setting next_dagrun for mlflow_model_tracking to None, run_after=None
[2026-04-27T06:13:03.341+0000] {processor.py:183} INFO - Processing /home/airflow/dags/mlflow_tracking_dag.py took 0.957 seconds
[2026-04-27T06:13:14.664+0000] {processor.py:161} INFO - Started process (PID=23340) to work on /home/airflow/dags/mlflow_tracking_dag.py
[2026-04-27T06:13:14.665+0000] {processor.py:830} INFO - Processing file /home/airflow/dags/mlflow_tracking_dag.py for tasks to queue
[2026-04-27T06:13:14.666+0000] {logging_mixin.py:188} INFO - [2026-04-27T06:13:14.666+0000] {dagbag.py:538} INFO - Filling up the DagBag from /home/airflow/dags/mlflow_tracking_dag.py
[2026-04-27T06:13:15.506+0000] {processor.py:840} INFO - DAG(s) 'mlflow_model_tracking' retrieved from /home/airflow/dags/mlflow_tracking_dag.py
[2026-04-27T06:13:15.709+0000] {logging_mixin.py:188} INFO - [2026-04-27T06:13:15.709+0000] {dag.py:3036} INFO - Sync 1 DAGs
[2026-04-27T06:13:15.723+0000] {logging_mixin.py:188} INFO - [2026-04-27T06:13:15.723+0000] {dag.py:3823} INFO - Setting next_dagrun for mlflow_model_tracking to None, run_after=None
[2026-04-27T06:13:15.760+0000] {processor.py:183} INFO - Processing /home/airflow/dags/mlflow_tracking_dag.py took 1.101 seconds
[2026-04-27T06:13:51.015+0000] {processor.py:161} INFO - Started process (PID=52) to work on /home/airflow/dags/mlflow_tracking_dag.py
[2026-04-27T06:13:51.017+0000] {processor.py:830} INFO - Processing file /home/airflow/dags/mlflow_tracking_dag.py for tasks to queue
[2026-04-27T06:13:51.018+0000] {logging_mixin.py:188} INFO - [2026-04-27T06:13:51.018+0000] {dagbag.py:538} INFO - Filling up the DagBag from /home/airflow/dags/mlflow_tracking_dag.py
[2026-04-27T06:13:52.782+0000] {processor.py:840} INFO - DAG(s) 'mlflow_model_tracking' retrieved from /home/airflow/dags/mlflow_tracking_dag.py
[2026-04-27T06:13:52.826+0000] {logging_mixin.py:188} INFO - [2026-04-27T06:13:52.825+0000] {dag.py:3036} INFO - Sync 1 DAGs
[2026-04-27T06:13:52.844+0000] {logging_mixin.py:188} INFO - [2026-04-27T06:13:52.844+0000] {dag.py:3823} INFO - Setting next_dagrun for mlflow_model_tracking to None, run_after=None
[2026-04-27T06:13:52.870+0000] {processor.py:183} INFO - Processing /home/airflow/dags/mlflow_tracking_dag.py took 1.867 seconds
[2026-04-27T06:14:23.353+0000] {processor.py:161} INFO - Started process (PID=108) to work on /home/airflow/dags/mlflow_tracking_dag.py
[2026-04-27T06:14:23.354+0000] {processor.py:830} INFO - Processing file /home/airflow/dags/mlflow_tracking_dag.py for tasks to queue
[2026-04-27T06:14:23.356+0000] {logging_mixin.py:188} INFO - [2026-04-27T06:14:23.356+0000] {dagbag.py:538} INFO - Filling up the DagBag from /home/airflow/dags/mlflow_tracking_dag.py
[2026-04-27T06:14:24.403+0000] {processor.py:840} INFO - DAG(s) 'mlflow_model_tracking' retrieved from /home/airflow/dags/mlflow_tracking_dag.py
[2026-04-27T06:14:24.432+0000] {logging_mixin.py:188} INFO - [2026-04-27T06:14:24.431+0000] {dag.py:3036} INFO - Sync 1 DAGs
[2026-04-27T06:14:24.444+0000] {logging_mixin.py:188} INFO - [2026-04-27T06:14:24.444+0000] {dag.py:3823} INFO - Setting next_dagrun for mlflow_model_tracking to None, run_after=None
[2026-04-27T06:14:24.468+0000] {processor.py:183} INFO - Processing /home/airflow/dags/mlflow_tracking_dag.py took 1.119 seconds
[2026-04-27T06:14:53.132+0000] {processor.py:161} INFO - Started process (PID=153) to work on /home/airflow/dags/mlflow_tracking_dag.py
[2026-04-27T06:14:53.133+0000] {processor.py:830} INFO - Processing file /home/airflow/dags/mlflow_tracking_dag.py for tasks to queue
[2026-04-27T06:14:53.134+0000] {logging_mixin.py:188} INFO - [2026-04-27T06:14:53.134+0000] {dagbag.py:538} INFO - Filling up the DagBag from /home/airflow/dags/mlflow_tracking_dag.py
[2026-04-27T06:14:53.996+0000] {processor.py:840} INFO - DAG(s) 'mlflow_model_tracking' retrieved from /home/airflow/dags/mlflow_tracking_dag.py
[2026-04-27T06:14:54.020+0000] {logging_mixin.py:188} INFO - [2026-04-27T06:14:54.020+0000] {dag.py:3036} INFO - Sync 1 DAGs
[2026-04-27T06:14:54.031+0000] {logging_mixin.py:188} INFO - [2026-04-27T06:14:54.031+0000] {dag.py:3823} INFO - Setting next_dagrun for mlflow_model_tracking to None, run_after=None
[2026-04-27T06:14:54.060+0000] {processor.py:183} INFO - Processing /home/airflow/dags/mlflow_tracking_dag.py took 0.932 seconds
[2026-04-27T06:15:13.432+0000] {processor.py:161} INFO - Started process (PID=198) to work on /home/airflow/dags/mlflow_tracking_dag.py
[2026-04-27T06:15:13.434+0000] {processor.py:830} INFO - Processing file /home/airflow/dags/mlflow_tracking_dag.py for tasks to queue
[2026-04-27T06:15:13.435+0000] {logging_mixin.py:188} INFO - [2026-04-27T06:15:13.434+0000] {dagbag.py:538} INFO - Filling up the DagBag from /home/airflow/dags/mlflow_tracking_dag.py
[2026-04-27T06:15:14.504+0000] {processor.py:840} INFO - DAG(s) 'mlflow_model_tracking' retrieved from /home/airflow/dags/mlflow_tracking_dag.py
[2026-04-27T06:15:14.601+0000] {logging_mixin.py:188} INFO - [2026-04-27T06:15:14.600+0000] {dag.py:3036} INFO - Sync 1 DAGs
[2026-04-27T06:15:14.610+0000] {logging_mixin.py:188} INFO - [2026-04-27T06:15:14.610+0000] {dag.py:3823} INFO - Setting next_dagrun for mlflow_model_tracking to None, run_after=None
[2026-04-27T06:15:14.643+0000] {processor.py:183} INFO - Processing /home/airflow/dags/mlflow_tracking_dag.py took 1.214 seconds
[2026-04-27T06:15:45.146+0000] {processor.py:161} INFO - Started process (PID=254) to work on /home/airflow/dags/mlflow_tracking_dag.py
[2026-04-27T06:15:45.147+0000] {processor.py:830} INFO - Processing file /home/airflow/dags/mlflow_tracking_dag.py for tasks to queue
[2026-04-27T06:15:45.148+0000] {logging_mixin.py:188} INFO - [2026-04-27T06:15:45.148+0000] {dagbag.py:538} INFO - Filling up the DagBag from /home/airflow/dags/mlflow_tracking_dag.py
[2026-04-27T06:15:46.585+0000] {processor.py:840} INFO - DAG(s) 'mlflow_model_tracking' retrieved from /home/airflow/dags/mlflow_tracking_dag.py
[2026-04-27T06:15:46.635+0000] {logging_mixin.py:188} INFO - [2026-04-27T06:15:46.635+0000] {dag.py:3036} INFO - Sync 1 DAGs
[2026-04-27T06:15:46.709+0000] {logging_mixin.py:188} INFO - [2026-04-27T06:15:46.708+0000] {dag.py:3823} INFO - Setting next_dagrun for mlflow_model_tracking to None, run_after=None
[2026-04-27T06:15:47.215+0000] {processor.py:183} INFO - Processing /home/airflow/dags/mlflow_tracking_dag.py took 2.074 seconds
[2026-04-27T06:16:17.441+0000] {processor.py:161} INFO - Started process (PID=299) to work on /home/airflow/dags/mlflow_tracking_dag.py
[2026-04-27T06:16:17.442+0000] {processor.py:830} INFO - Processing file /home/airflow/dags/mlflow_tracking_dag.py for tasks to queue
[2026-04-27T06:16:17.443+0000] {logging_mixin.py:188} INFO - [2026-04-27T06:16:17.443+0000] {dagbag.py:538} INFO - Filling up the DagBag from /home/airflow/dags/mlflow_tracking_dag.py
[2026-04-27T06:16:18.400+0000] {processor.py:840} INFO - DAG(s) 'mlflow_model_tracking' retrieved from /home/airflow/dags/mlflow_tracking_dag.py
[2026-04-27T06:16:18.432+0000] {logging_mixin.py:188} INFO - [2026-04-27T06:16:18.432+0000] {dag.py:3036} INFO - Sync 1 DAGs
[2026-04-27T06:16:18.446+0000] {logging_mixin.py:188} INFO - [2026-04-27T06:16:18.445+0000] {dag.py:3823} INFO - Setting next_dagrun for mlflow_model_tracking to None, run_after=None
[2026-04-27T06:16:18.483+0000] {processor.py:183} INFO - Processing /home/airflow/dags/mlflow_tracking_dag.py took 1.048 seconds
[2026-04-27T06:16:48.851+0000] {processor.py:161} INFO - Started process (PID=344) to work on /home/airflow/dags/mlflow_tracking_dag.py
[2026-04-27T06:16:48.853+0000] {processor.py:830} INFO - Processing file /home/airflow/dags/mlflow_tracking_dag.py for tasks to queue
[2026-04-27T06:16:48.854+0000] {logging_mixin.py:188} INFO - [2026-04-27T06:16:48.854+0000] {dagbag.py:538} INFO - Filling up the DagBag from /home/airflow/dags/mlflow_tracking_dag.py
[2026-04-27T06:16:50.358+0000] {processor.py:840} INFO - DAG(s) 'mlflow_model_tracking' retrieved from /home/airflow/dags/mlflow_tracking_dag.py
[2026-04-27T06:16:50.431+0000] {logging_mixin.py:188} INFO - [2026-04-27T06:16:50.430+0000] {dag.py:3036} INFO - Sync 1 DAGs
[2026-04-27T06:16:50.493+0000] {logging_mixin.py:188} INFO - [2026-04-27T06:16:50.493+0000] {dag.py:3823} INFO - Setting next_dagrun for mlflow_model_tracking to None, run_after=None
[2026-04-27T06:16:50.566+0000] {processor.py:183} INFO - Processing /home/airflow/dags/mlflow_tracking_dag.py took 1.721 seconds
[2026-04-27T06:17:21.081+0000] {processor.py:161} INFO - Started process (PID=389) to work on /home/airflow/dags/mlflow_tracking_dag.py
[2026-04-27T06:17:21.083+0000] {processor.py:830} INFO - Processing file /home/airflow/dags/mlflow_tracking_dag.py for tasks to queue
[2026-04-27T06:17:21.085+0000] {logging_mixin.py:188} INFO - [2026-04-27T06:17:21.084+0000] {dagbag.py:538} INFO - Filling up the DagBag from /home/airflow/dags/mlflow_tracking_dag.py
[2026-04-27T06:17:22.378+0000] {processor.py:840} INFO - DAG(s) 'mlflow_model_tracking' retrieved from /home/airflow/dags/mlflow_tracking_dag.py
[2026-04-27T06:17:22.411+0000] {logging_mixin.py:188} INFO - [2026-04-27T06:17:22.410+0000] {dag.py:3036} INFO - Sync 1 DAGs
[2026-04-27T06:17:22.427+0000] {logging_mixin.py:188} INFO - [2026-04-27T06:17:22.426+0000] {dag.py:3823} INFO - Setting next_dagrun for mlflow_model_tracking to None, run_after=None
[2026-04-27T06:17:22.455+0000] {processor.py:183} INFO - Processing /home/airflow/dags/mlflow_tracking_dag.py took 1.379 seconds
[2026-04-27T06:17:52.750+0000] {processor.py:161} INFO - Started process (PID=434) to work on /home/airflow/dags/mlflow_tracking_dag.py
[2026-04-27T06:17:52.752+0000] {processor.py:830} INFO - Processing file /home/airflow/dags/mlflow_tracking_dag.py for tasks to queue
[2026-04-27T06:17:52.754+0000] {logging_mixin.py:188} INFO - [2026-04-27T06:17:52.753+0000] {dagbag.py:538} INFO - Filling up the DagBag from /home/airflow/dags/mlflow_tracking_dag.py
[2026-04-27T06:17:54.014+0000] {processor.py:840} INFO - DAG(s) 'mlflow_model_tracking' retrieved from /home/airflow/dags/mlflow_tracking_dag.py
[2026-04-27T06:17:54.044+0000] {logging_mixin.py:188} INFO - [2026-04-27T06:17:54.044+0000] {dag.py:3036} INFO - Sync 1 DAGs
[2026-04-27T06:17:54.058+0000] {logging_mixin.py:188} INFO - [2026-04-27T06:17:54.058+0000] {dag.py:3823} INFO - Setting next_dagrun for mlflow_model_tracking to None, run_after=None
[2026-04-27T06:17:54.099+0000] {processor.py:183} INFO - Processing /home/airflow/dags/mlflow_tracking_dag.py took 1.354 seconds
[2026-04-27T06:18:24.487+0000] {processor.py:161} INFO - Started process (PID=479) to work on /home/airflow/dags/mlflow_tracking_dag.py
[2026-04-27T06:18:24.488+0000] {processor.py:830} INFO - Processing file /home/airflow/dags/mlflow_tracking_dag.py for tasks to queue
[2026-04-27T06:18:24.490+0000] {logging_mixin.py:188} INFO - [2026-04-27T06:18:24.489+0000] {dagbag.py:538} INFO - Filling up the DagBag from /home/airflow/dags/mlflow_tracking_dag.py
[2026-04-27T06:18:25.684+0000] {processor.py:840} INFO - DAG(s) 'mlflow_model_tracking' retrieved from /home/airflow/dags/mlflow_tracking_dag.py
[2026-04-27T06:18:25.757+0000] {logging_mixin.py:188} INFO - [2026-04-27T06:18:25.756+0000] {dag.py:3036} INFO - Sync 1 DAGs
[2026-04-27T06:18:25.787+0000] {logging_mixin.py:188} INFO - [2026-04-27T06:18:25.786+0000] {dag.py:3823} INFO - Setting next_dagrun for mlflow_model_tracking to None, run_after=None
[2026-04-27T06:18:25.839+0000] {processor.py:183} INFO - Processing /home/airflow/dags/mlflow_tracking_dag.py took 1.358 seconds
[2026-04-27T06:18:56.920+0000] {processor.py:161} INFO - Started process (PID=533) to work on /home/airflow/dags/mlflow_tracking_dag.py
[2026-04-27T06:18:56.922+0000] {processor.py:830} INFO - Processing file /home/airflow/dags/mlflow_tracking_dag.py for tasks to queue
[2026-04-27T06:18:56.923+0000] {logging_mixin.py:188} INFO - [2026-04-27T06:18:56.922+0000] {dagbag.py:538} INFO - Filling up the DagBag from /home/airflow/dags/mlflow_tracking_dag.py
[2026-04-27T06:18:57.872+0000] {processor.py:840} INFO - DAG(s) 'mlflow_model_tracking' retrieved from /home/airflow/dags/mlflow_tracking_dag.py
[2026-04-27T06:18:57.905+0000] {logging_mixin.py:188} INFO - [2026-04-27T06:18:57.904+0000] {dag.py:3036} INFO - Sync 1 DAGs
[2026-04-27T06:18:57.922+0000] {logging_mixin.py:188} INFO - [2026-04-27T06:18:57.922+0000] {dag.py:3823} INFO - Setting next_dagrun for mlflow_model_tracking to None, run_after=None
[2026-04-27T06:18:57.947+0000] {processor.py:183} INFO - Processing /home/airflow/dags/mlflow_tracking_dag.py took 1.030 seconds
[2026-04-27T06:19:28.843+0000] {processor.py:161} INFO - Started process (PID=580) to work on /home/airflow/dags/mlflow_tracking_dag.py
[2026-04-27T06:19:28.844+0000] {processor.py:830} INFO - Processing file /home/airflow/dags/mlflow_tracking_dag.py for tasks to queue
[2026-04-27T06:19:28.845+0000] {logging_mixin.py:188} INFO - [2026-04-27T06:19:28.845+0000] {dagbag.py:538} INFO - Filling up the DagBag from /home/airflow/dags/mlflow_tracking_dag.py
[2026-04-27T06:19:30.160+0000] {processor.py:840} INFO - DAG(s) 'mlflow_model_tracking' retrieved from /home/airflow/dags/mlflow_tracking_dag.py
[2026-04-27T06:19:30.214+0000] {logging_mixin.py:188} INFO - [2026-04-27T06:19:30.214+0000] {dag.py:3036} INFO - Sync 1 DAGs
[2026-04-27T06:19:30.236+0000] {logging_mixin.py:188} INFO - [2026-04-27T06:19:30.235+0000] {dag.py:3823} INFO - Setting next_dagrun for mlflow_model_tracking to None, run_after=None
[2026-04-27T06:19:30.277+0000] {processor.py:183} INFO - Processing /home/airflow/dags/mlflow_tracking_dag.py took 1.438 seconds
[2026-04-27T06:20:00.905+0000] {processor.py:161} INFO - Started process (PID=625) to work on /home/airflow/dags/mlflow_tracking_dag.py
[2026-04-27T06:20:00.906+0000] {processor.py:830} INFO - Processing file /home/airflow/dags/mlflow_tracking_dag.py for tasks to queue
[2026-04-27T06:20:00.908+0000] {logging_mixin.py:188} INFO - [2026-04-27T06:20:00.907+0000] {dagbag.py:538} INFO - Filling up the DagBag from /home/airflow/dags/mlflow_tracking_dag.py
[2026-04-27T06:20:01.852+0000] {processor.py:840} INFO - DAG(s) 'mlflow_model_tracking' retrieved from /home/airflow/dags/mlflow_tracking_dag.py
[2026-04-27T06:20:01.881+0000] {logging_mixin.py:188} INFO - [2026-04-27T06:20:01.880+0000] {dag.py:3036} INFO - Sync 1 DAGs
[2026-04-27T06:20:01.893+0000] {logging_mixin.py:188} INFO - [2026-04-27T06:20:01.893+0000] {dag.py:3823} INFO - Setting next_dagrun for mlflow_model_tracking to None, run_after=None
[2026-04-27T06:20:01.916+0000] {processor.py:183} INFO - Processing /home/airflow/dags/mlflow_tracking_dag.py took 1.016 seconds
[2026-04-27T06:20:32.332+0000] {processor.py:161} INFO - Started process (PID=670) to work on /home/airflow/dags/mlflow_tracking_dag.py
[2026-04-27T06:20:32.334+0000] {processor.py:830} INFO - Processing file /home/airflow/dags/mlflow_tracking_dag.py for tasks to queue
[2026-04-27T06:20:32.335+0000] {logging_mixin.py:188} INFO - [2026-04-27T06:20:32.334+0000] {dagbag.py:538} INFO - Filling up the DagBag from /home/airflow/dags/mlflow_tracking_dag.py
[2026-04-27T06:20:33.272+0000] {processor.py:840} INFO - DAG(s) 'mlflow_model_tracking' retrieved from /home/airflow/dags/mlflow_tracking_dag.py
[2026-04-27T06:20:33.319+0000] {logging_mixin.py:188} INFO - [2026-04-27T06:20:33.319+0000] {dag.py:3036} INFO - Sync 1 DAGs
[2026-04-27T06:20:33.333+0000] {logging_mixin.py:188} INFO - [2026-04-27T06:20:33.332+0000] {dag.py:3823} INFO - Setting next_dagrun for mlflow_model_tracking to None, run_after=None
[2026-04-27T06:20:33.361+0000] {processor.py:183} INFO - Processing /home/airflow/dags/mlflow_tracking_dag.py took 1.034 seconds
[2026-04-27T06:21:03.513+0000] {processor.py:161} INFO - Started process (PID=715) to work on /home/airflow/dags/mlflow_tracking_dag.py
[2026-04-27T06:21:03.515+0000] {processor.py:830} INFO - Processing file /home/airflow/dags/mlflow_tracking_dag.py for tasks to queue
[2026-04-27T06:21:03.516+0000] {logging_mixin.py:188} INFO - [2026-04-27T06:21:03.515+0000] {dagbag.py:538} INFO - Filling up the DagBag from /home/airflow/dags/mlflow_tracking_dag.py
[2026-04-27T06:21:04.464+0000] {processor.py:840} INFO - DAG(s) 'mlflow_model_tracking' retrieved from /home/airflow/dags/mlflow_tracking_dag.py
[2026-04-27T06:21:04.493+0000] {logging_mixin.py:188} INFO - [2026-04-27T06:21:04.492+0000] {dag.py:3036} INFO - Sync 1 DAGs
[2026-04-27T06:21:04.505+0000] {logging_mixin.py:188} INFO - [2026-04-27T06:21:04.504+0000] {dag.py:3823} INFO - Setting next_dagrun for mlflow_model_tracking to None, run_after=None
[2026-04-27T06:21:04.528+0000] {processor.py:183} INFO - Processing /home/airflow/dags/mlflow_tracking_dag.py took 1.018 seconds
[2026-04-27T06:21:35.160+0000] {processor.py:161} INFO - Started process (PID=760) to work on /home/airflow/dags/mlflow_tracking_dag.py
[2026-04-27T06:21:35.162+0000] {processor.py:830} INFO - Processing file /home/airflow/dags/mlflow_tracking_dag.py for tasks to queue
[2026-04-27T06:21:35.163+0000] {logging_mixin.py:188} INFO - [2026-04-27T06:21:35.162+0000] {dagbag.py:538} INFO - Filling up the DagBag from /home/airflow/dags/mlflow_tracking_dag.py
[2026-04-27T06:21:35.874+0000] {processor.py:840} INFO - DAG(s) 'mlflow_model_tracking' retrieved from /home/airflow/dags/mlflow_tracking_dag.py
[2026-04-27T06:21:35.896+0000] {logging_mixin.py:188} INFO - [2026-04-27T06:21:35.895+0000] {dag.py:3036} INFO - Sync 1 DAGs
[2026-04-27T06:21:35.904+0000] {logging_mixin.py:188} INFO - [2026-04-27T06:21:35.904+0000] {dag.py:3823} INFO - Setting next_dagrun for mlflow_model_tracking to None, run_after=None
[2026-04-27T06:21:35.927+0000] {processor.py:183} INFO - Processing /home/airflow/dags/mlflow_tracking_dag.py took 0.770 seconds
[2026-04-27T06:22:06.735+0000] {processor.py:161} INFO - Started process (PID=805) to work on /home/airflow/dags/mlflow_tracking_dag.py
[2026-04-27T06:22:06.737+0000] {processor.py:830} INFO - Processing file /home/airflow/dags/mlflow_tracking_dag.py for tasks to queue
[2026-04-27T06:22:06.738+0000] {logging_mixin.py:188} INFO - [2026-04-27T06:22:06.737+0000] {dagbag.py:538} INFO - Filling up the DagBag from /home/airflow/dags/mlflow_tracking_dag.py
[2026-04-27T06:22:07.567+0000] {processor.py:840} INFO - DAG(s) 'mlflow_model_tracking' retrieved from /home/airflow/dags/mlflow_tracking_dag.py
[2026-04-27T06:22:07.592+0000] {logging_mixin.py:188} INFO - [2026-04-27T06:22:07.592+0000] {dag.py:3036} INFO - Sync 1 DAGs
[2026-04-27T06:22:07.602+0000] {logging_mixin.py:188} INFO - [2026-04-27T06:22:07.602+0000] {dag.py:3823} INFO - Setting next_dagrun for mlflow_model_tracking to None, run_after=None
[2026-04-27T06:22:07.625+0000] {processor.py:183} INFO - Processing /home/airflow/dags/mlflow_tracking_dag.py took 0.893 seconds
[2026-04-27T06:22:38.125+0000] {processor.py:161} INFO - Started process (PID=850) to work on /home/airflow/dags/mlflow_tracking_dag.py
[2026-04-27T06:22:38.127+0000] {processor.py:830} INFO - Processing file /home/airflow/dags/mlflow_tracking_dag.py for tasks to queue
[2026-04-27T06:22:38.128+0000] {logging_mixin.py:188} INFO - [2026-04-27T06:22:38.127+0000] {dagbag.py:538} INFO - Filling up the DagBag from /home/airflow/dags/mlflow_tracking_dag.py
[2026-04-27T06:22:38.875+0000] {processor.py:840} INFO - DAG(s) 'mlflow_model_tracking' retrieved from /home/airflow/dags/mlflow_tracking_dag.py
[2026-04-27T06:22:38.905+0000] {logging_mixin.py:188} INFO - [2026-04-27T06:22:38.904+0000] {dag.py:3036} INFO - Sync 1 DAGs
[2026-04-27T06:22:38.918+0000] {logging_mixin.py:188} INFO - [2026-04-27T06:22:38.918+0000] {dag.py:3823} INFO - Setting next_dagrun for mlflow_model_tracking to None, run_after=None
[2026-04-27T06:22:38.938+0000] {processor.py:183} INFO - Processing /home/airflow/dags/mlflow_tracking_dag.py took 0.817 seconds
[2026-04-27T06:23:09.547+0000] {processor.py:161} INFO - Started process (PID=895) to work on /home/airflow/dags/mlflow_tracking_dag.py
[2026-04-27T06:23:09.548+0000] {processor.py:830} INFO - Processing file /home/airflow/dags/mlflow_tracking_dag.py for tasks to queue
[2026-04-27T06:23:09.549+0000] {logging_mixin.py:188} INFO - [2026-04-27T06:23:09.549+0000] {dagbag.py:538} INFO - Filling up the DagBag from /home/airflow/dags/mlflow_tracking_dag.py
[2026-04-27T06:23:10.221+0000] {processor.py:840} INFO - DAG(s) 'mlflow_model_tracking' retrieved from /home/airflow/dags/mlflow_tracking_dag.py
[2026-04-27T06:23:10.241+0000] {logging_mixin.py:188} INFO - [2026-04-27T06:23:10.241+0000] {dag.py:3036} INFO - Sync 1 DAGs
[2026-04-27T06:23:10.251+0000] {logging_mixin.py:188} INFO - [2026-04-27T06:23:10.251+0000] {dag.py:3823} INFO - Setting next_dagrun for mlflow_model_tracking to None, run_after=None
[2026-04-27T06:23:10.273+0000] {processor.py:183} INFO - Processing /home/airflow/dags/mlflow_tracking_dag.py took 0.729 seconds
[2026-04-27T06:23:41.092+0000] {processor.py:161} INFO - Started process (PID=940) to work on /home/airflow/dags/mlflow_tracking_dag.py
[2026-04-27T06:23:41.093+0000] {processor.py:830} INFO - Processing file /home/airflow/dags/mlflow_tracking_dag.py for tasks to queue
[2026-04-27T06:23:41.094+0000] {logging_mixin.py:188} INFO - [2026-04-27T06:23:41.093+0000] {dagbag.py:538} INFO - Filling up the DagBag from /home/airflow/dags/mlflow_tracking_dag.py
[2026-04-27T06:23:41.999+0000] {processor.py:840} INFO - DAG(s) 'mlflow_model_tracking' retrieved from /home/airflow/dags/mlflow_tracking_dag.py
[2026-04-27T06:23:42.019+0000] {logging_mixin.py:188} INFO - [2026-04-27T06:23:42.019+0000] {dag.py:3036} INFO - Sync 1 DAGs
[2026-04-27T06:23:42.028+0000] {logging_mixin.py:188} INFO - [2026-04-27T06:23:42.028+0000] {dag.py:3823} INFO - Setting next_dagrun for mlflow_model_tracking to None, run_after=None
[2026-04-27T06:23:42.047+0000] {processor.py:183} INFO - Processing /home/airflow/dags/mlflow_tracking_dag.py took 0.958 seconds
[2026-04-27T06:24:13.101+0000] {processor.py:161} INFO - Started process (PID=985) to work on /home/airflow/dags/mlflow_tracking_dag.py
[2026-04-27T06:24:13.103+0000] {processor.py:830} INFO - Processing file /home/airflow/dags/mlflow_tracking_dag.py for tasks to queue
[2026-04-27T06:24:13.104+0000] {logging_mixin.py:188} INFO - [2026-04-27T06:24:13.104+0000] {dagbag.py:538} INFO - Filling up the DagBag from /home/airflow/dags/mlflow_tracking_dag.py
[2026-04-27T06:24:14.026+0000] {processor.py:840} INFO - DAG(s) 'mlflow_model_tracking' retrieved from /home/airflow/dags/mlflow_tracking_dag.py
[2026-04-27T06:24:14.051+0000] {logging_mixin.py:188} INFO - [2026-04-27T06:24:14.050+0000] {dag.py:3036} INFO - Sync 1 DAGs
[2026-04-27T06:24:14.060+0000] {logging_mixin.py:188} INFO - [2026-04-27T06:24:14.060+0000] {dag.py:3823} INFO - Setting next_dagrun for mlflow_model_tracking to None, run_after=None
[2026-04-27T06:24:14.082+0000] {processor.py:183} INFO - Processing /home/airflow/dags/mlflow_tracking_dag.py took 0.984 seconds
[2026-04-27T06:24:44.642+0000] {processor.py:161} INFO - Started process (PID=1036) to work on /home/airflow/dags/mlflow_tracking_dag.py
[2026-04-27T06:24:44.644+0000] {processor.py:830} INFO - Processing file /home/airflow/dags/mlflow_tracking_dag.py for tasks to queue
[2026-04-27T06:24:44.645+0000] {logging_mixin.py:188} INFO - [2026-04-27T06:24:44.645+0000] {dagbag.py:538} INFO - Filling up the DagBag from /home/airflow/dags/mlflow_tracking_dag.py
[2026-04-27T06:24:45.422+0000] {processor.py:840} INFO - DAG(s) 'mlflow_model_tracking' retrieved from /home/airflow/dags/mlflow_tracking_dag.py
[2026-04-27T06:24:45.446+0000] {logging_mixin.py:188} INFO - [2026-04-27T06:24:45.446+0000] {dag.py:3036} INFO - Sync 1 DAGs
[2026-04-27T06:24:45.456+0000] {logging_mixin.py:188} INFO - [2026-04-27T06:24:45.456+0000] {dag.py:3823} INFO - Setting next_dagrun for mlflow_model_tracking to None, run_after=None
[2026-04-27T06:24:45.477+0000] {processor.py:183} INFO - Processing /home/airflow/dags/mlflow_tracking_dag.py took 0.839 seconds
[2026-04-27T06:25:15.842+0000] {processor.py:161} INFO - Started process (PID=1081) to work on /home/airflow/dags/mlflow_tracking_dag.py
[2026-04-27T06:25:15.844+0000] {processor.py:830} INFO - Processing file /home/airflow/dags/mlflow_tracking_dag.py for tasks to queue
[2026-04-27T06:25:15.845+0000] {logging_mixin.py:188} INFO - [2026-04-27T06:25:15.845+0000] {dagbag.py:538} INFO - Filling up the DagBag from /home/airflow/dags/mlflow_tracking_dag.py
[2026-04-27T06:25:16.888+0000] {processor.py:840} INFO - DAG(s) 'mlflow_model_tracking' retrieved from /home/airflow/dags/mlflow_tracking_dag.py
[2026-04-27T06:25:16.923+0000] {logging_mixin.py:188} INFO - [2026-04-27T06:25:16.922+0000] {dag.py:3036} INFO - Sync 1 DAGs
[2026-04-27T06:25:16.937+0000] {logging_mixin.py:188} INFO - [2026-04-27T06:25:16.937+0000] {dag.py:3823} INFO - Setting next_dagrun for mlflow_model_tracking to None, run_after=None
[2026-04-27T06:25:16.970+0000] {processor.py:183} INFO - Processing /home/airflow/dags/mlflow_tracking_dag.py took 1.132 seconds
[2026-04-27T06:25:47.425+0000] {processor.py:161} INFO - Started process (PID=1126) to work on /home/airflow/dags/mlflow_tracking_dag.py
[2026-04-27T06:25:47.426+0000] {processor.py:830} INFO - Processing file /home/airflow/dags/mlflow_tracking_dag.py for tasks to queue
[2026-04-27T06:25:47.427+0000] {logging_mixin.py:188} INFO - [2026-04-27T06:25:47.427+0000] {dagbag.py:538} INFO - Filling up the DagBag from /home/airflow/dags/mlflow_tracking_dag.py
[2026-04-27T06:25:48.193+0000] {processor.py:840} INFO - DAG(s) 'mlflow_model_tracking' retrieved from /home/airflow/dags/mlflow_tracking_dag.py
[2026-04-27T06:25:48.215+0000] {logging_mixin.py:188} INFO - [2026-04-27T06:25:48.215+0000] {dag.py:3036} INFO - Sync 1 DAGs
[2026-04-27T06:25:48.225+0000] {logging_mixin.py:188} INFO - [2026-04-27T06:25:48.225+0000] {dag.py:3823} INFO - Setting next_dagrun for mlflow_model_tracking to None, run_after=None
[2026-04-27T06:25:48.247+0000] {processor.py:183} INFO - Processing /home/airflow/dags/mlflow_tracking_dag.py took 0.826 seconds
[2026-04-27T06:26:18.762+0000] {processor.py:161} INFO - Started process (PID=1171) to work on /home/airflow/dags/mlflow_tracking_dag.py
[2026-04-27T06:26:18.763+0000] {processor.py:830} INFO - Processing file /home/airflow/dags/mlflow_tracking_dag.py for tasks to queue
[2026-04-27T06:26:18.764+0000] {logging_mixin.py:188} INFO - [2026-04-27T06:26:18.764+0000] {dagbag.py:538} INFO - Filling up the DagBag from /home/airflow/dags/mlflow_tracking_dag.py
[2026-04-27T06:26:19.514+0000] {processor.py:840} INFO - DAG(s) 'mlflow_model_tracking' retrieved from /home/airflow/dags/mlflow_tracking_dag.py
[2026-04-27T06:26:19.546+0000] {logging_mixin.py:188} INFO - [2026-04-27T06:26:19.545+0000] {dag.py:3036} INFO - Sync 1 DAGs
[2026-04-27T06:26:19.560+0000] {logging_mixin.py:188} INFO - [2026-04-27T06:26:19.560+0000] {dag.py:3823} INFO - Setting next_dagrun for mlflow_model_tracking to None, run_after=None
[2026-04-27T06:26:19.597+0000] {processor.py:183} INFO - Processing /home/airflow/dags/mlflow_tracking_dag.py took 0.838 seconds
[2026-04-27T12:22:16.429+0000] {processor.py:161} INFO - Started process (PID=1223) to work on /home/airflow/dags/mlflow_tracking_dag.py
[2026-04-27T12:22:16.543+0000] {processor.py:830} INFO - Processing file /home/airflow/dags/mlflow_tracking_dag.py for tasks to queue
[2026-04-27T12:22:16.584+0000] {logging_mixin.py:188} INFO - [2026-04-27T12:22:16.569+0000] {dagbag.py:538} INFO - Filling up the DagBag from /home/airflow/dags/mlflow_tracking_dag.py
[2026-04-27T12:24:17.856+0000] {processor.py:161} INFO - Started process (PID=1252) to work on /home/airflow/dags/mlflow_tracking_dag.py
[2026-04-27T12:24:17.858+0000] {processor.py:830} INFO - Processing file /home/airflow/dags/mlflow_tracking_dag.py for tasks to queue
[2026-04-27T12:24:17.860+0000] {logging_mixin.py:188} INFO - [2026-04-27T12:24:17.859+0000] {dagbag.py:538} INFO - Filling up the DagBag from /home/airflow/dags/mlflow_tracking_dag.py
[2026-04-27T12:24:20.677+0000] {processor.py:840} INFO - DAG(s) 'mlflow_model_tracking' retrieved from /home/airflow/dags/mlflow_tracking_dag.py
[2026-04-27T12:24:20.715+0000] {logging_mixin.py:188} INFO - [2026-04-27T12:24:20.714+0000] {dag.py:3036} INFO - Sync 1 DAGs
[2026-04-27T12:24:20.742+0000] {logging_mixin.py:188} INFO - [2026-04-27T12:24:20.741+0000] {dag.py:3823} INFO - Setting next_dagrun for mlflow_model_tracking to None, run_after=None
[2026-04-27T12:24:20.783+0000] {processor.py:183} INFO - Processing /home/airflow/dags/mlflow_tracking_dag.py took 2.931 seconds
[2026-04-27T12:24:51.289+0000] {processor.py:161} INFO - Started process (PID=1297) to work on /home/airflow/dags/mlflow_tracking_dag.py
[2026-04-27T12:24:51.293+0000] {processor.py:830} INFO - Processing file /home/airflow/dags/mlflow_tracking_dag.py for tasks to queue
[2026-04-27T12:24:51.295+0000] {logging_mixin.py:188} INFO - [2026-04-27T12:24:51.294+0000] {dagbag.py:538} INFO - Filling up the DagBag from /home/airflow/dags/mlflow_tracking_dag.py
[2026-04-27T12:24:52.782+0000] {processor.py:840} INFO - DAG(s) 'mlflow_model_tracking' retrieved from /home/airflow/dags/mlflow_tracking_dag.py
[2026-04-27T12:24:52.883+0000] {logging_mixin.py:188} INFO - [2026-04-27T12:24:52.882+0000] {dag.py:3036} INFO - Sync 1 DAGs
[2026-04-27T12:24:52.921+0000] {logging_mixin.py:188} INFO - [2026-04-27T12:24:52.921+0000] {dag.py:3823} INFO - Setting next_dagrun for mlflow_model_tracking to None, run_after=None
[2026-04-27T12:24:52.960+0000] {processor.py:183} INFO - Processing /home/airflow/dags/mlflow_tracking_dag.py took 1.674 seconds
[2026-04-27T12:25:23.153+0000] {processor.py:161} INFO - Started process (PID=1342) to work on /home/airflow/dags/mlflow_tracking_dag.py
[2026-04-27T12:25:23.155+0000] {processor.py:830} INFO - Processing file /home/airflow/dags/mlflow_tracking_dag.py for tasks to queue
[2026-04-27T12:25:23.157+0000] {logging_mixin.py:188} INFO - [2026-04-27T12:25:23.156+0000] {dagbag.py:538} INFO - Filling up the DagBag from /home/airflow/dags/mlflow_tracking_dag.py
[2026-04-27T12:25:24.275+0000] {processor.py:840} INFO - DAG(s) 'mlflow_model_tracking' retrieved from /home/airflow/dags/mlflow_tracking_dag.py
[2026-04-27T12:25:24.303+0000] {logging_mixin.py:188} INFO - [2026-04-27T12:25:24.302+0000] {dag.py:3036} INFO - Sync 1 DAGs
[2026-04-27T12:25:24.315+0000] {logging_mixin.py:188} INFO - [2026-04-27T12:25:24.314+0000] {dag.py:3823} INFO - Setting next_dagrun for mlflow_model_tracking to None, run_after=None
[2026-04-27T12:25:24.338+0000] {processor.py:183} INFO - Processing /home/airflow/dags/mlflow_tracking_dag.py took 1.189 seconds
[2026-04-27T12:25:54.648+0000] {processor.py:161} INFO - Started process (PID=1387) to work on /home/airflow/dags/mlflow_tracking_dag.py
[2026-04-27T12:25:54.650+0000] {processor.py:830} INFO - Processing file /home/airflow/dags/mlflow_tracking_dag.py for tasks to queue
[2026-04-27T12:25:54.650+0000] {logging_mixin.py:188} INFO - [2026-04-27T12:25:54.650+0000] {dagbag.py:538} INFO - Filling up the DagBag from /home/airflow/dags/mlflow_tracking_dag.py
[2026-04-27T12:25:55.659+0000] {processor.py:840} INFO - DAG(s) 'mlflow_model_tracking' retrieved from /home/airflow/dags/mlflow_tracking_dag.py
[2026-04-27T12:25:55.680+0000] {logging_mixin.py:188} INFO - [2026-04-27T12:25:55.680+0000] {dag.py:3036} INFO - Sync 1 DAGs
[2026-04-27T12:25:55.688+0000] {logging_mixin.py:188} INFO - [2026-04-27T12:25:55.688+0000] {dag.py:3823} INFO - Setting next_dagrun for mlflow_model_tracking to None, run_after=None
[2026-04-27T12:25:55.708+0000] {processor.py:183} INFO - Processing /home/airflow/dags/mlflow_tracking_dag.py took 1.063 seconds
[2026-04-27T12:26:26.325+0000] {processor.py:161} INFO - Started process (PID=1432) to work on /home/airflow/dags/mlflow_tracking_dag.py
[2026-04-27T12:26:26.326+0000] {processor.py:830} INFO - Processing file /home/airflow/dags/mlflow_tracking_dag.py for tasks to queue
[2026-04-27T12:26:26.327+0000] {logging_mixin.py:188} INFO - [2026-04-27T12:26:26.327+0000] {dagbag.py:538} INFO - Filling up the DagBag from /home/airflow/dags/mlflow_tracking_dag.py
[2026-04-27T12:26:27.060+0000] {processor.py:840} INFO - DAG(s) 'mlflow_model_tracking' retrieved from /home/airflow/dags/mlflow_tracking_dag.py
[2026-04-27T12:26:27.082+0000] {logging_mixin.py:188} INFO - [2026-04-27T12:26:27.082+0000] {dag.py:3036} INFO - Sync 1 DAGs
[2026-04-27T12:26:27.090+0000] {logging_mixin.py:188} INFO - [2026-04-27T12:26:27.090+0000] {dag.py:3823} INFO - Setting next_dagrun for mlflow_model_tracking to None, run_after=None
[2026-04-27T12:26:27.111+0000] {processor.py:183} INFO - Processing /home/airflow/dags/mlflow_tracking_dag.py took 0.789 seconds
[2026-04-27T12:26:57.679+0000] {processor.py:161} INFO - Started process (PID=1477) to work on /home/airflow/dags/mlflow_tracking_dag.py
[2026-04-27T12:26:57.681+0000] {processor.py:830} INFO - Processing file /home/airflow/dags/mlflow_tracking_dag.py for tasks to queue
[2026-04-27T12:26:57.682+0000] {logging_mixin.py:188} INFO - [2026-04-27T12:26:57.682+0000] {dagbag.py:538} INFO - Filling up the DagBag from /home/airflow/dags/mlflow_tracking_dag.py
[2026-04-27T12:26:58.609+0000] {processor.py:840} INFO - DAG(s) 'mlflow_model_tracking' retrieved from /home/airflow/dags/mlflow_tracking_dag.py
[2026-04-27T12:26:58.635+0000] {logging_mixin.py:188} INFO - [2026-04-27T12:26:58.634+0000] {dag.py:3036} INFO - Sync 1 DAGs
[2026-04-27T12:26:58.646+0000] {logging_mixin.py:188} INFO - [2026-04-27T12:26:58.645+0000] {dag.py:3823} INFO - Setting next_dagrun for mlflow_model_tracking to None, run_after=None
[2026-04-27T12:26:58.669+0000] {processor.py:183} INFO - Processing /home/airflow/dags/mlflow_tracking_dag.py took 0.993 seconds
[2026-04-27T12:27:29.234+0000] {processor.py:161} INFO - Started process (PID=1522) to work on /home/airflow/dags/mlflow_tracking_dag.py
[2026-04-27T12:27:29.235+0000] {processor.py:830} INFO - Processing file /home/airflow/dags/mlflow_tracking_dag.py for tasks to queue
[2026-04-27T12:27:29.236+0000] {logging_mixin.py:188} INFO - [2026-04-27T12:27:29.236+0000] {dagbag.py:538} INFO - Filling up the DagBag from /home/airflow/dags/mlflow_tracking_dag.py
[2026-04-27T12:27:30.027+0000] {processor.py:840} INFO - DAG(s) 'mlflow_model_tracking' retrieved from /home/airflow/dags/mlflow_tracking_dag.py
[2026-04-27T12:27:30.057+0000] {logging_mixin.py:188} INFO - [2026-04-27T12:27:30.057+0000] {dag.py:3036} INFO - Sync 1 DAGs
[2026-04-27T12:27:30.072+0000] {logging_mixin.py:188} INFO - [2026-04-27T12:27:30.072+0000] {dag.py:3823} INFO - Setting next_dagrun for mlflow_model_tracking to None, run_after=None
[2026-04-27T12:27:30.102+0000] {processor.py:183} INFO - Processing /home/airflow/dags/mlflow_tracking_dag.py took 0.872 seconds
[2026-04-27T12:28:00.735+0000] {processor.py:161} INFO - Started process (PID=1567) to work on /home/airflow/dags/mlflow_tracking_dag.py
[2026-04-27T12:28:00.737+0000] {processor.py:830} INFO - Processing file /home/airflow/dags/mlflow_tracking_dag.py for tasks to queue
[2026-04-27T12:28:00.738+0000] {logging_mixin.py:188} INFO - [2026-04-27T12:28:00.737+0000] {dagbag.py:538} INFO - Filling up the DagBag from /home/airflow/dags/mlflow_tracking_dag.py
[2026-04-27T12:28:01.700+0000] {processor.py:840} INFO - DAG(s) 'mlflow_model_tracking' retrieved from /home/airflow/dags/mlflow_tracking_dag.py
[2026-04-27T12:28:01.726+0000] {logging_mixin.py:188} INFO - [2026-04-27T12:28:01.725+0000] {dag.py:3036} INFO - Sync 1 DAGs
[2026-04-27T12:28:01.738+0000] {logging_mixin.py:188} INFO - [2026-04-27T12:28:01.737+0000] {dag.py:3823} INFO - Setting next_dagrun for mlflow_model_tracking to None, run_after=None
[2026-04-27T12:28:01.765+0000] {processor.py:183} INFO - Processing /home/airflow/dags/mlflow_tracking_dag.py took 1.033 seconds
[2026-04-27T12:28:32.521+0000] {processor.py:161} INFO - Started process (PID=1612) to work on /home/airflow/dags/mlflow_tracking_dag.py
[2026-04-27T12:28:32.523+0000] {processor.py:830} INFO - Processing file /home/airflow/dags/mlflow_tracking_dag.py for tasks to queue
[2026-04-27T12:28:32.525+0000] {logging_mixin.py:188} INFO - [2026-04-27T12:28:32.524+0000] {dagbag.py:538} INFO - Filling up the DagBag from /home/airflow/dags/mlflow_tracking_dag.py
[2026-04-27T12:28:33.858+0000] {processor.py:840} INFO - DAG(s) 'mlflow_model_tracking' retrieved from /home/airflow/dags/mlflow_tracking_dag.py
[2026-04-27T12:28:33.884+0000] {logging_mixin.py:188} INFO - [2026-04-27T12:28:33.883+0000] {dag.py:3036} INFO - Sync 1 DAGs
[2026-04-27T12:28:33.895+0000] {logging_mixin.py:188} INFO - [2026-04-27T12:28:33.895+0000] {dag.py:3823} INFO - Setting next_dagrun for mlflow_model_tracking to None, run_after=None
[2026-04-27T12:28:33.953+0000] {processor.py:183} INFO - Processing /home/airflow/dags/mlflow_tracking_dag.py took 1.437 seconds
[2026-04-27T12:29:04.338+0000] {processor.py:161} INFO - Started process (PID=1657) to work on /home/airflow/dags/mlflow_tracking_dag.py
[2026-04-27T12:29:04.340+0000] {processor.py:830} INFO - Processing file /home/airflow/dags/mlflow_tracking_dag.py for tasks to queue
[2026-04-27T12:29:04.343+0000] {logging_mixin.py:188} INFO - [2026-04-27T12:29:04.342+0000] {dagbag.py:538} INFO - Filling up the DagBag from /home/airflow/dags/mlflow_tracking_dag.py
[2026-04-27T12:29:05.826+0000] {processor.py:840} INFO - DAG(s) 'mlflow_model_tracking' retrieved from /home/airflow/dags/mlflow_tracking_dag.py
[2026-04-27T12:29:05.856+0000] {logging_mixin.py:188} INFO - [2026-04-27T12:29:05.855+0000] {dag.py:3036} INFO - Sync 1 DAGs
[2026-04-27T12:29:05.874+0000] {logging_mixin.py:188} INFO - [2026-04-27T12:29:05.874+0000] {dag.py:3823} INFO - Setting next_dagrun for mlflow_model_tracking to None, run_after=None
[2026-04-27T12:29:05.949+0000] {processor.py:183} INFO - Processing /home/airflow/dags/mlflow_tracking_dag.py took 1.617 seconds
[2026-04-27T12:29:36.408+0000] {processor.py:161} INFO - Started process (PID=1708) to work on /home/airflow/dags/mlflow_tracking_dag.py
[2026-04-27T12:29:36.410+0000] {processor.py:830} INFO - Processing file /home/airflow/dags/mlflow_tracking_dag.py for tasks to queue
[2026-04-27T12:29:36.412+0000] {logging_mixin.py:188} INFO - [2026-04-27T12:29:36.412+0000] {dagbag.py:538} INFO - Filling up the DagBag from /home/airflow/dags/mlflow_tracking_dag.py
[2026-04-27T12:29:37.557+0000] {processor.py:840} INFO - DAG(s) 'mlflow_model_tracking' retrieved from /home/airflow/dags/mlflow_tracking_dag.py
[2026-04-27T12:29:37.586+0000] {logging_mixin.py:188} INFO - [2026-04-27T12:29:37.586+0000] {dag.py:3036} INFO - Sync 1 DAGs
[2026-04-27T12:29:37.596+0000] {logging_mixin.py:188} INFO - [2026-04-27T12:29:37.596+0000] {dag.py:3823} INFO - Setting next_dagrun for mlflow_model_tracking to None, run_after=None
[2026-04-27T12:29:37.622+0000] {processor.py:183} INFO - Processing /home/airflow/dags/mlflow_tracking_dag.py took 1.219 seconds
[2026-04-27T12:30:07.965+0000] {processor.py:161} INFO - Started process (PID=1753) to work on /home/airflow/dags/mlflow_tracking_dag.py
[2026-04-27T12:30:07.966+0000] {processor.py:830} INFO - Processing file /home/airflow/dags/mlflow_tracking_dag.py for tasks to queue
[2026-04-27T12:30:07.967+0000] {logging_mixin.py:188} INFO - [2026-04-27T12:30:07.967+0000] {dagbag.py:538} INFO - Filling up the DagBag from /home/airflow/dags/mlflow_tracking_dag.py
[2026-04-27T12:30:08.753+0000] {processor.py:840} INFO - DAG(s) 'mlflow_model_tracking' retrieved from /home/airflow/dags/mlflow_tracking_dag.py
[2026-04-27T12:30:08.776+0000] {logging_mixin.py:188} INFO - [2026-04-27T12:30:08.775+0000] {dag.py:3036} INFO - Sync 1 DAGs
[2026-04-27T12:30:08.785+0000] {logging_mixin.py:188} INFO - [2026-04-27T12:30:08.785+0000] {dag.py:3823} INFO - Setting next_dagrun for mlflow_model_tracking to None, run_after=None
[2026-04-27T12:30:08.807+0000] {processor.py:183} INFO - Processing /home/airflow/dags/mlflow_tracking_dag.py took 0.845 seconds
[2026-04-27T12:30:39.221+0000] {processor.py:161} INFO - Started process (PID=1798) to work on /home/airflow/dags/mlflow_tracking_dag.py
[2026-04-27T12:30:39.222+0000] {processor.py:830} INFO - Processing file /home/airflow/dags/mlflow_tracking_dag.py for tasks to queue
[2026-04-27T12:30:39.224+0000] {logging_mixin.py:188} INFO - [2026-04-27T12:30:39.223+0000] {dagbag.py:538} INFO - Filling up the DagBag from /home/airflow/dags/mlflow_tracking_dag.py
[2026-04-27T12:30:40.024+0000] {processor.py:840} INFO - DAG(s) 'mlflow_model_tracking' retrieved from /home/airflow/dags/mlflow_tracking_dag.py
[2026-04-27T12:30:40.053+0000] {logging_mixin.py:188} INFO - [2026-04-27T12:30:40.052+0000] {dag.py:3036} INFO - Sync 1 DAGs
[2026-04-27T12:30:40.064+0000] {logging_mixin.py:188} INFO - [2026-04-27T12:30:40.063+0000] {dag.py:3823} INFO - Setting next_dagrun for mlflow_model_tracking to None, run_after=None
[2026-04-27T12:30:40.091+0000] {processor.py:183} INFO - Processing /home/airflow/dags/mlflow_tracking_dag.py took 0.873 seconds
[2026-04-27T12:31:10.371+0000] {processor.py:161} INFO - Started process (PID=1843) to work on /home/airflow/dags/mlflow_tracking_dag.py
[2026-04-27T12:31:10.373+0000] {processor.py:830} INFO - Processing file /home/airflow/dags/mlflow_tracking_dag.py for tasks to queue
[2026-04-27T12:31:10.374+0000] {logging_mixin.py:188} INFO - [2026-04-27T12:31:10.373+0000] {dagbag.py:538} INFO - Filling up the DagBag from /home/airflow/dags/mlflow_tracking_dag.py
[2026-04-27T12:31:11.437+0000] {processor.py:840} INFO - DAG(s) 'mlflow_model_tracking' retrieved from /home/airflow/dags/mlflow_tracking_dag.py
[2026-04-27T12:31:11.461+0000] {logging_mixin.py:188} INFO - [2026-04-27T12:31:11.460+0000] {dag.py:3036} INFO - Sync 1 DAGs
[2026-04-27T12:31:11.474+0000] {logging_mixin.py:188} INFO - [2026-04-27T12:31:11.474+0000] {dag.py:3823} INFO - Setting next_dagrun for mlflow_model_tracking to None, run_after=None
[2026-04-27T12:31:11.500+0000] {processor.py:183} INFO - Processing /home/airflow/dags/mlflow_tracking_dag.py took 1.133 seconds
[2026-04-27T12:31:41.955+0000] {processor.py:161} INFO - Started process (PID=1888) to work on /home/airflow/dags/mlflow_tracking_dag.py
[2026-04-27T12:31:41.956+0000] {processor.py:830} INFO - Processing file /home/airflow/dags/mlflow_tracking_dag.py for tasks to queue
[2026-04-27T12:31:41.957+0000] {logging_mixin.py:188} INFO - [2026-04-27T12:31:41.957+0000] {dagbag.py:538} INFO - Filling up the DagBag from /home/airflow/dags/mlflow_tracking_dag.py
[2026-04-27T12:31:42.775+0000] {processor.py:840} INFO - DAG(s) 'mlflow_model_tracking' retrieved from /home/airflow/dags/mlflow_tracking_dag.py
[2026-04-27T12:31:42.802+0000] {logging_mixin.py:188} INFO - [2026-04-27T12:31:42.802+0000] {dag.py:3036} INFO - Sync 1 DAGs
[2026-04-27T12:31:42.813+0000] {logging_mixin.py:188} INFO - [2026-04-27T12:31:42.813+0000] {dag.py:3823} INFO - Setting next_dagrun for mlflow_model_tracking to None, run_after=None
[2026-04-27T12:31:42.840+0000] {processor.py:183} INFO - Processing /home/airflow/dags/mlflow_tracking_dag.py took 0.889 seconds
[2026-04-27T12:32:13.416+0000] {processor.py:161} INFO - Started process (PID=1933) to work on /home/airflow/dags/mlflow_tracking_dag.py
[2026-04-27T12:32:13.418+0000] {processor.py:830} INFO - Processing file /home/airflow/dags/mlflow_tracking_dag.py for tasks to queue
[2026-04-27T12:32:13.419+0000] {logging_mixin.py:188} INFO - [2026-04-27T12:32:13.418+0000] {dagbag.py:538} INFO - Filling up the DagBag from /home/airflow/dags/mlflow_tracking_dag.py
[2026-04-27T12:32:14.161+0000] {processor.py:840} INFO - DAG(s) 'mlflow_model_tracking' retrieved from /home/airflow/dags/mlflow_tracking_dag.py
[2026-04-27T12:32:14.184+0000] {logging_mixin.py:188} INFO - [2026-04-27T12:32:14.184+0000] {dag.py:3036} INFO - Sync 1 DAGs
[2026-04-27T12:32:14.195+0000] {logging_mixin.py:188} INFO - [2026-04-27T12:32:14.195+0000] {dag.py:3823} INFO - Setting next_dagrun for mlflow_model_tracking to None, run_after=None
[2026-04-27T12:32:14.218+0000] {processor.py:183} INFO - Processing /home/airflow/dags/mlflow_tracking_dag.py took 0.806 seconds
[2026-04-27T12:32:44.745+0000] {processor.py:161} INFO - Started process (PID=1978) to work on /home/airflow/dags/mlflow_tracking_dag.py
[2026-04-27T12:32:44.749+0000] {processor.py:830} INFO - Processing file /home/airflow/dags/mlflow_tracking_dag.py for tasks to queue
[2026-04-27T12:32:44.751+0000] {logging_mixin.py:188} INFO - [2026-04-27T12:32:44.751+0000] {dagbag.py:538} INFO - Filling up the DagBag from /home/airflow/dags/mlflow_tracking_dag.py
[2026-04-27T12:32:45.827+0000] {processor.py:840} INFO - DAG(s) 'mlflow_model_tracking' retrieved from /home/airflow/dags/mlflow_tracking_dag.py
[2026-04-27T12:32:45.852+0000] {logging_mixin.py:188} INFO - [2026-04-27T12:32:45.851+0000] {dag.py:3036} INFO - Sync 1 DAGs
[2026-04-27T12:32:45.861+0000] {logging_mixin.py:188} INFO - [2026-04-27T12:32:45.861+0000] {dag.py:3823} INFO - Setting next_dagrun for mlflow_model_tracking to None, run_after=None
[2026-04-27T12:32:45.884+0000] {processor.py:183} INFO - Processing /home/airflow/dags/mlflow_tracking_dag.py took 1.144 seconds
[2026-04-27T12:33:16.020+0000] {processor.py:161} INFO - Started process (PID=2023) to work on /home/airflow/dags/mlflow_tracking_dag.py
[2026-04-27T12:33:16.022+0000] {processor.py:830} INFO - Processing file /home/airflow/dags/mlflow_tracking_dag.py for tasks to queue
[2026-04-27T12:33:16.023+0000] {logging_mixin.py:188} INFO - [2026-04-27T12:33:16.023+0000] {dagbag.py:538} INFO - Filling up the DagBag from /home/airflow/dags/mlflow_tracking_dag.py
[2026-04-27T12:33:17.102+0000] {processor.py:840} INFO - DAG(s) 'mlflow_model_tracking' retrieved from /home/airflow/dags/mlflow_tracking_dag.py
[2026-04-27T12:33:17.131+0000] {logging_mixin.py:188} INFO - [2026-04-27T12:33:17.130+0000] {dag.py:3036} INFO - Sync 1 DAGs
[2026-04-27T12:33:17.143+0000] {logging_mixin.py:188} INFO - [2026-04-27T12:33:17.143+0000] {dag.py:3823} INFO - Setting next_dagrun for mlflow_model_tracking to None, run_after=None
[2026-04-27T12:33:17.167+0000] {processor.py:183} INFO - Processing /home/airflow/dags/mlflow_tracking_dag.py took 1.152 seconds
[2026-04-27T12:33:47.751+0000] {processor.py:161} INFO - Started process (PID=2068) to work on /home/airflow/dags/mlflow_tracking_dag.py
[2026-04-27T12:33:47.753+0000] {processor.py:830} INFO - Processing file /home/airflow/dags/mlflow_tracking_dag.py for tasks to queue
[2026-04-27T12:33:47.754+0000] {logging_mixin.py:188} INFO - [2026-04-27T12:33:47.753+0000] {dagbag.py:538} INFO - Filling up the DagBag from /home/airflow/dags/mlflow_tracking_dag.py
[2026-04-27T12:33:48.445+0000] {processor.py:840} INFO - DAG(s) 'mlflow_model_tracking' retrieved from /home/airflow/dags/mlflow_tracking_dag.py
[2026-04-27T12:33:48.474+0000] {logging_mixin.py:188} INFO - [2026-04-27T12:33:48.474+0000] {dag.py:3036} INFO - Sync 1 DAGs
[2026-04-27T12:33:48.486+0000] {logging_mixin.py:188} INFO - [2026-04-27T12:33:48.486+0000] {dag.py:3823} INFO - Setting next_dagrun for mlflow_model_tracking to None, run_after=None
[2026-04-27T12:33:48.513+0000] {processor.py:183} INFO - Processing /home/airflow/dags/mlflow_tracking_dag.py took 0.766 seconds
[2026-04-27T12:34:18.975+0000] {processor.py:161} INFO - Started process (PID=2113) to work on /home/airflow/dags/mlflow_tracking_dag.py
[2026-04-27T12:34:18.976+0000] {processor.py:830} INFO - Processing file /home/airflow/dags/mlflow_tracking_dag.py for tasks to queue
[2026-04-27T12:34:18.977+0000] {logging_mixin.py:188} INFO - [2026-04-27T12:34:18.977+0000] {dagbag.py:538} INFO - Filling up the DagBag from /home/airflow/dags/mlflow_tracking_dag.py
[2026-04-27T12:34:19.603+0000] {processor.py:840} INFO - DAG(s) 'mlflow_model_tracking' retrieved from /home/airflow/dags/mlflow_tracking_dag.py
[2026-04-27T12:34:19.630+0000] {logging_mixin.py:188} INFO - [2026-04-27T12:34:19.630+0000] {dag.py:3036} INFO - Sync 1 DAGs
[2026-04-27T12:34:19.641+0000] {logging_mixin.py:188} INFO - [2026-04-27T12:34:19.641+0000] {dag.py:3823} INFO - Setting next_dagrun for mlflow_model_tracking to None, run_after=None
[2026-04-27T12:34:19.664+0000] {processor.py:183} INFO - Processing /home/airflow/dags/mlflow_tracking_dag.py took 0.693 seconds
[2026-04-27T12:34:49.856+0000] {processor.py:161} INFO - Started process (PID=2158) to work on /home/airflow/dags/mlflow_tracking_dag.py
[2026-04-27T12:34:49.857+0000] {processor.py:830} INFO - Processing file /home/airflow/dags/mlflow_tracking_dag.py for tasks to queue
[2026-04-27T12:34:49.858+0000] {logging_mixin.py:188} INFO - [2026-04-27T12:34:49.858+0000] {dagbag.py:538} INFO - Filling up the DagBag from /home/airflow/dags/mlflow_tracking_dag.py
[2026-04-27T12:34:50.749+0000] {processor.py:840} INFO - DAG(s) 'mlflow_model_tracking' retrieved from /home/airflow/dags/mlflow_tracking_dag.py
[2026-04-27T12:34:50.780+0000] {logging_mixin.py:188} INFO - [2026-04-27T12:34:50.780+0000] {dag.py:3036} INFO - Sync 1 DAGs
[2026-04-27T12:34:50.793+0000] {logging_mixin.py:188} INFO - [2026-04-27T12:34:50.792+0000] {dag.py:3823} INFO - Setting next_dagrun for mlflow_model_tracking to None, run_after=None
[2026-04-27T12:34:50.817+0000] {processor.py:183} INFO - Processing /home/airflow/dags/mlflow_tracking_dag.py took 0.966 seconds
[2026-04-27T12:35:21.285+0000] {processor.py:161} INFO - Started process (PID=2203) to work on /home/airflow/dags/mlflow_tracking_dag.py
[2026-04-27T12:35:21.286+0000] {processor.py:830} INFO - Processing file /home/airflow/dags/mlflow_tracking_dag.py for tasks to queue
[2026-04-27T12:35:21.288+0000] {logging_mixin.py:188} INFO - [2026-04-27T12:35:21.287+0000] {dagbag.py:538} INFO - Filling up the DagBag from /home/airflow/dags/mlflow_tracking_dag.py
[2026-04-27T12:35:21.999+0000] {processor.py:840} INFO - DAG(s) 'mlflow_model_tracking' retrieved from /home/airflow/dags/mlflow_tracking_dag.py
[2026-04-27T12:35:22.025+0000] {logging_mixin.py:188} INFO - [2026-04-27T12:35:22.025+0000] {dag.py:3036} INFO - Sync 1 DAGs
[2026-04-27T12:35:22.038+0000] {logging_mixin.py:188} INFO - [2026-04-27T12:35:22.038+0000] {dag.py:3823} INFO - Setting next_dagrun for mlflow_model_tracking to None, run_after=None
[2026-04-27T12:35:22.063+0000] {processor.py:183} INFO - Processing /home/airflow/dags/mlflow_tracking_dag.py took 0.782 seconds
[2026-04-27T12:35:52.234+0000] {processor.py:161} INFO - Started process (PID=2248) to work on /home/airflow/dags/mlflow_tracking_dag.py
[2026-04-27T12:35:52.235+0000] {processor.py:830} INFO - Processing file /home/airflow/dags/mlflow_tracking_dag.py for tasks to queue
[2026-04-27T12:35:52.236+0000] {logging_mixin.py:188} INFO - [2026-04-27T12:35:52.236+0000] {dagbag.py:538} INFO - Filling up the DagBag from /home/airflow/dags/mlflow_tracking_dag.py
[2026-04-27T12:35:53.015+0000] {processor.py:840} INFO - DAG(s) 'mlflow_model_tracking' retrieved from /home/airflow/dags/mlflow_tracking_dag.py
[2026-04-27T12:35:53.041+0000] {logging_mixin.py:188} INFO - [2026-04-27T12:35:53.040+0000] {dag.py:3036} INFO - Sync 1 DAGs
[2026-04-27T12:35:53.053+0000] {logging_mixin.py:188} INFO - [2026-04-27T12:35:53.052+0000] {dag.py:3823} INFO - Setting next_dagrun for mlflow_model_tracking to None, run_after=None
[2026-04-27T12:35:53.080+0000] {processor.py:183} INFO - Processing /home/airflow/dags/mlflow_tracking_dag.py took 0.850 seconds
[2026-04-27T12:36:23.486+0000] {processor.py:161} INFO - Started process (PID=2293) to work on /home/airflow/dags/mlflow_tracking_dag.py
[2026-04-27T12:36:23.487+0000] {processor.py:830} INFO - Processing file /home/airflow/dags/mlflow_tracking_dag.py for tasks to queue
[2026-04-27T12:36:23.489+0000] {logging_mixin.py:188} INFO - [2026-04-27T12:36:23.489+0000] {dagbag.py:538} INFO - Filling up the DagBag from /home/airflow/dags/mlflow_tracking_dag.py
[2026-04-27T12:36:24.331+0000] {processor.py:840} INFO - DAG(s) 'mlflow_model_tracking' retrieved from /home/airflow/dags/mlflow_tracking_dag.py
[2026-04-27T12:36:24.357+0000] {logging_mixin.py:188} INFO - [2026-04-27T12:36:24.356+0000] {dag.py:3036} INFO - Sync 1 DAGs
[2026-04-27T12:36:24.366+0000] {logging_mixin.py:188} INFO - [2026-04-27T12:36:24.366+0000] {dag.py:3823} INFO - Setting next_dagrun for mlflow_model_tracking to None, run_after=None
[2026-04-27T12:36:24.392+0000] {processor.py:183} INFO - Processing /home/airflow/dags/mlflow_tracking_dag.py took 0.910 seconds
[2026-04-27T12:36:54.519+0000] {processor.py:161} INFO - Started process (PID=2338) to work on /home/airflow/dags/mlflow_tracking_dag.py
[2026-04-27T12:36:54.520+0000] {processor.py:830} INFO - Processing file /home/airflow/dags/mlflow_tracking_dag.py for tasks to queue
[2026-04-27T12:36:54.521+0000] {logging_mixin.py:188} INFO - [2026-04-27T12:36:54.521+0000] {dagbag.py:538} INFO - Filling up the DagBag from /home/airflow/dags/mlflow_tracking_dag.py
[2026-04-27T12:36:55.301+0000] {processor.py:840} INFO - DAG(s) 'mlflow_model_tracking' retrieved from /home/airflow/dags/mlflow_tracking_dag.py
[2026-04-27T12:36:55.325+0000] {logging_mixin.py:188} INFO - [2026-04-27T12:36:55.324+0000] {dag.py:3036} INFO - Sync 1 DAGs
[2026-04-27T12:36:55.335+0000] {logging_mixin.py:188} INFO - [2026-04-27T12:36:55.335+0000] {dag.py:3823} INFO - Setting next_dagrun for mlflow_model_tracking to None, run_after=None
[2026-04-27T12:36:55.357+0000] {processor.py:183} INFO - Processing /home/airflow/dags/mlflow_tracking_dag.py took 0.842 seconds
[2026-04-27T12:37:25.940+0000] {processor.py:161} INFO - Started process (PID=2383) to work on /home/airflow/dags/mlflow_tracking_dag.py
[2026-04-27T12:37:25.941+0000] {processor.py:830} INFO - Processing file /home/airflow/dags/mlflow_tracking_dag.py for tasks to queue
[2026-04-27T12:37:25.942+0000] {logging_mixin.py:188} INFO - [2026-04-27T12:37:25.942+0000] {dagbag.py:538} INFO - Filling up the DagBag from /home/airflow/dags/mlflow_tracking_dag.py
[2026-04-27T12:37:26.764+0000] {processor.py:840} INFO - DAG(s) 'mlflow_model_tracking' retrieved from /home/airflow/dags/mlflow_tracking_dag.py
[2026-04-27T12:37:26.790+0000] {logging_mixin.py:188} INFO - [2026-04-27T12:37:26.789+0000] {dag.py:3036} INFO - Sync 1 DAGs
[2026-04-27T12:37:26.798+0000] {logging_mixin.py:188} INFO - [2026-04-27T12:37:26.798+0000] {dag.py:3823} INFO - Setting next_dagrun for mlflow_model_tracking to None, run_after=None
[2026-04-27T12:37:26.820+0000] {processor.py:183} INFO - Processing /home/airflow/dags/mlflow_tracking_dag.py took 0.883 seconds
[2026-04-27T12:37:56.904+0000] {processor.py:161} INFO - Started process (PID=2428) to work on /home/airflow/dags/mlflow_tracking_dag.py
[2026-04-27T12:37:56.906+0000] {processor.py:830} INFO - Processing file /home/airflow/dags/mlflow_tracking_dag.py for tasks to queue
[2026-04-27T12:37:56.907+0000] {logging_mixin.py:188} INFO - [2026-04-27T12:37:56.907+0000] {dagbag.py:538} INFO - Filling up the DagBag from /home/airflow/dags/mlflow_tracking_dag.py
[2026-04-27T12:37:57.670+0000] {processor.py:840} INFO - DAG(s) 'mlflow_model_tracking' retrieved from /home/airflow/dags/mlflow_tracking_dag.py
[2026-04-27T12:37:57.693+0000] {logging_mixin.py:188} INFO - [2026-04-27T12:37:57.693+0000] {dag.py:3036} INFO - Sync 1 DAGs
[2026-04-27T12:37:57.703+0000] {logging_mixin.py:188} INFO - [2026-04-27T12:37:57.702+0000] {dag.py:3823} INFO - Setting next_dagrun for mlflow_model_tracking to None, run_after=None
[2026-04-27T12:37:57.725+0000] {processor.py:183} INFO - Processing /home/airflow/dags/mlflow_tracking_dag.py took 0.828 seconds
[2026-04-27T12:38:27.878+0000] {processor.py:161} INFO - Started process (PID=2473) to work on /home/airflow/dags/mlflow_tracking_dag.py
[2026-04-27T12:38:27.880+0000] {processor.py:830} INFO - Processing file /home/airflow/dags/mlflow_tracking_dag.py for tasks to queue
[2026-04-27T12:38:27.881+0000] {logging_mixin.py:188} INFO - [2026-04-27T12:38:27.881+0000] {dagbag.py:538} INFO - Filling up the DagBag from /home/airflow/dags/mlflow_tracking_dag.py
[2026-04-27T12:38:28.816+0000] {processor.py:840} INFO - DAG(s) 'mlflow_model_tracking' retrieved from /home/airflow/dags/mlflow_tracking_dag.py
[2026-04-27T12:38:28.843+0000] {logging_mixin.py:188} INFO - [2026-04-27T12:38:28.843+0000] {dag.py:3036} INFO - Sync 1 DAGs
[2026-04-27T12:38:28.856+0000] {logging_mixin.py:188} INFO - [2026-04-27T12:38:28.856+0000] {dag.py:3823} INFO - Setting next_dagrun for mlflow_model_tracking to None, run_after=None
[2026-04-27T12:38:28.878+0000] {processor.py:183} INFO - Processing /home/airflow/dags/mlflow_tracking_dag.py took 1.004 seconds
[2026-04-27T12:38:59.247+0000] {processor.py:161} INFO - Started process (PID=2518) to work on /home/airflow/dags/mlflow_tracking_dag.py
[2026-04-27T12:38:59.248+0000] {processor.py:830} INFO - Processing file /home/airflow/dags/mlflow_tracking_dag.py for tasks to queue
[2026-04-27T12:38:59.249+0000] {logging_mixin.py:188} INFO - [2026-04-27T12:38:59.249+0000] {dagbag.py:538} INFO - Filling up the DagBag from /home/airflow/dags/mlflow_tracking_dag.py
[2026-04-27T12:39:00.079+0000] {processor.py:840} INFO - DAG(s) 'mlflow_model_tracking' retrieved from /home/airflow/dags/mlflow_tracking_dag.py
[2026-04-27T12:39:00.102+0000] {logging_mixin.py:188} INFO - [2026-04-27T12:39:00.102+0000] {dag.py:3036} INFO - Sync 1 DAGs
[2026-04-27T12:39:00.112+0000] {logging_mixin.py:188} INFO - [2026-04-27T12:39:00.112+0000] {dag.py:3823} INFO - Setting next_dagrun for mlflow_model_tracking to None, run_after=None
[2026-04-27T12:39:00.134+0000] {processor.py:183} INFO - Processing /home/airflow/dags/mlflow_tracking_dag.py took 0.894 seconds
[2026-04-27T12:39:30.554+0000] {processor.py:161} INFO - Started process (PID=2563) to work on /home/airflow/dags/mlflow_tracking_dag.py
[2026-04-27T12:39:30.555+0000] {processor.py:830} INFO - Processing file /home/airflow/dags/mlflow_tracking_dag.py for tasks to queue
[2026-04-27T12:39:30.556+0000] {logging_mixin.py:188} INFO - [2026-04-27T12:39:30.556+0000] {dagbag.py:538} INFO - Filling up the DagBag from /home/airflow/dags/mlflow_tracking_dag.py
[2026-04-27T12:39:31.461+0000] {processor.py:840} INFO - DAG(s) 'mlflow_model_tracking' retrieved from /home/airflow/dags/mlflow_tracking_dag.py
[2026-04-27T12:39:31.489+0000] {logging_mixin.py:188} INFO - [2026-04-27T12:39:31.488+0000] {dag.py:3036} INFO - Sync 1 DAGs
[2026-04-27T12:39:31.502+0000] {logging_mixin.py:188} INFO - [2026-04-27T12:39:31.502+0000] {dag.py:3823} INFO - Setting next_dagrun for mlflow_model_tracking to None, run_after=None
[2026-04-27T12:39:31.536+0000] {processor.py:183} INFO - Processing /home/airflow/dags/mlflow_tracking_dag.py took 0.987 seconds
[2026-04-27T12:40:01.974+0000] {processor.py:161} INFO - Started process (PID=2608) to work on /home/airflow/dags/mlflow_tracking_dag.py
[2026-04-27T12:40:01.975+0000] {processor.py:830} INFO - Processing file /home/airflow/dags/mlflow_tracking_dag.py for tasks to queue
[2026-04-27T12:40:01.977+0000] {logging_mixin.py:188} INFO - [2026-04-27T12:40:01.976+0000] {dagbag.py:538} INFO - Filling up the DagBag from /home/airflow/dags/mlflow_tracking_dag.py
[2026-04-27T12:40:02.773+0000] {processor.py:840} INFO - DAG(s) 'mlflow_model_tracking' retrieved from /home/airflow/dags/mlflow_tracking_dag.py
[2026-04-27T12:40:02.797+0000] {logging_mixin.py:188} INFO - [2026-04-27T12:40:02.797+0000] {dag.py:3036} INFO - Sync 1 DAGs
[2026-04-27T12:40:02.809+0000] {logging_mixin.py:188} INFO - [2026-04-27T12:40:02.809+0000] {dag.py:3823} INFO - Setting next_dagrun for mlflow_model_tracking to None, run_after=None
[2026-04-27T12:40:02.833+0000] {processor.py:183} INFO - Processing /home/airflow/dags/mlflow_tracking_dag.py took 0.863 seconds
[2026-04-27T12:40:33.003+0000] {processor.py:161} INFO - Started process (PID=2653) to work on /home/airflow/dags/mlflow_tracking_dag.py
[2026-04-27T12:40:33.004+0000] {processor.py:830} INFO - Processing file /home/airflow/dags/mlflow_tracking_dag.py for tasks to queue
[2026-04-27T12:40:33.006+0000] {logging_mixin.py:188} INFO - [2026-04-27T12:40:33.005+0000] {dagbag.py:538} INFO - Filling up the DagBag from /home/airflow/dags/mlflow_tracking_dag.py
[2026-04-27T12:40:33.996+0000] {processor.py:840} INFO - DAG(s) 'mlflow_model_tracking' retrieved from /home/airflow/dags/mlflow_tracking_dag.py
[2026-04-27T12:40:34.021+0000] {logging_mixin.py:188} INFO - [2026-04-27T12:40:34.020+0000] {dag.py:3036} INFO - Sync 1 DAGs
[2026-04-27T12:40:34.031+0000] {logging_mixin.py:188} INFO - [2026-04-27T12:40:34.030+0000] {dag.py:3823} INFO - Setting next_dagrun for mlflow_model_tracking to None, run_after=None
[2026-04-27T12:40:34.053+0000] {processor.py:183} INFO - Processing /home/airflow/dags/mlflow_tracking_dag.py took 1.055 seconds
[2026-04-27T12:41:04.336+0000] {processor.py:161} INFO - Started process (PID=2698) to work on /home/airflow/dags/mlflow_tracking_dag.py
[2026-04-27T12:41:04.338+0000] {processor.py:830} INFO - Processing file /home/airflow/dags/mlflow_tracking_dag.py for tasks to queue
[2026-04-27T12:41:04.340+0000] {logging_mixin.py:188} INFO - [2026-04-27T12:41:04.339+0000] {dagbag.py:538} INFO - Filling up the DagBag from /home/airflow/dags/mlflow_tracking_dag.py
[2026-04-27T12:41:05.565+0000] {processor.py:840} INFO - DAG(s) 'mlflow_model_tracking' retrieved from /home/airflow/dags/mlflow_tracking_dag.py
[2026-04-27T12:41:05.614+0000] {logging_mixin.py:188} INFO - [2026-04-27T12:41:05.614+0000] {dag.py:3036} INFO - Sync 1 DAGs
[2026-04-27T12:41:05.626+0000] {logging_mixin.py:188} INFO - [2026-04-27T12:41:05.625+0000] {dag.py:3823} INFO - Setting next_dagrun for mlflow_model_tracking to None, run_after=None
[2026-04-27T12:41:05.656+0000] {processor.py:183} INFO - Processing /home/airflow/dags/mlflow_tracking_dag.py took 1.324 seconds
[2026-04-27T12:41:36.161+0000] {processor.py:161} INFO - Started process (PID=2743) to work on /home/airflow/dags/mlflow_tracking_dag.py
[2026-04-27T12:41:36.162+0000] {processor.py:830} INFO - Processing file /home/airflow/dags/mlflow_tracking_dag.py for tasks to queue
[2026-04-27T12:41:36.164+0000] {logging_mixin.py:188} INFO - [2026-04-27T12:41:36.163+0000] {dagbag.py:538} INFO - Filling up the DagBag from /home/airflow/dags/mlflow_tracking_dag.py
[2026-04-27T12:41:37.411+0000] {processor.py:840} INFO - DAG(s) 'mlflow_model_tracking' retrieved from /home/airflow/dags/mlflow_tracking_dag.py
[2026-04-27T12:41:37.441+0000] {logging_mixin.py:188} INFO - [2026-04-27T12:41:37.440+0000] {dag.py:3036} INFO - Sync 1 DAGs
[2026-04-27T12:41:37.453+0000] {logging_mixin.py:188} INFO - [2026-04-27T12:41:37.452+0000] {dag.py:3823} INFO - Setting next_dagrun for mlflow_model_tracking to None, run_after=None
[2026-04-27T12:41:37.480+0000] {processor.py:183} INFO - Processing /home/airflow/dags/mlflow_tracking_dag.py took 1.323 seconds
