[2026-04-27T00:00:00.161+0000] {processor.py:161} INFO - Started process (PID=59773) to work on /home/airflow/dags/model_training_dag.py
[2026-04-27T00:00:00.165+0000] {processor.py:830} INFO - Processing file /home/airflow/dags/model_training_dag.py for tasks to queue
[2026-04-27T00:00:00.167+0000] {logging_mixin.py:188} INFO - [2026-04-27T00:00:00.166+0000] {dagbag.py:538} INFO - Filling up the DagBag from /home/airflow/dags/model_training_dag.py
[2026-04-27T00:00:01.060+0000] {processor.py:840} INFO - DAG(s) 'model_training_pipeline' retrieved from /home/airflow/dags/model_training_dag.py
[2026-04-27T00:00:01.153+0000] {logging_mixin.py:188} INFO - [2026-04-27T00:00:01.153+0000] {dag.py:3036} INFO - Sync 1 DAGs
[2026-04-27T00:00:01.171+0000] {logging_mixin.py:188} INFO - [2026-04-27T00:00:01.170+0000] {dag.py:3823} INFO - Setting next_dagrun for model_training_pipeline to 2026-04-26 00:00:00+00:00, run_after=2026-05-03 00:00:00+00:00
[2026-04-27T00:00:01.195+0000] {processor.py:183} INFO - Processing /home/airflow/dags/model_training_dag.py took 1.038 seconds
[2026-04-27T00:00:31.981+0000] {processor.py:161} INFO - Started process (PID=59818) to work on /home/airflow/dags/model_training_dag.py
[2026-04-27T00:00:31.982+0000] {processor.py:830} INFO - Processing file /home/airflow/dags/model_training_dag.py for tasks to queue
[2026-04-27T00:00:31.983+0000] {logging_mixin.py:188} INFO - [2026-04-27T00:00:31.983+0000] {dagbag.py:538} INFO - Filling up the DagBag from /home/airflow/dags/model_training_dag.py
[2026-04-27T00:00:32.900+0000] {processor.py:840} INFO - DAG(s) 'model_training_pipeline' retrieved from /home/airflow/dags/model_training_dag.py
[2026-04-27T00:00:32.922+0000] {logging_mixin.py:188} INFO - [2026-04-27T00:00:32.921+0000] {dag.py:3036} INFO - Sync 1 DAGs
[2026-04-27T00:00:32.941+0000] {logging_mixin.py:188} INFO - [2026-04-27T00:00:32.940+0000] {dag.py:3823} INFO - Setting next_dagrun for model_training_pipeline to 2026-04-26 00:00:00+00:00, run_after=2026-05-03 00:00:00+00:00
[2026-04-27T00:00:32.967+0000] {processor.py:183} INFO - Processing /home/airflow/dags/model_training_dag.py took 0.993 seconds
[2026-04-27T00:01:03.355+0000] {processor.py:161} INFO - Started process (PID=59863) to work on /home/airflow/dags/model_training_dag.py
[2026-04-27T00:01:03.357+0000] {processor.py:830} INFO - Processing file /home/airflow/dags/model_training_dag.py for tasks to queue
[2026-04-27T00:01:03.357+0000] {logging_mixin.py:188} INFO - [2026-04-27T00:01:03.357+0000] {dagbag.py:538} INFO - Filling up the DagBag from /home/airflow/dags/model_training_dag.py
[2026-04-27T00:01:04.196+0000] {processor.py:840} INFO - DAG(s) 'model_training_pipeline' retrieved from /home/airflow/dags/model_training_dag.py
[2026-04-27T00:01:04.209+0000] {logging_mixin.py:188} INFO - [2026-04-27T00:01:04.209+0000] {dag.py:3036} INFO - Sync 1 DAGs
[2026-04-27T00:01:04.226+0000] {logging_mixin.py:188} INFO - [2026-04-27T00:01:04.226+0000] {dag.py:3823} INFO - Setting next_dagrun for model_training_pipeline to 2026-04-26 00:00:00+00:00, run_after=2026-05-03 00:00:00+00:00
[2026-04-27T00:01:04.249+0000] {processor.py:183} INFO - Processing /home/airflow/dags/model_training_dag.py took 0.897 seconds
[2026-04-27T00:01:34.709+0000] {processor.py:161} INFO - Started process (PID=59908) to work on /home/airflow/dags/model_training_dag.py
[2026-04-27T00:01:34.710+0000] {processor.py:830} INFO - Processing file /home/airflow/dags/model_training_dag.py for tasks to queue
[2026-04-27T00:01:34.712+0000] {logging_mixin.py:188} INFO - [2026-04-27T00:01:34.711+0000] {dagbag.py:538} INFO - Filling up the DagBag from /home/airflow/dags/model_training_dag.py
[2026-04-27T00:01:35.572+0000] {processor.py:840} INFO - DAG(s) 'model_training_pipeline' retrieved from /home/airflow/dags/model_training_dag.py
[2026-04-27T00:01:35.667+0000] {logging_mixin.py:188} INFO - [2026-04-27T00:01:35.666+0000] {dag.py:3036} INFO - Sync 1 DAGs
[2026-04-27T00:01:35.694+0000] {logging_mixin.py:188} INFO - [2026-04-27T00:01:35.693+0000] {dag.py:3823} INFO - Setting next_dagrun for model_training_pipeline to 2026-04-26 00:00:00+00:00, run_after=2026-05-03 00:00:00+00:00
[2026-04-27T00:01:35.721+0000] {processor.py:183} INFO - Processing /home/airflow/dags/model_training_dag.py took 1.015 seconds
[2026-04-27T00:02:06.090+0000] {processor.py:161} INFO - Started process (PID=59953) to work on /home/airflow/dags/model_training_dag.py
[2026-04-27T00:02:06.092+0000] {processor.py:830} INFO - Processing file /home/airflow/dags/model_training_dag.py for tasks to queue
[2026-04-27T00:02:06.093+0000] {logging_mixin.py:188} INFO - [2026-04-27T00:02:06.093+0000] {dagbag.py:538} INFO - Filling up the DagBag from /home/airflow/dags/model_training_dag.py
[2026-04-27T00:02:07.091+0000] {processor.py:840} INFO - DAG(s) 'model_training_pipeline' retrieved from /home/airflow/dags/model_training_dag.py
[2026-04-27T00:02:07.111+0000] {logging_mixin.py:188} INFO - [2026-04-27T00:02:07.111+0000] {dag.py:3036} INFO - Sync 1 DAGs
[2026-04-27T00:02:07.125+0000] {logging_mixin.py:188} INFO - [2026-04-27T00:02:07.125+0000] {dag.py:3823} INFO - Setting next_dagrun for model_training_pipeline to 2026-04-26 00:00:00+00:00, run_after=2026-05-03 00:00:00+00:00
[2026-04-27T00:02:07.147+0000] {processor.py:183} INFO - Processing /home/airflow/dags/model_training_dag.py took 1.060 seconds
[2026-04-27T00:02:37.858+0000] {processor.py:161} INFO - Started process (PID=59998) to work on /home/airflow/dags/model_training_dag.py
[2026-04-27T00:02:37.859+0000] {processor.py:830} INFO - Processing file /home/airflow/dags/model_training_dag.py for tasks to queue
[2026-04-27T00:02:37.860+0000] {logging_mixin.py:188} INFO - [2026-04-27T00:02:37.860+0000] {dagbag.py:538} INFO - Filling up the DagBag from /home/airflow/dags/model_training_dag.py
[2026-04-27T00:02:38.854+0000] {processor.py:840} INFO - DAG(s) 'model_training_pipeline' retrieved from /home/airflow/dags/model_training_dag.py
[2026-04-27T00:02:38.867+0000] {logging_mixin.py:188} INFO - [2026-04-27T00:02:38.866+0000] {dag.py:3036} INFO - Sync 1 DAGs
[2026-04-27T00:02:38.882+0000] {logging_mixin.py:188} INFO - [2026-04-27T00:02:38.882+0000] {dag.py:3823} INFO - Setting next_dagrun for model_training_pipeline to 2026-04-26 00:00:00+00:00, run_after=2026-05-03 00:00:00+00:00
[2026-04-27T00:02:38.905+0000] {processor.py:183} INFO - Processing /home/airflow/dags/model_training_dag.py took 1.051 seconds
[2026-04-27T00:03:09.286+0000] {processor.py:161} INFO - Started process (PID=60043) to work on /home/airflow/dags/model_training_dag.py
[2026-04-27T00:03:09.287+0000] {processor.py:830} INFO - Processing file /home/airflow/dags/model_training_dag.py for tasks to queue
[2026-04-27T00:03:09.288+0000] {logging_mixin.py:188} INFO - [2026-04-27T00:03:09.288+0000] {dagbag.py:538} INFO - Filling up the DagBag from /home/airflow/dags/model_training_dag.py
[2026-04-27T00:03:10.152+0000] {processor.py:840} INFO - DAG(s) 'model_training_pipeline' retrieved from /home/airflow/dags/model_training_dag.py
[2026-04-27T00:03:10.255+0000] {logging_mixin.py:188} INFO - [2026-04-27T00:03:10.254+0000] {dag.py:3036} INFO - Sync 1 DAGs
[2026-04-27T00:03:10.281+0000] {logging_mixin.py:188} INFO - [2026-04-27T00:03:10.281+0000] {dag.py:3823} INFO - Setting next_dagrun for model_training_pipeline to 2026-04-26 00:00:00+00:00, run_after=2026-05-03 00:00:00+00:00
[2026-04-27T00:03:10.313+0000] {processor.py:183} INFO - Processing /home/airflow/dags/model_training_dag.py took 1.031 seconds
[2026-04-27T00:03:40.690+0000] {processor.py:161} INFO - Started process (PID=60088) to work on /home/airflow/dags/model_training_dag.py
[2026-04-27T00:03:40.691+0000] {processor.py:830} INFO - Processing file /home/airflow/dags/model_training_dag.py for tasks to queue
[2026-04-27T00:03:40.692+0000] {logging_mixin.py:188} INFO - [2026-04-27T00:03:40.692+0000] {dagbag.py:538} INFO - Filling up the DagBag from /home/airflow/dags/model_training_dag.py
[2026-04-27T00:03:41.608+0000] {processor.py:840} INFO - DAG(s) 'model_training_pipeline' retrieved from /home/airflow/dags/model_training_dag.py
[2026-04-27T00:03:41.630+0000] {logging_mixin.py:188} INFO - [2026-04-27T00:03:41.630+0000] {dag.py:3036} INFO - Sync 1 DAGs
[2026-04-27T00:03:41.647+0000] {logging_mixin.py:188} INFO - [2026-04-27T00:03:41.647+0000] {dag.py:3823} INFO - Setting next_dagrun for model_training_pipeline to 2026-04-26 00:00:00+00:00, run_after=2026-05-03 00:00:00+00:00
[2026-04-27T00:03:41.679+0000] {processor.py:183} INFO - Processing /home/airflow/dags/model_training_dag.py took 0.992 seconds
[2026-04-27T00:04:12.116+0000] {processor.py:161} INFO - Started process (PID=60133) to work on /home/airflow/dags/model_training_dag.py
[2026-04-27T00:04:12.118+0000] {processor.py:830} INFO - Processing file /home/airflow/dags/model_training_dag.py for tasks to queue
[2026-04-27T00:04:12.119+0000] {logging_mixin.py:188} INFO - [2026-04-27T00:04:12.118+0000] {dagbag.py:538} INFO - Filling up the DagBag from /home/airflow/dags/model_training_dag.py
[2026-04-27T00:04:12.976+0000] {processor.py:840} INFO - DAG(s) 'model_training_pipeline' retrieved from /home/airflow/dags/model_training_dag.py
[2026-04-27T00:04:12.990+0000] {logging_mixin.py:188} INFO - [2026-04-27T00:04:12.989+0000] {dag.py:3036} INFO - Sync 1 DAGs
[2026-04-27T00:04:13.006+0000] {logging_mixin.py:188} INFO - [2026-04-27T00:04:13.006+0000] {dag.py:3823} INFO - Setting next_dagrun for model_training_pipeline to 2026-04-26 00:00:00+00:00, run_after=2026-05-03 00:00:00+00:00
[2026-04-27T00:04:13.030+0000] {processor.py:183} INFO - Processing /home/airflow/dags/model_training_dag.py took 0.917 seconds
[2026-04-27T00:04:43.210+0000] {processor.py:161} INFO - Started process (PID=60178) to work on /home/airflow/dags/model_training_dag.py
[2026-04-27T00:04:43.211+0000] {processor.py:830} INFO - Processing file /home/airflow/dags/model_training_dag.py for tasks to queue
[2026-04-27T00:04:43.212+0000] {logging_mixin.py:188} INFO - [2026-04-27T00:04:43.211+0000] {dagbag.py:538} INFO - Filling up the DagBag from /home/airflow/dags/model_training_dag.py
[2026-04-27T00:04:44.085+0000] {processor.py:840} INFO - DAG(s) 'model_training_pipeline' retrieved from /home/airflow/dags/model_training_dag.py
[2026-04-27T00:04:44.169+0000] {logging_mixin.py:188} INFO - [2026-04-27T00:04:44.168+0000] {dag.py:3036} INFO - Sync 1 DAGs
[2026-04-27T00:04:44.305+0000] {logging_mixin.py:188} INFO - [2026-04-27T00:04:44.305+0000] {dag.py:3823} INFO - Setting next_dagrun for model_training_pipeline to 2026-04-26 00:00:00+00:00, run_after=2026-05-03 00:00:00+00:00
[2026-04-27T00:04:44.330+0000] {processor.py:183} INFO - Processing /home/airflow/dags/model_training_dag.py took 1.123 seconds
[2026-04-27T00:05:14.434+0000] {processor.py:161} INFO - Started process (PID=60223) to work on /home/airflow/dags/model_training_dag.py
[2026-04-27T00:05:14.436+0000] {processor.py:830} INFO - Processing file /home/airflow/dags/model_training_dag.py for tasks to queue
[2026-04-27T00:05:14.437+0000] {logging_mixin.py:188} INFO - [2026-04-27T00:05:14.436+0000] {dagbag.py:538} INFO - Filling up the DagBag from /home/airflow/dags/model_training_dag.py
[2026-04-27T00:05:15.381+0000] {processor.py:840} INFO - DAG(s) 'model_training_pipeline' retrieved from /home/airflow/dags/model_training_dag.py
[2026-04-27T00:05:15.405+0000] {logging_mixin.py:188} INFO - [2026-04-27T00:05:15.404+0000] {dag.py:3036} INFO - Sync 1 DAGs
[2026-04-27T00:05:15.420+0000] {logging_mixin.py:188} INFO - [2026-04-27T00:05:15.420+0000] {dag.py:3823} INFO - Setting next_dagrun for model_training_pipeline to 2026-04-26 00:00:00+00:00, run_after=2026-05-03 00:00:00+00:00
[2026-04-27T00:05:15.443+0000] {processor.py:183} INFO - Processing /home/airflow/dags/model_training_dag.py took 1.014 seconds
[2026-04-27T00:05:45.689+0000] {processor.py:161} INFO - Started process (PID=60268) to work on /home/airflow/dags/model_training_dag.py
[2026-04-27T00:05:45.691+0000] {processor.py:830} INFO - Processing file /home/airflow/dags/model_training_dag.py for tasks to queue
[2026-04-27T00:05:45.692+0000] {logging_mixin.py:188} INFO - [2026-04-27T00:05:45.692+0000] {dagbag.py:538} INFO - Filling up the DagBag from /home/airflow/dags/model_training_dag.py
[2026-04-27T00:05:46.813+0000] {processor.py:840} INFO - DAG(s) 'model_training_pipeline' retrieved from /home/airflow/dags/model_training_dag.py
[2026-04-27T00:05:46.824+0000] {logging_mixin.py:188} INFO - [2026-04-27T00:05:46.823+0000] {dag.py:3036} INFO - Sync 1 DAGs
[2026-04-27T00:05:46.841+0000] {logging_mixin.py:188} INFO - [2026-04-27T00:05:46.841+0000] {dag.py:3823} INFO - Setting next_dagrun for model_training_pipeline to 2026-04-26 00:00:00+00:00, run_after=2026-05-03 00:00:00+00:00
[2026-04-27T00:05:46.863+0000] {processor.py:183} INFO - Processing /home/airflow/dags/model_training_dag.py took 1.178 seconds
[2026-04-27T00:06:16.970+0000] {processor.py:161} INFO - Started process (PID=60313) to work on /home/airflow/dags/model_training_dag.py
[2026-04-27T00:06:16.972+0000] {processor.py:830} INFO - Processing file /home/airflow/dags/model_training_dag.py for tasks to queue
[2026-04-27T00:06:16.973+0000] {logging_mixin.py:188} INFO - [2026-04-27T00:06:16.973+0000] {dagbag.py:538} INFO - Filling up the DagBag from /home/airflow/dags/model_training_dag.py
[2026-04-27T00:06:17.834+0000] {processor.py:840} INFO - DAG(s) 'model_training_pipeline' retrieved from /home/airflow/dags/model_training_dag.py
[2026-04-27T00:06:17.934+0000] {logging_mixin.py:188} INFO - [2026-04-27T00:06:17.934+0000] {dag.py:3036} INFO - Sync 1 DAGs
[2026-04-27T00:06:18.056+0000] {logging_mixin.py:188} INFO - [2026-04-27T00:06:18.056+0000] {dag.py:3823} INFO - Setting next_dagrun for model_training_pipeline to 2026-04-26 00:00:00+00:00, run_after=2026-05-03 00:00:00+00:00
[2026-04-27T00:06:18.079+0000] {processor.py:183} INFO - Processing /home/airflow/dags/model_training_dag.py took 1.112 seconds
[2026-04-27T00:06:48.160+0000] {processor.py:161} INFO - Started process (PID=60358) to work on /home/airflow/dags/model_training_dag.py
[2026-04-27T00:06:48.162+0000] {processor.py:830} INFO - Processing file /home/airflow/dags/model_training_dag.py for tasks to queue
[2026-04-27T00:06:48.163+0000] {logging_mixin.py:188} INFO - [2026-04-27T00:06:48.162+0000] {dagbag.py:538} INFO - Filling up the DagBag from /home/airflow/dags/model_training_dag.py
[2026-04-27T00:06:49.099+0000] {processor.py:840} INFO - DAG(s) 'model_training_pipeline' retrieved from /home/airflow/dags/model_training_dag.py
[2026-04-27T00:06:49.258+0000] {logging_mixin.py:188} INFO - [2026-04-27T00:06:49.257+0000] {dag.py:3036} INFO - Sync 1 DAGs
[2026-04-27T00:06:49.276+0000] {logging_mixin.py:188} INFO - [2026-04-27T00:06:49.276+0000] {dag.py:3823} INFO - Setting next_dagrun for model_training_pipeline to 2026-04-26 00:00:00+00:00, run_after=2026-05-03 00:00:00+00:00
[2026-04-27T00:06:49.302+0000] {processor.py:183} INFO - Processing /home/airflow/dags/model_training_dag.py took 1.145 seconds
[2026-04-27T00:07:19.810+0000] {processor.py:161} INFO - Started process (PID=60403) to work on /home/airflow/dags/model_training_dag.py
[2026-04-27T00:07:19.812+0000] {processor.py:830} INFO - Processing file /home/airflow/dags/model_training_dag.py for tasks to queue
[2026-04-27T00:07:19.813+0000] {logging_mixin.py:188} INFO - [2026-04-27T00:07:19.812+0000] {dagbag.py:538} INFO - Filling up the DagBag from /home/airflow/dags/model_training_dag.py
[2026-04-27T00:07:20.765+0000] {processor.py:840} INFO - DAG(s) 'model_training_pipeline' retrieved from /home/airflow/dags/model_training_dag.py
[2026-04-27T00:07:20.777+0000] {logging_mixin.py:188} INFO - [2026-04-27T00:07:20.777+0000] {dag.py:3036} INFO - Sync 1 DAGs
[2026-04-27T00:07:20.793+0000] {logging_mixin.py:188} INFO - [2026-04-27T00:07:20.793+0000] {dag.py:3823} INFO - Setting next_dagrun for model_training_pipeline to 2026-04-26 00:00:00+00:00, run_after=2026-05-03 00:00:00+00:00
[2026-04-27T00:07:20.816+0000] {processor.py:183} INFO - Processing /home/airflow/dags/model_training_dag.py took 1.009 seconds
[2026-04-27T00:07:51.166+0000] {processor.py:161} INFO - Started process (PID=60448) to work on /home/airflow/dags/model_training_dag.py
[2026-04-27T00:07:51.167+0000] {processor.py:830} INFO - Processing file /home/airflow/dags/model_training_dag.py for tasks to queue
[2026-04-27T00:07:51.168+0000] {logging_mixin.py:188} INFO - [2026-04-27T00:07:51.168+0000] {dagbag.py:538} INFO - Filling up the DagBag from /home/airflow/dags/model_training_dag.py
[2026-04-27T00:07:52.040+0000] {processor.py:840} INFO - DAG(s) 'model_training_pipeline' retrieved from /home/airflow/dags/model_training_dag.py
[2026-04-27T00:07:52.232+0000] {logging_mixin.py:188} INFO - [2026-04-27T00:07:52.232+0000] {dag.py:3036} INFO - Sync 1 DAGs
[2026-04-27T00:07:52.248+0000] {logging_mixin.py:188} INFO - [2026-04-27T00:07:52.247+0000] {dag.py:3823} INFO - Setting next_dagrun for model_training_pipeline to 2026-04-26 00:00:00+00:00, run_after=2026-05-03 00:00:00+00:00
[2026-04-27T00:07:52.279+0000] {processor.py:183} INFO - Processing /home/airflow/dags/model_training_dag.py took 1.117 seconds
[2026-04-27T00:08:22.525+0000] {processor.py:161} INFO - Started process (PID=60493) to work on /home/airflow/dags/model_training_dag.py
[2026-04-27T00:08:22.527+0000] {processor.py:830} INFO - Processing file /home/airflow/dags/model_training_dag.py for tasks to queue
[2026-04-27T00:08:22.528+0000] {logging_mixin.py:188} INFO - [2026-04-27T00:08:22.527+0000] {dagbag.py:538} INFO - Filling up the DagBag from /home/airflow/dags/model_training_dag.py
[2026-04-27T00:08:23.404+0000] {processor.py:840} INFO - DAG(s) 'model_training_pipeline' retrieved from /home/airflow/dags/model_training_dag.py
[2026-04-27T00:08:23.529+0000] {logging_mixin.py:188} INFO - [2026-04-27T00:08:23.529+0000] {dag.py:3036} INFO - Sync 1 DAGs
[2026-04-27T00:08:23.546+0000] {logging_mixin.py:188} INFO - [2026-04-27T00:08:23.546+0000] {dag.py:3823} INFO - Setting next_dagrun for model_training_pipeline to 2026-04-26 00:00:00+00:00, run_after=2026-05-03 00:00:00+00:00
[2026-04-27T00:08:23.568+0000] {processor.py:183} INFO - Processing /home/airflow/dags/model_training_dag.py took 1.047 seconds
[2026-04-27T00:08:53.926+0000] {processor.py:161} INFO - Started process (PID=60538) to work on /home/airflow/dags/model_training_dag.py
[2026-04-27T00:08:53.927+0000] {processor.py:830} INFO - Processing file /home/airflow/dags/model_training_dag.py for tasks to queue
[2026-04-27T00:08:53.928+0000] {logging_mixin.py:188} INFO - [2026-04-27T00:08:53.928+0000] {dagbag.py:538} INFO - Filling up the DagBag from /home/airflow/dags/model_training_dag.py
[2026-04-27T00:08:54.928+0000] {processor.py:840} INFO - DAG(s) 'model_training_pipeline' retrieved from /home/airflow/dags/model_training_dag.py
[2026-04-27T00:08:54.946+0000] {logging_mixin.py:188} INFO - [2026-04-27T00:08:54.945+0000] {dag.py:3036} INFO - Sync 1 DAGs
[2026-04-27T00:08:54.974+0000] {logging_mixin.py:188} INFO - [2026-04-27T00:08:54.974+0000] {dag.py:3823} INFO - Setting next_dagrun for model_training_pipeline to 2026-04-26 00:00:00+00:00, run_after=2026-05-03 00:00:00+00:00
[2026-04-27T00:08:55.006+0000] {processor.py:183} INFO - Processing /home/airflow/dags/model_training_dag.py took 1.084 seconds
[2026-04-27T00:09:25.224+0000] {processor.py:161} INFO - Started process (PID=60583) to work on /home/airflow/dags/model_training_dag.py
[2026-04-27T00:09:25.225+0000] {processor.py:830} INFO - Processing file /home/airflow/dags/model_training_dag.py for tasks to queue
[2026-04-27T00:09:25.226+0000] {logging_mixin.py:188} INFO - [2026-04-27T00:09:25.226+0000] {dagbag.py:538} INFO - Filling up the DagBag from /home/airflow/dags/model_training_dag.py
[2026-04-27T00:09:26.239+0000] {processor.py:840} INFO - DAG(s) 'model_training_pipeline' retrieved from /home/airflow/dags/model_training_dag.py
[2026-04-27T00:09:26.328+0000] {logging_mixin.py:188} INFO - [2026-04-27T00:09:26.327+0000] {dag.py:3036} INFO - Sync 1 DAGs
[2026-04-27T00:09:26.347+0000] {logging_mixin.py:188} INFO - [2026-04-27T00:09:26.347+0000] {dag.py:3823} INFO - Setting next_dagrun for model_training_pipeline to 2026-04-26 00:00:00+00:00, run_after=2026-05-03 00:00:00+00:00
[2026-04-27T00:09:26.375+0000] {processor.py:183} INFO - Processing /home/airflow/dags/model_training_dag.py took 1.154 seconds
[2026-04-27T00:09:56.669+0000] {processor.py:161} INFO - Started process (PID=60628) to work on /home/airflow/dags/model_training_dag.py
[2026-04-27T00:09:56.672+0000] {processor.py:830} INFO - Processing file /home/airflow/dags/model_training_dag.py for tasks to queue
[2026-04-27T00:09:56.674+0000] {logging_mixin.py:188} INFO - [2026-04-27T00:09:56.674+0000] {dagbag.py:538} INFO - Filling up the DagBag from /home/airflow/dags/model_training_dag.py
[2026-04-27T00:09:57.816+0000] {processor.py:840} INFO - DAG(s) 'model_training_pipeline' retrieved from /home/airflow/dags/model_training_dag.py
[2026-04-27T00:09:57.841+0000] {logging_mixin.py:188} INFO - [2026-04-27T00:09:57.840+0000] {dag.py:3036} INFO - Sync 1 DAGs
[2026-04-27T00:09:57.861+0000] {logging_mixin.py:188} INFO - [2026-04-27T00:09:57.860+0000] {dag.py:3823} INFO - Setting next_dagrun for model_training_pipeline to 2026-04-26 00:00:00+00:00, run_after=2026-05-03 00:00:00+00:00
[2026-04-27T00:09:57.885+0000] {processor.py:183} INFO - Processing /home/airflow/dags/model_training_dag.py took 1.222 seconds
[2026-04-27T00:10:28.700+0000] {processor.py:161} INFO - Started process (PID=60673) to work on /home/airflow/dags/model_training_dag.py
[2026-04-27T00:10:28.701+0000] {processor.py:830} INFO - Processing file /home/airflow/dags/model_training_dag.py for tasks to queue
[2026-04-27T00:10:28.703+0000] {logging_mixin.py:188} INFO - [2026-04-27T00:10:28.702+0000] {dagbag.py:538} INFO - Filling up the DagBag from /home/airflow/dags/model_training_dag.py
[2026-04-27T00:10:30.212+0000] {processor.py:840} INFO - DAG(s) 'model_training_pipeline' retrieved from /home/airflow/dags/model_training_dag.py
[2026-04-27T00:10:30.279+0000] {logging_mixin.py:188} INFO - [2026-04-27T00:10:30.279+0000] {dag.py:3036} INFO - Sync 1 DAGs
[2026-04-27T00:10:30.296+0000] {logging_mixin.py:188} INFO - [2026-04-27T00:10:30.296+0000] {dag.py:3823} INFO - Setting next_dagrun for model_training_pipeline to 2026-04-26 00:00:00+00:00, run_after=2026-05-03 00:00:00+00:00
[2026-04-27T00:10:30.439+0000] {processor.py:183} INFO - Processing /home/airflow/dags/model_training_dag.py took 1.743 seconds
[2026-04-27T00:11:00.892+0000] {processor.py:161} INFO - Started process (PID=60718) to work on /home/airflow/dags/model_training_dag.py
[2026-04-27T00:11:00.894+0000] {processor.py:830} INFO - Processing file /home/airflow/dags/model_training_dag.py for tasks to queue
[2026-04-27T00:11:00.895+0000] {logging_mixin.py:188} INFO - [2026-04-27T00:11:00.895+0000] {dagbag.py:538} INFO - Filling up the DagBag from /home/airflow/dags/model_training_dag.py
[2026-04-27T00:11:02.101+0000] {processor.py:840} INFO - DAG(s) 'model_training_pipeline' retrieved from /home/airflow/dags/model_training_dag.py
[2026-04-27T00:11:02.195+0000] {logging_mixin.py:188} INFO - [2026-04-27T00:11:02.195+0000] {dag.py:3036} INFO - Sync 1 DAGs
[2026-04-27T00:11:02.216+0000] {logging_mixin.py:188} INFO - [2026-04-27T00:11:02.215+0000] {dag.py:3823} INFO - Setting next_dagrun for model_training_pipeline to 2026-04-26 00:00:00+00:00, run_after=2026-05-03 00:00:00+00:00
[2026-04-27T00:11:02.250+0000] {processor.py:183} INFO - Processing /home/airflow/dags/model_training_dag.py took 1.365 seconds
[2026-04-27T00:11:33.000+0000] {processor.py:161} INFO - Started process (PID=60763) to work on /home/airflow/dags/model_training_dag.py
[2026-04-27T00:11:33.002+0000] {processor.py:830} INFO - Processing file /home/airflow/dags/model_training_dag.py for tasks to queue
[2026-04-27T00:11:33.003+0000] {logging_mixin.py:188} INFO - [2026-04-27T00:11:33.003+0000] {dagbag.py:538} INFO - Filling up the DagBag from /home/airflow/dags/model_training_dag.py
[2026-04-27T00:11:34.204+0000] {processor.py:840} INFO - DAG(s) 'model_training_pipeline' retrieved from /home/airflow/dags/model_training_dag.py
[2026-04-27T00:11:34.226+0000] {logging_mixin.py:188} INFO - [2026-04-27T00:11:34.226+0000] {dag.py:3036} INFO - Sync 1 DAGs
[2026-04-27T00:11:34.247+0000] {logging_mixin.py:188} INFO - [2026-04-27T00:11:34.246+0000] {dag.py:3823} INFO - Setting next_dagrun for model_training_pipeline to 2026-04-26 00:00:00+00:00, run_after=2026-05-03 00:00:00+00:00
[2026-04-27T00:11:34.267+0000] {processor.py:183} INFO - Processing /home/airflow/dags/model_training_dag.py took 1.272 seconds
[2026-04-27T00:12:04.902+0000] {processor.py:161} INFO - Started process (PID=60808) to work on /home/airflow/dags/model_training_dag.py
[2026-04-27T00:12:04.904+0000] {processor.py:830} INFO - Processing file /home/airflow/dags/model_training_dag.py for tasks to queue
[2026-04-27T00:12:04.905+0000] {logging_mixin.py:188} INFO - [2026-04-27T00:12:04.905+0000] {dagbag.py:538} INFO - Filling up the DagBag from /home/airflow/dags/model_training_dag.py
[2026-04-27T00:12:06.016+0000] {processor.py:840} INFO - DAG(s) 'model_training_pipeline' retrieved from /home/airflow/dags/model_training_dag.py
[2026-04-27T00:12:06.029+0000] {logging_mixin.py:188} INFO - [2026-04-27T00:12:06.028+0000] {dag.py:3036} INFO - Sync 1 DAGs
[2026-04-27T00:12:06.047+0000] {logging_mixin.py:188} INFO - [2026-04-27T00:12:06.047+0000] {dag.py:3823} INFO - Setting next_dagrun for model_training_pipeline to 2026-04-26 00:00:00+00:00, run_after=2026-05-03 00:00:00+00:00
[2026-04-27T00:12:06.075+0000] {processor.py:183} INFO - Processing /home/airflow/dags/model_training_dag.py took 1.176 seconds
[2026-04-27T00:12:36.440+0000] {processor.py:161} INFO - Started process (PID=60859) to work on /home/airflow/dags/model_training_dag.py
[2026-04-27T00:12:36.442+0000] {processor.py:830} INFO - Processing file /home/airflow/dags/model_training_dag.py for tasks to queue
[2026-04-27T00:12:36.443+0000] {logging_mixin.py:188} INFO - [2026-04-27T00:12:36.442+0000] {dagbag.py:538} INFO - Filling up the DagBag from /home/airflow/dags/model_training_dag.py
[2026-04-27T00:12:38.032+0000] {processor.py:840} INFO - DAG(s) 'model_training_pipeline' retrieved from /home/airflow/dags/model_training_dag.py
[2026-04-27T00:12:38.142+0000] {logging_mixin.py:188} INFO - [2026-04-27T00:12:38.142+0000] {dag.py:3036} INFO - Sync 1 DAGs
[2026-04-27T00:12:38.159+0000] {logging_mixin.py:188} INFO - [2026-04-27T00:12:38.159+0000] {dag.py:3823} INFO - Setting next_dagrun for model_training_pipeline to 2026-04-26 00:00:00+00:00, run_after=2026-05-03 00:00:00+00:00
[2026-04-27T00:12:38.185+0000] {processor.py:183} INFO - Processing /home/airflow/dags/model_training_dag.py took 1.749 seconds
[2026-04-27T00:13:28.097+0000] {processor.py:161} INFO - Started process (PID=55) to work on /home/airflow/dags/model_training_dag.py
[2026-04-27T00:13:28.099+0000] {processor.py:830} INFO - Processing file /home/airflow/dags/model_training_dag.py for tasks to queue
[2026-04-27T00:13:28.101+0000] {logging_mixin.py:188} INFO - [2026-04-27T00:13:28.100+0000] {dagbag.py:538} INFO - Filling up the DagBag from /home/airflow/dags/model_training_dag.py
[2026-04-27T00:13:30.325+0000] {processor.py:840} INFO - DAG(s) 'model_training_pipeline' retrieved from /home/airflow/dags/model_training_dag.py
[2026-04-27T00:13:30.431+0000] {logging_mixin.py:188} INFO - [2026-04-27T00:13:30.429+0000] {dag.py:3036} INFO - Sync 1 DAGs
[2026-04-27T00:13:30.595+0000] {logging_mixin.py:188} INFO - [2026-04-27T00:13:30.593+0000] {dag.py:3823} INFO - Setting next_dagrun for model_training_pipeline to 2026-04-26 00:00:00+00:00, run_after=2026-05-03 00:00:00+00:00
[2026-04-27T00:13:30.720+0000] {processor.py:183} INFO - Processing /home/airflow/dags/model_training_dag.py took 2.627 seconds
[2026-04-27T00:14:01.442+0000] {processor.py:161} INFO - Started process (PID=100) to work on /home/airflow/dags/model_training_dag.py
[2026-04-27T00:14:01.447+0000] {processor.py:830} INFO - Processing file /home/airflow/dags/model_training_dag.py for tasks to queue
[2026-04-27T00:14:01.452+0000] {logging_mixin.py:188} INFO - [2026-04-27T00:14:01.449+0000] {dagbag.py:538} INFO - Filling up the DagBag from /home/airflow/dags/model_training_dag.py
[2026-04-27T00:14:08.665+0000] {processor.py:840} INFO - DAG(s) 'model_training_pipeline' retrieved from /home/airflow/dags/model_training_dag.py
[2026-04-27T00:14:08.980+0000] {logging_mixin.py:188} INFO - [2026-04-27T00:14:08.978+0000] {dag.py:3036} INFO - Sync 1 DAGs
[2026-04-27T00:14:09.020+0000] {logging_mixin.py:188} INFO - [2026-04-27T00:14:09.020+0000] {dag.py:3823} INFO - Setting next_dagrun for model_training_pipeline to 2026-04-26 00:00:00+00:00, run_after=2026-05-03 00:00:00+00:00
[2026-04-27T00:14:09.080+0000] {processor.py:183} INFO - Processing /home/airflow/dags/model_training_dag.py took 7.685 seconds
[2026-04-27T00:14:39.470+0000] {processor.py:161} INFO - Started process (PID=155) to work on /home/airflow/dags/model_training_dag.py
[2026-04-27T00:14:39.472+0000] {processor.py:830} INFO - Processing file /home/airflow/dags/model_training_dag.py for tasks to queue
[2026-04-27T00:14:39.474+0000] {logging_mixin.py:188} INFO - [2026-04-27T00:14:39.473+0000] {dagbag.py:538} INFO - Filling up the DagBag from /home/airflow/dags/model_training_dag.py
[2026-04-27T00:14:40.615+0000] {processor.py:840} INFO - DAG(s) 'model_training_pipeline' retrieved from /home/airflow/dags/model_training_dag.py
[2026-04-27T00:14:40.635+0000] {logging_mixin.py:188} INFO - [2026-04-27T00:14:40.635+0000] {dag.py:3036} INFO - Sync 1 DAGs
[2026-04-27T00:14:40.659+0000] {logging_mixin.py:188} INFO - [2026-04-27T00:14:40.659+0000] {dag.py:3823} INFO - Setting next_dagrun for model_training_pipeline to 2026-04-26 00:00:00+00:00, run_after=2026-05-03 00:00:00+00:00
[2026-04-27T00:14:40.716+0000] {processor.py:183} INFO - Processing /home/airflow/dags/model_training_dag.py took 1.249 seconds
[2026-04-27T00:15:11.233+0000] {processor.py:161} INFO - Started process (PID=198) to work on /home/airflow/dags/model_training_dag.py
[2026-04-27T00:15:11.234+0000] {processor.py:830} INFO - Processing file /home/airflow/dags/model_training_dag.py for tasks to queue
[2026-04-27T00:15:11.237+0000] {logging_mixin.py:188} INFO - [2026-04-27T00:15:11.236+0000] {dagbag.py:538} INFO - Filling up the DagBag from /home/airflow/dags/model_training_dag.py
[2026-04-27T00:15:12.874+0000] {processor.py:840} INFO - DAG(s) 'model_training_pipeline' retrieved from /home/airflow/dags/model_training_dag.py
[2026-04-27T00:15:13.043+0000] {logging_mixin.py:188} INFO - [2026-04-27T00:15:13.042+0000] {dag.py:3036} INFO - Sync 1 DAGs
[2026-04-27T00:15:13.075+0000] {logging_mixin.py:188} INFO - [2026-04-27T00:15:13.075+0000] {dag.py:3823} INFO - Setting next_dagrun for model_training_pipeline to 2026-04-26 00:00:00+00:00, run_after=2026-05-03 00:00:00+00:00
[2026-04-27T00:15:13.121+0000] {processor.py:183} INFO - Processing /home/airflow/dags/model_training_dag.py took 1.894 seconds
[2026-04-27T00:15:43.527+0000] {processor.py:161} INFO - Started process (PID=249) to work on /home/airflow/dags/model_training_dag.py
[2026-04-27T00:15:43.528+0000] {processor.py:830} INFO - Processing file /home/airflow/dags/model_training_dag.py for tasks to queue
[2026-04-27T00:15:43.530+0000] {logging_mixin.py:188} INFO - [2026-04-27T00:15:43.529+0000] {dagbag.py:538} INFO - Filling up the DagBag from /home/airflow/dags/model_training_dag.py
[2026-04-27T00:15:44.422+0000] {processor.py:840} INFO - DAG(s) 'model_training_pipeline' retrieved from /home/airflow/dags/model_training_dag.py
[2026-04-27T00:15:44.434+0000] {logging_mixin.py:188} INFO - [2026-04-27T00:15:44.433+0000] {dag.py:3036} INFO - Sync 1 DAGs
[2026-04-27T00:15:44.449+0000] {logging_mixin.py:188} INFO - [2026-04-27T00:15:44.449+0000] {dag.py:3823} INFO - Setting next_dagrun for model_training_pipeline to 2026-04-26 00:00:00+00:00, run_after=2026-05-03 00:00:00+00:00
[2026-04-27T00:15:44.471+0000] {processor.py:183} INFO - Processing /home/airflow/dags/model_training_dag.py took 0.949 seconds
[2026-04-27T00:16:15.022+0000] {processor.py:161} INFO - Started process (PID=302) to work on /home/airflow/dags/model_training_dag.py
[2026-04-27T00:16:15.024+0000] {processor.py:830} INFO - Processing file /home/airflow/dags/model_training_dag.py for tasks to queue
[2026-04-27T00:16:15.026+0000] {logging_mixin.py:188} INFO - [2026-04-27T00:16:15.025+0000] {dagbag.py:538} INFO - Filling up the DagBag from /home/airflow/dags/model_training_dag.py
[2026-04-27T00:16:15.900+0000] {processor.py:840} INFO - DAG(s) 'model_training_pipeline' retrieved from /home/airflow/dags/model_training_dag.py
[2026-04-27T00:16:15.980+0000] {logging_mixin.py:188} INFO - [2026-04-27T00:16:15.980+0000] {dag.py:3036} INFO - Sync 1 DAGs
[2026-04-27T00:16:15.994+0000] {logging_mixin.py:188} INFO - [2026-04-27T00:16:15.994+0000] {dag.py:3823} INFO - Setting next_dagrun for model_training_pipeline to 2026-04-26 00:00:00+00:00, run_after=2026-05-03 00:00:00+00:00
[2026-04-27T00:16:16.018+0000] {processor.py:183} INFO - Processing /home/airflow/dags/model_training_dag.py took 0.999 seconds
[2026-04-27T00:16:46.465+0000] {processor.py:161} INFO - Started process (PID=351) to work on /home/airflow/dags/model_training_dag.py
[2026-04-27T00:16:46.466+0000] {processor.py:830} INFO - Processing file /home/airflow/dags/model_training_dag.py for tasks to queue
[2026-04-27T00:16:46.468+0000] {logging_mixin.py:188} INFO - [2026-04-27T00:16:46.467+0000] {dagbag.py:538} INFO - Filling up the DagBag from /home/airflow/dags/model_training_dag.py
[2026-04-27T00:16:47.994+0000] {processor.py:840} INFO - DAG(s) 'model_training_pipeline' retrieved from /home/airflow/dags/model_training_dag.py
[2026-04-27T00:16:48.011+0000] {logging_mixin.py:188} INFO - [2026-04-27T00:16:48.009+0000] {dag.py:3036} INFO - Sync 1 DAGs
[2026-04-27T00:16:48.036+0000] {logging_mixin.py:188} INFO - [2026-04-27T00:16:48.036+0000] {dag.py:3823} INFO - Setting next_dagrun for model_training_pipeline to 2026-04-26 00:00:00+00:00, run_after=2026-05-03 00:00:00+00:00
[2026-04-27T00:16:48.065+0000] {processor.py:183} INFO - Processing /home/airflow/dags/model_training_dag.py took 1.604 seconds
[2026-04-27T00:17:18.372+0000] {processor.py:161} INFO - Started process (PID=398) to work on /home/airflow/dags/model_training_dag.py
[2026-04-27T00:17:18.374+0000] {processor.py:830} INFO - Processing file /home/airflow/dags/model_training_dag.py for tasks to queue
[2026-04-27T00:17:18.375+0000] {logging_mixin.py:188} INFO - [2026-04-27T00:17:18.375+0000] {dagbag.py:538} INFO - Filling up the DagBag from /home/airflow/dags/model_training_dag.py
[2026-04-27T00:17:19.625+0000] {processor.py:840} INFO - DAG(s) 'model_training_pipeline' retrieved from /home/airflow/dags/model_training_dag.py
[2026-04-27T00:17:19.758+0000] {logging_mixin.py:188} INFO - [2026-04-27T00:17:19.758+0000] {dag.py:3036} INFO - Sync 1 DAGs
[2026-04-27T00:17:19.783+0000] {logging_mixin.py:188} INFO - [2026-04-27T00:17:19.782+0000] {dag.py:3823} INFO - Setting next_dagrun for model_training_pipeline to 2026-04-26 00:00:00+00:00, run_after=2026-05-03 00:00:00+00:00
[2026-04-27T00:17:19.814+0000] {processor.py:183} INFO - Processing /home/airflow/dags/model_training_dag.py took 1.445 seconds
[2026-04-27T00:17:49.931+0000] {processor.py:161} INFO - Started process (PID=449) to work on /home/airflow/dags/model_training_dag.py
[2026-04-27T00:17:49.933+0000] {processor.py:830} INFO - Processing file /home/airflow/dags/model_training_dag.py for tasks to queue
[2026-04-27T00:17:49.933+0000] {logging_mixin.py:188} INFO - [2026-04-27T00:17:49.933+0000] {dagbag.py:538} INFO - Filling up the DagBag from /home/airflow/dags/model_training_dag.py
[2026-04-27T00:17:51.005+0000] {processor.py:840} INFO - DAG(s) 'model_training_pipeline' retrieved from /home/airflow/dags/model_training_dag.py
[2026-04-27T00:17:51.018+0000] {logging_mixin.py:188} INFO - [2026-04-27T00:17:51.018+0000] {dag.py:3036} INFO - Sync 1 DAGs
[2026-04-27T00:17:51.040+0000] {logging_mixin.py:188} INFO - [2026-04-27T00:17:51.040+0000] {dag.py:3823} INFO - Setting next_dagrun for model_training_pipeline to 2026-04-26 00:00:00+00:00, run_after=2026-05-03 00:00:00+00:00
[2026-04-27T00:17:51.065+0000] {processor.py:183} INFO - Processing /home/airflow/dags/model_training_dag.py took 1.137 seconds
[2026-04-27T00:18:21.707+0000] {processor.py:161} INFO - Started process (PID=492) to work on /home/airflow/dags/model_training_dag.py
[2026-04-27T00:18:21.710+0000] {processor.py:830} INFO - Processing file /home/airflow/dags/model_training_dag.py for tasks to queue
[2026-04-27T00:18:21.755+0000] {logging_mixin.py:188} INFO - [2026-04-27T00:18:21.755+0000] {dagbag.py:538} INFO - Filling up the DagBag from /home/airflow/dags/model_training_dag.py
[2026-04-27T00:18:26.409+0000] {processor.py:840} INFO - DAG(s) 'model_training_pipeline' retrieved from /home/airflow/dags/model_training_dag.py
[2026-04-27T00:18:26.568+0000] {logging_mixin.py:188} INFO - [2026-04-27T00:18:26.567+0000] {dag.py:3036} INFO - Sync 1 DAGs
[2026-04-27T00:18:26.611+0000] {logging_mixin.py:188} INFO - [2026-04-27T00:18:26.611+0000] {dag.py:3823} INFO - Setting next_dagrun for model_training_pipeline to 2026-04-26 00:00:00+00:00, run_after=2026-05-03 00:00:00+00:00
[2026-04-27T00:18:26.659+0000] {processor.py:183} INFO - Processing /home/airflow/dags/model_training_dag.py took 5.063 seconds
[2026-04-27T00:18:56.999+0000] {processor.py:161} INFO - Started process (PID=537) to work on /home/airflow/dags/model_training_dag.py
[2026-04-27T00:18:57.001+0000] {processor.py:830} INFO - Processing file /home/airflow/dags/model_training_dag.py for tasks to queue
[2026-04-27T00:18:57.004+0000] {logging_mixin.py:188} INFO - [2026-04-27T00:18:57.003+0000] {dagbag.py:538} INFO - Filling up the DagBag from /home/airflow/dags/model_training_dag.py
[2026-04-27T00:18:58.398+0000] {processor.py:840} INFO - DAG(s) 'model_training_pipeline' retrieved from /home/airflow/dags/model_training_dag.py
[2026-04-27T00:18:58.413+0000] {logging_mixin.py:188} INFO - [2026-04-27T00:18:58.411+0000] {dag.py:3036} INFO - Sync 1 DAGs
[2026-04-27T00:18:58.436+0000] {logging_mixin.py:188} INFO - [2026-04-27T00:18:58.435+0000] {dag.py:3823} INFO - Setting next_dagrun for model_training_pipeline to 2026-04-26 00:00:00+00:00, run_after=2026-05-03 00:00:00+00:00
[2026-04-27T00:18:58.462+0000] {processor.py:183} INFO - Processing /home/airflow/dags/model_training_dag.py took 1.469 seconds
[2026-04-27T00:19:29.092+0000] {processor.py:161} INFO - Started process (PID=603) to work on /home/airflow/dags/model_training_dag.py
[2026-04-27T00:19:29.094+0000] {processor.py:830} INFO - Processing file /home/airflow/dags/model_training_dag.py for tasks to queue
[2026-04-27T00:19:29.095+0000] {logging_mixin.py:188} INFO - [2026-04-27T00:19:29.095+0000] {dagbag.py:538} INFO - Filling up the DagBag from /home/airflow/dags/model_training_dag.py
[2026-04-27T00:19:32.398+0000] {processor.py:840} INFO - DAG(s) 'model_training_pipeline' retrieved from /home/airflow/dags/model_training_dag.py
[2026-04-27T00:19:32.774+0000] {logging_mixin.py:188} INFO - [2026-04-27T00:19:32.773+0000] {dag.py:3036} INFO - Sync 1 DAGs
[2026-04-27T00:19:32.812+0000] {logging_mixin.py:188} INFO - [2026-04-27T00:19:32.812+0000] {dag.py:3823} INFO - Setting next_dagrun for model_training_pipeline to 2026-04-26 00:00:00+00:00, run_after=2026-05-03 00:00:00+00:00
[2026-04-27T00:19:32.858+0000] {processor.py:183} INFO - Processing /home/airflow/dags/model_training_dag.py took 3.795 seconds
[2026-04-27T00:20:03.612+0000] {processor.py:161} INFO - Started process (PID=671) to work on /home/airflow/dags/model_training_dag.py
[2026-04-27T00:20:03.613+0000] {processor.py:830} INFO - Processing file /home/airflow/dags/model_training_dag.py for tasks to queue
[2026-04-27T00:20:03.615+0000] {logging_mixin.py:188} INFO - [2026-04-27T00:20:03.614+0000] {dagbag.py:538} INFO - Filling up the DagBag from /home/airflow/dags/model_training_dag.py
[2026-04-27T00:20:04.769+0000] {processor.py:840} INFO - DAG(s) 'model_training_pipeline' retrieved from /home/airflow/dags/model_training_dag.py
[2026-04-27T00:20:04.797+0000] {logging_mixin.py:188} INFO - [2026-04-27T00:20:04.796+0000] {dag.py:3036} INFO - Sync 1 DAGs
[2026-04-27T00:20:04.819+0000] {logging_mixin.py:188} INFO - [2026-04-27T00:20:04.819+0000] {dag.py:3823} INFO - Setting next_dagrun for model_training_pipeline to 2026-04-26 00:00:00+00:00, run_after=2026-05-03 00:00:00+00:00
[2026-04-27T00:20:04.846+0000] {processor.py:183} INFO - Processing /home/airflow/dags/model_training_dag.py took 1.238 seconds
[2026-04-27T00:20:35.321+0000] {processor.py:161} INFO - Started process (PID=737) to work on /home/airflow/dags/model_training_dag.py
[2026-04-27T00:20:35.322+0000] {processor.py:830} INFO - Processing file /home/airflow/dags/model_training_dag.py for tasks to queue
[2026-04-27T00:20:35.324+0000] {logging_mixin.py:188} INFO - [2026-04-27T00:20:35.323+0000] {dagbag.py:538} INFO - Filling up the DagBag from /home/airflow/dags/model_training_dag.py
[2026-04-27T00:20:36.545+0000] {processor.py:840} INFO - DAG(s) 'model_training_pipeline' retrieved from /home/airflow/dags/model_training_dag.py
[2026-04-27T00:20:36.558+0000] {logging_mixin.py:188} INFO - [2026-04-27T00:20:36.558+0000] {dag.py:3036} INFO - Sync 1 DAGs
[2026-04-27T00:20:36.584+0000] {logging_mixin.py:188} INFO - [2026-04-27T00:20:36.584+0000] {dag.py:3823} INFO - Setting next_dagrun for model_training_pipeline to 2026-04-26 00:00:00+00:00, run_after=2026-05-03 00:00:00+00:00
[2026-04-27T00:20:36.606+0000] {processor.py:183} INFO - Processing /home/airflow/dags/model_training_dag.py took 1.289 seconds
[2026-04-27T00:21:06.799+0000] {processor.py:161} INFO - Started process (PID=782) to work on /home/airflow/dags/model_training_dag.py
[2026-04-27T00:21:06.803+0000] {processor.py:830} INFO - Processing file /home/airflow/dags/model_training_dag.py for tasks to queue
[2026-04-27T00:21:06.804+0000] {logging_mixin.py:188} INFO - [2026-04-27T00:21:06.804+0000] {dagbag.py:538} INFO - Filling up the DagBag from /home/airflow/dags/model_training_dag.py
[2026-04-27T00:21:08.590+0000] {processor.py:840} INFO - DAG(s) 'model_training_pipeline' retrieved from /home/airflow/dags/model_training_dag.py
[2026-04-27T00:21:08.699+0000] {logging_mixin.py:188} INFO - [2026-04-27T00:21:08.699+0000] {dag.py:3036} INFO - Sync 1 DAGs
[2026-04-27T00:21:08.716+0000] {logging_mixin.py:188} INFO - [2026-04-27T00:21:08.716+0000] {dag.py:3823} INFO - Setting next_dagrun for model_training_pipeline to 2026-04-26 00:00:00+00:00, run_after=2026-05-03 00:00:00+00:00
[2026-04-27T00:21:08.740+0000] {processor.py:183} INFO - Processing /home/airflow/dags/model_training_dag.py took 1.946 seconds
[2026-04-27T00:21:39.176+0000] {processor.py:161} INFO - Started process (PID=827) to work on /home/airflow/dags/model_training_dag.py
[2026-04-27T00:21:39.178+0000] {processor.py:830} INFO - Processing file /home/airflow/dags/model_training_dag.py for tasks to queue
[2026-04-27T00:21:39.180+0000] {logging_mixin.py:188} INFO - [2026-04-27T00:21:39.179+0000] {dagbag.py:538} INFO - Filling up the DagBag from /home/airflow/dags/model_training_dag.py
[2026-04-27T00:21:40.761+0000] {processor.py:840} INFO - DAG(s) 'model_training_pipeline' retrieved from /home/airflow/dags/model_training_dag.py
[2026-04-27T00:21:40.797+0000] {logging_mixin.py:188} INFO - [2026-04-27T00:21:40.796+0000] {dag.py:3036} INFO - Sync 1 DAGs
[2026-04-27T00:21:40.829+0000] {logging_mixin.py:188} INFO - [2026-04-27T00:21:40.829+0000] {dag.py:3823} INFO - Setting next_dagrun for model_training_pipeline to 2026-04-26 00:00:00+00:00, run_after=2026-05-03 00:00:00+00:00
[2026-04-27T00:21:40.881+0000] {processor.py:183} INFO - Processing /home/airflow/dags/model_training_dag.py took 1.708 seconds
[2026-04-27T00:22:15.753+0000] {processor.py:161} INFO - Started process (PID=55) to work on /home/airflow/dags/model_training_dag.py
[2026-04-27T00:22:15.754+0000] {processor.py:830} INFO - Processing file /home/airflow/dags/model_training_dag.py for tasks to queue
[2026-04-27T00:22:15.755+0000] {logging_mixin.py:188} INFO - [2026-04-27T00:22:15.754+0000] {dagbag.py:538} INFO - Filling up the DagBag from /home/airflow/dags/model_training_dag.py
[2026-04-27T00:22:16.899+0000] {processor.py:840} INFO - DAG(s) 'model_training_pipeline' retrieved from /home/airflow/dags/model_training_dag.py
[2026-04-27T00:22:16.941+0000] {logging_mixin.py:188} INFO - [2026-04-27T00:22:16.941+0000] {dag.py:3036} INFO - Sync 1 DAGs
[2026-04-27T00:22:16.963+0000] {logging_mixin.py:188} INFO - [2026-04-27T00:22:16.963+0000] {dag.py:3823} INFO - Setting next_dagrun for model_training_pipeline to 2026-04-26 00:00:00+00:00, run_after=2026-05-03 00:00:00+00:00
[2026-04-27T00:22:16.994+0000] {processor.py:183} INFO - Processing /home/airflow/dags/model_training_dag.py took 1.244 seconds
[2026-04-27T00:22:47.664+0000] {processor.py:161} INFO - Started process (PID=110) to work on /home/airflow/dags/model_training_dag.py
[2026-04-27T00:22:47.666+0000] {processor.py:830} INFO - Processing file /home/airflow/dags/model_training_dag.py for tasks to queue
[2026-04-27T00:22:47.668+0000] {logging_mixin.py:188} INFO - [2026-04-27T00:22:47.667+0000] {dagbag.py:538} INFO - Filling up the DagBag from /home/airflow/dags/model_training_dag.py
[2026-04-27T00:22:49.024+0000] {processor.py:840} INFO - DAG(s) 'model_training_pipeline' retrieved from /home/airflow/dags/model_training_dag.py
[2026-04-27T00:22:49.055+0000] {logging_mixin.py:188} INFO - [2026-04-27T00:22:49.054+0000] {dag.py:3036} INFO - Sync 1 DAGs
[2026-04-27T00:22:49.082+0000] {logging_mixin.py:188} INFO - [2026-04-27T00:22:49.081+0000] {dag.py:3823} INFO - Setting next_dagrun for model_training_pipeline to 2026-04-26 00:00:00+00:00, run_after=2026-05-03 00:00:00+00:00
[2026-04-27T00:22:49.110+0000] {processor.py:183} INFO - Processing /home/airflow/dags/model_training_dag.py took 1.451 seconds
[2026-04-27T00:23:19.540+0000] {processor.py:161} INFO - Started process (PID=155) to work on /home/airflow/dags/model_training_dag.py
[2026-04-27T00:23:19.541+0000] {processor.py:830} INFO - Processing file /home/airflow/dags/model_training_dag.py for tasks to queue
[2026-04-27T00:23:19.543+0000] {logging_mixin.py:188} INFO - [2026-04-27T00:23:19.542+0000] {dagbag.py:538} INFO - Filling up the DagBag from /home/airflow/dags/model_training_dag.py
[2026-04-27T00:23:21.074+0000] {processor.py:840} INFO - DAG(s) 'model_training_pipeline' retrieved from /home/airflow/dags/model_training_dag.py
[2026-04-27T00:23:21.098+0000] {logging_mixin.py:188} INFO - [2026-04-27T00:23:21.097+0000] {dag.py:3036} INFO - Sync 1 DAGs
[2026-04-27T00:23:21.124+0000] {logging_mixin.py:188} INFO - [2026-04-27T00:23:21.124+0000] {dag.py:3823} INFO - Setting next_dagrun for model_training_pipeline to 2026-04-26 00:00:00+00:00, run_after=2026-05-03 00:00:00+00:00
[2026-04-27T00:23:21.153+0000] {processor.py:183} INFO - Processing /home/airflow/dags/model_training_dag.py took 1.618 seconds
[2026-04-27T00:23:51.653+0000] {processor.py:161} INFO - Started process (PID=200) to work on /home/airflow/dags/model_training_dag.py
[2026-04-27T00:23:51.654+0000] {processor.py:830} INFO - Processing file /home/airflow/dags/model_training_dag.py for tasks to queue
[2026-04-27T00:23:51.655+0000] {logging_mixin.py:188} INFO - [2026-04-27T00:23:51.655+0000] {dagbag.py:538} INFO - Filling up the DagBag from /home/airflow/dags/model_training_dag.py
[2026-04-27T00:23:52.660+0000] {processor.py:840} INFO - DAG(s) 'model_training_pipeline' retrieved from /home/airflow/dags/model_training_dag.py
[2026-04-27T00:23:52.682+0000] {logging_mixin.py:188} INFO - [2026-04-27T00:23:52.682+0000] {dag.py:3036} INFO - Sync 1 DAGs
[2026-04-27T00:23:52.700+0000] {logging_mixin.py:188} INFO - [2026-04-27T00:23:52.699+0000] {dag.py:3823} INFO - Setting next_dagrun for model_training_pipeline to 2026-04-26 00:00:00+00:00, run_after=2026-05-03 00:00:00+00:00
[2026-04-27T00:23:52.723+0000] {processor.py:183} INFO - Processing /home/airflow/dags/model_training_dag.py took 1.073 seconds
[2026-04-27T00:24:23.405+0000] {processor.py:161} INFO - Started process (PID=245) to work on /home/airflow/dags/model_training_dag.py
[2026-04-27T00:24:23.407+0000] {processor.py:830} INFO - Processing file /home/airflow/dags/model_training_dag.py for tasks to queue
[2026-04-27T00:24:23.408+0000] {logging_mixin.py:188} INFO - [2026-04-27T00:24:23.408+0000] {dagbag.py:538} INFO - Filling up the DagBag from /home/airflow/dags/model_training_dag.py
[2026-04-27T00:24:24.938+0000] {processor.py:840} INFO - DAG(s) 'model_training_pipeline' retrieved from /home/airflow/dags/model_training_dag.py
[2026-04-27T00:24:24.961+0000] {logging_mixin.py:188} INFO - [2026-04-27T00:24:24.961+0000] {dag.py:3036} INFO - Sync 1 DAGs
[2026-04-27T00:24:24.988+0000] {logging_mixin.py:188} INFO - [2026-04-27T00:24:24.988+0000] {dag.py:3823} INFO - Setting next_dagrun for model_training_pipeline to 2026-04-26 00:00:00+00:00, run_after=2026-05-03 00:00:00+00:00
[2026-04-27T00:24:25.013+0000] {processor.py:183} INFO - Processing /home/airflow/dags/model_training_dag.py took 1.613 seconds
[2026-04-27T00:24:53.694+0000] {processor.py:161} INFO - Started process (PID=55) to work on /home/airflow/dags/model_training_dag.py
[2026-04-27T00:24:53.695+0000] {processor.py:830} INFO - Processing file /home/airflow/dags/model_training_dag.py for tasks to queue
[2026-04-27T00:24:53.696+0000] {logging_mixin.py:188} INFO - [2026-04-27T00:24:53.696+0000] {dagbag.py:538} INFO - Filling up the DagBag from /home/airflow/dags/model_training_dag.py
[2026-04-27T00:24:54.826+0000] {processor.py:840} INFO - DAG(s) 'model_training_pipeline' retrieved from /home/airflow/dags/model_training_dag.py
[2026-04-27T00:24:54.857+0000] {logging_mixin.py:188} INFO - [2026-04-27T00:24:54.857+0000] {dag.py:3036} INFO - Sync 1 DAGs
[2026-04-27T00:24:54.877+0000] {logging_mixin.py:188} INFO - [2026-04-27T00:24:54.877+0000] {dag.py:3823} INFO - Setting next_dagrun for model_training_pipeline to 2026-04-26 00:00:00+00:00, run_after=2026-05-03 00:00:00+00:00
[2026-04-27T00:24:54.902+0000] {processor.py:183} INFO - Processing /home/airflow/dags/model_training_dag.py took 1.213 seconds
[2026-04-27T00:25:25.234+0000] {processor.py:161} INFO - Started process (PID=128) to work on /home/airflow/dags/model_training_dag.py
[2026-04-27T00:25:25.236+0000] {processor.py:830} INFO - Processing file /home/airflow/dags/model_training_dag.py for tasks to queue
[2026-04-27T00:25:25.237+0000] {logging_mixin.py:188} INFO - [2026-04-27T00:25:25.237+0000] {dagbag.py:538} INFO - Filling up the DagBag from /home/airflow/dags/model_training_dag.py
[2026-04-27T00:25:26.900+0000] {processor.py:840} INFO - DAG(s) 'model_training_pipeline' retrieved from /home/airflow/dags/model_training_dag.py
[2026-04-27T00:25:26.932+0000] {logging_mixin.py:188} INFO - [2026-04-27T00:25:26.931+0000] {dag.py:3036} INFO - Sync 1 DAGs
[2026-04-27T00:25:26.961+0000] {logging_mixin.py:188} INFO - [2026-04-27T00:25:26.961+0000] {dag.py:3823} INFO - Setting next_dagrun for model_training_pipeline to 2026-04-26 00:00:00+00:00, run_after=2026-05-03 00:00:00+00:00
[2026-04-27T00:25:27.011+0000] {processor.py:183} INFO - Processing /home/airflow/dags/model_training_dag.py took 1.781 seconds
[2026-04-27T00:25:57.504+0000] {processor.py:161} INFO - Started process (PID=173) to work on /home/airflow/dags/model_training_dag.py
[2026-04-27T00:25:57.506+0000] {processor.py:830} INFO - Processing file /home/airflow/dags/model_training_dag.py for tasks to queue
[2026-04-27T00:25:57.509+0000] {logging_mixin.py:188} INFO - [2026-04-27T00:25:57.507+0000] {dagbag.py:538} INFO - Filling up the DagBag from /home/airflow/dags/model_training_dag.py
[2026-04-27T00:25:58.836+0000] {processor.py:840} INFO - DAG(s) 'model_training_pipeline' retrieved from /home/airflow/dags/model_training_dag.py
[2026-04-27T00:25:58.860+0000] {logging_mixin.py:188} INFO - [2026-04-27T00:25:58.859+0000] {dag.py:3036} INFO - Sync 1 DAGs
[2026-04-27T00:25:58.887+0000] {logging_mixin.py:188} INFO - [2026-04-27T00:25:58.887+0000] {dag.py:3823} INFO - Setting next_dagrun for model_training_pipeline to 2026-04-26 00:00:00+00:00, run_after=2026-05-03 00:00:00+00:00
[2026-04-27T00:25:58.917+0000] {processor.py:183} INFO - Processing /home/airflow/dags/model_training_dag.py took 1.418 seconds
[2026-04-27T00:26:29.329+0000] {processor.py:161} INFO - Started process (PID=228) to work on /home/airflow/dags/model_training_dag.py
[2026-04-27T00:26:29.332+0000] {processor.py:830} INFO - Processing file /home/airflow/dags/model_training_dag.py for tasks to queue
[2026-04-27T00:26:29.334+0000] {logging_mixin.py:188} INFO - [2026-04-27T00:26:29.333+0000] {dagbag.py:538} INFO - Filling up the DagBag from /home/airflow/dags/model_training_dag.py
[2026-04-27T00:26:32.113+0000] {processor.py:840} INFO - DAG(s) 'model_training_pipeline' retrieved from /home/airflow/dags/model_training_dag.py
[2026-04-27T00:26:32.260+0000] {logging_mixin.py:188} INFO - [2026-04-27T00:26:32.258+0000] {dag.py:3036} INFO - Sync 1 DAGs
[2026-04-27T00:26:32.370+0000] {logging_mixin.py:188} INFO - [2026-04-27T00:26:32.369+0000] {dag.py:3823} INFO - Setting next_dagrun for model_training_pipeline to 2026-04-26 00:00:00+00:00, run_after=2026-05-03 00:00:00+00:00
[2026-04-27T00:26:32.478+0000] {processor.py:183} INFO - Processing /home/airflow/dags/model_training_dag.py took 3.159 seconds
[2026-04-27T00:27:02.622+0000] {processor.py:161} INFO - Started process (PID=291) to work on /home/airflow/dags/model_training_dag.py
[2026-04-27T00:27:02.624+0000] {processor.py:830} INFO - Processing file /home/airflow/dags/model_training_dag.py for tasks to queue
[2026-04-27T00:27:02.626+0000] {logging_mixin.py:188} INFO - [2026-04-27T00:27:02.625+0000] {dagbag.py:538} INFO - Filling up the DagBag from /home/airflow/dags/model_training_dag.py
[2026-04-27T00:27:03.978+0000] {processor.py:840} INFO - DAG(s) 'model_training_pipeline' retrieved from /home/airflow/dags/model_training_dag.py
[2026-04-27T00:27:04.000+0000] {logging_mixin.py:188} INFO - [2026-04-27T00:27:04.000+0000] {dag.py:3036} INFO - Sync 1 DAGs
[2026-04-27T00:27:04.022+0000] {logging_mixin.py:188} INFO - [2026-04-27T00:27:04.022+0000] {dag.py:3823} INFO - Setting next_dagrun for model_training_pipeline to 2026-04-26 00:00:00+00:00, run_after=2026-05-03 00:00:00+00:00
[2026-04-27T00:27:04.048+0000] {processor.py:183} INFO - Processing /home/airflow/dags/model_training_dag.py took 1.432 seconds
[2026-04-27T00:27:34.633+0000] {processor.py:161} INFO - Started process (PID=364) to work on /home/airflow/dags/model_training_dag.py
[2026-04-27T00:27:34.635+0000] {processor.py:830} INFO - Processing file /home/airflow/dags/model_training_dag.py for tasks to queue
[2026-04-27T00:27:34.636+0000] {logging_mixin.py:188} INFO - [2026-04-27T00:27:34.636+0000] {dagbag.py:538} INFO - Filling up the DagBag from /home/airflow/dags/model_training_dag.py
[2026-04-27T00:27:35.886+0000] {processor.py:840} INFO - DAG(s) 'model_training_pipeline' retrieved from /home/airflow/dags/model_training_dag.py
[2026-04-27T00:27:35.907+0000] {logging_mixin.py:188} INFO - [2026-04-27T00:27:35.907+0000] {dag.py:3036} INFO - Sync 1 DAGs
[2026-04-27T00:27:35.926+0000] {logging_mixin.py:188} INFO - [2026-04-27T00:27:35.926+0000] {dag.py:3823} INFO - Setting next_dagrun for model_training_pipeline to 2026-04-26 00:00:00+00:00, run_after=2026-05-03 00:00:00+00:00
[2026-04-27T00:27:35.952+0000] {processor.py:183} INFO - Processing /home/airflow/dags/model_training_dag.py took 1.324 seconds
[2026-04-27T00:28:06.543+0000] {processor.py:161} INFO - Started process (PID=419) to work on /home/airflow/dags/model_training_dag.py
[2026-04-27T00:28:06.545+0000] {processor.py:830} INFO - Processing file /home/airflow/dags/model_training_dag.py for tasks to queue
[2026-04-27T00:28:06.546+0000] {logging_mixin.py:188} INFO - [2026-04-27T00:28:06.545+0000] {dagbag.py:538} INFO - Filling up the DagBag from /home/airflow/dags/model_training_dag.py
[2026-04-27T00:28:07.917+0000] {processor.py:840} INFO - DAG(s) 'model_training_pipeline' retrieved from /home/airflow/dags/model_training_dag.py
[2026-04-27T00:28:07.940+0000] {logging_mixin.py:188} INFO - [2026-04-27T00:28:07.940+0000] {dag.py:3036} INFO - Sync 1 DAGs
[2026-04-27T00:28:07.961+0000] {logging_mixin.py:188} INFO - [2026-04-27T00:28:07.961+0000] {dag.py:3823} INFO - Setting next_dagrun for model_training_pipeline to 2026-04-26 00:00:00+00:00, run_after=2026-05-03 00:00:00+00:00
[2026-04-27T00:28:07.985+0000] {processor.py:183} INFO - Processing /home/airflow/dags/model_training_dag.py took 1.445 seconds
[2026-04-27T00:28:38.656+0000] {processor.py:161} INFO - Started process (PID=481) to work on /home/airflow/dags/model_training_dag.py
[2026-04-27T00:28:38.658+0000] {processor.py:830} INFO - Processing file /home/airflow/dags/model_training_dag.py for tasks to queue
[2026-04-27T00:28:38.659+0000] {logging_mixin.py:188} INFO - [2026-04-27T00:28:38.659+0000] {dagbag.py:538} INFO - Filling up the DagBag from /home/airflow/dags/model_training_dag.py
[2026-04-27T00:28:39.770+0000] {processor.py:840} INFO - DAG(s) 'model_training_pipeline' retrieved from /home/airflow/dags/model_training_dag.py
[2026-04-27T00:28:39.805+0000] {logging_mixin.py:188} INFO - [2026-04-27T00:28:39.805+0000] {dag.py:3036} INFO - Sync 1 DAGs
[2026-04-27T00:28:39.836+0000] {logging_mixin.py:188} INFO - [2026-04-27T00:28:39.836+0000] {dag.py:3823} INFO - Setting next_dagrun for model_training_pipeline to 2026-04-26 00:00:00+00:00, run_after=2026-05-03 00:00:00+00:00
[2026-04-27T00:28:39.866+0000] {processor.py:183} INFO - Processing /home/airflow/dags/model_training_dag.py took 1.213 seconds
[2026-04-27T00:29:10.365+0000] {processor.py:161} INFO - Started process (PID=537) to work on /home/airflow/dags/model_training_dag.py
[2026-04-27T00:29:10.367+0000] {processor.py:830} INFO - Processing file /home/airflow/dags/model_training_dag.py for tasks to queue
[2026-04-27T00:29:10.369+0000] {logging_mixin.py:188} INFO - [2026-04-27T00:29:10.368+0000] {dagbag.py:538} INFO - Filling up the DagBag from /home/airflow/dags/model_training_dag.py
[2026-04-27T00:29:11.681+0000] {processor.py:840} INFO - DAG(s) 'model_training_pipeline' retrieved from /home/airflow/dags/model_training_dag.py
[2026-04-27T00:29:11.707+0000] {logging_mixin.py:188} INFO - [2026-04-27T00:29:11.706+0000] {dag.py:3036} INFO - Sync 1 DAGs
[2026-04-27T00:29:11.732+0000] {logging_mixin.py:188} INFO - [2026-04-27T00:29:11.731+0000] {dag.py:3823} INFO - Setting next_dagrun for model_training_pipeline to 2026-04-26 00:00:00+00:00, run_after=2026-05-03 00:00:00+00:00
[2026-04-27T00:29:11.765+0000] {processor.py:183} INFO - Processing /home/airflow/dags/model_training_dag.py took 1.403 seconds
[2026-04-27T00:29:42.237+0000] {processor.py:161} INFO - Started process (PID=612) to work on /home/airflow/dags/model_training_dag.py
[2026-04-27T00:29:42.239+0000] {processor.py:830} INFO - Processing file /home/airflow/dags/model_training_dag.py for tasks to queue
[2026-04-27T00:29:42.241+0000] {logging_mixin.py:188} INFO - [2026-04-27T00:29:42.240+0000] {dagbag.py:538} INFO - Filling up the DagBag from /home/airflow/dags/model_training_dag.py
[2026-04-27T00:29:43.265+0000] {processor.py:840} INFO - DAG(s) 'model_training_pipeline' retrieved from /home/airflow/dags/model_training_dag.py
[2026-04-27T00:29:43.292+0000] {logging_mixin.py:188} INFO - [2026-04-27T00:29:43.291+0000] {dag.py:3036} INFO - Sync 1 DAGs
[2026-04-27T00:29:43.319+0000] {logging_mixin.py:188} INFO - [2026-04-27T00:29:43.318+0000] {dag.py:3823} INFO - Setting next_dagrun for model_training_pipeline to 2026-04-26 00:00:00+00:00, run_after=2026-05-03 00:00:00+00:00
[2026-04-27T00:29:43.345+0000] {processor.py:183} INFO - Processing /home/airflow/dags/model_training_dag.py took 1.113 seconds
[2026-04-27T00:30:14.197+0000] {processor.py:161} INFO - Started process (PID=657) to work on /home/airflow/dags/model_training_dag.py
[2026-04-27T00:30:14.199+0000] {processor.py:830} INFO - Processing file /home/airflow/dags/model_training_dag.py for tasks to queue
[2026-04-27T00:30:14.202+0000] {logging_mixin.py:188} INFO - [2026-04-27T00:30:14.201+0000] {dagbag.py:538} INFO - Filling up the DagBag from /home/airflow/dags/model_training_dag.py
[2026-04-27T00:30:16.884+0000] {processor.py:840} INFO - DAG(s) 'model_training_pipeline' retrieved from /home/airflow/dags/model_training_dag.py
[2026-04-27T00:30:16.998+0000] {logging_mixin.py:188} INFO - [2026-04-27T00:30:16.998+0000] {dag.py:3036} INFO - Sync 1 DAGs
[2026-04-27T00:30:17.058+0000] {logging_mixin.py:188} INFO - [2026-04-27T00:30:17.058+0000] {dag.py:3823} INFO - Setting next_dagrun for model_training_pipeline to 2026-04-26 00:00:00+00:00, run_after=2026-05-03 00:00:00+00:00
[2026-04-27T00:30:17.129+0000] {processor.py:183} INFO - Processing /home/airflow/dags/model_training_dag.py took 2.939 seconds
[2026-04-27T00:30:47.685+0000] {processor.py:161} INFO - Started process (PID=712) to work on /home/airflow/dags/model_training_dag.py
[2026-04-27T00:30:47.686+0000] {processor.py:830} INFO - Processing file /home/airflow/dags/model_training_dag.py for tasks to queue
[2026-04-27T00:30:47.688+0000] {logging_mixin.py:188} INFO - [2026-04-27T00:30:47.687+0000] {dagbag.py:538} INFO - Filling up the DagBag from /home/airflow/dags/model_training_dag.py
[2026-04-27T00:30:48.587+0000] {processor.py:840} INFO - DAG(s) 'model_training_pipeline' retrieved from /home/airflow/dags/model_training_dag.py
[2026-04-27T00:30:48.611+0000] {logging_mixin.py:188} INFO - [2026-04-27T00:30:48.611+0000] {dag.py:3036} INFO - Sync 1 DAGs
[2026-04-27T00:30:48.632+0000] {logging_mixin.py:188} INFO - [2026-04-27T00:30:48.631+0000] {dag.py:3823} INFO - Setting next_dagrun for model_training_pipeline to 2026-04-26 00:00:00+00:00, run_after=2026-05-03 00:00:00+00:00
[2026-04-27T00:30:48.664+0000] {processor.py:183} INFO - Processing /home/airflow/dags/model_training_dag.py took 0.981 seconds
[2026-04-27T00:31:19.309+0000] {processor.py:161} INFO - Started process (PID=757) to work on /home/airflow/dags/model_training_dag.py
[2026-04-27T00:31:19.310+0000] {processor.py:830} INFO - Processing file /home/airflow/dags/model_training_dag.py for tasks to queue
[2026-04-27T00:31:19.311+0000] {logging_mixin.py:188} INFO - [2026-04-27T00:31:19.311+0000] {dagbag.py:538} INFO - Filling up the DagBag from /home/airflow/dags/model_training_dag.py
[2026-04-27T00:31:20.272+0000] {processor.py:840} INFO - DAG(s) 'model_training_pipeline' retrieved from /home/airflow/dags/model_training_dag.py
[2026-04-27T00:31:20.294+0000] {logging_mixin.py:188} INFO - [2026-04-27T00:31:20.293+0000] {dag.py:3036} INFO - Sync 1 DAGs
[2026-04-27T00:31:20.315+0000] {logging_mixin.py:188} INFO - [2026-04-27T00:31:20.315+0000] {dag.py:3823} INFO - Setting next_dagrun for model_training_pipeline to 2026-04-26 00:00:00+00:00, run_after=2026-05-03 00:00:00+00:00
[2026-04-27T00:31:20.342+0000] {processor.py:183} INFO - Processing /home/airflow/dags/model_training_dag.py took 1.037 seconds
[2026-04-27T00:31:50.919+0000] {processor.py:161} INFO - Started process (PID=812) to work on /home/airflow/dags/model_training_dag.py
[2026-04-27T00:31:50.924+0000] {processor.py:830} INFO - Processing file /home/airflow/dags/model_training_dag.py for tasks to queue
[2026-04-27T00:31:50.925+0000] {logging_mixin.py:188} INFO - [2026-04-27T00:31:50.925+0000] {dagbag.py:538} INFO - Filling up the DagBag from /home/airflow/dags/model_training_dag.py
[2026-04-27T00:31:52.299+0000] {processor.py:840} INFO - DAG(s) 'model_training_pipeline' retrieved from /home/airflow/dags/model_training_dag.py
[2026-04-27T00:31:52.327+0000] {logging_mixin.py:188} INFO - [2026-04-27T00:31:52.326+0000] {dag.py:3036} INFO - Sync 1 DAGs
[2026-04-27T00:31:52.349+0000] {logging_mixin.py:188} INFO - [2026-04-27T00:31:52.349+0000] {dag.py:3823} INFO - Setting next_dagrun for model_training_pipeline to 2026-04-26 00:00:00+00:00, run_after=2026-05-03 00:00:00+00:00
[2026-04-27T00:31:52.377+0000] {processor.py:183} INFO - Processing /home/airflow/dags/model_training_dag.py took 1.462 seconds
[2026-04-27T00:32:22.735+0000] {processor.py:161} INFO - Started process (PID=857) to work on /home/airflow/dags/model_training_dag.py
[2026-04-27T00:32:22.737+0000] {processor.py:830} INFO - Processing file /home/airflow/dags/model_training_dag.py for tasks to queue
[2026-04-27T00:32:22.738+0000] {logging_mixin.py:188} INFO - [2026-04-27T00:32:22.738+0000] {dagbag.py:538} INFO - Filling up the DagBag from /home/airflow/dags/model_training_dag.py
[2026-04-27T00:32:24.058+0000] {processor.py:840} INFO - DAG(s) 'model_training_pipeline' retrieved from /home/airflow/dags/model_training_dag.py
[2026-04-27T00:32:24.087+0000] {logging_mixin.py:188} INFO - [2026-04-27T00:32:24.086+0000] {dag.py:3036} INFO - Sync 1 DAGs
[2026-04-27T00:32:24.105+0000] {logging_mixin.py:188} INFO - [2026-04-27T00:32:24.105+0000] {dag.py:3823} INFO - Setting next_dagrun for model_training_pipeline to 2026-04-26 00:00:00+00:00, run_after=2026-05-03 00:00:00+00:00
[2026-04-27T00:32:24.130+0000] {processor.py:183} INFO - Processing /home/airflow/dags/model_training_dag.py took 1.399 seconds
[2026-04-27T00:32:54.477+0000] {processor.py:161} INFO - Started process (PID=902) to work on /home/airflow/dags/model_training_dag.py
[2026-04-27T00:32:54.479+0000] {processor.py:830} INFO - Processing file /home/airflow/dags/model_training_dag.py for tasks to queue
[2026-04-27T00:32:54.480+0000] {logging_mixin.py:188} INFO - [2026-04-27T00:32:54.479+0000] {dagbag.py:538} INFO - Filling up the DagBag from /home/airflow/dags/model_training_dag.py
[2026-04-27T00:32:55.447+0000] {processor.py:840} INFO - DAG(s) 'model_training_pipeline' retrieved from /home/airflow/dags/model_training_dag.py
[2026-04-27T00:32:55.472+0000] {logging_mixin.py:188} INFO - [2026-04-27T00:32:55.471+0000] {dag.py:3036} INFO - Sync 1 DAGs
[2026-04-27T00:32:55.490+0000] {logging_mixin.py:188} INFO - [2026-04-27T00:32:55.490+0000] {dag.py:3823} INFO - Setting next_dagrun for model_training_pipeline to 2026-04-26 00:00:00+00:00, run_after=2026-05-03 00:00:00+00:00
[2026-04-27T00:32:55.519+0000] {processor.py:183} INFO - Processing /home/airflow/dags/model_training_dag.py took 1.045 seconds
[2026-04-27T00:33:25.924+0000] {processor.py:161} INFO - Started process (PID=947) to work on /home/airflow/dags/model_training_dag.py
[2026-04-27T00:33:25.926+0000] {processor.py:830} INFO - Processing file /home/airflow/dags/model_training_dag.py for tasks to queue
[2026-04-27T00:33:25.928+0000] {logging_mixin.py:188} INFO - [2026-04-27T00:33:25.928+0000] {dagbag.py:538} INFO - Filling up the DagBag from /home/airflow/dags/model_training_dag.py
[2026-04-27T00:33:27.285+0000] {processor.py:840} INFO - DAG(s) 'model_training_pipeline' retrieved from /home/airflow/dags/model_training_dag.py
[2026-04-27T00:33:27.316+0000] {logging_mixin.py:188} INFO - [2026-04-27T00:33:27.316+0000] {dag.py:3036} INFO - Sync 1 DAGs
[2026-04-27T00:33:27.345+0000] {logging_mixin.py:188} INFO - [2026-04-27T00:33:27.345+0000] {dag.py:3823} INFO - Setting next_dagrun for model_training_pipeline to 2026-04-26 00:00:00+00:00, run_after=2026-05-03 00:00:00+00:00
[2026-04-27T00:33:27.375+0000] {processor.py:183} INFO - Processing /home/airflow/dags/model_training_dag.py took 1.456 seconds
[2026-04-27T00:33:57.465+0000] {processor.py:161} INFO - Started process (PID=992) to work on /home/airflow/dags/model_training_dag.py
[2026-04-27T00:33:57.467+0000] {processor.py:830} INFO - Processing file /home/airflow/dags/model_training_dag.py for tasks to queue
[2026-04-27T00:33:57.468+0000] {logging_mixin.py:188} INFO - [2026-04-27T00:33:57.468+0000] {dagbag.py:538} INFO - Filling up the DagBag from /home/airflow/dags/model_training_dag.py
[2026-04-27T00:33:58.594+0000] {processor.py:840} INFO - DAG(s) 'model_training_pipeline' retrieved from /home/airflow/dags/model_training_dag.py
[2026-04-27T00:33:58.614+0000] {logging_mixin.py:188} INFO - [2026-04-27T00:33:58.614+0000] {dag.py:3036} INFO - Sync 1 DAGs
[2026-04-27T00:33:58.633+0000] {logging_mixin.py:188} INFO - [2026-04-27T00:33:58.633+0000] {dag.py:3823} INFO - Setting next_dagrun for model_training_pipeline to 2026-04-26 00:00:00+00:00, run_after=2026-05-03 00:00:00+00:00
[2026-04-27T00:33:58.658+0000] {processor.py:183} INFO - Processing /home/airflow/dags/model_training_dag.py took 1.196 seconds
[2026-04-27T00:34:29.013+0000] {processor.py:161} INFO - Started process (PID=1047) to work on /home/airflow/dags/model_training_dag.py
[2026-04-27T00:34:29.015+0000] {processor.py:830} INFO - Processing file /home/airflow/dags/model_training_dag.py for tasks to queue
[2026-04-27T00:34:29.016+0000] {logging_mixin.py:188} INFO - [2026-04-27T00:34:29.016+0000] {dagbag.py:538} INFO - Filling up the DagBag from /home/airflow/dags/model_training_dag.py
[2026-04-27T00:34:30.207+0000] {processor.py:840} INFO - DAG(s) 'model_training_pipeline' retrieved from /home/airflow/dags/model_training_dag.py
[2026-04-27T00:34:30.230+0000] {logging_mixin.py:188} INFO - [2026-04-27T00:34:30.229+0000] {dag.py:3036} INFO - Sync 1 DAGs
[2026-04-27T00:34:30.249+0000] {logging_mixin.py:188} INFO - [2026-04-27T00:34:30.249+0000] {dag.py:3823} INFO - Setting next_dagrun for model_training_pipeline to 2026-04-26 00:00:00+00:00, run_after=2026-05-03 00:00:00+00:00
[2026-04-27T00:34:30.271+0000] {processor.py:183} INFO - Processing /home/airflow/dags/model_training_dag.py took 1.263 seconds
[2026-04-27T00:35:00.660+0000] {processor.py:161} INFO - Started process (PID=1092) to work on /home/airflow/dags/model_training_dag.py
[2026-04-27T00:35:00.661+0000] {processor.py:830} INFO - Processing file /home/airflow/dags/model_training_dag.py for tasks to queue
[2026-04-27T00:35:00.662+0000] {logging_mixin.py:188} INFO - [2026-04-27T00:35:00.662+0000] {dagbag.py:538} INFO - Filling up the DagBag from /home/airflow/dags/model_training_dag.py
[2026-04-27T00:35:02.003+0000] {processor.py:840} INFO - DAG(s) 'model_training_pipeline' retrieved from /home/airflow/dags/model_training_dag.py
[2026-04-27T00:35:02.035+0000] {logging_mixin.py:188} INFO - [2026-04-27T00:35:02.034+0000] {dag.py:3036} INFO - Sync 1 DAGs
[2026-04-27T00:35:02.067+0000] {logging_mixin.py:188} INFO - [2026-04-27T00:35:02.066+0000] {dag.py:3823} INFO - Setting next_dagrun for model_training_pipeline to 2026-04-26 00:00:00+00:00, run_after=2026-05-03 00:00:00+00:00
[2026-04-27T00:35:02.101+0000] {processor.py:183} INFO - Processing /home/airflow/dags/model_training_dag.py took 1.447 seconds
[2026-04-27T00:35:32.453+0000] {processor.py:161} INFO - Started process (PID=1137) to work on /home/airflow/dags/model_training_dag.py
[2026-04-27T00:35:32.454+0000] {processor.py:830} INFO - Processing file /home/airflow/dags/model_training_dag.py for tasks to queue
[2026-04-27T00:35:32.455+0000] {logging_mixin.py:188} INFO - [2026-04-27T00:35:32.455+0000] {dagbag.py:538} INFO - Filling up the DagBag from /home/airflow/dags/model_training_dag.py
[2026-04-27T00:35:33.411+0000] {processor.py:840} INFO - DAG(s) 'model_training_pipeline' retrieved from /home/airflow/dags/model_training_dag.py
[2026-04-27T00:35:33.435+0000] {logging_mixin.py:188} INFO - [2026-04-27T00:35:33.435+0000] {dag.py:3036} INFO - Sync 1 DAGs
[2026-04-27T00:35:33.453+0000] {logging_mixin.py:188} INFO - [2026-04-27T00:35:33.453+0000] {dag.py:3823} INFO - Setting next_dagrun for model_training_pipeline to 2026-04-26 00:00:00+00:00, run_after=2026-05-03 00:00:00+00:00
[2026-04-27T00:35:33.477+0000] {processor.py:183} INFO - Processing /home/airflow/dags/model_training_dag.py took 1.027 seconds
[2026-04-27T00:36:03.844+0000] {processor.py:161} INFO - Started process (PID=1182) to work on /home/airflow/dags/model_training_dag.py
[2026-04-27T00:36:03.846+0000] {processor.py:830} INFO - Processing file /home/airflow/dags/model_training_dag.py for tasks to queue
[2026-04-27T00:36:03.849+0000] {logging_mixin.py:188} INFO - [2026-04-27T00:36:03.848+0000] {dagbag.py:538} INFO - Filling up the DagBag from /home/airflow/dags/model_training_dag.py
[2026-04-27T00:36:05.054+0000] {processor.py:840} INFO - DAG(s) 'model_training_pipeline' retrieved from /home/airflow/dags/model_training_dag.py
[2026-04-27T00:36:05.076+0000] {logging_mixin.py:188} INFO - [2026-04-27T00:36:05.076+0000] {dag.py:3036} INFO - Sync 1 DAGs
[2026-04-27T00:36:05.093+0000] {logging_mixin.py:188} INFO - [2026-04-27T00:36:05.093+0000] {dag.py:3823} INFO - Setting next_dagrun for model_training_pipeline to 2026-04-26 00:00:00+00:00, run_after=2026-05-03 00:00:00+00:00
[2026-04-27T00:36:05.118+0000] {processor.py:183} INFO - Processing /home/airflow/dags/model_training_dag.py took 1.277 seconds
[2026-04-27T00:36:35.588+0000] {processor.py:161} INFO - Started process (PID=1227) to work on /home/airflow/dags/model_training_dag.py
[2026-04-27T00:36:35.589+0000] {processor.py:830} INFO - Processing file /home/airflow/dags/model_training_dag.py for tasks to queue
[2026-04-27T00:36:35.590+0000] {logging_mixin.py:188} INFO - [2026-04-27T00:36:35.590+0000] {dagbag.py:538} INFO - Filling up the DagBag from /home/airflow/dags/model_training_dag.py
[2026-04-27T00:36:36.623+0000] {processor.py:840} INFO - DAG(s) 'model_training_pipeline' retrieved from /home/airflow/dags/model_training_dag.py
[2026-04-27T00:36:36.648+0000] {logging_mixin.py:188} INFO - [2026-04-27T00:36:36.647+0000] {dag.py:3036} INFO - Sync 1 DAGs
[2026-04-27T00:36:36.669+0000] {logging_mixin.py:188} INFO - [2026-04-27T00:36:36.669+0000] {dag.py:3823} INFO - Setting next_dagrun for model_training_pipeline to 2026-04-26 00:00:00+00:00, run_after=2026-05-03 00:00:00+00:00
[2026-04-27T00:36:36.694+0000] {processor.py:183} INFO - Processing /home/airflow/dags/model_training_dag.py took 1.109 seconds
[2026-04-27T00:37:07.053+0000] {processor.py:161} INFO - Started process (PID=1272) to work on /home/airflow/dags/model_training_dag.py
[2026-04-27T00:37:07.055+0000] {processor.py:830} INFO - Processing file /home/airflow/dags/model_training_dag.py for tasks to queue
[2026-04-27T00:37:07.056+0000] {logging_mixin.py:188} INFO - [2026-04-27T00:37:07.056+0000] {dagbag.py:538} INFO - Filling up the DagBag from /home/airflow/dags/model_training_dag.py
[2026-04-27T00:37:08.155+0000] {processor.py:840} INFO - DAG(s) 'model_training_pipeline' retrieved from /home/airflow/dags/model_training_dag.py
[2026-04-27T00:37:08.176+0000] {logging_mixin.py:188} INFO - [2026-04-27T00:37:08.176+0000] {dag.py:3036} INFO - Sync 1 DAGs
[2026-04-27T00:37:08.197+0000] {logging_mixin.py:188} INFO - [2026-04-27T00:37:08.196+0000] {dag.py:3823} INFO - Setting next_dagrun for model_training_pipeline to 2026-04-26 00:00:00+00:00, run_after=2026-05-03 00:00:00+00:00
[2026-04-27T00:37:08.219+0000] {processor.py:183} INFO - Processing /home/airflow/dags/model_training_dag.py took 1.169 seconds
[2026-04-27T00:37:38.576+0000] {processor.py:161} INFO - Started process (PID=1331) to work on /home/airflow/dags/model_training_dag.py
[2026-04-27T00:37:38.578+0000] {processor.py:830} INFO - Processing file /home/airflow/dags/model_training_dag.py for tasks to queue
[2026-04-27T00:37:38.579+0000] {logging_mixin.py:188} INFO - [2026-04-27T00:37:38.579+0000] {dagbag.py:538} INFO - Filling up the DagBag from /home/airflow/dags/model_training_dag.py
[2026-04-27T00:37:39.763+0000] {processor.py:840} INFO - DAG(s) 'model_training_pipeline' retrieved from /home/airflow/dags/model_training_dag.py
[2026-04-27T00:37:39.783+0000] {logging_mixin.py:188} INFO - [2026-04-27T00:37:39.783+0000] {dag.py:3036} INFO - Sync 1 DAGs
[2026-04-27T00:37:39.800+0000] {logging_mixin.py:188} INFO - [2026-04-27T00:37:39.799+0000] {dag.py:3823} INFO - Setting next_dagrun for model_training_pipeline to 2026-04-26 00:00:00+00:00, run_after=2026-05-03 00:00:00+00:00
[2026-04-27T00:37:39.824+0000] {processor.py:183} INFO - Processing /home/airflow/dags/model_training_dag.py took 1.252 seconds
[2026-04-27T00:38:10.246+0000] {processor.py:161} INFO - Started process (PID=1383) to work on /home/airflow/dags/model_training_dag.py
[2026-04-27T00:38:10.248+0000] {processor.py:830} INFO - Processing file /home/airflow/dags/model_training_dag.py for tasks to queue
[2026-04-27T00:38:10.249+0000] {logging_mixin.py:188} INFO - [2026-04-27T00:38:10.249+0000] {dagbag.py:538} INFO - Filling up the DagBag from /home/airflow/dags/model_training_dag.py
[2026-04-27T00:38:11.269+0000] {processor.py:840} INFO - DAG(s) 'model_training_pipeline' retrieved from /home/airflow/dags/model_training_dag.py
[2026-04-27T00:38:11.290+0000] {logging_mixin.py:188} INFO - [2026-04-27T00:38:11.289+0000] {dag.py:3036} INFO - Sync 1 DAGs
[2026-04-27T00:38:11.308+0000] {logging_mixin.py:188} INFO - [2026-04-27T00:38:11.308+0000] {dag.py:3823} INFO - Setting next_dagrun for model_training_pipeline to 2026-04-26 00:00:00+00:00, run_after=2026-05-03 00:00:00+00:00
[2026-04-27T00:38:11.331+0000] {processor.py:183} INFO - Processing /home/airflow/dags/model_training_dag.py took 1.090 seconds
[2026-04-27T00:38:41.517+0000] {processor.py:161} INFO - Started process (PID=1440) to work on /home/airflow/dags/model_training_dag.py
[2026-04-27T00:38:41.519+0000] {processor.py:830} INFO - Processing file /home/airflow/dags/model_training_dag.py for tasks to queue
[2026-04-27T00:38:41.520+0000] {logging_mixin.py:188} INFO - [2026-04-27T00:38:41.519+0000] {dagbag.py:538} INFO - Filling up the DagBag from /home/airflow/dags/model_training_dag.py
[2026-04-27T00:38:42.665+0000] {processor.py:840} INFO - DAG(s) 'model_training_pipeline' retrieved from /home/airflow/dags/model_training_dag.py
[2026-04-27T00:38:42.688+0000] {logging_mixin.py:188} INFO - [2026-04-27T00:38:42.687+0000] {dag.py:3036} INFO - Sync 1 DAGs
[2026-04-27T00:38:42.707+0000] {logging_mixin.py:188} INFO - [2026-04-27T00:38:42.706+0000] {dag.py:3823} INFO - Setting next_dagrun for model_training_pipeline to 2026-04-26 00:00:00+00:00, run_after=2026-05-03 00:00:00+00:00
[2026-04-27T00:38:42.730+0000] {processor.py:183} INFO - Processing /home/airflow/dags/model_training_dag.py took 1.217 seconds
[2026-04-27T00:39:12.909+0000] {processor.py:161} INFO - Started process (PID=1485) to work on /home/airflow/dags/model_training_dag.py
[2026-04-27T00:39:12.911+0000] {processor.py:830} INFO - Processing file /home/airflow/dags/model_training_dag.py for tasks to queue
[2026-04-27T00:39:12.912+0000] {logging_mixin.py:188} INFO - [2026-04-27T00:39:12.912+0000] {dagbag.py:538} INFO - Filling up the DagBag from /home/airflow/dags/model_training_dag.py
[2026-04-27T00:39:13.902+0000] {processor.py:840} INFO - DAG(s) 'model_training_pipeline' retrieved from /home/airflow/dags/model_training_dag.py
[2026-04-27T00:39:13.925+0000] {logging_mixin.py:188} INFO - [2026-04-27T00:39:13.924+0000] {dag.py:3036} INFO - Sync 1 DAGs
[2026-04-27T00:39:13.947+0000] {logging_mixin.py:188} INFO - [2026-04-27T00:39:13.946+0000] {dag.py:3823} INFO - Setting next_dagrun for model_training_pipeline to 2026-04-26 00:00:00+00:00, run_after=2026-05-03 00:00:00+00:00
[2026-04-27T00:39:13.988+0000] {processor.py:183} INFO - Processing /home/airflow/dags/model_training_dag.py took 1.082 seconds
[2026-04-27T00:39:44.177+0000] {processor.py:161} INFO - Started process (PID=1528) to work on /home/airflow/dags/model_training_dag.py
[2026-04-27T00:39:44.179+0000] {processor.py:830} INFO - Processing file /home/airflow/dags/model_training_dag.py for tasks to queue
[2026-04-27T00:39:44.180+0000] {logging_mixin.py:188} INFO - [2026-04-27T00:39:44.180+0000] {dagbag.py:538} INFO - Filling up the DagBag from /home/airflow/dags/model_training_dag.py
[2026-04-27T00:39:45.287+0000] {processor.py:840} INFO - DAG(s) 'model_training_pipeline' retrieved from /home/airflow/dags/model_training_dag.py
[2026-04-27T00:39:45.312+0000] {logging_mixin.py:188} INFO - [2026-04-27T00:39:45.312+0000] {dag.py:3036} INFO - Sync 1 DAGs
[2026-04-27T00:39:45.330+0000] {logging_mixin.py:188} INFO - [2026-04-27T00:39:45.329+0000] {dag.py:3823} INFO - Setting next_dagrun for model_training_pipeline to 2026-04-26 00:00:00+00:00, run_after=2026-05-03 00:00:00+00:00
[2026-04-27T00:39:45.354+0000] {processor.py:183} INFO - Processing /home/airflow/dags/model_training_dag.py took 1.183 seconds
[2026-04-27T00:40:15.634+0000] {processor.py:161} INFO - Started process (PID=1575) to work on /home/airflow/dags/model_training_dag.py
[2026-04-27T00:40:15.635+0000] {processor.py:830} INFO - Processing file /home/airflow/dags/model_training_dag.py for tasks to queue
[2026-04-27T00:40:15.636+0000] {logging_mixin.py:188} INFO - [2026-04-27T00:40:15.635+0000] {dagbag.py:538} INFO - Filling up the DagBag from /home/airflow/dags/model_training_dag.py
[2026-04-27T00:40:16.551+0000] {processor.py:840} INFO - DAG(s) 'model_training_pipeline' retrieved from /home/airflow/dags/model_training_dag.py
[2026-04-27T00:40:16.572+0000] {logging_mixin.py:188} INFO - [2026-04-27T00:40:16.572+0000] {dag.py:3036} INFO - Sync 1 DAGs
[2026-04-27T00:40:16.592+0000] {logging_mixin.py:188} INFO - [2026-04-27T00:40:16.591+0000] {dag.py:3823} INFO - Setting next_dagrun for model_training_pipeline to 2026-04-26 00:00:00+00:00, run_after=2026-05-03 00:00:00+00:00
[2026-04-27T00:40:16.618+0000] {processor.py:183} INFO - Processing /home/airflow/dags/model_training_dag.py took 0.988 seconds
[2026-04-27T00:40:46.834+0000] {processor.py:161} INFO - Started process (PID=1620) to work on /home/airflow/dags/model_training_dag.py
[2026-04-27T00:40:46.835+0000] {processor.py:830} INFO - Processing file /home/airflow/dags/model_training_dag.py for tasks to queue
[2026-04-27T00:40:46.836+0000] {logging_mixin.py:188} INFO - [2026-04-27T00:40:46.835+0000] {dagbag.py:538} INFO - Filling up the DagBag from /home/airflow/dags/model_training_dag.py
[2026-04-27T00:40:47.802+0000] {processor.py:840} INFO - DAG(s) 'model_training_pipeline' retrieved from /home/airflow/dags/model_training_dag.py
[2026-04-27T00:40:47.823+0000] {logging_mixin.py:188} INFO - [2026-04-27T00:40:47.823+0000] {dag.py:3036} INFO - Sync 1 DAGs
[2026-04-27T00:40:47.844+0000] {logging_mixin.py:188} INFO - [2026-04-27T00:40:47.844+0000] {dag.py:3823} INFO - Setting next_dagrun for model_training_pipeline to 2026-04-26 00:00:00+00:00, run_after=2026-05-03 00:00:00+00:00
[2026-04-27T00:40:47.868+0000] {processor.py:183} INFO - Processing /home/airflow/dags/model_training_dag.py took 1.037 seconds
[2026-04-27T00:41:18.218+0000] {processor.py:161} INFO - Started process (PID=1663) to work on /home/airflow/dags/model_training_dag.py
[2026-04-27T00:41:18.219+0000] {processor.py:830} INFO - Processing file /home/airflow/dags/model_training_dag.py for tasks to queue
[2026-04-27T00:41:18.221+0000] {logging_mixin.py:188} INFO - [2026-04-27T00:41:18.220+0000] {dagbag.py:538} INFO - Filling up the DagBag from /home/airflow/dags/model_training_dag.py
[2026-04-27T00:41:19.338+0000] {processor.py:840} INFO - DAG(s) 'model_training_pipeline' retrieved from /home/airflow/dags/model_training_dag.py
[2026-04-27T00:41:19.360+0000] {logging_mixin.py:188} INFO - [2026-04-27T00:41:19.360+0000] {dag.py:3036} INFO - Sync 1 DAGs
[2026-04-27T00:41:19.385+0000] {logging_mixin.py:188} INFO - [2026-04-27T00:41:19.384+0000] {dag.py:3823} INFO - Setting next_dagrun for model_training_pipeline to 2026-04-26 00:00:00+00:00, run_after=2026-05-03 00:00:00+00:00
[2026-04-27T00:41:19.415+0000] {processor.py:183} INFO - Processing /home/airflow/dags/model_training_dag.py took 1.201 seconds
[2026-04-27T00:41:49.853+0000] {processor.py:161} INFO - Started process (PID=1718) to work on /home/airflow/dags/model_training_dag.py
[2026-04-27T00:41:49.855+0000] {processor.py:830} INFO - Processing file /home/airflow/dags/model_training_dag.py for tasks to queue
[2026-04-27T00:41:49.860+0000] {logging_mixin.py:188} INFO - [2026-04-27T00:41:49.860+0000] {dagbag.py:538} INFO - Filling up the DagBag from /home/airflow/dags/model_training_dag.py
[2026-04-27T00:41:50.823+0000] {processor.py:840} INFO - DAG(s) 'model_training_pipeline' retrieved from /home/airflow/dags/model_training_dag.py
[2026-04-27T00:41:50.844+0000] {logging_mixin.py:188} INFO - [2026-04-27T00:41:50.844+0000] {dag.py:3036} INFO - Sync 1 DAGs
[2026-04-27T00:41:50.863+0000] {logging_mixin.py:188} INFO - [2026-04-27T00:41:50.863+0000] {dag.py:3823} INFO - Setting next_dagrun for model_training_pipeline to 2026-04-26 00:00:00+00:00, run_after=2026-05-03 00:00:00+00:00
[2026-04-27T00:41:50.887+0000] {processor.py:183} INFO - Processing /home/airflow/dags/model_training_dag.py took 1.039 seconds
[2026-04-27T00:42:21.097+0000] {processor.py:161} INFO - Started process (PID=1763) to work on /home/airflow/dags/model_training_dag.py
[2026-04-27T00:42:21.098+0000] {processor.py:830} INFO - Processing file /home/airflow/dags/model_training_dag.py for tasks to queue
[2026-04-27T00:42:21.099+0000] {logging_mixin.py:188} INFO - [2026-04-27T00:42:21.099+0000] {dagbag.py:538} INFO - Filling up the DagBag from /home/airflow/dags/model_training_dag.py
[2026-04-27T00:42:22.225+0000] {processor.py:840} INFO - DAG(s) 'model_training_pipeline' retrieved from /home/airflow/dags/model_training_dag.py
[2026-04-27T00:42:22.252+0000] {logging_mixin.py:188} INFO - [2026-04-27T00:42:22.252+0000] {dag.py:3036} INFO - Sync 1 DAGs
[2026-04-27T00:42:22.273+0000] {logging_mixin.py:188} INFO - [2026-04-27T00:42:22.272+0000] {dag.py:3823} INFO - Setting next_dagrun for model_training_pipeline to 2026-04-26 00:00:00+00:00, run_after=2026-05-03 00:00:00+00:00
[2026-04-27T00:42:22.299+0000] {processor.py:183} INFO - Processing /home/airflow/dags/model_training_dag.py took 1.205 seconds
[2026-04-27T00:42:52.430+0000] {processor.py:161} INFO - Started process (PID=1808) to work on /home/airflow/dags/model_training_dag.py
[2026-04-27T00:42:52.431+0000] {processor.py:830} INFO - Processing file /home/airflow/dags/model_training_dag.py for tasks to queue
[2026-04-27T00:42:52.433+0000] {logging_mixin.py:188} INFO - [2026-04-27T00:42:52.433+0000] {dagbag.py:538} INFO - Filling up the DagBag from /home/airflow/dags/model_training_dag.py
[2026-04-27T00:42:53.347+0000] {processor.py:840} INFO - DAG(s) 'model_training_pipeline' retrieved from /home/airflow/dags/model_training_dag.py
[2026-04-27T00:42:53.368+0000] {logging_mixin.py:188} INFO - [2026-04-27T00:42:53.367+0000] {dag.py:3036} INFO - Sync 1 DAGs
[2026-04-27T00:42:53.385+0000] {logging_mixin.py:188} INFO - [2026-04-27T00:42:53.385+0000] {dag.py:3823} INFO - Setting next_dagrun for model_training_pipeline to 2026-04-26 00:00:00+00:00, run_after=2026-05-03 00:00:00+00:00
[2026-04-27T00:42:53.409+0000] {processor.py:183} INFO - Processing /home/airflow/dags/model_training_dag.py took 0.984 seconds
[2026-04-27T00:43:23.568+0000] {processor.py:161} INFO - Started process (PID=1853) to work on /home/airflow/dags/model_training_dag.py
[2026-04-27T00:43:23.570+0000] {processor.py:830} INFO - Processing file /home/airflow/dags/model_training_dag.py for tasks to queue
[2026-04-27T00:43:23.571+0000] {logging_mixin.py:188} INFO - [2026-04-27T00:43:23.570+0000] {dagbag.py:538} INFO - Filling up the DagBag from /home/airflow/dags/model_training_dag.py
[2026-04-27T00:43:24.838+0000] {processor.py:840} INFO - DAG(s) 'model_training_pipeline' retrieved from /home/airflow/dags/model_training_dag.py
[2026-04-27T00:43:24.861+0000] {logging_mixin.py:188} INFO - [2026-04-27T00:43:24.861+0000] {dag.py:3036} INFO - Sync 1 DAGs
[2026-04-27T00:43:24.883+0000] {logging_mixin.py:188} INFO - [2026-04-27T00:43:24.883+0000] {dag.py:3823} INFO - Setting next_dagrun for model_training_pipeline to 2026-04-26 00:00:00+00:00, run_after=2026-05-03 00:00:00+00:00
[2026-04-27T00:43:24.911+0000] {processor.py:183} INFO - Processing /home/airflow/dags/model_training_dag.py took 1.346 seconds
[2026-04-27T00:43:55.288+0000] {processor.py:161} INFO - Started process (PID=1898) to work on /home/airflow/dags/model_training_dag.py
[2026-04-27T00:43:55.289+0000] {processor.py:830} INFO - Processing file /home/airflow/dags/model_training_dag.py for tasks to queue
[2026-04-27T00:43:55.291+0000] {logging_mixin.py:188} INFO - [2026-04-27T00:43:55.290+0000] {dagbag.py:538} INFO - Filling up the DagBag from /home/airflow/dags/model_training_dag.py
[2026-04-27T00:43:56.163+0000] {processor.py:840} INFO - DAG(s) 'model_training_pipeline' retrieved from /home/airflow/dags/model_training_dag.py
[2026-04-27T00:43:56.183+0000] {logging_mixin.py:188} INFO - [2026-04-27T00:43:56.183+0000] {dag.py:3036} INFO - Sync 1 DAGs
[2026-04-27T00:43:56.200+0000] {logging_mixin.py:188} INFO - [2026-04-27T00:43:56.200+0000] {dag.py:3823} INFO - Setting next_dagrun for model_training_pipeline to 2026-04-26 00:00:00+00:00, run_after=2026-05-03 00:00:00+00:00
[2026-04-27T00:43:56.224+0000] {processor.py:183} INFO - Processing /home/airflow/dags/model_training_dag.py took 0.939 seconds
[2026-04-27T00:44:26.303+0000] {processor.py:161} INFO - Started process (PID=1943) to work on /home/airflow/dags/model_training_dag.py
[2026-04-27T00:44:26.304+0000] {processor.py:830} INFO - Processing file /home/airflow/dags/model_training_dag.py for tasks to queue
[2026-04-27T00:44:26.306+0000] {logging_mixin.py:188} INFO - [2026-04-27T00:44:26.305+0000] {dagbag.py:538} INFO - Filling up the DagBag from /home/airflow/dags/model_training_dag.py
[2026-04-27T00:44:27.196+0000] {processor.py:840} INFO - DAG(s) 'model_training_pipeline' retrieved from /home/airflow/dags/model_training_dag.py
[2026-04-27T00:44:27.217+0000] {logging_mixin.py:188} INFO - [2026-04-27T00:44:27.217+0000] {dag.py:3036} INFO - Sync 1 DAGs
[2026-04-27T00:44:27.234+0000] {logging_mixin.py:188} INFO - [2026-04-27T00:44:27.234+0000] {dag.py:3823} INFO - Setting next_dagrun for model_training_pipeline to 2026-04-26 00:00:00+00:00, run_after=2026-05-03 00:00:00+00:00
[2026-04-27T00:44:27.256+0000] {processor.py:183} INFO - Processing /home/airflow/dags/model_training_dag.py took 0.956 seconds
[2026-04-27T00:44:57.686+0000] {processor.py:161} INFO - Started process (PID=1998) to work on /home/airflow/dags/model_training_dag.py
[2026-04-27T00:44:57.688+0000] {processor.py:830} INFO - Processing file /home/airflow/dags/model_training_dag.py for tasks to queue
[2026-04-27T00:44:57.692+0000] {logging_mixin.py:188} INFO - [2026-04-27T00:44:57.690+0000] {dagbag.py:538} INFO - Filling up the DagBag from /home/airflow/dags/model_training_dag.py
[2026-04-27T00:44:58.643+0000] {processor.py:840} INFO - DAG(s) 'model_training_pipeline' retrieved from /home/airflow/dags/model_training_dag.py
[2026-04-27T00:44:58.663+0000] {logging_mixin.py:188} INFO - [2026-04-27T00:44:58.663+0000] {dag.py:3036} INFO - Sync 1 DAGs
[2026-04-27T00:44:58.680+0000] {logging_mixin.py:188} INFO - [2026-04-27T00:44:58.680+0000] {dag.py:3823} INFO - Setting next_dagrun for model_training_pipeline to 2026-04-26 00:00:00+00:00, run_after=2026-05-03 00:00:00+00:00
[2026-04-27T00:44:58.705+0000] {processor.py:183} INFO - Processing /home/airflow/dags/model_training_dag.py took 1.022 seconds
[2026-04-27T00:45:29.017+0000] {processor.py:161} INFO - Started process (PID=2043) to work on /home/airflow/dags/model_training_dag.py
[2026-04-27T00:45:29.019+0000] {processor.py:830} INFO - Processing file /home/airflow/dags/model_training_dag.py for tasks to queue
[2026-04-27T00:45:29.021+0000] {logging_mixin.py:188} INFO - [2026-04-27T00:45:29.020+0000] {dagbag.py:538} INFO - Filling up the DagBag from /home/airflow/dags/model_training_dag.py
[2026-04-27T00:45:30.016+0000] {processor.py:840} INFO - DAG(s) 'model_training_pipeline' retrieved from /home/airflow/dags/model_training_dag.py
[2026-04-27T00:45:30.036+0000] {logging_mixin.py:188} INFO - [2026-04-27T00:45:30.036+0000] {dag.py:3036} INFO - Sync 1 DAGs
[2026-04-27T00:45:30.054+0000] {logging_mixin.py:188} INFO - [2026-04-27T00:45:30.054+0000] {dag.py:3823} INFO - Setting next_dagrun for model_training_pipeline to 2026-04-26 00:00:00+00:00, run_after=2026-05-03 00:00:00+00:00
[2026-04-27T00:45:30.078+0000] {processor.py:183} INFO - Processing /home/airflow/dags/model_training_dag.py took 1.064 seconds
[2026-04-27T00:46:00.316+0000] {processor.py:161} INFO - Started process (PID=2090) to work on /home/airflow/dags/model_training_dag.py
[2026-04-27T00:46:00.317+0000] {processor.py:830} INFO - Processing file /home/airflow/dags/model_training_dag.py for tasks to queue
[2026-04-27T00:46:00.318+0000] {logging_mixin.py:188} INFO - [2026-04-27T00:46:00.318+0000] {dagbag.py:538} INFO - Filling up the DagBag from /home/airflow/dags/model_training_dag.py
[2026-04-27T00:46:01.121+0000] {processor.py:840} INFO - DAG(s) 'model_training_pipeline' retrieved from /home/airflow/dags/model_training_dag.py
[2026-04-27T00:46:01.140+0000] {logging_mixin.py:188} INFO - [2026-04-27T00:46:01.140+0000] {dag.py:3036} INFO - Sync 1 DAGs
[2026-04-27T00:46:01.156+0000] {logging_mixin.py:188} INFO - [2026-04-27T00:46:01.156+0000] {dag.py:3823} INFO - Setting next_dagrun for model_training_pipeline to 2026-04-26 00:00:00+00:00, run_after=2026-05-03 00:00:00+00:00
[2026-04-27T00:46:01.177+0000] {processor.py:183} INFO - Processing /home/airflow/dags/model_training_dag.py took 0.864 seconds
[2026-04-27T00:46:31.453+0000] {processor.py:161} INFO - Started process (PID=2135) to work on /home/airflow/dags/model_training_dag.py
[2026-04-27T00:46:31.455+0000] {processor.py:830} INFO - Processing file /home/airflow/dags/model_training_dag.py for tasks to queue
[2026-04-27T00:46:31.456+0000] {logging_mixin.py:188} INFO - [2026-04-27T00:46:31.455+0000] {dagbag.py:538} INFO - Filling up the DagBag from /home/airflow/dags/model_training_dag.py
[2026-04-27T00:46:32.471+0000] {processor.py:840} INFO - DAG(s) 'model_training_pipeline' retrieved from /home/airflow/dags/model_training_dag.py
[2026-04-27T00:46:32.494+0000] {logging_mixin.py:188} INFO - [2026-04-27T00:46:32.494+0000] {dag.py:3036} INFO - Sync 1 DAGs
[2026-04-27T00:46:32.514+0000] {logging_mixin.py:188} INFO - [2026-04-27T00:46:32.514+0000] {dag.py:3823} INFO - Setting next_dagrun for model_training_pipeline to 2026-04-26 00:00:00+00:00, run_after=2026-05-03 00:00:00+00:00
[2026-04-27T00:46:32.546+0000] {processor.py:183} INFO - Processing /home/airflow/dags/model_training_dag.py took 1.098 seconds
[2026-04-27T00:47:02.801+0000] {processor.py:161} INFO - Started process (PID=2180) to work on /home/airflow/dags/model_training_dag.py
[2026-04-27T00:47:02.802+0000] {processor.py:830} INFO - Processing file /home/airflow/dags/model_training_dag.py for tasks to queue
[2026-04-27T00:47:02.803+0000] {logging_mixin.py:188} INFO - [2026-04-27T00:47:02.802+0000] {dagbag.py:538} INFO - Filling up the DagBag from /home/airflow/dags/model_training_dag.py
[2026-04-27T00:47:03.611+0000] {processor.py:840} INFO - DAG(s) 'model_training_pipeline' retrieved from /home/airflow/dags/model_training_dag.py
[2026-04-27T00:47:03.630+0000] {logging_mixin.py:188} INFO - [2026-04-27T00:47:03.629+0000] {dag.py:3036} INFO - Sync 1 DAGs
[2026-04-27T00:47:03.645+0000] {logging_mixin.py:188} INFO - [2026-04-27T00:47:03.645+0000] {dag.py:3823} INFO - Setting next_dagrun for model_training_pipeline to 2026-04-26 00:00:00+00:00, run_after=2026-05-03 00:00:00+00:00
[2026-04-27T00:47:03.668+0000] {processor.py:183} INFO - Processing /home/airflow/dags/model_training_dag.py took 0.870 seconds
[2026-04-27T00:47:34.023+0000] {processor.py:161} INFO - Started process (PID=2225) to work on /home/airflow/dags/model_training_dag.py
[2026-04-27T00:47:34.024+0000] {processor.py:830} INFO - Processing file /home/airflow/dags/model_training_dag.py for tasks to queue
[2026-04-27T00:47:34.025+0000] {logging_mixin.py:188} INFO - [2026-04-27T00:47:34.025+0000] {dagbag.py:538} INFO - Filling up the DagBag from /home/airflow/dags/model_training_dag.py
[2026-04-27T00:47:34.994+0000] {processor.py:840} INFO - DAG(s) 'model_training_pipeline' retrieved from /home/airflow/dags/model_training_dag.py
[2026-04-27T00:47:35.018+0000] {logging_mixin.py:188} INFO - [2026-04-27T00:47:35.017+0000] {dag.py:3036} INFO - Sync 1 DAGs
[2026-04-27T00:47:35.036+0000] {logging_mixin.py:188} INFO - [2026-04-27T00:47:35.036+0000] {dag.py:3823} INFO - Setting next_dagrun for model_training_pipeline to 2026-04-26 00:00:00+00:00, run_after=2026-05-03 00:00:00+00:00
[2026-04-27T00:47:35.060+0000] {processor.py:183} INFO - Processing /home/airflow/dags/model_training_dag.py took 1.040 seconds
[2026-04-27T00:48:05.423+0000] {processor.py:161} INFO - Started process (PID=2270) to work on /home/airflow/dags/model_training_dag.py
[2026-04-27T00:48:05.424+0000] {processor.py:830} INFO - Processing file /home/airflow/dags/model_training_dag.py for tasks to queue
[2026-04-27T00:48:05.426+0000] {logging_mixin.py:188} INFO - [2026-04-27T00:48:05.426+0000] {dagbag.py:538} INFO - Filling up the DagBag from /home/airflow/dags/model_training_dag.py
[2026-04-27T00:48:06.227+0000] {processor.py:840} INFO - DAG(s) 'model_training_pipeline' retrieved from /home/airflow/dags/model_training_dag.py
[2026-04-27T00:48:06.246+0000] {logging_mixin.py:188} INFO - [2026-04-27T00:48:06.246+0000] {dag.py:3036} INFO - Sync 1 DAGs
[2026-04-27T00:48:06.262+0000] {logging_mixin.py:188} INFO - [2026-04-27T00:48:06.262+0000] {dag.py:3823} INFO - Setting next_dagrun for model_training_pipeline to 2026-04-26 00:00:00+00:00, run_after=2026-05-03 00:00:00+00:00
[2026-04-27T00:48:06.284+0000] {processor.py:183} INFO - Processing /home/airflow/dags/model_training_dag.py took 0.865 seconds
[2026-04-27T00:48:36.782+0000] {processor.py:161} INFO - Started process (PID=2313) to work on /home/airflow/dags/model_training_dag.py
[2026-04-27T00:48:36.783+0000] {processor.py:830} INFO - Processing file /home/airflow/dags/model_training_dag.py for tasks to queue
[2026-04-27T00:48:36.785+0000] {logging_mixin.py:188} INFO - [2026-04-27T00:48:36.784+0000] {dagbag.py:538} INFO - Filling up the DagBag from /home/airflow/dags/model_training_dag.py
[2026-04-27T00:48:37.821+0000] {processor.py:840} INFO - DAG(s) 'model_training_pipeline' retrieved from /home/airflow/dags/model_training_dag.py
[2026-04-27T00:48:37.846+0000] {logging_mixin.py:188} INFO - [2026-04-27T00:48:37.846+0000] {dag.py:3036} INFO - Sync 1 DAGs
[2026-04-27T00:48:37.867+0000] {logging_mixin.py:188} INFO - [2026-04-27T00:48:37.867+0000] {dag.py:3823} INFO - Setting next_dagrun for model_training_pipeline to 2026-04-26 00:00:00+00:00, run_after=2026-05-03 00:00:00+00:00
[2026-04-27T00:48:37.896+0000] {processor.py:183} INFO - Processing /home/airflow/dags/model_training_dag.py took 1.118 seconds
[2026-04-27T00:49:08.033+0000] {processor.py:161} INFO - Started process (PID=2360) to work on /home/airflow/dags/model_training_dag.py
[2026-04-27T00:49:08.034+0000] {processor.py:830} INFO - Processing file /home/airflow/dags/model_training_dag.py for tasks to queue
[2026-04-27T00:49:08.035+0000] {logging_mixin.py:188} INFO - [2026-04-27T00:49:08.035+0000] {dagbag.py:538} INFO - Filling up the DagBag from /home/airflow/dags/model_training_dag.py
[2026-04-27T00:49:08.937+0000] {processor.py:840} INFO - DAG(s) 'model_training_pipeline' retrieved from /home/airflow/dags/model_training_dag.py
[2026-04-27T00:49:08.956+0000] {logging_mixin.py:188} INFO - [2026-04-27T00:49:08.956+0000] {dag.py:3036} INFO - Sync 1 DAGs
[2026-04-27T00:49:08.972+0000] {logging_mixin.py:188} INFO - [2026-04-27T00:49:08.972+0000] {dag.py:3823} INFO - Setting next_dagrun for model_training_pipeline to 2026-04-26 00:00:00+00:00, run_after=2026-05-03 00:00:00+00:00
[2026-04-27T00:49:08.993+0000] {processor.py:183} INFO - Processing /home/airflow/dags/model_training_dag.py took 0.963 seconds
[2026-04-27T00:49:39.098+0000] {processor.py:161} INFO - Started process (PID=2405) to work on /home/airflow/dags/model_training_dag.py
[2026-04-27T00:49:39.099+0000] {processor.py:830} INFO - Processing file /home/airflow/dags/model_training_dag.py for tasks to queue
[2026-04-27T00:49:39.101+0000] {logging_mixin.py:188} INFO - [2026-04-27T00:49:39.100+0000] {dagbag.py:538} INFO - Filling up the DagBag from /home/airflow/dags/model_training_dag.py
[2026-04-27T00:49:40.010+0000] {processor.py:840} INFO - DAG(s) 'model_training_pipeline' retrieved from /home/airflow/dags/model_training_dag.py
[2026-04-27T00:49:40.029+0000] {logging_mixin.py:188} INFO - [2026-04-27T00:49:40.029+0000] {dag.py:3036} INFO - Sync 1 DAGs
[2026-04-27T00:49:40.045+0000] {logging_mixin.py:188} INFO - [2026-04-27T00:49:40.044+0000] {dag.py:3823} INFO - Setting next_dagrun for model_training_pipeline to 2026-04-26 00:00:00+00:00, run_after=2026-05-03 00:00:00+00:00
[2026-04-27T00:49:40.065+0000] {processor.py:183} INFO - Processing /home/airflow/dags/model_training_dag.py took 0.970 seconds
[2026-04-27T00:50:10.938+0000] {processor.py:161} INFO - Started process (PID=2450) to work on /home/airflow/dags/model_training_dag.py
[2026-04-27T00:50:10.939+0000] {processor.py:830} INFO - Processing file /home/airflow/dags/model_training_dag.py for tasks to queue
[2026-04-27T00:50:10.940+0000] {logging_mixin.py:188} INFO - [2026-04-27T00:50:10.940+0000] {dagbag.py:538} INFO - Filling up the DagBag from /home/airflow/dags/model_training_dag.py
[2026-04-27T00:50:11.970+0000] {processor.py:840} INFO - DAG(s) 'model_training_pipeline' retrieved from /home/airflow/dags/model_training_dag.py
[2026-04-27T00:50:11.990+0000] {logging_mixin.py:188} INFO - [2026-04-27T00:50:11.990+0000] {dag.py:3036} INFO - Sync 1 DAGs
[2026-04-27T00:50:12.007+0000] {logging_mixin.py:188} INFO - [2026-04-27T00:50:12.007+0000] {dag.py:3823} INFO - Setting next_dagrun for model_training_pipeline to 2026-04-26 00:00:00+00:00, run_after=2026-05-03 00:00:00+00:00
[2026-04-27T00:50:12.028+0000] {processor.py:183} INFO - Processing /home/airflow/dags/model_training_dag.py took 1.093 seconds
[2026-04-27T00:50:42.387+0000] {processor.py:161} INFO - Started process (PID=2495) to work on /home/airflow/dags/model_training_dag.py
[2026-04-27T00:50:42.388+0000] {processor.py:830} INFO - Processing file /home/airflow/dags/model_training_dag.py for tasks to queue
[2026-04-27T00:50:42.390+0000] {logging_mixin.py:188} INFO - [2026-04-27T00:50:42.389+0000] {dagbag.py:538} INFO - Filling up the DagBag from /home/airflow/dags/model_training_dag.py
[2026-04-27T00:50:43.270+0000] {processor.py:840} INFO - DAG(s) 'model_training_pipeline' retrieved from /home/airflow/dags/model_training_dag.py
[2026-04-27T00:50:43.290+0000] {logging_mixin.py:188} INFO - [2026-04-27T00:50:43.289+0000] {dag.py:3036} INFO - Sync 1 DAGs
[2026-04-27T00:50:43.306+0000] {logging_mixin.py:188} INFO - [2026-04-27T00:50:43.306+0000] {dag.py:3823} INFO - Setting next_dagrun for model_training_pipeline to 2026-04-26 00:00:00+00:00, run_after=2026-05-03 00:00:00+00:00
[2026-04-27T00:50:43.329+0000] {processor.py:183} INFO - Processing /home/airflow/dags/model_training_dag.py took 0.946 seconds
[2026-04-27T00:51:13.775+0000] {processor.py:161} INFO - Started process (PID=2540) to work on /home/airflow/dags/model_training_dag.py
[2026-04-27T00:51:13.776+0000] {processor.py:830} INFO - Processing file /home/airflow/dags/model_training_dag.py for tasks to queue
[2026-04-27T00:51:13.777+0000] {logging_mixin.py:188} INFO - [2026-04-27T00:51:13.777+0000] {dagbag.py:538} INFO - Filling up the DagBag from /home/airflow/dags/model_training_dag.py
[2026-04-27T00:51:14.613+0000] {processor.py:840} INFO - DAG(s) 'model_training_pipeline' retrieved from /home/airflow/dags/model_training_dag.py
[2026-04-27T00:51:14.637+0000] {logging_mixin.py:188} INFO - [2026-04-27T00:51:14.636+0000] {dag.py:3036} INFO - Sync 1 DAGs
[2026-04-27T00:51:14.656+0000] {logging_mixin.py:188} INFO - [2026-04-27T00:51:14.656+0000] {dag.py:3823} INFO - Setting next_dagrun for model_training_pipeline to 2026-04-26 00:00:00+00:00, run_after=2026-05-03 00:00:00+00:00
[2026-04-27T00:51:14.681+0000] {processor.py:183} INFO - Processing /home/airflow/dags/model_training_dag.py took 0.909 seconds
[2026-04-27T00:51:45.087+0000] {processor.py:161} INFO - Started process (PID=2585) to work on /home/airflow/dags/model_training_dag.py
[2026-04-27T00:51:45.088+0000] {processor.py:830} INFO - Processing file /home/airflow/dags/model_training_dag.py for tasks to queue
[2026-04-27T00:51:45.089+0000] {logging_mixin.py:188} INFO - [2026-04-27T00:51:45.089+0000] {dagbag.py:538} INFO - Filling up the DagBag from /home/airflow/dags/model_training_dag.py
[2026-04-27T00:51:45.937+0000] {processor.py:840} INFO - DAG(s) 'model_training_pipeline' retrieved from /home/airflow/dags/model_training_dag.py
[2026-04-27T00:51:45.957+0000] {logging_mixin.py:188} INFO - [2026-04-27T00:51:45.956+0000] {dag.py:3036} INFO - Sync 1 DAGs
[2026-04-27T00:51:45.972+0000] {logging_mixin.py:188} INFO - [2026-04-27T00:51:45.971+0000] {dag.py:3823} INFO - Setting next_dagrun for model_training_pipeline to 2026-04-26 00:00:00+00:00, run_after=2026-05-03 00:00:00+00:00
[2026-04-27T00:51:45.993+0000] {processor.py:183} INFO - Processing /home/airflow/dags/model_training_dag.py took 0.909 seconds
[2026-04-27T00:52:16.342+0000] {processor.py:161} INFO - Started process (PID=2634) to work on /home/airflow/dags/model_training_dag.py
[2026-04-27T00:52:16.343+0000] {processor.py:830} INFO - Processing file /home/airflow/dags/model_training_dag.py for tasks to queue
[2026-04-27T00:52:16.344+0000] {logging_mixin.py:188} INFO - [2026-04-27T00:52:16.344+0000] {dagbag.py:538} INFO - Filling up the DagBag from /home/airflow/dags/model_training_dag.py
[2026-04-27T00:52:17.161+0000] {processor.py:840} INFO - DAG(s) 'model_training_pipeline' retrieved from /home/airflow/dags/model_training_dag.py
[2026-04-27T00:52:17.180+0000] {logging_mixin.py:188} INFO - [2026-04-27T00:52:17.179+0000] {dag.py:3036} INFO - Sync 1 DAGs
[2026-04-27T00:52:17.195+0000] {logging_mixin.py:188} INFO - [2026-04-27T00:52:17.195+0000] {dag.py:3823} INFO - Setting next_dagrun for model_training_pipeline to 2026-04-26 00:00:00+00:00, run_after=2026-05-03 00:00:00+00:00
[2026-04-27T00:52:17.217+0000] {processor.py:183} INFO - Processing /home/airflow/dags/model_training_dag.py took 0.878 seconds
[2026-04-27T00:52:48.234+0000] {processor.py:161} INFO - Started process (PID=2681) to work on /home/airflow/dags/model_training_dag.py
[2026-04-27T00:52:48.235+0000] {processor.py:830} INFO - Processing file /home/airflow/dags/model_training_dag.py for tasks to queue
[2026-04-27T00:52:48.236+0000] {logging_mixin.py:188} INFO - [2026-04-27T00:52:48.236+0000] {dagbag.py:538} INFO - Filling up the DagBag from /home/airflow/dags/model_training_dag.py
[2026-04-27T00:52:49.112+0000] {processor.py:840} INFO - DAG(s) 'model_training_pipeline' retrieved from /home/airflow/dags/model_training_dag.py
[2026-04-27T00:52:49.137+0000] {logging_mixin.py:188} INFO - [2026-04-27T00:52:49.137+0000] {dag.py:3036} INFO - Sync 1 DAGs
[2026-04-27T00:52:49.161+0000] {logging_mixin.py:188} INFO - [2026-04-27T00:52:49.161+0000] {dag.py:3823} INFO - Setting next_dagrun for model_training_pipeline to 2026-04-26 00:00:00+00:00, run_after=2026-05-03 00:00:00+00:00
[2026-04-27T00:52:49.184+0000] {processor.py:183} INFO - Processing /home/airflow/dags/model_training_dag.py took 0.953 seconds
[2026-04-27T00:53:19.540+0000] {processor.py:161} INFO - Started process (PID=2726) to work on /home/airflow/dags/model_training_dag.py
[2026-04-27T00:53:19.541+0000] {processor.py:830} INFO - Processing file /home/airflow/dags/model_training_dag.py for tasks to queue
[2026-04-27T00:53:19.542+0000] {logging_mixin.py:188} INFO - [2026-04-27T00:53:19.542+0000] {dagbag.py:538} INFO - Filling up the DagBag from /home/airflow/dags/model_training_dag.py
[2026-04-27T00:53:20.326+0000] {processor.py:840} INFO - DAG(s) 'model_training_pipeline' retrieved from /home/airflow/dags/model_training_dag.py
[2026-04-27T00:53:20.345+0000] {logging_mixin.py:188} INFO - [2026-04-27T00:53:20.345+0000] {dag.py:3036} INFO - Sync 1 DAGs
[2026-04-27T00:53:20.362+0000] {logging_mixin.py:188} INFO - [2026-04-27T00:53:20.362+0000] {dag.py:3823} INFO - Setting next_dagrun for model_training_pipeline to 2026-04-26 00:00:00+00:00, run_after=2026-05-03 00:00:00+00:00
[2026-04-27T00:53:20.385+0000] {processor.py:183} INFO - Processing /home/airflow/dags/model_training_dag.py took 0.848 seconds
[2026-04-27T00:53:50.466+0000] {processor.py:161} INFO - Started process (PID=2771) to work on /home/airflow/dags/model_training_dag.py
[2026-04-27T00:53:50.467+0000] {processor.py:830} INFO - Processing file /home/airflow/dags/model_training_dag.py for tasks to queue
[2026-04-27T00:53:50.468+0000] {logging_mixin.py:188} INFO - [2026-04-27T00:53:50.468+0000] {dagbag.py:538} INFO - Filling up the DagBag from /home/airflow/dags/model_training_dag.py
[2026-04-27T00:53:51.264+0000] {processor.py:840} INFO - DAG(s) 'model_training_pipeline' retrieved from /home/airflow/dags/model_training_dag.py
[2026-04-27T00:53:51.284+0000] {logging_mixin.py:188} INFO - [2026-04-27T00:53:51.284+0000] {dag.py:3036} INFO - Sync 1 DAGs
[2026-04-27T00:53:51.300+0000] {logging_mixin.py:188} INFO - [2026-04-27T00:53:51.300+0000] {dag.py:3823} INFO - Setting next_dagrun for model_training_pipeline to 2026-04-26 00:00:00+00:00, run_after=2026-05-03 00:00:00+00:00
[2026-04-27T00:53:51.323+0000] {processor.py:183} INFO - Processing /home/airflow/dags/model_training_dag.py took 0.860 seconds
[2026-04-27T00:54:21.545+0000] {processor.py:161} INFO - Started process (PID=2816) to work on /home/airflow/dags/model_training_dag.py
[2026-04-27T00:54:21.546+0000] {processor.py:830} INFO - Processing file /home/airflow/dags/model_training_dag.py for tasks to queue
[2026-04-27T00:54:21.547+0000] {logging_mixin.py:188} INFO - [2026-04-27T00:54:21.547+0000] {dagbag.py:538} INFO - Filling up the DagBag from /home/airflow/dags/model_training_dag.py
[2026-04-27T00:54:22.403+0000] {processor.py:840} INFO - DAG(s) 'model_training_pipeline' retrieved from /home/airflow/dags/model_training_dag.py
[2026-04-27T00:54:22.424+0000] {logging_mixin.py:188} INFO - [2026-04-27T00:54:22.424+0000] {dag.py:3036} INFO - Sync 1 DAGs
[2026-04-27T00:54:22.442+0000] {logging_mixin.py:188} INFO - [2026-04-27T00:54:22.442+0000] {dag.py:3823} INFO - Setting next_dagrun for model_training_pipeline to 2026-04-26 00:00:00+00:00, run_after=2026-05-03 00:00:00+00:00
[2026-04-27T00:54:22.465+0000] {processor.py:183} INFO - Processing /home/airflow/dags/model_training_dag.py took 0.924 seconds
[2026-04-27T00:54:52.687+0000] {processor.py:161} INFO - Started process (PID=2861) to work on /home/airflow/dags/model_training_dag.py
[2026-04-27T00:54:52.689+0000] {processor.py:830} INFO - Processing file /home/airflow/dags/model_training_dag.py for tasks to queue
[2026-04-27T00:54:52.690+0000] {logging_mixin.py:188} INFO - [2026-04-27T00:54:52.689+0000] {dagbag.py:538} INFO - Filling up the DagBag from /home/airflow/dags/model_training_dag.py
[2026-04-27T00:54:53.696+0000] {processor.py:840} INFO - DAG(s) 'model_training_pipeline' retrieved from /home/airflow/dags/model_training_dag.py
[2026-04-27T00:54:53.717+0000] {logging_mixin.py:188} INFO - [2026-04-27T00:54:53.717+0000] {dag.py:3036} INFO - Sync 1 DAGs
[2026-04-27T00:54:53.736+0000] {logging_mixin.py:188} INFO - [2026-04-27T00:54:53.735+0000] {dag.py:3823} INFO - Setting next_dagrun for model_training_pipeline to 2026-04-26 00:00:00+00:00, run_after=2026-05-03 00:00:00+00:00
[2026-04-27T00:54:53.757+0000] {processor.py:183} INFO - Processing /home/airflow/dags/model_training_dag.py took 1.073 seconds
[2026-04-27T00:55:23.870+0000] {processor.py:161} INFO - Started process (PID=2906) to work on /home/airflow/dags/model_training_dag.py
[2026-04-27T00:55:23.871+0000] {processor.py:830} INFO - Processing file /home/airflow/dags/model_training_dag.py for tasks to queue
[2026-04-27T00:55:23.872+0000] {logging_mixin.py:188} INFO - [2026-04-27T00:55:23.872+0000] {dagbag.py:538} INFO - Filling up the DagBag from /home/airflow/dags/model_training_dag.py
[2026-04-27T00:55:24.671+0000] {processor.py:840} INFO - DAG(s) 'model_training_pipeline' retrieved from /home/airflow/dags/model_training_dag.py
[2026-04-27T00:55:24.692+0000] {logging_mixin.py:188} INFO - [2026-04-27T00:55:24.691+0000] {dag.py:3036} INFO - Sync 1 DAGs
[2026-04-27T00:55:24.715+0000] {logging_mixin.py:188} INFO - [2026-04-27T00:55:24.714+0000] {dag.py:3823} INFO - Setting next_dagrun for model_training_pipeline to 2026-04-26 00:00:00+00:00, run_after=2026-05-03 00:00:00+00:00
[2026-04-27T00:55:24.752+0000] {processor.py:183} INFO - Processing /home/airflow/dags/model_training_dag.py took 0.884 seconds
[2026-04-27T00:55:54.894+0000] {processor.py:161} INFO - Started process (PID=2951) to work on /home/airflow/dags/model_training_dag.py
[2026-04-27T00:55:54.895+0000] {processor.py:830} INFO - Processing file /home/airflow/dags/model_training_dag.py for tasks to queue
[2026-04-27T00:55:54.897+0000] {logging_mixin.py:188} INFO - [2026-04-27T00:55:54.896+0000] {dagbag.py:538} INFO - Filling up the DagBag from /home/airflow/dags/model_training_dag.py
[2026-04-27T00:55:55.703+0000] {processor.py:840} INFO - DAG(s) 'model_training_pipeline' retrieved from /home/airflow/dags/model_training_dag.py
[2026-04-27T00:55:55.728+0000] {logging_mixin.py:188} INFO - [2026-04-27T00:55:55.727+0000] {dag.py:3036} INFO - Sync 1 DAGs
[2026-04-27T00:55:55.748+0000] {logging_mixin.py:188} INFO - [2026-04-27T00:55:55.747+0000] {dag.py:3823} INFO - Setting next_dagrun for model_training_pipeline to 2026-04-26 00:00:00+00:00, run_after=2026-05-03 00:00:00+00:00
[2026-04-27T00:55:55.770+0000] {processor.py:183} INFO - Processing /home/airflow/dags/model_training_dag.py took 0.880 seconds
[2026-04-27T00:56:25.872+0000] {processor.py:161} INFO - Started process (PID=2996) to work on /home/airflow/dags/model_training_dag.py
[2026-04-27T00:56:25.874+0000] {processor.py:830} INFO - Processing file /home/airflow/dags/model_training_dag.py for tasks to queue
[2026-04-27T00:56:25.875+0000] {logging_mixin.py:188} INFO - [2026-04-27T00:56:25.875+0000] {dagbag.py:538} INFO - Filling up the DagBag from /home/airflow/dags/model_training_dag.py
[2026-04-27T00:56:26.813+0000] {processor.py:840} INFO - DAG(s) 'model_training_pipeline' retrieved from /home/airflow/dags/model_training_dag.py
[2026-04-27T00:56:26.831+0000] {logging_mixin.py:188} INFO - [2026-04-27T00:56:26.831+0000] {dag.py:3036} INFO - Sync 1 DAGs
[2026-04-27T00:56:26.848+0000] {logging_mixin.py:188} INFO - [2026-04-27T00:56:26.848+0000] {dag.py:3823} INFO - Setting next_dagrun for model_training_pipeline to 2026-04-26 00:00:00+00:00, run_after=2026-05-03 00:00:00+00:00
[2026-04-27T00:56:26.869+0000] {processor.py:183} INFO - Processing /home/airflow/dags/model_training_dag.py took 1.000 seconds
[2026-04-27T00:56:56.971+0000] {processor.py:161} INFO - Started process (PID=3041) to work on /home/airflow/dags/model_training_dag.py
[2026-04-27T00:56:56.972+0000] {processor.py:830} INFO - Processing file /home/airflow/dags/model_training_dag.py for tasks to queue
[2026-04-27T00:56:56.973+0000] {logging_mixin.py:188} INFO - [2026-04-27T00:56:56.973+0000] {dagbag.py:538} INFO - Filling up the DagBag from /home/airflow/dags/model_training_dag.py
[2026-04-27T00:56:57.754+0000] {processor.py:840} INFO - DAG(s) 'model_training_pipeline' retrieved from /home/airflow/dags/model_training_dag.py
[2026-04-27T00:56:57.774+0000] {logging_mixin.py:188} INFO - [2026-04-27T00:56:57.773+0000] {dag.py:3036} INFO - Sync 1 DAGs
[2026-04-27T00:56:57.789+0000] {logging_mixin.py:188} INFO - [2026-04-27T00:56:57.788+0000] {dag.py:3823} INFO - Setting next_dagrun for model_training_pipeline to 2026-04-26 00:00:00+00:00, run_after=2026-05-03 00:00:00+00:00
[2026-04-27T00:56:57.809+0000] {processor.py:183} INFO - Processing /home/airflow/dags/model_training_dag.py took 0.842 seconds
[2026-04-27T00:57:27.978+0000] {processor.py:161} INFO - Started process (PID=3086) to work on /home/airflow/dags/model_training_dag.py
[2026-04-27T00:57:27.979+0000] {processor.py:830} INFO - Processing file /home/airflow/dags/model_training_dag.py for tasks to queue
[2026-04-27T00:57:27.980+0000] {logging_mixin.py:188} INFO - [2026-04-27T00:57:27.980+0000] {dagbag.py:538} INFO - Filling up the DagBag from /home/airflow/dags/model_training_dag.py
[2026-04-27T00:57:28.906+0000] {processor.py:840} INFO - DAG(s) 'model_training_pipeline' retrieved from /home/airflow/dags/model_training_dag.py
[2026-04-27T00:57:29.077+0000] {logging_mixin.py:188} INFO - [2026-04-27T00:57:29.077+0000] {dag.py:3036} INFO - Sync 1 DAGs
[2026-04-27T00:57:29.097+0000] {logging_mixin.py:188} INFO - [2026-04-27T00:57:29.097+0000] {dag.py:3823} INFO - Setting next_dagrun for model_training_pipeline to 2026-04-26 00:00:00+00:00, run_after=2026-05-03 00:00:00+00:00
[2026-04-27T00:57:29.121+0000] {processor.py:183} INFO - Processing /home/airflow/dags/model_training_dag.py took 1.146 seconds
[2026-04-27T00:57:59.307+0000] {processor.py:161} INFO - Started process (PID=3131) to work on /home/airflow/dags/model_training_dag.py
[2026-04-27T00:57:59.308+0000] {processor.py:830} INFO - Processing file /home/airflow/dags/model_training_dag.py for tasks to queue
[2026-04-27T00:57:59.309+0000] {logging_mixin.py:188} INFO - [2026-04-27T00:57:59.309+0000] {dagbag.py:538} INFO - Filling up the DagBag from /home/airflow/dags/model_training_dag.py
[2026-04-27T00:58:00.307+0000] {processor.py:840} INFO - DAG(s) 'model_training_pipeline' retrieved from /home/airflow/dags/model_training_dag.py
[2026-04-27T00:58:00.447+0000] {logging_mixin.py:188} INFO - [2026-04-27T00:58:00.447+0000] {dag.py:3036} INFO - Sync 1 DAGs
[2026-04-27T00:58:00.471+0000] {logging_mixin.py:188} INFO - [2026-04-27T00:58:00.471+0000] {dag.py:3823} INFO - Setting next_dagrun for model_training_pipeline to 2026-04-26 00:00:00+00:00, run_after=2026-05-03 00:00:00+00:00
[2026-04-27T00:58:00.498+0000] {processor.py:183} INFO - Processing /home/airflow/dags/model_training_dag.py took 1.195 seconds
[2026-04-27T00:58:30.793+0000] {processor.py:161} INFO - Started process (PID=3176) to work on /home/airflow/dags/model_training_dag.py
[2026-04-27T00:58:30.794+0000] {processor.py:830} INFO - Processing file /home/airflow/dags/model_training_dag.py for tasks to queue
[2026-04-27T00:58:30.795+0000] {logging_mixin.py:188} INFO - [2026-04-27T00:58:30.794+0000] {dagbag.py:538} INFO - Filling up the DagBag from /home/airflow/dags/model_training_dag.py
[2026-04-27T00:58:31.580+0000] {processor.py:840} INFO - DAG(s) 'model_training_pipeline' retrieved from /home/airflow/dags/model_training_dag.py
[2026-04-27T00:58:31.694+0000] {logging_mixin.py:188} INFO - [2026-04-27T00:58:31.694+0000] {dag.py:3036} INFO - Sync 1 DAGs
[2026-04-27T00:58:31.709+0000] {logging_mixin.py:188} INFO - [2026-04-27T00:58:31.709+0000] {dag.py:3823} INFO - Setting next_dagrun for model_training_pipeline to 2026-04-26 00:00:00+00:00, run_after=2026-05-03 00:00:00+00:00
[2026-04-27T00:58:31.730+0000] {processor.py:183} INFO - Processing /home/airflow/dags/model_training_dag.py took 0.940 seconds
[2026-04-27T00:59:01.787+0000] {processor.py:161} INFO - Started process (PID=3221) to work on /home/airflow/dags/model_training_dag.py
[2026-04-27T00:59:01.789+0000] {processor.py:830} INFO - Processing file /home/airflow/dags/model_training_dag.py for tasks to queue
[2026-04-27T00:59:01.790+0000] {logging_mixin.py:188} INFO - [2026-04-27T00:59:01.789+0000] {dagbag.py:538} INFO - Filling up the DagBag from /home/airflow/dags/model_training_dag.py
[2026-04-27T00:59:02.674+0000] {processor.py:840} INFO - DAG(s) 'model_training_pipeline' retrieved from /home/airflow/dags/model_training_dag.py
[2026-04-27T00:59:02.694+0000] {logging_mixin.py:188} INFO - [2026-04-27T00:59:02.694+0000] {dag.py:3036} INFO - Sync 1 DAGs
[2026-04-27T00:59:02.711+0000] {logging_mixin.py:188} INFO - [2026-04-27T00:59:02.711+0000] {dag.py:3823} INFO - Setting next_dagrun for model_training_pipeline to 2026-04-26 00:00:00+00:00, run_after=2026-05-03 00:00:00+00:00
[2026-04-27T00:59:02.732+0000] {processor.py:183} INFO - Processing /home/airflow/dags/model_training_dag.py took 0.949 seconds
[2026-04-27T00:59:32.813+0000] {processor.py:161} INFO - Started process (PID=3266) to work on /home/airflow/dags/model_training_dag.py
[2026-04-27T00:59:32.814+0000] {processor.py:830} INFO - Processing file /home/airflow/dags/model_training_dag.py for tasks to queue
[2026-04-27T00:59:32.815+0000] {logging_mixin.py:188} INFO - [2026-04-27T00:59:32.815+0000] {dagbag.py:538} INFO - Filling up the DagBag from /home/airflow/dags/model_training_dag.py
[2026-04-27T00:59:33.892+0000] {processor.py:840} INFO - DAG(s) 'model_training_pipeline' retrieved from /home/airflow/dags/model_training_dag.py
[2026-04-27T00:59:33.911+0000] {logging_mixin.py:188} INFO - [2026-04-27T00:59:33.911+0000] {dag.py:3036} INFO - Sync 1 DAGs
[2026-04-27T00:59:33.926+0000] {logging_mixin.py:188} INFO - [2026-04-27T00:59:33.926+0000] {dag.py:3823} INFO - Setting next_dagrun for model_training_pipeline to 2026-04-26 00:00:00+00:00, run_after=2026-05-03 00:00:00+00:00
[2026-04-27T00:59:33.947+0000] {processor.py:183} INFO - Processing /home/airflow/dags/model_training_dag.py took 1.139 seconds
[2026-04-27T01:00:04.096+0000] {processor.py:161} INFO - Started process (PID=3311) to work on /home/airflow/dags/model_training_dag.py
[2026-04-27T01:00:04.097+0000] {processor.py:830} INFO - Processing file /home/airflow/dags/model_training_dag.py for tasks to queue
[2026-04-27T01:00:04.098+0000] {logging_mixin.py:188} INFO - [2026-04-27T01:00:04.098+0000] {dagbag.py:538} INFO - Filling up the DagBag from /home/airflow/dags/model_training_dag.py
[2026-04-27T01:00:04.948+0000] {processor.py:840} INFO - DAG(s) 'model_training_pipeline' retrieved from /home/airflow/dags/model_training_dag.py
[2026-04-27T01:00:04.968+0000] {logging_mixin.py:188} INFO - [2026-04-27T01:00:04.968+0000] {dag.py:3036} INFO - Sync 1 DAGs
[2026-04-27T01:00:04.987+0000] {logging_mixin.py:188} INFO - [2026-04-27T01:00:04.987+0000] {dag.py:3823} INFO - Setting next_dagrun for model_training_pipeline to 2026-04-26 00:00:00+00:00, run_after=2026-05-03 00:00:00+00:00
[2026-04-27T01:00:05.019+0000] {processor.py:183} INFO - Processing /home/airflow/dags/model_training_dag.py took 0.925 seconds
[2026-04-27T01:00:35.255+0000] {processor.py:161} INFO - Started process (PID=3356) to work on /home/airflow/dags/model_training_dag.py
[2026-04-27T01:00:35.257+0000] {processor.py:830} INFO - Processing file /home/airflow/dags/model_training_dag.py for tasks to queue
[2026-04-27T01:00:35.258+0000] {logging_mixin.py:188} INFO - [2026-04-27T01:00:35.258+0000] {dagbag.py:538} INFO - Filling up the DagBag from /home/airflow/dags/model_training_dag.py
[2026-04-27T01:00:36.231+0000] {processor.py:840} INFO - DAG(s) 'model_training_pipeline' retrieved from /home/airflow/dags/model_training_dag.py
[2026-04-27T01:00:36.252+0000] {logging_mixin.py:188} INFO - [2026-04-27T01:00:36.252+0000] {dag.py:3036} INFO - Sync 1 DAGs
[2026-04-27T01:00:36.271+0000] {logging_mixin.py:188} INFO - [2026-04-27T01:00:36.270+0000] {dag.py:3823} INFO - Setting next_dagrun for model_training_pipeline to 2026-04-26 00:00:00+00:00, run_after=2026-05-03 00:00:00+00:00
[2026-04-27T01:00:36.296+0000] {processor.py:183} INFO - Processing /home/airflow/dags/model_training_dag.py took 1.044 seconds
[2026-04-27T01:01:06.449+0000] {processor.py:161} INFO - Started process (PID=3401) to work on /home/airflow/dags/model_training_dag.py
[2026-04-27T01:01:06.450+0000] {processor.py:830} INFO - Processing file /home/airflow/dags/model_training_dag.py for tasks to queue
[2026-04-27T01:01:06.451+0000] {logging_mixin.py:188} INFO - [2026-04-27T01:01:06.451+0000] {dagbag.py:538} INFO - Filling up the DagBag from /home/airflow/dags/model_training_dag.py
[2026-04-27T01:01:07.479+0000] {processor.py:840} INFO - DAG(s) 'model_training_pipeline' retrieved from /home/airflow/dags/model_training_dag.py
[2026-04-27T01:01:07.499+0000] {logging_mixin.py:188} INFO - [2026-04-27T01:01:07.499+0000] {dag.py:3036} INFO - Sync 1 DAGs
[2026-04-27T01:01:07.516+0000] {logging_mixin.py:188} INFO - [2026-04-27T01:01:07.516+0000] {dag.py:3823} INFO - Setting next_dagrun for model_training_pipeline to 2026-04-26 00:00:00+00:00, run_after=2026-05-03 00:00:00+00:00
[2026-04-27T01:01:07.536+0000] {processor.py:183} INFO - Processing /home/airflow/dags/model_training_dag.py took 1.091 seconds
[2026-04-27T01:01:37.896+0000] {processor.py:161} INFO - Started process (PID=3446) to work on /home/airflow/dags/model_training_dag.py
[2026-04-27T01:01:37.897+0000] {processor.py:830} INFO - Processing file /home/airflow/dags/model_training_dag.py for tasks to queue
[2026-04-27T01:01:37.898+0000] {logging_mixin.py:188} INFO - [2026-04-27T01:01:37.898+0000] {dagbag.py:538} INFO - Filling up the DagBag from /home/airflow/dags/model_training_dag.py
[2026-04-27T01:01:38.958+0000] {processor.py:840} INFO - DAG(s) 'model_training_pipeline' retrieved from /home/airflow/dags/model_training_dag.py
[2026-04-27T01:01:38.980+0000] {logging_mixin.py:188} INFO - [2026-04-27T01:01:38.980+0000] {dag.py:3036} INFO - Sync 1 DAGs
[2026-04-27T01:01:39.005+0000] {logging_mixin.py:188} INFO - [2026-04-27T01:01:39.005+0000] {dag.py:3823} INFO - Setting next_dagrun for model_training_pipeline to 2026-04-26 00:00:00+00:00, run_after=2026-05-03 00:00:00+00:00
[2026-04-27T01:01:39.033+0000] {processor.py:183} INFO - Processing /home/airflow/dags/model_training_dag.py took 1.140 seconds
[2026-04-27T01:02:09.183+0000] {processor.py:161} INFO - Started process (PID=3491) to work on /home/airflow/dags/model_training_dag.py
[2026-04-27T01:02:09.184+0000] {processor.py:830} INFO - Processing file /home/airflow/dags/model_training_dag.py for tasks to queue
[2026-04-27T01:02:09.186+0000] {logging_mixin.py:188} INFO - [2026-04-27T01:02:09.186+0000] {dagbag.py:538} INFO - Filling up the DagBag from /home/airflow/dags/model_training_dag.py
[2026-04-27T01:02:10.128+0000] {processor.py:840} INFO - DAG(s) 'model_training_pipeline' retrieved from /home/airflow/dags/model_training_dag.py
[2026-04-27T01:02:10.149+0000] {logging_mixin.py:188} INFO - [2026-04-27T01:02:10.149+0000] {dag.py:3036} INFO - Sync 1 DAGs
[2026-04-27T01:02:10.166+0000] {logging_mixin.py:188} INFO - [2026-04-27T01:02:10.166+0000] {dag.py:3823} INFO - Setting next_dagrun for model_training_pipeline to 2026-04-26 00:00:00+00:00, run_after=2026-05-03 00:00:00+00:00
[2026-04-27T01:02:10.191+0000] {processor.py:183} INFO - Processing /home/airflow/dags/model_training_dag.py took 1.014 seconds
[2026-04-27T01:02:40.437+0000] {processor.py:161} INFO - Started process (PID=3536) to work on /home/airflow/dags/model_training_dag.py
[2026-04-27T01:02:40.438+0000] {processor.py:830} INFO - Processing file /home/airflow/dags/model_training_dag.py for tasks to queue
[2026-04-27T01:02:40.440+0000] {logging_mixin.py:188} INFO - [2026-04-27T01:02:40.439+0000] {dagbag.py:538} INFO - Filling up the DagBag from /home/airflow/dags/model_training_dag.py
[2026-04-27T01:02:41.681+0000] {processor.py:840} INFO - DAG(s) 'model_training_pipeline' retrieved from /home/airflow/dags/model_training_dag.py
[2026-04-27T01:02:41.705+0000] {logging_mixin.py:188} INFO - [2026-04-27T01:02:41.704+0000] {dag.py:3036} INFO - Sync 1 DAGs
[2026-04-27T01:02:41.727+0000] {logging_mixin.py:188} INFO - [2026-04-27T01:02:41.727+0000] {dag.py:3823} INFO - Setting next_dagrun for model_training_pipeline to 2026-04-26 00:00:00+00:00, run_after=2026-05-03 00:00:00+00:00
[2026-04-27T01:02:41.753+0000] {processor.py:183} INFO - Processing /home/airflow/dags/model_training_dag.py took 1.322 seconds
[2026-04-27T01:03:12.129+0000] {processor.py:161} INFO - Started process (PID=3581) to work on /home/airflow/dags/model_training_dag.py
[2026-04-27T01:03:12.130+0000] {processor.py:830} INFO - Processing file /home/airflow/dags/model_training_dag.py for tasks to queue
[2026-04-27T01:03:12.131+0000] {logging_mixin.py:188} INFO - [2026-04-27T01:03:12.131+0000] {dagbag.py:538} INFO - Filling up the DagBag from /home/airflow/dags/model_training_dag.py
[2026-04-27T01:03:13.114+0000] {processor.py:840} INFO - DAG(s) 'model_training_pipeline' retrieved from /home/airflow/dags/model_training_dag.py
[2026-04-27T01:03:13.145+0000] {logging_mixin.py:188} INFO - [2026-04-27T01:03:13.144+0000] {dag.py:3036} INFO - Sync 1 DAGs
[2026-04-27T01:03:13.166+0000] {logging_mixin.py:188} INFO - [2026-04-27T01:03:13.166+0000] {dag.py:3823} INFO - Setting next_dagrun for model_training_pipeline to 2026-04-26 00:00:00+00:00, run_after=2026-05-03 00:00:00+00:00
[2026-04-27T01:03:13.186+0000] {processor.py:183} INFO - Processing /home/airflow/dags/model_training_dag.py took 1.060 seconds
[2026-04-27T01:03:43.650+0000] {processor.py:161} INFO - Started process (PID=3626) to work on /home/airflow/dags/model_training_dag.py
[2026-04-27T01:03:43.652+0000] {processor.py:830} INFO - Processing file /home/airflow/dags/model_training_dag.py for tasks to queue
[2026-04-27T01:03:43.654+0000] {logging_mixin.py:188} INFO - [2026-04-27T01:03:43.654+0000] {dagbag.py:538} INFO - Filling up the DagBag from /home/airflow/dags/model_training_dag.py
[2026-04-27T01:03:44.756+0000] {processor.py:840} INFO - DAG(s) 'model_training_pipeline' retrieved from /home/airflow/dags/model_training_dag.py
[2026-04-27T01:03:44.779+0000] {logging_mixin.py:188} INFO - [2026-04-27T01:03:44.778+0000] {dag.py:3036} INFO - Sync 1 DAGs
[2026-04-27T01:03:44.801+0000] {logging_mixin.py:188} INFO - [2026-04-27T01:03:44.801+0000] {dag.py:3823} INFO - Setting next_dagrun for model_training_pipeline to 2026-04-26 00:00:00+00:00, run_after=2026-05-03 00:00:00+00:00
[2026-04-27T01:03:44.825+0000] {processor.py:183} INFO - Processing /home/airflow/dags/model_training_dag.py took 1.181 seconds
[2026-04-27T01:04:15.186+0000] {processor.py:161} INFO - Started process (PID=3671) to work on /home/airflow/dags/model_training_dag.py
[2026-04-27T01:04:15.187+0000] {processor.py:830} INFO - Processing file /home/airflow/dags/model_training_dag.py for tasks to queue
[2026-04-27T01:04:15.188+0000] {logging_mixin.py:188} INFO - [2026-04-27T01:04:15.188+0000] {dagbag.py:538} INFO - Filling up the DagBag from /home/airflow/dags/model_training_dag.py
[2026-04-27T01:04:16.085+0000] {processor.py:840} INFO - DAG(s) 'model_training_pipeline' retrieved from /home/airflow/dags/model_training_dag.py
[2026-04-27T01:04:16.107+0000] {logging_mixin.py:188} INFO - [2026-04-27T01:04:16.107+0000] {dag.py:3036} INFO - Sync 1 DAGs
[2026-04-27T01:04:16.128+0000] {logging_mixin.py:188} INFO - [2026-04-27T01:04:16.128+0000] {dag.py:3823} INFO - Setting next_dagrun for model_training_pipeline to 2026-04-26 00:00:00+00:00, run_after=2026-05-03 00:00:00+00:00
[2026-04-27T01:04:16.155+0000] {processor.py:183} INFO - Processing /home/airflow/dags/model_training_dag.py took 0.972 seconds
[2026-04-27T01:04:46.626+0000] {processor.py:161} INFO - Started process (PID=3716) to work on /home/airflow/dags/model_training_dag.py
[2026-04-27T01:04:46.627+0000] {processor.py:830} INFO - Processing file /home/airflow/dags/model_training_dag.py for tasks to queue
[2026-04-27T01:04:46.628+0000] {logging_mixin.py:188} INFO - [2026-04-27T01:04:46.628+0000] {dagbag.py:538} INFO - Filling up the DagBag from /home/airflow/dags/model_training_dag.py
[2026-04-27T01:04:47.399+0000] {processor.py:840} INFO - DAG(s) 'model_training_pipeline' retrieved from /home/airflow/dags/model_training_dag.py
[2026-04-27T01:04:47.419+0000] {logging_mixin.py:188} INFO - [2026-04-27T01:04:47.419+0000] {dag.py:3036} INFO - Sync 1 DAGs
[2026-04-27T01:04:47.435+0000] {logging_mixin.py:188} INFO - [2026-04-27T01:04:47.435+0000] {dag.py:3823} INFO - Setting next_dagrun for model_training_pipeline to 2026-04-26 00:00:00+00:00, run_after=2026-05-03 00:00:00+00:00
[2026-04-27T01:04:47.456+0000] {processor.py:183} INFO - Processing /home/airflow/dags/model_training_dag.py took 0.833 seconds
[2026-04-27T01:05:17.833+0000] {processor.py:161} INFO - Started process (PID=3761) to work on /home/airflow/dags/model_training_dag.py
[2026-04-27T01:05:17.834+0000] {processor.py:830} INFO - Processing file /home/airflow/dags/model_training_dag.py for tasks to queue
[2026-04-27T01:05:17.835+0000] {logging_mixin.py:188} INFO - [2026-04-27T01:05:17.834+0000] {dagbag.py:538} INFO - Filling up the DagBag from /home/airflow/dags/model_training_dag.py
[2026-04-27T01:05:18.643+0000] {processor.py:840} INFO - DAG(s) 'model_training_pipeline' retrieved from /home/airflow/dags/model_training_dag.py
[2026-04-27T01:05:18.665+0000] {logging_mixin.py:188} INFO - [2026-04-27T01:05:18.664+0000] {dag.py:3036} INFO - Sync 1 DAGs
[2026-04-27T01:05:18.681+0000] {logging_mixin.py:188} INFO - [2026-04-27T01:05:18.680+0000] {dag.py:3823} INFO - Setting next_dagrun for model_training_pipeline to 2026-04-26 00:00:00+00:00, run_after=2026-05-03 00:00:00+00:00
[2026-04-27T01:05:18.703+0000] {processor.py:183} INFO - Processing /home/airflow/dags/model_training_dag.py took 0.874 seconds
[2026-04-27T01:05:49.051+0000] {processor.py:161} INFO - Started process (PID=3806) to work on /home/airflow/dags/model_training_dag.py
[2026-04-27T01:05:49.053+0000] {processor.py:830} INFO - Processing file /home/airflow/dags/model_training_dag.py for tasks to queue
[2026-04-27T01:05:49.054+0000] {logging_mixin.py:188} INFO - [2026-04-27T01:05:49.054+0000] {dagbag.py:538} INFO - Filling up the DagBag from /home/airflow/dags/model_training_dag.py
[2026-04-27T01:05:49.959+0000] {processor.py:840} INFO - DAG(s) 'model_training_pipeline' retrieved from /home/airflow/dags/model_training_dag.py
[2026-04-27T01:05:49.979+0000] {logging_mixin.py:188} INFO - [2026-04-27T01:05:49.978+0000] {dag.py:3036} INFO - Sync 1 DAGs
[2026-04-27T01:05:49.994+0000] {logging_mixin.py:188} INFO - [2026-04-27T01:05:49.993+0000] {dag.py:3823} INFO - Setting next_dagrun for model_training_pipeline to 2026-04-26 00:00:00+00:00, run_after=2026-05-03 00:00:00+00:00
[2026-04-27T01:05:50.045+0000] {processor.py:183} INFO - Processing /home/airflow/dags/model_training_dag.py took 0.998 seconds
[2026-04-27T01:06:20.206+0000] {processor.py:161} INFO - Started process (PID=3851) to work on /home/airflow/dags/model_training_dag.py
[2026-04-27T01:06:20.207+0000] {processor.py:830} INFO - Processing file /home/airflow/dags/model_training_dag.py for tasks to queue
[2026-04-27T01:06:20.208+0000] {logging_mixin.py:188} INFO - [2026-04-27T01:06:20.208+0000] {dagbag.py:538} INFO - Filling up the DagBag from /home/airflow/dags/model_training_dag.py
[2026-04-27T01:06:21.002+0000] {processor.py:840} INFO - DAG(s) 'model_training_pipeline' retrieved from /home/airflow/dags/model_training_dag.py
[2026-04-27T01:06:21.022+0000] {logging_mixin.py:188} INFO - [2026-04-27T01:06:21.022+0000] {dag.py:3036} INFO - Sync 1 DAGs
[2026-04-27T01:06:21.037+0000] {logging_mixin.py:188} INFO - [2026-04-27T01:06:21.037+0000] {dag.py:3823} INFO - Setting next_dagrun for model_training_pipeline to 2026-04-26 00:00:00+00:00, run_after=2026-05-03 00:00:00+00:00
[2026-04-27T01:06:21.059+0000] {processor.py:183} INFO - Processing /home/airflow/dags/model_training_dag.py took 0.856 seconds
[2026-04-27T01:06:51.183+0000] {processor.py:161} INFO - Started process (PID=3896) to work on /home/airflow/dags/model_training_dag.py
[2026-04-27T01:06:51.184+0000] {processor.py:830} INFO - Processing file /home/airflow/dags/model_training_dag.py for tasks to queue
[2026-04-27T01:06:51.185+0000] {logging_mixin.py:188} INFO - [2026-04-27T01:06:51.184+0000] {dagbag.py:538} INFO - Filling up the DagBag from /home/airflow/dags/model_training_dag.py
[2026-04-27T01:06:51.977+0000] {processor.py:840} INFO - DAG(s) 'model_training_pipeline' retrieved from /home/airflow/dags/model_training_dag.py
[2026-04-27T01:06:51.997+0000] {logging_mixin.py:188} INFO - [2026-04-27T01:06:51.997+0000] {dag.py:3036} INFO - Sync 1 DAGs
[2026-04-27T01:06:52.012+0000] {logging_mixin.py:188} INFO - [2026-04-27T01:06:52.012+0000] {dag.py:3823} INFO - Setting next_dagrun for model_training_pipeline to 2026-04-26 00:00:00+00:00, run_after=2026-05-03 00:00:00+00:00
[2026-04-27T01:06:52.036+0000] {processor.py:183} INFO - Processing /home/airflow/dags/model_training_dag.py took 0.857 seconds
[2026-04-27T01:07:22.264+0000] {processor.py:161} INFO - Started process (PID=3941) to work on /home/airflow/dags/model_training_dag.py
[2026-04-27T01:07:22.265+0000] {processor.py:830} INFO - Processing file /home/airflow/dags/model_training_dag.py for tasks to queue
[2026-04-27T01:07:22.267+0000] {logging_mixin.py:188} INFO - [2026-04-27T01:07:22.266+0000] {dagbag.py:538} INFO - Filling up the DagBag from /home/airflow/dags/model_training_dag.py
[2026-04-27T01:07:23.474+0000] {processor.py:840} INFO - DAG(s) 'model_training_pipeline' retrieved from /home/airflow/dags/model_training_dag.py
[2026-04-27T01:07:23.494+0000] {logging_mixin.py:188} INFO - [2026-04-27T01:07:23.493+0000] {dag.py:3036} INFO - Sync 1 DAGs
[2026-04-27T01:07:23.512+0000] {logging_mixin.py:188} INFO - [2026-04-27T01:07:23.512+0000] {dag.py:3823} INFO - Setting next_dagrun for model_training_pipeline to 2026-04-26 00:00:00+00:00, run_after=2026-05-03 00:00:00+00:00
[2026-04-27T01:07:23.532+0000] {processor.py:183} INFO - Processing /home/airflow/dags/model_training_dag.py took 1.273 seconds
[2026-04-27T01:07:53.919+0000] {processor.py:161} INFO - Started process (PID=3986) to work on /home/airflow/dags/model_training_dag.py
[2026-04-27T01:07:53.920+0000] {processor.py:830} INFO - Processing file /home/airflow/dags/model_training_dag.py for tasks to queue
[2026-04-27T01:07:53.921+0000] {logging_mixin.py:188} INFO - [2026-04-27T01:07:53.921+0000] {dagbag.py:538} INFO - Filling up the DagBag from /home/airflow/dags/model_training_dag.py
[2026-04-27T01:07:54.724+0000] {processor.py:840} INFO - DAG(s) 'model_training_pipeline' retrieved from /home/airflow/dags/model_training_dag.py
[2026-04-27T01:07:54.744+0000] {logging_mixin.py:188} INFO - [2026-04-27T01:07:54.744+0000] {dag.py:3036} INFO - Sync 1 DAGs
[2026-04-27T01:07:54.760+0000] {logging_mixin.py:188} INFO - [2026-04-27T01:07:54.759+0000] {dag.py:3823} INFO - Setting next_dagrun for model_training_pipeline to 2026-04-26 00:00:00+00:00, run_after=2026-05-03 00:00:00+00:00
[2026-04-27T01:07:54.782+0000] {processor.py:183} INFO - Processing /home/airflow/dags/model_training_dag.py took 0.866 seconds
[2026-04-27T01:08:25.094+0000] {processor.py:161} INFO - Started process (PID=4031) to work on /home/airflow/dags/model_training_dag.py
[2026-04-27T01:08:25.096+0000] {processor.py:830} INFO - Processing file /home/airflow/dags/model_training_dag.py for tasks to queue
[2026-04-27T01:08:25.097+0000] {logging_mixin.py:188} INFO - [2026-04-27T01:08:25.096+0000] {dagbag.py:538} INFO - Filling up the DagBag from /home/airflow/dags/model_training_dag.py
[2026-04-27T01:08:26.012+0000] {processor.py:840} INFO - DAG(s) 'model_training_pipeline' retrieved from /home/airflow/dags/model_training_dag.py
[2026-04-27T01:08:26.034+0000] {logging_mixin.py:188} INFO - [2026-04-27T01:08:26.034+0000] {dag.py:3036} INFO - Sync 1 DAGs
[2026-04-27T01:08:26.051+0000] {logging_mixin.py:188} INFO - [2026-04-27T01:08:26.051+0000] {dag.py:3823} INFO - Setting next_dagrun for model_training_pipeline to 2026-04-26 00:00:00+00:00, run_after=2026-05-03 00:00:00+00:00
[2026-04-27T01:08:26.073+0000] {processor.py:183} INFO - Processing /home/airflow/dags/model_training_dag.py took 0.982 seconds
[2026-04-27T01:08:56.321+0000] {processor.py:161} INFO - Started process (PID=4076) to work on /home/airflow/dags/model_training_dag.py
[2026-04-27T01:08:56.323+0000] {processor.py:830} INFO - Processing file /home/airflow/dags/model_training_dag.py for tasks to queue
[2026-04-27T01:08:56.325+0000] {logging_mixin.py:188} INFO - [2026-04-27T01:08:56.324+0000] {dagbag.py:538} INFO - Filling up the DagBag from /home/airflow/dags/model_training_dag.py
[2026-04-27T01:08:57.147+0000] {processor.py:840} INFO - DAG(s) 'model_training_pipeline' retrieved from /home/airflow/dags/model_training_dag.py
[2026-04-27T01:08:57.168+0000] {logging_mixin.py:188} INFO - [2026-04-27T01:08:57.167+0000] {dag.py:3036} INFO - Sync 1 DAGs
[2026-04-27T01:08:57.183+0000] {logging_mixin.py:188} INFO - [2026-04-27T01:08:57.183+0000] {dag.py:3823} INFO - Setting next_dagrun for model_training_pipeline to 2026-04-26 00:00:00+00:00, run_after=2026-05-03 00:00:00+00:00
[2026-04-27T01:08:57.204+0000] {processor.py:183} INFO - Processing /home/airflow/dags/model_training_dag.py took 0.887 seconds
[2026-04-27T01:09:27.466+0000] {processor.py:161} INFO - Started process (PID=4121) to work on /home/airflow/dags/model_training_dag.py
[2026-04-27T01:09:27.467+0000] {processor.py:830} INFO - Processing file /home/airflow/dags/model_training_dag.py for tasks to queue
[2026-04-27T01:09:27.467+0000] {logging_mixin.py:188} INFO - [2026-04-27T01:09:27.467+0000] {dagbag.py:538} INFO - Filling up the DagBag from /home/airflow/dags/model_training_dag.py
[2026-04-27T01:09:28.296+0000] {processor.py:840} INFO - DAG(s) 'model_training_pipeline' retrieved from /home/airflow/dags/model_training_dag.py
[2026-04-27T01:09:28.316+0000] {logging_mixin.py:188} INFO - [2026-04-27T01:09:28.316+0000] {dag.py:3036} INFO - Sync 1 DAGs
[2026-04-27T01:09:28.332+0000] {logging_mixin.py:188} INFO - [2026-04-27T01:09:28.332+0000] {dag.py:3823} INFO - Setting next_dagrun for model_training_pipeline to 2026-04-26 00:00:00+00:00, run_after=2026-05-03 00:00:00+00:00
[2026-04-27T01:09:28.354+0000] {processor.py:183} INFO - Processing /home/airflow/dags/model_training_dag.py took 0.891 seconds
[2026-04-27T01:09:58.804+0000] {processor.py:161} INFO - Started process (PID=4166) to work on /home/airflow/dags/model_training_dag.py
[2026-04-27T01:09:58.806+0000] {processor.py:830} INFO - Processing file /home/airflow/dags/model_training_dag.py for tasks to queue
[2026-04-27T01:09:58.808+0000] {logging_mixin.py:188} INFO - [2026-04-27T01:09:58.807+0000] {dagbag.py:538} INFO - Filling up the DagBag from /home/airflow/dags/model_training_dag.py
[2026-04-27T01:09:59.775+0000] {processor.py:840} INFO - DAG(s) 'model_training_pipeline' retrieved from /home/airflow/dags/model_training_dag.py
[2026-04-27T01:09:59.797+0000] {logging_mixin.py:188} INFO - [2026-04-27T01:09:59.796+0000] {dag.py:3036} INFO - Sync 1 DAGs
[2026-04-27T01:09:59.813+0000] {logging_mixin.py:188} INFO - [2026-04-27T01:09:59.812+0000] {dag.py:3823} INFO - Setting next_dagrun for model_training_pipeline to 2026-04-26 00:00:00+00:00, run_after=2026-05-03 00:00:00+00:00
[2026-04-27T01:09:59.835+0000] {processor.py:183} INFO - Processing /home/airflow/dags/model_training_dag.py took 1.035 seconds
[2026-04-27T01:10:30.166+0000] {processor.py:161} INFO - Started process (PID=4211) to work on /home/airflow/dags/model_training_dag.py
[2026-04-27T01:10:30.167+0000] {processor.py:830} INFO - Processing file /home/airflow/dags/model_training_dag.py for tasks to queue
[2026-04-27T01:10:30.168+0000] {logging_mixin.py:188} INFO - [2026-04-27T01:10:30.168+0000] {dagbag.py:538} INFO - Filling up the DagBag from /home/airflow/dags/model_training_dag.py
[2026-04-27T01:10:31.191+0000] {processor.py:840} INFO - DAG(s) 'model_training_pipeline' retrieved from /home/airflow/dags/model_training_dag.py
[2026-04-27T01:10:31.215+0000] {logging_mixin.py:188} INFO - [2026-04-27T01:10:31.214+0000] {dag.py:3036} INFO - Sync 1 DAGs
[2026-04-27T01:10:31.234+0000] {logging_mixin.py:188} INFO - [2026-04-27T01:10:31.233+0000] {dag.py:3823} INFO - Setting next_dagrun for model_training_pipeline to 2026-04-26 00:00:00+00:00, run_after=2026-05-03 00:00:00+00:00
[2026-04-27T01:10:31.259+0000] {processor.py:183} INFO - Processing /home/airflow/dags/model_training_dag.py took 1.097 seconds
[2026-04-27T01:11:01.619+0000] {processor.py:161} INFO - Started process (PID=4256) to work on /home/airflow/dags/model_training_dag.py
[2026-04-27T01:11:01.621+0000] {processor.py:830} INFO - Processing file /home/airflow/dags/model_training_dag.py for tasks to queue
[2026-04-27T01:11:01.622+0000] {logging_mixin.py:188} INFO - [2026-04-27T01:11:01.622+0000] {dagbag.py:538} INFO - Filling up the DagBag from /home/airflow/dags/model_training_dag.py
[2026-04-27T01:11:02.452+0000] {processor.py:840} INFO - DAG(s) 'model_training_pipeline' retrieved from /home/airflow/dags/model_training_dag.py
[2026-04-27T01:11:02.471+0000] {logging_mixin.py:188} INFO - [2026-04-27T01:11:02.471+0000] {dag.py:3036} INFO - Sync 1 DAGs
[2026-04-27T01:11:02.488+0000] {logging_mixin.py:188} INFO - [2026-04-27T01:11:02.488+0000] {dag.py:3823} INFO - Setting next_dagrun for model_training_pipeline to 2026-04-26 00:00:00+00:00, run_after=2026-05-03 00:00:00+00:00
[2026-04-27T01:11:02.509+0000] {processor.py:183} INFO - Processing /home/airflow/dags/model_training_dag.py took 0.896 seconds
[2026-04-27T01:11:32.641+0000] {processor.py:161} INFO - Started process (PID=4301) to work on /home/airflow/dags/model_training_dag.py
[2026-04-27T01:11:32.642+0000] {processor.py:830} INFO - Processing file /home/airflow/dags/model_training_dag.py for tasks to queue
[2026-04-27T01:11:32.643+0000] {logging_mixin.py:188} INFO - [2026-04-27T01:11:32.643+0000] {dagbag.py:538} INFO - Filling up the DagBag from /home/airflow/dags/model_training_dag.py
[2026-04-27T01:11:33.511+0000] {processor.py:840} INFO - DAG(s) 'model_training_pipeline' retrieved from /home/airflow/dags/model_training_dag.py
[2026-04-27T01:11:33.539+0000] {logging_mixin.py:188} INFO - [2026-04-27T01:11:33.539+0000] {dag.py:3036} INFO - Sync 1 DAGs
[2026-04-27T01:11:33.558+0000] {logging_mixin.py:188} INFO - [2026-04-27T01:11:33.558+0000] {dag.py:3823} INFO - Setting next_dagrun for model_training_pipeline to 2026-04-26 00:00:00+00:00, run_after=2026-05-03 00:00:00+00:00
[2026-04-27T01:11:33.578+0000] {processor.py:183} INFO - Processing /home/airflow/dags/model_training_dag.py took 0.941 seconds
[2026-04-27T01:12:04.117+0000] {processor.py:161} INFO - Started process (PID=4346) to work on /home/airflow/dags/model_training_dag.py
[2026-04-27T01:12:04.118+0000] {processor.py:830} INFO - Processing file /home/airflow/dags/model_training_dag.py for tasks to queue
[2026-04-27T01:12:04.119+0000] {logging_mixin.py:188} INFO - [2026-04-27T01:12:04.119+0000] {dagbag.py:538} INFO - Filling up the DagBag from /home/airflow/dags/model_training_dag.py
[2026-04-27T01:12:04.912+0000] {processor.py:840} INFO - DAG(s) 'model_training_pipeline' retrieved from /home/airflow/dags/model_training_dag.py
[2026-04-27T01:12:04.931+0000] {logging_mixin.py:188} INFO - [2026-04-27T01:12:04.931+0000] {dag.py:3036} INFO - Sync 1 DAGs
[2026-04-27T01:12:04.949+0000] {logging_mixin.py:188} INFO - [2026-04-27T01:12:04.948+0000] {dag.py:3823} INFO - Setting next_dagrun for model_training_pipeline to 2026-04-26 00:00:00+00:00, run_after=2026-05-03 00:00:00+00:00
[2026-04-27T01:12:04.970+0000] {processor.py:183} INFO - Processing /home/airflow/dags/model_training_dag.py took 0.857 seconds
[2026-04-27T01:12:35.337+0000] {processor.py:161} INFO - Started process (PID=4391) to work on /home/airflow/dags/model_training_dag.py
[2026-04-27T01:12:35.338+0000] {processor.py:830} INFO - Processing file /home/airflow/dags/model_training_dag.py for tasks to queue
[2026-04-27T01:12:35.339+0000] {logging_mixin.py:188} INFO - [2026-04-27T01:12:35.339+0000] {dagbag.py:538} INFO - Filling up the DagBag from /home/airflow/dags/model_training_dag.py
[2026-04-27T01:12:36.213+0000] {processor.py:840} INFO - DAG(s) 'model_training_pipeline' retrieved from /home/airflow/dags/model_training_dag.py
[2026-04-27T01:12:36.233+0000] {logging_mixin.py:188} INFO - [2026-04-27T01:12:36.232+0000] {dag.py:3036} INFO - Sync 1 DAGs
[2026-04-27T01:12:36.248+0000] {logging_mixin.py:188} INFO - [2026-04-27T01:12:36.248+0000] {dag.py:3823} INFO - Setting next_dagrun for model_training_pipeline to 2026-04-26 00:00:00+00:00, run_after=2026-05-03 00:00:00+00:00
[2026-04-27T01:12:36.269+0000] {processor.py:183} INFO - Processing /home/airflow/dags/model_training_dag.py took 0.935 seconds
[2026-04-27T01:13:06.508+0000] {processor.py:161} INFO - Started process (PID=4436) to work on /home/airflow/dags/model_training_dag.py
[2026-04-27T01:13:06.510+0000] {processor.py:830} INFO - Processing file /home/airflow/dags/model_training_dag.py for tasks to queue
[2026-04-27T01:13:06.511+0000] {logging_mixin.py:188} INFO - [2026-04-27T01:13:06.510+0000] {dagbag.py:538} INFO - Filling up the DagBag from /home/airflow/dags/model_training_dag.py
[2026-04-27T01:13:07.379+0000] {processor.py:840} INFO - DAG(s) 'model_training_pipeline' retrieved from /home/airflow/dags/model_training_dag.py
[2026-04-27T01:13:07.403+0000] {logging_mixin.py:188} INFO - [2026-04-27T01:13:07.402+0000] {dag.py:3036} INFO - Sync 1 DAGs
[2026-04-27T01:13:07.421+0000] {logging_mixin.py:188} INFO - [2026-04-27T01:13:07.421+0000] {dag.py:3823} INFO - Setting next_dagrun for model_training_pipeline to 2026-04-26 00:00:00+00:00, run_after=2026-05-03 00:00:00+00:00
[2026-04-27T01:13:07.446+0000] {processor.py:183} INFO - Processing /home/airflow/dags/model_training_dag.py took 0.941 seconds
[2026-04-27T01:13:38.171+0000] {processor.py:161} INFO - Started process (PID=4481) to work on /home/airflow/dags/model_training_dag.py
[2026-04-27T01:13:38.172+0000] {processor.py:830} INFO - Processing file /home/airflow/dags/model_training_dag.py for tasks to queue
[2026-04-27T01:13:38.173+0000] {logging_mixin.py:188} INFO - [2026-04-27T01:13:38.173+0000] {dagbag.py:538} INFO - Filling up the DagBag from /home/airflow/dags/model_training_dag.py
[2026-04-27T01:13:39.187+0000] {processor.py:840} INFO - DAG(s) 'model_training_pipeline' retrieved from /home/airflow/dags/model_training_dag.py
[2026-04-27T01:13:39.209+0000] {logging_mixin.py:188} INFO - [2026-04-27T01:13:39.209+0000] {dag.py:3036} INFO - Sync 1 DAGs
[2026-04-27T01:13:39.226+0000] {logging_mixin.py:188} INFO - [2026-04-27T01:13:39.226+0000] {dag.py:3823} INFO - Setting next_dagrun for model_training_pipeline to 2026-04-26 00:00:00+00:00, run_after=2026-05-03 00:00:00+00:00
[2026-04-27T01:13:39.251+0000] {processor.py:183} INFO - Processing /home/airflow/dags/model_training_dag.py took 1.083 seconds
[2026-04-27T01:14:09.638+0000] {processor.py:161} INFO - Started process (PID=4526) to work on /home/airflow/dags/model_training_dag.py
[2026-04-27T01:14:09.640+0000] {processor.py:830} INFO - Processing file /home/airflow/dags/model_training_dag.py for tasks to queue
[2026-04-27T01:14:09.641+0000] {logging_mixin.py:188} INFO - [2026-04-27T01:14:09.641+0000] {dagbag.py:538} INFO - Filling up the DagBag from /home/airflow/dags/model_training_dag.py
[2026-04-27T01:14:10.552+0000] {processor.py:840} INFO - DAG(s) 'model_training_pipeline' retrieved from /home/airflow/dags/model_training_dag.py
[2026-04-27T01:14:10.572+0000] {logging_mixin.py:188} INFO - [2026-04-27T01:14:10.571+0000] {dag.py:3036} INFO - Sync 1 DAGs
[2026-04-27T01:14:10.589+0000] {logging_mixin.py:188} INFO - [2026-04-27T01:14:10.589+0000] {dag.py:3823} INFO - Setting next_dagrun for model_training_pipeline to 2026-04-26 00:00:00+00:00, run_after=2026-05-03 00:00:00+00:00
[2026-04-27T01:14:10.613+0000] {processor.py:183} INFO - Processing /home/airflow/dags/model_training_dag.py took 0.978 seconds
[2026-04-27T01:14:40.864+0000] {processor.py:161} INFO - Started process (PID=4571) to work on /home/airflow/dags/model_training_dag.py
[2026-04-27T01:14:40.866+0000] {processor.py:830} INFO - Processing file /home/airflow/dags/model_training_dag.py for tasks to queue
[2026-04-27T01:14:40.867+0000] {logging_mixin.py:188} INFO - [2026-04-27T01:14:40.867+0000] {dagbag.py:538} INFO - Filling up the DagBag from /home/airflow/dags/model_training_dag.py
[2026-04-27T01:14:41.716+0000] {processor.py:840} INFO - DAG(s) 'model_training_pipeline' retrieved from /home/airflow/dags/model_training_dag.py
[2026-04-27T01:14:41.738+0000] {logging_mixin.py:188} INFO - [2026-04-27T01:14:41.738+0000] {dag.py:3036} INFO - Sync 1 DAGs
[2026-04-27T01:14:41.758+0000] {logging_mixin.py:188} INFO - [2026-04-27T01:14:41.758+0000] {dag.py:3823} INFO - Setting next_dagrun for model_training_pipeline to 2026-04-26 00:00:00+00:00, run_after=2026-05-03 00:00:00+00:00
[2026-04-27T01:14:41.782+0000] {processor.py:183} INFO - Processing /home/airflow/dags/model_training_dag.py took 0.922 seconds
[2026-04-27T01:15:12.076+0000] {processor.py:161} INFO - Started process (PID=4616) to work on /home/airflow/dags/model_training_dag.py
[2026-04-27T01:15:12.077+0000] {processor.py:830} INFO - Processing file /home/airflow/dags/model_training_dag.py for tasks to queue
[2026-04-27T01:15:12.078+0000] {logging_mixin.py:188} INFO - [2026-04-27T01:15:12.078+0000] {dagbag.py:538} INFO - Filling up the DagBag from /home/airflow/dags/model_training_dag.py
[2026-04-27T01:15:13.104+0000] {processor.py:840} INFO - DAG(s) 'model_training_pipeline' retrieved from /home/airflow/dags/model_training_dag.py
[2026-04-27T01:15:13.128+0000] {logging_mixin.py:188} INFO - [2026-04-27T01:15:13.128+0000] {dag.py:3036} INFO - Sync 1 DAGs
[2026-04-27T01:15:13.149+0000] {logging_mixin.py:188} INFO - [2026-04-27T01:15:13.148+0000] {dag.py:3823} INFO - Setting next_dagrun for model_training_pipeline to 2026-04-26 00:00:00+00:00, run_after=2026-05-03 00:00:00+00:00
[2026-04-27T01:15:13.172+0000] {processor.py:183} INFO - Processing /home/airflow/dags/model_training_dag.py took 1.099 seconds
[2026-04-27T01:15:43.549+0000] {processor.py:161} INFO - Started process (PID=4661) to work on /home/airflow/dags/model_training_dag.py
[2026-04-27T01:15:43.550+0000] {processor.py:830} INFO - Processing file /home/airflow/dags/model_training_dag.py for tasks to queue
[2026-04-27T01:15:43.551+0000] {logging_mixin.py:188} INFO - [2026-04-27T01:15:43.551+0000] {dagbag.py:538} INFO - Filling up the DagBag from /home/airflow/dags/model_training_dag.py
[2026-04-27T01:15:44.469+0000] {processor.py:840} INFO - DAG(s) 'model_training_pipeline' retrieved from /home/airflow/dags/model_training_dag.py
[2026-04-27T01:15:44.490+0000] {logging_mixin.py:188} INFO - [2026-04-27T01:15:44.489+0000] {dag.py:3036} INFO - Sync 1 DAGs
[2026-04-27T01:15:44.507+0000] {logging_mixin.py:188} INFO - [2026-04-27T01:15:44.506+0000] {dag.py:3823} INFO - Setting next_dagrun for model_training_pipeline to 2026-04-26 00:00:00+00:00, run_after=2026-05-03 00:00:00+00:00
[2026-04-27T01:15:44.530+0000] {processor.py:183} INFO - Processing /home/airflow/dags/model_training_dag.py took 0.984 seconds
[2026-04-27T01:16:14.790+0000] {processor.py:161} INFO - Started process (PID=4706) to work on /home/airflow/dags/model_training_dag.py
[2026-04-27T01:16:14.792+0000] {processor.py:830} INFO - Processing file /home/airflow/dags/model_training_dag.py for tasks to queue
[2026-04-27T01:16:14.793+0000] {logging_mixin.py:188} INFO - [2026-04-27T01:16:14.793+0000] {dagbag.py:538} INFO - Filling up the DagBag from /home/airflow/dags/model_training_dag.py
[2026-04-27T01:16:15.600+0000] {processor.py:840} INFO - DAG(s) 'model_training_pipeline' retrieved from /home/airflow/dags/model_training_dag.py
[2026-04-27T01:16:15.620+0000] {logging_mixin.py:188} INFO - [2026-04-27T01:16:15.620+0000] {dag.py:3036} INFO - Sync 1 DAGs
[2026-04-27T01:16:15.636+0000] {logging_mixin.py:188} INFO - [2026-04-27T01:16:15.636+0000] {dag.py:3823} INFO - Setting next_dagrun for model_training_pipeline to 2026-04-26 00:00:00+00:00, run_after=2026-05-03 00:00:00+00:00
[2026-04-27T01:16:15.660+0000] {processor.py:183} INFO - Processing /home/airflow/dags/model_training_dag.py took 0.874 seconds
[2026-04-27T01:16:45.984+0000] {processor.py:161} INFO - Started process (PID=4751) to work on /home/airflow/dags/model_training_dag.py
[2026-04-27T01:16:45.985+0000] {processor.py:830} INFO - Processing file /home/airflow/dags/model_training_dag.py for tasks to queue
[2026-04-27T01:16:45.986+0000] {logging_mixin.py:188} INFO - [2026-04-27T01:16:45.986+0000] {dagbag.py:538} INFO - Filling up the DagBag from /home/airflow/dags/model_training_dag.py
[2026-04-27T01:16:46.917+0000] {processor.py:840} INFO - DAG(s) 'model_training_pipeline' retrieved from /home/airflow/dags/model_training_dag.py
[2026-04-27T01:16:46.939+0000] {logging_mixin.py:188} INFO - [2026-04-27T01:16:46.938+0000] {dag.py:3036} INFO - Sync 1 DAGs
[2026-04-27T01:16:46.956+0000] {logging_mixin.py:188} INFO - [2026-04-27T01:16:46.956+0000] {dag.py:3823} INFO - Setting next_dagrun for model_training_pipeline to 2026-04-26 00:00:00+00:00, run_after=2026-05-03 00:00:00+00:00
[2026-04-27T01:16:46.979+0000] {processor.py:183} INFO - Processing /home/airflow/dags/model_training_dag.py took 0.999 seconds
[2026-04-27T01:17:17.327+0000] {processor.py:161} INFO - Started process (PID=4796) to work on /home/airflow/dags/model_training_dag.py
[2026-04-27T01:17:17.328+0000] {processor.py:830} INFO - Processing file /home/airflow/dags/model_training_dag.py for tasks to queue
[2026-04-27T01:17:17.329+0000] {logging_mixin.py:188} INFO - [2026-04-27T01:17:17.329+0000] {dagbag.py:538} INFO - Filling up the DagBag from /home/airflow/dags/model_training_dag.py
[2026-04-27T01:17:18.092+0000] {processor.py:840} INFO - DAG(s) 'model_training_pipeline' retrieved from /home/airflow/dags/model_training_dag.py
[2026-04-27T01:17:18.111+0000] {logging_mixin.py:188} INFO - [2026-04-27T01:17:18.111+0000] {dag.py:3036} INFO - Sync 1 DAGs
[2026-04-27T01:17:18.127+0000] {logging_mixin.py:188} INFO - [2026-04-27T01:17:18.127+0000] {dag.py:3823} INFO - Setting next_dagrun for model_training_pipeline to 2026-04-26 00:00:00+00:00, run_after=2026-05-03 00:00:00+00:00
[2026-04-27T01:17:18.149+0000] {processor.py:183} INFO - Processing /home/airflow/dags/model_training_dag.py took 0.825 seconds
[2026-04-27T01:17:48.402+0000] {processor.py:161} INFO - Started process (PID=4841) to work on /home/airflow/dags/model_training_dag.py
[2026-04-27T01:17:48.404+0000] {processor.py:830} INFO - Processing file /home/airflow/dags/model_training_dag.py for tasks to queue
[2026-04-27T01:17:48.406+0000] {logging_mixin.py:188} INFO - [2026-04-27T01:17:48.406+0000] {dagbag.py:538} INFO - Filling up the DagBag from /home/airflow/dags/model_training_dag.py
[2026-04-27T01:17:49.424+0000] {processor.py:840} INFO - DAG(s) 'model_training_pipeline' retrieved from /home/airflow/dags/model_training_dag.py
[2026-04-27T01:17:49.446+0000] {logging_mixin.py:188} INFO - [2026-04-27T01:17:49.446+0000] {dag.py:3036} INFO - Sync 1 DAGs
[2026-04-27T01:17:49.577+0000] {logging_mixin.py:188} INFO - [2026-04-27T01:17:49.577+0000] {dag.py:3823} INFO - Setting next_dagrun for model_training_pipeline to 2026-04-26 00:00:00+00:00, run_after=2026-05-03 00:00:00+00:00
[2026-04-27T01:17:49.599+0000] {processor.py:183} INFO - Processing /home/airflow/dags/model_training_dag.py took 1.202 seconds
[2026-04-27T01:18:20.295+0000] {processor.py:161} INFO - Started process (PID=4886) to work on /home/airflow/dags/model_training_dag.py
[2026-04-27T01:18:20.297+0000] {processor.py:830} INFO - Processing file /home/airflow/dags/model_training_dag.py for tasks to queue
[2026-04-27T01:18:20.298+0000] {logging_mixin.py:188} INFO - [2026-04-27T01:18:20.298+0000] {dagbag.py:538} INFO - Filling up the DagBag from /home/airflow/dags/model_training_dag.py
[2026-04-27T01:18:21.262+0000] {processor.py:840} INFO - DAG(s) 'model_training_pipeline' retrieved from /home/airflow/dags/model_training_dag.py
[2026-04-27T01:18:21.285+0000] {logging_mixin.py:188} INFO - [2026-04-27T01:18:21.285+0000] {dag.py:3036} INFO - Sync 1 DAGs
[2026-04-27T01:18:21.417+0000] {logging_mixin.py:188} INFO - [2026-04-27T01:18:21.417+0000] {dag.py:3823} INFO - Setting next_dagrun for model_training_pipeline to 2026-04-26 00:00:00+00:00, run_after=2026-05-03 00:00:00+00:00
[2026-04-27T01:18:21.441+0000] {processor.py:183} INFO - Processing /home/airflow/dags/model_training_dag.py took 1.149 seconds
[2026-04-27T01:18:51.604+0000] {processor.py:161} INFO - Started process (PID=4931) to work on /home/airflow/dags/model_training_dag.py
[2026-04-27T01:18:51.605+0000] {processor.py:830} INFO - Processing file /home/airflow/dags/model_training_dag.py for tasks to queue
[2026-04-27T01:18:51.607+0000] {logging_mixin.py:188} INFO - [2026-04-27T01:18:51.606+0000] {dagbag.py:538} INFO - Filling up the DagBag from /home/airflow/dags/model_training_dag.py
[2026-04-27T01:18:52.544+0000] {processor.py:840} INFO - DAG(s) 'model_training_pipeline' retrieved from /home/airflow/dags/model_training_dag.py
[2026-04-27T01:18:52.567+0000] {logging_mixin.py:188} INFO - [2026-04-27T01:18:52.567+0000] {dag.py:3036} INFO - Sync 1 DAGs
[2026-04-27T01:18:52.585+0000] {logging_mixin.py:188} INFO - [2026-04-27T01:18:52.585+0000] {dag.py:3823} INFO - Setting next_dagrun for model_training_pipeline to 2026-04-26 00:00:00+00:00, run_after=2026-05-03 00:00:00+00:00
[2026-04-27T01:18:52.610+0000] {processor.py:183} INFO - Processing /home/airflow/dags/model_training_dag.py took 1.009 seconds
[2026-04-27T01:19:22.731+0000] {processor.py:161} INFO - Started process (PID=4976) to work on /home/airflow/dags/model_training_dag.py
[2026-04-27T01:19:22.732+0000] {processor.py:830} INFO - Processing file /home/airflow/dags/model_training_dag.py for tasks to queue
[2026-04-27T01:19:22.733+0000] {logging_mixin.py:188} INFO - [2026-04-27T01:19:22.732+0000] {dagbag.py:538} INFO - Filling up the DagBag from /home/airflow/dags/model_training_dag.py
[2026-04-27T01:19:23.591+0000] {processor.py:840} INFO - DAG(s) 'model_training_pipeline' retrieved from /home/airflow/dags/model_training_dag.py
[2026-04-27T01:19:23.614+0000] {logging_mixin.py:188} INFO - [2026-04-27T01:19:23.613+0000] {dag.py:3036} INFO - Sync 1 DAGs
[2026-04-27T01:19:23.633+0000] {logging_mixin.py:188} INFO - [2026-04-27T01:19:23.633+0000] {dag.py:3823} INFO - Setting next_dagrun for model_training_pipeline to 2026-04-26 00:00:00+00:00, run_after=2026-05-03 00:00:00+00:00
[2026-04-27T01:19:23.659+0000] {processor.py:183} INFO - Processing /home/airflow/dags/model_training_dag.py took 0.931 seconds
[2026-04-27T01:19:53.807+0000] {processor.py:161} INFO - Started process (PID=5021) to work on /home/airflow/dags/model_training_dag.py
[2026-04-27T01:19:53.809+0000] {processor.py:830} INFO - Processing file /home/airflow/dags/model_training_dag.py for tasks to queue
[2026-04-27T01:19:53.810+0000] {logging_mixin.py:188} INFO - [2026-04-27T01:19:53.810+0000] {dagbag.py:538} INFO - Filling up the DagBag from /home/airflow/dags/model_training_dag.py
[2026-04-27T01:19:54.910+0000] {processor.py:840} INFO - DAG(s) 'model_training_pipeline' retrieved from /home/airflow/dags/model_training_dag.py
[2026-04-27T01:19:54.932+0000] {logging_mixin.py:188} INFO - [2026-04-27T01:19:54.932+0000] {dag.py:3036} INFO - Sync 1 DAGs
[2026-04-27T01:19:54.951+0000] {logging_mixin.py:188} INFO - [2026-04-27T01:19:54.951+0000] {dag.py:3823} INFO - Setting next_dagrun for model_training_pipeline to 2026-04-26 00:00:00+00:00, run_after=2026-05-03 00:00:00+00:00
[2026-04-27T01:19:54.975+0000] {processor.py:183} INFO - Processing /home/airflow/dags/model_training_dag.py took 1.171 seconds
[2026-04-27T01:20:25.275+0000] {processor.py:161} INFO - Started process (PID=5066) to work on /home/airflow/dags/model_training_dag.py
[2026-04-27T01:20:25.276+0000] {processor.py:830} INFO - Processing file /home/airflow/dags/model_training_dag.py for tasks to queue
[2026-04-27T01:20:25.277+0000] {logging_mixin.py:188} INFO - [2026-04-27T01:20:25.277+0000] {dagbag.py:538} INFO - Filling up the DagBag from /home/airflow/dags/model_training_dag.py
[2026-04-27T01:20:26.242+0000] {processor.py:840} INFO - DAG(s) 'model_training_pipeline' retrieved from /home/airflow/dags/model_training_dag.py
[2026-04-27T01:20:26.272+0000] {logging_mixin.py:188} INFO - [2026-04-27T01:20:26.271+0000] {dag.py:3036} INFO - Sync 1 DAGs
[2026-04-27T01:20:26.291+0000] {logging_mixin.py:188} INFO - [2026-04-27T01:20:26.291+0000] {dag.py:3823} INFO - Setting next_dagrun for model_training_pipeline to 2026-04-26 00:00:00+00:00, run_after=2026-05-03 00:00:00+00:00
[2026-04-27T01:20:26.318+0000] {processor.py:183} INFO - Processing /home/airflow/dags/model_training_dag.py took 1.046 seconds
[2026-04-27T01:20:57.114+0000] {processor.py:161} INFO - Started process (PID=5111) to work on /home/airflow/dags/model_training_dag.py
[2026-04-27T01:20:57.115+0000] {processor.py:830} INFO - Processing file /home/airflow/dags/model_training_dag.py for tasks to queue
[2026-04-27T01:20:57.116+0000] {logging_mixin.py:188} INFO - [2026-04-27T01:20:57.115+0000] {dagbag.py:538} INFO - Filling up the DagBag from /home/airflow/dags/model_training_dag.py
[2026-04-27T01:20:58.073+0000] {processor.py:840} INFO - DAG(s) 'model_training_pipeline' retrieved from /home/airflow/dags/model_training_dag.py
[2026-04-27T01:20:58.094+0000] {logging_mixin.py:188} INFO - [2026-04-27T01:20:58.094+0000] {dag.py:3036} INFO - Sync 1 DAGs
[2026-04-27T01:20:58.115+0000] {logging_mixin.py:188} INFO - [2026-04-27T01:20:58.114+0000] {dag.py:3823} INFO - Setting next_dagrun for model_training_pipeline to 2026-04-26 00:00:00+00:00, run_after=2026-05-03 00:00:00+00:00
[2026-04-27T01:20:58.139+0000] {processor.py:183} INFO - Processing /home/airflow/dags/model_training_dag.py took 1.028 seconds
[2026-04-27T01:21:28.429+0000] {processor.py:161} INFO - Started process (PID=5156) to work on /home/airflow/dags/model_training_dag.py
[2026-04-27T01:21:28.430+0000] {processor.py:830} INFO - Processing file /home/airflow/dags/model_training_dag.py for tasks to queue
[2026-04-27T01:21:28.431+0000] {logging_mixin.py:188} INFO - [2026-04-27T01:21:28.431+0000] {dagbag.py:538} INFO - Filling up the DagBag from /home/airflow/dags/model_training_dag.py
[2026-04-27T01:21:29.541+0000] {processor.py:840} INFO - DAG(s) 'model_training_pipeline' retrieved from /home/airflow/dags/model_training_dag.py
[2026-04-27T01:21:29.563+0000] {logging_mixin.py:188} INFO - [2026-04-27T01:21:29.563+0000] {dag.py:3036} INFO - Sync 1 DAGs
[2026-04-27T01:21:29.582+0000] {logging_mixin.py:188} INFO - [2026-04-27T01:21:29.582+0000] {dag.py:3823} INFO - Setting next_dagrun for model_training_pipeline to 2026-04-26 00:00:00+00:00, run_after=2026-05-03 00:00:00+00:00
[2026-04-27T01:21:29.604+0000] {processor.py:183} INFO - Processing /home/airflow/dags/model_training_dag.py took 1.178 seconds
[2026-04-27T01:21:59.833+0000] {processor.py:161} INFO - Started process (PID=5201) to work on /home/airflow/dags/model_training_dag.py
[2026-04-27T01:21:59.834+0000] {processor.py:830} INFO - Processing file /home/airflow/dags/model_training_dag.py for tasks to queue
[2026-04-27T01:21:59.835+0000] {logging_mixin.py:188} INFO - [2026-04-27T01:21:59.835+0000] {dagbag.py:538} INFO - Filling up the DagBag from /home/airflow/dags/model_training_dag.py
[2026-04-27T01:22:00.774+0000] {processor.py:840} INFO - DAG(s) 'model_training_pipeline' retrieved from /home/airflow/dags/model_training_dag.py
[2026-04-27T01:22:00.795+0000] {logging_mixin.py:188} INFO - [2026-04-27T01:22:00.795+0000] {dag.py:3036} INFO - Sync 1 DAGs
[2026-04-27T01:22:00.811+0000] {logging_mixin.py:188} INFO - [2026-04-27T01:22:00.811+0000] {dag.py:3823} INFO - Setting next_dagrun for model_training_pipeline to 2026-04-26 00:00:00+00:00, run_after=2026-05-03 00:00:00+00:00
[2026-04-27T01:22:00.833+0000] {processor.py:183} INFO - Processing /home/airflow/dags/model_training_dag.py took 1.003 seconds
[2026-04-27T01:22:30.954+0000] {processor.py:161} INFO - Started process (PID=5246) to work on /home/airflow/dags/model_training_dag.py
[2026-04-27T01:22:30.955+0000] {processor.py:830} INFO - Processing file /home/airflow/dags/model_training_dag.py for tasks to queue
[2026-04-27T01:22:30.956+0000] {logging_mixin.py:188} INFO - [2026-04-27T01:22:30.955+0000] {dagbag.py:538} INFO - Filling up the DagBag from /home/airflow/dags/model_training_dag.py
[2026-04-27T01:22:31.847+0000] {processor.py:840} INFO - DAG(s) 'model_training_pipeline' retrieved from /home/airflow/dags/model_training_dag.py
[2026-04-27T01:22:31.868+0000] {logging_mixin.py:188} INFO - [2026-04-27T01:22:31.867+0000] {dag.py:3036} INFO - Sync 1 DAGs
[2026-04-27T01:22:31.883+0000] {logging_mixin.py:188} INFO - [2026-04-27T01:22:31.883+0000] {dag.py:3823} INFO - Setting next_dagrun for model_training_pipeline to 2026-04-26 00:00:00+00:00, run_after=2026-05-03 00:00:00+00:00
[2026-04-27T01:22:31.905+0000] {processor.py:183} INFO - Processing /home/airflow/dags/model_training_dag.py took 0.954 seconds
[2026-04-27T01:23:02.001+0000] {processor.py:161} INFO - Started process (PID=5291) to work on /home/airflow/dags/model_training_dag.py
[2026-04-27T01:23:02.003+0000] {processor.py:830} INFO - Processing file /home/airflow/dags/model_training_dag.py for tasks to queue
[2026-04-27T01:23:02.004+0000] {logging_mixin.py:188} INFO - [2026-04-27T01:23:02.004+0000] {dagbag.py:538} INFO - Filling up the DagBag from /home/airflow/dags/model_training_dag.py
[2026-04-27T01:23:03.115+0000] {processor.py:840} INFO - DAG(s) 'model_training_pipeline' retrieved from /home/airflow/dags/model_training_dag.py
[2026-04-27T01:23:03.137+0000] {logging_mixin.py:188} INFO - [2026-04-27T01:23:03.136+0000] {dag.py:3036} INFO - Sync 1 DAGs
[2026-04-27T01:23:03.156+0000] {logging_mixin.py:188} INFO - [2026-04-27T01:23:03.156+0000] {dag.py:3823} INFO - Setting next_dagrun for model_training_pipeline to 2026-04-26 00:00:00+00:00, run_after=2026-05-03 00:00:00+00:00
[2026-04-27T01:23:03.179+0000] {processor.py:183} INFO - Processing /home/airflow/dags/model_training_dag.py took 1.182 seconds
[2026-04-27T01:23:33.427+0000] {processor.py:161} INFO - Started process (PID=5336) to work on /home/airflow/dags/model_training_dag.py
[2026-04-27T01:23:33.428+0000] {processor.py:830} INFO - Processing file /home/airflow/dags/model_training_dag.py for tasks to queue
[2026-04-27T01:23:33.429+0000] {logging_mixin.py:188} INFO - [2026-04-27T01:23:33.429+0000] {dagbag.py:538} INFO - Filling up the DagBag from /home/airflow/dags/model_training_dag.py
[2026-04-27T01:23:34.346+0000] {processor.py:840} INFO - DAG(s) 'model_training_pipeline' retrieved from /home/airflow/dags/model_training_dag.py
[2026-04-27T01:23:34.368+0000] {logging_mixin.py:188} INFO - [2026-04-27T01:23:34.368+0000] {dag.py:3036} INFO - Sync 1 DAGs
[2026-04-27T01:23:34.388+0000] {logging_mixin.py:188} INFO - [2026-04-27T01:23:34.387+0000] {dag.py:3823} INFO - Setting next_dagrun for model_training_pipeline to 2026-04-26 00:00:00+00:00, run_after=2026-05-03 00:00:00+00:00
[2026-04-27T01:23:34.407+0000] {processor.py:183} INFO - Processing /home/airflow/dags/model_training_dag.py took 0.982 seconds
[2026-04-27T01:24:04.592+0000] {processor.py:161} INFO - Started process (PID=5381) to work on /home/airflow/dags/model_training_dag.py
[2026-04-27T01:24:04.593+0000] {processor.py:830} INFO - Processing file /home/airflow/dags/model_training_dag.py for tasks to queue
[2026-04-27T01:24:04.595+0000] {logging_mixin.py:188} INFO - [2026-04-27T01:24:04.594+0000] {dagbag.py:538} INFO - Filling up the DagBag from /home/airflow/dags/model_training_dag.py
[2026-04-27T01:24:05.468+0000] {processor.py:840} INFO - DAG(s) 'model_training_pipeline' retrieved from /home/airflow/dags/model_training_dag.py
[2026-04-27T01:24:05.498+0000] {logging_mixin.py:188} INFO - [2026-04-27T01:24:05.498+0000] {dag.py:3036} INFO - Sync 1 DAGs
[2026-04-27T01:24:05.516+0000] {logging_mixin.py:188} INFO - [2026-04-27T01:24:05.516+0000] {dag.py:3823} INFO - Setting next_dagrun for model_training_pipeline to 2026-04-26 00:00:00+00:00, run_after=2026-05-03 00:00:00+00:00
[2026-04-27T01:24:05.539+0000] {processor.py:183} INFO - Processing /home/airflow/dags/model_training_dag.py took 0.951 seconds
[2026-04-27T01:24:35.729+0000] {processor.py:161} INFO - Started process (PID=5426) to work on /home/airflow/dags/model_training_dag.py
[2026-04-27T01:24:35.731+0000] {processor.py:830} INFO - Processing file /home/airflow/dags/model_training_dag.py for tasks to queue
[2026-04-27T01:24:35.732+0000] {logging_mixin.py:188} INFO - [2026-04-27T01:24:35.732+0000] {dagbag.py:538} INFO - Filling up the DagBag from /home/airflow/dags/model_training_dag.py
[2026-04-27T01:24:36.685+0000] {processor.py:840} INFO - DAG(s) 'model_training_pipeline' retrieved from /home/airflow/dags/model_training_dag.py
[2026-04-27T01:24:36.706+0000] {logging_mixin.py:188} INFO - [2026-04-27T01:24:36.706+0000] {dag.py:3036} INFO - Sync 1 DAGs
[2026-04-27T01:24:36.724+0000] {logging_mixin.py:188} INFO - [2026-04-27T01:24:36.723+0000] {dag.py:3823} INFO - Setting next_dagrun for model_training_pipeline to 2026-04-26 00:00:00+00:00, run_after=2026-05-03 00:00:00+00:00
[2026-04-27T01:24:36.748+0000] {processor.py:183} INFO - Processing /home/airflow/dags/model_training_dag.py took 1.022 seconds
[2026-04-27T01:25:06.883+0000] {processor.py:161} INFO - Started process (PID=5477) to work on /home/airflow/dags/model_training_dag.py
[2026-04-27T01:25:06.884+0000] {processor.py:830} INFO - Processing file /home/airflow/dags/model_training_dag.py for tasks to queue
[2026-04-27T01:25:06.885+0000] {logging_mixin.py:188} INFO - [2026-04-27T01:25:06.884+0000] {dagbag.py:538} INFO - Filling up the DagBag from /home/airflow/dags/model_training_dag.py
[2026-04-27T01:25:07.650+0000] {processor.py:840} INFO - DAG(s) 'model_training_pipeline' retrieved from /home/airflow/dags/model_training_dag.py
[2026-04-27T01:25:07.670+0000] {logging_mixin.py:188} INFO - [2026-04-27T01:25:07.670+0000] {dag.py:3036} INFO - Sync 1 DAGs
[2026-04-27T01:25:07.687+0000] {logging_mixin.py:188} INFO - [2026-04-27T01:25:07.687+0000] {dag.py:3823} INFO - Setting next_dagrun for model_training_pipeline to 2026-04-26 00:00:00+00:00, run_after=2026-05-03 00:00:00+00:00
[2026-04-27T01:25:07.707+0000] {processor.py:183} INFO - Processing /home/airflow/dags/model_training_dag.py took 0.828 seconds
[2026-04-27T01:25:38.220+0000] {processor.py:161} INFO - Started process (PID=5522) to work on /home/airflow/dags/model_training_dag.py
[2026-04-27T01:25:38.221+0000] {processor.py:830} INFO - Processing file /home/airflow/dags/model_training_dag.py for tasks to queue
[2026-04-27T01:25:38.222+0000] {logging_mixin.py:188} INFO - [2026-04-27T01:25:38.221+0000] {dagbag.py:538} INFO - Filling up the DagBag from /home/airflow/dags/model_training_dag.py
[2026-04-27T01:25:38.994+0000] {processor.py:840} INFO - DAG(s) 'model_training_pipeline' retrieved from /home/airflow/dags/model_training_dag.py
[2026-04-27T01:25:39.016+0000] {logging_mixin.py:188} INFO - [2026-04-27T01:25:39.016+0000] {dag.py:3036} INFO - Sync 1 DAGs
[2026-04-27T01:25:39.034+0000] {logging_mixin.py:188} INFO - [2026-04-27T01:25:39.034+0000] {dag.py:3823} INFO - Setting next_dagrun for model_training_pipeline to 2026-04-26 00:00:00+00:00, run_after=2026-05-03 00:00:00+00:00
[2026-04-27T01:25:39.055+0000] {processor.py:183} INFO - Processing /home/airflow/dags/model_training_dag.py took 0.839 seconds
[2026-04-27T01:26:09.260+0000] {processor.py:161} INFO - Started process (PID=5567) to work on /home/airflow/dags/model_training_dag.py
[2026-04-27T01:26:09.262+0000] {processor.py:830} INFO - Processing file /home/airflow/dags/model_training_dag.py for tasks to queue
[2026-04-27T01:26:09.263+0000] {logging_mixin.py:188} INFO - [2026-04-27T01:26:09.263+0000] {dagbag.py:538} INFO - Filling up the DagBag from /home/airflow/dags/model_training_dag.py
[2026-04-27T01:26:10.182+0000] {processor.py:840} INFO - DAG(s) 'model_training_pipeline' retrieved from /home/airflow/dags/model_training_dag.py
[2026-04-27T01:26:10.210+0000] {logging_mixin.py:188} INFO - [2026-04-27T01:26:10.210+0000] {dag.py:3036} INFO - Sync 1 DAGs
[2026-04-27T01:26:10.233+0000] {logging_mixin.py:188} INFO - [2026-04-27T01:26:10.233+0000] {dag.py:3823} INFO - Setting next_dagrun for model_training_pipeline to 2026-04-26 00:00:00+00:00, run_after=2026-05-03 00:00:00+00:00
[2026-04-27T01:26:10.258+0000] {processor.py:183} INFO - Processing /home/airflow/dags/model_training_dag.py took 1.001 seconds
[2026-04-27T01:26:40.587+0000] {processor.py:161} INFO - Started process (PID=5612) to work on /home/airflow/dags/model_training_dag.py
[2026-04-27T01:26:40.588+0000] {processor.py:830} INFO - Processing file /home/airflow/dags/model_training_dag.py for tasks to queue
[2026-04-27T01:26:40.589+0000] {logging_mixin.py:188} INFO - [2026-04-27T01:26:40.589+0000] {dagbag.py:538} INFO - Filling up the DagBag from /home/airflow/dags/model_training_dag.py
[2026-04-27T01:26:41.353+0000] {processor.py:840} INFO - DAG(s) 'model_training_pipeline' retrieved from /home/airflow/dags/model_training_dag.py
[2026-04-27T01:26:41.376+0000] {logging_mixin.py:188} INFO - [2026-04-27T01:26:41.376+0000] {dag.py:3036} INFO - Sync 1 DAGs
[2026-04-27T01:26:41.392+0000] {logging_mixin.py:188} INFO - [2026-04-27T01:26:41.392+0000] {dag.py:3823} INFO - Setting next_dagrun for model_training_pipeline to 2026-04-26 00:00:00+00:00, run_after=2026-05-03 00:00:00+00:00
[2026-04-27T01:26:41.419+0000] {processor.py:183} INFO - Processing /home/airflow/dags/model_training_dag.py took 0.835 seconds
[2026-04-27T01:27:11.547+0000] {processor.py:161} INFO - Started process (PID=5657) to work on /home/airflow/dags/model_training_dag.py
[2026-04-27T01:27:11.548+0000] {processor.py:830} INFO - Processing file /home/airflow/dags/model_training_dag.py for tasks to queue
[2026-04-27T01:27:11.549+0000] {logging_mixin.py:188} INFO - [2026-04-27T01:27:11.549+0000] {dagbag.py:538} INFO - Filling up the DagBag from /home/airflow/dags/model_training_dag.py
[2026-04-27T01:27:12.450+0000] {processor.py:840} INFO - DAG(s) 'model_training_pipeline' retrieved from /home/airflow/dags/model_training_dag.py
[2026-04-27T01:27:12.473+0000] {logging_mixin.py:188} INFO - [2026-04-27T01:27:12.472+0000] {dag.py:3036} INFO - Sync 1 DAGs
[2026-04-27T01:27:12.506+0000] {logging_mixin.py:188} INFO - [2026-04-27T01:27:12.505+0000] {dag.py:3823} INFO - Setting next_dagrun for model_training_pipeline to 2026-04-26 00:00:00+00:00, run_after=2026-05-03 00:00:00+00:00
[2026-04-27T01:27:12.532+0000] {processor.py:183} INFO - Processing /home/airflow/dags/model_training_dag.py took 0.990 seconds
[2026-04-27T01:27:42.896+0000] {processor.py:161} INFO - Started process (PID=5702) to work on /home/airflow/dags/model_training_dag.py
[2026-04-27T01:27:42.898+0000] {processor.py:830} INFO - Processing file /home/airflow/dags/model_training_dag.py for tasks to queue
[2026-04-27T01:27:42.899+0000] {logging_mixin.py:188} INFO - [2026-04-27T01:27:42.898+0000] {dagbag.py:538} INFO - Filling up the DagBag from /home/airflow/dags/model_training_dag.py
[2026-04-27T01:27:43.844+0000] {processor.py:840} INFO - DAG(s) 'model_training_pipeline' retrieved from /home/airflow/dags/model_training_dag.py
[2026-04-27T01:27:43.866+0000] {logging_mixin.py:188} INFO - [2026-04-27T01:27:43.866+0000] {dag.py:3036} INFO - Sync 1 DAGs
[2026-04-27T01:27:43.885+0000] {logging_mixin.py:188} INFO - [2026-04-27T01:27:43.885+0000] {dag.py:3823} INFO - Setting next_dagrun for model_training_pipeline to 2026-04-26 00:00:00+00:00, run_after=2026-05-03 00:00:00+00:00
[2026-04-27T01:27:43.909+0000] {processor.py:183} INFO - Processing /home/airflow/dags/model_training_dag.py took 1.015 seconds
[2026-04-27T01:28:14.285+0000] {processor.py:161} INFO - Started process (PID=5747) to work on /home/airflow/dags/model_training_dag.py
[2026-04-27T01:28:14.287+0000] {processor.py:830} INFO - Processing file /home/airflow/dags/model_training_dag.py for tasks to queue
[2026-04-27T01:28:14.288+0000] {logging_mixin.py:188} INFO - [2026-04-27T01:28:14.288+0000] {dagbag.py:538} INFO - Filling up the DagBag from /home/airflow/dags/model_training_dag.py
[2026-04-27T01:28:15.210+0000] {processor.py:840} INFO - DAG(s) 'model_training_pipeline' retrieved from /home/airflow/dags/model_training_dag.py
[2026-04-27T01:28:15.230+0000] {logging_mixin.py:188} INFO - [2026-04-27T01:28:15.229+0000] {dag.py:3036} INFO - Sync 1 DAGs
[2026-04-27T01:28:15.246+0000] {logging_mixin.py:188} INFO - [2026-04-27T01:28:15.245+0000] {dag.py:3823} INFO - Setting next_dagrun for model_training_pipeline to 2026-04-26 00:00:00+00:00, run_after=2026-05-03 00:00:00+00:00
[2026-04-27T01:28:15.269+0000] {processor.py:183} INFO - Processing /home/airflow/dags/model_training_dag.py took 0.988 seconds
[2026-04-27T01:28:45.610+0000] {processor.py:161} INFO - Started process (PID=5792) to work on /home/airflow/dags/model_training_dag.py
[2026-04-27T01:28:45.611+0000] {processor.py:830} INFO - Processing file /home/airflow/dags/model_training_dag.py for tasks to queue
[2026-04-27T01:28:45.612+0000] {logging_mixin.py:188} INFO - [2026-04-27T01:28:45.612+0000] {dagbag.py:538} INFO - Filling up the DagBag from /home/airflow/dags/model_training_dag.py
[2026-04-27T01:28:46.425+0000] {processor.py:840} INFO - DAG(s) 'model_training_pipeline' retrieved from /home/airflow/dags/model_training_dag.py
[2026-04-27T01:28:46.449+0000] {logging_mixin.py:188} INFO - [2026-04-27T01:28:46.448+0000] {dag.py:3036} INFO - Sync 1 DAGs
[2026-04-27T01:28:46.470+0000] {logging_mixin.py:188} INFO - [2026-04-27T01:28:46.469+0000] {dag.py:3823} INFO - Setting next_dagrun for model_training_pipeline to 2026-04-26 00:00:00+00:00, run_after=2026-05-03 00:00:00+00:00
[2026-04-27T01:28:46.492+0000] {processor.py:183} INFO - Processing /home/airflow/dags/model_training_dag.py took 0.885 seconds
[2026-04-27T01:29:16.711+0000] {processor.py:161} INFO - Started process (PID=5837) to work on /home/airflow/dags/model_training_dag.py
[2026-04-27T01:29:16.713+0000] {processor.py:830} INFO - Processing file /home/airflow/dags/model_training_dag.py for tasks to queue
[2026-04-27T01:29:16.714+0000] {logging_mixin.py:188} INFO - [2026-04-27T01:29:16.714+0000] {dagbag.py:538} INFO - Filling up the DagBag from /home/airflow/dags/model_training_dag.py
[2026-04-27T01:29:17.494+0000] {processor.py:840} INFO - DAG(s) 'model_training_pipeline' retrieved from /home/airflow/dags/model_training_dag.py
[2026-04-27T01:29:17.513+0000] {logging_mixin.py:188} INFO - [2026-04-27T01:29:17.513+0000] {dag.py:3036} INFO - Sync 1 DAGs
[2026-04-27T01:29:17.529+0000] {logging_mixin.py:188} INFO - [2026-04-27T01:29:17.529+0000] {dag.py:3823} INFO - Setting next_dagrun for model_training_pipeline to 2026-04-26 00:00:00+00:00, run_after=2026-05-03 00:00:00+00:00
[2026-04-27T01:29:17.549+0000] {processor.py:183} INFO - Processing /home/airflow/dags/model_training_dag.py took 0.841 seconds
[2026-04-27T01:29:47.713+0000] {processor.py:161} INFO - Started process (PID=5882) to work on /home/airflow/dags/model_training_dag.py
[2026-04-27T01:29:47.714+0000] {processor.py:830} INFO - Processing file /home/airflow/dags/model_training_dag.py for tasks to queue
[2026-04-27T01:29:47.715+0000] {logging_mixin.py:188} INFO - [2026-04-27T01:29:47.715+0000] {dagbag.py:538} INFO - Filling up the DagBag from /home/airflow/dags/model_training_dag.py
[2026-04-27T01:29:48.506+0000] {processor.py:840} INFO - DAG(s) 'model_training_pipeline' retrieved from /home/airflow/dags/model_training_dag.py
[2026-04-27T01:29:48.526+0000] {logging_mixin.py:188} INFO - [2026-04-27T01:29:48.526+0000] {dag.py:3036} INFO - Sync 1 DAGs
[2026-04-27T01:29:48.545+0000] {logging_mixin.py:188} INFO - [2026-04-27T01:29:48.545+0000] {dag.py:3823} INFO - Setting next_dagrun for model_training_pipeline to 2026-04-26 00:00:00+00:00, run_after=2026-05-03 00:00:00+00:00
[2026-04-27T01:29:48.568+0000] {processor.py:183} INFO - Processing /home/airflow/dags/model_training_dag.py took 0.858 seconds
[2026-04-27T01:30:19.073+0000] {processor.py:161} INFO - Started process (PID=5927) to work on /home/airflow/dags/model_training_dag.py
[2026-04-27T01:30:19.074+0000] {processor.py:830} INFO - Processing file /home/airflow/dags/model_training_dag.py for tasks to queue
[2026-04-27T01:30:19.075+0000] {logging_mixin.py:188} INFO - [2026-04-27T01:30:19.075+0000] {dagbag.py:538} INFO - Filling up the DagBag from /home/airflow/dags/model_training_dag.py
[2026-04-27T01:30:19.866+0000] {processor.py:840} INFO - DAG(s) 'model_training_pipeline' retrieved from /home/airflow/dags/model_training_dag.py
[2026-04-27T01:30:19.885+0000] {logging_mixin.py:188} INFO - [2026-04-27T01:30:19.885+0000] {dag.py:3036} INFO - Sync 1 DAGs
[2026-04-27T01:30:19.901+0000] {logging_mixin.py:188} INFO - [2026-04-27T01:30:19.901+0000] {dag.py:3823} INFO - Setting next_dagrun for model_training_pipeline to 2026-04-26 00:00:00+00:00, run_after=2026-05-03 00:00:00+00:00
[2026-04-27T01:30:19.923+0000] {processor.py:183} INFO - Processing /home/airflow/dags/model_training_dag.py took 0.853 seconds
[2026-04-27T01:30:50.036+0000] {processor.py:161} INFO - Started process (PID=5972) to work on /home/airflow/dags/model_training_dag.py
[2026-04-27T01:30:50.037+0000] {processor.py:830} INFO - Processing file /home/airflow/dags/model_training_dag.py for tasks to queue
[2026-04-27T01:30:50.039+0000] {logging_mixin.py:188} INFO - [2026-04-27T01:30:50.038+0000] {dagbag.py:538} INFO - Filling up the DagBag from /home/airflow/dags/model_training_dag.py
[2026-04-27T01:30:51.126+0000] {processor.py:840} INFO - DAG(s) 'model_training_pipeline' retrieved from /home/airflow/dags/model_training_dag.py
[2026-04-27T01:30:51.147+0000] {logging_mixin.py:188} INFO - [2026-04-27T01:30:51.146+0000] {dag.py:3036} INFO - Sync 1 DAGs
[2026-04-27T01:30:51.163+0000] {logging_mixin.py:188} INFO - [2026-04-27T01:30:51.163+0000] {dag.py:3823} INFO - Setting next_dagrun for model_training_pipeline to 2026-04-26 00:00:00+00:00, run_after=2026-05-03 00:00:00+00:00
[2026-04-27T01:30:51.184+0000] {processor.py:183} INFO - Processing /home/airflow/dags/model_training_dag.py took 1.153 seconds
[2026-04-27T01:31:22.206+0000] {processor.py:161} INFO - Started process (PID=6017) to work on /home/airflow/dags/model_training_dag.py
[2026-04-27T01:31:22.208+0000] {processor.py:830} INFO - Processing file /home/airflow/dags/model_training_dag.py for tasks to queue
[2026-04-27T01:31:22.209+0000] {logging_mixin.py:188} INFO - [2026-04-27T01:31:22.208+0000] {dagbag.py:538} INFO - Filling up the DagBag from /home/airflow/dags/model_training_dag.py
[2026-04-27T01:31:23.021+0000] {processor.py:840} INFO - DAG(s) 'model_training_pipeline' retrieved from /home/airflow/dags/model_training_dag.py
[2026-04-27T01:31:23.043+0000] {logging_mixin.py:188} INFO - [2026-04-27T01:31:23.042+0000] {dag.py:3036} INFO - Sync 1 DAGs
[2026-04-27T01:31:23.062+0000] {logging_mixin.py:188} INFO - [2026-04-27T01:31:23.062+0000] {dag.py:3823} INFO - Setting next_dagrun for model_training_pipeline to 2026-04-26 00:00:00+00:00, run_after=2026-05-03 00:00:00+00:00
[2026-04-27T01:31:23.090+0000] {processor.py:183} INFO - Processing /home/airflow/dags/model_training_dag.py took 0.887 seconds
[2026-04-27T01:31:53.507+0000] {processor.py:161} INFO - Started process (PID=6062) to work on /home/airflow/dags/model_training_dag.py
[2026-04-27T01:31:53.508+0000] {processor.py:830} INFO - Processing file /home/airflow/dags/model_training_dag.py for tasks to queue
[2026-04-27T01:31:53.509+0000] {logging_mixin.py:188} INFO - [2026-04-27T01:31:53.508+0000] {dagbag.py:538} INFO - Filling up the DagBag from /home/airflow/dags/model_training_dag.py
[2026-04-27T01:31:54.397+0000] {processor.py:840} INFO - DAG(s) 'model_training_pipeline' retrieved from /home/airflow/dags/model_training_dag.py
[2026-04-27T01:31:54.418+0000] {logging_mixin.py:188} INFO - [2026-04-27T01:31:54.417+0000] {dag.py:3036} INFO - Sync 1 DAGs
[2026-04-27T01:31:54.438+0000] {logging_mixin.py:188} INFO - [2026-04-27T01:31:54.438+0000] {dag.py:3823} INFO - Setting next_dagrun for model_training_pipeline to 2026-04-26 00:00:00+00:00, run_after=2026-05-03 00:00:00+00:00
[2026-04-27T01:31:54.465+0000] {processor.py:183} INFO - Processing /home/airflow/dags/model_training_dag.py took 0.961 seconds
[2026-04-27T01:32:25.136+0000] {processor.py:161} INFO - Started process (PID=6107) to work on /home/airflow/dags/model_training_dag.py
[2026-04-27T01:32:25.138+0000] {processor.py:830} INFO - Processing file /home/airflow/dags/model_training_dag.py for tasks to queue
[2026-04-27T01:32:25.140+0000] {logging_mixin.py:188} INFO - [2026-04-27T01:32:25.139+0000] {dagbag.py:538} INFO - Filling up the DagBag from /home/airflow/dags/model_training_dag.py
[2026-04-27T01:32:26.180+0000] {processor.py:840} INFO - DAG(s) 'model_training_pipeline' retrieved from /home/airflow/dags/model_training_dag.py
[2026-04-27T01:32:26.202+0000] {logging_mixin.py:188} INFO - [2026-04-27T01:32:26.201+0000] {dag.py:3036} INFO - Sync 1 DAGs
[2026-04-27T01:32:26.219+0000] {logging_mixin.py:188} INFO - [2026-04-27T01:32:26.219+0000] {dag.py:3823} INFO - Setting next_dagrun for model_training_pipeline to 2026-04-26 00:00:00+00:00, run_after=2026-05-03 00:00:00+00:00
[2026-04-27T01:32:26.244+0000] {processor.py:183} INFO - Processing /home/airflow/dags/model_training_dag.py took 1.115 seconds
[2026-04-27T01:32:56.636+0000] {processor.py:161} INFO - Started process (PID=6152) to work on /home/airflow/dags/model_training_dag.py
[2026-04-27T01:32:56.637+0000] {processor.py:830} INFO - Processing file /home/airflow/dags/model_training_dag.py for tasks to queue
[2026-04-27T01:32:56.638+0000] {logging_mixin.py:188} INFO - [2026-04-27T01:32:56.638+0000] {dagbag.py:538} INFO - Filling up the DagBag from /home/airflow/dags/model_training_dag.py
[2026-04-27T01:32:57.588+0000] {processor.py:840} INFO - DAG(s) 'model_training_pipeline' retrieved from /home/airflow/dags/model_training_dag.py
[2026-04-27T01:32:57.610+0000] {logging_mixin.py:188} INFO - [2026-04-27T01:32:57.609+0000] {dag.py:3036} INFO - Sync 1 DAGs
[2026-04-27T01:32:57.627+0000] {logging_mixin.py:188} INFO - [2026-04-27T01:32:57.627+0000] {dag.py:3823} INFO - Setting next_dagrun for model_training_pipeline to 2026-04-26 00:00:00+00:00, run_after=2026-05-03 00:00:00+00:00
[2026-04-27T01:32:57.648+0000] {processor.py:183} INFO - Processing /home/airflow/dags/model_training_dag.py took 1.015 seconds
[2026-04-27T01:33:27.846+0000] {processor.py:161} INFO - Started process (PID=6197) to work on /home/airflow/dags/model_training_dag.py
[2026-04-27T01:33:27.847+0000] {processor.py:830} INFO - Processing file /home/airflow/dags/model_training_dag.py for tasks to queue
[2026-04-27T01:33:27.848+0000] {logging_mixin.py:188} INFO - [2026-04-27T01:33:27.848+0000] {dagbag.py:538} INFO - Filling up the DagBag from /home/airflow/dags/model_training_dag.py
[2026-04-27T01:33:28.748+0000] {processor.py:840} INFO - DAG(s) 'model_training_pipeline' retrieved from /home/airflow/dags/model_training_dag.py
[2026-04-27T01:33:28.767+0000] {logging_mixin.py:188} INFO - [2026-04-27T01:33:28.767+0000] {dag.py:3036} INFO - Sync 1 DAGs
[2026-04-27T01:33:28.782+0000] {logging_mixin.py:188} INFO - [2026-04-27T01:33:28.781+0000] {dag.py:3823} INFO - Setting next_dagrun for model_training_pipeline to 2026-04-26 00:00:00+00:00, run_after=2026-05-03 00:00:00+00:00
[2026-04-27T01:33:28.802+0000] {processor.py:183} INFO - Processing /home/airflow/dags/model_training_dag.py took 0.961 seconds
[2026-04-27T01:33:59.037+0000] {processor.py:161} INFO - Started process (PID=6242) to work on /home/airflow/dags/model_training_dag.py
[2026-04-27T01:33:59.038+0000] {processor.py:830} INFO - Processing file /home/airflow/dags/model_training_dag.py for tasks to queue
[2026-04-27T01:33:59.040+0000] {logging_mixin.py:188} INFO - [2026-04-27T01:33:59.039+0000] {dagbag.py:538} INFO - Filling up the DagBag from /home/airflow/dags/model_training_dag.py
[2026-04-27T01:34:00.162+0000] {processor.py:840} INFO - DAG(s) 'model_training_pipeline' retrieved from /home/airflow/dags/model_training_dag.py
[2026-04-27T01:34:00.184+0000] {logging_mixin.py:188} INFO - [2026-04-27T01:34:00.184+0000] {dag.py:3036} INFO - Sync 1 DAGs
[2026-04-27T01:34:00.204+0000] {logging_mixin.py:188} INFO - [2026-04-27T01:34:00.203+0000] {dag.py:3823} INFO - Setting next_dagrun for model_training_pipeline to 2026-04-26 00:00:00+00:00, run_after=2026-05-03 00:00:00+00:00
[2026-04-27T01:34:00.229+0000] {processor.py:183} INFO - Processing /home/airflow/dags/model_training_dag.py took 1.196 seconds
[2026-04-27T01:34:30.608+0000] {processor.py:161} INFO - Started process (PID=6287) to work on /home/airflow/dags/model_training_dag.py
[2026-04-27T01:34:30.609+0000] {processor.py:830} INFO - Processing file /home/airflow/dags/model_training_dag.py for tasks to queue
[2026-04-27T01:34:30.610+0000] {logging_mixin.py:188} INFO - [2026-04-27T01:34:30.610+0000] {dagbag.py:538} INFO - Filling up the DagBag from /home/airflow/dags/model_training_dag.py
[2026-04-27T01:34:31.482+0000] {processor.py:840} INFO - DAG(s) 'model_training_pipeline' retrieved from /home/airflow/dags/model_training_dag.py
[2026-04-27T01:34:31.501+0000] {logging_mixin.py:188} INFO - [2026-04-27T01:34:31.500+0000] {dag.py:3036} INFO - Sync 1 DAGs
[2026-04-27T01:34:31.516+0000] {logging_mixin.py:188} INFO - [2026-04-27T01:34:31.516+0000] {dag.py:3823} INFO - Setting next_dagrun for model_training_pipeline to 2026-04-26 00:00:00+00:00, run_after=2026-05-03 00:00:00+00:00
[2026-04-27T01:34:31.538+0000] {processor.py:183} INFO - Processing /home/airflow/dags/model_training_dag.py took 0.933 seconds
[2026-04-27T01:35:01.931+0000] {processor.py:161} INFO - Started process (PID=6332) to work on /home/airflow/dags/model_training_dag.py
[2026-04-27T01:35:01.932+0000] {processor.py:830} INFO - Processing file /home/airflow/dags/model_training_dag.py for tasks to queue
[2026-04-27T01:35:01.933+0000] {logging_mixin.py:188} INFO - [2026-04-27T01:35:01.933+0000] {dagbag.py:538} INFO - Filling up the DagBag from /home/airflow/dags/model_training_dag.py
[2026-04-27T01:35:02.813+0000] {processor.py:840} INFO - DAG(s) 'model_training_pipeline' retrieved from /home/airflow/dags/model_training_dag.py
[2026-04-27T01:35:02.836+0000] {logging_mixin.py:188} INFO - [2026-04-27T01:35:02.835+0000] {dag.py:3036} INFO - Sync 1 DAGs
[2026-04-27T01:35:02.856+0000] {logging_mixin.py:188} INFO - [2026-04-27T01:35:02.856+0000] {dag.py:3823} INFO - Setting next_dagrun for model_training_pipeline to 2026-04-26 00:00:00+00:00, run_after=2026-05-03 00:00:00+00:00
[2026-04-27T01:35:02.879+0000] {processor.py:183} INFO - Processing /home/airflow/dags/model_training_dag.py took 0.954 seconds
[2026-04-27T01:35:33.127+0000] {processor.py:161} INFO - Started process (PID=6377) to work on /home/airflow/dags/model_training_dag.py
[2026-04-27T01:35:33.128+0000] {processor.py:830} INFO - Processing file /home/airflow/dags/model_training_dag.py for tasks to queue
[2026-04-27T01:35:33.129+0000] {logging_mixin.py:188} INFO - [2026-04-27T01:35:33.129+0000] {dagbag.py:538} INFO - Filling up the DagBag from /home/airflow/dags/model_training_dag.py
[2026-04-27T01:35:34.063+0000] {processor.py:840} INFO - DAG(s) 'model_training_pipeline' retrieved from /home/airflow/dags/model_training_dag.py
[2026-04-27T01:35:34.084+0000] {logging_mixin.py:188} INFO - [2026-04-27T01:35:34.084+0000] {dag.py:3036} INFO - Sync 1 DAGs
[2026-04-27T01:35:34.105+0000] {logging_mixin.py:188} INFO - [2026-04-27T01:35:34.104+0000] {dag.py:3823} INFO - Setting next_dagrun for model_training_pipeline to 2026-04-26 00:00:00+00:00, run_after=2026-05-03 00:00:00+00:00
[2026-04-27T01:35:34.127+0000] {processor.py:183} INFO - Processing /home/airflow/dags/model_training_dag.py took 1.002 seconds
[2026-04-27T01:36:04.475+0000] {processor.py:161} INFO - Started process (PID=6422) to work on /home/airflow/dags/model_training_dag.py
[2026-04-27T01:36:04.476+0000] {processor.py:830} INFO - Processing file /home/airflow/dags/model_training_dag.py for tasks to queue
[2026-04-27T01:36:04.477+0000] {logging_mixin.py:188} INFO - [2026-04-27T01:36:04.477+0000] {dagbag.py:538} INFO - Filling up the DagBag from /home/airflow/dags/model_training_dag.py
[2026-04-27T01:36:05.474+0000] {processor.py:840} INFO - DAG(s) 'model_training_pipeline' retrieved from /home/airflow/dags/model_training_dag.py
[2026-04-27T01:36:05.495+0000] {logging_mixin.py:188} INFO - [2026-04-27T01:36:05.495+0000] {dag.py:3036} INFO - Sync 1 DAGs
[2026-04-27T01:36:05.511+0000] {logging_mixin.py:188} INFO - [2026-04-27T01:36:05.511+0000] {dag.py:3823} INFO - Setting next_dagrun for model_training_pipeline to 2026-04-26 00:00:00+00:00, run_after=2026-05-03 00:00:00+00:00
[2026-04-27T01:36:05.533+0000] {processor.py:183} INFO - Processing /home/airflow/dags/model_training_dag.py took 1.062 seconds
[2026-04-27T01:36:35.804+0000] {processor.py:161} INFO - Started process (PID=6467) to work on /home/airflow/dags/model_training_dag.py
[2026-04-27T01:36:35.805+0000] {processor.py:830} INFO - Processing file /home/airflow/dags/model_training_dag.py for tasks to queue
[2026-04-27T01:36:35.807+0000] {logging_mixin.py:188} INFO - [2026-04-27T01:36:35.806+0000] {dagbag.py:538} INFO - Filling up the DagBag from /home/airflow/dags/model_training_dag.py
[2026-04-27T01:36:36.657+0000] {processor.py:840} INFO - DAG(s) 'model_training_pipeline' retrieved from /home/airflow/dags/model_training_dag.py
[2026-04-27T01:36:36.677+0000] {logging_mixin.py:188} INFO - [2026-04-27T01:36:36.677+0000] {dag.py:3036} INFO - Sync 1 DAGs
[2026-04-27T01:36:36.693+0000] {logging_mixin.py:188} INFO - [2026-04-27T01:36:36.692+0000] {dag.py:3823} INFO - Setting next_dagrun for model_training_pipeline to 2026-04-26 00:00:00+00:00, run_after=2026-05-03 00:00:00+00:00
[2026-04-27T01:36:36.714+0000] {processor.py:183} INFO - Processing /home/airflow/dags/model_training_dag.py took 0.915 seconds
[2026-04-27T01:37:06.859+0000] {processor.py:161} INFO - Started process (PID=6512) to work on /home/airflow/dags/model_training_dag.py
[2026-04-27T01:37:06.864+0000] {processor.py:830} INFO - Processing file /home/airflow/dags/model_training_dag.py for tasks to queue
[2026-04-27T01:37:06.872+0000] {logging_mixin.py:188} INFO - [2026-04-27T01:37:06.871+0000] {dagbag.py:538} INFO - Filling up the DagBag from /home/airflow/dags/model_training_dag.py
[2026-04-27T01:37:07.877+0000] {processor.py:840} INFO - DAG(s) 'model_training_pipeline' retrieved from /home/airflow/dags/model_training_dag.py
[2026-04-27T01:37:07.896+0000] {logging_mixin.py:188} INFO - [2026-04-27T01:37:07.896+0000] {dag.py:3036} INFO - Sync 1 DAGs
[2026-04-27T01:37:07.916+0000] {logging_mixin.py:188} INFO - [2026-04-27T01:37:07.916+0000] {dag.py:3823} INFO - Setting next_dagrun for model_training_pipeline to 2026-04-26 00:00:00+00:00, run_after=2026-05-03 00:00:00+00:00
[2026-04-27T01:37:07.940+0000] {processor.py:183} INFO - Processing /home/airflow/dags/model_training_dag.py took 1.086 seconds
[2026-04-27T01:37:38.248+0000] {processor.py:161} INFO - Started process (PID=6557) to work on /home/airflow/dags/model_training_dag.py
[2026-04-27T01:37:38.249+0000] {processor.py:830} INFO - Processing file /home/airflow/dags/model_training_dag.py for tasks to queue
[2026-04-27T01:37:38.250+0000] {logging_mixin.py:188} INFO - [2026-04-27T01:37:38.250+0000] {dagbag.py:538} INFO - Filling up the DagBag from /home/airflow/dags/model_training_dag.py
[2026-04-27T01:37:39.045+0000] {processor.py:840} INFO - DAG(s) 'model_training_pipeline' retrieved from /home/airflow/dags/model_training_dag.py
[2026-04-27T01:37:39.065+0000] {logging_mixin.py:188} INFO - [2026-04-27T01:37:39.065+0000] {dag.py:3036} INFO - Sync 1 DAGs
[2026-04-27T01:37:39.082+0000] {logging_mixin.py:188} INFO - [2026-04-27T01:37:39.082+0000] {dag.py:3823} INFO - Setting next_dagrun for model_training_pipeline to 2026-04-26 00:00:00+00:00, run_after=2026-05-03 00:00:00+00:00
[2026-04-27T01:37:39.105+0000] {processor.py:183} INFO - Processing /home/airflow/dags/model_training_dag.py took 0.860 seconds
[2026-04-27T01:38:09.369+0000] {processor.py:161} INFO - Started process (PID=6602) to work on /home/airflow/dags/model_training_dag.py
[2026-04-27T01:38:09.370+0000] {processor.py:830} INFO - Processing file /home/airflow/dags/model_training_dag.py for tasks to queue
[2026-04-27T01:38:09.371+0000] {logging_mixin.py:188} INFO - [2026-04-27T01:38:09.371+0000] {dagbag.py:538} INFO - Filling up the DagBag from /home/airflow/dags/model_training_dag.py
[2026-04-27T01:38:10.170+0000] {processor.py:840} INFO - DAG(s) 'model_training_pipeline' retrieved from /home/airflow/dags/model_training_dag.py
[2026-04-27T01:38:10.191+0000] {logging_mixin.py:188} INFO - [2026-04-27T01:38:10.190+0000] {dag.py:3036} INFO - Sync 1 DAGs
[2026-04-27T01:38:10.207+0000] {logging_mixin.py:188} INFO - [2026-04-27T01:38:10.207+0000] {dag.py:3823} INFO - Setting next_dagrun for model_training_pipeline to 2026-04-26 00:00:00+00:00, run_after=2026-05-03 00:00:00+00:00
[2026-04-27T01:38:10.228+0000] {processor.py:183} INFO - Processing /home/airflow/dags/model_training_dag.py took 0.862 seconds
[2026-04-27T01:38:40.557+0000] {processor.py:161} INFO - Started process (PID=6647) to work on /home/airflow/dags/model_training_dag.py
[2026-04-27T01:38:40.558+0000] {processor.py:830} INFO - Processing file /home/airflow/dags/model_training_dag.py for tasks to queue
[2026-04-27T01:38:40.559+0000] {logging_mixin.py:188} INFO - [2026-04-27T01:38:40.559+0000] {dagbag.py:538} INFO - Filling up the DagBag from /home/airflow/dags/model_training_dag.py
[2026-04-27T01:38:41.522+0000] {processor.py:840} INFO - DAG(s) 'model_training_pipeline' retrieved from /home/airflow/dags/model_training_dag.py
[2026-04-27T01:38:41.540+0000] {logging_mixin.py:188} INFO - [2026-04-27T01:38:41.540+0000] {dag.py:3036} INFO - Sync 1 DAGs
[2026-04-27T01:38:41.559+0000] {logging_mixin.py:188} INFO - [2026-04-27T01:38:41.558+0000] {dag.py:3823} INFO - Setting next_dagrun for model_training_pipeline to 2026-04-26 00:00:00+00:00, run_after=2026-05-03 00:00:00+00:00
[2026-04-27T01:38:41.581+0000] {processor.py:183} INFO - Processing /home/airflow/dags/model_training_dag.py took 1.028 seconds
[2026-04-27T01:39:11.929+0000] {processor.py:161} INFO - Started process (PID=6692) to work on /home/airflow/dags/model_training_dag.py
[2026-04-27T01:39:11.930+0000] {processor.py:830} INFO - Processing file /home/airflow/dags/model_training_dag.py for tasks to queue
[2026-04-27T01:39:11.931+0000] {logging_mixin.py:188} INFO - [2026-04-27T01:39:11.930+0000] {dagbag.py:538} INFO - Filling up the DagBag from /home/airflow/dags/model_training_dag.py
[2026-04-27T01:39:12.705+0000] {processor.py:840} INFO - DAG(s) 'model_training_pipeline' retrieved from /home/airflow/dags/model_training_dag.py
[2026-04-27T01:39:12.725+0000] {logging_mixin.py:188} INFO - [2026-04-27T01:39:12.725+0000] {dag.py:3036} INFO - Sync 1 DAGs
[2026-04-27T01:39:12.741+0000] {logging_mixin.py:188} INFO - [2026-04-27T01:39:12.740+0000] {dag.py:3823} INFO - Setting next_dagrun for model_training_pipeline to 2026-04-26 00:00:00+00:00, run_after=2026-05-03 00:00:00+00:00
[2026-04-27T01:39:12.762+0000] {processor.py:183} INFO - Processing /home/airflow/dags/model_training_dag.py took 0.837 seconds
[2026-04-27T01:39:43.030+0000] {processor.py:161} INFO - Started process (PID=6737) to work on /home/airflow/dags/model_training_dag.py
[2026-04-27T01:39:43.032+0000] {processor.py:830} INFO - Processing file /home/airflow/dags/model_training_dag.py for tasks to queue
[2026-04-27T01:39:43.033+0000] {logging_mixin.py:188} INFO - [2026-04-27T01:39:43.032+0000] {dagbag.py:538} INFO - Filling up the DagBag from /home/airflow/dags/model_training_dag.py
[2026-04-27T01:39:43.893+0000] {processor.py:840} INFO - DAG(s) 'model_training_pipeline' retrieved from /home/airflow/dags/model_training_dag.py
[2026-04-27T01:39:43.915+0000] {logging_mixin.py:188} INFO - [2026-04-27T01:39:43.914+0000] {dag.py:3036} INFO - Sync 1 DAGs
[2026-04-27T01:39:43.934+0000] {logging_mixin.py:188} INFO - [2026-04-27T01:39:43.934+0000] {dag.py:3823} INFO - Setting next_dagrun for model_training_pipeline to 2026-04-26 00:00:00+00:00, run_after=2026-05-03 00:00:00+00:00
[2026-04-27T01:39:43.958+0000] {processor.py:183} INFO - Processing /home/airflow/dags/model_training_dag.py took 0.930 seconds
[2026-04-27T01:40:14.387+0000] {processor.py:161} INFO - Started process (PID=6782) to work on /home/airflow/dags/model_training_dag.py
[2026-04-27T01:40:14.388+0000] {processor.py:830} INFO - Processing file /home/airflow/dags/model_training_dag.py for tasks to queue
[2026-04-27T01:40:14.389+0000] {logging_mixin.py:188} INFO - [2026-04-27T01:40:14.389+0000] {dagbag.py:538} INFO - Filling up the DagBag from /home/airflow/dags/model_training_dag.py
[2026-04-27T01:40:15.462+0000] {processor.py:840} INFO - DAG(s) 'model_training_pipeline' retrieved from /home/airflow/dags/model_training_dag.py
[2026-04-27T01:40:15.487+0000] {logging_mixin.py:188} INFO - [2026-04-27T01:40:15.486+0000] {dag.py:3036} INFO - Sync 1 DAGs
[2026-04-27T01:40:15.507+0000] {logging_mixin.py:188} INFO - [2026-04-27T01:40:15.507+0000] {dag.py:3823} INFO - Setting next_dagrun for model_training_pipeline to 2026-04-26 00:00:00+00:00, run_after=2026-05-03 00:00:00+00:00
[2026-04-27T01:40:15.529+0000] {processor.py:183} INFO - Processing /home/airflow/dags/model_training_dag.py took 1.146 seconds
[2026-04-27T01:40:45.702+0000] {processor.py:161} INFO - Started process (PID=6827) to work on /home/airflow/dags/model_training_dag.py
[2026-04-27T01:40:45.704+0000] {processor.py:830} INFO - Processing file /home/airflow/dags/model_training_dag.py for tasks to queue
[2026-04-27T01:40:45.705+0000] {logging_mixin.py:188} INFO - [2026-04-27T01:40:45.704+0000] {dagbag.py:538} INFO - Filling up the DagBag from /home/airflow/dags/model_training_dag.py
[2026-04-27T01:40:46.642+0000] {processor.py:840} INFO - DAG(s) 'model_training_pipeline' retrieved from /home/airflow/dags/model_training_dag.py
[2026-04-27T01:40:46.661+0000] {logging_mixin.py:188} INFO - [2026-04-27T01:40:46.661+0000] {dag.py:3036} INFO - Sync 1 DAGs
[2026-04-27T01:40:46.679+0000] {logging_mixin.py:188} INFO - [2026-04-27T01:40:46.679+0000] {dag.py:3823} INFO - Setting next_dagrun for model_training_pipeline to 2026-04-26 00:00:00+00:00, run_after=2026-05-03 00:00:00+00:00
[2026-04-27T01:40:46.701+0000] {processor.py:183} INFO - Processing /home/airflow/dags/model_training_dag.py took 1.003 seconds
[2026-04-27T01:41:16.966+0000] {processor.py:161} INFO - Started process (PID=6872) to work on /home/airflow/dags/model_training_dag.py
[2026-04-27T01:41:16.967+0000] {processor.py:830} INFO - Processing file /home/airflow/dags/model_training_dag.py for tasks to queue
[2026-04-27T01:41:16.969+0000] {logging_mixin.py:188} INFO - [2026-04-27T01:41:16.968+0000] {dagbag.py:538} INFO - Filling up the DagBag from /home/airflow/dags/model_training_dag.py
[2026-04-27T01:41:18.054+0000] {processor.py:840} INFO - DAG(s) 'model_training_pipeline' retrieved from /home/airflow/dags/model_training_dag.py
[2026-04-27T01:41:18.077+0000] {logging_mixin.py:188} INFO - [2026-04-27T01:41:18.076+0000] {dag.py:3036} INFO - Sync 1 DAGs
[2026-04-27T01:41:18.096+0000] {logging_mixin.py:188} INFO - [2026-04-27T01:41:18.096+0000] {dag.py:3823} INFO - Setting next_dagrun for model_training_pipeline to 2026-04-26 00:00:00+00:00, run_after=2026-05-03 00:00:00+00:00
[2026-04-27T01:41:18.116+0000] {processor.py:183} INFO - Processing /home/airflow/dags/model_training_dag.py took 1.154 seconds
[2026-04-27T01:41:48.485+0000] {processor.py:161} INFO - Started process (PID=6917) to work on /home/airflow/dags/model_training_dag.py
[2026-04-27T01:41:48.486+0000] {processor.py:830} INFO - Processing file /home/airflow/dags/model_training_dag.py for tasks to queue
[2026-04-27T01:41:48.487+0000] {logging_mixin.py:188} INFO - [2026-04-27T01:41:48.487+0000] {dagbag.py:538} INFO - Filling up the DagBag from /home/airflow/dags/model_training_dag.py
[2026-04-27T01:41:49.358+0000] {processor.py:840} INFO - DAG(s) 'model_training_pipeline' retrieved from /home/airflow/dags/model_training_dag.py
[2026-04-27T01:41:49.377+0000] {logging_mixin.py:188} INFO - [2026-04-27T01:41:49.377+0000] {dag.py:3036} INFO - Sync 1 DAGs
[2026-04-27T01:41:49.394+0000] {logging_mixin.py:188} INFO - [2026-04-27T01:41:49.394+0000] {dag.py:3823} INFO - Setting next_dagrun for model_training_pipeline to 2026-04-26 00:00:00+00:00, run_after=2026-05-03 00:00:00+00:00
[2026-04-27T01:41:49.416+0000] {processor.py:183} INFO - Processing /home/airflow/dags/model_training_dag.py took 0.934 seconds
[2026-04-27T01:42:19.741+0000] {processor.py:161} INFO - Started process (PID=6962) to work on /home/airflow/dags/model_training_dag.py
[2026-04-27T01:42:19.742+0000] {processor.py:830} INFO - Processing file /home/airflow/dags/model_training_dag.py for tasks to queue
[2026-04-27T01:42:19.744+0000] {logging_mixin.py:188} INFO - [2026-04-27T01:42:19.743+0000] {dagbag.py:538} INFO - Filling up the DagBag from /home/airflow/dags/model_training_dag.py
[2026-04-27T01:42:20.627+0000] {processor.py:840} INFO - DAG(s) 'model_training_pipeline' retrieved from /home/airflow/dags/model_training_dag.py
[2026-04-27T01:42:20.647+0000] {logging_mixin.py:188} INFO - [2026-04-27T01:42:20.646+0000] {dag.py:3036} INFO - Sync 1 DAGs
[2026-04-27T01:42:20.662+0000] {logging_mixin.py:188} INFO - [2026-04-27T01:42:20.662+0000] {dag.py:3823} INFO - Setting next_dagrun for model_training_pipeline to 2026-04-26 00:00:00+00:00, run_after=2026-05-03 00:00:00+00:00
[2026-04-27T01:42:20.684+0000] {processor.py:183} INFO - Processing /home/airflow/dags/model_training_dag.py took 0.946 seconds
[2026-04-27T01:42:50.765+0000] {processor.py:161} INFO - Started process (PID=7007) to work on /home/airflow/dags/model_training_dag.py
[2026-04-27T01:42:50.767+0000] {processor.py:830} INFO - Processing file /home/airflow/dags/model_training_dag.py for tasks to queue
[2026-04-27T01:42:50.768+0000] {logging_mixin.py:188} INFO - [2026-04-27T01:42:50.767+0000] {dagbag.py:538} INFO - Filling up the DagBag from /home/airflow/dags/model_training_dag.py
[2026-04-27T01:42:51.991+0000] {processor.py:840} INFO - DAG(s) 'model_training_pipeline' retrieved from /home/airflow/dags/model_training_dag.py
[2026-04-27T01:42:52.014+0000] {logging_mixin.py:188} INFO - [2026-04-27T01:42:52.014+0000] {dag.py:3036} INFO - Sync 1 DAGs
[2026-04-27T01:42:52.033+0000] {logging_mixin.py:188} INFO - [2026-04-27T01:42:52.033+0000] {dag.py:3823} INFO - Setting next_dagrun for model_training_pipeline to 2026-04-26 00:00:00+00:00, run_after=2026-05-03 00:00:00+00:00
[2026-04-27T01:42:52.056+0000] {processor.py:183} INFO - Processing /home/airflow/dags/model_training_dag.py took 1.294 seconds
[2026-04-27T01:43:22.301+0000] {processor.py:161} INFO - Started process (PID=7052) to work on /home/airflow/dags/model_training_dag.py
[2026-04-27T01:43:22.302+0000] {processor.py:830} INFO - Processing file /home/airflow/dags/model_training_dag.py for tasks to queue
[2026-04-27T01:43:22.303+0000] {logging_mixin.py:188} INFO - [2026-04-27T01:43:22.302+0000] {dagbag.py:538} INFO - Filling up the DagBag from /home/airflow/dags/model_training_dag.py
[2026-04-27T01:43:23.212+0000] {processor.py:840} INFO - DAG(s) 'model_training_pipeline' retrieved from /home/airflow/dags/model_training_dag.py
[2026-04-27T01:43:23.231+0000] {logging_mixin.py:188} INFO - [2026-04-27T01:43:23.231+0000] {dag.py:3036} INFO - Sync 1 DAGs
[2026-04-27T01:43:23.250+0000] {logging_mixin.py:188} INFO - [2026-04-27T01:43:23.249+0000] {dag.py:3823} INFO - Setting next_dagrun for model_training_pipeline to 2026-04-26 00:00:00+00:00, run_after=2026-05-03 00:00:00+00:00
[2026-04-27T01:43:23.272+0000] {processor.py:183} INFO - Processing /home/airflow/dags/model_training_dag.py took 0.976 seconds
[2026-04-27T01:43:53.494+0000] {processor.py:161} INFO - Started process (PID=7097) to work on /home/airflow/dags/model_training_dag.py
[2026-04-27T01:43:53.495+0000] {processor.py:830} INFO - Processing file /home/airflow/dags/model_training_dag.py for tasks to queue
[2026-04-27T01:43:53.496+0000] {logging_mixin.py:188} INFO - [2026-04-27T01:43:53.496+0000] {dagbag.py:538} INFO - Filling up the DagBag from /home/airflow/dags/model_training_dag.py
[2026-04-27T01:43:54.417+0000] {processor.py:840} INFO - DAG(s) 'model_training_pipeline' retrieved from /home/airflow/dags/model_training_dag.py
[2026-04-27T01:43:54.435+0000] {logging_mixin.py:188} INFO - [2026-04-27T01:43:54.435+0000] {dag.py:3036} INFO - Sync 1 DAGs
[2026-04-27T01:43:54.450+0000] {logging_mixin.py:188} INFO - [2026-04-27T01:43:54.450+0000] {dag.py:3823} INFO - Setting next_dagrun for model_training_pipeline to 2026-04-26 00:00:00+00:00, run_after=2026-05-03 00:00:00+00:00
[2026-04-27T01:43:54.472+0000] {processor.py:183} INFO - Processing /home/airflow/dags/model_training_dag.py took 0.982 seconds
[2026-04-27T01:44:24.714+0000] {processor.py:161} INFO - Started process (PID=7142) to work on /home/airflow/dags/model_training_dag.py
[2026-04-27T01:44:24.715+0000] {processor.py:830} INFO - Processing file /home/airflow/dags/model_training_dag.py for tasks to queue
[2026-04-27T01:44:24.716+0000] {logging_mixin.py:188} INFO - [2026-04-27T01:44:24.716+0000] {dagbag.py:538} INFO - Filling up the DagBag from /home/airflow/dags/model_training_dag.py
[2026-04-27T01:44:25.763+0000] {processor.py:840} INFO - DAG(s) 'model_training_pipeline' retrieved from /home/airflow/dags/model_training_dag.py
[2026-04-27T01:44:25.782+0000] {logging_mixin.py:188} INFO - [2026-04-27T01:44:25.781+0000] {dag.py:3036} INFO - Sync 1 DAGs
[2026-04-27T01:44:25.803+0000] {logging_mixin.py:188} INFO - [2026-04-27T01:44:25.802+0000] {dag.py:3823} INFO - Setting next_dagrun for model_training_pipeline to 2026-04-26 00:00:00+00:00, run_after=2026-05-03 00:00:00+00:00
[2026-04-27T01:44:25.824+0000] {processor.py:183} INFO - Processing /home/airflow/dags/model_training_dag.py took 1.114 seconds
[2026-04-27T01:44:56.371+0000] {processor.py:161} INFO - Started process (PID=7187) to work on /home/airflow/dags/model_training_dag.py
[2026-04-27T01:44:56.372+0000] {processor.py:830} INFO - Processing file /home/airflow/dags/model_training_dag.py for tasks to queue
[2026-04-27T01:44:56.373+0000] {logging_mixin.py:188} INFO - [2026-04-27T01:44:56.372+0000] {dagbag.py:538} INFO - Filling up the DagBag from /home/airflow/dags/model_training_dag.py
[2026-04-27T01:44:57.146+0000] {processor.py:840} INFO - DAG(s) 'model_training_pipeline' retrieved from /home/airflow/dags/model_training_dag.py
[2026-04-27T01:44:57.168+0000] {logging_mixin.py:188} INFO - [2026-04-27T01:44:57.168+0000] {dag.py:3036} INFO - Sync 1 DAGs
[2026-04-27T01:44:57.185+0000] {logging_mixin.py:188} INFO - [2026-04-27T01:44:57.185+0000] {dag.py:3823} INFO - Setting next_dagrun for model_training_pipeline to 2026-04-26 00:00:00+00:00, run_after=2026-05-03 00:00:00+00:00
[2026-04-27T01:44:57.206+0000] {processor.py:183} INFO - Processing /home/airflow/dags/model_training_dag.py took 0.838 seconds
[2026-04-27T01:45:27.660+0000] {processor.py:161} INFO - Started process (PID=7232) to work on /home/airflow/dags/model_training_dag.py
[2026-04-27T01:45:27.662+0000] {processor.py:830} INFO - Processing file /home/airflow/dags/model_training_dag.py for tasks to queue
[2026-04-27T01:45:27.664+0000] {logging_mixin.py:188} INFO - [2026-04-27T01:45:27.663+0000] {dagbag.py:538} INFO - Filling up the DagBag from /home/airflow/dags/model_training_dag.py
[2026-04-27T01:45:28.456+0000] {processor.py:840} INFO - DAG(s) 'model_training_pipeline' retrieved from /home/airflow/dags/model_training_dag.py
[2026-04-27T01:45:28.478+0000] {logging_mixin.py:188} INFO - [2026-04-27T01:45:28.478+0000] {dag.py:3036} INFO - Sync 1 DAGs
[2026-04-27T01:45:28.494+0000] {logging_mixin.py:188} INFO - [2026-04-27T01:45:28.494+0000] {dag.py:3823} INFO - Setting next_dagrun for model_training_pipeline to 2026-04-26 00:00:00+00:00, run_after=2026-05-03 00:00:00+00:00
[2026-04-27T01:45:28.515+0000] {processor.py:183} INFO - Processing /home/airflow/dags/model_training_dag.py took 0.859 seconds
[2026-04-27T01:45:58.731+0000] {processor.py:161} INFO - Started process (PID=7277) to work on /home/airflow/dags/model_training_dag.py
[2026-04-27T01:45:58.732+0000] {processor.py:830} INFO - Processing file /home/airflow/dags/model_training_dag.py for tasks to queue
[2026-04-27T01:45:58.733+0000] {logging_mixin.py:188} INFO - [2026-04-27T01:45:58.733+0000] {dagbag.py:538} INFO - Filling up the DagBag from /home/airflow/dags/model_training_dag.py
[2026-04-27T01:45:59.536+0000] {processor.py:840} INFO - DAG(s) 'model_training_pipeline' retrieved from /home/airflow/dags/model_training_dag.py
[2026-04-27T01:45:59.557+0000] {logging_mixin.py:188} INFO - [2026-04-27T01:45:59.556+0000] {dag.py:3036} INFO - Sync 1 DAGs
[2026-04-27T01:45:59.575+0000] {logging_mixin.py:188} INFO - [2026-04-27T01:45:59.575+0000] {dag.py:3823} INFO - Setting next_dagrun for model_training_pipeline to 2026-04-26 00:00:00+00:00, run_after=2026-05-03 00:00:00+00:00
[2026-04-27T01:45:59.598+0000] {processor.py:183} INFO - Processing /home/airflow/dags/model_training_dag.py took 0.872 seconds
[2026-04-27T01:46:30.144+0000] {processor.py:161} INFO - Started process (PID=7322) to work on /home/airflow/dags/model_training_dag.py
[2026-04-27T01:46:30.145+0000] {processor.py:830} INFO - Processing file /home/airflow/dags/model_training_dag.py for tasks to queue
[2026-04-27T01:46:30.146+0000] {logging_mixin.py:188} INFO - [2026-04-27T01:46:30.146+0000] {dagbag.py:538} INFO - Filling up the DagBag from /home/airflow/dags/model_training_dag.py
[2026-04-27T01:46:30.939+0000] {processor.py:840} INFO - DAG(s) 'model_training_pipeline' retrieved from /home/airflow/dags/model_training_dag.py
[2026-04-27T01:46:30.959+0000] {logging_mixin.py:188} INFO - [2026-04-27T01:46:30.959+0000] {dag.py:3036} INFO - Sync 1 DAGs
[2026-04-27T01:46:30.977+0000] {logging_mixin.py:188} INFO - [2026-04-27T01:46:30.976+0000] {dag.py:3823} INFO - Setting next_dagrun for model_training_pipeline to 2026-04-26 00:00:00+00:00, run_after=2026-05-03 00:00:00+00:00
[2026-04-27T01:46:31.000+0000] {processor.py:183} INFO - Processing /home/airflow/dags/model_training_dag.py took 0.859 seconds
[2026-04-27T01:47:01.482+0000] {processor.py:161} INFO - Started process (PID=7367) to work on /home/airflow/dags/model_training_dag.py
[2026-04-27T01:47:01.483+0000] {processor.py:830} INFO - Processing file /home/airflow/dags/model_training_dag.py for tasks to queue
[2026-04-27T01:47:01.485+0000] {logging_mixin.py:188} INFO - [2026-04-27T01:47:01.484+0000] {dagbag.py:538} INFO - Filling up the DagBag from /home/airflow/dags/model_training_dag.py
[2026-04-27T01:47:02.489+0000] {processor.py:840} INFO - DAG(s) 'model_training_pipeline' retrieved from /home/airflow/dags/model_training_dag.py
[2026-04-27T01:47:02.521+0000] {logging_mixin.py:188} INFO - [2026-04-27T01:47:02.520+0000] {dag.py:3036} INFO - Sync 1 DAGs
[2026-04-27T01:47:02.544+0000] {logging_mixin.py:188} INFO - [2026-04-27T01:47:02.544+0000] {dag.py:3823} INFO - Setting next_dagrun for model_training_pipeline to 2026-04-26 00:00:00+00:00, run_after=2026-05-03 00:00:00+00:00
[2026-04-27T01:47:02.568+0000] {processor.py:183} INFO - Processing /home/airflow/dags/model_training_dag.py took 1.091 seconds
[2026-04-27T01:47:33.024+0000] {processor.py:161} INFO - Started process (PID=7412) to work on /home/airflow/dags/model_training_dag.py
[2026-04-27T01:47:33.025+0000] {processor.py:830} INFO - Processing file /home/airflow/dags/model_training_dag.py for tasks to queue
[2026-04-27T01:47:33.026+0000] {logging_mixin.py:188} INFO - [2026-04-27T01:47:33.026+0000] {dagbag.py:538} INFO - Filling up the DagBag from /home/airflow/dags/model_training_dag.py
[2026-04-27T01:47:33.847+0000] {processor.py:840} INFO - DAG(s) 'model_training_pipeline' retrieved from /home/airflow/dags/model_training_dag.py
[2026-04-27T01:47:33.873+0000] {logging_mixin.py:188} INFO - [2026-04-27T01:47:33.872+0000] {dag.py:3036} INFO - Sync 1 DAGs
[2026-04-27T01:47:33.891+0000] {logging_mixin.py:188} INFO - [2026-04-27T01:47:33.891+0000] {dag.py:3823} INFO - Setting next_dagrun for model_training_pipeline to 2026-04-26 00:00:00+00:00, run_after=2026-05-03 00:00:00+00:00
[2026-04-27T01:47:33.914+0000] {processor.py:183} INFO - Processing /home/airflow/dags/model_training_dag.py took 0.894 seconds
[2026-04-27T01:48:04.595+0000] {processor.py:161} INFO - Started process (PID=7457) to work on /home/airflow/dags/model_training_dag.py
[2026-04-27T01:48:04.596+0000] {processor.py:830} INFO - Processing file /home/airflow/dags/model_training_dag.py for tasks to queue
[2026-04-27T01:48:04.597+0000] {logging_mixin.py:188} INFO - [2026-04-27T01:48:04.596+0000] {dagbag.py:538} INFO - Filling up the DagBag from /home/airflow/dags/model_training_dag.py
[2026-04-27T01:48:05.498+0000] {processor.py:840} INFO - DAG(s) 'model_training_pipeline' retrieved from /home/airflow/dags/model_training_dag.py
[2026-04-27T01:48:05.516+0000] {logging_mixin.py:188} INFO - [2026-04-27T01:48:05.516+0000] {dag.py:3036} INFO - Sync 1 DAGs
[2026-04-27T01:48:05.533+0000] {logging_mixin.py:188} INFO - [2026-04-27T01:48:05.533+0000] {dag.py:3823} INFO - Setting next_dagrun for model_training_pipeline to 2026-04-26 00:00:00+00:00, run_after=2026-05-03 00:00:00+00:00
[2026-04-27T01:48:05.555+0000] {processor.py:183} INFO - Processing /home/airflow/dags/model_training_dag.py took 0.963 seconds
[2026-04-27T01:48:35.859+0000] {processor.py:161} INFO - Started process (PID=7502) to work on /home/airflow/dags/model_training_dag.py
[2026-04-27T01:48:35.861+0000] {processor.py:830} INFO - Processing file /home/airflow/dags/model_training_dag.py for tasks to queue
[2026-04-27T01:48:35.862+0000] {logging_mixin.py:188} INFO - [2026-04-27T01:48:35.861+0000] {dagbag.py:538} INFO - Filling up the DagBag from /home/airflow/dags/model_training_dag.py
[2026-04-27T01:48:36.847+0000] {processor.py:840} INFO - DAG(s) 'model_training_pipeline' retrieved from /home/airflow/dags/model_training_dag.py
[2026-04-27T01:48:36.869+0000] {logging_mixin.py:188} INFO - [2026-04-27T01:48:36.869+0000] {dag.py:3036} INFO - Sync 1 DAGs
[2026-04-27T01:48:36.886+0000] {logging_mixin.py:188} INFO - [2026-04-27T01:48:36.886+0000] {dag.py:3823} INFO - Setting next_dagrun for model_training_pipeline to 2026-04-26 00:00:00+00:00, run_after=2026-05-03 00:00:00+00:00
[2026-04-27T01:48:36.910+0000] {processor.py:183} INFO - Processing /home/airflow/dags/model_training_dag.py took 1.053 seconds
[2026-04-27T01:49:07.115+0000] {processor.py:161} INFO - Started process (PID=7547) to work on /home/airflow/dags/model_training_dag.py
[2026-04-27T01:49:07.117+0000] {processor.py:830} INFO - Processing file /home/airflow/dags/model_training_dag.py for tasks to queue
[2026-04-27T01:49:07.120+0000] {logging_mixin.py:188} INFO - [2026-04-27T01:49:07.120+0000] {dagbag.py:538} INFO - Filling up the DagBag from /home/airflow/dags/model_training_dag.py
[2026-04-27T01:49:08.140+0000] {processor.py:840} INFO - DAG(s) 'model_training_pipeline' retrieved from /home/airflow/dags/model_training_dag.py
[2026-04-27T01:49:08.163+0000] {logging_mixin.py:188} INFO - [2026-04-27T01:49:08.163+0000] {dag.py:3036} INFO - Sync 1 DAGs
[2026-04-27T01:49:08.182+0000] {logging_mixin.py:188} INFO - [2026-04-27T01:49:08.182+0000] {dag.py:3823} INFO - Setting next_dagrun for model_training_pipeline to 2026-04-26 00:00:00+00:00, run_after=2026-05-03 00:00:00+00:00
[2026-04-27T01:49:08.205+0000] {processor.py:183} INFO - Processing /home/airflow/dags/model_training_dag.py took 1.095 seconds
[2026-04-27T01:49:38.473+0000] {processor.py:161} INFO - Started process (PID=7592) to work on /home/airflow/dags/model_training_dag.py
[2026-04-27T01:49:38.474+0000] {processor.py:830} INFO - Processing file /home/airflow/dags/model_training_dag.py for tasks to queue
[2026-04-27T01:49:38.475+0000] {logging_mixin.py:188} INFO - [2026-04-27T01:49:38.474+0000] {dagbag.py:538} INFO - Filling up the DagBag from /home/airflow/dags/model_training_dag.py
[2026-04-27T01:49:39.339+0000] {processor.py:840} INFO - DAG(s) 'model_training_pipeline' retrieved from /home/airflow/dags/model_training_dag.py
[2026-04-27T01:49:39.358+0000] {logging_mixin.py:188} INFO - [2026-04-27T01:49:39.357+0000] {dag.py:3036} INFO - Sync 1 DAGs
[2026-04-27T01:49:39.373+0000] {logging_mixin.py:188} INFO - [2026-04-27T01:49:39.373+0000] {dag.py:3823} INFO - Setting next_dagrun for model_training_pipeline to 2026-04-26 00:00:00+00:00, run_after=2026-05-03 00:00:00+00:00
[2026-04-27T01:49:39.393+0000] {processor.py:183} INFO - Processing /home/airflow/dags/model_training_dag.py took 0.923 seconds
[2026-04-27T01:50:09.650+0000] {processor.py:161} INFO - Started process (PID=7637) to work on /home/airflow/dags/model_training_dag.py
[2026-04-27T01:50:09.652+0000] {processor.py:830} INFO - Processing file /home/airflow/dags/model_training_dag.py for tasks to queue
[2026-04-27T01:50:09.653+0000] {logging_mixin.py:188} INFO - [2026-04-27T01:50:09.653+0000] {dagbag.py:538} INFO - Filling up the DagBag from /home/airflow/dags/model_training_dag.py
[2026-04-27T01:50:10.709+0000] {processor.py:840} INFO - DAG(s) 'model_training_pipeline' retrieved from /home/airflow/dags/model_training_dag.py
[2026-04-27T01:50:10.734+0000] {logging_mixin.py:188} INFO - [2026-04-27T01:50:10.733+0000] {dag.py:3036} INFO - Sync 1 DAGs
[2026-04-27T01:50:10.754+0000] {logging_mixin.py:188} INFO - [2026-04-27T01:50:10.754+0000] {dag.py:3823} INFO - Setting next_dagrun for model_training_pipeline to 2026-04-26 00:00:00+00:00, run_after=2026-05-03 00:00:00+00:00
[2026-04-27T01:50:10.776+0000] {processor.py:183} INFO - Processing /home/airflow/dags/model_training_dag.py took 1.129 seconds
[2026-04-27T01:50:41.396+0000] {processor.py:161} INFO - Started process (PID=7682) to work on /home/airflow/dags/model_training_dag.py
[2026-04-27T01:50:41.398+0000] {processor.py:830} INFO - Processing file /home/airflow/dags/model_training_dag.py for tasks to queue
[2026-04-27T01:50:41.399+0000] {logging_mixin.py:188} INFO - [2026-04-27T01:50:41.398+0000] {dagbag.py:538} INFO - Filling up the DagBag from /home/airflow/dags/model_training_dag.py
[2026-04-27T01:50:42.602+0000] {processor.py:840} INFO - DAG(s) 'model_training_pipeline' retrieved from /home/airflow/dags/model_training_dag.py
[2026-04-27T01:50:42.633+0000] {logging_mixin.py:188} INFO - [2026-04-27T01:50:42.633+0000] {dag.py:3036} INFO - Sync 1 DAGs
[2026-04-27T01:50:42.661+0000] {logging_mixin.py:188} INFO - [2026-04-27T01:50:42.661+0000] {dag.py:3823} INFO - Setting next_dagrun for model_training_pipeline to 2026-04-26 00:00:00+00:00, run_after=2026-05-03 00:00:00+00:00
[2026-04-27T01:50:42.689+0000] {processor.py:183} INFO - Processing /home/airflow/dags/model_training_dag.py took 1.297 seconds
[2026-04-27T01:51:13.127+0000] {processor.py:161} INFO - Started process (PID=7727) to work on /home/airflow/dags/model_training_dag.py
[2026-04-27T01:51:13.128+0000] {processor.py:830} INFO - Processing file /home/airflow/dags/model_training_dag.py for tasks to queue
[2026-04-27T01:51:13.130+0000] {logging_mixin.py:188} INFO - [2026-04-27T01:51:13.129+0000] {dagbag.py:538} INFO - Filling up the DagBag from /home/airflow/dags/model_training_dag.py
[2026-04-27T01:51:14.195+0000] {processor.py:840} INFO - DAG(s) 'model_training_pipeline' retrieved from /home/airflow/dags/model_training_dag.py
[2026-04-27T01:51:14.223+0000] {logging_mixin.py:188} INFO - [2026-04-27T01:51:14.223+0000] {dag.py:3036} INFO - Sync 1 DAGs
[2026-04-27T01:51:14.249+0000] {logging_mixin.py:188} INFO - [2026-04-27T01:51:14.248+0000] {dag.py:3823} INFO - Setting next_dagrun for model_training_pipeline to 2026-04-26 00:00:00+00:00, run_after=2026-05-03 00:00:00+00:00
[2026-04-27T01:51:14.276+0000] {processor.py:183} INFO - Processing /home/airflow/dags/model_training_dag.py took 1.154 seconds
[2026-04-27T01:51:44.640+0000] {processor.py:161} INFO - Started process (PID=7772) to work on /home/airflow/dags/model_training_dag.py
[2026-04-27T01:51:44.642+0000] {processor.py:830} INFO - Processing file /home/airflow/dags/model_training_dag.py for tasks to queue
[2026-04-27T01:51:44.644+0000] {logging_mixin.py:188} INFO - [2026-04-27T01:51:44.643+0000] {dagbag.py:538} INFO - Filling up the DagBag from /home/airflow/dags/model_training_dag.py
[2026-04-27T01:51:45.900+0000] {processor.py:840} INFO - DAG(s) 'model_training_pipeline' retrieved from /home/airflow/dags/model_training_dag.py
[2026-04-27T01:51:45.933+0000] {logging_mixin.py:188} INFO - [2026-04-27T01:51:45.932+0000] {dag.py:3036} INFO - Sync 1 DAGs
[2026-04-27T01:51:45.958+0000] {logging_mixin.py:188} INFO - [2026-04-27T01:51:45.958+0000] {dag.py:3823} INFO - Setting next_dagrun for model_training_pipeline to 2026-04-26 00:00:00+00:00, run_after=2026-05-03 00:00:00+00:00
[2026-04-27T01:51:45.985+0000] {processor.py:183} INFO - Processing /home/airflow/dags/model_training_dag.py took 1.349 seconds
[2026-04-27T01:52:16.065+0000] {processor.py:161} INFO - Started process (PID=7817) to work on /home/airflow/dags/model_training_dag.py
[2026-04-27T01:52:16.067+0000] {processor.py:830} INFO - Processing file /home/airflow/dags/model_training_dag.py for tasks to queue
[2026-04-27T01:52:16.068+0000] {logging_mixin.py:188} INFO - [2026-04-27T01:52:16.068+0000] {dagbag.py:538} INFO - Filling up the DagBag from /home/airflow/dags/model_training_dag.py
[2026-04-27T01:52:17.063+0000] {processor.py:840} INFO - DAG(s) 'model_training_pipeline' retrieved from /home/airflow/dags/model_training_dag.py
[2026-04-27T01:52:17.086+0000] {logging_mixin.py:188} INFO - [2026-04-27T01:52:17.085+0000] {dag.py:3036} INFO - Sync 1 DAGs
[2026-04-27T01:52:17.107+0000] {logging_mixin.py:188} INFO - [2026-04-27T01:52:17.107+0000] {dag.py:3823} INFO - Setting next_dagrun for model_training_pipeline to 2026-04-26 00:00:00+00:00, run_after=2026-05-03 00:00:00+00:00
[2026-04-27T01:52:17.130+0000] {processor.py:183} INFO - Processing /home/airflow/dags/model_training_dag.py took 1.068 seconds
[2026-04-27T01:52:47.278+0000] {processor.py:161} INFO - Started process (PID=7862) to work on /home/airflow/dags/model_training_dag.py
[2026-04-27T01:52:47.280+0000] {processor.py:830} INFO - Processing file /home/airflow/dags/model_training_dag.py for tasks to queue
[2026-04-27T01:52:47.282+0000] {logging_mixin.py:188} INFO - [2026-04-27T01:52:47.281+0000] {dagbag.py:538} INFO - Filling up the DagBag from /home/airflow/dags/model_training_dag.py
[2026-04-27T01:52:48.278+0000] {processor.py:840} INFO - DAG(s) 'model_training_pipeline' retrieved from /home/airflow/dags/model_training_dag.py
[2026-04-27T01:52:48.299+0000] {logging_mixin.py:188} INFO - [2026-04-27T01:52:48.298+0000] {dag.py:3036} INFO - Sync 1 DAGs
[2026-04-27T01:52:48.318+0000] {logging_mixin.py:188} INFO - [2026-04-27T01:52:48.318+0000] {dag.py:3823} INFO - Setting next_dagrun for model_training_pipeline to 2026-04-26 00:00:00+00:00, run_after=2026-05-03 00:00:00+00:00
[2026-04-27T01:52:48.342+0000] {processor.py:183} INFO - Processing /home/airflow/dags/model_training_dag.py took 1.069 seconds
[2026-04-27T01:53:18.434+0000] {processor.py:161} INFO - Started process (PID=7907) to work on /home/airflow/dags/model_training_dag.py
[2026-04-27T01:53:18.437+0000] {processor.py:830} INFO - Processing file /home/airflow/dags/model_training_dag.py for tasks to queue
[2026-04-27T01:53:18.438+0000] {logging_mixin.py:188} INFO - [2026-04-27T01:53:18.438+0000] {dagbag.py:538} INFO - Filling up the DagBag from /home/airflow/dags/model_training_dag.py
[2026-04-27T01:53:19.471+0000] {processor.py:840} INFO - DAG(s) 'model_training_pipeline' retrieved from /home/airflow/dags/model_training_dag.py
[2026-04-27T01:53:19.503+0000] {logging_mixin.py:188} INFO - [2026-04-27T01:53:19.503+0000] {dag.py:3036} INFO - Sync 1 DAGs
[2026-04-27T01:53:19.528+0000] {logging_mixin.py:188} INFO - [2026-04-27T01:53:19.528+0000] {dag.py:3823} INFO - Setting next_dagrun for model_training_pipeline to 2026-04-26 00:00:00+00:00, run_after=2026-05-03 00:00:00+00:00
[2026-04-27T01:53:19.554+0000] {processor.py:183} INFO - Processing /home/airflow/dags/model_training_dag.py took 1.123 seconds
[2026-04-27T01:53:50.262+0000] {processor.py:161} INFO - Started process (PID=7956) to work on /home/airflow/dags/model_training_dag.py
[2026-04-27T01:53:50.263+0000] {processor.py:830} INFO - Processing file /home/airflow/dags/model_training_dag.py for tasks to queue
[2026-04-27T01:53:50.265+0000] {logging_mixin.py:188} INFO - [2026-04-27T01:53:50.264+0000] {dagbag.py:538} INFO - Filling up the DagBag from /home/airflow/dags/model_training_dag.py
[2026-04-27T01:53:52.056+0000] {processor.py:840} INFO - DAG(s) 'model_training_pipeline' retrieved from /home/airflow/dags/model_training_dag.py
[2026-04-27T01:53:52.170+0000] {logging_mixin.py:188} INFO - [2026-04-27T01:53:52.169+0000] {dag.py:3036} INFO - Sync 1 DAGs
[2026-04-27T01:53:52.269+0000] {logging_mixin.py:188} INFO - [2026-04-27T01:53:52.268+0000] {dag.py:3823} INFO - Setting next_dagrun for model_training_pipeline to 2026-04-26 00:00:00+00:00, run_after=2026-05-03 00:00:00+00:00
[2026-04-27T01:53:52.338+0000] {processor.py:183} INFO - Processing /home/airflow/dags/model_training_dag.py took 2.079 seconds
[2026-04-27T01:54:23.095+0000] {processor.py:161} INFO - Started process (PID=8003) to work on /home/airflow/dags/model_training_dag.py
[2026-04-27T01:54:23.097+0000] {processor.py:830} INFO - Processing file /home/airflow/dags/model_training_dag.py for tasks to queue
[2026-04-27T01:54:23.098+0000] {logging_mixin.py:188} INFO - [2026-04-27T01:54:23.098+0000] {dagbag.py:538} INFO - Filling up the DagBag from /home/airflow/dags/model_training_dag.py
[2026-04-27T01:54:24.117+0000] {processor.py:840} INFO - DAG(s) 'model_training_pipeline' retrieved from /home/airflow/dags/model_training_dag.py
[2026-04-27T01:54:24.139+0000] {logging_mixin.py:188} INFO - [2026-04-27T01:54:24.139+0000] {dag.py:3036} INFO - Sync 1 DAGs
[2026-04-27T01:54:24.159+0000] {logging_mixin.py:188} INFO - [2026-04-27T01:54:24.159+0000] {dag.py:3823} INFO - Setting next_dagrun for model_training_pipeline to 2026-04-26 00:00:00+00:00, run_after=2026-05-03 00:00:00+00:00
[2026-04-27T01:54:24.183+0000] {processor.py:183} INFO - Processing /home/airflow/dags/model_training_dag.py took 1.090 seconds
[2026-04-27T01:54:54.679+0000] {processor.py:161} INFO - Started process (PID=8051) to work on /home/airflow/dags/model_training_dag.py
[2026-04-27T01:54:54.681+0000] {processor.py:830} INFO - Processing file /home/airflow/dags/model_training_dag.py for tasks to queue
[2026-04-27T01:54:54.682+0000] {logging_mixin.py:188} INFO - [2026-04-27T01:54:54.682+0000] {dagbag.py:538} INFO - Filling up the DagBag from /home/airflow/dags/model_training_dag.py
[2026-04-27T01:54:55.798+0000] {processor.py:840} INFO - DAG(s) 'model_training_pipeline' retrieved from /home/airflow/dags/model_training_dag.py
[2026-04-27T01:54:55.834+0000] {logging_mixin.py:188} INFO - [2026-04-27T01:54:55.834+0000] {dag.py:3036} INFO - Sync 1 DAGs
[2026-04-27T01:54:55.873+0000] {logging_mixin.py:188} INFO - [2026-04-27T01:54:55.872+0000] {dag.py:3823} INFO - Setting next_dagrun for model_training_pipeline to 2026-04-26 00:00:00+00:00, run_after=2026-05-03 00:00:00+00:00
[2026-04-27T01:54:55.911+0000] {processor.py:183} INFO - Processing /home/airflow/dags/model_training_dag.py took 1.237 seconds
[2026-04-27T01:55:26.324+0000] {processor.py:161} INFO - Started process (PID=8096) to work on /home/airflow/dags/model_training_dag.py
[2026-04-27T01:55:26.326+0000] {processor.py:830} INFO - Processing file /home/airflow/dags/model_training_dag.py for tasks to queue
[2026-04-27T01:55:26.328+0000] {logging_mixin.py:188} INFO - [2026-04-27T01:55:26.327+0000] {dagbag.py:538} INFO - Filling up the DagBag from /home/airflow/dags/model_training_dag.py
[2026-04-27T01:55:27.391+0000] {processor.py:840} INFO - DAG(s) 'model_training_pipeline' retrieved from /home/airflow/dags/model_training_dag.py
[2026-04-27T01:55:27.413+0000] {logging_mixin.py:188} INFO - [2026-04-27T01:55:27.412+0000] {dag.py:3036} INFO - Sync 1 DAGs
[2026-04-27T01:55:27.431+0000] {logging_mixin.py:188} INFO - [2026-04-27T01:55:27.430+0000] {dag.py:3823} INFO - Setting next_dagrun for model_training_pipeline to 2026-04-26 00:00:00+00:00, run_after=2026-05-03 00:00:00+00:00
[2026-04-27T01:55:27.454+0000] {processor.py:183} INFO - Processing /home/airflow/dags/model_training_dag.py took 1.137 seconds
[2026-04-27T01:55:57.826+0000] {processor.py:161} INFO - Started process (PID=8142) to work on /home/airflow/dags/model_training_dag.py
[2026-04-27T01:55:57.828+0000] {processor.py:830} INFO - Processing file /home/airflow/dags/model_training_dag.py for tasks to queue
[2026-04-27T01:55:57.829+0000] {logging_mixin.py:188} INFO - [2026-04-27T01:55:57.829+0000] {dagbag.py:538} INFO - Filling up the DagBag from /home/airflow/dags/model_training_dag.py
[2026-04-27T01:55:58.754+0000] {processor.py:840} INFO - DAG(s) 'model_training_pipeline' retrieved from /home/airflow/dags/model_training_dag.py
[2026-04-27T01:55:58.775+0000] {logging_mixin.py:188} INFO - [2026-04-27T01:55:58.775+0000] {dag.py:3036} INFO - Sync 1 DAGs
[2026-04-27T01:55:58.793+0000] {logging_mixin.py:188} INFO - [2026-04-27T01:55:58.793+0000] {dag.py:3823} INFO - Setting next_dagrun for model_training_pipeline to 2026-04-26 00:00:00+00:00, run_after=2026-05-03 00:00:00+00:00
[2026-04-27T01:55:58.816+0000] {processor.py:183} INFO - Processing /home/airflow/dags/model_training_dag.py took 0.995 seconds
[2026-04-27T01:56:29.180+0000] {processor.py:161} INFO - Started process (PID=8194) to work on /home/airflow/dags/model_training_dag.py
[2026-04-27T01:56:29.186+0000] {processor.py:830} INFO - Processing file /home/airflow/dags/model_training_dag.py for tasks to queue
[2026-04-27T01:56:29.187+0000] {logging_mixin.py:188} INFO - [2026-04-27T01:56:29.187+0000] {dagbag.py:538} INFO - Filling up the DagBag from /home/airflow/dags/model_training_dag.py
[2026-04-27T01:56:29.970+0000] {processor.py:840} INFO - DAG(s) 'model_training_pipeline' retrieved from /home/airflow/dags/model_training_dag.py
[2026-04-27T01:56:29.990+0000] {logging_mixin.py:188} INFO - [2026-04-27T01:56:29.989+0000] {dag.py:3036} INFO - Sync 1 DAGs
[2026-04-27T01:56:30.006+0000] {logging_mixin.py:188} INFO - [2026-04-27T01:56:30.005+0000] {dag.py:3823} INFO - Setting next_dagrun for model_training_pipeline to 2026-04-26 00:00:00+00:00, run_after=2026-05-03 00:00:00+00:00
[2026-04-27T01:56:30.027+0000] {processor.py:183} INFO - Processing /home/airflow/dags/model_training_dag.py took 0.854 seconds
[2026-04-27T01:57:00.168+0000] {processor.py:161} INFO - Started process (PID=8232) to work on /home/airflow/dags/model_training_dag.py
[2026-04-27T01:57:00.172+0000] {processor.py:830} INFO - Processing file /home/airflow/dags/model_training_dag.py for tasks to queue
[2026-04-27T01:57:00.174+0000] {logging_mixin.py:188} INFO - [2026-04-27T01:57:00.173+0000] {dagbag.py:538} INFO - Filling up the DagBag from /home/airflow/dags/model_training_dag.py
[2026-04-27T01:57:01.218+0000] {processor.py:840} INFO - DAG(s) 'model_training_pipeline' retrieved from /home/airflow/dags/model_training_dag.py
[2026-04-27T01:57:01.239+0000] {logging_mixin.py:188} INFO - [2026-04-27T01:57:01.239+0000] {dag.py:3036} INFO - Sync 1 DAGs
[2026-04-27T01:57:01.258+0000] {logging_mixin.py:188} INFO - [2026-04-27T01:57:01.257+0000] {dag.py:3823} INFO - Setting next_dagrun for model_training_pipeline to 2026-04-26 00:00:00+00:00, run_after=2026-05-03 00:00:00+00:00
[2026-04-27T01:57:01.282+0000] {processor.py:183} INFO - Processing /home/airflow/dags/model_training_dag.py took 1.117 seconds
[2026-04-27T01:57:31.622+0000] {processor.py:161} INFO - Started process (PID=8277) to work on /home/airflow/dags/model_training_dag.py
[2026-04-27T01:57:31.624+0000] {processor.py:830} INFO - Processing file /home/airflow/dags/model_training_dag.py for tasks to queue
[2026-04-27T01:57:31.625+0000] {logging_mixin.py:188} INFO - [2026-04-27T01:57:31.624+0000] {dagbag.py:538} INFO - Filling up the DagBag from /home/airflow/dags/model_training_dag.py
[2026-04-27T01:57:32.603+0000] {processor.py:840} INFO - DAG(s) 'model_training_pipeline' retrieved from /home/airflow/dags/model_training_dag.py
[2026-04-27T01:57:32.623+0000] {logging_mixin.py:188} INFO - [2026-04-27T01:57:32.622+0000] {dag.py:3036} INFO - Sync 1 DAGs
[2026-04-27T01:57:32.639+0000] {logging_mixin.py:188} INFO - [2026-04-27T01:57:32.639+0000] {dag.py:3823} INFO - Setting next_dagrun for model_training_pipeline to 2026-04-26 00:00:00+00:00, run_after=2026-05-03 00:00:00+00:00
[2026-04-27T01:57:32.664+0000] {processor.py:183} INFO - Processing /home/airflow/dags/model_training_dag.py took 1.047 seconds
[2026-04-27T01:58:02.818+0000] {processor.py:161} INFO - Started process (PID=8331) to work on /home/airflow/dags/model_training_dag.py
[2026-04-27T01:58:02.819+0000] {processor.py:830} INFO - Processing file /home/airflow/dags/model_training_dag.py for tasks to queue
[2026-04-27T01:58:02.820+0000] {logging_mixin.py:188} INFO - [2026-04-27T01:58:02.820+0000] {dagbag.py:538} INFO - Filling up the DagBag from /home/airflow/dags/model_training_dag.py
[2026-04-27T01:58:03.585+0000] {processor.py:840} INFO - DAG(s) 'model_training_pipeline' retrieved from /home/airflow/dags/model_training_dag.py
[2026-04-27T01:58:03.605+0000] {logging_mixin.py:188} INFO - [2026-04-27T01:58:03.605+0000] {dag.py:3036} INFO - Sync 1 DAGs
[2026-04-27T01:58:03.623+0000] {logging_mixin.py:188} INFO - [2026-04-27T01:58:03.623+0000] {dag.py:3823} INFO - Setting next_dagrun for model_training_pipeline to 2026-04-26 00:00:00+00:00, run_after=2026-05-03 00:00:00+00:00
[2026-04-27T01:58:03.646+0000] {processor.py:183} INFO - Processing /home/airflow/dags/model_training_dag.py took 0.831 seconds
[2026-04-27T01:58:33.877+0000] {processor.py:161} INFO - Started process (PID=8376) to work on /home/airflow/dags/model_training_dag.py
[2026-04-27T01:58:33.878+0000] {processor.py:830} INFO - Processing file /home/airflow/dags/model_training_dag.py for tasks to queue
[2026-04-27T01:58:33.879+0000] {logging_mixin.py:188} INFO - [2026-04-27T01:58:33.878+0000] {dagbag.py:538} INFO - Filling up the DagBag from /home/airflow/dags/model_training_dag.py
[2026-04-27T01:58:34.671+0000] {processor.py:840} INFO - DAG(s) 'model_training_pipeline' retrieved from /home/airflow/dags/model_training_dag.py
[2026-04-27T01:58:34.692+0000] {logging_mixin.py:188} INFO - [2026-04-27T01:58:34.692+0000] {dag.py:3036} INFO - Sync 1 DAGs
[2026-04-27T01:58:34.709+0000] {logging_mixin.py:188} INFO - [2026-04-27T01:58:34.709+0000] {dag.py:3823} INFO - Setting next_dagrun for model_training_pipeline to 2026-04-26 00:00:00+00:00, run_after=2026-05-03 00:00:00+00:00
[2026-04-27T01:58:34.731+0000] {processor.py:183} INFO - Processing /home/airflow/dags/model_training_dag.py took 0.857 seconds
[2026-04-27T01:59:05.393+0000] {processor.py:161} INFO - Started process (PID=8421) to work on /home/airflow/dags/model_training_dag.py
[2026-04-27T01:59:05.394+0000] {processor.py:830} INFO - Processing file /home/airflow/dags/model_training_dag.py for tasks to queue
[2026-04-27T01:59:05.395+0000] {logging_mixin.py:188} INFO - [2026-04-27T01:59:05.395+0000] {dagbag.py:538} INFO - Filling up the DagBag from /home/airflow/dags/model_training_dag.py
[2026-04-27T01:59:06.287+0000] {processor.py:840} INFO - DAG(s) 'model_training_pipeline' retrieved from /home/airflow/dags/model_training_dag.py
[2026-04-27T01:59:06.310+0000] {logging_mixin.py:188} INFO - [2026-04-27T01:59:06.310+0000] {dag.py:3036} INFO - Sync 1 DAGs
[2026-04-27T01:59:06.328+0000] {logging_mixin.py:188} INFO - [2026-04-27T01:59:06.328+0000] {dag.py:3823} INFO - Setting next_dagrun for model_training_pipeline to 2026-04-26 00:00:00+00:00, run_after=2026-05-03 00:00:00+00:00
[2026-04-27T01:59:06.353+0000] {processor.py:183} INFO - Processing /home/airflow/dags/model_training_dag.py took 0.963 seconds
[2026-04-27T01:59:36.724+0000] {processor.py:161} INFO - Started process (PID=8466) to work on /home/airflow/dags/model_training_dag.py
[2026-04-27T01:59:36.725+0000] {processor.py:830} INFO - Processing file /home/airflow/dags/model_training_dag.py for tasks to queue
[2026-04-27T01:59:36.726+0000] {logging_mixin.py:188} INFO - [2026-04-27T01:59:36.726+0000] {dagbag.py:538} INFO - Filling up the DagBag from /home/airflow/dags/model_training_dag.py
[2026-04-27T01:59:37.491+0000] {processor.py:840} INFO - DAG(s) 'model_training_pipeline' retrieved from /home/airflow/dags/model_training_dag.py
[2026-04-27T01:59:37.610+0000] {logging_mixin.py:188} INFO - [2026-04-27T01:59:37.609+0000] {dag.py:3036} INFO - Sync 1 DAGs
[2026-04-27T01:59:37.628+0000] {logging_mixin.py:188} INFO - [2026-04-27T01:59:37.628+0000] {dag.py:3823} INFO - Setting next_dagrun for model_training_pipeline to 2026-04-26 00:00:00+00:00, run_after=2026-05-03 00:00:00+00:00
[2026-04-27T01:59:37.650+0000] {processor.py:183} INFO - Processing /home/airflow/dags/model_training_dag.py took 0.929 seconds
[2026-04-27T02:00:07.898+0000] {processor.py:161} INFO - Started process (PID=8511) to work on /home/airflow/dags/model_training_dag.py
[2026-04-27T02:00:07.900+0000] {processor.py:830} INFO - Processing file /home/airflow/dags/model_training_dag.py for tasks to queue
[2026-04-27T02:00:07.901+0000] {logging_mixin.py:188} INFO - [2026-04-27T02:00:07.900+0000] {dagbag.py:538} INFO - Filling up the DagBag from /home/airflow/dags/model_training_dag.py
[2026-04-27T02:00:08.960+0000] {processor.py:840} INFO - DAG(s) 'model_training_pipeline' retrieved from /home/airflow/dags/model_training_dag.py
[2026-04-27T02:00:08.980+0000] {logging_mixin.py:188} INFO - [2026-04-27T02:00:08.980+0000] {dag.py:3036} INFO - Sync 1 DAGs
[2026-04-27T02:00:08.995+0000] {logging_mixin.py:188} INFO - [2026-04-27T02:00:08.995+0000] {dag.py:3823} INFO - Setting next_dagrun for model_training_pipeline to 2026-04-26 00:00:00+00:00, run_after=2026-05-03 00:00:00+00:00
[2026-04-27T02:00:09.015+0000] {processor.py:183} INFO - Processing /home/airflow/dags/model_training_dag.py took 1.120 seconds
[2026-04-27T02:00:39.913+0000] {processor.py:161} INFO - Started process (PID=8556) to work on /home/airflow/dags/model_training_dag.py
[2026-04-27T02:00:39.914+0000] {processor.py:830} INFO - Processing file /home/airflow/dags/model_training_dag.py for tasks to queue
[2026-04-27T02:00:39.915+0000] {logging_mixin.py:188} INFO - [2026-04-27T02:00:39.915+0000] {dagbag.py:538} INFO - Filling up the DagBag from /home/airflow/dags/model_training_dag.py
[2026-04-27T02:00:40.771+0000] {processor.py:840} INFO - DAG(s) 'model_training_pipeline' retrieved from /home/airflow/dags/model_training_dag.py
[2026-04-27T02:00:40.791+0000] {logging_mixin.py:188} INFO - [2026-04-27T02:00:40.791+0000] {dag.py:3036} INFO - Sync 1 DAGs
[2026-04-27T02:00:40.806+0000] {logging_mixin.py:188} INFO - [2026-04-27T02:00:40.806+0000] {dag.py:3823} INFO - Setting next_dagrun for model_training_pipeline to 2026-04-26 00:00:00+00:00, run_after=2026-05-03 00:00:00+00:00
[2026-04-27T02:00:40.829+0000] {processor.py:183} INFO - Processing /home/airflow/dags/model_training_dag.py took 0.919 seconds
[2026-04-27T02:01:11.147+0000] {processor.py:161} INFO - Started process (PID=8601) to work on /home/airflow/dags/model_training_dag.py
[2026-04-27T02:01:11.148+0000] {processor.py:830} INFO - Processing file /home/airflow/dags/model_training_dag.py for tasks to queue
[2026-04-27T02:01:11.150+0000] {logging_mixin.py:188} INFO - [2026-04-27T02:01:11.149+0000] {dagbag.py:538} INFO - Filling up the DagBag from /home/airflow/dags/model_training_dag.py
[2026-04-27T02:01:12.274+0000] {processor.py:840} INFO - DAG(s) 'model_training_pipeline' retrieved from /home/airflow/dags/model_training_dag.py
[2026-04-27T02:01:12.300+0000] {logging_mixin.py:188} INFO - [2026-04-27T02:01:12.300+0000] {dag.py:3036} INFO - Sync 1 DAGs
[2026-04-27T02:01:12.317+0000] {logging_mixin.py:188} INFO - [2026-04-27T02:01:12.317+0000] {dag.py:3823} INFO - Setting next_dagrun for model_training_pipeline to 2026-04-26 00:00:00+00:00, run_after=2026-05-03 00:00:00+00:00
[2026-04-27T02:01:12.340+0000] {processor.py:183} INFO - Processing /home/airflow/dags/model_training_dag.py took 1.197 seconds
[2026-04-27T02:01:42.970+0000] {processor.py:161} INFO - Started process (PID=8646) to work on /home/airflow/dags/model_training_dag.py
[2026-04-27T02:01:42.971+0000] {processor.py:830} INFO - Processing file /home/airflow/dags/model_training_dag.py for tasks to queue
[2026-04-27T02:01:42.972+0000] {logging_mixin.py:188} INFO - [2026-04-27T02:01:42.972+0000] {dagbag.py:538} INFO - Filling up the DagBag from /home/airflow/dags/model_training_dag.py
[2026-04-27T02:01:44.047+0000] {processor.py:840} INFO - DAG(s) 'model_training_pipeline' retrieved from /home/airflow/dags/model_training_dag.py
[2026-04-27T02:01:44.066+0000] {logging_mixin.py:188} INFO - [2026-04-27T02:01:44.065+0000] {dag.py:3036} INFO - Sync 1 DAGs
[2026-04-27T02:01:44.082+0000] {logging_mixin.py:188} INFO - [2026-04-27T02:01:44.082+0000] {dag.py:3823} INFO - Setting next_dagrun for model_training_pipeline to 2026-04-26 00:00:00+00:00, run_after=2026-05-03 00:00:00+00:00
[2026-04-27T02:01:44.103+0000] {processor.py:183} INFO - Processing /home/airflow/dags/model_training_dag.py took 1.136 seconds
[2026-04-27T02:02:14.234+0000] {processor.py:161} INFO - Started process (PID=8691) to work on /home/airflow/dags/model_training_dag.py
[2026-04-27T02:02:14.235+0000] {processor.py:830} INFO - Processing file /home/airflow/dags/model_training_dag.py for tasks to queue
[2026-04-27T02:02:14.236+0000] {logging_mixin.py:188} INFO - [2026-04-27T02:02:14.236+0000] {dagbag.py:538} INFO - Filling up the DagBag from /home/airflow/dags/model_training_dag.py
[2026-04-27T02:02:15.116+0000] {processor.py:840} INFO - DAG(s) 'model_training_pipeline' retrieved from /home/airflow/dags/model_training_dag.py
[2026-04-27T02:02:15.136+0000] {logging_mixin.py:188} INFO - [2026-04-27T02:02:15.135+0000] {dag.py:3036} INFO - Sync 1 DAGs
[2026-04-27T02:02:15.152+0000] {logging_mixin.py:188} INFO - [2026-04-27T02:02:15.152+0000] {dag.py:3823} INFO - Setting next_dagrun for model_training_pipeline to 2026-04-26 00:00:00+00:00, run_after=2026-05-03 00:00:00+00:00
[2026-04-27T02:02:15.174+0000] {processor.py:183} INFO - Processing /home/airflow/dags/model_training_dag.py took 0.943 seconds
[2026-04-27T02:02:45.448+0000] {processor.py:161} INFO - Started process (PID=8736) to work on /home/airflow/dags/model_training_dag.py
[2026-04-27T02:02:45.449+0000] {processor.py:830} INFO - Processing file /home/airflow/dags/model_training_dag.py for tasks to queue
[2026-04-27T02:02:45.450+0000] {logging_mixin.py:188} INFO - [2026-04-27T02:02:45.450+0000] {dagbag.py:538} INFO - Filling up the DagBag from /home/airflow/dags/model_training_dag.py
[2026-04-27T02:02:46.425+0000] {processor.py:840} INFO - DAG(s) 'model_training_pipeline' retrieved from /home/airflow/dags/model_training_dag.py
[2026-04-27T02:02:46.448+0000] {logging_mixin.py:188} INFO - [2026-04-27T02:02:46.448+0000] {dag.py:3036} INFO - Sync 1 DAGs
[2026-04-27T02:02:46.470+0000] {logging_mixin.py:188} INFO - [2026-04-27T02:02:46.469+0000] {dag.py:3823} INFO - Setting next_dagrun for model_training_pipeline to 2026-04-26 00:00:00+00:00, run_after=2026-05-03 00:00:00+00:00
[2026-04-27T02:02:46.496+0000] {processor.py:183} INFO - Processing /home/airflow/dags/model_training_dag.py took 1.051 seconds
[2026-04-27T02:03:16.590+0000] {processor.py:161} INFO - Started process (PID=8781) to work on /home/airflow/dags/model_training_dag.py
[2026-04-27T02:03:16.592+0000] {processor.py:830} INFO - Processing file /home/airflow/dags/model_training_dag.py for tasks to queue
[2026-04-27T02:03:16.593+0000] {logging_mixin.py:188} INFO - [2026-04-27T02:03:16.593+0000] {dagbag.py:538} INFO - Filling up the DagBag from /home/airflow/dags/model_training_dag.py
[2026-04-27T02:03:17.494+0000] {processor.py:840} INFO - DAG(s) 'model_training_pipeline' retrieved from /home/airflow/dags/model_training_dag.py
[2026-04-27T02:03:17.517+0000] {logging_mixin.py:188} INFO - [2026-04-27T02:03:17.516+0000] {dag.py:3036} INFO - Sync 1 DAGs
[2026-04-27T02:03:17.532+0000] {logging_mixin.py:188} INFO - [2026-04-27T02:03:17.532+0000] {dag.py:3823} INFO - Setting next_dagrun for model_training_pipeline to 2026-04-26 00:00:00+00:00, run_after=2026-05-03 00:00:00+00:00
[2026-04-27T02:03:17.554+0000] {processor.py:183} INFO - Processing /home/airflow/dags/model_training_dag.py took 0.968 seconds
[2026-04-27T02:03:47.963+0000] {processor.py:161} INFO - Started process (PID=8826) to work on /home/airflow/dags/model_training_dag.py
[2026-04-27T02:03:47.964+0000] {processor.py:830} INFO - Processing file /home/airflow/dags/model_training_dag.py for tasks to queue
[2026-04-27T02:03:47.965+0000] {logging_mixin.py:188} INFO - [2026-04-27T02:03:47.965+0000] {dagbag.py:538} INFO - Filling up the DagBag from /home/airflow/dags/model_training_dag.py
[2026-04-27T02:03:48.942+0000] {processor.py:840} INFO - DAG(s) 'model_training_pipeline' retrieved from /home/airflow/dags/model_training_dag.py
[2026-04-27T02:03:48.964+0000] {logging_mixin.py:188} INFO - [2026-04-27T02:03:48.964+0000] {dag.py:3036} INFO - Sync 1 DAGs
[2026-04-27T02:03:48.980+0000] {logging_mixin.py:188} INFO - [2026-04-27T02:03:48.980+0000] {dag.py:3823} INFO - Setting next_dagrun for model_training_pipeline to 2026-04-26 00:00:00+00:00, run_after=2026-05-03 00:00:00+00:00
[2026-04-27T02:03:49.003+0000] {processor.py:183} INFO - Processing /home/airflow/dags/model_training_dag.py took 1.043 seconds
[2026-04-27T02:04:19.347+0000] {processor.py:161} INFO - Started process (PID=8871) to work on /home/airflow/dags/model_training_dag.py
[2026-04-27T02:04:19.349+0000] {processor.py:830} INFO - Processing file /home/airflow/dags/model_training_dag.py for tasks to queue
[2026-04-27T02:04:19.350+0000] {logging_mixin.py:188} INFO - [2026-04-27T02:04:19.349+0000] {dagbag.py:538} INFO - Filling up the DagBag from /home/airflow/dags/model_training_dag.py
[2026-04-27T02:04:20.169+0000] {processor.py:840} INFO - DAG(s) 'model_training_pipeline' retrieved from /home/airflow/dags/model_training_dag.py
[2026-04-27T02:04:20.189+0000] {logging_mixin.py:188} INFO - [2026-04-27T02:04:20.188+0000] {dag.py:3036} INFO - Sync 1 DAGs
[2026-04-27T02:04:20.204+0000] {logging_mixin.py:188} INFO - [2026-04-27T02:04:20.204+0000] {dag.py:3823} INFO - Setting next_dagrun for model_training_pipeline to 2026-04-26 00:00:00+00:00, run_after=2026-05-03 00:00:00+00:00
[2026-04-27T02:04:20.226+0000] {processor.py:183} INFO - Processing /home/airflow/dags/model_training_dag.py took 0.882 seconds
[2026-04-27T02:04:50.321+0000] {processor.py:161} INFO - Started process (PID=8916) to work on /home/airflow/dags/model_training_dag.py
[2026-04-27T02:04:50.323+0000] {processor.py:830} INFO - Processing file /home/airflow/dags/model_training_dag.py for tasks to queue
[2026-04-27T02:04:50.323+0000] {logging_mixin.py:188} INFO - [2026-04-27T02:04:50.323+0000] {dagbag.py:538} INFO - Filling up the DagBag from /home/airflow/dags/model_training_dag.py
[2026-04-27T02:04:51.109+0000] {processor.py:840} INFO - DAG(s) 'model_training_pipeline' retrieved from /home/airflow/dags/model_training_dag.py
[2026-04-27T02:04:51.128+0000] {logging_mixin.py:188} INFO - [2026-04-27T02:04:51.128+0000] {dag.py:3036} INFO - Sync 1 DAGs
[2026-04-27T02:04:51.145+0000] {logging_mixin.py:188} INFO - [2026-04-27T02:04:51.145+0000] {dag.py:3823} INFO - Setting next_dagrun for model_training_pipeline to 2026-04-26 00:00:00+00:00, run_after=2026-05-03 00:00:00+00:00
[2026-04-27T02:04:51.167+0000] {processor.py:183} INFO - Processing /home/airflow/dags/model_training_dag.py took 0.849 seconds
[2026-04-27T02:05:21.639+0000] {processor.py:161} INFO - Started process (PID=8961) to work on /home/airflow/dags/model_training_dag.py
[2026-04-27T02:05:21.645+0000] {processor.py:830} INFO - Processing file /home/airflow/dags/model_training_dag.py for tasks to queue
[2026-04-27T02:05:21.646+0000] {logging_mixin.py:188} INFO - [2026-04-27T02:05:21.646+0000] {dagbag.py:538} INFO - Filling up the DagBag from /home/airflow/dags/model_training_dag.py
[2026-04-27T02:05:22.661+0000] {processor.py:840} INFO - DAG(s) 'model_training_pipeline' retrieved from /home/airflow/dags/model_training_dag.py
[2026-04-27T02:05:22.684+0000] {logging_mixin.py:188} INFO - [2026-04-27T02:05:22.683+0000] {dag.py:3036} INFO - Sync 1 DAGs
[2026-04-27T02:05:22.706+0000] {logging_mixin.py:188} INFO - [2026-04-27T02:05:22.705+0000] {dag.py:3823} INFO - Setting next_dagrun for model_training_pipeline to 2026-04-26 00:00:00+00:00, run_after=2026-05-03 00:00:00+00:00
[2026-04-27T02:05:22.732+0000] {processor.py:183} INFO - Processing /home/airflow/dags/model_training_dag.py took 1.097 seconds
[2026-04-27T02:05:52.946+0000] {processor.py:161} INFO - Started process (PID=9006) to work on /home/airflow/dags/model_training_dag.py
[2026-04-27T02:05:52.947+0000] {processor.py:830} INFO - Processing file /home/airflow/dags/model_training_dag.py for tasks to queue
[2026-04-27T02:05:52.948+0000] {logging_mixin.py:188} INFO - [2026-04-27T02:05:52.948+0000] {dagbag.py:538} INFO - Filling up the DagBag from /home/airflow/dags/model_training_dag.py
[2026-04-27T02:05:53.738+0000] {processor.py:840} INFO - DAG(s) 'model_training_pipeline' retrieved from /home/airflow/dags/model_training_dag.py
[2026-04-27T02:05:53.758+0000] {logging_mixin.py:188} INFO - [2026-04-27T02:05:53.757+0000] {dag.py:3036} INFO - Sync 1 DAGs
[2026-04-27T02:05:53.773+0000] {logging_mixin.py:188} INFO - [2026-04-27T02:05:53.773+0000] {dag.py:3823} INFO - Setting next_dagrun for model_training_pipeline to 2026-04-26 00:00:00+00:00, run_after=2026-05-03 00:00:00+00:00
[2026-04-27T02:05:53.795+0000] {processor.py:183} INFO - Processing /home/airflow/dags/model_training_dag.py took 0.853 seconds
[2026-04-27T02:06:23.958+0000] {processor.py:161} INFO - Started process (PID=9051) to work on /home/airflow/dags/model_training_dag.py
[2026-04-27T02:06:23.961+0000] {processor.py:830} INFO - Processing file /home/airflow/dags/model_training_dag.py for tasks to queue
[2026-04-27T02:06:23.963+0000] {logging_mixin.py:188} INFO - [2026-04-27T02:06:23.962+0000] {dagbag.py:538} INFO - Filling up the DagBag from /home/airflow/dags/model_training_dag.py
[2026-04-27T02:06:24.918+0000] {processor.py:840} INFO - DAG(s) 'model_training_pipeline' retrieved from /home/airflow/dags/model_training_dag.py
[2026-04-27T02:06:24.943+0000] {logging_mixin.py:188} INFO - [2026-04-27T02:06:24.943+0000] {dag.py:3036} INFO - Sync 1 DAGs
[2026-04-27T02:06:24.962+0000] {logging_mixin.py:188} INFO - [2026-04-27T02:06:24.962+0000] {dag.py:3823} INFO - Setting next_dagrun for model_training_pipeline to 2026-04-26 00:00:00+00:00, run_after=2026-05-03 00:00:00+00:00
[2026-04-27T02:06:24.989+0000] {processor.py:183} INFO - Processing /home/airflow/dags/model_training_dag.py took 1.042 seconds
[2026-04-27T02:06:55.653+0000] {processor.py:161} INFO - Started process (PID=9096) to work on /home/airflow/dags/model_training_dag.py
[2026-04-27T02:06:55.654+0000] {processor.py:830} INFO - Processing file /home/airflow/dags/model_training_dag.py for tasks to queue
[2026-04-27T02:06:55.655+0000] {logging_mixin.py:188} INFO - [2026-04-27T02:06:55.655+0000] {dagbag.py:538} INFO - Filling up the DagBag from /home/airflow/dags/model_training_dag.py
[2026-04-27T02:06:56.607+0000] {processor.py:840} INFO - DAG(s) 'model_training_pipeline' retrieved from /home/airflow/dags/model_training_dag.py
[2026-04-27T02:06:56.630+0000] {logging_mixin.py:188} INFO - [2026-04-27T02:06:56.630+0000] {dag.py:3036} INFO - Sync 1 DAGs
[2026-04-27T02:06:56.657+0000] {logging_mixin.py:188} INFO - [2026-04-27T02:06:56.657+0000] {dag.py:3823} INFO - Setting next_dagrun for model_training_pipeline to 2026-04-26 00:00:00+00:00, run_after=2026-05-03 00:00:00+00:00
[2026-04-27T02:06:56.684+0000] {processor.py:183} INFO - Processing /home/airflow/dags/model_training_dag.py took 1.036 seconds
[2026-04-27T02:07:26.853+0000] {processor.py:161} INFO - Started process (PID=9141) to work on /home/airflow/dags/model_training_dag.py
[2026-04-27T02:07:26.855+0000] {processor.py:830} INFO - Processing file /home/airflow/dags/model_training_dag.py for tasks to queue
[2026-04-27T02:07:26.856+0000] {logging_mixin.py:188} INFO - [2026-04-27T02:07:26.855+0000] {dagbag.py:538} INFO - Filling up the DagBag from /home/airflow/dags/model_training_dag.py
[2026-04-27T02:07:27.899+0000] {processor.py:840} INFO - DAG(s) 'model_training_pipeline' retrieved from /home/airflow/dags/model_training_dag.py
[2026-04-27T02:07:27.920+0000] {logging_mixin.py:188} INFO - [2026-04-27T02:07:27.920+0000] {dag.py:3036} INFO - Sync 1 DAGs
[2026-04-27T02:07:27.942+0000] {logging_mixin.py:188} INFO - [2026-04-27T02:07:27.941+0000] {dag.py:3823} INFO - Setting next_dagrun for model_training_pipeline to 2026-04-26 00:00:00+00:00, run_after=2026-05-03 00:00:00+00:00
[2026-04-27T02:07:27.973+0000] {processor.py:183} INFO - Processing /home/airflow/dags/model_training_dag.py took 1.124 seconds
[2026-04-27T02:07:58.257+0000] {processor.py:161} INFO - Started process (PID=9186) to work on /home/airflow/dags/model_training_dag.py
[2026-04-27T02:07:58.258+0000] {processor.py:830} INFO - Processing file /home/airflow/dags/model_training_dag.py for tasks to queue
[2026-04-27T02:07:58.260+0000] {logging_mixin.py:188} INFO - [2026-04-27T02:07:58.259+0000] {dagbag.py:538} INFO - Filling up the DagBag from /home/airflow/dags/model_training_dag.py
[2026-04-27T02:07:59.112+0000] {processor.py:840} INFO - DAG(s) 'model_training_pipeline' retrieved from /home/airflow/dags/model_training_dag.py
[2026-04-27T02:07:59.131+0000] {logging_mixin.py:188} INFO - [2026-04-27T02:07:59.130+0000] {dag.py:3036} INFO - Sync 1 DAGs
[2026-04-27T02:07:59.147+0000] {logging_mixin.py:188} INFO - [2026-04-27T02:07:59.147+0000] {dag.py:3823} INFO - Setting next_dagrun for model_training_pipeline to 2026-04-26 00:00:00+00:00, run_after=2026-05-03 00:00:00+00:00
[2026-04-27T02:07:59.166+0000] {processor.py:183} INFO - Processing /home/airflow/dags/model_training_dag.py took 0.912 seconds
[2026-04-27T02:08:29.352+0000] {processor.py:161} INFO - Started process (PID=9231) to work on /home/airflow/dags/model_training_dag.py
[2026-04-27T02:08:29.353+0000] {processor.py:830} INFO - Processing file /home/airflow/dags/model_training_dag.py for tasks to queue
[2026-04-27T02:08:29.354+0000] {logging_mixin.py:188} INFO - [2026-04-27T02:08:29.354+0000] {dagbag.py:538} INFO - Filling up the DagBag from /home/airflow/dags/model_training_dag.py
[2026-04-27T02:08:30.137+0000] {processor.py:840} INFO - DAG(s) 'model_training_pipeline' retrieved from /home/airflow/dags/model_training_dag.py
[2026-04-27T02:08:30.158+0000] {logging_mixin.py:188} INFO - [2026-04-27T02:08:30.158+0000] {dag.py:3036} INFO - Sync 1 DAGs
[2026-04-27T02:08:30.177+0000] {logging_mixin.py:188} INFO - [2026-04-27T02:08:30.176+0000] {dag.py:3823} INFO - Setting next_dagrun for model_training_pipeline to 2026-04-26 00:00:00+00:00, run_after=2026-05-03 00:00:00+00:00
[2026-04-27T02:08:30.203+0000] {processor.py:183} INFO - Processing /home/airflow/dags/model_training_dag.py took 0.854 seconds
[2026-04-27T02:09:00.673+0000] {processor.py:161} INFO - Started process (PID=9276) to work on /home/airflow/dags/model_training_dag.py
[2026-04-27T02:09:00.675+0000] {processor.py:830} INFO - Processing file /home/airflow/dags/model_training_dag.py for tasks to queue
[2026-04-27T02:09:00.676+0000] {logging_mixin.py:188} INFO - [2026-04-27T02:09:00.675+0000] {dagbag.py:538} INFO - Filling up the DagBag from /home/airflow/dags/model_training_dag.py
[2026-04-27T02:09:01.693+0000] {processor.py:840} INFO - DAG(s) 'model_training_pipeline' retrieved from /home/airflow/dags/model_training_dag.py
[2026-04-27T02:09:01.721+0000] {logging_mixin.py:188} INFO - [2026-04-27T02:09:01.720+0000] {dag.py:3036} INFO - Sync 1 DAGs
[2026-04-27T02:09:01.738+0000] {logging_mixin.py:188} INFO - [2026-04-27T02:09:01.738+0000] {dag.py:3823} INFO - Setting next_dagrun for model_training_pipeline to 2026-04-26 00:00:00+00:00, run_after=2026-05-03 00:00:00+00:00
[2026-04-27T02:09:01.765+0000] {processor.py:183} INFO - Processing /home/airflow/dags/model_training_dag.py took 1.096 seconds
[2026-04-27T02:09:31.950+0000] {processor.py:161} INFO - Started process (PID=9321) to work on /home/airflow/dags/model_training_dag.py
[2026-04-27T02:09:31.951+0000] {processor.py:830} INFO - Processing file /home/airflow/dags/model_training_dag.py for tasks to queue
[2026-04-27T02:09:31.952+0000] {logging_mixin.py:188} INFO - [2026-04-27T02:09:31.952+0000] {dagbag.py:538} INFO - Filling up the DagBag from /home/airflow/dags/model_training_dag.py
[2026-04-27T02:09:32.843+0000] {processor.py:840} INFO - DAG(s) 'model_training_pipeline' retrieved from /home/airflow/dags/model_training_dag.py
[2026-04-27T02:09:32.862+0000] {logging_mixin.py:188} INFO - [2026-04-27T02:09:32.862+0000] {dag.py:3036} INFO - Sync 1 DAGs
[2026-04-27T02:09:32.878+0000] {logging_mixin.py:188} INFO - [2026-04-27T02:09:32.878+0000] {dag.py:3823} INFO - Setting next_dagrun for model_training_pipeline to 2026-04-26 00:00:00+00:00, run_after=2026-05-03 00:00:00+00:00
[2026-04-27T02:09:32.899+0000] {processor.py:183} INFO - Processing /home/airflow/dags/model_training_dag.py took 0.948 seconds
[2026-04-27T02:10:03.423+0000] {processor.py:161} INFO - Started process (PID=9366) to work on /home/airflow/dags/model_training_dag.py
[2026-04-27T02:10:03.424+0000] {processor.py:830} INFO - Processing file /home/airflow/dags/model_training_dag.py for tasks to queue
[2026-04-27T02:10:03.425+0000] {logging_mixin.py:188} INFO - [2026-04-27T02:10:03.425+0000] {dagbag.py:538} INFO - Filling up the DagBag from /home/airflow/dags/model_training_dag.py
[2026-04-27T02:10:04.201+0000] {processor.py:840} INFO - DAG(s) 'model_training_pipeline' retrieved from /home/airflow/dags/model_training_dag.py
[2026-04-27T02:10:04.220+0000] {logging_mixin.py:188} INFO - [2026-04-27T02:10:04.220+0000] {dag.py:3036} INFO - Sync 1 DAGs
[2026-04-27T02:10:04.239+0000] {logging_mixin.py:188} INFO - [2026-04-27T02:10:04.239+0000] {dag.py:3823} INFO - Setting next_dagrun for model_training_pipeline to 2026-04-26 00:00:00+00:00, run_after=2026-05-03 00:00:00+00:00
[2026-04-27T02:10:04.262+0000] {processor.py:183} INFO - Processing /home/airflow/dags/model_training_dag.py took 0.842 seconds
[2026-04-27T02:10:34.571+0000] {processor.py:161} INFO - Started process (PID=9411) to work on /home/airflow/dags/model_training_dag.py
[2026-04-27T02:10:34.572+0000] {processor.py:830} INFO - Processing file /home/airflow/dags/model_training_dag.py for tasks to queue
[2026-04-27T02:10:34.573+0000] {logging_mixin.py:188} INFO - [2026-04-27T02:10:34.572+0000] {dagbag.py:538} INFO - Filling up the DagBag from /home/airflow/dags/model_training_dag.py
[2026-04-27T02:10:35.399+0000] {processor.py:840} INFO - DAG(s) 'model_training_pipeline' retrieved from /home/airflow/dags/model_training_dag.py
[2026-04-27T02:10:35.420+0000] {logging_mixin.py:188} INFO - [2026-04-27T02:10:35.420+0000] {dag.py:3036} INFO - Sync 1 DAGs
[2026-04-27T02:10:35.436+0000] {logging_mixin.py:188} INFO - [2026-04-27T02:10:35.435+0000] {dag.py:3823} INFO - Setting next_dagrun for model_training_pipeline to 2026-04-26 00:00:00+00:00, run_after=2026-05-03 00:00:00+00:00
[2026-04-27T02:10:35.458+0000] {processor.py:183} INFO - Processing /home/airflow/dags/model_training_dag.py took 0.890 seconds
[2026-04-27T02:11:05.531+0000] {processor.py:161} INFO - Started process (PID=9456) to work on /home/airflow/dags/model_training_dag.py
[2026-04-27T02:11:05.533+0000] {processor.py:830} INFO - Processing file /home/airflow/dags/model_training_dag.py for tasks to queue
[2026-04-27T02:11:05.534+0000] {logging_mixin.py:188} INFO - [2026-04-27T02:11:05.534+0000] {dagbag.py:538} INFO - Filling up the DagBag from /home/airflow/dags/model_training_dag.py
[2026-04-27T02:11:06.332+0000] {processor.py:840} INFO - DAG(s) 'model_training_pipeline' retrieved from /home/airflow/dags/model_training_dag.py
[2026-04-27T02:11:06.355+0000] {logging_mixin.py:188} INFO - [2026-04-27T02:11:06.354+0000] {dag.py:3036} INFO - Sync 1 DAGs
[2026-04-27T02:11:06.375+0000] {logging_mixin.py:188} INFO - [2026-04-27T02:11:06.375+0000] {dag.py:3823} INFO - Setting next_dagrun for model_training_pipeline to 2026-04-26 00:00:00+00:00, run_after=2026-05-03 00:00:00+00:00
[2026-04-27T02:11:06.398+0000] {processor.py:183} INFO - Processing /home/airflow/dags/model_training_dag.py took 0.871 seconds
[2026-04-27T02:11:37.152+0000] {processor.py:161} INFO - Started process (PID=9501) to work on /home/airflow/dags/model_training_dag.py
[2026-04-27T02:11:37.153+0000] {processor.py:830} INFO - Processing file /home/airflow/dags/model_training_dag.py for tasks to queue
[2026-04-27T02:11:37.154+0000] {logging_mixin.py:188} INFO - [2026-04-27T02:11:37.154+0000] {dagbag.py:538} INFO - Filling up the DagBag from /home/airflow/dags/model_training_dag.py
[2026-04-27T02:11:38.029+0000] {processor.py:840} INFO - DAG(s) 'model_training_pipeline' retrieved from /home/airflow/dags/model_training_dag.py
[2026-04-27T02:11:38.050+0000] {logging_mixin.py:188} INFO - [2026-04-27T02:11:38.050+0000] {dag.py:3036} INFO - Sync 1 DAGs
[2026-04-27T02:11:38.066+0000] {logging_mixin.py:188} INFO - [2026-04-27T02:11:38.066+0000] {dag.py:3823} INFO - Setting next_dagrun for model_training_pipeline to 2026-04-26 00:00:00+00:00, run_after=2026-05-03 00:00:00+00:00
[2026-04-27T02:11:38.088+0000] {processor.py:183} INFO - Processing /home/airflow/dags/model_training_dag.py took 0.938 seconds
[2026-04-27T02:12:08.427+0000] {processor.py:161} INFO - Started process (PID=9546) to work on /home/airflow/dags/model_training_dag.py
[2026-04-27T02:12:08.428+0000] {processor.py:830} INFO - Processing file /home/airflow/dags/model_training_dag.py for tasks to queue
[2026-04-27T02:12:08.429+0000] {logging_mixin.py:188} INFO - [2026-04-27T02:12:08.429+0000] {dagbag.py:538} INFO - Filling up the DagBag from /home/airflow/dags/model_training_dag.py
[2026-04-27T02:12:09.436+0000] {processor.py:840} INFO - DAG(s) 'model_training_pipeline' retrieved from /home/airflow/dags/model_training_dag.py
[2026-04-27T02:12:09.459+0000] {logging_mixin.py:188} INFO - [2026-04-27T02:12:09.458+0000] {dag.py:3036} INFO - Sync 1 DAGs
[2026-04-27T02:12:09.480+0000] {logging_mixin.py:188} INFO - [2026-04-27T02:12:09.479+0000] {dag.py:3823} INFO - Setting next_dagrun for model_training_pipeline to 2026-04-26 00:00:00+00:00, run_after=2026-05-03 00:00:00+00:00
[2026-04-27T02:12:09.504+0000] {processor.py:183} INFO - Processing /home/airflow/dags/model_training_dag.py took 1.080 seconds
[2026-04-27T02:12:39.640+0000] {processor.py:161} INFO - Started process (PID=9591) to work on /home/airflow/dags/model_training_dag.py
[2026-04-27T02:12:39.641+0000] {processor.py:830} INFO - Processing file /home/airflow/dags/model_training_dag.py for tasks to queue
[2026-04-27T02:12:39.642+0000] {logging_mixin.py:188} INFO - [2026-04-27T02:12:39.642+0000] {dagbag.py:538} INFO - Filling up the DagBag from /home/airflow/dags/model_training_dag.py
[2026-04-27T02:12:40.412+0000] {processor.py:840} INFO - DAG(s) 'model_training_pipeline' retrieved from /home/airflow/dags/model_training_dag.py
[2026-04-27T02:12:40.432+0000] {logging_mixin.py:188} INFO - [2026-04-27T02:12:40.431+0000] {dag.py:3036} INFO - Sync 1 DAGs
[2026-04-27T02:12:40.449+0000] {logging_mixin.py:188} INFO - [2026-04-27T02:12:40.449+0000] {dag.py:3823} INFO - Setting next_dagrun for model_training_pipeline to 2026-04-26 00:00:00+00:00, run_after=2026-05-03 00:00:00+00:00
[2026-04-27T02:12:40.474+0000] {processor.py:183} INFO - Processing /home/airflow/dags/model_training_dag.py took 0.837 seconds
[2026-04-27T02:13:10.774+0000] {processor.py:161} INFO - Started process (PID=9636) to work on /home/airflow/dags/model_training_dag.py
[2026-04-27T02:13:10.775+0000] {processor.py:830} INFO - Processing file /home/airflow/dags/model_training_dag.py for tasks to queue
[2026-04-27T02:13:10.776+0000] {logging_mixin.py:188} INFO - [2026-04-27T02:13:10.776+0000] {dagbag.py:538} INFO - Filling up the DagBag from /home/airflow/dags/model_training_dag.py
[2026-04-27T02:13:11.556+0000] {processor.py:840} INFO - DAG(s) 'model_training_pipeline' retrieved from /home/airflow/dags/model_training_dag.py
[2026-04-27T02:13:11.578+0000] {logging_mixin.py:188} INFO - [2026-04-27T02:13:11.578+0000] {dag.py:3036} INFO - Sync 1 DAGs
[2026-04-27T02:13:11.596+0000] {logging_mixin.py:188} INFO - [2026-04-27T02:13:11.596+0000] {dag.py:3823} INFO - Setting next_dagrun for model_training_pipeline to 2026-04-26 00:00:00+00:00, run_after=2026-05-03 00:00:00+00:00
[2026-04-27T02:13:11.628+0000] {processor.py:183} INFO - Processing /home/airflow/dags/model_training_dag.py took 0.857 seconds
[2026-04-27T02:13:41.862+0000] {processor.py:161} INFO - Started process (PID=9681) to work on /home/airflow/dags/model_training_dag.py
[2026-04-27T02:13:41.863+0000] {processor.py:830} INFO - Processing file /home/airflow/dags/model_training_dag.py for tasks to queue
[2026-04-27T02:13:41.864+0000] {logging_mixin.py:188} INFO - [2026-04-27T02:13:41.864+0000] {dagbag.py:538} INFO - Filling up the DagBag from /home/airflow/dags/model_training_dag.py
[2026-04-27T02:13:42.653+0000] {processor.py:840} INFO - DAG(s) 'model_training_pipeline' retrieved from /home/airflow/dags/model_training_dag.py
[2026-04-27T02:13:42.673+0000] {logging_mixin.py:188} INFO - [2026-04-27T02:13:42.673+0000] {dag.py:3036} INFO - Sync 1 DAGs
[2026-04-27T02:13:42.688+0000] {logging_mixin.py:188} INFO - [2026-04-27T02:13:42.688+0000] {dag.py:3823} INFO - Setting next_dagrun for model_training_pipeline to 2026-04-26 00:00:00+00:00, run_after=2026-05-03 00:00:00+00:00
[2026-04-27T02:13:42.714+0000] {processor.py:183} INFO - Processing /home/airflow/dags/model_training_dag.py took 0.856 seconds
[2026-04-27T02:14:13.400+0000] {processor.py:161} INFO - Started process (PID=9726) to work on /home/airflow/dags/model_training_dag.py
[2026-04-27T02:14:13.401+0000] {processor.py:830} INFO - Processing file /home/airflow/dags/model_training_dag.py for tasks to queue
[2026-04-27T02:14:13.402+0000] {logging_mixin.py:188} INFO - [2026-04-27T02:14:13.402+0000] {dagbag.py:538} INFO - Filling up the DagBag from /home/airflow/dags/model_training_dag.py
[2026-04-27T02:14:14.190+0000] {processor.py:840} INFO - DAG(s) 'model_training_pipeline' retrieved from /home/airflow/dags/model_training_dag.py
[2026-04-27T02:14:14.212+0000] {logging_mixin.py:188} INFO - [2026-04-27T02:14:14.212+0000] {dag.py:3036} INFO - Sync 1 DAGs
[2026-04-27T02:14:14.229+0000] {logging_mixin.py:188} INFO - [2026-04-27T02:14:14.229+0000] {dag.py:3823} INFO - Setting next_dagrun for model_training_pipeline to 2026-04-26 00:00:00+00:00, run_after=2026-05-03 00:00:00+00:00
[2026-04-27T02:14:14.252+0000] {processor.py:183} INFO - Processing /home/airflow/dags/model_training_dag.py took 0.854 seconds
[2026-04-27T02:14:44.375+0000] {processor.py:161} INFO - Started process (PID=9771) to work on /home/airflow/dags/model_training_dag.py
[2026-04-27T02:14:44.376+0000] {processor.py:830} INFO - Processing file /home/airflow/dags/model_training_dag.py for tasks to queue
[2026-04-27T02:14:44.377+0000] {logging_mixin.py:188} INFO - [2026-04-27T02:14:44.377+0000] {dagbag.py:538} INFO - Filling up the DagBag from /home/airflow/dags/model_training_dag.py
[2026-04-27T02:14:45.192+0000] {processor.py:840} INFO - DAG(s) 'model_training_pipeline' retrieved from /home/airflow/dags/model_training_dag.py
[2026-04-27T02:14:45.211+0000] {logging_mixin.py:188} INFO - [2026-04-27T02:14:45.211+0000] {dag.py:3036} INFO - Sync 1 DAGs
[2026-04-27T02:14:45.228+0000] {logging_mixin.py:188} INFO - [2026-04-27T02:14:45.227+0000] {dag.py:3823} INFO - Setting next_dagrun for model_training_pipeline to 2026-04-26 00:00:00+00:00, run_after=2026-05-03 00:00:00+00:00
[2026-04-27T02:14:45.250+0000] {processor.py:183} INFO - Processing /home/airflow/dags/model_training_dag.py took 0.877 seconds
[2026-04-27T02:15:15.507+0000] {processor.py:161} INFO - Started process (PID=9816) to work on /home/airflow/dags/model_training_dag.py
[2026-04-27T02:15:15.509+0000] {processor.py:830} INFO - Processing file /home/airflow/dags/model_training_dag.py for tasks to queue
[2026-04-27T02:15:15.510+0000] {logging_mixin.py:188} INFO - [2026-04-27T02:15:15.509+0000] {dagbag.py:538} INFO - Filling up the DagBag from /home/airflow/dags/model_training_dag.py
[2026-04-27T02:15:16.449+0000] {processor.py:840} INFO - DAG(s) 'model_training_pipeline' retrieved from /home/airflow/dags/model_training_dag.py
[2026-04-27T02:15:16.475+0000] {logging_mixin.py:188} INFO - [2026-04-27T02:15:16.474+0000] {dag.py:3036} INFO - Sync 1 DAGs
[2026-04-27T02:15:16.499+0000] {logging_mixin.py:188} INFO - [2026-04-27T02:15:16.498+0000] {dag.py:3823} INFO - Setting next_dagrun for model_training_pipeline to 2026-04-26 00:00:00+00:00, run_after=2026-05-03 00:00:00+00:00
[2026-04-27T02:15:16.523+0000] {processor.py:183} INFO - Processing /home/airflow/dags/model_training_dag.py took 1.019 seconds
[2026-04-27T02:15:47.292+0000] {processor.py:161} INFO - Started process (PID=9861) to work on /home/airflow/dags/model_training_dag.py
[2026-04-27T02:15:47.293+0000] {processor.py:830} INFO - Processing file /home/airflow/dags/model_training_dag.py for tasks to queue
[2026-04-27T02:15:47.294+0000] {logging_mixin.py:188} INFO - [2026-04-27T02:15:47.294+0000] {dagbag.py:538} INFO - Filling up the DagBag from /home/airflow/dags/model_training_dag.py
[2026-04-27T02:15:48.109+0000] {processor.py:840} INFO - DAG(s) 'model_training_pipeline' retrieved from /home/airflow/dags/model_training_dag.py
[2026-04-27T02:15:48.128+0000] {logging_mixin.py:188} INFO - [2026-04-27T02:15:48.127+0000] {dag.py:3036} INFO - Sync 1 DAGs
[2026-04-27T02:15:48.143+0000] {logging_mixin.py:188} INFO - [2026-04-27T02:15:48.143+0000] {dag.py:3823} INFO - Setting next_dagrun for model_training_pipeline to 2026-04-26 00:00:00+00:00, run_after=2026-05-03 00:00:00+00:00
[2026-04-27T02:15:48.164+0000] {processor.py:183} INFO - Processing /home/airflow/dags/model_training_dag.py took 0.876 seconds
[2026-04-27T02:16:18.925+0000] {processor.py:161} INFO - Started process (PID=9906) to work on /home/airflow/dags/model_training_dag.py
[2026-04-27T02:16:18.926+0000] {processor.py:830} INFO - Processing file /home/airflow/dags/model_training_dag.py for tasks to queue
[2026-04-27T02:16:18.928+0000] {logging_mixin.py:188} INFO - [2026-04-27T02:16:18.927+0000] {dagbag.py:538} INFO - Filling up the DagBag from /home/airflow/dags/model_training_dag.py
[2026-04-27T02:16:19.746+0000] {processor.py:840} INFO - DAG(s) 'model_training_pipeline' retrieved from /home/airflow/dags/model_training_dag.py
[2026-04-27T02:16:19.768+0000] {logging_mixin.py:188} INFO - [2026-04-27T02:16:19.767+0000] {dag.py:3036} INFO - Sync 1 DAGs
[2026-04-27T02:16:19.790+0000] {logging_mixin.py:188} INFO - [2026-04-27T02:16:19.789+0000] {dag.py:3823} INFO - Setting next_dagrun for model_training_pipeline to 2026-04-26 00:00:00+00:00, run_after=2026-05-03 00:00:00+00:00
[2026-04-27T02:16:19.807+0000] {processor.py:183} INFO - Processing /home/airflow/dags/model_training_dag.py took 0.886 seconds
[2026-04-27T02:16:50.181+0000] {processor.py:161} INFO - Started process (PID=9951) to work on /home/airflow/dags/model_training_dag.py
[2026-04-27T02:16:50.182+0000] {processor.py:830} INFO - Processing file /home/airflow/dags/model_training_dag.py for tasks to queue
[2026-04-27T02:16:50.183+0000] {logging_mixin.py:188} INFO - [2026-04-27T02:16:50.183+0000] {dagbag.py:538} INFO - Filling up the DagBag from /home/airflow/dags/model_training_dag.py
[2026-04-27T02:16:50.953+0000] {processor.py:840} INFO - DAG(s) 'model_training_pipeline' retrieved from /home/airflow/dags/model_training_dag.py
[2026-04-27T02:16:50.976+0000] {logging_mixin.py:188} INFO - [2026-04-27T02:16:50.975+0000] {dag.py:3036} INFO - Sync 1 DAGs
[2026-04-27T02:16:50.996+0000] {logging_mixin.py:188} INFO - [2026-04-27T02:16:50.996+0000] {dag.py:3823} INFO - Setting next_dagrun for model_training_pipeline to 2026-04-26 00:00:00+00:00, run_after=2026-05-03 00:00:00+00:00
[2026-04-27T02:16:51.024+0000] {processor.py:183} INFO - Processing /home/airflow/dags/model_training_dag.py took 0.846 seconds
[2026-04-27T02:17:21.229+0000] {processor.py:161} INFO - Started process (PID=9996) to work on /home/airflow/dags/model_training_dag.py
[2026-04-27T02:17:21.231+0000] {processor.py:830} INFO - Processing file /home/airflow/dags/model_training_dag.py for tasks to queue
[2026-04-27T02:17:21.232+0000] {logging_mixin.py:188} INFO - [2026-04-27T02:17:21.232+0000] {dagbag.py:538} INFO - Filling up the DagBag from /home/airflow/dags/model_training_dag.py
[2026-04-27T02:17:22.013+0000] {processor.py:840} INFO - DAG(s) 'model_training_pipeline' retrieved from /home/airflow/dags/model_training_dag.py
[2026-04-27T02:17:22.033+0000] {logging_mixin.py:188} INFO - [2026-04-27T02:17:22.033+0000] {dag.py:3036} INFO - Sync 1 DAGs
[2026-04-27T02:17:22.051+0000] {logging_mixin.py:188} INFO - [2026-04-27T02:17:22.051+0000] {dag.py:3823} INFO - Setting next_dagrun for model_training_pipeline to 2026-04-26 00:00:00+00:00, run_after=2026-05-03 00:00:00+00:00
[2026-04-27T02:17:22.072+0000] {processor.py:183} INFO - Processing /home/airflow/dags/model_training_dag.py took 0.846 seconds
[2026-04-27T02:17:52.186+0000] {processor.py:161} INFO - Started process (PID=10041) to work on /home/airflow/dags/model_training_dag.py
[2026-04-27T02:17:52.187+0000] {processor.py:830} INFO - Processing file /home/airflow/dags/model_training_dag.py for tasks to queue
[2026-04-27T02:17:52.188+0000] {logging_mixin.py:188} INFO - [2026-04-27T02:17:52.188+0000] {dagbag.py:538} INFO - Filling up the DagBag from /home/airflow/dags/model_training_dag.py
[2026-04-27T02:17:52.968+0000] {processor.py:840} INFO - DAG(s) 'model_training_pipeline' retrieved from /home/airflow/dags/model_training_dag.py
[2026-04-27T02:17:52.989+0000] {logging_mixin.py:188} INFO - [2026-04-27T02:17:52.989+0000] {dag.py:3036} INFO - Sync 1 DAGs
[2026-04-27T02:17:53.007+0000] {logging_mixin.py:188} INFO - [2026-04-27T02:17:53.007+0000] {dag.py:3823} INFO - Setting next_dagrun for model_training_pipeline to 2026-04-26 00:00:00+00:00, run_after=2026-05-03 00:00:00+00:00
[2026-04-27T02:17:53.031+0000] {processor.py:183} INFO - Processing /home/airflow/dags/model_training_dag.py took 0.849 seconds
[2026-04-27T02:18:23.399+0000] {processor.py:161} INFO - Started process (PID=10086) to work on /home/airflow/dags/model_training_dag.py
[2026-04-27T02:18:23.400+0000] {processor.py:830} INFO - Processing file /home/airflow/dags/model_training_dag.py for tasks to queue
[2026-04-27T02:18:23.401+0000] {logging_mixin.py:188} INFO - [2026-04-27T02:18:23.401+0000] {dagbag.py:538} INFO - Filling up the DagBag from /home/airflow/dags/model_training_dag.py
[2026-04-27T02:18:24.172+0000] {processor.py:840} INFO - DAG(s) 'model_training_pipeline' retrieved from /home/airflow/dags/model_training_dag.py
[2026-04-27T02:18:24.191+0000] {logging_mixin.py:188} INFO - [2026-04-27T02:18:24.191+0000] {dag.py:3036} INFO - Sync 1 DAGs
[2026-04-27T02:18:24.212+0000] {logging_mixin.py:188} INFO - [2026-04-27T02:18:24.212+0000] {dag.py:3823} INFO - Setting next_dagrun for model_training_pipeline to 2026-04-26 00:00:00+00:00, run_after=2026-05-03 00:00:00+00:00
[2026-04-27T02:18:24.233+0000] {processor.py:183} INFO - Processing /home/airflow/dags/model_training_dag.py took 0.837 seconds
[2026-04-27T02:18:54.903+0000] {processor.py:161} INFO - Started process (PID=10131) to work on /home/airflow/dags/model_training_dag.py
[2026-04-27T02:18:54.904+0000] {processor.py:830} INFO - Processing file /home/airflow/dags/model_training_dag.py for tasks to queue
[2026-04-27T02:18:54.905+0000] {logging_mixin.py:188} INFO - [2026-04-27T02:18:54.905+0000] {dagbag.py:538} INFO - Filling up the DagBag from /home/airflow/dags/model_training_dag.py
[2026-04-27T02:18:55.747+0000] {processor.py:840} INFO - DAG(s) 'model_training_pipeline' retrieved from /home/airflow/dags/model_training_dag.py
[2026-04-27T02:18:55.771+0000] {logging_mixin.py:188} INFO - [2026-04-27T02:18:55.771+0000] {dag.py:3036} INFO - Sync 1 DAGs
[2026-04-27T02:18:55.790+0000] {logging_mixin.py:188} INFO - [2026-04-27T02:18:55.790+0000] {dag.py:3823} INFO - Setting next_dagrun for model_training_pipeline to 2026-04-26 00:00:00+00:00, run_after=2026-05-03 00:00:00+00:00
[2026-04-27T02:18:55.813+0000] {processor.py:183} INFO - Processing /home/airflow/dags/model_training_dag.py took 0.914 seconds
[2026-04-27T02:19:26.015+0000] {processor.py:161} INFO - Started process (PID=10176) to work on /home/airflow/dags/model_training_dag.py
[2026-04-27T02:19:26.017+0000] {processor.py:830} INFO - Processing file /home/airflow/dags/model_training_dag.py for tasks to queue
[2026-04-27T02:19:26.019+0000] {logging_mixin.py:188} INFO - [2026-04-27T02:19:26.018+0000] {dagbag.py:538} INFO - Filling up the DagBag from /home/airflow/dags/model_training_dag.py
[2026-04-27T02:19:26.912+0000] {processor.py:840} INFO - DAG(s) 'model_training_pipeline' retrieved from /home/airflow/dags/model_training_dag.py
[2026-04-27T02:19:26.933+0000] {logging_mixin.py:188} INFO - [2026-04-27T02:19:26.933+0000] {dag.py:3036} INFO - Sync 1 DAGs
[2026-04-27T02:19:26.952+0000] {logging_mixin.py:188} INFO - [2026-04-27T02:19:26.952+0000] {dag.py:3823} INFO - Setting next_dagrun for model_training_pipeline to 2026-04-26 00:00:00+00:00, run_after=2026-05-03 00:00:00+00:00
[2026-04-27T02:19:26.977+0000] {processor.py:183} INFO - Processing /home/airflow/dags/model_training_dag.py took 0.965 seconds
[2026-04-27T02:19:57.217+0000] {processor.py:161} INFO - Started process (PID=10225) to work on /home/airflow/dags/model_training_dag.py
[2026-04-27T02:19:57.218+0000] {processor.py:830} INFO - Processing file /home/airflow/dags/model_training_dag.py for tasks to queue
[2026-04-27T02:19:57.220+0000] {logging_mixin.py:188} INFO - [2026-04-27T02:19:57.219+0000] {dagbag.py:538} INFO - Filling up the DagBag from /home/airflow/dags/model_training_dag.py
[2026-04-27T02:19:58.409+0000] {processor.py:840} INFO - DAG(s) 'model_training_pipeline' retrieved from /home/airflow/dags/model_training_dag.py
[2026-04-27T02:19:58.431+0000] {logging_mixin.py:188} INFO - [2026-04-27T02:19:58.430+0000] {dag.py:3036} INFO - Sync 1 DAGs
[2026-04-27T02:19:58.448+0000] {logging_mixin.py:188} INFO - [2026-04-27T02:19:58.448+0000] {dag.py:3823} INFO - Setting next_dagrun for model_training_pipeline to 2026-04-26 00:00:00+00:00, run_after=2026-05-03 00:00:00+00:00
[2026-04-27T02:19:58.470+0000] {processor.py:183} INFO - Processing /home/airflow/dags/model_training_dag.py took 1.258 seconds
[2026-04-27T02:20:28.747+0000] {processor.py:161} INFO - Started process (PID=10272) to work on /home/airflow/dags/model_training_dag.py
[2026-04-27T02:20:28.749+0000] {processor.py:830} INFO - Processing file /home/airflow/dags/model_training_dag.py for tasks to queue
[2026-04-27T02:20:28.750+0000] {logging_mixin.py:188} INFO - [2026-04-27T02:20:28.750+0000] {dagbag.py:538} INFO - Filling up the DagBag from /home/airflow/dags/model_training_dag.py
[2026-04-27T02:20:29.720+0000] {processor.py:840} INFO - DAG(s) 'model_training_pipeline' retrieved from /home/airflow/dags/model_training_dag.py
[2026-04-27T02:20:29.743+0000] {logging_mixin.py:188} INFO - [2026-04-27T02:20:29.743+0000] {dag.py:3036} INFO - Sync 1 DAGs
[2026-04-27T02:20:29.873+0000] {logging_mixin.py:188} INFO - [2026-04-27T02:20:29.873+0000] {dag.py:3823} INFO - Setting next_dagrun for model_training_pipeline to 2026-04-26 00:00:00+00:00, run_after=2026-05-03 00:00:00+00:00
[2026-04-27T02:20:29.898+0000] {processor.py:183} INFO - Processing /home/airflow/dags/model_training_dag.py took 1.154 seconds
[2026-04-27T02:21:00.253+0000] {processor.py:161} INFO - Started process (PID=10317) to work on /home/airflow/dags/model_training_dag.py
[2026-04-27T02:21:00.254+0000] {processor.py:830} INFO - Processing file /home/airflow/dags/model_training_dag.py for tasks to queue
[2026-04-27T02:21:00.255+0000] {logging_mixin.py:188} INFO - [2026-04-27T02:21:00.255+0000] {dagbag.py:538} INFO - Filling up the DagBag from /home/airflow/dags/model_training_dag.py
[2026-04-27T02:21:01.026+0000] {processor.py:840} INFO - DAG(s) 'model_training_pipeline' retrieved from /home/airflow/dags/model_training_dag.py
[2026-04-27T02:21:01.047+0000] {logging_mixin.py:188} INFO - [2026-04-27T02:21:01.047+0000] {dag.py:3036} INFO - Sync 1 DAGs
[2026-04-27T02:21:01.158+0000] {logging_mixin.py:188} INFO - [2026-04-27T02:21:01.158+0000] {dag.py:3823} INFO - Setting next_dagrun for model_training_pipeline to 2026-04-26 00:00:00+00:00, run_after=2026-05-03 00:00:00+00:00
[2026-04-27T02:21:01.180+0000] {processor.py:183} INFO - Processing /home/airflow/dags/model_training_dag.py took 0.931 seconds
[2026-04-27T02:21:31.333+0000] {processor.py:161} INFO - Started process (PID=10362) to work on /home/airflow/dags/model_training_dag.py
[2026-04-27T02:21:31.334+0000] {processor.py:830} INFO - Processing file /home/airflow/dags/model_training_dag.py for tasks to queue
[2026-04-27T02:21:31.335+0000] {logging_mixin.py:188} INFO - [2026-04-27T02:21:31.335+0000] {dagbag.py:538} INFO - Filling up the DagBag from /home/airflow/dags/model_training_dag.py
[2026-04-27T02:21:32.237+0000] {processor.py:840} INFO - DAG(s) 'model_training_pipeline' retrieved from /home/airflow/dags/model_training_dag.py
[2026-04-27T02:21:32.380+0000] {logging_mixin.py:188} INFO - [2026-04-27T02:21:32.379+0000] {dag.py:3036} INFO - Sync 1 DAGs
[2026-04-27T02:21:32.402+0000] {logging_mixin.py:188} INFO - [2026-04-27T02:21:32.402+0000] {dag.py:3823} INFO - Setting next_dagrun for model_training_pipeline to 2026-04-26 00:00:00+00:00, run_after=2026-05-03 00:00:00+00:00
[2026-04-27T02:21:32.429+0000] {processor.py:183} INFO - Processing /home/airflow/dags/model_training_dag.py took 1.100 seconds
[2026-04-27T02:22:03.261+0000] {processor.py:161} INFO - Started process (PID=10407) to work on /home/airflow/dags/model_training_dag.py
[2026-04-27T02:22:03.263+0000] {processor.py:830} INFO - Processing file /home/airflow/dags/model_training_dag.py for tasks to queue
[2026-04-27T02:22:03.264+0000] {logging_mixin.py:188} INFO - [2026-04-27T02:22:03.263+0000] {dagbag.py:538} INFO - Filling up the DagBag from /home/airflow/dags/model_training_dag.py
[2026-04-27T02:22:04.180+0000] {processor.py:840} INFO - DAG(s) 'model_training_pipeline' retrieved from /home/airflow/dags/model_training_dag.py
[2026-04-27T02:22:04.200+0000] {logging_mixin.py:188} INFO - [2026-04-27T02:22:04.200+0000] {dag.py:3036} INFO - Sync 1 DAGs
[2026-04-27T02:22:04.216+0000] {logging_mixin.py:188} INFO - [2026-04-27T02:22:04.215+0000] {dag.py:3823} INFO - Setting next_dagrun for model_training_pipeline to 2026-04-26 00:00:00+00:00, run_after=2026-05-03 00:00:00+00:00
[2026-04-27T02:22:04.238+0000] {processor.py:183} INFO - Processing /home/airflow/dags/model_training_dag.py took 0.981 seconds
[2026-04-27T02:22:34.603+0000] {processor.py:161} INFO - Started process (PID=10452) to work on /home/airflow/dags/model_training_dag.py
[2026-04-27T02:22:34.604+0000] {processor.py:830} INFO - Processing file /home/airflow/dags/model_training_dag.py for tasks to queue
[2026-04-27T02:22:34.605+0000] {logging_mixin.py:188} INFO - [2026-04-27T02:22:34.604+0000] {dagbag.py:538} INFO - Filling up the DagBag from /home/airflow/dags/model_training_dag.py
[2026-04-27T02:22:35.583+0000] {processor.py:840} INFO - DAG(s) 'model_training_pipeline' retrieved from /home/airflow/dags/model_training_dag.py
[2026-04-27T02:22:35.608+0000] {logging_mixin.py:188} INFO - [2026-04-27T02:22:35.608+0000] {dag.py:3036} INFO - Sync 1 DAGs
[2026-04-27T02:22:35.629+0000] {logging_mixin.py:188} INFO - [2026-04-27T02:22:35.629+0000] {dag.py:3823} INFO - Setting next_dagrun for model_training_pipeline to 2026-04-26 00:00:00+00:00, run_after=2026-05-03 00:00:00+00:00
[2026-04-27T02:22:35.653+0000] {processor.py:183} INFO - Processing /home/airflow/dags/model_training_dag.py took 1.054 seconds
[2026-04-27T02:23:05.991+0000] {processor.py:161} INFO - Started process (PID=10497) to work on /home/airflow/dags/model_training_dag.py
[2026-04-27T02:23:05.992+0000] {processor.py:830} INFO - Processing file /home/airflow/dags/model_training_dag.py for tasks to queue
[2026-04-27T02:23:05.993+0000] {logging_mixin.py:188} INFO - [2026-04-27T02:23:05.993+0000] {dagbag.py:538} INFO - Filling up the DagBag from /home/airflow/dags/model_training_dag.py
[2026-04-27T02:23:06.961+0000] {processor.py:840} INFO - DAG(s) 'model_training_pipeline' retrieved from /home/airflow/dags/model_training_dag.py
[2026-04-27T02:23:06.983+0000] {logging_mixin.py:188} INFO - [2026-04-27T02:23:06.983+0000] {dag.py:3036} INFO - Sync 1 DAGs
[2026-04-27T02:23:07.002+0000] {logging_mixin.py:188} INFO - [2026-04-27T02:23:07.002+0000] {dag.py:3823} INFO - Setting next_dagrun for model_training_pipeline to 2026-04-26 00:00:00+00:00, run_after=2026-05-03 00:00:00+00:00
[2026-04-27T02:23:07.023+0000] {processor.py:183} INFO - Processing /home/airflow/dags/model_training_dag.py took 1.035 seconds
[2026-04-27T02:23:37.363+0000] {processor.py:161} INFO - Started process (PID=10542) to work on /home/airflow/dags/model_training_dag.py
[2026-04-27T02:23:37.365+0000] {processor.py:830} INFO - Processing file /home/airflow/dags/model_training_dag.py for tasks to queue
[2026-04-27T02:23:37.367+0000] {logging_mixin.py:188} INFO - [2026-04-27T02:23:37.366+0000] {dagbag.py:538} INFO - Filling up the DagBag from /home/airflow/dags/model_training_dag.py
[2026-04-27T02:23:38.305+0000] {processor.py:840} INFO - DAG(s) 'model_training_pipeline' retrieved from /home/airflow/dags/model_training_dag.py
[2026-04-27T02:23:38.327+0000] {logging_mixin.py:188} INFO - [2026-04-27T02:23:38.326+0000] {dag.py:3036} INFO - Sync 1 DAGs
[2026-04-27T02:23:38.343+0000] {logging_mixin.py:188} INFO - [2026-04-27T02:23:38.343+0000] {dag.py:3823} INFO - Setting next_dagrun for model_training_pipeline to 2026-04-26 00:00:00+00:00, run_after=2026-05-03 00:00:00+00:00
[2026-04-27T02:23:38.365+0000] {processor.py:183} INFO - Processing /home/airflow/dags/model_training_dag.py took 1.007 seconds
[2026-04-27T02:24:08.774+0000] {processor.py:161} INFO - Started process (PID=10587) to work on /home/airflow/dags/model_training_dag.py
[2026-04-27T02:24:08.775+0000] {processor.py:830} INFO - Processing file /home/airflow/dags/model_training_dag.py for tasks to queue
[2026-04-27T02:24:08.776+0000] {logging_mixin.py:188} INFO - [2026-04-27T02:24:08.776+0000] {dagbag.py:538} INFO - Filling up the DagBag from /home/airflow/dags/model_training_dag.py
[2026-04-27T02:24:09.698+0000] {processor.py:840} INFO - DAG(s) 'model_training_pipeline' retrieved from /home/airflow/dags/model_training_dag.py
[2026-04-27T02:24:09.723+0000] {logging_mixin.py:188} INFO - [2026-04-27T02:24:09.722+0000] {dag.py:3036} INFO - Sync 1 DAGs
[2026-04-27T02:24:09.743+0000] {logging_mixin.py:188} INFO - [2026-04-27T02:24:09.742+0000] {dag.py:3823} INFO - Setting next_dagrun for model_training_pipeline to 2026-04-26 00:00:00+00:00, run_after=2026-05-03 00:00:00+00:00
[2026-04-27T02:24:09.772+0000] {processor.py:183} INFO - Processing /home/airflow/dags/model_training_dag.py took 1.001 seconds
[2026-04-27T02:24:40.146+0000] {processor.py:161} INFO - Started process (PID=10632) to work on /home/airflow/dags/model_training_dag.py
[2026-04-27T02:24:40.147+0000] {processor.py:830} INFO - Processing file /home/airflow/dags/model_training_dag.py for tasks to queue
[2026-04-27T02:24:40.148+0000] {logging_mixin.py:188} INFO - [2026-04-27T02:24:40.148+0000] {dagbag.py:538} INFO - Filling up the DagBag from /home/airflow/dags/model_training_dag.py
[2026-04-27T02:24:41.103+0000] {processor.py:840} INFO - DAG(s) 'model_training_pipeline' retrieved from /home/airflow/dags/model_training_dag.py
[2026-04-27T02:24:41.122+0000] {logging_mixin.py:188} INFO - [2026-04-27T02:24:41.121+0000] {dag.py:3036} INFO - Sync 1 DAGs
[2026-04-27T02:24:41.138+0000] {logging_mixin.py:188} INFO - [2026-04-27T02:24:41.138+0000] {dag.py:3823} INFO - Setting next_dagrun for model_training_pipeline to 2026-04-26 00:00:00+00:00, run_after=2026-05-03 00:00:00+00:00
[2026-04-27T02:24:41.161+0000] {processor.py:183} INFO - Processing /home/airflow/dags/model_training_dag.py took 1.018 seconds
[2026-04-27T02:25:11.571+0000] {processor.py:161} INFO - Started process (PID=10677) to work on /home/airflow/dags/model_training_dag.py
[2026-04-27T02:25:11.573+0000] {processor.py:830} INFO - Processing file /home/airflow/dags/model_training_dag.py for tasks to queue
[2026-04-27T02:25:11.574+0000] {logging_mixin.py:188} INFO - [2026-04-27T02:25:11.573+0000] {dagbag.py:538} INFO - Filling up the DagBag from /home/airflow/dags/model_training_dag.py
[2026-04-27T02:25:12.378+0000] {processor.py:840} INFO - DAG(s) 'model_training_pipeline' retrieved from /home/airflow/dags/model_training_dag.py
[2026-04-27T02:25:12.399+0000] {logging_mixin.py:188} INFO - [2026-04-27T02:25:12.399+0000] {dag.py:3036} INFO - Sync 1 DAGs
[2026-04-27T02:25:12.416+0000] {logging_mixin.py:188} INFO - [2026-04-27T02:25:12.416+0000] {dag.py:3823} INFO - Setting next_dagrun for model_training_pipeline to 2026-04-26 00:00:00+00:00, run_after=2026-05-03 00:00:00+00:00
[2026-04-27T02:25:12.438+0000] {processor.py:183} INFO - Processing /home/airflow/dags/model_training_dag.py took 0.871 seconds
[2026-04-27T02:25:43.025+0000] {processor.py:161} INFO - Started process (PID=10722) to work on /home/airflow/dags/model_training_dag.py
[2026-04-27T02:25:43.026+0000] {processor.py:830} INFO - Processing file /home/airflow/dags/model_training_dag.py for tasks to queue
[2026-04-27T02:25:43.027+0000] {logging_mixin.py:188} INFO - [2026-04-27T02:25:43.027+0000] {dagbag.py:538} INFO - Filling up the DagBag from /home/airflow/dags/model_training_dag.py
[2026-04-27T02:25:43.907+0000] {processor.py:840} INFO - DAG(s) 'model_training_pipeline' retrieved from /home/airflow/dags/model_training_dag.py
[2026-04-27T02:25:43.927+0000] {logging_mixin.py:188} INFO - [2026-04-27T02:25:43.927+0000] {dag.py:3036} INFO - Sync 1 DAGs
[2026-04-27T02:25:43.943+0000] {logging_mixin.py:188} INFO - [2026-04-27T02:25:43.943+0000] {dag.py:3823} INFO - Setting next_dagrun for model_training_pipeline to 2026-04-26 00:00:00+00:00, run_after=2026-05-03 00:00:00+00:00
[2026-04-27T02:25:43.964+0000] {processor.py:183} INFO - Processing /home/airflow/dags/model_training_dag.py took 0.943 seconds
[2026-04-27T02:26:14.545+0000] {processor.py:161} INFO - Started process (PID=10767) to work on /home/airflow/dags/model_training_dag.py
[2026-04-27T02:26:14.547+0000] {processor.py:830} INFO - Processing file /home/airflow/dags/model_training_dag.py for tasks to queue
[2026-04-27T02:26:14.548+0000] {logging_mixin.py:188} INFO - [2026-04-27T02:26:14.547+0000] {dagbag.py:538} INFO - Filling up the DagBag from /home/airflow/dags/model_training_dag.py
[2026-04-27T02:26:15.468+0000] {processor.py:840} INFO - DAG(s) 'model_training_pipeline' retrieved from /home/airflow/dags/model_training_dag.py
[2026-04-27T02:26:15.488+0000] {logging_mixin.py:188} INFO - [2026-04-27T02:26:15.487+0000] {dag.py:3036} INFO - Sync 1 DAGs
[2026-04-27T02:26:15.504+0000] {logging_mixin.py:188} INFO - [2026-04-27T02:26:15.504+0000] {dag.py:3823} INFO - Setting next_dagrun for model_training_pipeline to 2026-04-26 00:00:00+00:00, run_after=2026-05-03 00:00:00+00:00
[2026-04-27T02:26:15.527+0000] {processor.py:183} INFO - Processing /home/airflow/dags/model_training_dag.py took 0.984 seconds
[2026-04-27T02:26:45.881+0000] {processor.py:161} INFO - Started process (PID=10812) to work on /home/airflow/dags/model_training_dag.py
[2026-04-27T02:26:45.882+0000] {processor.py:830} INFO - Processing file /home/airflow/dags/model_training_dag.py for tasks to queue
[2026-04-27T02:26:45.883+0000] {logging_mixin.py:188} INFO - [2026-04-27T02:26:45.883+0000] {dagbag.py:538} INFO - Filling up the DagBag from /home/airflow/dags/model_training_dag.py
[2026-04-27T02:26:46.682+0000] {processor.py:840} INFO - DAG(s) 'model_training_pipeline' retrieved from /home/airflow/dags/model_training_dag.py
[2026-04-27T02:26:46.703+0000] {logging_mixin.py:188} INFO - [2026-04-27T02:26:46.703+0000] {dag.py:3036} INFO - Sync 1 DAGs
[2026-04-27T02:26:46.721+0000] {logging_mixin.py:188} INFO - [2026-04-27T02:26:46.721+0000] {dag.py:3823} INFO - Setting next_dagrun for model_training_pipeline to 2026-04-26 00:00:00+00:00, run_after=2026-05-03 00:00:00+00:00
[2026-04-27T02:26:46.743+0000] {processor.py:183} INFO - Processing /home/airflow/dags/model_training_dag.py took 0.865 seconds
[2026-04-27T02:27:17.214+0000] {processor.py:161} INFO - Started process (PID=10857) to work on /home/airflow/dags/model_training_dag.py
[2026-04-27T02:27:17.215+0000] {processor.py:830} INFO - Processing file /home/airflow/dags/model_training_dag.py for tasks to queue
[2026-04-27T02:27:17.216+0000] {logging_mixin.py:188} INFO - [2026-04-27T02:27:17.216+0000] {dagbag.py:538} INFO - Filling up the DagBag from /home/airflow/dags/model_training_dag.py
[2026-04-27T02:27:18.252+0000] {processor.py:840} INFO - DAG(s) 'model_training_pipeline' retrieved from /home/airflow/dags/model_training_dag.py
[2026-04-27T02:27:18.271+0000] {logging_mixin.py:188} INFO - [2026-04-27T02:27:18.271+0000] {dag.py:3036} INFO - Sync 1 DAGs
[2026-04-27T02:27:18.286+0000] {logging_mixin.py:188} INFO - [2026-04-27T02:27:18.286+0000] {dag.py:3823} INFO - Setting next_dagrun for model_training_pipeline to 2026-04-26 00:00:00+00:00, run_after=2026-05-03 00:00:00+00:00
[2026-04-27T02:27:18.309+0000] {processor.py:183} INFO - Processing /home/airflow/dags/model_training_dag.py took 1.098 seconds
[2026-04-27T02:27:48.648+0000] {processor.py:161} INFO - Started process (PID=10902) to work on /home/airflow/dags/model_training_dag.py
[2026-04-27T02:27:48.649+0000] {processor.py:830} INFO - Processing file /home/airflow/dags/model_training_dag.py for tasks to queue
[2026-04-27T02:27:48.651+0000] {logging_mixin.py:188} INFO - [2026-04-27T02:27:48.650+0000] {dagbag.py:538} INFO - Filling up the DagBag from /home/airflow/dags/model_training_dag.py
[2026-04-27T02:27:49.618+0000] {processor.py:840} INFO - DAG(s) 'model_training_pipeline' retrieved from /home/airflow/dags/model_training_dag.py
[2026-04-27T02:27:49.651+0000] {logging_mixin.py:188} INFO - [2026-04-27T02:27:49.650+0000] {dag.py:3036} INFO - Sync 1 DAGs
[2026-04-27T02:27:49.687+0000] {logging_mixin.py:188} INFO - [2026-04-27T02:27:49.687+0000] {dag.py:3823} INFO - Setting next_dagrun for model_training_pipeline to 2026-04-26 00:00:00+00:00, run_after=2026-05-03 00:00:00+00:00
[2026-04-27T02:27:49.719+0000] {processor.py:183} INFO - Processing /home/airflow/dags/model_training_dag.py took 1.074 seconds
[2026-04-27T02:28:19.868+0000] {processor.py:161} INFO - Started process (PID=10947) to work on /home/airflow/dags/model_training_dag.py
[2026-04-27T02:28:19.869+0000] {processor.py:830} INFO - Processing file /home/airflow/dags/model_training_dag.py for tasks to queue
[2026-04-27T02:28:19.871+0000] {logging_mixin.py:188} INFO - [2026-04-27T02:28:19.870+0000] {dagbag.py:538} INFO - Filling up the DagBag from /home/airflow/dags/model_training_dag.py
[2026-04-27T02:28:20.665+0000] {processor.py:840} INFO - DAG(s) 'model_training_pipeline' retrieved from /home/airflow/dags/model_training_dag.py
[2026-04-27T02:28:20.687+0000] {logging_mixin.py:188} INFO - [2026-04-27T02:28:20.686+0000] {dag.py:3036} INFO - Sync 1 DAGs
[2026-04-27T02:28:20.703+0000] {logging_mixin.py:188} INFO - [2026-04-27T02:28:20.703+0000] {dag.py:3823} INFO - Setting next_dagrun for model_training_pipeline to 2026-04-26 00:00:00+00:00, run_after=2026-05-03 00:00:00+00:00
[2026-04-27T02:28:20.726+0000] {processor.py:183} INFO - Processing /home/airflow/dags/model_training_dag.py took 0.864 seconds
[2026-04-27T02:28:51.083+0000] {processor.py:161} INFO - Started process (PID=10992) to work on /home/airflow/dags/model_training_dag.py
[2026-04-27T02:28:51.084+0000] {processor.py:830} INFO - Processing file /home/airflow/dags/model_training_dag.py for tasks to queue
[2026-04-27T02:28:51.085+0000] {logging_mixin.py:188} INFO - [2026-04-27T02:28:51.084+0000] {dagbag.py:538} INFO - Filling up the DagBag from /home/airflow/dags/model_training_dag.py
[2026-04-27T02:28:51.883+0000] {processor.py:840} INFO - DAG(s) 'model_training_pipeline' retrieved from /home/airflow/dags/model_training_dag.py
[2026-04-27T02:28:51.907+0000] {logging_mixin.py:188} INFO - [2026-04-27T02:28:51.907+0000] {dag.py:3036} INFO - Sync 1 DAGs
[2026-04-27T02:28:51.926+0000] {logging_mixin.py:188} INFO - [2026-04-27T02:28:51.926+0000] {dag.py:3823} INFO - Setting next_dagrun for model_training_pipeline to 2026-04-26 00:00:00+00:00, run_after=2026-05-03 00:00:00+00:00
[2026-04-27T02:28:51.951+0000] {processor.py:183} INFO - Processing /home/airflow/dags/model_training_dag.py took 0.872 seconds
[2026-04-27T02:29:22.073+0000] {processor.py:161} INFO - Started process (PID=11037) to work on /home/airflow/dags/model_training_dag.py
[2026-04-27T02:29:22.074+0000] {processor.py:830} INFO - Processing file /home/airflow/dags/model_training_dag.py for tasks to queue
[2026-04-27T02:29:22.076+0000] {logging_mixin.py:188} INFO - [2026-04-27T02:29:22.075+0000] {dagbag.py:538} INFO - Filling up the DagBag from /home/airflow/dags/model_training_dag.py
[2026-04-27T02:29:22.880+0000] {processor.py:840} INFO - DAG(s) 'model_training_pipeline' retrieved from /home/airflow/dags/model_training_dag.py
[2026-04-27T02:29:22.899+0000] {logging_mixin.py:188} INFO - [2026-04-27T02:29:22.899+0000] {dag.py:3036} INFO - Sync 1 DAGs
[2026-04-27T02:29:22.915+0000] {logging_mixin.py:188} INFO - [2026-04-27T02:29:22.915+0000] {dag.py:3823} INFO - Setting next_dagrun for model_training_pipeline to 2026-04-26 00:00:00+00:00, run_after=2026-05-03 00:00:00+00:00
[2026-04-27T02:29:22.939+0000] {processor.py:183} INFO - Processing /home/airflow/dags/model_training_dag.py took 0.870 seconds
[2026-04-27T02:29:53.412+0000] {processor.py:161} INFO - Started process (PID=11082) to work on /home/airflow/dags/model_training_dag.py
[2026-04-27T02:29:53.414+0000] {processor.py:830} INFO - Processing file /home/airflow/dags/model_training_dag.py for tasks to queue
[2026-04-27T02:29:53.415+0000] {logging_mixin.py:188} INFO - [2026-04-27T02:29:53.414+0000] {dagbag.py:538} INFO - Filling up the DagBag from /home/airflow/dags/model_training_dag.py
[2026-04-27T02:29:54.305+0000] {processor.py:840} INFO - DAG(s) 'model_training_pipeline' retrieved from /home/airflow/dags/model_training_dag.py
[2026-04-27T02:29:54.326+0000] {logging_mixin.py:188} INFO - [2026-04-27T02:29:54.326+0000] {dag.py:3036} INFO - Sync 1 DAGs
[2026-04-27T02:29:54.343+0000] {logging_mixin.py:188} INFO - [2026-04-27T02:29:54.343+0000] {dag.py:3823} INFO - Setting next_dagrun for model_training_pipeline to 2026-04-26 00:00:00+00:00, run_after=2026-05-03 00:00:00+00:00
[2026-04-27T02:29:54.365+0000] {processor.py:183} INFO - Processing /home/airflow/dags/model_training_dag.py took 0.957 seconds
[2026-04-27T02:30:24.804+0000] {processor.py:161} INFO - Started process (PID=11127) to work on /home/airflow/dags/model_training_dag.py
[2026-04-27T02:30:24.806+0000] {processor.py:830} INFO - Processing file /home/airflow/dags/model_training_dag.py for tasks to queue
[2026-04-27T02:30:24.807+0000] {logging_mixin.py:188} INFO - [2026-04-27T02:30:24.806+0000] {dagbag.py:538} INFO - Filling up the DagBag from /home/airflow/dags/model_training_dag.py
[2026-04-27T02:30:25.614+0000] {processor.py:840} INFO - DAG(s) 'model_training_pipeline' retrieved from /home/airflow/dags/model_training_dag.py
[2026-04-27T02:30:25.634+0000] {logging_mixin.py:188} INFO - [2026-04-27T02:30:25.633+0000] {dag.py:3036} INFO - Sync 1 DAGs
[2026-04-27T02:30:25.651+0000] {logging_mixin.py:188} INFO - [2026-04-27T02:30:25.651+0000] {dag.py:3823} INFO - Setting next_dagrun for model_training_pipeline to 2026-04-26 00:00:00+00:00, run_after=2026-05-03 00:00:00+00:00
[2026-04-27T02:30:25.672+0000] {processor.py:183} INFO - Processing /home/airflow/dags/model_training_dag.py took 0.872 seconds
[2026-04-27T02:30:56.276+0000] {processor.py:161} INFO - Started process (PID=11172) to work on /home/airflow/dags/model_training_dag.py
[2026-04-27T02:30:56.277+0000] {processor.py:830} INFO - Processing file /home/airflow/dags/model_training_dag.py for tasks to queue
[2026-04-27T02:30:56.278+0000] {logging_mixin.py:188} INFO - [2026-04-27T02:30:56.278+0000] {dagbag.py:538} INFO - Filling up the DagBag from /home/airflow/dags/model_training_dag.py
[2026-04-27T02:30:57.208+0000] {processor.py:840} INFO - DAG(s) 'model_training_pipeline' retrieved from /home/airflow/dags/model_training_dag.py
[2026-04-27T02:30:57.228+0000] {logging_mixin.py:188} INFO - [2026-04-27T02:30:57.228+0000] {dag.py:3036} INFO - Sync 1 DAGs
[2026-04-27T02:30:57.244+0000] {logging_mixin.py:188} INFO - [2026-04-27T02:30:57.244+0000] {dag.py:3823} INFO - Setting next_dagrun for model_training_pipeline to 2026-04-26 00:00:00+00:00, run_after=2026-05-03 00:00:00+00:00
[2026-04-27T02:30:57.266+0000] {processor.py:183} INFO - Processing /home/airflow/dags/model_training_dag.py took 0.994 seconds
[2026-04-27T02:31:27.609+0000] {processor.py:161} INFO - Started process (PID=11217) to work on /home/airflow/dags/model_training_dag.py
[2026-04-27T02:31:27.611+0000] {processor.py:830} INFO - Processing file /home/airflow/dags/model_training_dag.py for tasks to queue
[2026-04-27T02:31:27.612+0000] {logging_mixin.py:188} INFO - [2026-04-27T02:31:27.612+0000] {dagbag.py:538} INFO - Filling up the DagBag from /home/airflow/dags/model_training_dag.py
[2026-04-27T02:31:28.604+0000] {processor.py:840} INFO - DAG(s) 'model_training_pipeline' retrieved from /home/airflow/dags/model_training_dag.py
[2026-04-27T02:31:28.629+0000] {logging_mixin.py:188} INFO - [2026-04-27T02:31:28.629+0000] {dag.py:3036} INFO - Sync 1 DAGs
[2026-04-27T02:31:28.647+0000] {logging_mixin.py:188} INFO - [2026-04-27T02:31:28.647+0000] {dag.py:3823} INFO - Setting next_dagrun for model_training_pipeline to 2026-04-26 00:00:00+00:00, run_after=2026-05-03 00:00:00+00:00
[2026-04-27T02:31:28.670+0000] {processor.py:183} INFO - Processing /home/airflow/dags/model_training_dag.py took 1.066 seconds
[2026-04-27T02:31:58.840+0000] {processor.py:161} INFO - Started process (PID=11262) to work on /home/airflow/dags/model_training_dag.py
[2026-04-27T02:31:58.842+0000] {processor.py:830} INFO - Processing file /home/airflow/dags/model_training_dag.py for tasks to queue
[2026-04-27T02:31:58.843+0000] {logging_mixin.py:188} INFO - [2026-04-27T02:31:58.842+0000] {dagbag.py:538} INFO - Filling up the DagBag from /home/airflow/dags/model_training_dag.py
[2026-04-27T02:31:59.699+0000] {processor.py:840} INFO - DAG(s) 'model_training_pipeline' retrieved from /home/airflow/dags/model_training_dag.py
[2026-04-27T02:31:59.719+0000] {logging_mixin.py:188} INFO - [2026-04-27T02:31:59.719+0000] {dag.py:3036} INFO - Sync 1 DAGs
[2026-04-27T02:31:59.735+0000] {logging_mixin.py:188} INFO - [2026-04-27T02:31:59.735+0000] {dag.py:3823} INFO - Setting next_dagrun for model_training_pipeline to 2026-04-26 00:00:00+00:00, run_after=2026-05-03 00:00:00+00:00
[2026-04-27T02:31:59.757+0000] {processor.py:183} INFO - Processing /home/airflow/dags/model_training_dag.py took 0.921 seconds
[2026-04-27T02:32:30.030+0000] {processor.py:161} INFO - Started process (PID=11307) to work on /home/airflow/dags/model_training_dag.py
[2026-04-27T02:32:30.031+0000] {processor.py:830} INFO - Processing file /home/airflow/dags/model_training_dag.py for tasks to queue
[2026-04-27T02:32:30.033+0000] {logging_mixin.py:188} INFO - [2026-04-27T02:32:30.032+0000] {dagbag.py:538} INFO - Filling up the DagBag from /home/airflow/dags/model_training_dag.py
[2026-04-27T02:32:31.049+0000] {processor.py:840} INFO - DAG(s) 'model_training_pipeline' retrieved from /home/airflow/dags/model_training_dag.py
[2026-04-27T02:32:31.071+0000] {logging_mixin.py:188} INFO - [2026-04-27T02:32:31.070+0000] {dag.py:3036} INFO - Sync 1 DAGs
[2026-04-27T02:32:31.089+0000] {logging_mixin.py:188} INFO - [2026-04-27T02:32:31.089+0000] {dag.py:3823} INFO - Setting next_dagrun for model_training_pipeline to 2026-04-26 00:00:00+00:00, run_after=2026-05-03 00:00:00+00:00
[2026-04-27T02:32:31.114+0000] {processor.py:183} INFO - Processing /home/airflow/dags/model_training_dag.py took 1.088 seconds
[2026-04-27T02:33:01.284+0000] {processor.py:161} INFO - Started process (PID=11352) to work on /home/airflow/dags/model_training_dag.py
[2026-04-27T02:33:01.285+0000] {processor.py:830} INFO - Processing file /home/airflow/dags/model_training_dag.py for tasks to queue
[2026-04-27T02:33:01.286+0000] {logging_mixin.py:188} INFO - [2026-04-27T02:33:01.286+0000] {dagbag.py:538} INFO - Filling up the DagBag from /home/airflow/dags/model_training_dag.py
[2026-04-27T02:33:02.072+0000] {processor.py:840} INFO - DAG(s) 'model_training_pipeline' retrieved from /home/airflow/dags/model_training_dag.py
[2026-04-27T02:33:02.093+0000] {logging_mixin.py:188} INFO - [2026-04-27T02:33:02.093+0000] {dag.py:3036} INFO - Sync 1 DAGs
[2026-04-27T02:33:02.111+0000] {logging_mixin.py:188} INFO - [2026-04-27T02:33:02.111+0000] {dag.py:3823} INFO - Setting next_dagrun for model_training_pipeline to 2026-04-26 00:00:00+00:00, run_after=2026-05-03 00:00:00+00:00
[2026-04-27T02:33:02.133+0000] {processor.py:183} INFO - Processing /home/airflow/dags/model_training_dag.py took 0.853 seconds
[2026-04-27T02:33:32.337+0000] {processor.py:161} INFO - Started process (PID=11397) to work on /home/airflow/dags/model_training_dag.py
[2026-04-27T02:33:32.340+0000] {processor.py:830} INFO - Processing file /home/airflow/dags/model_training_dag.py for tasks to queue
[2026-04-27T02:33:32.350+0000] {logging_mixin.py:188} INFO - [2026-04-27T02:33:32.341+0000] {dagbag.py:538} INFO - Filling up the DagBag from /home/airflow/dags/model_training_dag.py
[2026-04-27T02:33:33.420+0000] {processor.py:840} INFO - DAG(s) 'model_training_pipeline' retrieved from /home/airflow/dags/model_training_dag.py
[2026-04-27T02:33:33.443+0000] {logging_mixin.py:188} INFO - [2026-04-27T02:33:33.443+0000] {dag.py:3036} INFO - Sync 1 DAGs
[2026-04-27T02:33:33.462+0000] {logging_mixin.py:188} INFO - [2026-04-27T02:33:33.461+0000] {dag.py:3823} INFO - Setting next_dagrun for model_training_pipeline to 2026-04-26 00:00:00+00:00, run_after=2026-05-03 00:00:00+00:00
[2026-04-27T02:33:33.487+0000] {processor.py:183} INFO - Processing /home/airflow/dags/model_training_dag.py took 1.158 seconds
[2026-04-27T02:34:03.758+0000] {processor.py:161} INFO - Started process (PID=11442) to work on /home/airflow/dags/model_training_dag.py
[2026-04-27T02:34:03.760+0000] {processor.py:830} INFO - Processing file /home/airflow/dags/model_training_dag.py for tasks to queue
[2026-04-27T02:34:03.761+0000] {logging_mixin.py:188} INFO - [2026-04-27T02:34:03.761+0000] {dagbag.py:538} INFO - Filling up the DagBag from /home/airflow/dags/model_training_dag.py
[2026-04-27T02:34:04.829+0000] {processor.py:840} INFO - DAG(s) 'model_training_pipeline' retrieved from /home/airflow/dags/model_training_dag.py
[2026-04-27T02:34:04.850+0000] {logging_mixin.py:188} INFO - [2026-04-27T02:34:04.850+0000] {dag.py:3036} INFO - Sync 1 DAGs
[2026-04-27T02:34:04.870+0000] {logging_mixin.py:188} INFO - [2026-04-27T02:34:04.870+0000] {dag.py:3823} INFO - Setting next_dagrun for model_training_pipeline to 2026-04-26 00:00:00+00:00, run_after=2026-05-03 00:00:00+00:00
[2026-04-27T02:34:04.894+0000] {processor.py:183} INFO - Processing /home/airflow/dags/model_training_dag.py took 1.139 seconds
[2026-04-27T02:34:35.447+0000] {processor.py:161} INFO - Started process (PID=11487) to work on /home/airflow/dags/model_training_dag.py
[2026-04-27T02:34:35.448+0000] {processor.py:830} INFO - Processing file /home/airflow/dags/model_training_dag.py for tasks to queue
[2026-04-27T02:34:35.449+0000] {logging_mixin.py:188} INFO - [2026-04-27T02:34:35.448+0000] {dagbag.py:538} INFO - Filling up the DagBag from /home/airflow/dags/model_training_dag.py
[2026-04-27T02:34:36.256+0000] {processor.py:840} INFO - DAG(s) 'model_training_pipeline' retrieved from /home/airflow/dags/model_training_dag.py
[2026-04-27T02:34:36.278+0000] {logging_mixin.py:188} INFO - [2026-04-27T02:34:36.277+0000] {dag.py:3036} INFO - Sync 1 DAGs
[2026-04-27T02:34:36.294+0000] {logging_mixin.py:188} INFO - [2026-04-27T02:34:36.294+0000] {dag.py:3823} INFO - Setting next_dagrun for model_training_pipeline to 2026-04-26 00:00:00+00:00, run_after=2026-05-03 00:00:00+00:00
[2026-04-27T02:34:36.316+0000] {processor.py:183} INFO - Processing /home/airflow/dags/model_training_dag.py took 0.872 seconds
[2026-04-27T02:35:06.740+0000] {processor.py:161} INFO - Started process (PID=11532) to work on /home/airflow/dags/model_training_dag.py
[2026-04-27T02:35:06.742+0000] {processor.py:830} INFO - Processing file /home/airflow/dags/model_training_dag.py for tasks to queue
[2026-04-27T02:35:06.744+0000] {logging_mixin.py:188} INFO - [2026-04-27T02:35:06.743+0000] {dagbag.py:538} INFO - Filling up the DagBag from /home/airflow/dags/model_training_dag.py
[2026-04-27T02:35:07.733+0000] {processor.py:840} INFO - DAG(s) 'model_training_pipeline' retrieved from /home/airflow/dags/model_training_dag.py
[2026-04-27T02:35:07.754+0000] {logging_mixin.py:188} INFO - [2026-04-27T02:35:07.754+0000] {dag.py:3036} INFO - Sync 1 DAGs
[2026-04-27T02:35:07.772+0000] {logging_mixin.py:188} INFO - [2026-04-27T02:35:07.772+0000] {dag.py:3823} INFO - Setting next_dagrun for model_training_pipeline to 2026-04-26 00:00:00+00:00, run_after=2026-05-03 00:00:00+00:00
[2026-04-27T02:35:07.795+0000] {processor.py:183} INFO - Processing /home/airflow/dags/model_training_dag.py took 1.060 seconds
[2026-04-27T02:35:37.928+0000] {processor.py:161} INFO - Started process (PID=11577) to work on /home/airflow/dags/model_training_dag.py
[2026-04-27T02:35:37.929+0000] {processor.py:830} INFO - Processing file /home/airflow/dags/model_training_dag.py for tasks to queue
[2026-04-27T02:35:37.931+0000] {logging_mixin.py:188} INFO - [2026-04-27T02:35:37.931+0000] {dagbag.py:538} INFO - Filling up the DagBag from /home/airflow/dags/model_training_dag.py
[2026-04-27T02:35:38.994+0000] {processor.py:840} INFO - DAG(s) 'model_training_pipeline' retrieved from /home/airflow/dags/model_training_dag.py
[2026-04-27T02:35:39.017+0000] {logging_mixin.py:188} INFO - [2026-04-27T02:35:39.017+0000] {dag.py:3036} INFO - Sync 1 DAGs
[2026-04-27T02:35:39.034+0000] {logging_mixin.py:188} INFO - [2026-04-27T02:35:39.034+0000] {dag.py:3823} INFO - Setting next_dagrun for model_training_pipeline to 2026-04-26 00:00:00+00:00, run_after=2026-05-03 00:00:00+00:00
[2026-04-27T02:35:39.058+0000] {processor.py:183} INFO - Processing /home/airflow/dags/model_training_dag.py took 1.133 seconds
[2026-04-27T02:36:09.699+0000] {processor.py:161} INFO - Started process (PID=11622) to work on /home/airflow/dags/model_training_dag.py
[2026-04-27T02:36:09.700+0000] {processor.py:830} INFO - Processing file /home/airflow/dags/model_training_dag.py for tasks to queue
[2026-04-27T02:36:09.701+0000] {logging_mixin.py:188} INFO - [2026-04-27T02:36:09.701+0000] {dagbag.py:538} INFO - Filling up the DagBag from /home/airflow/dags/model_training_dag.py
[2026-04-27T02:36:10.534+0000] {processor.py:840} INFO - DAG(s) 'model_training_pipeline' retrieved from /home/airflow/dags/model_training_dag.py
[2026-04-27T02:36:10.554+0000] {logging_mixin.py:188} INFO - [2026-04-27T02:36:10.554+0000] {dag.py:3036} INFO - Sync 1 DAGs
[2026-04-27T02:36:10.571+0000] {logging_mixin.py:188} INFO - [2026-04-27T02:36:10.570+0000] {dag.py:3823} INFO - Setting next_dagrun for model_training_pipeline to 2026-04-26 00:00:00+00:00, run_after=2026-05-03 00:00:00+00:00
[2026-04-27T02:36:10.592+0000] {processor.py:183} INFO - Processing /home/airflow/dags/model_training_dag.py took 0.897 seconds
[2026-04-27T02:36:40.956+0000] {processor.py:161} INFO - Started process (PID=11667) to work on /home/airflow/dags/model_training_dag.py
[2026-04-27T02:36:40.957+0000] {processor.py:830} INFO - Processing file /home/airflow/dags/model_training_dag.py for tasks to queue
[2026-04-27T02:36:40.958+0000] {logging_mixin.py:188} INFO - [2026-04-27T02:36:40.958+0000] {dagbag.py:538} INFO - Filling up the DagBag from /home/airflow/dags/model_training_dag.py
[2026-04-27T02:36:41.811+0000] {processor.py:840} INFO - DAG(s) 'model_training_pipeline' retrieved from /home/airflow/dags/model_training_dag.py
[2026-04-27T02:36:41.831+0000] {logging_mixin.py:188} INFO - [2026-04-27T02:36:41.831+0000] {dag.py:3036} INFO - Sync 1 DAGs
[2026-04-27T02:36:41.847+0000] {logging_mixin.py:188} INFO - [2026-04-27T02:36:41.847+0000] {dag.py:3823} INFO - Setting next_dagrun for model_training_pipeline to 2026-04-26 00:00:00+00:00, run_after=2026-05-03 00:00:00+00:00
[2026-04-27T02:36:41.870+0000] {processor.py:183} INFO - Processing /home/airflow/dags/model_training_dag.py took 0.919 seconds
[2026-04-27T02:37:11.962+0000] {processor.py:161} INFO - Started process (PID=11712) to work on /home/airflow/dags/model_training_dag.py
[2026-04-27T02:37:11.963+0000] {processor.py:830} INFO - Processing file /home/airflow/dags/model_training_dag.py for tasks to queue
[2026-04-27T02:37:11.965+0000] {logging_mixin.py:188} INFO - [2026-04-27T02:37:11.964+0000] {dagbag.py:538} INFO - Filling up the DagBag from /home/airflow/dags/model_training_dag.py
[2026-04-27T02:37:12.734+0000] {processor.py:840} INFO - DAG(s) 'model_training_pipeline' retrieved from /home/airflow/dags/model_training_dag.py
[2026-04-27T02:37:12.753+0000] {logging_mixin.py:188} INFO - [2026-04-27T02:37:12.753+0000] {dag.py:3036} INFO - Sync 1 DAGs
[2026-04-27T02:37:12.771+0000] {logging_mixin.py:188} INFO - [2026-04-27T02:37:12.771+0000] {dag.py:3823} INFO - Setting next_dagrun for model_training_pipeline to 2026-04-26 00:00:00+00:00, run_after=2026-05-03 00:00:00+00:00
[2026-04-27T02:37:12.792+0000] {processor.py:183} INFO - Processing /home/airflow/dags/model_training_dag.py took 0.833 seconds
[2026-04-27T02:37:43.286+0000] {processor.py:161} INFO - Started process (PID=11757) to work on /home/airflow/dags/model_training_dag.py
[2026-04-27T02:37:43.288+0000] {processor.py:830} INFO - Processing file /home/airflow/dags/model_training_dag.py for tasks to queue
[2026-04-27T02:37:43.289+0000] {logging_mixin.py:188} INFO - [2026-04-27T02:37:43.289+0000] {dagbag.py:538} INFO - Filling up the DagBag from /home/airflow/dags/model_training_dag.py
[2026-04-27T02:37:44.211+0000] {processor.py:840} INFO - DAG(s) 'model_training_pipeline' retrieved from /home/airflow/dags/model_training_dag.py
[2026-04-27T02:37:44.247+0000] {logging_mixin.py:188} INFO - [2026-04-27T02:37:44.246+0000] {dag.py:3036} INFO - Sync 1 DAGs
[2026-04-27T02:37:44.277+0000] {logging_mixin.py:188} INFO - [2026-04-27T02:37:44.276+0000] {dag.py:3823} INFO - Setting next_dagrun for model_training_pipeline to 2026-04-26 00:00:00+00:00, run_after=2026-05-03 00:00:00+00:00
[2026-04-27T02:37:44.303+0000] {processor.py:183} INFO - Processing /home/airflow/dags/model_training_dag.py took 1.021 seconds
[2026-04-27T02:38:14.508+0000] {processor.py:161} INFO - Started process (PID=11802) to work on /home/airflow/dags/model_training_dag.py
[2026-04-27T02:38:14.509+0000] {processor.py:830} INFO - Processing file /home/airflow/dags/model_training_dag.py for tasks to queue
[2026-04-27T02:38:14.510+0000] {logging_mixin.py:188} INFO - [2026-04-27T02:38:14.510+0000] {dagbag.py:538} INFO - Filling up the DagBag from /home/airflow/dags/model_training_dag.py
[2026-04-27T02:38:15.272+0000] {processor.py:840} INFO - DAG(s) 'model_training_pipeline' retrieved from /home/airflow/dags/model_training_dag.py
[2026-04-27T02:38:15.294+0000] {logging_mixin.py:188} INFO - [2026-04-27T02:38:15.294+0000] {dag.py:3036} INFO - Sync 1 DAGs
[2026-04-27T02:38:15.315+0000] {logging_mixin.py:188} INFO - [2026-04-27T02:38:15.315+0000] {dag.py:3823} INFO - Setting next_dagrun for model_training_pipeline to 2026-04-26 00:00:00+00:00, run_after=2026-05-03 00:00:00+00:00
[2026-04-27T02:38:15.338+0000] {processor.py:183} INFO - Processing /home/airflow/dags/model_training_dag.py took 0.835 seconds
[2026-04-27T02:38:45.528+0000] {processor.py:161} INFO - Started process (PID=11847) to work on /home/airflow/dags/model_training_dag.py
[2026-04-27T02:38:45.529+0000] {processor.py:830} INFO - Processing file /home/airflow/dags/model_training_dag.py for tasks to queue
[2026-04-27T02:38:45.531+0000] {logging_mixin.py:188} INFO - [2026-04-27T02:38:45.530+0000] {dagbag.py:538} INFO - Filling up the DagBag from /home/airflow/dags/model_training_dag.py
[2026-04-27T02:38:46.526+0000] {processor.py:840} INFO - DAG(s) 'model_training_pipeline' retrieved from /home/airflow/dags/model_training_dag.py
[2026-04-27T02:38:46.550+0000] {logging_mixin.py:188} INFO - [2026-04-27T02:38:46.550+0000] {dag.py:3036} INFO - Sync 1 DAGs
[2026-04-27T02:38:46.572+0000] {logging_mixin.py:188} INFO - [2026-04-27T02:38:46.572+0000] {dag.py:3823} INFO - Setting next_dagrun for model_training_pipeline to 2026-04-26 00:00:00+00:00, run_after=2026-05-03 00:00:00+00:00
[2026-04-27T02:38:46.598+0000] {processor.py:183} INFO - Processing /home/airflow/dags/model_training_dag.py took 1.074 seconds
[2026-04-27T02:39:16.884+0000] {processor.py:161} INFO - Started process (PID=11892) to work on /home/airflow/dags/model_training_dag.py
[2026-04-27T02:39:16.886+0000] {processor.py:830} INFO - Processing file /home/airflow/dags/model_training_dag.py for tasks to queue
[2026-04-27T02:39:16.888+0000] {logging_mixin.py:188} INFO - [2026-04-27T02:39:16.887+0000] {dagbag.py:538} INFO - Filling up the DagBag from /home/airflow/dags/model_training_dag.py
[2026-04-27T02:39:17.675+0000] {processor.py:840} INFO - DAG(s) 'model_training_pipeline' retrieved from /home/airflow/dags/model_training_dag.py
[2026-04-27T02:39:17.696+0000] {logging_mixin.py:188} INFO - [2026-04-27T02:39:17.695+0000] {dag.py:3036} INFO - Sync 1 DAGs
[2026-04-27T02:39:17.813+0000] {logging_mixin.py:188} INFO - [2026-04-27T02:39:17.813+0000] {dag.py:3823} INFO - Setting next_dagrun for model_training_pipeline to 2026-04-26 00:00:00+00:00, run_after=2026-05-03 00:00:00+00:00
[2026-04-27T02:39:18.013+0000] {processor.py:183} INFO - Processing /home/airflow/dags/model_training_dag.py took 1.136 seconds
[2026-04-27T02:39:48.295+0000] {processor.py:161} INFO - Started process (PID=11937) to work on /home/airflow/dags/model_training_dag.py
[2026-04-27T02:39:48.297+0000] {processor.py:830} INFO - Processing file /home/airflow/dags/model_training_dag.py for tasks to queue
[2026-04-27T02:39:48.299+0000] {logging_mixin.py:188} INFO - [2026-04-27T02:39:48.298+0000] {dagbag.py:538} INFO - Filling up the DagBag from /home/airflow/dags/model_training_dag.py
[2026-04-27T02:39:49.205+0000] {processor.py:840} INFO - DAG(s) 'model_training_pipeline' retrieved from /home/airflow/dags/model_training_dag.py
[2026-04-27T02:39:49.233+0000] {logging_mixin.py:188} INFO - [2026-04-27T02:39:49.232+0000] {dag.py:3036} INFO - Sync 1 DAGs
[2026-04-27T02:39:49.358+0000] {logging_mixin.py:188} INFO - [2026-04-27T02:39:49.358+0000] {dag.py:3823} INFO - Setting next_dagrun for model_training_pipeline to 2026-04-26 00:00:00+00:00, run_after=2026-05-03 00:00:00+00:00
[2026-04-27T02:39:49.378+0000] {processor.py:183} INFO - Processing /home/airflow/dags/model_training_dag.py took 1.097 seconds
[2026-04-27T02:40:19.727+0000] {processor.py:161} INFO - Started process (PID=11982) to work on /home/airflow/dags/model_training_dag.py
[2026-04-27T02:40:19.728+0000] {processor.py:830} INFO - Processing file /home/airflow/dags/model_training_dag.py for tasks to queue
[2026-04-27T02:40:19.730+0000] {logging_mixin.py:188} INFO - [2026-04-27T02:40:19.729+0000] {dagbag.py:538} INFO - Filling up the DagBag from /home/airflow/dags/model_training_dag.py
[2026-04-27T02:40:20.696+0000] {processor.py:840} INFO - DAG(s) 'model_training_pipeline' retrieved from /home/airflow/dags/model_training_dag.py
[2026-04-27T02:40:20.721+0000] {logging_mixin.py:188} INFO - [2026-04-27T02:40:20.720+0000] {dag.py:3036} INFO - Sync 1 DAGs
[2026-04-27T02:40:20.738+0000] {logging_mixin.py:188} INFO - [2026-04-27T02:40:20.737+0000] {dag.py:3823} INFO - Setting next_dagrun for model_training_pipeline to 2026-04-26 00:00:00+00:00, run_after=2026-05-03 00:00:00+00:00
[2026-04-27T02:40:20.760+0000] {processor.py:183} INFO - Processing /home/airflow/dags/model_training_dag.py took 1.036 seconds
[2026-04-27T02:40:51.210+0000] {processor.py:161} INFO - Started process (PID=12027) to work on /home/airflow/dags/model_training_dag.py
[2026-04-27T02:40:51.211+0000] {processor.py:830} INFO - Processing file /home/airflow/dags/model_training_dag.py for tasks to queue
[2026-04-27T02:40:51.212+0000] {logging_mixin.py:188} INFO - [2026-04-27T02:40:51.212+0000] {dagbag.py:538} INFO - Filling up the DagBag from /home/airflow/dags/model_training_dag.py
[2026-04-27T02:40:52.075+0000] {processor.py:840} INFO - DAG(s) 'model_training_pipeline' retrieved from /home/airflow/dags/model_training_dag.py
[2026-04-27T02:40:52.094+0000] {logging_mixin.py:188} INFO - [2026-04-27T02:40:52.094+0000] {dag.py:3036} INFO - Sync 1 DAGs
[2026-04-27T02:40:52.110+0000] {logging_mixin.py:188} INFO - [2026-04-27T02:40:52.110+0000] {dag.py:3823} INFO - Setting next_dagrun for model_training_pipeline to 2026-04-26 00:00:00+00:00, run_after=2026-05-03 00:00:00+00:00
[2026-04-27T02:40:52.132+0000] {processor.py:183} INFO - Processing /home/airflow/dags/model_training_dag.py took 0.927 seconds
[2026-04-27T02:41:22.257+0000] {processor.py:161} INFO - Started process (PID=12072) to work on /home/airflow/dags/model_training_dag.py
[2026-04-27T02:41:22.258+0000] {processor.py:830} INFO - Processing file /home/airflow/dags/model_training_dag.py for tasks to queue
[2026-04-27T02:41:22.259+0000] {logging_mixin.py:188} INFO - [2026-04-27T02:41:22.259+0000] {dagbag.py:538} INFO - Filling up the DagBag from /home/airflow/dags/model_training_dag.py
[2026-04-27T02:41:23.117+0000] {processor.py:840} INFO - DAG(s) 'model_training_pipeline' retrieved from /home/airflow/dags/model_training_dag.py
[2026-04-27T02:41:23.135+0000] {logging_mixin.py:188} INFO - [2026-04-27T02:41:23.135+0000] {dag.py:3036} INFO - Sync 1 DAGs
[2026-04-27T02:41:23.155+0000] {logging_mixin.py:188} INFO - [2026-04-27T02:41:23.154+0000] {dag.py:3823} INFO - Setting next_dagrun for model_training_pipeline to 2026-04-26 00:00:00+00:00, run_after=2026-05-03 00:00:00+00:00
[2026-04-27T02:41:23.179+0000] {processor.py:183} INFO - Processing /home/airflow/dags/model_training_dag.py took 0.926 seconds
[2026-04-27T02:41:53.300+0000] {processor.py:161} INFO - Started process (PID=12117) to work on /home/airflow/dags/model_training_dag.py
[2026-04-27T02:41:53.302+0000] {processor.py:830} INFO - Processing file /home/airflow/dags/model_training_dag.py for tasks to queue
[2026-04-27T02:41:53.303+0000] {logging_mixin.py:188} INFO - [2026-04-27T02:41:53.303+0000] {dagbag.py:538} INFO - Filling up the DagBag from /home/airflow/dags/model_training_dag.py
[2026-04-27T02:41:54.160+0000] {processor.py:840} INFO - DAG(s) 'model_training_pipeline' retrieved from /home/airflow/dags/model_training_dag.py
[2026-04-27T02:41:54.179+0000] {logging_mixin.py:188} INFO - [2026-04-27T02:41:54.179+0000] {dag.py:3036} INFO - Sync 1 DAGs
[2026-04-27T02:41:54.198+0000] {logging_mixin.py:188} INFO - [2026-04-27T02:41:54.198+0000] {dag.py:3823} INFO - Setting next_dagrun for model_training_pipeline to 2026-04-26 00:00:00+00:00, run_after=2026-05-03 00:00:00+00:00
[2026-04-27T02:41:54.219+0000] {processor.py:183} INFO - Processing /home/airflow/dags/model_training_dag.py took 0.923 seconds
[2026-04-27T02:42:24.586+0000] {processor.py:161} INFO - Started process (PID=12162) to work on /home/airflow/dags/model_training_dag.py
[2026-04-27T02:42:24.588+0000] {processor.py:830} INFO - Processing file /home/airflow/dags/model_training_dag.py for tasks to queue
[2026-04-27T02:42:24.589+0000] {logging_mixin.py:188} INFO - [2026-04-27T02:42:24.589+0000] {dagbag.py:538} INFO - Filling up the DagBag from /home/airflow/dags/model_training_dag.py
[2026-04-27T02:42:25.469+0000] {processor.py:840} INFO - DAG(s) 'model_training_pipeline' retrieved from /home/airflow/dags/model_training_dag.py
[2026-04-27T02:42:25.494+0000] {logging_mixin.py:188} INFO - [2026-04-27T02:42:25.494+0000] {dag.py:3036} INFO - Sync 1 DAGs
[2026-04-27T02:42:25.520+0000] {logging_mixin.py:188} INFO - [2026-04-27T02:42:25.520+0000] {dag.py:3823} INFO - Setting next_dagrun for model_training_pipeline to 2026-04-26 00:00:00+00:00, run_after=2026-05-03 00:00:00+00:00
[2026-04-27T02:42:25.544+0000] {processor.py:183} INFO - Processing /home/airflow/dags/model_training_dag.py took 0.962 seconds
[2026-04-27T02:42:55.872+0000] {processor.py:161} INFO - Started process (PID=12207) to work on /home/airflow/dags/model_training_dag.py
[2026-04-27T02:42:55.873+0000] {processor.py:830} INFO - Processing file /home/airflow/dags/model_training_dag.py for tasks to queue
[2026-04-27T02:42:55.875+0000] {logging_mixin.py:188} INFO - [2026-04-27T02:42:55.874+0000] {dagbag.py:538} INFO - Filling up the DagBag from /home/airflow/dags/model_training_dag.py
[2026-04-27T02:42:56.763+0000] {processor.py:840} INFO - DAG(s) 'model_training_pipeline' retrieved from /home/airflow/dags/model_training_dag.py
[2026-04-27T02:42:56.792+0000] {logging_mixin.py:188} INFO - [2026-04-27T02:42:56.791+0000] {dag.py:3036} INFO - Sync 1 DAGs
[2026-04-27T02:42:56.817+0000] {logging_mixin.py:188} INFO - [2026-04-27T02:42:56.817+0000] {dag.py:3823} INFO - Setting next_dagrun for model_training_pipeline to 2026-04-26 00:00:00+00:00, run_after=2026-05-03 00:00:00+00:00
[2026-04-27T02:42:56.843+0000] {processor.py:183} INFO - Processing /home/airflow/dags/model_training_dag.py took 0.975 seconds
[2026-04-27T02:43:26.982+0000] {processor.py:161} INFO - Started process (PID=12252) to work on /home/airflow/dags/model_training_dag.py
[2026-04-27T02:43:26.984+0000] {processor.py:830} INFO - Processing file /home/airflow/dags/model_training_dag.py for tasks to queue
[2026-04-27T02:43:26.985+0000] {logging_mixin.py:188} INFO - [2026-04-27T02:43:26.985+0000] {dagbag.py:538} INFO - Filling up the DagBag from /home/airflow/dags/model_training_dag.py
[2026-04-27T02:43:27.989+0000] {processor.py:840} INFO - DAG(s) 'model_training_pipeline' retrieved from /home/airflow/dags/model_training_dag.py
[2026-04-27T02:43:28.011+0000] {logging_mixin.py:188} INFO - [2026-04-27T02:43:28.011+0000] {dag.py:3036} INFO - Sync 1 DAGs
[2026-04-27T02:43:28.030+0000] {logging_mixin.py:188} INFO - [2026-04-27T02:43:28.029+0000] {dag.py:3823} INFO - Setting next_dagrun for model_training_pipeline to 2026-04-26 00:00:00+00:00, run_after=2026-05-03 00:00:00+00:00
[2026-04-27T02:43:28.060+0000] {processor.py:183} INFO - Processing /home/airflow/dags/model_training_dag.py took 1.081 seconds
[2026-04-27T02:43:58.228+0000] {processor.py:161} INFO - Started process (PID=12297) to work on /home/airflow/dags/model_training_dag.py
[2026-04-27T02:43:58.229+0000] {processor.py:830} INFO - Processing file /home/airflow/dags/model_training_dag.py for tasks to queue
[2026-04-27T02:43:58.230+0000] {logging_mixin.py:188} INFO - [2026-04-27T02:43:58.230+0000] {dagbag.py:538} INFO - Filling up the DagBag from /home/airflow/dags/model_training_dag.py
[2026-04-27T02:43:59.177+0000] {processor.py:840} INFO - DAG(s) 'model_training_pipeline' retrieved from /home/airflow/dags/model_training_dag.py
[2026-04-27T02:43:59.198+0000] {logging_mixin.py:188} INFO - [2026-04-27T02:43:59.197+0000] {dag.py:3036} INFO - Sync 1 DAGs
[2026-04-27T02:43:59.216+0000] {logging_mixin.py:188} INFO - [2026-04-27T02:43:59.216+0000] {dag.py:3823} INFO - Setting next_dagrun for model_training_pipeline to 2026-04-26 00:00:00+00:00, run_after=2026-05-03 00:00:00+00:00
[2026-04-27T02:43:59.240+0000] {processor.py:183} INFO - Processing /home/airflow/dags/model_training_dag.py took 1.016 seconds
[2026-04-27T02:44:29.677+0000] {processor.py:161} INFO - Started process (PID=12342) to work on /home/airflow/dags/model_training_dag.py
[2026-04-27T02:44:29.679+0000] {processor.py:830} INFO - Processing file /home/airflow/dags/model_training_dag.py for tasks to queue
[2026-04-27T02:44:29.680+0000] {logging_mixin.py:188} INFO - [2026-04-27T02:44:29.679+0000] {dagbag.py:538} INFO - Filling up the DagBag from /home/airflow/dags/model_training_dag.py
[2026-04-27T02:44:30.480+0000] {processor.py:840} INFO - DAG(s) 'model_training_pipeline' retrieved from /home/airflow/dags/model_training_dag.py
[2026-04-27T02:44:30.504+0000] {logging_mixin.py:188} INFO - [2026-04-27T02:44:30.503+0000] {dag.py:3036} INFO - Sync 1 DAGs
[2026-04-27T02:44:30.525+0000] {logging_mixin.py:188} INFO - [2026-04-27T02:44:30.524+0000] {dag.py:3823} INFO - Setting next_dagrun for model_training_pipeline to 2026-04-26 00:00:00+00:00, run_after=2026-05-03 00:00:00+00:00
[2026-04-27T02:44:30.549+0000] {processor.py:183} INFO - Processing /home/airflow/dags/model_training_dag.py took 0.875 seconds
[2026-04-27T02:45:01.029+0000] {processor.py:161} INFO - Started process (PID=12387) to work on /home/airflow/dags/model_training_dag.py
[2026-04-27T02:45:01.030+0000] {processor.py:830} INFO - Processing file /home/airflow/dags/model_training_dag.py for tasks to queue
[2026-04-27T02:45:01.031+0000] {logging_mixin.py:188} INFO - [2026-04-27T02:45:01.031+0000] {dagbag.py:538} INFO - Filling up the DagBag from /home/airflow/dags/model_training_dag.py
[2026-04-27T02:45:01.823+0000] {processor.py:840} INFO - DAG(s) 'model_training_pipeline' retrieved from /home/airflow/dags/model_training_dag.py
[2026-04-27T02:45:01.843+0000] {logging_mixin.py:188} INFO - [2026-04-27T02:45:01.843+0000] {dag.py:3036} INFO - Sync 1 DAGs
[2026-04-27T02:45:01.859+0000] {logging_mixin.py:188} INFO - [2026-04-27T02:45:01.859+0000] {dag.py:3823} INFO - Setting next_dagrun for model_training_pipeline to 2026-04-26 00:00:00+00:00, run_after=2026-05-03 00:00:00+00:00
[2026-04-27T02:45:01.884+0000] {processor.py:183} INFO - Processing /home/airflow/dags/model_training_dag.py took 0.858 seconds
[2026-04-27T02:45:32.399+0000] {processor.py:161} INFO - Started process (PID=12432) to work on /home/airflow/dags/model_training_dag.py
[2026-04-27T02:45:32.400+0000] {processor.py:830} INFO - Processing file /home/airflow/dags/model_training_dag.py for tasks to queue
[2026-04-27T02:45:32.401+0000] {logging_mixin.py:188} INFO - [2026-04-27T02:45:32.401+0000] {dagbag.py:538} INFO - Filling up the DagBag from /home/airflow/dags/model_training_dag.py
[2026-04-27T02:45:33.167+0000] {processor.py:840} INFO - DAG(s) 'model_training_pipeline' retrieved from /home/airflow/dags/model_training_dag.py
[2026-04-27T02:45:33.188+0000] {logging_mixin.py:188} INFO - [2026-04-27T02:45:33.188+0000] {dag.py:3036} INFO - Sync 1 DAGs
[2026-04-27T02:45:33.204+0000] {logging_mixin.py:188} INFO - [2026-04-27T02:45:33.204+0000] {dag.py:3823} INFO - Setting next_dagrun for model_training_pipeline to 2026-04-26 00:00:00+00:00, run_after=2026-05-03 00:00:00+00:00
[2026-04-27T02:45:33.225+0000] {processor.py:183} INFO - Processing /home/airflow/dags/model_training_dag.py took 0.832 seconds
[2026-04-27T02:46:03.958+0000] {processor.py:161} INFO - Started process (PID=12477) to work on /home/airflow/dags/model_training_dag.py
[2026-04-27T02:46:03.959+0000] {processor.py:830} INFO - Processing file /home/airflow/dags/model_training_dag.py for tasks to queue
[2026-04-27T02:46:03.960+0000] {logging_mixin.py:188} INFO - [2026-04-27T02:46:03.960+0000] {dagbag.py:538} INFO - Filling up the DagBag from /home/airflow/dags/model_training_dag.py
[2026-04-27T02:46:04.820+0000] {processor.py:840} INFO - DAG(s) 'model_training_pipeline' retrieved from /home/airflow/dags/model_training_dag.py
[2026-04-27T02:46:04.841+0000] {logging_mixin.py:188} INFO - [2026-04-27T02:46:04.841+0000] {dag.py:3036} INFO - Sync 1 DAGs
[2026-04-27T02:46:04.859+0000] {logging_mixin.py:188} INFO - [2026-04-27T02:46:04.859+0000] {dag.py:3823} INFO - Setting next_dagrun for model_training_pipeline to 2026-04-26 00:00:00+00:00, run_after=2026-05-03 00:00:00+00:00
[2026-04-27T02:46:04.880+0000] {processor.py:183} INFO - Processing /home/airflow/dags/model_training_dag.py took 0.926 seconds
[2026-04-27T02:46:35.449+0000] {processor.py:161} INFO - Started process (PID=12522) to work on /home/airflow/dags/model_training_dag.py
[2026-04-27T02:46:35.450+0000] {processor.py:830} INFO - Processing file /home/airflow/dags/model_training_dag.py for tasks to queue
[2026-04-27T02:46:35.452+0000] {logging_mixin.py:188} INFO - [2026-04-27T02:46:35.451+0000] {dagbag.py:538} INFO - Filling up the DagBag from /home/airflow/dags/model_training_dag.py
[2026-04-27T02:46:36.376+0000] {processor.py:840} INFO - DAG(s) 'model_training_pipeline' retrieved from /home/airflow/dags/model_training_dag.py
[2026-04-27T02:46:36.399+0000] {logging_mixin.py:188} INFO - [2026-04-27T02:46:36.398+0000] {dag.py:3036} INFO - Sync 1 DAGs
[2026-04-27T02:46:36.417+0000] {logging_mixin.py:188} INFO - [2026-04-27T02:46:36.417+0000] {dag.py:3823} INFO - Setting next_dagrun for model_training_pipeline to 2026-04-26 00:00:00+00:00, run_after=2026-05-03 00:00:00+00:00
[2026-04-27T02:46:36.442+0000] {processor.py:183} INFO - Processing /home/airflow/dags/model_training_dag.py took 0.996 seconds
[2026-04-27T02:47:06.725+0000] {processor.py:161} INFO - Started process (PID=12567) to work on /home/airflow/dags/model_training_dag.py
[2026-04-27T02:47:06.726+0000] {processor.py:830} INFO - Processing file /home/airflow/dags/model_training_dag.py for tasks to queue
[2026-04-27T02:47:06.727+0000] {logging_mixin.py:188} INFO - [2026-04-27T02:47:06.727+0000] {dagbag.py:538} INFO - Filling up the DagBag from /home/airflow/dags/model_training_dag.py
[2026-04-27T02:47:07.611+0000] {processor.py:840} INFO - DAG(s) 'model_training_pipeline' retrieved from /home/airflow/dags/model_training_dag.py
[2026-04-27T02:47:07.632+0000] {logging_mixin.py:188} INFO - [2026-04-27T02:47:07.632+0000] {dag.py:3036} INFO - Sync 1 DAGs
[2026-04-27T02:47:07.650+0000] {logging_mixin.py:188} INFO - [2026-04-27T02:47:07.650+0000] {dag.py:3823} INFO - Setting next_dagrun for model_training_pipeline to 2026-04-26 00:00:00+00:00, run_after=2026-05-03 00:00:00+00:00
[2026-04-27T02:47:07.673+0000] {processor.py:183} INFO - Processing /home/airflow/dags/model_training_dag.py took 0.952 seconds
[2026-04-27T02:47:38.022+0000] {processor.py:161} INFO - Started process (PID=12612) to work on /home/airflow/dags/model_training_dag.py
[2026-04-27T02:47:38.024+0000] {processor.py:830} INFO - Processing file /home/airflow/dags/model_training_dag.py for tasks to queue
[2026-04-27T02:47:38.025+0000] {logging_mixin.py:188} INFO - [2026-04-27T02:47:38.025+0000] {dagbag.py:538} INFO - Filling up the DagBag from /home/airflow/dags/model_training_dag.py
[2026-04-27T02:47:39.109+0000] {processor.py:840} INFO - DAG(s) 'model_training_pipeline' retrieved from /home/airflow/dags/model_training_dag.py
[2026-04-27T02:47:39.137+0000] {logging_mixin.py:188} INFO - [2026-04-27T02:47:39.136+0000] {dag.py:3036} INFO - Sync 1 DAGs
[2026-04-27T02:47:39.166+0000] {logging_mixin.py:188} INFO - [2026-04-27T02:47:39.166+0000] {dag.py:3823} INFO - Setting next_dagrun for model_training_pipeline to 2026-04-26 00:00:00+00:00, run_after=2026-05-03 00:00:00+00:00
[2026-04-27T02:47:39.194+0000] {processor.py:183} INFO - Processing /home/airflow/dags/model_training_dag.py took 1.176 seconds
[2026-04-27T02:48:09.400+0000] {processor.py:161} INFO - Started process (PID=12657) to work on /home/airflow/dags/model_training_dag.py
[2026-04-27T02:48:09.401+0000] {processor.py:830} INFO - Processing file /home/airflow/dags/model_training_dag.py for tasks to queue
[2026-04-27T02:48:09.403+0000] {logging_mixin.py:188} INFO - [2026-04-27T02:48:09.402+0000] {dagbag.py:538} INFO - Filling up the DagBag from /home/airflow/dags/model_training_dag.py
[2026-04-27T02:48:10.394+0000] {processor.py:840} INFO - DAG(s) 'model_training_pipeline' retrieved from /home/airflow/dags/model_training_dag.py
[2026-04-27T02:48:10.415+0000] {logging_mixin.py:188} INFO - [2026-04-27T02:48:10.415+0000] {dag.py:3036} INFO - Sync 1 DAGs
[2026-04-27T02:48:10.439+0000] {logging_mixin.py:188} INFO - [2026-04-27T02:48:10.439+0000] {dag.py:3823} INFO - Setting next_dagrun for model_training_pipeline to 2026-04-26 00:00:00+00:00, run_after=2026-05-03 00:00:00+00:00
[2026-04-27T02:48:10.464+0000] {processor.py:183} INFO - Processing /home/airflow/dags/model_training_dag.py took 1.068 seconds
[2026-04-27T02:48:40.759+0000] {processor.py:161} INFO - Started process (PID=12702) to work on /home/airflow/dags/model_training_dag.py
[2026-04-27T02:48:40.760+0000] {processor.py:830} INFO - Processing file /home/airflow/dags/model_training_dag.py for tasks to queue
[2026-04-27T02:48:40.761+0000] {logging_mixin.py:188} INFO - [2026-04-27T02:48:40.761+0000] {dagbag.py:538} INFO - Filling up the DagBag from /home/airflow/dags/model_training_dag.py
[2026-04-27T02:48:41.662+0000] {processor.py:840} INFO - DAG(s) 'model_training_pipeline' retrieved from /home/airflow/dags/model_training_dag.py
[2026-04-27T02:48:41.686+0000] {logging_mixin.py:188} INFO - [2026-04-27T02:48:41.685+0000] {dag.py:3036} INFO - Sync 1 DAGs
[2026-04-27T02:48:41.704+0000] {logging_mixin.py:188} INFO - [2026-04-27T02:48:41.703+0000] {dag.py:3823} INFO - Setting next_dagrun for model_training_pipeline to 2026-04-26 00:00:00+00:00, run_after=2026-05-03 00:00:00+00:00
[2026-04-27T02:48:41.727+0000] {processor.py:183} INFO - Processing /home/airflow/dags/model_training_dag.py took 0.972 seconds
[2026-04-27T02:49:12.029+0000] {processor.py:161} INFO - Started process (PID=12747) to work on /home/airflow/dags/model_training_dag.py
[2026-04-27T02:49:12.031+0000] {processor.py:830} INFO - Processing file /home/airflow/dags/model_training_dag.py for tasks to queue
[2026-04-27T02:49:12.032+0000] {logging_mixin.py:188} INFO - [2026-04-27T02:49:12.032+0000] {dagbag.py:538} INFO - Filling up the DagBag from /home/airflow/dags/model_training_dag.py
[2026-04-27T02:49:12.823+0000] {processor.py:840} INFO - DAG(s) 'model_training_pipeline' retrieved from /home/airflow/dags/model_training_dag.py
[2026-04-27T02:49:12.847+0000] {logging_mixin.py:188} INFO - [2026-04-27T02:49:12.846+0000] {dag.py:3036} INFO - Sync 1 DAGs
[2026-04-27T02:49:12.866+0000] {logging_mixin.py:188} INFO - [2026-04-27T02:49:12.866+0000] {dag.py:3823} INFO - Setting next_dagrun for model_training_pipeline to 2026-04-26 00:00:00+00:00, run_after=2026-05-03 00:00:00+00:00
[2026-04-27T02:49:12.890+0000] {processor.py:183} INFO - Processing /home/airflow/dags/model_training_dag.py took 0.865 seconds
[2026-04-27T02:49:43.298+0000] {processor.py:161} INFO - Started process (PID=12792) to work on /home/airflow/dags/model_training_dag.py
[2026-04-27T02:49:43.299+0000] {processor.py:830} INFO - Processing file /home/airflow/dags/model_training_dag.py for tasks to queue
[2026-04-27T02:49:43.301+0000] {logging_mixin.py:188} INFO - [2026-04-27T02:49:43.300+0000] {dagbag.py:538} INFO - Filling up the DagBag from /home/airflow/dags/model_training_dag.py
[2026-04-27T02:49:44.350+0000] {processor.py:840} INFO - DAG(s) 'model_training_pipeline' retrieved from /home/airflow/dags/model_training_dag.py
[2026-04-27T02:49:44.372+0000] {logging_mixin.py:188} INFO - [2026-04-27T02:49:44.372+0000] {dag.py:3036} INFO - Sync 1 DAGs
[2026-04-27T02:49:44.389+0000] {logging_mixin.py:188} INFO - [2026-04-27T02:49:44.389+0000] {dag.py:3823} INFO - Setting next_dagrun for model_training_pipeline to 2026-04-26 00:00:00+00:00, run_after=2026-05-03 00:00:00+00:00
[2026-04-27T02:49:44.413+0000] {processor.py:183} INFO - Processing /home/airflow/dags/model_training_dag.py took 1.118 seconds
[2026-04-27T02:50:14.750+0000] {processor.py:161} INFO - Started process (PID=12837) to work on /home/airflow/dags/model_training_dag.py
[2026-04-27T02:50:14.751+0000] {processor.py:830} INFO - Processing file /home/airflow/dags/model_training_dag.py for tasks to queue
[2026-04-27T02:50:14.752+0000] {logging_mixin.py:188} INFO - [2026-04-27T02:50:14.752+0000] {dagbag.py:538} INFO - Filling up the DagBag from /home/airflow/dags/model_training_dag.py
[2026-04-27T02:50:15.694+0000] {processor.py:840} INFO - DAG(s) 'model_training_pipeline' retrieved from /home/airflow/dags/model_training_dag.py
[2026-04-27T02:50:15.714+0000] {logging_mixin.py:188} INFO - [2026-04-27T02:50:15.714+0000] {dag.py:3036} INFO - Sync 1 DAGs
[2026-04-27T02:50:15.732+0000] {logging_mixin.py:188} INFO - [2026-04-27T02:50:15.732+0000] {dag.py:3823} INFO - Setting next_dagrun for model_training_pipeline to 2026-04-26 00:00:00+00:00, run_after=2026-05-03 00:00:00+00:00
[2026-04-27T02:50:15.755+0000] {processor.py:183} INFO - Processing /home/airflow/dags/model_training_dag.py took 1.010 seconds
[2026-04-27T02:50:46.167+0000] {processor.py:161} INFO - Started process (PID=12882) to work on /home/airflow/dags/model_training_dag.py
[2026-04-27T02:50:46.169+0000] {processor.py:830} INFO - Processing file /home/airflow/dags/model_training_dag.py for tasks to queue
[2026-04-27T02:50:46.170+0000] {logging_mixin.py:188} INFO - [2026-04-27T02:50:46.169+0000] {dagbag.py:538} INFO - Filling up the DagBag from /home/airflow/dags/model_training_dag.py
[2026-04-27T02:50:47.031+0000] {processor.py:840} INFO - DAG(s) 'model_training_pipeline' retrieved from /home/airflow/dags/model_training_dag.py
[2026-04-27T02:50:47.052+0000] {logging_mixin.py:188} INFO - [2026-04-27T02:50:47.052+0000] {dag.py:3036} INFO - Sync 1 DAGs
[2026-04-27T02:50:47.071+0000] {logging_mixin.py:188} INFO - [2026-04-27T02:50:47.071+0000] {dag.py:3823} INFO - Setting next_dagrun for model_training_pipeline to 2026-04-26 00:00:00+00:00, run_after=2026-05-03 00:00:00+00:00
[2026-04-27T02:50:47.092+0000] {processor.py:183} INFO - Processing /home/airflow/dags/model_training_dag.py took 0.930 seconds
[2026-04-27T02:51:17.444+0000] {processor.py:161} INFO - Started process (PID=12927) to work on /home/airflow/dags/model_training_dag.py
[2026-04-27T02:51:17.445+0000] {processor.py:830} INFO - Processing file /home/airflow/dags/model_training_dag.py for tasks to queue
[2026-04-27T02:51:17.446+0000] {logging_mixin.py:188} INFO - [2026-04-27T02:51:17.446+0000] {dagbag.py:538} INFO - Filling up the DagBag from /home/airflow/dags/model_training_dag.py
[2026-04-27T02:51:18.264+0000] {processor.py:840} INFO - DAG(s) 'model_training_pipeline' retrieved from /home/airflow/dags/model_training_dag.py
[2026-04-27T02:51:18.285+0000] {logging_mixin.py:188} INFO - [2026-04-27T02:51:18.285+0000] {dag.py:3036} INFO - Sync 1 DAGs
[2026-04-27T02:51:18.302+0000] {logging_mixin.py:188} INFO - [2026-04-27T02:51:18.302+0000] {dag.py:3823} INFO - Setting next_dagrun for model_training_pipeline to 2026-04-26 00:00:00+00:00, run_after=2026-05-03 00:00:00+00:00
[2026-04-27T02:51:18.325+0000] {processor.py:183} INFO - Processing /home/airflow/dags/model_training_dag.py took 0.885 seconds
[2026-04-27T02:51:48.672+0000] {processor.py:161} INFO - Started process (PID=12972) to work on /home/airflow/dags/model_training_dag.py
[2026-04-27T02:51:48.674+0000] {processor.py:830} INFO - Processing file /home/airflow/dags/model_training_dag.py for tasks to queue
[2026-04-27T02:51:48.676+0000] {logging_mixin.py:188} INFO - [2026-04-27T02:51:48.675+0000] {dagbag.py:538} INFO - Filling up the DagBag from /home/airflow/dags/model_training_dag.py
[2026-04-27T02:51:49.689+0000] {processor.py:840} INFO - DAG(s) 'model_training_pipeline' retrieved from /home/airflow/dags/model_training_dag.py
[2026-04-27T02:51:49.710+0000] {logging_mixin.py:188} INFO - [2026-04-27T02:51:49.710+0000] {dag.py:3036} INFO - Sync 1 DAGs
[2026-04-27T02:51:49.730+0000] {logging_mixin.py:188} INFO - [2026-04-27T02:51:49.730+0000] {dag.py:3823} INFO - Setting next_dagrun for model_training_pipeline to 2026-04-26 00:00:00+00:00, run_after=2026-05-03 00:00:00+00:00
[2026-04-27T02:51:49.752+0000] {processor.py:183} INFO - Processing /home/airflow/dags/model_training_dag.py took 1.084 seconds
[2026-04-27T02:52:20.262+0000] {processor.py:161} INFO - Started process (PID=13023) to work on /home/airflow/dags/model_training_dag.py
[2026-04-27T02:52:20.263+0000] {processor.py:830} INFO - Processing file /home/airflow/dags/model_training_dag.py for tasks to queue
[2026-04-27T02:52:20.264+0000] {logging_mixin.py:188} INFO - [2026-04-27T02:52:20.263+0000] {dagbag.py:538} INFO - Filling up the DagBag from /home/airflow/dags/model_training_dag.py
[2026-04-27T02:52:21.095+0000] {processor.py:840} INFO - DAG(s) 'model_training_pipeline' retrieved from /home/airflow/dags/model_training_dag.py
[2026-04-27T02:52:21.117+0000] {logging_mixin.py:188} INFO - [2026-04-27T02:52:21.117+0000] {dag.py:3036} INFO - Sync 1 DAGs
[2026-04-27T02:52:21.135+0000] {logging_mixin.py:188} INFO - [2026-04-27T02:52:21.134+0000] {dag.py:3823} INFO - Setting next_dagrun for model_training_pipeline to 2026-04-26 00:00:00+00:00, run_after=2026-05-03 00:00:00+00:00
[2026-04-27T02:52:21.161+0000] {processor.py:183} INFO - Processing /home/airflow/dags/model_training_dag.py took 0.903 seconds
[2026-04-27T02:52:51.692+0000] {processor.py:161} INFO - Started process (PID=13068) to work on /home/airflow/dags/model_training_dag.py
[2026-04-27T02:52:51.694+0000] {processor.py:830} INFO - Processing file /home/airflow/dags/model_training_dag.py for tasks to queue
[2026-04-27T02:52:51.696+0000] {logging_mixin.py:188} INFO - [2026-04-27T02:52:51.695+0000] {dagbag.py:538} INFO - Filling up the DagBag from /home/airflow/dags/model_training_dag.py
[2026-04-27T02:52:52.759+0000] {processor.py:840} INFO - DAG(s) 'model_training_pipeline' retrieved from /home/airflow/dags/model_training_dag.py
[2026-04-27T02:52:52.780+0000] {logging_mixin.py:188} INFO - [2026-04-27T02:52:52.779+0000] {dag.py:3036} INFO - Sync 1 DAGs
[2026-04-27T02:52:52.799+0000] {logging_mixin.py:188} INFO - [2026-04-27T02:52:52.799+0000] {dag.py:3823} INFO - Setting next_dagrun for model_training_pipeline to 2026-04-26 00:00:00+00:00, run_after=2026-05-03 00:00:00+00:00
[2026-04-27T02:52:52.825+0000] {processor.py:183} INFO - Processing /home/airflow/dags/model_training_dag.py took 1.137 seconds
[2026-04-27T02:53:23.070+0000] {processor.py:161} INFO - Started process (PID=13113) to work on /home/airflow/dags/model_training_dag.py
[2026-04-27T02:53:23.071+0000] {processor.py:830} INFO - Processing file /home/airflow/dags/model_training_dag.py for tasks to queue
[2026-04-27T02:53:23.072+0000] {logging_mixin.py:188} INFO - [2026-04-27T02:53:23.072+0000] {dagbag.py:538} INFO - Filling up the DagBag from /home/airflow/dags/model_training_dag.py
[2026-04-27T02:53:23.900+0000] {processor.py:840} INFO - DAG(s) 'model_training_pipeline' retrieved from /home/airflow/dags/model_training_dag.py
[2026-04-27T02:53:23.921+0000] {logging_mixin.py:188} INFO - [2026-04-27T02:53:23.920+0000] {dag.py:3036} INFO - Sync 1 DAGs
[2026-04-27T02:53:23.939+0000] {logging_mixin.py:188} INFO - [2026-04-27T02:53:23.939+0000] {dag.py:3823} INFO - Setting next_dagrun for model_training_pipeline to 2026-04-26 00:00:00+00:00, run_after=2026-05-03 00:00:00+00:00
[2026-04-27T02:53:23.960+0000] {processor.py:183} INFO - Processing /home/airflow/dags/model_training_dag.py took 0.895 seconds
[2026-04-27T02:53:54.357+0000] {processor.py:161} INFO - Started process (PID=13158) to work on /home/airflow/dags/model_training_dag.py
[2026-04-27T02:53:54.358+0000] {processor.py:830} INFO - Processing file /home/airflow/dags/model_training_dag.py for tasks to queue
[2026-04-27T02:53:54.360+0000] {logging_mixin.py:188} INFO - [2026-04-27T02:53:54.359+0000] {dagbag.py:538} INFO - Filling up the DagBag from /home/airflow/dags/model_training_dag.py
[2026-04-27T02:53:55.490+0000] {processor.py:840} INFO - DAG(s) 'model_training_pipeline' retrieved from /home/airflow/dags/model_training_dag.py
[2026-04-27T02:53:55.511+0000] {logging_mixin.py:188} INFO - [2026-04-27T02:53:55.510+0000] {dag.py:3036} INFO - Sync 1 DAGs
[2026-04-27T02:53:55.529+0000] {logging_mixin.py:188} INFO - [2026-04-27T02:53:55.528+0000] {dag.py:3823} INFO - Setting next_dagrun for model_training_pipeline to 2026-04-26 00:00:00+00:00, run_after=2026-05-03 00:00:00+00:00
[2026-04-27T02:53:55.553+0000] {processor.py:183} INFO - Processing /home/airflow/dags/model_training_dag.py took 1.200 seconds
[2026-04-27T02:54:25.774+0000] {processor.py:161} INFO - Started process (PID=13203) to work on /home/airflow/dags/model_training_dag.py
[2026-04-27T02:54:25.775+0000] {processor.py:830} INFO - Processing file /home/airflow/dags/model_training_dag.py for tasks to queue
[2026-04-27T02:54:25.776+0000] {logging_mixin.py:188} INFO - [2026-04-27T02:54:25.776+0000] {dagbag.py:538} INFO - Filling up the DagBag from /home/airflow/dags/model_training_dag.py
[2026-04-27T02:54:26.805+0000] {processor.py:840} INFO - DAG(s) 'model_training_pipeline' retrieved from /home/airflow/dags/model_training_dag.py
[2026-04-27T02:54:26.830+0000] {logging_mixin.py:188} INFO - [2026-04-27T02:54:26.829+0000] {dag.py:3036} INFO - Sync 1 DAGs
[2026-04-27T02:54:26.848+0000] {logging_mixin.py:188} INFO - [2026-04-27T02:54:26.847+0000] {dag.py:3823} INFO - Setting next_dagrun for model_training_pipeline to 2026-04-26 00:00:00+00:00, run_after=2026-05-03 00:00:00+00:00
[2026-04-27T02:54:26.871+0000] {processor.py:183} INFO - Processing /home/airflow/dags/model_training_dag.py took 1.100 seconds
[2026-04-27T02:54:57.093+0000] {processor.py:161} INFO - Started process (PID=13248) to work on /home/airflow/dags/model_training_dag.py
[2026-04-27T02:54:57.094+0000] {processor.py:830} INFO - Processing file /home/airflow/dags/model_training_dag.py for tasks to queue
[2026-04-27T02:54:57.095+0000] {logging_mixin.py:188} INFO - [2026-04-27T02:54:57.095+0000] {dagbag.py:538} INFO - Filling up the DagBag from /home/airflow/dags/model_training_dag.py
[2026-04-27T02:54:57.914+0000] {processor.py:840} INFO - DAG(s) 'model_training_pipeline' retrieved from /home/airflow/dags/model_training_dag.py
[2026-04-27T02:54:57.937+0000] {logging_mixin.py:188} INFO - [2026-04-27T02:54:57.937+0000] {dag.py:3036} INFO - Sync 1 DAGs
[2026-04-27T02:54:57.958+0000] {logging_mixin.py:188} INFO - [2026-04-27T02:54:57.957+0000] {dag.py:3823} INFO - Setting next_dagrun for model_training_pipeline to 2026-04-26 00:00:00+00:00, run_after=2026-05-03 00:00:00+00:00
[2026-04-27T02:54:57.982+0000] {processor.py:183} INFO - Processing /home/airflow/dags/model_training_dag.py took 0.892 seconds
[2026-04-27T02:55:28.314+0000] {processor.py:161} INFO - Started process (PID=13293) to work on /home/airflow/dags/model_training_dag.py
[2026-04-27T02:55:28.315+0000] {processor.py:830} INFO - Processing file /home/airflow/dags/model_training_dag.py for tasks to queue
[2026-04-27T02:55:28.316+0000] {logging_mixin.py:188} INFO - [2026-04-27T02:55:28.315+0000] {dagbag.py:538} INFO - Filling up the DagBag from /home/airflow/dags/model_training_dag.py
[2026-04-27T02:55:29.246+0000] {processor.py:840} INFO - DAG(s) 'model_training_pipeline' retrieved from /home/airflow/dags/model_training_dag.py
[2026-04-27T02:55:29.267+0000] {logging_mixin.py:188} INFO - [2026-04-27T02:55:29.266+0000] {dag.py:3036} INFO - Sync 1 DAGs
[2026-04-27T02:55:29.287+0000] {logging_mixin.py:188} INFO - [2026-04-27T02:55:29.287+0000] {dag.py:3823} INFO - Setting next_dagrun for model_training_pipeline to 2026-04-26 00:00:00+00:00, run_after=2026-05-03 00:00:00+00:00
[2026-04-27T02:55:29.311+0000] {processor.py:183} INFO - Processing /home/airflow/dags/model_training_dag.py took 1.000 seconds
[2026-04-27T02:55:59.861+0000] {processor.py:161} INFO - Started process (PID=13338) to work on /home/airflow/dags/model_training_dag.py
[2026-04-27T02:55:59.862+0000] {processor.py:830} INFO - Processing file /home/airflow/dags/model_training_dag.py for tasks to queue
[2026-04-27T02:55:59.863+0000] {logging_mixin.py:188} INFO - [2026-04-27T02:55:59.863+0000] {dagbag.py:538} INFO - Filling up the DagBag from /home/airflow/dags/model_training_dag.py
[2026-04-27T02:56:00.649+0000] {processor.py:840} INFO - DAG(s) 'model_training_pipeline' retrieved from /home/airflow/dags/model_training_dag.py
[2026-04-27T02:56:00.671+0000] {logging_mixin.py:188} INFO - [2026-04-27T02:56:00.671+0000] {dag.py:3036} INFO - Sync 1 DAGs
[2026-04-27T02:56:00.689+0000] {logging_mixin.py:188} INFO - [2026-04-27T02:56:00.689+0000] {dag.py:3823} INFO - Setting next_dagrun for model_training_pipeline to 2026-04-26 00:00:00+00:00, run_after=2026-05-03 00:00:00+00:00
[2026-04-27T02:56:00.711+0000] {processor.py:183} INFO - Processing /home/airflow/dags/model_training_dag.py took 0.854 seconds
[2026-04-27T02:56:31.033+0000] {processor.py:161} INFO - Started process (PID=13383) to work on /home/airflow/dags/model_training_dag.py
[2026-04-27T02:56:31.034+0000] {processor.py:830} INFO - Processing file /home/airflow/dags/model_training_dag.py for tasks to queue
[2026-04-27T02:56:31.035+0000] {logging_mixin.py:188} INFO - [2026-04-27T02:56:31.034+0000] {dagbag.py:538} INFO - Filling up the DagBag from /home/airflow/dags/model_training_dag.py
[2026-04-27T02:56:31.869+0000] {processor.py:840} INFO - DAG(s) 'model_training_pipeline' retrieved from /home/airflow/dags/model_training_dag.py
[2026-04-27T02:56:31.892+0000] {logging_mixin.py:188} INFO - [2026-04-27T02:56:31.891+0000] {dag.py:3036} INFO - Sync 1 DAGs
[2026-04-27T02:56:31.910+0000] {logging_mixin.py:188} INFO - [2026-04-27T02:56:31.910+0000] {dag.py:3823} INFO - Setting next_dagrun for model_training_pipeline to 2026-04-26 00:00:00+00:00, run_after=2026-05-03 00:00:00+00:00
[2026-04-27T02:56:31.933+0000] {processor.py:183} INFO - Processing /home/airflow/dags/model_training_dag.py took 0.904 seconds
[2026-04-27T02:57:02.304+0000] {processor.py:161} INFO - Started process (PID=13428) to work on /home/airflow/dags/model_training_dag.py
[2026-04-27T02:57:02.305+0000] {processor.py:830} INFO - Processing file /home/airflow/dags/model_training_dag.py for tasks to queue
[2026-04-27T02:57:02.306+0000] {logging_mixin.py:188} INFO - [2026-04-27T02:57:02.306+0000] {dagbag.py:538} INFO - Filling up the DagBag from /home/airflow/dags/model_training_dag.py
[2026-04-27T02:57:03.080+0000] {processor.py:840} INFO - DAG(s) 'model_training_pipeline' retrieved from /home/airflow/dags/model_training_dag.py
[2026-04-27T02:57:03.101+0000] {logging_mixin.py:188} INFO - [2026-04-27T02:57:03.101+0000] {dag.py:3036} INFO - Sync 1 DAGs
[2026-04-27T02:57:03.117+0000] {logging_mixin.py:188} INFO - [2026-04-27T02:57:03.117+0000] {dag.py:3823} INFO - Setting next_dagrun for model_training_pipeline to 2026-04-26 00:00:00+00:00, run_after=2026-05-03 00:00:00+00:00
[2026-04-27T02:57:03.138+0000] {processor.py:183} INFO - Processing /home/airflow/dags/model_training_dag.py took 0.841 seconds
[2026-04-27T02:57:33.705+0000] {processor.py:161} INFO - Started process (PID=13473) to work on /home/airflow/dags/model_training_dag.py
[2026-04-27T02:57:33.707+0000] {processor.py:830} INFO - Processing file /home/airflow/dags/model_training_dag.py for tasks to queue
[2026-04-27T02:57:33.709+0000] {logging_mixin.py:188} INFO - [2026-04-27T02:57:33.708+0000] {dagbag.py:538} INFO - Filling up the DagBag from /home/airflow/dags/model_training_dag.py
[2026-04-27T02:57:34.585+0000] {processor.py:840} INFO - DAG(s) 'model_training_pipeline' retrieved from /home/airflow/dags/model_training_dag.py
[2026-04-27T02:57:34.606+0000] {logging_mixin.py:188} INFO - [2026-04-27T02:57:34.605+0000] {dag.py:3036} INFO - Sync 1 DAGs
[2026-04-27T02:57:34.621+0000] {logging_mixin.py:188} INFO - [2026-04-27T02:57:34.621+0000] {dag.py:3823} INFO - Setting next_dagrun for model_training_pipeline to 2026-04-26 00:00:00+00:00, run_after=2026-05-03 00:00:00+00:00
[2026-04-27T02:57:34.644+0000] {processor.py:183} INFO - Processing /home/airflow/dags/model_training_dag.py took 0.943 seconds
[2026-04-27T02:58:04.971+0000] {processor.py:161} INFO - Started process (PID=13518) to work on /home/airflow/dags/model_training_dag.py
[2026-04-27T02:58:04.972+0000] {processor.py:830} INFO - Processing file /home/airflow/dags/model_training_dag.py for tasks to queue
[2026-04-27T02:58:04.974+0000] {logging_mixin.py:188} INFO - [2026-04-27T02:58:04.973+0000] {dagbag.py:538} INFO - Filling up the DagBag from /home/airflow/dags/model_training_dag.py
[2026-04-27T02:58:05.902+0000] {processor.py:840} INFO - DAG(s) 'model_training_pipeline' retrieved from /home/airflow/dags/model_training_dag.py
[2026-04-27T02:58:05.922+0000] {logging_mixin.py:188} INFO - [2026-04-27T02:58:05.922+0000] {dag.py:3036} INFO - Sync 1 DAGs
[2026-04-27T02:58:05.938+0000] {logging_mixin.py:188} INFO - [2026-04-27T02:58:05.938+0000] {dag.py:3823} INFO - Setting next_dagrun for model_training_pipeline to 2026-04-26 00:00:00+00:00, run_after=2026-05-03 00:00:00+00:00
[2026-04-27T02:58:05.962+0000] {processor.py:183} INFO - Processing /home/airflow/dags/model_training_dag.py took 0.994 seconds
[2026-04-27T02:58:36.367+0000] {processor.py:161} INFO - Started process (PID=13563) to work on /home/airflow/dags/model_training_dag.py
[2026-04-27T02:58:36.368+0000] {processor.py:830} INFO - Processing file /home/airflow/dags/model_training_dag.py for tasks to queue
[2026-04-27T02:58:36.369+0000] {logging_mixin.py:188} INFO - [2026-04-27T02:58:36.369+0000] {dagbag.py:538} INFO - Filling up the DagBag from /home/airflow/dags/model_training_dag.py
[2026-04-27T02:58:37.188+0000] {processor.py:840} INFO - DAG(s) 'model_training_pipeline' retrieved from /home/airflow/dags/model_training_dag.py
[2026-04-27T02:58:37.206+0000] {logging_mixin.py:188} INFO - [2026-04-27T02:58:37.206+0000] {dag.py:3036} INFO - Sync 1 DAGs
[2026-04-27T02:58:37.222+0000] {logging_mixin.py:188} INFO - [2026-04-27T02:58:37.222+0000] {dag.py:3823} INFO - Setting next_dagrun for model_training_pipeline to 2026-04-26 00:00:00+00:00, run_after=2026-05-03 00:00:00+00:00
[2026-04-27T02:58:37.243+0000] {processor.py:183} INFO - Processing /home/airflow/dags/model_training_dag.py took 0.880 seconds
[2026-04-27T02:59:07.559+0000] {processor.py:161} INFO - Started process (PID=13608) to work on /home/airflow/dags/model_training_dag.py
[2026-04-27T02:59:07.560+0000] {processor.py:830} INFO - Processing file /home/airflow/dags/model_training_dag.py for tasks to queue
[2026-04-27T02:59:07.561+0000] {logging_mixin.py:188} INFO - [2026-04-27T02:59:07.561+0000] {dagbag.py:538} INFO - Filling up the DagBag from /home/airflow/dags/model_training_dag.py
[2026-04-27T02:59:08.562+0000] {processor.py:840} INFO - DAG(s) 'model_training_pipeline' retrieved from /home/airflow/dags/model_training_dag.py
[2026-04-27T02:59:08.583+0000] {logging_mixin.py:188} INFO - [2026-04-27T02:59:08.582+0000] {dag.py:3036} INFO - Sync 1 DAGs
[2026-04-27T02:59:08.603+0000] {logging_mixin.py:188} INFO - [2026-04-27T02:59:08.602+0000] {dag.py:3823} INFO - Setting next_dagrun for model_training_pipeline to 2026-04-26 00:00:00+00:00, run_after=2026-05-03 00:00:00+00:00
[2026-04-27T02:59:08.627+0000] {processor.py:183} INFO - Processing /home/airflow/dags/model_training_dag.py took 1.071 seconds
[2026-04-27T02:59:38.860+0000] {processor.py:161} INFO - Started process (PID=13653) to work on /home/airflow/dags/model_training_dag.py
[2026-04-27T02:59:38.862+0000] {processor.py:830} INFO - Processing file /home/airflow/dags/model_training_dag.py for tasks to queue
[2026-04-27T02:59:38.863+0000] {logging_mixin.py:188} INFO - [2026-04-27T02:59:38.862+0000] {dagbag.py:538} INFO - Filling up the DagBag from /home/airflow/dags/model_training_dag.py
[2026-04-27T02:59:39.822+0000] {processor.py:840} INFO - DAG(s) 'model_training_pipeline' retrieved from /home/airflow/dags/model_training_dag.py
[2026-04-27T02:59:39.846+0000] {logging_mixin.py:188} INFO - [2026-04-27T02:59:39.845+0000] {dag.py:3036} INFO - Sync 1 DAGs
[2026-04-27T02:59:39.976+0000] {logging_mixin.py:188} INFO - [2026-04-27T02:59:39.976+0000] {dag.py:3823} INFO - Setting next_dagrun for model_training_pipeline to 2026-04-26 00:00:00+00:00, run_after=2026-05-03 00:00:00+00:00
[2026-04-27T02:59:39.999+0000] {processor.py:183} INFO - Processing /home/airflow/dags/model_training_dag.py took 1.141 seconds
[2026-04-27T03:00:10.285+0000] {processor.py:161} INFO - Started process (PID=13698) to work on /home/airflow/dags/model_training_dag.py
[2026-04-27T03:00:10.286+0000] {processor.py:830} INFO - Processing file /home/airflow/dags/model_training_dag.py for tasks to queue
[2026-04-27T03:00:10.287+0000] {logging_mixin.py:188} INFO - [2026-04-27T03:00:10.287+0000] {dagbag.py:538} INFO - Filling up the DagBag from /home/airflow/dags/model_training_dag.py
[2026-04-27T03:00:11.195+0000] {processor.py:840} INFO - DAG(s) 'model_training_pipeline' retrieved from /home/airflow/dags/model_training_dag.py
[2026-04-27T03:00:11.219+0000] {logging_mixin.py:188} INFO - [2026-04-27T03:00:11.218+0000] {dag.py:3036} INFO - Sync 1 DAGs
[2026-04-27T03:00:11.357+0000] {logging_mixin.py:188} INFO - [2026-04-27T03:00:11.356+0000] {dag.py:3823} INFO - Setting next_dagrun for model_training_pipeline to 2026-04-26 00:00:00+00:00, run_after=2026-05-03 00:00:00+00:00
[2026-04-27T03:00:11.379+0000] {processor.py:183} INFO - Processing /home/airflow/dags/model_training_dag.py took 1.098 seconds
[2026-04-27T03:00:41.805+0000] {processor.py:161} INFO - Started process (PID=13743) to work on /home/airflow/dags/model_training_dag.py
[2026-04-27T03:00:41.807+0000] {processor.py:830} INFO - Processing file /home/airflow/dags/model_training_dag.py for tasks to queue
[2026-04-27T03:00:41.809+0000] {logging_mixin.py:188} INFO - [2026-04-27T03:00:41.809+0000] {dagbag.py:538} INFO - Filling up the DagBag from /home/airflow/dags/model_training_dag.py
[2026-04-27T03:00:42.836+0000] {processor.py:840} INFO - DAG(s) 'model_training_pipeline' retrieved from /home/airflow/dags/model_training_dag.py
[2026-04-27T03:00:42.971+0000] {logging_mixin.py:188} INFO - [2026-04-27T03:00:42.971+0000] {dag.py:3036} INFO - Sync 1 DAGs
[2026-04-27T03:00:42.997+0000] {logging_mixin.py:188} INFO - [2026-04-27T03:00:42.996+0000] {dag.py:3823} INFO - Setting next_dagrun for model_training_pipeline to 2026-04-26 00:00:00+00:00, run_after=2026-05-03 00:00:00+00:00
[2026-04-27T03:00:43.022+0000] {processor.py:183} INFO - Processing /home/airflow/dags/model_training_dag.py took 1.223 seconds
[2026-04-27T03:01:13.158+0000] {processor.py:161} INFO - Started process (PID=13788) to work on /home/airflow/dags/model_training_dag.py
[2026-04-27T03:01:13.160+0000] {processor.py:830} INFO - Processing file /home/airflow/dags/model_training_dag.py for tasks to queue
[2026-04-27T03:01:13.161+0000] {logging_mixin.py:188} INFO - [2026-04-27T03:01:13.160+0000] {dagbag.py:538} INFO - Filling up the DagBag from /home/airflow/dags/model_training_dag.py
[2026-04-27T03:01:14.031+0000] {processor.py:840} INFO - DAG(s) 'model_training_pipeline' retrieved from /home/airflow/dags/model_training_dag.py
[2026-04-27T03:01:14.054+0000] {logging_mixin.py:188} INFO - [2026-04-27T03:01:14.054+0000] {dag.py:3036} INFO - Sync 1 DAGs
[2026-04-27T03:01:14.073+0000] {logging_mixin.py:188} INFO - [2026-04-27T03:01:14.073+0000] {dag.py:3823} INFO - Setting next_dagrun for model_training_pipeline to 2026-04-26 00:00:00+00:00, run_after=2026-05-03 00:00:00+00:00
[2026-04-27T03:01:14.095+0000] {processor.py:183} INFO - Processing /home/airflow/dags/model_training_dag.py took 0.940 seconds
[2026-04-27T03:01:44.296+0000] {processor.py:161} INFO - Started process (PID=13833) to work on /home/airflow/dags/model_training_dag.py
[2026-04-27T03:01:44.297+0000] {processor.py:830} INFO - Processing file /home/airflow/dags/model_training_dag.py for tasks to queue
[2026-04-27T03:01:44.298+0000] {logging_mixin.py:188} INFO - [2026-04-27T03:01:44.297+0000] {dagbag.py:538} INFO - Filling up the DagBag from /home/airflow/dags/model_training_dag.py
[2026-04-27T03:01:45.163+0000] {processor.py:840} INFO - DAG(s) 'model_training_pipeline' retrieved from /home/airflow/dags/model_training_dag.py
[2026-04-27T03:01:45.183+0000] {logging_mixin.py:188} INFO - [2026-04-27T03:01:45.183+0000] {dag.py:3036} INFO - Sync 1 DAGs
[2026-04-27T03:01:45.200+0000] {logging_mixin.py:188} INFO - [2026-04-27T03:01:45.200+0000] {dag.py:3823} INFO - Setting next_dagrun for model_training_pipeline to 2026-04-26 00:00:00+00:00, run_after=2026-05-03 00:00:00+00:00
[2026-04-27T03:01:45.222+0000] {processor.py:183} INFO - Processing /home/airflow/dags/model_training_dag.py took 0.930 seconds
[2026-04-27T03:02:15.569+0000] {processor.py:161} INFO - Started process (PID=13878) to work on /home/airflow/dags/model_training_dag.py
[2026-04-27T03:02:15.571+0000] {processor.py:830} INFO - Processing file /home/airflow/dags/model_training_dag.py for tasks to queue
[2026-04-27T03:02:15.572+0000] {logging_mixin.py:188} INFO - [2026-04-27T03:02:15.572+0000] {dagbag.py:538} INFO - Filling up the DagBag from /home/airflow/dags/model_training_dag.py
[2026-04-27T03:02:16.645+0000] {processor.py:840} INFO - DAG(s) 'model_training_pipeline' retrieved from /home/airflow/dags/model_training_dag.py
[2026-04-27T03:02:16.665+0000] {logging_mixin.py:188} INFO - [2026-04-27T03:02:16.664+0000] {dag.py:3036} INFO - Sync 1 DAGs
[2026-04-27T03:02:16.680+0000] {logging_mixin.py:188} INFO - [2026-04-27T03:02:16.680+0000] {dag.py:3823} INFO - Setting next_dagrun for model_training_pipeline to 2026-04-26 00:00:00+00:00, run_after=2026-05-03 00:00:00+00:00
[2026-04-27T03:02:16.703+0000] {processor.py:183} INFO - Processing /home/airflow/dags/model_training_dag.py took 1.139 seconds
[2026-04-27T03:02:46.909+0000] {processor.py:161} INFO - Started process (PID=13923) to work on /home/airflow/dags/model_training_dag.py
[2026-04-27T03:02:46.910+0000] {processor.py:830} INFO - Processing file /home/airflow/dags/model_training_dag.py for tasks to queue
[2026-04-27T03:02:46.911+0000] {logging_mixin.py:188} INFO - [2026-04-27T03:02:46.911+0000] {dagbag.py:538} INFO - Filling up the DagBag from /home/airflow/dags/model_training_dag.py
[2026-04-27T03:02:47.783+0000] {processor.py:840} INFO - DAG(s) 'model_training_pipeline' retrieved from /home/airflow/dags/model_training_dag.py
[2026-04-27T03:02:47.809+0000] {logging_mixin.py:188} INFO - [2026-04-27T03:02:47.809+0000] {dag.py:3036} INFO - Sync 1 DAGs
[2026-04-27T03:02:47.831+0000] {logging_mixin.py:188} INFO - [2026-04-27T03:02:47.831+0000] {dag.py:3823} INFO - Setting next_dagrun for model_training_pipeline to 2026-04-26 00:00:00+00:00, run_after=2026-05-03 00:00:00+00:00
[2026-04-27T03:02:47.860+0000] {processor.py:183} INFO - Processing /home/airflow/dags/model_training_dag.py took 0.955 seconds
[2026-04-27T03:03:18.152+0000] {processor.py:161} INFO - Started process (PID=13968) to work on /home/airflow/dags/model_training_dag.py
[2026-04-27T03:03:18.153+0000] {processor.py:830} INFO - Processing file /home/airflow/dags/model_training_dag.py for tasks to queue
[2026-04-27T03:03:18.155+0000] {logging_mixin.py:188} INFO - [2026-04-27T03:03:18.154+0000] {dagbag.py:538} INFO - Filling up the DagBag from /home/airflow/dags/model_training_dag.py
[2026-04-27T03:03:19.024+0000] {processor.py:840} INFO - DAG(s) 'model_training_pipeline' retrieved from /home/airflow/dags/model_training_dag.py
[2026-04-27T03:03:19.047+0000] {logging_mixin.py:188} INFO - [2026-04-27T03:03:19.046+0000] {dag.py:3036} INFO - Sync 1 DAGs
[2026-04-27T03:03:19.072+0000] {logging_mixin.py:188} INFO - [2026-04-27T03:03:19.072+0000] {dag.py:3823} INFO - Setting next_dagrun for model_training_pipeline to 2026-04-26 00:00:00+00:00, run_after=2026-05-03 00:00:00+00:00
[2026-04-27T03:03:19.102+0000] {processor.py:183} INFO - Processing /home/airflow/dags/model_training_dag.py took 0.953 seconds
[2026-04-27T03:03:49.638+0000] {processor.py:161} INFO - Started process (PID=14013) to work on /home/airflow/dags/model_training_dag.py
[2026-04-27T03:03:49.639+0000] {processor.py:830} INFO - Processing file /home/airflow/dags/model_training_dag.py for tasks to queue
[2026-04-27T03:03:49.640+0000] {logging_mixin.py:188} INFO - [2026-04-27T03:03:49.640+0000] {dagbag.py:538} INFO - Filling up the DagBag from /home/airflow/dags/model_training_dag.py
[2026-04-27T03:03:50.781+0000] {processor.py:840} INFO - DAG(s) 'model_training_pipeline' retrieved from /home/airflow/dags/model_training_dag.py
[2026-04-27T03:03:50.806+0000] {logging_mixin.py:188} INFO - [2026-04-27T03:03:50.806+0000] {dag.py:3036} INFO - Sync 1 DAGs
[2026-04-27T03:03:50.829+0000] {logging_mixin.py:188} INFO - [2026-04-27T03:03:50.828+0000] {dag.py:3823} INFO - Setting next_dagrun for model_training_pipeline to 2026-04-26 00:00:00+00:00, run_after=2026-05-03 00:00:00+00:00
[2026-04-27T03:03:50.854+0000] {processor.py:183} INFO - Processing /home/airflow/dags/model_training_dag.py took 1.219 seconds
[2026-04-27T03:04:21.020+0000] {processor.py:161} INFO - Started process (PID=14058) to work on /home/airflow/dags/model_training_dag.py
[2026-04-27T03:04:21.022+0000] {processor.py:830} INFO - Processing file /home/airflow/dags/model_training_dag.py for tasks to queue
[2026-04-27T03:04:21.023+0000] {logging_mixin.py:188} INFO - [2026-04-27T03:04:21.023+0000] {dagbag.py:538} INFO - Filling up the DagBag from /home/airflow/dags/model_training_dag.py
[2026-04-27T03:04:21.965+0000] {processor.py:840} INFO - DAG(s) 'model_training_pipeline' retrieved from /home/airflow/dags/model_training_dag.py
[2026-04-27T03:04:21.988+0000] {logging_mixin.py:188} INFO - [2026-04-27T03:04:21.988+0000] {dag.py:3036} INFO - Sync 1 DAGs
[2026-04-27T03:04:22.018+0000] {logging_mixin.py:188} INFO - [2026-04-27T03:04:22.018+0000] {dag.py:3823} INFO - Setting next_dagrun for model_training_pipeline to 2026-04-26 00:00:00+00:00, run_after=2026-05-03 00:00:00+00:00
[2026-04-27T03:04:22.041+0000] {processor.py:183} INFO - Processing /home/airflow/dags/model_training_dag.py took 1.024 seconds
[2026-04-27T03:04:52.369+0000] {processor.py:161} INFO - Started process (PID=14103) to work on /home/airflow/dags/model_training_dag.py
[2026-04-27T03:04:52.371+0000] {processor.py:830} INFO - Processing file /home/airflow/dags/model_training_dag.py for tasks to queue
[2026-04-27T03:04:52.372+0000] {logging_mixin.py:188} INFO - [2026-04-27T03:04:52.372+0000] {dagbag.py:538} INFO - Filling up the DagBag from /home/airflow/dags/model_training_dag.py
[2026-04-27T03:04:53.327+0000] {processor.py:840} INFO - DAG(s) 'model_training_pipeline' retrieved from /home/airflow/dags/model_training_dag.py
[2026-04-27T03:04:53.346+0000] {logging_mixin.py:188} INFO - [2026-04-27T03:04:53.346+0000] {dag.py:3036} INFO - Sync 1 DAGs
[2026-04-27T03:04:53.362+0000] {logging_mixin.py:188} INFO - [2026-04-27T03:04:53.362+0000] {dag.py:3823} INFO - Setting next_dagrun for model_training_pipeline to 2026-04-26 00:00:00+00:00, run_after=2026-05-03 00:00:00+00:00
[2026-04-27T03:04:53.385+0000] {processor.py:183} INFO - Processing /home/airflow/dags/model_training_dag.py took 1.020 seconds
[2026-04-27T03:05:23.752+0000] {processor.py:161} INFO - Started process (PID=14148) to work on /home/airflow/dags/model_training_dag.py
[2026-04-27T03:05:23.753+0000] {processor.py:830} INFO - Processing file /home/airflow/dags/model_training_dag.py for tasks to queue
[2026-04-27T03:05:23.754+0000] {logging_mixin.py:188} INFO - [2026-04-27T03:05:23.754+0000] {dagbag.py:538} INFO - Filling up the DagBag from /home/airflow/dags/model_training_dag.py
[2026-04-27T03:05:24.754+0000] {processor.py:840} INFO - DAG(s) 'model_training_pipeline' retrieved from /home/airflow/dags/model_training_dag.py
[2026-04-27T03:05:24.778+0000] {logging_mixin.py:188} INFO - [2026-04-27T03:05:24.777+0000] {dag.py:3036} INFO - Sync 1 DAGs
[2026-04-27T03:05:24.800+0000] {logging_mixin.py:188} INFO - [2026-04-27T03:05:24.799+0000] {dag.py:3823} INFO - Setting next_dagrun for model_training_pipeline to 2026-04-26 00:00:00+00:00, run_after=2026-05-03 00:00:00+00:00
[2026-04-27T03:05:24.826+0000] {processor.py:183} INFO - Processing /home/airflow/dags/model_training_dag.py took 1.077 seconds
[2026-04-27T03:05:55.136+0000] {processor.py:161} INFO - Started process (PID=14193) to work on /home/airflow/dags/model_training_dag.py
[2026-04-27T03:05:55.138+0000] {processor.py:830} INFO - Processing file /home/airflow/dags/model_training_dag.py for tasks to queue
[2026-04-27T03:05:55.139+0000] {logging_mixin.py:188} INFO - [2026-04-27T03:05:55.138+0000] {dagbag.py:538} INFO - Filling up the DagBag from /home/airflow/dags/model_training_dag.py
[2026-04-27T03:05:56.014+0000] {processor.py:840} INFO - DAG(s) 'model_training_pipeline' retrieved from /home/airflow/dags/model_training_dag.py
[2026-04-27T03:05:56.036+0000] {logging_mixin.py:188} INFO - [2026-04-27T03:05:56.036+0000] {dag.py:3036} INFO - Sync 1 DAGs
[2026-04-27T03:05:56.052+0000] {logging_mixin.py:188} INFO - [2026-04-27T03:05:56.052+0000] {dag.py:3823} INFO - Setting next_dagrun for model_training_pipeline to 2026-04-26 00:00:00+00:00, run_after=2026-05-03 00:00:00+00:00
[2026-04-27T03:05:56.077+0000] {processor.py:183} INFO - Processing /home/airflow/dags/model_training_dag.py took 0.945 seconds
[2026-04-27T03:06:26.596+0000] {processor.py:161} INFO - Started process (PID=14238) to work on /home/airflow/dags/model_training_dag.py
[2026-04-27T03:06:26.597+0000] {processor.py:830} INFO - Processing file /home/airflow/dags/model_training_dag.py for tasks to queue
[2026-04-27T03:06:26.598+0000] {logging_mixin.py:188} INFO - [2026-04-27T03:06:26.598+0000] {dagbag.py:538} INFO - Filling up the DagBag from /home/airflow/dags/model_training_dag.py
[2026-04-27T03:06:27.404+0000] {processor.py:840} INFO - DAG(s) 'model_training_pipeline' retrieved from /home/airflow/dags/model_training_dag.py
[2026-04-27T03:06:27.426+0000] {logging_mixin.py:188} INFO - [2026-04-27T03:06:27.426+0000] {dag.py:3036} INFO - Sync 1 DAGs
[2026-04-27T03:06:27.444+0000] {logging_mixin.py:188} INFO - [2026-04-27T03:06:27.444+0000] {dag.py:3823} INFO - Setting next_dagrun for model_training_pipeline to 2026-04-26 00:00:00+00:00, run_after=2026-05-03 00:00:00+00:00
[2026-04-27T03:06:27.465+0000] {processor.py:183} INFO - Processing /home/airflow/dags/model_training_dag.py took 0.872 seconds
[2026-04-27T03:06:58.152+0000] {processor.py:161} INFO - Started process (PID=14283) to work on /home/airflow/dags/model_training_dag.py
[2026-04-27T03:06:58.153+0000] {processor.py:830} INFO - Processing file /home/airflow/dags/model_training_dag.py for tasks to queue
[2026-04-27T03:06:58.154+0000] {logging_mixin.py:188} INFO - [2026-04-27T03:06:58.154+0000] {dagbag.py:538} INFO - Filling up the DagBag from /home/airflow/dags/model_training_dag.py
[2026-04-27T03:06:59.146+0000] {processor.py:840} INFO - DAG(s) 'model_training_pipeline' retrieved from /home/airflow/dags/model_training_dag.py
[2026-04-27T03:06:59.169+0000] {logging_mixin.py:188} INFO - [2026-04-27T03:06:59.168+0000] {dag.py:3036} INFO - Sync 1 DAGs
[2026-04-27T03:06:59.186+0000] {logging_mixin.py:188} INFO - [2026-04-27T03:06:59.186+0000] {dag.py:3823} INFO - Setting next_dagrun for model_training_pipeline to 2026-04-26 00:00:00+00:00, run_after=2026-05-03 00:00:00+00:00
[2026-04-27T03:06:59.208+0000] {processor.py:183} INFO - Processing /home/airflow/dags/model_training_dag.py took 1.059 seconds
[2026-04-27T03:07:29.521+0000] {processor.py:161} INFO - Started process (PID=14328) to work on /home/airflow/dags/model_training_dag.py
[2026-04-27T03:07:29.523+0000] {processor.py:830} INFO - Processing file /home/airflow/dags/model_training_dag.py for tasks to queue
[2026-04-27T03:07:29.524+0000] {logging_mixin.py:188} INFO - [2026-04-27T03:07:29.524+0000] {dagbag.py:538} INFO - Filling up the DagBag from /home/airflow/dags/model_training_dag.py
[2026-04-27T03:07:30.496+0000] {processor.py:840} INFO - DAG(s) 'model_training_pipeline' retrieved from /home/airflow/dags/model_training_dag.py
[2026-04-27T03:07:30.524+0000] {logging_mixin.py:188} INFO - [2026-04-27T03:07:30.524+0000] {dag.py:3036} INFO - Sync 1 DAGs
[2026-04-27T03:07:30.545+0000] {logging_mixin.py:188} INFO - [2026-04-27T03:07:30.544+0000] {dag.py:3823} INFO - Setting next_dagrun for model_training_pipeline to 2026-04-26 00:00:00+00:00, run_after=2026-05-03 00:00:00+00:00
[2026-04-27T03:07:30.568+0000] {processor.py:183} INFO - Processing /home/airflow/dags/model_training_dag.py took 1.053 seconds
[2026-04-27T03:08:00.945+0000] {processor.py:161} INFO - Started process (PID=14373) to work on /home/airflow/dags/model_training_dag.py
[2026-04-27T03:08:00.946+0000] {processor.py:830} INFO - Processing file /home/airflow/dags/model_training_dag.py for tasks to queue
[2026-04-27T03:08:00.947+0000] {logging_mixin.py:188} INFO - [2026-04-27T03:08:00.946+0000] {dagbag.py:538} INFO - Filling up the DagBag from /home/airflow/dags/model_training_dag.py
[2026-04-27T03:08:01.721+0000] {processor.py:840} INFO - DAG(s) 'model_training_pipeline' retrieved from /home/airflow/dags/model_training_dag.py
[2026-04-27T03:08:01.744+0000] {logging_mixin.py:188} INFO - [2026-04-27T03:08:01.744+0000] {dag.py:3036} INFO - Sync 1 DAGs
[2026-04-27T03:08:01.761+0000] {logging_mixin.py:188} INFO - [2026-04-27T03:08:01.761+0000] {dag.py:3823} INFO - Setting next_dagrun for model_training_pipeline to 2026-04-26 00:00:00+00:00, run_after=2026-05-03 00:00:00+00:00
[2026-04-27T03:08:01.783+0000] {processor.py:183} INFO - Processing /home/airflow/dags/model_training_dag.py took 0.842 seconds
[2026-04-27T03:08:32.049+0000] {processor.py:161} INFO - Started process (PID=14418) to work on /home/airflow/dags/model_training_dag.py
[2026-04-27T03:08:32.051+0000] {processor.py:830} INFO - Processing file /home/airflow/dags/model_training_dag.py for tasks to queue
[2026-04-27T03:08:32.052+0000] {logging_mixin.py:188} INFO - [2026-04-27T03:08:32.052+0000] {dagbag.py:538} INFO - Filling up the DagBag from /home/airflow/dags/model_training_dag.py
[2026-04-27T03:08:32.847+0000] {processor.py:840} INFO - DAG(s) 'model_training_pipeline' retrieved from /home/airflow/dags/model_training_dag.py
[2026-04-27T03:08:32.867+0000] {logging_mixin.py:188} INFO - [2026-04-27T03:08:32.866+0000] {dag.py:3036} INFO - Sync 1 DAGs
[2026-04-27T03:08:32.884+0000] {logging_mixin.py:188} INFO - [2026-04-27T03:08:32.884+0000] {dag.py:3823} INFO - Setting next_dagrun for model_training_pipeline to 2026-04-26 00:00:00+00:00, run_after=2026-05-03 00:00:00+00:00
[2026-04-27T03:08:32.907+0000] {processor.py:183} INFO - Processing /home/airflow/dags/model_training_dag.py took 0.862 seconds
[2026-04-27T03:09:03.316+0000] {processor.py:161} INFO - Started process (PID=14463) to work on /home/airflow/dags/model_training_dag.py
[2026-04-27T03:09:03.317+0000] {processor.py:830} INFO - Processing file /home/airflow/dags/model_training_dag.py for tasks to queue
[2026-04-27T03:09:03.318+0000] {logging_mixin.py:188} INFO - [2026-04-27T03:09:03.318+0000] {dagbag.py:538} INFO - Filling up the DagBag from /home/airflow/dags/model_training_dag.py
[2026-04-27T03:09:04.270+0000] {processor.py:840} INFO - DAG(s) 'model_training_pipeline' retrieved from /home/airflow/dags/model_training_dag.py
[2026-04-27T03:09:04.298+0000] {logging_mixin.py:188} INFO - [2026-04-27T03:09:04.298+0000] {dag.py:3036} INFO - Sync 1 DAGs
[2026-04-27T03:09:04.320+0000] {logging_mixin.py:188} INFO - [2026-04-27T03:09:04.319+0000] {dag.py:3823} INFO - Setting next_dagrun for model_training_pipeline to 2026-04-26 00:00:00+00:00, run_after=2026-05-03 00:00:00+00:00
[2026-04-27T03:09:04.344+0000] {processor.py:183} INFO - Processing /home/airflow/dags/model_training_dag.py took 1.035 seconds
[2026-04-27T03:09:34.822+0000] {processor.py:161} INFO - Started process (PID=14508) to work on /home/airflow/dags/model_training_dag.py
[2026-04-27T03:09:34.824+0000] {processor.py:830} INFO - Processing file /home/airflow/dags/model_training_dag.py for tasks to queue
[2026-04-27T03:09:34.826+0000] {logging_mixin.py:188} INFO - [2026-04-27T03:09:34.825+0000] {dagbag.py:538} INFO - Filling up the DagBag from /home/airflow/dags/model_training_dag.py
[2026-04-27T03:09:35.686+0000] {processor.py:840} INFO - DAG(s) 'model_training_pipeline' retrieved from /home/airflow/dags/model_training_dag.py
[2026-04-27T03:09:35.708+0000] {logging_mixin.py:188} INFO - [2026-04-27T03:09:35.707+0000] {dag.py:3036} INFO - Sync 1 DAGs
[2026-04-27T03:09:35.729+0000] {logging_mixin.py:188} INFO - [2026-04-27T03:09:35.728+0000] {dag.py:3823} INFO - Setting next_dagrun for model_training_pipeline to 2026-04-26 00:00:00+00:00, run_after=2026-05-03 00:00:00+00:00
[2026-04-27T03:09:35.751+0000] {processor.py:183} INFO - Processing /home/airflow/dags/model_training_dag.py took 0.932 seconds
[2026-04-27T03:10:05.937+0000] {processor.py:161} INFO - Started process (PID=14553) to work on /home/airflow/dags/model_training_dag.py
[2026-04-27T03:10:05.939+0000] {processor.py:830} INFO - Processing file /home/airflow/dags/model_training_dag.py for tasks to queue
[2026-04-27T03:10:05.940+0000] {logging_mixin.py:188} INFO - [2026-04-27T03:10:05.940+0000] {dagbag.py:538} INFO - Filling up the DagBag from /home/airflow/dags/model_training_dag.py
[2026-04-27T03:10:07.062+0000] {processor.py:840} INFO - DAG(s) 'model_training_pipeline' retrieved from /home/airflow/dags/model_training_dag.py
[2026-04-27T03:10:07.087+0000] {logging_mixin.py:188} INFO - [2026-04-27T03:10:07.086+0000] {dag.py:3036} INFO - Sync 1 DAGs
[2026-04-27T03:10:07.112+0000] {logging_mixin.py:188} INFO - [2026-04-27T03:10:07.112+0000] {dag.py:3823} INFO - Setting next_dagrun for model_training_pipeline to 2026-04-26 00:00:00+00:00, run_after=2026-05-03 00:00:00+00:00
[2026-04-27T03:10:07.144+0000] {processor.py:183} INFO - Processing /home/airflow/dags/model_training_dag.py took 1.213 seconds
[2026-04-27T03:10:37.348+0000] {processor.py:161} INFO - Started process (PID=14598) to work on /home/airflow/dags/model_training_dag.py
[2026-04-27T03:10:37.350+0000] {processor.py:830} INFO - Processing file /home/airflow/dags/model_training_dag.py for tasks to queue
[2026-04-27T03:10:37.351+0000] {logging_mixin.py:188} INFO - [2026-04-27T03:10:37.351+0000] {dagbag.py:538} INFO - Filling up the DagBag from /home/airflow/dags/model_training_dag.py
[2026-04-27T03:10:38.216+0000] {processor.py:840} INFO - DAG(s) 'model_training_pipeline' retrieved from /home/airflow/dags/model_training_dag.py
[2026-04-27T03:10:38.237+0000] {logging_mixin.py:188} INFO - [2026-04-27T03:10:38.237+0000] {dag.py:3036} INFO - Sync 1 DAGs
[2026-04-27T03:10:38.254+0000] {logging_mixin.py:188} INFO - [2026-04-27T03:10:38.253+0000] {dag.py:3823} INFO - Setting next_dagrun for model_training_pipeline to 2026-04-26 00:00:00+00:00, run_after=2026-05-03 00:00:00+00:00
[2026-04-27T03:10:38.280+0000] {processor.py:183} INFO - Processing /home/airflow/dags/model_training_dag.py took 0.935 seconds
[2026-04-27T03:11:08.699+0000] {processor.py:161} INFO - Started process (PID=14643) to work on /home/airflow/dags/model_training_dag.py
[2026-04-27T03:11:08.700+0000] {processor.py:830} INFO - Processing file /home/airflow/dags/model_training_dag.py for tasks to queue
[2026-04-27T03:11:08.702+0000] {logging_mixin.py:188} INFO - [2026-04-27T03:11:08.701+0000] {dagbag.py:538} INFO - Filling up the DagBag from /home/airflow/dags/model_training_dag.py
[2026-04-27T03:11:09.728+0000] {processor.py:840} INFO - DAG(s) 'model_training_pipeline' retrieved from /home/airflow/dags/model_training_dag.py
[2026-04-27T03:11:09.751+0000] {logging_mixin.py:188} INFO - [2026-04-27T03:11:09.750+0000] {dag.py:3036} INFO - Sync 1 DAGs
[2026-04-27T03:11:09.775+0000] {logging_mixin.py:188} INFO - [2026-04-27T03:11:09.775+0000] {dag.py:3823} INFO - Setting next_dagrun for model_training_pipeline to 2026-04-26 00:00:00+00:00, run_after=2026-05-03 00:00:00+00:00
[2026-04-27T03:11:09.801+0000] {processor.py:183} INFO - Processing /home/airflow/dags/model_training_dag.py took 1.105 seconds
[2026-04-27T03:11:39.995+0000] {processor.py:161} INFO - Started process (PID=14688) to work on /home/airflow/dags/model_training_dag.py
[2026-04-27T03:11:39.996+0000] {processor.py:830} INFO - Processing file /home/airflow/dags/model_training_dag.py for tasks to queue
[2026-04-27T03:11:39.997+0000] {logging_mixin.py:188} INFO - [2026-04-27T03:11:39.997+0000] {dagbag.py:538} INFO - Filling up the DagBag from /home/airflow/dags/model_training_dag.py
[2026-04-27T03:11:41.078+0000] {processor.py:840} INFO - DAG(s) 'model_training_pipeline' retrieved from /home/airflow/dags/model_training_dag.py
[2026-04-27T03:11:41.099+0000] {logging_mixin.py:188} INFO - [2026-04-27T03:11:41.099+0000] {dag.py:3036} INFO - Sync 1 DAGs
[2026-04-27T03:11:41.116+0000] {logging_mixin.py:188} INFO - [2026-04-27T03:11:41.116+0000] {dag.py:3823} INFO - Setting next_dagrun for model_training_pipeline to 2026-04-26 00:00:00+00:00, run_after=2026-05-03 00:00:00+00:00
[2026-04-27T03:11:41.137+0000] {processor.py:183} INFO - Processing /home/airflow/dags/model_training_dag.py took 1.147 seconds
[2026-04-27T03:12:11.489+0000] {processor.py:161} INFO - Started process (PID=14733) to work on /home/airflow/dags/model_training_dag.py
[2026-04-27T03:12:11.491+0000] {processor.py:830} INFO - Processing file /home/airflow/dags/model_training_dag.py for tasks to queue
[2026-04-27T03:12:11.492+0000] {logging_mixin.py:188} INFO - [2026-04-27T03:12:11.492+0000] {dagbag.py:538} INFO - Filling up the DagBag from /home/airflow/dags/model_training_dag.py
[2026-04-27T03:12:12.409+0000] {processor.py:840} INFO - DAG(s) 'model_training_pipeline' retrieved from /home/airflow/dags/model_training_dag.py
[2026-04-27T03:12:12.428+0000] {logging_mixin.py:188} INFO - [2026-04-27T03:12:12.428+0000] {dag.py:3036} INFO - Sync 1 DAGs
[2026-04-27T03:12:12.445+0000] {logging_mixin.py:188} INFO - [2026-04-27T03:12:12.445+0000] {dag.py:3823} INFO - Setting next_dagrun for model_training_pipeline to 2026-04-26 00:00:00+00:00, run_after=2026-05-03 00:00:00+00:00
[2026-04-27T03:12:12.466+0000] {processor.py:183} INFO - Processing /home/airflow/dags/model_training_dag.py took 0.981 seconds
[2026-04-27T03:12:42.856+0000] {processor.py:161} INFO - Started process (PID=14778) to work on /home/airflow/dags/model_training_dag.py
[2026-04-27T03:12:42.858+0000] {processor.py:830} INFO - Processing file /home/airflow/dags/model_training_dag.py for tasks to queue
[2026-04-27T03:12:42.859+0000] {logging_mixin.py:188} INFO - [2026-04-27T03:12:42.858+0000] {dagbag.py:538} INFO - Filling up the DagBag from /home/airflow/dags/model_training_dag.py
[2026-04-27T03:12:43.653+0000] {processor.py:840} INFO - DAG(s) 'model_training_pipeline' retrieved from /home/airflow/dags/model_training_dag.py
[2026-04-27T03:12:43.674+0000] {logging_mixin.py:188} INFO - [2026-04-27T03:12:43.673+0000] {dag.py:3036} INFO - Sync 1 DAGs
[2026-04-27T03:12:43.692+0000] {logging_mixin.py:188} INFO - [2026-04-27T03:12:43.691+0000] {dag.py:3823} INFO - Setting next_dagrun for model_training_pipeline to 2026-04-26 00:00:00+00:00, run_after=2026-05-03 00:00:00+00:00
[2026-04-27T03:12:43.714+0000] {processor.py:183} INFO - Processing /home/airflow/dags/model_training_dag.py took 0.861 seconds
[2026-04-27T03:13:14.200+0000] {processor.py:161} INFO - Started process (PID=14823) to work on /home/airflow/dags/model_training_dag.py
[2026-04-27T03:13:14.201+0000] {processor.py:830} INFO - Processing file /home/airflow/dags/model_training_dag.py for tasks to queue
[2026-04-27T03:13:14.202+0000] {logging_mixin.py:188} INFO - [2026-04-27T03:13:14.201+0000] {dagbag.py:538} INFO - Filling up the DagBag from /home/airflow/dags/model_training_dag.py
[2026-04-27T03:13:15.164+0000] {processor.py:840} INFO - DAG(s) 'model_training_pipeline' retrieved from /home/airflow/dags/model_training_dag.py
[2026-04-27T03:13:15.189+0000] {logging_mixin.py:188} INFO - [2026-04-27T03:13:15.188+0000] {dag.py:3036} INFO - Sync 1 DAGs
[2026-04-27T03:13:15.207+0000] {logging_mixin.py:188} INFO - [2026-04-27T03:13:15.207+0000] {dag.py:3823} INFO - Setting next_dagrun for model_training_pipeline to 2026-04-26 00:00:00+00:00, run_after=2026-05-03 00:00:00+00:00
[2026-04-27T03:13:15.232+0000] {processor.py:183} INFO - Processing /home/airflow/dags/model_training_dag.py took 1.036 seconds
[2026-04-27T03:13:45.571+0000] {processor.py:161} INFO - Started process (PID=14868) to work on /home/airflow/dags/model_training_dag.py
[2026-04-27T03:13:45.572+0000] {processor.py:830} INFO - Processing file /home/airflow/dags/model_training_dag.py for tasks to queue
[2026-04-27T03:13:45.573+0000] {logging_mixin.py:188} INFO - [2026-04-27T03:13:45.573+0000] {dagbag.py:538} INFO - Filling up the DagBag from /home/airflow/dags/model_training_dag.py
[2026-04-27T03:13:46.436+0000] {processor.py:840} INFO - DAG(s) 'model_training_pipeline' retrieved from /home/airflow/dags/model_training_dag.py
[2026-04-27T03:13:46.460+0000] {logging_mixin.py:188} INFO - [2026-04-27T03:13:46.459+0000] {dag.py:3036} INFO - Sync 1 DAGs
[2026-04-27T03:13:46.479+0000] {logging_mixin.py:188} INFO - [2026-04-27T03:13:46.478+0000] {dag.py:3823} INFO - Setting next_dagrun for model_training_pipeline to 2026-04-26 00:00:00+00:00, run_after=2026-05-03 00:00:00+00:00
[2026-04-27T03:13:46.501+0000] {processor.py:183} INFO - Processing /home/airflow/dags/model_training_dag.py took 0.933 seconds
[2026-04-27T03:14:16.955+0000] {processor.py:161} INFO - Started process (PID=14913) to work on /home/airflow/dags/model_training_dag.py
[2026-04-27T03:14:16.957+0000] {processor.py:830} INFO - Processing file /home/airflow/dags/model_training_dag.py for tasks to queue
[2026-04-27T03:14:16.958+0000] {logging_mixin.py:188} INFO - [2026-04-27T03:14:16.957+0000] {dagbag.py:538} INFO - Filling up the DagBag from /home/airflow/dags/model_training_dag.py
[2026-04-27T03:14:17.874+0000] {processor.py:840} INFO - DAG(s) 'model_training_pipeline' retrieved from /home/airflow/dags/model_training_dag.py
[2026-04-27T03:14:17.896+0000] {logging_mixin.py:188} INFO - [2026-04-27T03:14:17.895+0000] {dag.py:3036} INFO - Sync 1 DAGs
[2026-04-27T03:14:17.910+0000] {logging_mixin.py:188} INFO - [2026-04-27T03:14:17.910+0000] {dag.py:3823} INFO - Setting next_dagrun for model_training_pipeline to 2026-04-26 00:00:00+00:00, run_after=2026-05-03 00:00:00+00:00
[2026-04-27T03:14:17.932+0000] {processor.py:183} INFO - Processing /home/airflow/dags/model_training_dag.py took 0.980 seconds
[2026-04-27T03:14:48.367+0000] {processor.py:161} INFO - Started process (PID=14958) to work on /home/airflow/dags/model_training_dag.py
[2026-04-27T03:14:48.369+0000] {processor.py:830} INFO - Processing file /home/airflow/dags/model_training_dag.py for tasks to queue
[2026-04-27T03:14:48.370+0000] {logging_mixin.py:188} INFO - [2026-04-27T03:14:48.370+0000] {dagbag.py:538} INFO - Filling up the DagBag from /home/airflow/dags/model_training_dag.py
[2026-04-27T03:14:49.277+0000] {processor.py:840} INFO - DAG(s) 'model_training_pipeline' retrieved from /home/airflow/dags/model_training_dag.py
[2026-04-27T03:14:49.297+0000] {logging_mixin.py:188} INFO - [2026-04-27T03:14:49.297+0000] {dag.py:3036} INFO - Sync 1 DAGs
[2026-04-27T03:14:49.314+0000] {logging_mixin.py:188} INFO - [2026-04-27T03:14:49.314+0000] {dag.py:3823} INFO - Setting next_dagrun for model_training_pipeline to 2026-04-26 00:00:00+00:00, run_after=2026-05-03 00:00:00+00:00
[2026-04-27T03:14:49.369+0000] {processor.py:183} INFO - Processing /home/airflow/dags/model_training_dag.py took 1.005 seconds
[2026-04-27T03:15:19.816+0000] {processor.py:161} INFO - Started process (PID=15003) to work on /home/airflow/dags/model_training_dag.py
[2026-04-27T03:15:19.817+0000] {processor.py:830} INFO - Processing file /home/airflow/dags/model_training_dag.py for tasks to queue
[2026-04-27T03:15:19.818+0000] {logging_mixin.py:188} INFO - [2026-04-27T03:15:19.818+0000] {dagbag.py:538} INFO - Filling up the DagBag from /home/airflow/dags/model_training_dag.py
[2026-04-27T03:15:20.773+0000] {processor.py:840} INFO - DAG(s) 'model_training_pipeline' retrieved from /home/airflow/dags/model_training_dag.py
[2026-04-27T03:15:20.796+0000] {logging_mixin.py:188} INFO - [2026-04-27T03:15:20.795+0000] {dag.py:3036} INFO - Sync 1 DAGs
[2026-04-27T03:15:20.814+0000] {logging_mixin.py:188} INFO - [2026-04-27T03:15:20.814+0000] {dag.py:3823} INFO - Setting next_dagrun for model_training_pipeline to 2026-04-26 00:00:00+00:00, run_after=2026-05-03 00:00:00+00:00
[2026-04-27T03:15:20.837+0000] {processor.py:183} INFO - Processing /home/airflow/dags/model_training_dag.py took 1.025 seconds
[2026-04-27T03:15:51.223+0000] {processor.py:161} INFO - Started process (PID=15048) to work on /home/airflow/dags/model_training_dag.py
[2026-04-27T03:15:51.224+0000] {processor.py:830} INFO - Processing file /home/airflow/dags/model_training_dag.py for tasks to queue
[2026-04-27T03:15:51.225+0000] {logging_mixin.py:188} INFO - [2026-04-27T03:15:51.225+0000] {dagbag.py:538} INFO - Filling up the DagBag from /home/airflow/dags/model_training_dag.py
[2026-04-27T03:15:52.117+0000] {processor.py:840} INFO - DAG(s) 'model_training_pipeline' retrieved from /home/airflow/dags/model_training_dag.py
[2026-04-27T03:15:52.136+0000] {logging_mixin.py:188} INFO - [2026-04-27T03:15:52.136+0000] {dag.py:3036} INFO - Sync 1 DAGs
[2026-04-27T03:15:52.153+0000] {logging_mixin.py:188} INFO - [2026-04-27T03:15:52.153+0000] {dag.py:3823} INFO - Setting next_dagrun for model_training_pipeline to 2026-04-26 00:00:00+00:00, run_after=2026-05-03 00:00:00+00:00
[2026-04-27T03:15:52.181+0000] {processor.py:183} INFO - Processing /home/airflow/dags/model_training_dag.py took 0.961 seconds
[2026-04-27T03:16:22.947+0000] {processor.py:161} INFO - Started process (PID=15093) to work on /home/airflow/dags/model_training_dag.py
[2026-04-27T03:16:22.948+0000] {processor.py:830} INFO - Processing file /home/airflow/dags/model_training_dag.py for tasks to queue
[2026-04-27T03:16:22.949+0000] {logging_mixin.py:188} INFO - [2026-04-27T03:16:22.949+0000] {dagbag.py:538} INFO - Filling up the DagBag from /home/airflow/dags/model_training_dag.py
[2026-04-27T03:16:23.949+0000] {processor.py:840} INFO - DAG(s) 'model_training_pipeline' retrieved from /home/airflow/dags/model_training_dag.py
[2026-04-27T03:16:23.971+0000] {logging_mixin.py:188} INFO - [2026-04-27T03:16:23.971+0000] {dag.py:3036} INFO - Sync 1 DAGs
[2026-04-27T03:16:23.994+0000] {logging_mixin.py:188} INFO - [2026-04-27T03:16:23.994+0000] {dag.py:3823} INFO - Setting next_dagrun for model_training_pipeline to 2026-04-26 00:00:00+00:00, run_after=2026-05-03 00:00:00+00:00
[2026-04-27T03:16:24.019+0000] {processor.py:183} INFO - Processing /home/airflow/dags/model_training_dag.py took 1.076 seconds
[2026-04-27T03:16:54.457+0000] {processor.py:161} INFO - Started process (PID=15138) to work on /home/airflow/dags/model_training_dag.py
[2026-04-27T03:16:54.459+0000] {processor.py:830} INFO - Processing file /home/airflow/dags/model_training_dag.py for tasks to queue
[2026-04-27T03:16:54.460+0000] {logging_mixin.py:188} INFO - [2026-04-27T03:16:54.459+0000] {dagbag.py:538} INFO - Filling up the DagBag from /home/airflow/dags/model_training_dag.py
[2026-04-27T03:16:55.209+0000] {processor.py:840} INFO - DAG(s) 'model_training_pipeline' retrieved from /home/airflow/dags/model_training_dag.py
[2026-04-27T03:16:55.229+0000] {logging_mixin.py:188} INFO - [2026-04-27T03:16:55.229+0000] {dag.py:3036} INFO - Sync 1 DAGs
[2026-04-27T03:16:55.245+0000] {logging_mixin.py:188} INFO - [2026-04-27T03:16:55.245+0000] {dag.py:3823} INFO - Setting next_dagrun for model_training_pipeline to 2026-04-26 00:00:00+00:00, run_after=2026-05-03 00:00:00+00:00
[2026-04-27T03:16:55.266+0000] {processor.py:183} INFO - Processing /home/airflow/dags/model_training_dag.py took 0.812 seconds
[2026-04-27T03:17:25.688+0000] {processor.py:161} INFO - Started process (PID=15183) to work on /home/airflow/dags/model_training_dag.py
[2026-04-27T03:17:25.689+0000] {processor.py:830} INFO - Processing file /home/airflow/dags/model_training_dag.py for tasks to queue
[2026-04-27T03:17:25.690+0000] {logging_mixin.py:188} INFO - [2026-04-27T03:17:25.690+0000] {dagbag.py:538} INFO - Filling up the DagBag from /home/airflow/dags/model_training_dag.py
[2026-04-27T03:17:26.658+0000] {processor.py:840} INFO - DAG(s) 'model_training_pipeline' retrieved from /home/airflow/dags/model_training_dag.py
[2026-04-27T03:17:26.686+0000] {logging_mixin.py:188} INFO - [2026-04-27T03:17:26.685+0000] {dag.py:3036} INFO - Sync 1 DAGs
[2026-04-27T03:17:26.707+0000] {logging_mixin.py:188} INFO - [2026-04-27T03:17:26.706+0000] {dag.py:3823} INFO - Setting next_dagrun for model_training_pipeline to 2026-04-26 00:00:00+00:00, run_after=2026-05-03 00:00:00+00:00
[2026-04-27T03:17:26.735+0000] {processor.py:183} INFO - Processing /home/airflow/dags/model_training_dag.py took 1.050 seconds
[2026-04-27T03:17:57.166+0000] {processor.py:161} INFO - Started process (PID=15228) to work on /home/airflow/dags/model_training_dag.py
[2026-04-27T03:17:57.168+0000] {processor.py:830} INFO - Processing file /home/airflow/dags/model_training_dag.py for tasks to queue
[2026-04-27T03:17:57.169+0000] {logging_mixin.py:188} INFO - [2026-04-27T03:17:57.168+0000] {dagbag.py:538} INFO - Filling up the DagBag from /home/airflow/dags/model_training_dag.py
[2026-04-27T03:17:58.040+0000] {processor.py:840} INFO - DAG(s) 'model_training_pipeline' retrieved from /home/airflow/dags/model_training_dag.py
[2026-04-27T03:17:58.060+0000] {logging_mixin.py:188} INFO - [2026-04-27T03:17:58.059+0000] {dag.py:3036} INFO - Sync 1 DAGs
[2026-04-27T03:17:58.077+0000] {logging_mixin.py:188} INFO - [2026-04-27T03:17:58.077+0000] {dag.py:3823} INFO - Setting next_dagrun for model_training_pipeline to 2026-04-26 00:00:00+00:00, run_after=2026-05-03 00:00:00+00:00
[2026-04-27T03:17:58.100+0000] {processor.py:183} INFO - Processing /home/airflow/dags/model_training_dag.py took 0.937 seconds
[2026-04-27T03:18:28.453+0000] {processor.py:161} INFO - Started process (PID=15273) to work on /home/airflow/dags/model_training_dag.py
[2026-04-27T03:18:28.454+0000] {processor.py:830} INFO - Processing file /home/airflow/dags/model_training_dag.py for tasks to queue
[2026-04-27T03:18:28.455+0000] {logging_mixin.py:188} INFO - [2026-04-27T03:18:28.455+0000] {dagbag.py:538} INFO - Filling up the DagBag from /home/airflow/dags/model_training_dag.py
[2026-04-27T03:18:29.259+0000] {processor.py:840} INFO - DAG(s) 'model_training_pipeline' retrieved from /home/airflow/dags/model_training_dag.py
[2026-04-27T03:18:29.281+0000] {logging_mixin.py:188} INFO - [2026-04-27T03:18:29.280+0000] {dag.py:3036} INFO - Sync 1 DAGs
[2026-04-27T03:18:29.300+0000] {logging_mixin.py:188} INFO - [2026-04-27T03:18:29.300+0000] {dag.py:3823} INFO - Setting next_dagrun for model_training_pipeline to 2026-04-26 00:00:00+00:00, run_after=2026-05-03 00:00:00+00:00
[2026-04-27T03:18:29.323+0000] {processor.py:183} INFO - Processing /home/airflow/dags/model_training_dag.py took 0.873 seconds
[2026-04-27T03:18:59.388+0000] {processor.py:161} INFO - Started process (PID=15318) to work on /home/airflow/dags/model_training_dag.py
[2026-04-27T03:18:59.390+0000] {processor.py:830} INFO - Processing file /home/airflow/dags/model_training_dag.py for tasks to queue
[2026-04-27T03:18:59.391+0000] {logging_mixin.py:188} INFO - [2026-04-27T03:18:59.390+0000] {dagbag.py:538} INFO - Filling up the DagBag from /home/airflow/dags/model_training_dag.py
[2026-04-27T03:19:00.248+0000] {processor.py:840} INFO - DAG(s) 'model_training_pipeline' retrieved from /home/airflow/dags/model_training_dag.py
[2026-04-27T03:19:00.277+0000] {logging_mixin.py:188} INFO - [2026-04-27T03:19:00.276+0000] {dag.py:3036} INFO - Sync 1 DAGs
[2026-04-27T03:19:00.439+0000] {logging_mixin.py:188} INFO - [2026-04-27T03:19:00.439+0000] {dag.py:3823} INFO - Setting next_dagrun for model_training_pipeline to 2026-04-26 00:00:00+00:00, run_after=2026-05-03 00:00:00+00:00
[2026-04-27T03:19:00.457+0000] {processor.py:183} INFO - Processing /home/airflow/dags/model_training_dag.py took 1.071 seconds
[2026-04-27T03:19:30.832+0000] {processor.py:161} INFO - Started process (PID=15363) to work on /home/airflow/dags/model_training_dag.py
[2026-04-27T03:19:30.833+0000] {processor.py:830} INFO - Processing file /home/airflow/dags/model_training_dag.py for tasks to queue
[2026-04-27T03:19:30.835+0000] {logging_mixin.py:188} INFO - [2026-04-27T03:19:30.834+0000] {dagbag.py:538} INFO - Filling up the DagBag from /home/airflow/dags/model_training_dag.py
[2026-04-27T03:19:31.772+0000] {processor.py:840} INFO - DAG(s) 'model_training_pipeline' retrieved from /home/airflow/dags/model_training_dag.py
[2026-04-27T03:19:31.794+0000] {logging_mixin.py:188} INFO - [2026-04-27T03:19:31.794+0000] {dag.py:3036} INFO - Sync 1 DAGs
[2026-04-27T03:19:31.941+0000] {logging_mixin.py:188} INFO - [2026-04-27T03:19:31.940+0000] {dag.py:3823} INFO - Setting next_dagrun for model_training_pipeline to 2026-04-26 00:00:00+00:00, run_after=2026-05-03 00:00:00+00:00
[2026-04-27T03:19:31.961+0000] {processor.py:183} INFO - Processing /home/airflow/dags/model_training_dag.py took 1.133 seconds
[2026-04-27T03:20:02.140+0000] {processor.py:161} INFO - Started process (PID=15408) to work on /home/airflow/dags/model_training_dag.py
[2026-04-27T03:20:02.141+0000] {processor.py:830} INFO - Processing file /home/airflow/dags/model_training_dag.py for tasks to queue
[2026-04-27T03:20:02.142+0000] {logging_mixin.py:188} INFO - [2026-04-27T03:20:02.142+0000] {dagbag.py:538} INFO - Filling up the DagBag from /home/airflow/dags/model_training_dag.py
[2026-04-27T03:20:02.991+0000] {processor.py:840} INFO - DAG(s) 'model_training_pipeline' retrieved from /home/airflow/dags/model_training_dag.py
[2026-04-27T03:20:03.111+0000] {logging_mixin.py:188} INFO - [2026-04-27T03:20:03.109+0000] {dag.py:3036} INFO - Sync 1 DAGs
[2026-04-27T03:20:03.137+0000] {logging_mixin.py:188} INFO - [2026-04-27T03:20:03.137+0000] {dag.py:3823} INFO - Setting next_dagrun for model_training_pipeline to 2026-04-26 00:00:00+00:00, run_after=2026-05-03 00:00:00+00:00
[2026-04-27T03:20:03.162+0000] {processor.py:183} INFO - Processing /home/airflow/dags/model_training_dag.py took 1.028 seconds
[2026-04-27T03:20:33.445+0000] {processor.py:161} INFO - Started process (PID=15453) to work on /home/airflow/dags/model_training_dag.py
[2026-04-27T03:20:33.447+0000] {processor.py:830} INFO - Processing file /home/airflow/dags/model_training_dag.py for tasks to queue
[2026-04-27T03:20:33.448+0000] {logging_mixin.py:188} INFO - [2026-04-27T03:20:33.447+0000] {dagbag.py:538} INFO - Filling up the DagBag from /home/airflow/dags/model_training_dag.py
[2026-04-27T03:20:34.205+0000] {processor.py:840} INFO - DAG(s) 'model_training_pipeline' retrieved from /home/airflow/dags/model_training_dag.py
[2026-04-27T03:20:34.325+0000] {logging_mixin.py:188} INFO - [2026-04-27T03:20:34.325+0000] {dag.py:3036} INFO - Sync 1 DAGs
[2026-04-27T03:20:34.345+0000] {logging_mixin.py:188} INFO - [2026-04-27T03:20:34.345+0000] {dag.py:3823} INFO - Setting next_dagrun for model_training_pipeline to 2026-04-26 00:00:00+00:00, run_after=2026-05-03 00:00:00+00:00
[2026-04-27T03:20:34.371+0000] {processor.py:183} INFO - Processing /home/airflow/dags/model_training_dag.py took 0.929 seconds
[2026-04-27T03:21:04.843+0000] {processor.py:161} INFO - Started process (PID=15498) to work on /home/airflow/dags/model_training_dag.py
[2026-04-27T03:21:04.845+0000] {processor.py:830} INFO - Processing file /home/airflow/dags/model_training_dag.py for tasks to queue
[2026-04-27T03:21:04.846+0000] {logging_mixin.py:188} INFO - [2026-04-27T03:21:04.846+0000] {dagbag.py:538} INFO - Filling up the DagBag from /home/airflow/dags/model_training_dag.py
[2026-04-27T03:21:05.944+0000] {processor.py:840} INFO - DAG(s) 'model_training_pipeline' retrieved from /home/airflow/dags/model_training_dag.py
[2026-04-27T03:21:05.965+0000] {logging_mixin.py:188} INFO - [2026-04-27T03:21:05.965+0000] {dag.py:3036} INFO - Sync 1 DAGs
[2026-04-27T03:21:05.983+0000] {logging_mixin.py:188} INFO - [2026-04-27T03:21:05.983+0000] {dag.py:3823} INFO - Setting next_dagrun for model_training_pipeline to 2026-04-26 00:00:00+00:00, run_after=2026-05-03 00:00:00+00:00
[2026-04-27T03:21:06.005+0000] {processor.py:183} INFO - Processing /home/airflow/dags/model_training_dag.py took 1.166 seconds
[2026-04-27T03:21:36.247+0000] {processor.py:161} INFO - Started process (PID=15543) to work on /home/airflow/dags/model_training_dag.py
[2026-04-27T03:21:36.249+0000] {processor.py:830} INFO - Processing file /home/airflow/dags/model_training_dag.py for tasks to queue
[2026-04-27T03:21:36.250+0000] {logging_mixin.py:188} INFO - [2026-04-27T03:21:36.250+0000] {dagbag.py:538} INFO - Filling up the DagBag from /home/airflow/dags/model_training_dag.py
[2026-04-27T03:21:37.190+0000] {processor.py:840} INFO - DAG(s) 'model_training_pipeline' retrieved from /home/airflow/dags/model_training_dag.py
[2026-04-27T03:21:37.210+0000] {logging_mixin.py:188} INFO - [2026-04-27T03:21:37.210+0000] {dag.py:3036} INFO - Sync 1 DAGs
[2026-04-27T03:21:37.225+0000] {logging_mixin.py:188} INFO - [2026-04-27T03:21:37.225+0000] {dag.py:3823} INFO - Setting next_dagrun for model_training_pipeline to 2026-04-26 00:00:00+00:00, run_after=2026-05-03 00:00:00+00:00
[2026-04-27T03:21:37.247+0000] {processor.py:183} INFO - Processing /home/airflow/dags/model_training_dag.py took 1.004 seconds
[2026-04-27T03:22:07.618+0000] {processor.py:161} INFO - Started process (PID=15588) to work on /home/airflow/dags/model_training_dag.py
[2026-04-27T03:22:07.620+0000] {processor.py:830} INFO - Processing file /home/airflow/dags/model_training_dag.py for tasks to queue
[2026-04-27T03:22:07.621+0000] {logging_mixin.py:188} INFO - [2026-04-27T03:22:07.620+0000] {dagbag.py:538} INFO - Filling up the DagBag from /home/airflow/dags/model_training_dag.py
[2026-04-27T03:22:08.492+0000] {processor.py:840} INFO - DAG(s) 'model_training_pipeline' retrieved from /home/airflow/dags/model_training_dag.py
[2026-04-27T03:22:08.514+0000] {logging_mixin.py:188} INFO - [2026-04-27T03:22:08.514+0000] {dag.py:3036} INFO - Sync 1 DAGs
[2026-04-27T03:22:08.532+0000] {logging_mixin.py:188} INFO - [2026-04-27T03:22:08.532+0000] {dag.py:3823} INFO - Setting next_dagrun for model_training_pipeline to 2026-04-26 00:00:00+00:00, run_after=2026-05-03 00:00:00+00:00
[2026-04-27T03:22:08.561+0000] {processor.py:183} INFO - Processing /home/airflow/dags/model_training_dag.py took 0.946 seconds
[2026-04-27T03:22:38.972+0000] {processor.py:161} INFO - Started process (PID=15633) to work on /home/airflow/dags/model_training_dag.py
[2026-04-27T03:22:38.974+0000] {processor.py:830} INFO - Processing file /home/airflow/dags/model_training_dag.py for tasks to queue
[2026-04-27T03:22:38.975+0000] {logging_mixin.py:188} INFO - [2026-04-27T03:22:38.975+0000] {dagbag.py:538} INFO - Filling up the DagBag from /home/airflow/dags/model_training_dag.py
[2026-04-27T03:22:39.913+0000] {processor.py:840} INFO - DAG(s) 'model_training_pipeline' retrieved from /home/airflow/dags/model_training_dag.py
[2026-04-27T03:22:39.932+0000] {logging_mixin.py:188} INFO - [2026-04-27T03:22:39.932+0000] {dag.py:3036} INFO - Sync 1 DAGs
[2026-04-27T03:22:39.950+0000] {logging_mixin.py:188} INFO - [2026-04-27T03:22:39.950+0000] {dag.py:3823} INFO - Setting next_dagrun for model_training_pipeline to 2026-04-26 00:00:00+00:00, run_after=2026-05-03 00:00:00+00:00
[2026-04-27T03:22:39.973+0000] {processor.py:183} INFO - Processing /home/airflow/dags/model_training_dag.py took 1.006 seconds
[2026-04-27T03:23:10.389+0000] {processor.py:161} INFO - Started process (PID=15678) to work on /home/airflow/dags/model_training_dag.py
[2026-04-27T03:23:10.391+0000] {processor.py:830} INFO - Processing file /home/airflow/dags/model_training_dag.py for tasks to queue
[2026-04-27T03:23:10.392+0000] {logging_mixin.py:188} INFO - [2026-04-27T03:23:10.391+0000] {dagbag.py:538} INFO - Filling up the DagBag from /home/airflow/dags/model_training_dag.py
[2026-04-27T03:23:11.432+0000] {processor.py:840} INFO - DAG(s) 'model_training_pipeline' retrieved from /home/airflow/dags/model_training_dag.py
[2026-04-27T03:23:11.453+0000] {logging_mixin.py:188} INFO - [2026-04-27T03:23:11.452+0000] {dag.py:3036} INFO - Sync 1 DAGs
[2026-04-27T03:23:11.470+0000] {logging_mixin.py:188} INFO - [2026-04-27T03:23:11.469+0000] {dag.py:3823} INFO - Setting next_dagrun for model_training_pipeline to 2026-04-26 00:00:00+00:00, run_after=2026-05-03 00:00:00+00:00
[2026-04-27T03:23:11.492+0000] {processor.py:183} INFO - Processing /home/airflow/dags/model_training_dag.py took 1.106 seconds
[2026-04-27T03:23:41.971+0000] {processor.py:161} INFO - Started process (PID=15723) to work on /home/airflow/dags/model_training_dag.py
[2026-04-27T03:23:41.972+0000] {processor.py:830} INFO - Processing file /home/airflow/dags/model_training_dag.py for tasks to queue
[2026-04-27T03:23:41.973+0000] {logging_mixin.py:188} INFO - [2026-04-27T03:23:41.973+0000] {dagbag.py:538} INFO - Filling up the DagBag from /home/airflow/dags/model_training_dag.py
[2026-04-27T03:23:42.957+0000] {processor.py:840} INFO - DAG(s) 'model_training_pipeline' retrieved from /home/airflow/dags/model_training_dag.py
[2026-04-27T03:23:42.977+0000] {logging_mixin.py:188} INFO - [2026-04-27T03:23:42.977+0000] {dag.py:3036} INFO - Sync 1 DAGs
[2026-04-27T03:23:42.993+0000] {logging_mixin.py:188} INFO - [2026-04-27T03:23:42.992+0000] {dag.py:3823} INFO - Setting next_dagrun for model_training_pipeline to 2026-04-26 00:00:00+00:00, run_after=2026-05-03 00:00:00+00:00
[2026-04-27T03:23:43.013+0000] {processor.py:183} INFO - Processing /home/airflow/dags/model_training_dag.py took 1.046 seconds
[2026-04-27T03:24:13.638+0000] {processor.py:161} INFO - Started process (PID=15768) to work on /home/airflow/dags/model_training_dag.py
[2026-04-27T03:24:13.639+0000] {processor.py:830} INFO - Processing file /home/airflow/dags/model_training_dag.py for tasks to queue
[2026-04-27T03:24:13.640+0000] {logging_mixin.py:188} INFO - [2026-04-27T03:24:13.640+0000] {dagbag.py:538} INFO - Filling up the DagBag from /home/airflow/dags/model_training_dag.py
[2026-04-27T03:24:14.590+0000] {processor.py:840} INFO - DAG(s) 'model_training_pipeline' retrieved from /home/airflow/dags/model_training_dag.py
[2026-04-27T03:24:14.616+0000] {logging_mixin.py:188} INFO - [2026-04-27T03:24:14.616+0000] {dag.py:3036} INFO - Sync 1 DAGs
[2026-04-27T03:24:14.635+0000] {logging_mixin.py:188} INFO - [2026-04-27T03:24:14.635+0000] {dag.py:3823} INFO - Setting next_dagrun for model_training_pipeline to 2026-04-26 00:00:00+00:00, run_after=2026-05-03 00:00:00+00:00
[2026-04-27T03:24:14.663+0000] {processor.py:183} INFO - Processing /home/airflow/dags/model_training_dag.py took 1.029 seconds
[2026-04-27T03:24:45.049+0000] {processor.py:161} INFO - Started process (PID=15813) to work on /home/airflow/dags/model_training_dag.py
[2026-04-27T03:24:45.050+0000] {processor.py:830} INFO - Processing file /home/airflow/dags/model_training_dag.py for tasks to queue
[2026-04-27T03:24:45.051+0000] {logging_mixin.py:188} INFO - [2026-04-27T03:24:45.051+0000] {dagbag.py:538} INFO - Filling up the DagBag from /home/airflow/dags/model_training_dag.py
[2026-04-27T03:24:45.832+0000] {processor.py:840} INFO - DAG(s) 'model_training_pipeline' retrieved from /home/airflow/dags/model_training_dag.py
[2026-04-27T03:24:45.855+0000] {logging_mixin.py:188} INFO - [2026-04-27T03:24:45.854+0000] {dag.py:3036} INFO - Sync 1 DAGs
[2026-04-27T03:24:45.883+0000] {logging_mixin.py:188} INFO - [2026-04-27T03:24:45.882+0000] {dag.py:3823} INFO - Setting next_dagrun for model_training_pipeline to 2026-04-26 00:00:00+00:00, run_after=2026-05-03 00:00:00+00:00
[2026-04-27T03:24:45.908+0000] {processor.py:183} INFO - Processing /home/airflow/dags/model_training_dag.py took 0.862 seconds
[2026-04-27T03:25:16.387+0000] {processor.py:161} INFO - Started process (PID=15858) to work on /home/airflow/dags/model_training_dag.py
[2026-04-27T03:25:16.388+0000] {processor.py:830} INFO - Processing file /home/airflow/dags/model_training_dag.py for tasks to queue
[2026-04-27T03:25:16.389+0000] {logging_mixin.py:188} INFO - [2026-04-27T03:25:16.389+0000] {dagbag.py:538} INFO - Filling up the DagBag from /home/airflow/dags/model_training_dag.py
[2026-04-27T03:25:17.649+0000] {processor.py:840} INFO - DAG(s) 'model_training_pipeline' retrieved from /home/airflow/dags/model_training_dag.py
[2026-04-27T03:25:17.673+0000] {logging_mixin.py:188} INFO - [2026-04-27T03:25:17.673+0000] {dag.py:3036} INFO - Sync 1 DAGs
[2026-04-27T03:25:17.693+0000] {logging_mixin.py:188} INFO - [2026-04-27T03:25:17.693+0000] {dag.py:3823} INFO - Setting next_dagrun for model_training_pipeline to 2026-04-26 00:00:00+00:00, run_after=2026-05-03 00:00:00+00:00
[2026-04-27T03:25:17.718+0000] {processor.py:183} INFO - Processing /home/airflow/dags/model_training_dag.py took 1.335 seconds
[2026-04-27T03:25:48.085+0000] {processor.py:161} INFO - Started process (PID=15903) to work on /home/airflow/dags/model_training_dag.py
[2026-04-27T03:25:48.086+0000] {processor.py:830} INFO - Processing file /home/airflow/dags/model_training_dag.py for tasks to queue
[2026-04-27T03:25:48.087+0000] {logging_mixin.py:188} INFO - [2026-04-27T03:25:48.087+0000] {dagbag.py:538} INFO - Filling up the DagBag from /home/airflow/dags/model_training_dag.py
[2026-04-27T03:25:49.088+0000] {processor.py:840} INFO - DAG(s) 'model_training_pipeline' retrieved from /home/airflow/dags/model_training_dag.py
[2026-04-27T03:25:49.111+0000] {logging_mixin.py:188} INFO - [2026-04-27T03:25:49.111+0000] {dag.py:3036} INFO - Sync 1 DAGs
[2026-04-27T03:25:49.129+0000] {logging_mixin.py:188} INFO - [2026-04-27T03:25:49.129+0000] {dag.py:3823} INFO - Setting next_dagrun for model_training_pipeline to 2026-04-26 00:00:00+00:00, run_after=2026-05-03 00:00:00+00:00
[2026-04-27T03:25:49.153+0000] {processor.py:183} INFO - Processing /home/airflow/dags/model_training_dag.py took 1.072 seconds
[2026-04-27T03:26:19.424+0000] {processor.py:161} INFO - Started process (PID=15948) to work on /home/airflow/dags/model_training_dag.py
[2026-04-27T03:26:19.425+0000] {processor.py:830} INFO - Processing file /home/airflow/dags/model_training_dag.py for tasks to queue
[2026-04-27T03:26:19.426+0000] {logging_mixin.py:188} INFO - [2026-04-27T03:26:19.426+0000] {dagbag.py:538} INFO - Filling up the DagBag from /home/airflow/dags/model_training_dag.py
[2026-04-27T03:26:20.307+0000] {processor.py:840} INFO - DAG(s) 'model_training_pipeline' retrieved from /home/airflow/dags/model_training_dag.py
[2026-04-27T03:26:20.335+0000] {logging_mixin.py:188} INFO - [2026-04-27T03:26:20.334+0000] {dag.py:3036} INFO - Sync 1 DAGs
[2026-04-27T03:26:20.357+0000] {logging_mixin.py:188} INFO - [2026-04-27T03:26:20.356+0000] {dag.py:3823} INFO - Setting next_dagrun for model_training_pipeline to 2026-04-26 00:00:00+00:00, run_after=2026-05-03 00:00:00+00:00
[2026-04-27T03:26:20.383+0000] {processor.py:183} INFO - Processing /home/airflow/dags/model_training_dag.py took 0.963 seconds
[2026-04-27T03:26:50.819+0000] {processor.py:161} INFO - Started process (PID=15993) to work on /home/airflow/dags/model_training_dag.py
[2026-04-27T03:26:50.820+0000] {processor.py:830} INFO - Processing file /home/airflow/dags/model_training_dag.py for tasks to queue
[2026-04-27T03:26:50.821+0000] {logging_mixin.py:188} INFO - [2026-04-27T03:26:50.821+0000] {dagbag.py:538} INFO - Filling up the DagBag from /home/airflow/dags/model_training_dag.py
[2026-04-27T03:26:51.670+0000] {processor.py:840} INFO - DAG(s) 'model_training_pipeline' retrieved from /home/airflow/dags/model_training_dag.py
[2026-04-27T03:26:51.692+0000] {logging_mixin.py:188} INFO - [2026-04-27T03:26:51.691+0000] {dag.py:3036} INFO - Sync 1 DAGs
[2026-04-27T03:26:51.709+0000] {logging_mixin.py:188} INFO - [2026-04-27T03:26:51.709+0000] {dag.py:3823} INFO - Setting next_dagrun for model_training_pipeline to 2026-04-26 00:00:00+00:00, run_after=2026-05-03 00:00:00+00:00
[2026-04-27T03:26:51.733+0000] {processor.py:183} INFO - Processing /home/airflow/dags/model_training_dag.py took 0.918 seconds
[2026-04-27T03:27:22.242+0000] {processor.py:161} INFO - Started process (PID=16038) to work on /home/airflow/dags/model_training_dag.py
[2026-04-27T03:27:22.244+0000] {processor.py:830} INFO - Processing file /home/airflow/dags/model_training_dag.py for tasks to queue
[2026-04-27T03:27:22.246+0000] {logging_mixin.py:188} INFO - [2026-04-27T03:27:22.246+0000] {dagbag.py:538} INFO - Filling up the DagBag from /home/airflow/dags/model_training_dag.py
[2026-04-27T03:27:23.224+0000] {processor.py:840} INFO - DAG(s) 'model_training_pipeline' retrieved from /home/airflow/dags/model_training_dag.py
[2026-04-27T03:27:23.255+0000] {logging_mixin.py:188} INFO - [2026-04-27T03:27:23.254+0000] {dag.py:3036} INFO - Sync 1 DAGs
[2026-04-27T03:27:23.275+0000] {logging_mixin.py:188} INFO - [2026-04-27T03:27:23.275+0000] {dag.py:3823} INFO - Setting next_dagrun for model_training_pipeline to 2026-04-26 00:00:00+00:00, run_after=2026-05-03 00:00:00+00:00
[2026-04-27T03:27:23.295+0000] {processor.py:183} INFO - Processing /home/airflow/dags/model_training_dag.py took 1.059 seconds
[2026-04-27T03:27:53.563+0000] {processor.py:161} INFO - Started process (PID=16083) to work on /home/airflow/dags/model_training_dag.py
[2026-04-27T03:27:53.564+0000] {processor.py:830} INFO - Processing file /home/airflow/dags/model_training_dag.py for tasks to queue
[2026-04-27T03:27:53.565+0000] {logging_mixin.py:188} INFO - [2026-04-27T03:27:53.565+0000] {dagbag.py:538} INFO - Filling up the DagBag from /home/airflow/dags/model_training_dag.py
[2026-04-27T03:27:54.361+0000] {processor.py:840} INFO - DAG(s) 'model_training_pipeline' retrieved from /home/airflow/dags/model_training_dag.py
[2026-04-27T03:27:54.382+0000] {logging_mixin.py:188} INFO - [2026-04-27T03:27:54.382+0000] {dag.py:3036} INFO - Sync 1 DAGs
[2026-04-27T03:27:54.402+0000] {logging_mixin.py:188} INFO - [2026-04-27T03:27:54.402+0000] {dag.py:3823} INFO - Setting next_dagrun for model_training_pipeline to 2026-04-26 00:00:00+00:00, run_after=2026-05-03 00:00:00+00:00
[2026-04-27T03:27:54.426+0000] {processor.py:183} INFO - Processing /home/airflow/dags/model_training_dag.py took 0.866 seconds
[2026-04-27T03:28:25.076+0000] {processor.py:161} INFO - Started process (PID=16128) to work on /home/airflow/dags/model_training_dag.py
[2026-04-27T03:28:25.077+0000] {processor.py:830} INFO - Processing file /home/airflow/dags/model_training_dag.py for tasks to queue
[2026-04-27T03:28:25.078+0000] {logging_mixin.py:188} INFO - [2026-04-27T03:28:25.078+0000] {dagbag.py:538} INFO - Filling up the DagBag from /home/airflow/dags/model_training_dag.py
[2026-04-27T03:28:25.858+0000] {processor.py:840} INFO - DAG(s) 'model_training_pipeline' retrieved from /home/airflow/dags/model_training_dag.py
[2026-04-27T03:28:25.878+0000] {logging_mixin.py:188} INFO - [2026-04-27T03:28:25.878+0000] {dag.py:3036} INFO - Sync 1 DAGs
[2026-04-27T03:28:25.895+0000] {logging_mixin.py:188} INFO - [2026-04-27T03:28:25.895+0000] {dag.py:3823} INFO - Setting next_dagrun for model_training_pipeline to 2026-04-26 00:00:00+00:00, run_after=2026-05-03 00:00:00+00:00
[2026-04-27T03:28:25.917+0000] {processor.py:183} INFO - Processing /home/airflow/dags/model_training_dag.py took 0.844 seconds
[2026-04-27T03:28:56.447+0000] {processor.py:161} INFO - Started process (PID=16173) to work on /home/airflow/dags/model_training_dag.py
[2026-04-27T03:28:56.449+0000] {processor.py:830} INFO - Processing file /home/airflow/dags/model_training_dag.py for tasks to queue
[2026-04-27T03:28:56.450+0000] {logging_mixin.py:188} INFO - [2026-04-27T03:28:56.450+0000] {dagbag.py:538} INFO - Filling up the DagBag from /home/airflow/dags/model_training_dag.py
[2026-04-27T03:28:57.501+0000] {processor.py:840} INFO - DAG(s) 'model_training_pipeline' retrieved from /home/airflow/dags/model_training_dag.py
[2026-04-27T03:28:57.523+0000] {logging_mixin.py:188} INFO - [2026-04-27T03:28:57.522+0000] {dag.py:3036} INFO - Sync 1 DAGs
[2026-04-27T03:28:57.541+0000] {logging_mixin.py:188} INFO - [2026-04-27T03:28:57.540+0000] {dag.py:3823} INFO - Setting next_dagrun for model_training_pipeline to 2026-04-26 00:00:00+00:00, run_after=2026-05-03 00:00:00+00:00
[2026-04-27T03:28:57.560+0000] {processor.py:183} INFO - Processing /home/airflow/dags/model_training_dag.py took 1.116 seconds
[2026-04-27T03:29:27.747+0000] {processor.py:161} INFO - Started process (PID=16218) to work on /home/airflow/dags/model_training_dag.py
[2026-04-27T03:29:27.748+0000] {processor.py:830} INFO - Processing file /home/airflow/dags/model_training_dag.py for tasks to queue
[2026-04-27T03:29:27.750+0000] {logging_mixin.py:188} INFO - [2026-04-27T03:29:27.749+0000] {dagbag.py:538} INFO - Filling up the DagBag from /home/airflow/dags/model_training_dag.py
[2026-04-27T03:29:28.551+0000] {processor.py:840} INFO - DAG(s) 'model_training_pipeline' retrieved from /home/airflow/dags/model_training_dag.py
[2026-04-27T03:29:28.581+0000] {logging_mixin.py:188} INFO - [2026-04-27T03:29:28.581+0000] {dag.py:3036} INFO - Sync 1 DAGs
[2026-04-27T03:29:28.603+0000] {logging_mixin.py:188} INFO - [2026-04-27T03:29:28.603+0000] {dag.py:3823} INFO - Setting next_dagrun for model_training_pipeline to 2026-04-26 00:00:00+00:00, run_after=2026-05-03 00:00:00+00:00
[2026-04-27T03:29:28.631+0000] {processor.py:183} INFO - Processing /home/airflow/dags/model_training_dag.py took 0.888 seconds
[2026-04-27T03:29:59.042+0000] {processor.py:161} INFO - Started process (PID=16263) to work on /home/airflow/dags/model_training_dag.py
[2026-04-27T03:29:59.043+0000] {processor.py:830} INFO - Processing file /home/airflow/dags/model_training_dag.py for tasks to queue
[2026-04-27T03:29:59.044+0000] {logging_mixin.py:188} INFO - [2026-04-27T03:29:59.044+0000] {dagbag.py:538} INFO - Filling up the DagBag from /home/airflow/dags/model_training_dag.py
[2026-04-27T03:29:59.863+0000] {processor.py:840} INFO - DAG(s) 'model_training_pipeline' retrieved from /home/airflow/dags/model_training_dag.py
[2026-04-27T03:29:59.884+0000] {logging_mixin.py:188} INFO - [2026-04-27T03:29:59.884+0000] {dag.py:3036} INFO - Sync 1 DAGs
[2026-04-27T03:29:59.901+0000] {logging_mixin.py:188} INFO - [2026-04-27T03:29:59.901+0000] {dag.py:3823} INFO - Setting next_dagrun for model_training_pipeline to 2026-04-26 00:00:00+00:00, run_after=2026-05-03 00:00:00+00:00
[2026-04-27T03:29:59.924+0000] {processor.py:183} INFO - Processing /home/airflow/dags/model_training_dag.py took 0.886 seconds
[2026-04-27T03:30:29.989+0000] {processor.py:161} INFO - Started process (PID=16308) to work on /home/airflow/dags/model_training_dag.py
[2026-04-27T03:30:29.991+0000] {processor.py:830} INFO - Processing file /home/airflow/dags/model_training_dag.py for tasks to queue
[2026-04-27T03:30:29.992+0000] {logging_mixin.py:188} INFO - [2026-04-27T03:30:29.991+0000] {dagbag.py:538} INFO - Filling up the DagBag from /home/airflow/dags/model_training_dag.py
[2026-04-27T03:30:30.847+0000] {processor.py:840} INFO - DAG(s) 'model_training_pipeline' retrieved from /home/airflow/dags/model_training_dag.py
[2026-04-27T03:30:30.870+0000] {logging_mixin.py:188} INFO - [2026-04-27T03:30:30.870+0000] {dag.py:3036} INFO - Sync 1 DAGs
[2026-04-27T03:30:30.896+0000] {logging_mixin.py:188} INFO - [2026-04-27T03:30:30.896+0000] {dag.py:3823} INFO - Setting next_dagrun for model_training_pipeline to 2026-04-26 00:00:00+00:00, run_after=2026-05-03 00:00:00+00:00
[2026-04-27T03:30:30.926+0000] {processor.py:183} INFO - Processing /home/airflow/dags/model_training_dag.py took 0.941 seconds
[2026-04-27T03:31:01.135+0000] {processor.py:161} INFO - Started process (PID=16353) to work on /home/airflow/dags/model_training_dag.py
[2026-04-27T03:31:01.136+0000] {processor.py:830} INFO - Processing file /home/airflow/dags/model_training_dag.py for tasks to queue
[2026-04-27T03:31:01.138+0000] {logging_mixin.py:188} INFO - [2026-04-27T03:31:01.137+0000] {dagbag.py:538} INFO - Filling up the DagBag from /home/airflow/dags/model_training_dag.py
[2026-04-27T03:31:02.025+0000] {processor.py:840} INFO - DAG(s) 'model_training_pipeline' retrieved from /home/airflow/dags/model_training_dag.py
[2026-04-27T03:31:02.046+0000] {logging_mixin.py:188} INFO - [2026-04-27T03:31:02.046+0000] {dag.py:3036} INFO - Sync 1 DAGs
[2026-04-27T03:31:02.064+0000] {logging_mixin.py:188} INFO - [2026-04-27T03:31:02.064+0000] {dag.py:3823} INFO - Setting next_dagrun for model_training_pipeline to 2026-04-26 00:00:00+00:00, run_after=2026-05-03 00:00:00+00:00
[2026-04-27T03:31:02.086+0000] {processor.py:183} INFO - Processing /home/airflow/dags/model_training_dag.py took 0.956 seconds
[2026-04-27T03:31:32.266+0000] {processor.py:161} INFO - Started process (PID=16398) to work on /home/airflow/dags/model_training_dag.py
[2026-04-27T03:31:32.267+0000] {processor.py:830} INFO - Processing file /home/airflow/dags/model_training_dag.py for tasks to queue
[2026-04-27T03:31:32.268+0000] {logging_mixin.py:188} INFO - [2026-04-27T03:31:32.268+0000] {dagbag.py:538} INFO - Filling up the DagBag from /home/airflow/dags/model_training_dag.py
[2026-04-27T03:31:33.170+0000] {processor.py:840} INFO - DAG(s) 'model_training_pipeline' retrieved from /home/airflow/dags/model_training_dag.py
[2026-04-27T03:31:33.211+0000] {logging_mixin.py:188} INFO - [2026-04-27T03:31:33.211+0000] {dag.py:3036} INFO - Sync 1 DAGs
[2026-04-27T03:31:33.231+0000] {logging_mixin.py:188} INFO - [2026-04-27T03:31:33.230+0000] {dag.py:3823} INFO - Setting next_dagrun for model_training_pipeline to 2026-04-26 00:00:00+00:00, run_after=2026-05-03 00:00:00+00:00
[2026-04-27T03:31:33.257+0000] {processor.py:183} INFO - Processing /home/airflow/dags/model_training_dag.py took 0.995 seconds
[2026-04-27T03:32:03.999+0000] {processor.py:161} INFO - Started process (PID=16443) to work on /home/airflow/dags/model_training_dag.py
[2026-04-27T03:32:04.000+0000] {processor.py:830} INFO - Processing file /home/airflow/dags/model_training_dag.py for tasks to queue
[2026-04-27T03:32:04.001+0000] {logging_mixin.py:188} INFO - [2026-04-27T03:32:04.001+0000] {dagbag.py:538} INFO - Filling up the DagBag from /home/airflow/dags/model_training_dag.py
[2026-04-27T03:32:05.007+0000] {processor.py:840} INFO - DAG(s) 'model_training_pipeline' retrieved from /home/airflow/dags/model_training_dag.py
[2026-04-27T03:32:05.030+0000] {logging_mixin.py:188} INFO - [2026-04-27T03:32:05.029+0000] {dag.py:3036} INFO - Sync 1 DAGs
[2026-04-27T03:32:05.050+0000] {logging_mixin.py:188} INFO - [2026-04-27T03:32:05.049+0000] {dag.py:3823} INFO - Setting next_dagrun for model_training_pipeline to 2026-04-26 00:00:00+00:00, run_after=2026-05-03 00:00:00+00:00
[2026-04-27T03:32:05.074+0000] {processor.py:183} INFO - Processing /home/airflow/dags/model_training_dag.py took 1.079 seconds
[2026-04-27T03:32:35.289+0000] {processor.py:161} INFO - Started process (PID=16488) to work on /home/airflow/dags/model_training_dag.py
[2026-04-27T03:32:35.290+0000] {processor.py:830} INFO - Processing file /home/airflow/dags/model_training_dag.py for tasks to queue
[2026-04-27T03:32:35.291+0000] {logging_mixin.py:188} INFO - [2026-04-27T03:32:35.290+0000] {dagbag.py:538} INFO - Filling up the DagBag from /home/airflow/dags/model_training_dag.py
[2026-04-27T03:32:36.071+0000] {processor.py:840} INFO - DAG(s) 'model_training_pipeline' retrieved from /home/airflow/dags/model_training_dag.py
[2026-04-27T03:32:36.091+0000] {logging_mixin.py:188} INFO - [2026-04-27T03:32:36.090+0000] {dag.py:3036} INFO - Sync 1 DAGs
[2026-04-27T03:32:36.106+0000] {logging_mixin.py:188} INFO - [2026-04-27T03:32:36.106+0000] {dag.py:3823} INFO - Setting next_dagrun for model_training_pipeline to 2026-04-26 00:00:00+00:00, run_after=2026-05-03 00:00:00+00:00
[2026-04-27T03:32:36.128+0000] {processor.py:183} INFO - Processing /home/airflow/dags/model_training_dag.py took 0.843 seconds
[2026-04-27T03:33:06.459+0000] {processor.py:161} INFO - Started process (PID=16533) to work on /home/airflow/dags/model_training_dag.py
[2026-04-27T03:33:06.460+0000] {processor.py:830} INFO - Processing file /home/airflow/dags/model_training_dag.py for tasks to queue
[2026-04-27T03:33:06.461+0000] {logging_mixin.py:188} INFO - [2026-04-27T03:33:06.461+0000] {dagbag.py:538} INFO - Filling up the DagBag from /home/airflow/dags/model_training_dag.py
[2026-04-27T03:33:07.360+0000] {processor.py:840} INFO - DAG(s) 'model_training_pipeline' retrieved from /home/airflow/dags/model_training_dag.py
[2026-04-27T03:33:07.379+0000] {logging_mixin.py:188} INFO - [2026-04-27T03:33:07.379+0000] {dag.py:3036} INFO - Sync 1 DAGs
[2026-04-27T03:33:07.394+0000] {logging_mixin.py:188} INFO - [2026-04-27T03:33:07.394+0000] {dag.py:3823} INFO - Setting next_dagrun for model_training_pipeline to 2026-04-26 00:00:00+00:00, run_after=2026-05-03 00:00:00+00:00
[2026-04-27T03:33:07.417+0000] {processor.py:183} INFO - Processing /home/airflow/dags/model_training_dag.py took 0.962 seconds
[2026-04-27T03:33:37.883+0000] {processor.py:161} INFO - Started process (PID=16578) to work on /home/airflow/dags/model_training_dag.py
[2026-04-27T03:33:37.884+0000] {processor.py:830} INFO - Processing file /home/airflow/dags/model_training_dag.py for tasks to queue
[2026-04-27T03:33:37.886+0000] {logging_mixin.py:188} INFO - [2026-04-27T03:33:37.885+0000] {dagbag.py:538} INFO - Filling up the DagBag from /home/airflow/dags/model_training_dag.py
[2026-04-27T03:33:39.133+0000] {processor.py:840} INFO - DAG(s) 'model_training_pipeline' retrieved from /home/airflow/dags/model_training_dag.py
[2026-04-27T03:33:39.160+0000] {logging_mixin.py:188} INFO - [2026-04-27T03:33:39.160+0000] {dag.py:3036} INFO - Sync 1 DAGs
[2026-04-27T03:33:39.178+0000] {logging_mixin.py:188} INFO - [2026-04-27T03:33:39.178+0000] {dag.py:3823} INFO - Setting next_dagrun for model_training_pipeline to 2026-04-26 00:00:00+00:00, run_after=2026-05-03 00:00:00+00:00
[2026-04-27T03:33:39.204+0000] {processor.py:183} INFO - Processing /home/airflow/dags/model_training_dag.py took 1.366 seconds
[2026-04-27T03:34:09.879+0000] {processor.py:161} INFO - Started process (PID=16623) to work on /home/airflow/dags/model_training_dag.py
[2026-04-27T03:34:09.880+0000] {processor.py:830} INFO - Processing file /home/airflow/dags/model_training_dag.py for tasks to queue
[2026-04-27T03:34:09.882+0000] {logging_mixin.py:188} INFO - [2026-04-27T03:34:09.881+0000] {dagbag.py:538} INFO - Filling up the DagBag from /home/airflow/dags/model_training_dag.py
[2026-04-27T03:34:10.688+0000] {processor.py:840} INFO - DAG(s) 'model_training_pipeline' retrieved from /home/airflow/dags/model_training_dag.py
[2026-04-27T03:34:10.707+0000] {logging_mixin.py:188} INFO - [2026-04-27T03:34:10.706+0000] {dag.py:3036} INFO - Sync 1 DAGs
[2026-04-27T03:34:10.724+0000] {logging_mixin.py:188} INFO - [2026-04-27T03:34:10.724+0000] {dag.py:3823} INFO - Setting next_dagrun for model_training_pipeline to 2026-04-26 00:00:00+00:00, run_after=2026-05-03 00:00:00+00:00
[2026-04-27T03:34:10.747+0000] {processor.py:183} INFO - Processing /home/airflow/dags/model_training_dag.py took 0.872 seconds
[2026-04-27T03:34:41.115+0000] {processor.py:161} INFO - Started process (PID=16668) to work on /home/airflow/dags/model_training_dag.py
[2026-04-27T03:34:41.117+0000] {processor.py:830} INFO - Processing file /home/airflow/dags/model_training_dag.py for tasks to queue
[2026-04-27T03:34:41.123+0000] {logging_mixin.py:188} INFO - [2026-04-27T03:34:41.120+0000] {dagbag.py:538} INFO - Filling up the DagBag from /home/airflow/dags/model_training_dag.py
[2026-04-27T03:34:42.017+0000] {processor.py:840} INFO - DAG(s) 'model_training_pipeline' retrieved from /home/airflow/dags/model_training_dag.py
[2026-04-27T03:34:42.036+0000] {logging_mixin.py:188} INFO - [2026-04-27T03:34:42.036+0000] {dag.py:3036} INFO - Sync 1 DAGs
[2026-04-27T03:34:42.052+0000] {logging_mixin.py:188} INFO - [2026-04-27T03:34:42.052+0000] {dag.py:3823} INFO - Setting next_dagrun for model_training_pipeline to 2026-04-26 00:00:00+00:00, run_after=2026-05-03 00:00:00+00:00
[2026-04-27T03:34:42.074+0000] {processor.py:183} INFO - Processing /home/airflow/dags/model_training_dag.py took 0.963 seconds
[2026-04-27T03:35:12.264+0000] {processor.py:161} INFO - Started process (PID=16713) to work on /home/airflow/dags/model_training_dag.py
[2026-04-27T03:35:12.265+0000] {processor.py:830} INFO - Processing file /home/airflow/dags/model_training_dag.py for tasks to queue
[2026-04-27T03:35:12.267+0000] {logging_mixin.py:188} INFO - [2026-04-27T03:35:12.266+0000] {dagbag.py:538} INFO - Filling up the DagBag from /home/airflow/dags/model_training_dag.py
[2026-04-27T03:35:13.071+0000] {processor.py:840} INFO - DAG(s) 'model_training_pipeline' retrieved from /home/airflow/dags/model_training_dag.py
[2026-04-27T03:35:13.090+0000] {logging_mixin.py:188} INFO - [2026-04-27T03:35:13.090+0000] {dag.py:3036} INFO - Sync 1 DAGs
[2026-04-27T03:35:13.106+0000] {logging_mixin.py:188} INFO - [2026-04-27T03:35:13.106+0000] {dag.py:3823} INFO - Setting next_dagrun for model_training_pipeline to 2026-04-26 00:00:00+00:00, run_after=2026-05-03 00:00:00+00:00
[2026-04-27T03:35:13.128+0000] {processor.py:183} INFO - Processing /home/airflow/dags/model_training_dag.py took 0.868 seconds
[2026-04-27T03:35:43.630+0000] {processor.py:161} INFO - Started process (PID=16758) to work on /home/airflow/dags/model_training_dag.py
[2026-04-27T03:35:43.632+0000] {processor.py:830} INFO - Processing file /home/airflow/dags/model_training_dag.py for tasks to queue
[2026-04-27T03:35:43.633+0000] {logging_mixin.py:188} INFO - [2026-04-27T03:35:43.632+0000] {dagbag.py:538} INFO - Filling up the DagBag from /home/airflow/dags/model_training_dag.py
[2026-04-27T03:35:44.450+0000] {processor.py:840} INFO - DAG(s) 'model_training_pipeline' retrieved from /home/airflow/dags/model_training_dag.py
[2026-04-27T03:35:44.477+0000] {logging_mixin.py:188} INFO - [2026-04-27T03:35:44.476+0000] {dag.py:3036} INFO - Sync 1 DAGs
[2026-04-27T03:35:44.496+0000] {logging_mixin.py:188} INFO - [2026-04-27T03:35:44.496+0000] {dag.py:3823} INFO - Setting next_dagrun for model_training_pipeline to 2026-04-26 00:00:00+00:00, run_after=2026-05-03 00:00:00+00:00
[2026-04-27T03:35:44.520+0000] {processor.py:183} INFO - Processing /home/airflow/dags/model_training_dag.py took 0.896 seconds
[2026-04-27T03:36:14.597+0000] {processor.py:161} INFO - Started process (PID=16803) to work on /home/airflow/dags/model_training_dag.py
[2026-04-27T03:36:14.598+0000] {processor.py:830} INFO - Processing file /home/airflow/dags/model_training_dag.py for tasks to queue
[2026-04-27T03:36:14.599+0000] {logging_mixin.py:188} INFO - [2026-04-27T03:36:14.599+0000] {dagbag.py:538} INFO - Filling up the DagBag from /home/airflow/dags/model_training_dag.py
[2026-04-27T03:36:15.460+0000] {processor.py:840} INFO - DAG(s) 'model_training_pipeline' retrieved from /home/airflow/dags/model_training_dag.py
[2026-04-27T03:36:15.481+0000] {logging_mixin.py:188} INFO - [2026-04-27T03:36:15.481+0000] {dag.py:3036} INFO - Sync 1 DAGs
[2026-04-27T03:36:15.498+0000] {logging_mixin.py:188} INFO - [2026-04-27T03:36:15.498+0000] {dag.py:3823} INFO - Setting next_dagrun for model_training_pipeline to 2026-04-26 00:00:00+00:00, run_after=2026-05-03 00:00:00+00:00
[2026-04-27T03:36:15.521+0000] {processor.py:183} INFO - Processing /home/airflow/dags/model_training_dag.py took 0.929 seconds
[2026-04-27T03:36:45.966+0000] {processor.py:161} INFO - Started process (PID=16848) to work on /home/airflow/dags/model_training_dag.py
[2026-04-27T03:36:45.967+0000] {processor.py:830} INFO - Processing file /home/airflow/dags/model_training_dag.py for tasks to queue
[2026-04-27T03:36:45.968+0000] {logging_mixin.py:188} INFO - [2026-04-27T03:36:45.968+0000] {dagbag.py:538} INFO - Filling up the DagBag from /home/airflow/dags/model_training_dag.py
[2026-04-27T03:36:46.915+0000] {processor.py:840} INFO - DAG(s) 'model_training_pipeline' retrieved from /home/airflow/dags/model_training_dag.py
[2026-04-27T03:36:46.938+0000] {logging_mixin.py:188} INFO - [2026-04-27T03:36:46.938+0000] {dag.py:3036} INFO - Sync 1 DAGs
[2026-04-27T03:36:46.961+0000] {logging_mixin.py:188} INFO - [2026-04-27T03:36:46.961+0000] {dag.py:3823} INFO - Setting next_dagrun for model_training_pipeline to 2026-04-26 00:00:00+00:00, run_after=2026-05-03 00:00:00+00:00
[2026-04-27T03:36:46.987+0000] {processor.py:183} INFO - Processing /home/airflow/dags/model_training_dag.py took 1.024 seconds
[2026-04-27T03:37:17.471+0000] {processor.py:161} INFO - Started process (PID=16893) to work on /home/airflow/dags/model_training_dag.py
[2026-04-27T03:37:17.473+0000] {processor.py:830} INFO - Processing file /home/airflow/dags/model_training_dag.py for tasks to queue
[2026-04-27T03:37:17.474+0000] {logging_mixin.py:188} INFO - [2026-04-27T03:37:17.474+0000] {dagbag.py:538} INFO - Filling up the DagBag from /home/airflow/dags/model_training_dag.py
[2026-04-27T03:37:18.281+0000] {processor.py:840} INFO - DAG(s) 'model_training_pipeline' retrieved from /home/airflow/dags/model_training_dag.py
[2026-04-27T03:37:18.300+0000] {logging_mixin.py:188} INFO - [2026-04-27T03:37:18.300+0000] {dag.py:3036} INFO - Sync 1 DAGs
[2026-04-27T03:37:18.316+0000] {logging_mixin.py:188} INFO - [2026-04-27T03:37:18.316+0000] {dag.py:3823} INFO - Setting next_dagrun for model_training_pipeline to 2026-04-26 00:00:00+00:00, run_after=2026-05-03 00:00:00+00:00
[2026-04-27T03:37:18.337+0000] {processor.py:183} INFO - Processing /home/airflow/dags/model_training_dag.py took 0.871 seconds
[2026-04-27T03:37:48.797+0000] {processor.py:161} INFO - Started process (PID=16938) to work on /home/airflow/dags/model_training_dag.py
[2026-04-27T03:37:48.798+0000] {processor.py:830} INFO - Processing file /home/airflow/dags/model_training_dag.py for tasks to queue
[2026-04-27T03:37:48.799+0000] {logging_mixin.py:188} INFO - [2026-04-27T03:37:48.799+0000] {dagbag.py:538} INFO - Filling up the DagBag from /home/airflow/dags/model_training_dag.py
[2026-04-27T03:37:49.595+0000] {processor.py:840} INFO - DAG(s) 'model_training_pipeline' retrieved from /home/airflow/dags/model_training_dag.py
[2026-04-27T03:37:49.614+0000] {logging_mixin.py:188} INFO - [2026-04-27T03:37:49.613+0000] {dag.py:3036} INFO - Sync 1 DAGs
[2026-04-27T03:37:49.630+0000] {logging_mixin.py:188} INFO - [2026-04-27T03:37:49.629+0000] {dag.py:3823} INFO - Setting next_dagrun for model_training_pipeline to 2026-04-26 00:00:00+00:00, run_after=2026-05-03 00:00:00+00:00
[2026-04-27T03:37:49.652+0000] {processor.py:183} INFO - Processing /home/airflow/dags/model_training_dag.py took 0.858 seconds
[2026-04-27T03:38:20.147+0000] {processor.py:161} INFO - Started process (PID=16983) to work on /home/airflow/dags/model_training_dag.py
[2026-04-27T03:38:20.148+0000] {processor.py:830} INFO - Processing file /home/airflow/dags/model_training_dag.py for tasks to queue
[2026-04-27T03:38:20.149+0000] {logging_mixin.py:188} INFO - [2026-04-27T03:38:20.149+0000] {dagbag.py:538} INFO - Filling up the DagBag from /home/airflow/dags/model_training_dag.py
[2026-04-27T03:38:20.922+0000] {processor.py:840} INFO - DAG(s) 'model_training_pipeline' retrieved from /home/airflow/dags/model_training_dag.py
[2026-04-27T03:38:20.943+0000] {logging_mixin.py:188} INFO - [2026-04-27T03:38:20.942+0000] {dag.py:3036} INFO - Sync 1 DAGs
[2026-04-27T03:38:20.959+0000] {logging_mixin.py:188} INFO - [2026-04-27T03:38:20.958+0000] {dag.py:3823} INFO - Setting next_dagrun for model_training_pipeline to 2026-04-26 00:00:00+00:00, run_after=2026-05-03 00:00:00+00:00
[2026-04-27T03:38:20.982+0000] {processor.py:183} INFO - Processing /home/airflow/dags/model_training_dag.py took 0.838 seconds
[2026-04-27T03:38:51.392+0000] {processor.py:161} INFO - Started process (PID=17028) to work on /home/airflow/dags/model_training_dag.py
[2026-04-27T03:38:51.393+0000] {processor.py:830} INFO - Processing file /home/airflow/dags/model_training_dag.py for tasks to queue
[2026-04-27T03:38:51.395+0000] {logging_mixin.py:188} INFO - [2026-04-27T03:38:51.394+0000] {dagbag.py:538} INFO - Filling up the DagBag from /home/airflow/dags/model_training_dag.py
[2026-04-27T03:38:52.276+0000] {processor.py:840} INFO - DAG(s) 'model_training_pipeline' retrieved from /home/airflow/dags/model_training_dag.py
[2026-04-27T03:38:52.295+0000] {logging_mixin.py:188} INFO - [2026-04-27T03:38:52.295+0000] {dag.py:3036} INFO - Sync 1 DAGs
[2026-04-27T03:38:52.312+0000] {logging_mixin.py:188} INFO - [2026-04-27T03:38:52.312+0000] {dag.py:3823} INFO - Setting next_dagrun for model_training_pipeline to 2026-04-26 00:00:00+00:00, run_after=2026-05-03 00:00:00+00:00
[2026-04-27T03:38:52.333+0000] {processor.py:183} INFO - Processing /home/airflow/dags/model_training_dag.py took 0.947 seconds
[2026-04-27T03:39:22.829+0000] {processor.py:161} INFO - Started process (PID=17073) to work on /home/airflow/dags/model_training_dag.py
[2026-04-27T03:39:22.830+0000] {processor.py:830} INFO - Processing file /home/airflow/dags/model_training_dag.py for tasks to queue
[2026-04-27T03:39:22.831+0000] {logging_mixin.py:188} INFO - [2026-04-27T03:39:22.831+0000] {dagbag.py:538} INFO - Filling up the DagBag from /home/airflow/dags/model_training_dag.py
[2026-04-27T03:39:23.689+0000] {processor.py:840} INFO - DAG(s) 'model_training_pipeline' retrieved from /home/airflow/dags/model_training_dag.py
[2026-04-27T03:39:23.709+0000] {logging_mixin.py:188} INFO - [2026-04-27T03:39:23.709+0000] {dag.py:3036} INFO - Sync 1 DAGs
[2026-04-27T03:39:23.729+0000] {logging_mixin.py:188} INFO - [2026-04-27T03:39:23.729+0000] {dag.py:3823} INFO - Setting next_dagrun for model_training_pipeline to 2026-04-26 00:00:00+00:00, run_after=2026-05-03 00:00:00+00:00
[2026-04-27T03:39:23.752+0000] {processor.py:183} INFO - Processing /home/airflow/dags/model_training_dag.py took 0.927 seconds
[2026-04-27T03:39:54.245+0000] {processor.py:161} INFO - Started process (PID=17118) to work on /home/airflow/dags/model_training_dag.py
[2026-04-27T03:39:54.246+0000] {processor.py:830} INFO - Processing file /home/airflow/dags/model_training_dag.py for tasks to queue
[2026-04-27T03:39:54.248+0000] {logging_mixin.py:188} INFO - [2026-04-27T03:39:54.247+0000] {dagbag.py:538} INFO - Filling up the DagBag from /home/airflow/dags/model_training_dag.py
[2026-04-27T03:39:55.205+0000] {processor.py:840} INFO - DAG(s) 'model_training_pipeline' retrieved from /home/airflow/dags/model_training_dag.py
[2026-04-27T03:39:55.225+0000] {logging_mixin.py:188} INFO - [2026-04-27T03:39:55.225+0000] {dag.py:3036} INFO - Sync 1 DAGs
[2026-04-27T03:39:55.242+0000] {logging_mixin.py:188} INFO - [2026-04-27T03:39:55.242+0000] {dag.py:3823} INFO - Setting next_dagrun for model_training_pipeline to 2026-04-26 00:00:00+00:00, run_after=2026-05-03 00:00:00+00:00
[2026-04-27T03:39:55.266+0000] {processor.py:183} INFO - Processing /home/airflow/dags/model_training_dag.py took 1.025 seconds
[2026-04-27T03:40:25.610+0000] {processor.py:161} INFO - Started process (PID=17163) to work on /home/airflow/dags/model_training_dag.py
[2026-04-27T03:40:25.611+0000] {processor.py:830} INFO - Processing file /home/airflow/dags/model_training_dag.py for tasks to queue
[2026-04-27T03:40:25.612+0000] {logging_mixin.py:188} INFO - [2026-04-27T03:40:25.612+0000] {dagbag.py:538} INFO - Filling up the DagBag from /home/airflow/dags/model_training_dag.py
[2026-04-27T03:40:26.668+0000] {processor.py:840} INFO - DAG(s) 'model_training_pipeline' retrieved from /home/airflow/dags/model_training_dag.py
[2026-04-27T03:40:26.691+0000] {logging_mixin.py:188} INFO - [2026-04-27T03:40:26.690+0000] {dag.py:3036} INFO - Sync 1 DAGs
[2026-04-27T03:40:26.708+0000] {logging_mixin.py:188} INFO - [2026-04-27T03:40:26.707+0000] {dag.py:3823} INFO - Setting next_dagrun for model_training_pipeline to 2026-04-26 00:00:00+00:00, run_after=2026-05-03 00:00:00+00:00
[2026-04-27T03:40:26.731+0000] {processor.py:183} INFO - Processing /home/airflow/dags/model_training_dag.py took 1.124 seconds
[2026-04-27T03:40:56.996+0000] {processor.py:161} INFO - Started process (PID=17208) to work on /home/airflow/dags/model_training_dag.py
[2026-04-27T03:40:56.997+0000] {processor.py:830} INFO - Processing file /home/airflow/dags/model_training_dag.py for tasks to queue
[2026-04-27T03:40:56.998+0000] {logging_mixin.py:188} INFO - [2026-04-27T03:40:56.998+0000] {dagbag.py:538} INFO - Filling up the DagBag from /home/airflow/dags/model_training_dag.py
[2026-04-27T03:40:57.961+0000] {processor.py:840} INFO - DAG(s) 'model_training_pipeline' retrieved from /home/airflow/dags/model_training_dag.py
[2026-04-27T03:40:57.983+0000] {logging_mixin.py:188} INFO - [2026-04-27T03:40:57.982+0000] {dag.py:3036} INFO - Sync 1 DAGs
[2026-04-27T03:40:58.003+0000] {logging_mixin.py:188} INFO - [2026-04-27T03:40:58.003+0000] {dag.py:3823} INFO - Setting next_dagrun for model_training_pipeline to 2026-04-26 00:00:00+00:00, run_after=2026-05-03 00:00:00+00:00
[2026-04-27T03:40:58.026+0000] {processor.py:183} INFO - Processing /home/airflow/dags/model_training_dag.py took 1.034 seconds
[2026-04-27T03:41:28.613+0000] {processor.py:161} INFO - Started process (PID=17253) to work on /home/airflow/dags/model_training_dag.py
[2026-04-27T03:41:28.615+0000] {processor.py:830} INFO - Processing file /home/airflow/dags/model_training_dag.py for tasks to queue
[2026-04-27T03:41:28.616+0000] {logging_mixin.py:188} INFO - [2026-04-27T03:41:28.615+0000] {dagbag.py:538} INFO - Filling up the DagBag from /home/airflow/dags/model_training_dag.py
[2026-04-27T03:41:29.619+0000] {processor.py:840} INFO - DAG(s) 'model_training_pipeline' retrieved from /home/airflow/dags/model_training_dag.py
[2026-04-27T03:41:29.640+0000] {logging_mixin.py:188} INFO - [2026-04-27T03:41:29.640+0000] {dag.py:3036} INFO - Sync 1 DAGs
[2026-04-27T03:41:29.660+0000] {logging_mixin.py:188} INFO - [2026-04-27T03:41:29.660+0000] {dag.py:3823} INFO - Setting next_dagrun for model_training_pipeline to 2026-04-26 00:00:00+00:00, run_after=2026-05-03 00:00:00+00:00
[2026-04-27T03:41:29.685+0000] {processor.py:183} INFO - Processing /home/airflow/dags/model_training_dag.py took 1.075 seconds
[2026-04-27T03:42:00.047+0000] {processor.py:161} INFO - Started process (PID=17298) to work on /home/airflow/dags/model_training_dag.py
[2026-04-27T03:42:00.049+0000] {processor.py:830} INFO - Processing file /home/airflow/dags/model_training_dag.py for tasks to queue
[2026-04-27T03:42:00.051+0000] {logging_mixin.py:188} INFO - [2026-04-27T03:42:00.050+0000] {dagbag.py:538} INFO - Filling up the DagBag from /home/airflow/dags/model_training_dag.py
[2026-04-27T03:42:00.932+0000] {processor.py:840} INFO - DAG(s) 'model_training_pipeline' retrieved from /home/airflow/dags/model_training_dag.py
[2026-04-27T03:42:00.951+0000] {logging_mixin.py:188} INFO - [2026-04-27T03:42:00.951+0000] {dag.py:3036} INFO - Sync 1 DAGs
[2026-04-27T03:42:00.967+0000] {logging_mixin.py:188} INFO - [2026-04-27T03:42:00.967+0000] {dag.py:3823} INFO - Setting next_dagrun for model_training_pipeline to 2026-04-26 00:00:00+00:00, run_after=2026-05-03 00:00:00+00:00
[2026-04-27T03:42:00.988+0000] {processor.py:183} INFO - Processing /home/airflow/dags/model_training_dag.py took 0.945 seconds
[2026-04-27T03:42:31.340+0000] {processor.py:161} INFO - Started process (PID=17343) to work on /home/airflow/dags/model_training_dag.py
[2026-04-27T03:42:31.342+0000] {processor.py:830} INFO - Processing file /home/airflow/dags/model_training_dag.py for tasks to queue
[2026-04-27T03:42:31.343+0000] {logging_mixin.py:188} INFO - [2026-04-27T03:42:31.342+0000] {dagbag.py:538} INFO - Filling up the DagBag from /home/airflow/dags/model_training_dag.py
[2026-04-27T03:42:32.515+0000] {processor.py:840} INFO - DAG(s) 'model_training_pipeline' retrieved from /home/airflow/dags/model_training_dag.py
[2026-04-27T03:42:32.538+0000] {logging_mixin.py:188} INFO - [2026-04-27T03:42:32.538+0000] {dag.py:3036} INFO - Sync 1 DAGs
[2026-04-27T03:42:32.556+0000] {logging_mixin.py:188} INFO - [2026-04-27T03:42:32.555+0000] {dag.py:3823} INFO - Setting next_dagrun for model_training_pipeline to 2026-04-26 00:00:00+00:00, run_after=2026-05-03 00:00:00+00:00
[2026-04-27T03:42:32.581+0000] {processor.py:183} INFO - Processing /home/airflow/dags/model_training_dag.py took 1.244 seconds
[2026-04-27T03:43:02.976+0000] {processor.py:161} INFO - Started process (PID=17388) to work on /home/airflow/dags/model_training_dag.py
[2026-04-27T03:43:02.977+0000] {processor.py:830} INFO - Processing file /home/airflow/dags/model_training_dag.py for tasks to queue
[2026-04-27T03:43:02.978+0000] {logging_mixin.py:188} INFO - [2026-04-27T03:43:02.978+0000] {dagbag.py:538} INFO - Filling up the DagBag from /home/airflow/dags/model_training_dag.py
[2026-04-27T03:43:03.879+0000] {processor.py:840} INFO - DAG(s) 'model_training_pipeline' retrieved from /home/airflow/dags/model_training_dag.py
[2026-04-27T03:43:03.902+0000] {logging_mixin.py:188} INFO - [2026-04-27T03:43:03.901+0000] {dag.py:3036} INFO - Sync 1 DAGs
[2026-04-27T03:43:03.919+0000] {logging_mixin.py:188} INFO - [2026-04-27T03:43:03.918+0000] {dag.py:3823} INFO - Setting next_dagrun for model_training_pipeline to 2026-04-26 00:00:00+00:00, run_after=2026-05-03 00:00:00+00:00
[2026-04-27T03:43:03.949+0000] {processor.py:183} INFO - Processing /home/airflow/dags/model_training_dag.py took 0.975 seconds
[2026-04-27T03:43:34.450+0000] {processor.py:161} INFO - Started process (PID=17433) to work on /home/airflow/dags/model_training_dag.py
[2026-04-27T03:43:34.452+0000] {processor.py:830} INFO - Processing file /home/airflow/dags/model_training_dag.py for tasks to queue
[2026-04-27T03:43:34.453+0000] {logging_mixin.py:188} INFO - [2026-04-27T03:43:34.453+0000] {dagbag.py:538} INFO - Filling up the DagBag from /home/airflow/dags/model_training_dag.py
[2026-04-27T03:43:35.359+0000] {processor.py:840} INFO - DAG(s) 'model_training_pipeline' retrieved from /home/airflow/dags/model_training_dag.py
[2026-04-27T03:43:35.378+0000] {logging_mixin.py:188} INFO - [2026-04-27T03:43:35.378+0000] {dag.py:3036} INFO - Sync 1 DAGs
[2026-04-27T03:43:35.394+0000] {logging_mixin.py:188} INFO - [2026-04-27T03:43:35.393+0000] {dag.py:3823} INFO - Setting next_dagrun for model_training_pipeline to 2026-04-26 00:00:00+00:00, run_after=2026-05-03 00:00:00+00:00
[2026-04-27T03:43:35.414+0000] {processor.py:183} INFO - Processing /home/airflow/dags/model_training_dag.py took 0.968 seconds
[2026-04-27T03:44:05.844+0000] {processor.py:161} INFO - Started process (PID=17478) to work on /home/airflow/dags/model_training_dag.py
[2026-04-27T03:44:05.846+0000] {processor.py:830} INFO - Processing file /home/airflow/dags/model_training_dag.py for tasks to queue
[2026-04-27T03:44:05.851+0000] {logging_mixin.py:188} INFO - [2026-04-27T03:44:05.850+0000] {dagbag.py:538} INFO - Filling up the DagBag from /home/airflow/dags/model_training_dag.py
[2026-04-27T03:44:06.678+0000] {processor.py:840} INFO - DAG(s) 'model_training_pipeline' retrieved from /home/airflow/dags/model_training_dag.py
[2026-04-27T03:44:06.702+0000] {logging_mixin.py:188} INFO - [2026-04-27T03:44:06.702+0000] {dag.py:3036} INFO - Sync 1 DAGs
[2026-04-27T03:44:06.723+0000] {logging_mixin.py:188} INFO - [2026-04-27T03:44:06.722+0000] {dag.py:3823} INFO - Setting next_dagrun for model_training_pipeline to 2026-04-26 00:00:00+00:00, run_after=2026-05-03 00:00:00+00:00
[2026-04-27T03:44:06.748+0000] {processor.py:183} INFO - Processing /home/airflow/dags/model_training_dag.py took 0.908 seconds
[2026-04-27T03:44:37.059+0000] {processor.py:161} INFO - Started process (PID=17523) to work on /home/airflow/dags/model_training_dag.py
[2026-04-27T03:44:37.061+0000] {processor.py:830} INFO - Processing file /home/airflow/dags/model_training_dag.py for tasks to queue
[2026-04-27T03:44:37.064+0000] {logging_mixin.py:188} INFO - [2026-04-27T03:44:37.064+0000] {dagbag.py:538} INFO - Filling up the DagBag from /home/airflow/dags/model_training_dag.py
[2026-04-27T03:44:38.072+0000] {processor.py:840} INFO - DAG(s) 'model_training_pipeline' retrieved from /home/airflow/dags/model_training_dag.py
[2026-04-27T03:44:38.091+0000] {logging_mixin.py:188} INFO - [2026-04-27T03:44:38.091+0000] {dag.py:3036} INFO - Sync 1 DAGs
[2026-04-27T03:44:38.106+0000] {logging_mixin.py:188} INFO - [2026-04-27T03:44:38.106+0000] {dag.py:3823} INFO - Setting next_dagrun for model_training_pipeline to 2026-04-26 00:00:00+00:00, run_after=2026-05-03 00:00:00+00:00
[2026-04-27T03:44:38.130+0000] {processor.py:183} INFO - Processing /home/airflow/dags/model_training_dag.py took 1.074 seconds
[2026-04-27T03:45:08.564+0000] {processor.py:161} INFO - Started process (PID=17568) to work on /home/airflow/dags/model_training_dag.py
[2026-04-27T03:45:08.565+0000] {processor.py:830} INFO - Processing file /home/airflow/dags/model_training_dag.py for tasks to queue
[2026-04-27T03:45:08.566+0000] {logging_mixin.py:188} INFO - [2026-04-27T03:45:08.566+0000] {dagbag.py:538} INFO - Filling up the DagBag from /home/airflow/dags/model_training_dag.py
[2026-04-27T03:45:09.428+0000] {processor.py:840} INFO - DAG(s) 'model_training_pipeline' retrieved from /home/airflow/dags/model_training_dag.py
[2026-04-27T03:45:09.446+0000] {logging_mixin.py:188} INFO - [2026-04-27T03:45:09.446+0000] {dag.py:3036} INFO - Sync 1 DAGs
[2026-04-27T03:45:09.462+0000] {logging_mixin.py:188} INFO - [2026-04-27T03:45:09.462+0000] {dag.py:3823} INFO - Setting next_dagrun for model_training_pipeline to 2026-04-26 00:00:00+00:00, run_after=2026-05-03 00:00:00+00:00
[2026-04-27T03:45:09.486+0000] {processor.py:183} INFO - Processing /home/airflow/dags/model_training_dag.py took 0.926 seconds
[2026-04-27T03:45:39.894+0000] {processor.py:161} INFO - Started process (PID=17613) to work on /home/airflow/dags/model_training_dag.py
[2026-04-27T03:45:39.896+0000] {processor.py:830} INFO - Processing file /home/airflow/dags/model_training_dag.py for tasks to queue
[2026-04-27T03:45:39.897+0000] {logging_mixin.py:188} INFO - [2026-04-27T03:45:39.896+0000] {dagbag.py:538} INFO - Filling up the DagBag from /home/airflow/dags/model_training_dag.py
[2026-04-27T03:45:40.694+0000] {processor.py:840} INFO - DAG(s) 'model_training_pipeline' retrieved from /home/airflow/dags/model_training_dag.py
[2026-04-27T03:45:40.715+0000] {logging_mixin.py:188} INFO - [2026-04-27T03:45:40.715+0000] {dag.py:3036} INFO - Sync 1 DAGs
[2026-04-27T03:45:40.736+0000] {logging_mixin.py:188} INFO - [2026-04-27T03:45:40.736+0000] {dag.py:3823} INFO - Setting next_dagrun for model_training_pipeline to 2026-04-26 00:00:00+00:00, run_after=2026-05-03 00:00:00+00:00
[2026-04-27T03:45:40.758+0000] {processor.py:183} INFO - Processing /home/airflow/dags/model_training_dag.py took 0.868 seconds
[2026-04-27T03:46:11.321+0000] {processor.py:161} INFO - Started process (PID=17658) to work on /home/airflow/dags/model_training_dag.py
[2026-04-27T03:46:11.322+0000] {processor.py:830} INFO - Processing file /home/airflow/dags/model_training_dag.py for tasks to queue
[2026-04-27T03:46:11.323+0000] {logging_mixin.py:188} INFO - [2026-04-27T03:46:11.323+0000] {dagbag.py:538} INFO - Filling up the DagBag from /home/airflow/dags/model_training_dag.py
[2026-04-27T03:46:12.267+0000] {processor.py:840} INFO - DAG(s) 'model_training_pipeline' retrieved from /home/airflow/dags/model_training_dag.py
[2026-04-27T03:46:12.287+0000] {logging_mixin.py:188} INFO - [2026-04-27T03:46:12.287+0000] {dag.py:3036} INFO - Sync 1 DAGs
[2026-04-27T03:46:12.308+0000] {logging_mixin.py:188} INFO - [2026-04-27T03:46:12.307+0000] {dag.py:3823} INFO - Setting next_dagrun for model_training_pipeline to 2026-04-26 00:00:00+00:00, run_after=2026-05-03 00:00:00+00:00
[2026-04-27T03:46:12.326+0000] {processor.py:183} INFO - Processing /home/airflow/dags/model_training_dag.py took 1.009 seconds
[2026-04-27T03:46:42.836+0000] {processor.py:161} INFO - Started process (PID=17703) to work on /home/airflow/dags/model_training_dag.py
[2026-04-27T03:46:42.837+0000] {processor.py:830} INFO - Processing file /home/airflow/dags/model_training_dag.py for tasks to queue
[2026-04-27T03:46:42.838+0000] {logging_mixin.py:188} INFO - [2026-04-27T03:46:42.837+0000] {dagbag.py:538} INFO - Filling up the DagBag from /home/airflow/dags/model_training_dag.py
[2026-04-27T03:46:43.670+0000] {processor.py:840} INFO - DAG(s) 'model_training_pipeline' retrieved from /home/airflow/dags/model_training_dag.py
[2026-04-27T03:46:43.690+0000] {logging_mixin.py:188} INFO - [2026-04-27T03:46:43.690+0000] {dag.py:3036} INFO - Sync 1 DAGs
[2026-04-27T03:46:43.708+0000] {logging_mixin.py:188} INFO - [2026-04-27T03:46:43.707+0000] {dag.py:3823} INFO - Setting next_dagrun for model_training_pipeline to 2026-04-26 00:00:00+00:00, run_after=2026-05-03 00:00:00+00:00
[2026-04-27T03:46:43.731+0000] {processor.py:183} INFO - Processing /home/airflow/dags/model_training_dag.py took 0.899 seconds
[2026-04-27T03:47:14.141+0000] {processor.py:161} INFO - Started process (PID=17748) to work on /home/airflow/dags/model_training_dag.py
[2026-04-27T03:47:14.143+0000] {processor.py:830} INFO - Processing file /home/airflow/dags/model_training_dag.py for tasks to queue
[2026-04-27T03:47:14.144+0000] {logging_mixin.py:188} INFO - [2026-04-27T03:47:14.143+0000] {dagbag.py:538} INFO - Filling up the DagBag from /home/airflow/dags/model_training_dag.py
[2026-04-27T03:47:14.939+0000] {processor.py:840} INFO - DAG(s) 'model_training_pipeline' retrieved from /home/airflow/dags/model_training_dag.py
[2026-04-27T03:47:14.961+0000] {logging_mixin.py:188} INFO - [2026-04-27T03:47:14.961+0000] {dag.py:3036} INFO - Sync 1 DAGs
[2026-04-27T03:47:14.977+0000] {logging_mixin.py:188} INFO - [2026-04-27T03:47:14.977+0000] {dag.py:3823} INFO - Setting next_dagrun for model_training_pipeline to 2026-04-26 00:00:00+00:00, run_after=2026-05-03 00:00:00+00:00
[2026-04-27T03:47:14.999+0000] {processor.py:183} INFO - Processing /home/airflow/dags/model_training_dag.py took 0.862 seconds
[2026-04-27T03:47:45.485+0000] {processor.py:161} INFO - Started process (PID=17793) to work on /home/airflow/dags/model_training_dag.py
[2026-04-27T03:47:45.486+0000] {processor.py:830} INFO - Processing file /home/airflow/dags/model_training_dag.py for tasks to queue
[2026-04-27T03:47:45.487+0000] {logging_mixin.py:188} INFO - [2026-04-27T03:47:45.487+0000] {dagbag.py:538} INFO - Filling up the DagBag from /home/airflow/dags/model_training_dag.py
[2026-04-27T03:47:46.310+0000] {processor.py:840} INFO - DAG(s) 'model_training_pipeline' retrieved from /home/airflow/dags/model_training_dag.py
[2026-04-27T03:47:46.329+0000] {logging_mixin.py:188} INFO - [2026-04-27T03:47:46.329+0000] {dag.py:3036} INFO - Sync 1 DAGs
[2026-04-27T03:47:46.345+0000] {logging_mixin.py:188} INFO - [2026-04-27T03:47:46.344+0000] {dag.py:3823} INFO - Setting next_dagrun for model_training_pipeline to 2026-04-26 00:00:00+00:00, run_after=2026-05-03 00:00:00+00:00
[2026-04-27T03:47:46.366+0000] {processor.py:183} INFO - Processing /home/airflow/dags/model_training_dag.py took 0.884 seconds
[2026-04-27T03:48:16.706+0000] {processor.py:161} INFO - Started process (PID=17838) to work on /home/airflow/dags/model_training_dag.py
[2026-04-27T03:48:16.707+0000] {processor.py:830} INFO - Processing file /home/airflow/dags/model_training_dag.py for tasks to queue
[2026-04-27T03:48:16.708+0000] {logging_mixin.py:188} INFO - [2026-04-27T03:48:16.708+0000] {dagbag.py:538} INFO - Filling up the DagBag from /home/airflow/dags/model_training_dag.py
[2026-04-27T03:48:17.637+0000] {processor.py:840} INFO - DAG(s) 'model_training_pipeline' retrieved from /home/airflow/dags/model_training_dag.py
[2026-04-27T03:48:17.658+0000] {logging_mixin.py:188} INFO - [2026-04-27T03:48:17.658+0000] {dag.py:3036} INFO - Sync 1 DAGs
[2026-04-27T03:48:17.674+0000] {logging_mixin.py:188} INFO - [2026-04-27T03:48:17.674+0000] {dag.py:3823} INFO - Setting next_dagrun for model_training_pipeline to 2026-04-26 00:00:00+00:00, run_after=2026-05-03 00:00:00+00:00
[2026-04-27T03:48:17.697+0000] {processor.py:183} INFO - Processing /home/airflow/dags/model_training_dag.py took 0.994 seconds
[2026-04-27T03:48:48.037+0000] {processor.py:161} INFO - Started process (PID=17883) to work on /home/airflow/dags/model_training_dag.py
[2026-04-27T03:48:48.039+0000] {processor.py:830} INFO - Processing file /home/airflow/dags/model_training_dag.py for tasks to queue
[2026-04-27T03:48:48.041+0000] {logging_mixin.py:188} INFO - [2026-04-27T03:48:48.040+0000] {dagbag.py:538} INFO - Filling up the DagBag from /home/airflow/dags/model_training_dag.py
[2026-04-27T03:48:48.863+0000] {processor.py:840} INFO - DAG(s) 'model_training_pipeline' retrieved from /home/airflow/dags/model_training_dag.py
[2026-04-27T03:48:48.883+0000] {logging_mixin.py:188} INFO - [2026-04-27T03:48:48.882+0000] {dag.py:3036} INFO - Sync 1 DAGs
[2026-04-27T03:48:48.899+0000] {logging_mixin.py:188} INFO - [2026-04-27T03:48:48.899+0000] {dag.py:3823} INFO - Setting next_dagrun for model_training_pipeline to 2026-04-26 00:00:00+00:00, run_after=2026-05-03 00:00:00+00:00
[2026-04-27T03:48:48.923+0000] {processor.py:183} INFO - Processing /home/airflow/dags/model_training_dag.py took 0.890 seconds
[2026-04-27T03:49:19.230+0000] {processor.py:161} INFO - Started process (PID=17928) to work on /home/airflow/dags/model_training_dag.py
[2026-04-27T03:49:19.231+0000] {processor.py:830} INFO - Processing file /home/airflow/dags/model_training_dag.py for tasks to queue
[2026-04-27T03:49:19.232+0000] {logging_mixin.py:188} INFO - [2026-04-27T03:49:19.232+0000] {dagbag.py:538} INFO - Filling up the DagBag from /home/airflow/dags/model_training_dag.py
[2026-04-27T03:49:20.197+0000] {processor.py:840} INFO - DAG(s) 'model_training_pipeline' retrieved from /home/airflow/dags/model_training_dag.py
[2026-04-27T03:49:20.220+0000] {logging_mixin.py:188} INFO - [2026-04-27T03:49:20.220+0000] {dag.py:3036} INFO - Sync 1 DAGs
[2026-04-27T03:49:20.237+0000] {logging_mixin.py:188} INFO - [2026-04-27T03:49:20.237+0000] {dag.py:3823} INFO - Setting next_dagrun for model_training_pipeline to 2026-04-26 00:00:00+00:00, run_after=2026-05-03 00:00:00+00:00
[2026-04-27T03:49:20.256+0000] {processor.py:183} INFO - Processing /home/airflow/dags/model_training_dag.py took 1.030 seconds
[2026-04-27T03:49:50.570+0000] {processor.py:161} INFO - Started process (PID=17973) to work on /home/airflow/dags/model_training_dag.py
[2026-04-27T03:49:50.571+0000] {processor.py:830} INFO - Processing file /home/airflow/dags/model_training_dag.py for tasks to queue
[2026-04-27T03:49:50.572+0000] {logging_mixin.py:188} INFO - [2026-04-27T03:49:50.572+0000] {dagbag.py:538} INFO - Filling up the DagBag from /home/airflow/dags/model_training_dag.py
[2026-04-27T03:49:51.360+0000] {processor.py:840} INFO - DAG(s) 'model_training_pipeline' retrieved from /home/airflow/dags/model_training_dag.py
[2026-04-27T03:49:51.379+0000] {logging_mixin.py:188} INFO - [2026-04-27T03:49:51.378+0000] {dag.py:3036} INFO - Sync 1 DAGs
[2026-04-27T03:49:51.394+0000] {logging_mixin.py:188} INFO - [2026-04-27T03:49:51.394+0000] {dag.py:3823} INFO - Setting next_dagrun for model_training_pipeline to 2026-04-26 00:00:00+00:00, run_after=2026-05-03 00:00:00+00:00
[2026-04-27T03:49:51.416+0000] {processor.py:183} INFO - Processing /home/airflow/dags/model_training_dag.py took 0.849 seconds
[2026-04-27T03:50:22.075+0000] {processor.py:161} INFO - Started process (PID=18018) to work on /home/airflow/dags/model_training_dag.py
[2026-04-27T03:50:22.076+0000] {processor.py:830} INFO - Processing file /home/airflow/dags/model_training_dag.py for tasks to queue
[2026-04-27T03:50:22.077+0000] {logging_mixin.py:188} INFO - [2026-04-27T03:50:22.077+0000] {dagbag.py:538} INFO - Filling up the DagBag from /home/airflow/dags/model_training_dag.py
[2026-04-27T03:50:22.913+0000] {processor.py:840} INFO - DAG(s) 'model_training_pipeline' retrieved from /home/airflow/dags/model_training_dag.py
[2026-04-27T03:50:22.934+0000] {logging_mixin.py:188} INFO - [2026-04-27T03:50:22.934+0000] {dag.py:3036} INFO - Sync 1 DAGs
[2026-04-27T03:50:22.952+0000] {logging_mixin.py:188} INFO - [2026-04-27T03:50:22.952+0000] {dag.py:3823} INFO - Setting next_dagrun for model_training_pipeline to 2026-04-26 00:00:00+00:00, run_after=2026-05-03 00:00:00+00:00
[2026-04-27T03:50:22.974+0000] {processor.py:183} INFO - Processing /home/airflow/dags/model_training_dag.py took 0.904 seconds
[2026-04-27T03:50:53.561+0000] {processor.py:161} INFO - Started process (PID=18063) to work on /home/airflow/dags/model_training_dag.py
[2026-04-27T03:50:53.562+0000] {processor.py:830} INFO - Processing file /home/airflow/dags/model_training_dag.py for tasks to queue
[2026-04-27T03:50:53.563+0000] {logging_mixin.py:188} INFO - [2026-04-27T03:50:53.563+0000] {dagbag.py:538} INFO - Filling up the DagBag from /home/airflow/dags/model_training_dag.py
[2026-04-27T03:50:54.412+0000] {processor.py:840} INFO - DAG(s) 'model_training_pipeline' retrieved from /home/airflow/dags/model_training_dag.py
[2026-04-27T03:50:54.439+0000] {logging_mixin.py:188} INFO - [2026-04-27T03:50:54.439+0000] {dag.py:3036} INFO - Sync 1 DAGs
[2026-04-27T03:50:54.454+0000] {logging_mixin.py:188} INFO - [2026-04-27T03:50:54.454+0000] {dag.py:3823} INFO - Setting next_dagrun for model_training_pipeline to 2026-04-26 00:00:00+00:00, run_after=2026-05-03 00:00:00+00:00
[2026-04-27T03:50:54.475+0000] {processor.py:183} INFO - Processing /home/airflow/dags/model_training_dag.py took 0.917 seconds
[2026-04-27T03:51:24.934+0000] {processor.py:161} INFO - Started process (PID=18108) to work on /home/airflow/dags/model_training_dag.py
[2026-04-27T03:51:24.935+0000] {processor.py:830} INFO - Processing file /home/airflow/dags/model_training_dag.py for tasks to queue
[2026-04-27T03:51:24.936+0000] {logging_mixin.py:188} INFO - [2026-04-27T03:51:24.936+0000] {dagbag.py:538} INFO - Filling up the DagBag from /home/airflow/dags/model_training_dag.py
[2026-04-27T03:51:25.764+0000] {processor.py:840} INFO - DAG(s) 'model_training_pipeline' retrieved from /home/airflow/dags/model_training_dag.py
[2026-04-27T03:51:25.785+0000] {logging_mixin.py:188} INFO - [2026-04-27T03:51:25.784+0000] {dag.py:3036} INFO - Sync 1 DAGs
[2026-04-27T03:51:25.802+0000] {logging_mixin.py:188} INFO - [2026-04-27T03:51:25.801+0000] {dag.py:3823} INFO - Setting next_dagrun for model_training_pipeline to 2026-04-26 00:00:00+00:00, run_after=2026-05-03 00:00:00+00:00
[2026-04-27T03:51:25.824+0000] {processor.py:183} INFO - Processing /home/airflow/dags/model_training_dag.py took 0.893 seconds
[2026-04-27T03:51:56.200+0000] {processor.py:161} INFO - Started process (PID=18153) to work on /home/airflow/dags/model_training_dag.py
[2026-04-27T03:51:56.201+0000] {processor.py:830} INFO - Processing file /home/airflow/dags/model_training_dag.py for tasks to queue
[2026-04-27T03:51:56.202+0000] {logging_mixin.py:188} INFO - [2026-04-27T03:51:56.202+0000] {dagbag.py:538} INFO - Filling up the DagBag from /home/airflow/dags/model_training_dag.py
[2026-04-27T03:51:57.021+0000] {processor.py:840} INFO - DAG(s) 'model_training_pipeline' retrieved from /home/airflow/dags/model_training_dag.py
[2026-04-27T03:51:57.043+0000] {logging_mixin.py:188} INFO - [2026-04-27T03:51:57.043+0000] {dag.py:3036} INFO - Sync 1 DAGs
[2026-04-27T03:51:57.062+0000] {logging_mixin.py:188} INFO - [2026-04-27T03:51:57.062+0000] {dag.py:3823} INFO - Setting next_dagrun for model_training_pipeline to 2026-04-26 00:00:00+00:00, run_after=2026-05-03 00:00:00+00:00
[2026-04-27T03:51:57.085+0000] {processor.py:183} INFO - Processing /home/airflow/dags/model_training_dag.py took 0.888 seconds
[2026-04-27T03:52:27.692+0000] {processor.py:161} INFO - Started process (PID=18198) to work on /home/airflow/dags/model_training_dag.py
[2026-04-27T03:52:27.693+0000] {processor.py:830} INFO - Processing file /home/airflow/dags/model_training_dag.py for tasks to queue
[2026-04-27T03:52:27.694+0000] {logging_mixin.py:188} INFO - [2026-04-27T03:52:27.694+0000] {dagbag.py:538} INFO - Filling up the DagBag from /home/airflow/dags/model_training_dag.py
[2026-04-27T03:52:28.600+0000] {processor.py:840} INFO - DAG(s) 'model_training_pipeline' retrieved from /home/airflow/dags/model_training_dag.py
[2026-04-27T03:52:28.623+0000] {logging_mixin.py:188} INFO - [2026-04-27T03:52:28.622+0000] {dag.py:3036} INFO - Sync 1 DAGs
[2026-04-27T03:52:28.642+0000] {logging_mixin.py:188} INFO - [2026-04-27T03:52:28.642+0000] {dag.py:3823} INFO - Setting next_dagrun for model_training_pipeline to 2026-04-26 00:00:00+00:00, run_after=2026-05-03 00:00:00+00:00
[2026-04-27T03:52:28.665+0000] {processor.py:183} INFO - Processing /home/airflow/dags/model_training_dag.py took 0.976 seconds
[2026-04-27T03:52:59.072+0000] {processor.py:161} INFO - Started process (PID=18243) to work on /home/airflow/dags/model_training_dag.py
[2026-04-27T03:52:59.073+0000] {processor.py:830} INFO - Processing file /home/airflow/dags/model_training_dag.py for tasks to queue
[2026-04-27T03:52:59.075+0000] {logging_mixin.py:188} INFO - [2026-04-27T03:52:59.074+0000] {dagbag.py:538} INFO - Filling up the DagBag from /home/airflow/dags/model_training_dag.py
[2026-04-27T03:53:00.000+0000] {processor.py:840} INFO - DAG(s) 'model_training_pipeline' retrieved from /home/airflow/dags/model_training_dag.py
[2026-04-27T03:53:00.021+0000] {logging_mixin.py:188} INFO - [2026-04-27T03:53:00.021+0000] {dag.py:3036} INFO - Sync 1 DAGs
[2026-04-27T03:53:00.040+0000] {logging_mixin.py:188} INFO - [2026-04-27T03:53:00.040+0000] {dag.py:3823} INFO - Setting next_dagrun for model_training_pipeline to 2026-04-26 00:00:00+00:00, run_after=2026-05-03 00:00:00+00:00
[2026-04-27T03:53:00.063+0000] {processor.py:183} INFO - Processing /home/airflow/dags/model_training_dag.py took 0.994 seconds
[2026-04-27T03:53:30.563+0000] {processor.py:161} INFO - Started process (PID=18288) to work on /home/airflow/dags/model_training_dag.py
[2026-04-27T03:53:30.565+0000] {processor.py:830} INFO - Processing file /home/airflow/dags/model_training_dag.py for tasks to queue
[2026-04-27T03:53:30.566+0000] {logging_mixin.py:188} INFO - [2026-04-27T03:53:30.565+0000] {dagbag.py:538} INFO - Filling up the DagBag from /home/airflow/dags/model_training_dag.py
[2026-04-27T03:53:31.420+0000] {processor.py:840} INFO - DAG(s) 'model_training_pipeline' retrieved from /home/airflow/dags/model_training_dag.py
[2026-04-27T03:53:31.440+0000] {logging_mixin.py:188} INFO - [2026-04-27T03:53:31.440+0000] {dag.py:3036} INFO - Sync 1 DAGs
[2026-04-27T03:53:31.457+0000] {logging_mixin.py:188} INFO - [2026-04-27T03:53:31.457+0000] {dag.py:3823} INFO - Setting next_dagrun for model_training_pipeline to 2026-04-26 00:00:00+00:00, run_after=2026-05-03 00:00:00+00:00
[2026-04-27T03:53:31.478+0000] {processor.py:183} INFO - Processing /home/airflow/dags/model_training_dag.py took 0.918 seconds
[2026-04-27T03:54:01.946+0000] {processor.py:161} INFO - Started process (PID=18333) to work on /home/airflow/dags/model_training_dag.py
[2026-04-27T03:54:01.947+0000] {processor.py:830} INFO - Processing file /home/airflow/dags/model_training_dag.py for tasks to queue
[2026-04-27T03:54:01.948+0000] {logging_mixin.py:188} INFO - [2026-04-27T03:54:01.948+0000] {dagbag.py:538} INFO - Filling up the DagBag from /home/airflow/dags/model_training_dag.py
[2026-04-27T03:54:03.113+0000] {processor.py:840} INFO - DAG(s) 'model_training_pipeline' retrieved from /home/airflow/dags/model_training_dag.py
[2026-04-27T03:54:03.138+0000] {logging_mixin.py:188} INFO - [2026-04-27T03:54:03.137+0000] {dag.py:3036} INFO - Sync 1 DAGs
[2026-04-27T03:54:03.165+0000] {logging_mixin.py:188} INFO - [2026-04-27T03:54:03.164+0000] {dag.py:3823} INFO - Setting next_dagrun for model_training_pipeline to 2026-04-26 00:00:00+00:00, run_after=2026-05-03 00:00:00+00:00
[2026-04-27T03:54:03.198+0000] {processor.py:183} INFO - Processing /home/airflow/dags/model_training_dag.py took 1.259 seconds
[2026-04-27T03:54:33.407+0000] {processor.py:161} INFO - Started process (PID=18378) to work on /home/airflow/dags/model_training_dag.py
[2026-04-27T03:54:33.409+0000] {processor.py:830} INFO - Processing file /home/airflow/dags/model_training_dag.py for tasks to queue
[2026-04-27T03:54:33.411+0000] {logging_mixin.py:188} INFO - [2026-04-27T03:54:33.410+0000] {dagbag.py:538} INFO - Filling up the DagBag from /home/airflow/dags/model_training_dag.py
[2026-04-27T03:54:34.278+0000] {processor.py:840} INFO - DAG(s) 'model_training_pipeline' retrieved from /home/airflow/dags/model_training_dag.py
[2026-04-27T03:54:34.298+0000] {logging_mixin.py:188} INFO - [2026-04-27T03:54:34.298+0000] {dag.py:3036} INFO - Sync 1 DAGs
[2026-04-27T03:54:34.315+0000] {logging_mixin.py:188} INFO - [2026-04-27T03:54:34.315+0000] {dag.py:3823} INFO - Setting next_dagrun for model_training_pipeline to 2026-04-26 00:00:00+00:00, run_after=2026-05-03 00:00:00+00:00
[2026-04-27T03:54:34.339+0000] {processor.py:183} INFO - Processing /home/airflow/dags/model_training_dag.py took 0.935 seconds
[2026-04-27T03:55:04.923+0000] {processor.py:161} INFO - Started process (PID=18423) to work on /home/airflow/dags/model_training_dag.py
[2026-04-27T03:55:04.924+0000] {processor.py:830} INFO - Processing file /home/airflow/dags/model_training_dag.py for tasks to queue
[2026-04-27T03:55:04.925+0000] {logging_mixin.py:188} INFO - [2026-04-27T03:55:04.925+0000] {dagbag.py:538} INFO - Filling up the DagBag from /home/airflow/dags/model_training_dag.py
[2026-04-27T03:55:05.700+0000] {processor.py:840} INFO - DAG(s) 'model_training_pipeline' retrieved from /home/airflow/dags/model_training_dag.py
[2026-04-27T03:55:05.721+0000] {logging_mixin.py:188} INFO - [2026-04-27T03:55:05.721+0000] {dag.py:3036} INFO - Sync 1 DAGs
[2026-04-27T03:55:05.741+0000] {logging_mixin.py:188} INFO - [2026-04-27T03:55:05.741+0000] {dag.py:3823} INFO - Setting next_dagrun for model_training_pipeline to 2026-04-26 00:00:00+00:00, run_after=2026-05-03 00:00:00+00:00
[2026-04-27T03:55:05.764+0000] {processor.py:183} INFO - Processing /home/airflow/dags/model_training_dag.py took 0.845 seconds
[2026-04-27T03:55:36.269+0000] {processor.py:161} INFO - Started process (PID=18468) to work on /home/airflow/dags/model_training_dag.py
[2026-04-27T03:55:36.270+0000] {processor.py:830} INFO - Processing file /home/airflow/dags/model_training_dag.py for tasks to queue
[2026-04-27T03:55:36.271+0000] {logging_mixin.py:188} INFO - [2026-04-27T03:55:36.271+0000] {dagbag.py:538} INFO - Filling up the DagBag from /home/airflow/dags/model_training_dag.py
[2026-04-27T03:55:37.046+0000] {processor.py:840} INFO - DAG(s) 'model_training_pipeline' retrieved from /home/airflow/dags/model_training_dag.py
[2026-04-27T03:55:37.065+0000] {logging_mixin.py:188} INFO - [2026-04-27T03:55:37.065+0000] {dag.py:3036} INFO - Sync 1 DAGs
[2026-04-27T03:55:37.081+0000] {logging_mixin.py:188} INFO - [2026-04-27T03:55:37.081+0000] {dag.py:3823} INFO - Setting next_dagrun for model_training_pipeline to 2026-04-26 00:00:00+00:00, run_after=2026-05-03 00:00:00+00:00
[2026-04-27T03:55:37.102+0000] {processor.py:183} INFO - Processing /home/airflow/dags/model_training_dag.py took 0.836 seconds
[2026-04-27T03:56:07.462+0000] {processor.py:161} INFO - Started process (PID=18513) to work on /home/airflow/dags/model_training_dag.py
[2026-04-27T03:56:07.463+0000] {processor.py:830} INFO - Processing file /home/airflow/dags/model_training_dag.py for tasks to queue
[2026-04-27T03:56:07.464+0000] {logging_mixin.py:188} INFO - [2026-04-27T03:56:07.464+0000] {dagbag.py:538} INFO - Filling up the DagBag from /home/airflow/dags/model_training_dag.py
[2026-04-27T03:56:08.243+0000] {processor.py:840} INFO - DAG(s) 'model_training_pipeline' retrieved from /home/airflow/dags/model_training_dag.py
[2026-04-27T03:56:08.263+0000] {logging_mixin.py:188} INFO - [2026-04-27T03:56:08.263+0000] {dag.py:3036} INFO - Sync 1 DAGs
[2026-04-27T03:56:08.278+0000] {logging_mixin.py:188} INFO - [2026-04-27T03:56:08.278+0000] {dag.py:3823} INFO - Setting next_dagrun for model_training_pipeline to 2026-04-26 00:00:00+00:00, run_after=2026-05-03 00:00:00+00:00
[2026-04-27T03:56:08.301+0000] {processor.py:183} INFO - Processing /home/airflow/dags/model_training_dag.py took 0.843 seconds
[2026-04-27T03:56:38.730+0000] {processor.py:161} INFO - Started process (PID=18558) to work on /home/airflow/dags/model_training_dag.py
[2026-04-27T03:56:38.732+0000] {processor.py:830} INFO - Processing file /home/airflow/dags/model_training_dag.py for tasks to queue
[2026-04-27T03:56:38.732+0000] {logging_mixin.py:188} INFO - [2026-04-27T03:56:38.732+0000] {dagbag.py:538} INFO - Filling up the DagBag from /home/airflow/dags/model_training_dag.py
[2026-04-27T03:56:39.504+0000] {processor.py:840} INFO - DAG(s) 'model_training_pipeline' retrieved from /home/airflow/dags/model_training_dag.py
[2026-04-27T03:56:39.524+0000] {logging_mixin.py:188} INFO - [2026-04-27T03:56:39.524+0000] {dag.py:3036} INFO - Sync 1 DAGs
[2026-04-27T03:56:39.540+0000] {logging_mixin.py:188} INFO - [2026-04-27T03:56:39.539+0000] {dag.py:3823} INFO - Setting next_dagrun for model_training_pipeline to 2026-04-26 00:00:00+00:00, run_after=2026-05-03 00:00:00+00:00
[2026-04-27T03:56:39.561+0000] {processor.py:183} INFO - Processing /home/airflow/dags/model_training_dag.py took 0.834 seconds
[2026-04-27T03:57:10.016+0000] {processor.py:161} INFO - Started process (PID=18603) to work on /home/airflow/dags/model_training_dag.py
[2026-04-27T03:57:10.017+0000] {processor.py:830} INFO - Processing file /home/airflow/dags/model_training_dag.py for tasks to queue
[2026-04-27T03:57:10.018+0000] {logging_mixin.py:188} INFO - [2026-04-27T03:57:10.018+0000] {dagbag.py:538} INFO - Filling up the DagBag from /home/airflow/dags/model_training_dag.py
[2026-04-27T03:57:10.824+0000] {processor.py:840} INFO - DAG(s) 'model_training_pipeline' retrieved from /home/airflow/dags/model_training_dag.py
[2026-04-27T03:57:10.844+0000] {logging_mixin.py:188} INFO - [2026-04-27T03:57:10.844+0000] {dag.py:3036} INFO - Sync 1 DAGs
[2026-04-27T03:57:10.861+0000] {logging_mixin.py:188} INFO - [2026-04-27T03:57:10.861+0000] {dag.py:3823} INFO - Setting next_dagrun for model_training_pipeline to 2026-04-26 00:00:00+00:00, run_after=2026-05-03 00:00:00+00:00
[2026-04-27T03:57:10.885+0000] {processor.py:183} INFO - Processing /home/airflow/dags/model_training_dag.py took 0.872 seconds
[2026-04-27T03:57:41.253+0000] {processor.py:161} INFO - Started process (PID=18648) to work on /home/airflow/dags/model_training_dag.py
[2026-04-27T03:57:41.255+0000] {processor.py:830} INFO - Processing file /home/airflow/dags/model_training_dag.py for tasks to queue
[2026-04-27T03:57:41.256+0000] {logging_mixin.py:188} INFO - [2026-04-27T03:57:41.256+0000] {dagbag.py:538} INFO - Filling up the DagBag from /home/airflow/dags/model_training_dag.py
[2026-04-27T03:57:42.360+0000] {processor.py:840} INFO - DAG(s) 'model_training_pipeline' retrieved from /home/airflow/dags/model_training_dag.py
[2026-04-27T03:57:42.392+0000] {logging_mixin.py:188} INFO - [2026-04-27T03:57:42.391+0000] {dag.py:3036} INFO - Sync 1 DAGs
[2026-04-27T03:57:42.428+0000] {logging_mixin.py:188} INFO - [2026-04-27T03:57:42.428+0000] {dag.py:3823} INFO - Setting next_dagrun for model_training_pipeline to 2026-04-26 00:00:00+00:00, run_after=2026-05-03 00:00:00+00:00
[2026-04-27T03:57:42.458+0000] {processor.py:183} INFO - Processing /home/airflow/dags/model_training_dag.py took 1.212 seconds
[2026-04-27T03:58:12.647+0000] {processor.py:161} INFO - Started process (PID=18693) to work on /home/airflow/dags/model_training_dag.py
[2026-04-27T03:58:12.649+0000] {processor.py:830} INFO - Processing file /home/airflow/dags/model_training_dag.py for tasks to queue
[2026-04-27T03:58:12.650+0000] {logging_mixin.py:188} INFO - [2026-04-27T03:58:12.650+0000] {dagbag.py:538} INFO - Filling up the DagBag from /home/airflow/dags/model_training_dag.py
[2026-04-27T03:58:13.523+0000] {processor.py:840} INFO - DAG(s) 'model_training_pipeline' retrieved from /home/airflow/dags/model_training_dag.py
[2026-04-27T03:58:13.542+0000] {logging_mixin.py:188} INFO - [2026-04-27T03:58:13.542+0000] {dag.py:3036} INFO - Sync 1 DAGs
[2026-04-27T03:58:13.558+0000] {logging_mixin.py:188} INFO - [2026-04-27T03:58:13.558+0000] {dag.py:3823} INFO - Setting next_dagrun for model_training_pipeline to 2026-04-26 00:00:00+00:00, run_after=2026-05-03 00:00:00+00:00
[2026-04-27T03:58:13.579+0000] {processor.py:183} INFO - Processing /home/airflow/dags/model_training_dag.py took 0.936 seconds
[2026-04-27T03:58:43.667+0000] {processor.py:161} INFO - Started process (PID=18738) to work on /home/airflow/dags/model_training_dag.py
[2026-04-27T03:58:43.668+0000] {processor.py:830} INFO - Processing file /home/airflow/dags/model_training_dag.py for tasks to queue
[2026-04-27T03:58:43.670+0000] {logging_mixin.py:188} INFO - [2026-04-27T03:58:43.669+0000] {dagbag.py:538} INFO - Filling up the DagBag from /home/airflow/dags/model_training_dag.py
[2026-04-27T03:58:44.613+0000] {processor.py:840} INFO - DAG(s) 'model_training_pipeline' retrieved from /home/airflow/dags/model_training_dag.py
[2026-04-27T03:58:44.640+0000] {logging_mixin.py:188} INFO - [2026-04-27T03:58:44.640+0000] {dag.py:3036} INFO - Sync 1 DAGs
[2026-04-27T03:58:44.667+0000] {logging_mixin.py:188} INFO - [2026-04-27T03:58:44.666+0000] {dag.py:3823} INFO - Setting next_dagrun for model_training_pipeline to 2026-04-26 00:00:00+00:00, run_after=2026-05-03 00:00:00+00:00
[2026-04-27T03:58:44.690+0000] {processor.py:183} INFO - Processing /home/airflow/dags/model_training_dag.py took 1.026 seconds
[2026-04-27T05:14:22.843+0000] {processor.py:161} INFO - Started process (PID=18754) to work on /home/airflow/dags/model_training_dag.py
[2026-04-27T05:14:22.945+0000] {processor.py:830} INFO - Processing file /home/airflow/dags/model_training_dag.py for tasks to queue
[2026-04-27T05:14:23.030+0000] {logging_mixin.py:188} INFO - [2026-04-27T05:14:23.004+0000] {dagbag.py:538} INFO - Filling up the DagBag from /home/airflow/dags/model_training_dag.py
[2026-04-27T05:20:13.637+0000] {processor.py:161} INFO - Started process (PID=18785) to work on /home/airflow/dags/model_training_dag.py
[2026-04-27T05:20:13.638+0000] {processor.py:830} INFO - Processing file /home/airflow/dags/model_training_dag.py for tasks to queue
[2026-04-27T05:20:13.639+0000] {logging_mixin.py:188} INFO - [2026-04-27T05:20:13.638+0000] {dagbag.py:538} INFO - Filling up the DagBag from /home/airflow/dags/model_training_dag.py
[2026-04-27T05:20:14.649+0000] {processor.py:840} INFO - DAG(s) 'model_training_pipeline' retrieved from /home/airflow/dags/model_training_dag.py
[2026-04-27T05:20:14.669+0000] {logging_mixin.py:188} INFO - [2026-04-27T05:20:14.668+0000] {dag.py:3036} INFO - Sync 1 DAGs
[2026-04-27T05:20:14.685+0000] {logging_mixin.py:188} INFO - [2026-04-27T05:20:14.685+0000] {dag.py:3823} INFO - Setting next_dagrun for model_training_pipeline to 2026-04-26 00:00:00+00:00, run_after=2026-05-03 00:00:00+00:00
[2026-04-27T05:20:14.710+0000] {processor.py:183} INFO - Processing /home/airflow/dags/model_training_dag.py took 1.077 seconds
[2026-04-27T05:20:45.336+0000] {processor.py:161} INFO - Started process (PID=18830) to work on /home/airflow/dags/model_training_dag.py
[2026-04-27T05:20:45.338+0000] {processor.py:830} INFO - Processing file /home/airflow/dags/model_training_dag.py for tasks to queue
[2026-04-27T05:20:45.339+0000] {logging_mixin.py:188} INFO - [2026-04-27T05:20:45.339+0000] {dagbag.py:538} INFO - Filling up the DagBag from /home/airflow/dags/model_training_dag.py
[2026-04-27T05:20:47.417+0000] {processor.py:840} INFO - DAG(s) 'model_training_pipeline' retrieved from /home/airflow/dags/model_training_dag.py
[2026-04-27T05:20:47.436+0000] {logging_mixin.py:188} INFO - [2026-04-27T05:20:47.436+0000] {dag.py:3036} INFO - Sync 1 DAGs
[2026-04-27T05:20:47.459+0000] {logging_mixin.py:188} INFO - [2026-04-27T05:20:47.459+0000] {dag.py:3823} INFO - Setting next_dagrun for model_training_pipeline to 2026-04-26 00:00:00+00:00, run_after=2026-05-03 00:00:00+00:00
[2026-04-27T05:20:47.480+0000] {processor.py:183} INFO - Processing /home/airflow/dags/model_training_dag.py took 2.150 seconds
[2026-04-27T05:21:17.896+0000] {processor.py:161} INFO - Started process (PID=18875) to work on /home/airflow/dags/model_training_dag.py
[2026-04-27T05:21:17.898+0000] {processor.py:830} INFO - Processing file /home/airflow/dags/model_training_dag.py for tasks to queue
[2026-04-27T05:21:17.900+0000] {logging_mixin.py:188} INFO - [2026-04-27T05:21:17.899+0000] {dagbag.py:538} INFO - Filling up the DagBag from /home/airflow/dags/model_training_dag.py
[2026-04-27T05:21:20.329+0000] {processor.py:840} INFO - DAG(s) 'model_training_pipeline' retrieved from /home/airflow/dags/model_training_dag.py
[2026-04-27T05:21:20.371+0000] {logging_mixin.py:188} INFO - [2026-04-27T05:21:20.371+0000] {dag.py:3036} INFO - Sync 1 DAGs
[2026-04-27T05:21:20.458+0000] {logging_mixin.py:188} INFO - [2026-04-27T05:21:20.457+0000] {dag.py:3823} INFO - Setting next_dagrun for model_training_pipeline to 2026-04-26 00:00:00+00:00, run_after=2026-05-03 00:00:00+00:00
[2026-04-27T05:21:20.526+0000] {processor.py:183} INFO - Processing /home/airflow/dags/model_training_dag.py took 2.634 seconds
[2026-04-27T05:21:50.960+0000] {processor.py:161} INFO - Started process (PID=18920) to work on /home/airflow/dags/model_training_dag.py
[2026-04-27T05:21:50.961+0000] {processor.py:830} INFO - Processing file /home/airflow/dags/model_training_dag.py for tasks to queue
[2026-04-27T05:21:50.962+0000] {logging_mixin.py:188} INFO - [2026-04-27T05:21:50.962+0000] {dagbag.py:538} INFO - Filling up the DagBag from /home/airflow/dags/model_training_dag.py
[2026-04-27T05:21:51.909+0000] {processor.py:840} INFO - DAG(s) 'model_training_pipeline' retrieved from /home/airflow/dags/model_training_dag.py
[2026-04-27T05:21:51.936+0000] {logging_mixin.py:188} INFO - [2026-04-27T05:21:51.936+0000] {dag.py:3036} INFO - Sync 1 DAGs
[2026-04-27T05:21:51.956+0000] {logging_mixin.py:188} INFO - [2026-04-27T05:21:51.956+0000] {dag.py:3823} INFO - Setting next_dagrun for model_training_pipeline to 2026-04-26 00:00:00+00:00, run_after=2026-05-03 00:00:00+00:00
[2026-04-27T05:21:51.982+0000] {processor.py:183} INFO - Processing /home/airflow/dags/model_training_dag.py took 1.025 seconds
[2026-04-27T05:22:22.258+0000] {processor.py:161} INFO - Started process (PID=18965) to work on /home/airflow/dags/model_training_dag.py
[2026-04-27T05:22:22.259+0000] {processor.py:830} INFO - Processing file /home/airflow/dags/model_training_dag.py for tasks to queue
[2026-04-27T05:22:22.260+0000] {logging_mixin.py:188} INFO - [2026-04-27T05:22:22.259+0000] {dagbag.py:538} INFO - Filling up the DagBag from /home/airflow/dags/model_training_dag.py
[2026-04-27T05:22:23.169+0000] {processor.py:840} INFO - DAG(s) 'model_training_pipeline' retrieved from /home/airflow/dags/model_training_dag.py
[2026-04-27T05:22:23.189+0000] {logging_mixin.py:188} INFO - [2026-04-27T05:22:23.188+0000] {dag.py:3036} INFO - Sync 1 DAGs
[2026-04-27T05:22:23.206+0000] {logging_mixin.py:188} INFO - [2026-04-27T05:22:23.206+0000] {dag.py:3823} INFO - Setting next_dagrun for model_training_pipeline to 2026-04-26 00:00:00+00:00, run_after=2026-05-03 00:00:00+00:00
[2026-04-27T05:22:23.231+0000] {processor.py:183} INFO - Processing /home/airflow/dags/model_training_dag.py took 0.976 seconds
[2026-04-27T05:22:53.590+0000] {processor.py:161} INFO - Started process (PID=19010) to work on /home/airflow/dags/model_training_dag.py
[2026-04-27T05:22:53.591+0000] {processor.py:830} INFO - Processing file /home/airflow/dags/model_training_dag.py for tasks to queue
[2026-04-27T05:22:53.592+0000] {logging_mixin.py:188} INFO - [2026-04-27T05:22:53.592+0000] {dagbag.py:538} INFO - Filling up the DagBag from /home/airflow/dags/model_training_dag.py
[2026-04-27T05:22:54.553+0000] {processor.py:840} INFO - DAG(s) 'model_training_pipeline' retrieved from /home/airflow/dags/model_training_dag.py
[2026-04-27T05:22:54.579+0000] {logging_mixin.py:188} INFO - [2026-04-27T05:22:54.578+0000] {dag.py:3036} INFO - Sync 1 DAGs
[2026-04-27T05:22:54.599+0000] {logging_mixin.py:188} INFO - [2026-04-27T05:22:54.599+0000] {dag.py:3823} INFO - Setting next_dagrun for model_training_pipeline to 2026-04-26 00:00:00+00:00, run_after=2026-05-03 00:00:00+00:00
[2026-04-27T05:22:54.623+0000] {processor.py:183} INFO - Processing /home/airflow/dags/model_training_dag.py took 1.036 seconds
[2026-04-27T05:23:25.027+0000] {processor.py:161} INFO - Started process (PID=19055) to work on /home/airflow/dags/model_training_dag.py
[2026-04-27T05:23:25.028+0000] {processor.py:830} INFO - Processing file /home/airflow/dags/model_training_dag.py for tasks to queue
[2026-04-27T05:23:25.029+0000] {logging_mixin.py:188} INFO - [2026-04-27T05:23:25.029+0000] {dagbag.py:538} INFO - Filling up the DagBag from /home/airflow/dags/model_training_dag.py
[2026-04-27T05:23:26.080+0000] {processor.py:840} INFO - DAG(s) 'model_training_pipeline' retrieved from /home/airflow/dags/model_training_dag.py
[2026-04-27T05:23:26.106+0000] {logging_mixin.py:188} INFO - [2026-04-27T05:23:26.106+0000] {dag.py:3036} INFO - Sync 1 DAGs
[2026-04-27T05:23:26.126+0000] {logging_mixin.py:188} INFO - [2026-04-27T05:23:26.126+0000] {dag.py:3823} INFO - Setting next_dagrun for model_training_pipeline to 2026-04-26 00:00:00+00:00, run_after=2026-05-03 00:00:00+00:00
[2026-04-27T05:23:26.159+0000] {processor.py:183} INFO - Processing /home/airflow/dags/model_training_dag.py took 1.135 seconds
[2026-04-27T05:23:56.658+0000] {processor.py:161} INFO - Started process (PID=19100) to work on /home/airflow/dags/model_training_dag.py
[2026-04-27T05:23:56.659+0000] {processor.py:830} INFO - Processing file /home/airflow/dags/model_training_dag.py for tasks to queue
[2026-04-27T05:23:56.661+0000] {logging_mixin.py:188} INFO - [2026-04-27T05:23:56.660+0000] {dagbag.py:538} INFO - Filling up the DagBag from /home/airflow/dags/model_training_dag.py
[2026-04-27T05:23:58.026+0000] {processor.py:840} INFO - DAG(s) 'model_training_pipeline' retrieved from /home/airflow/dags/model_training_dag.py
[2026-04-27T05:23:58.047+0000] {logging_mixin.py:188} INFO - [2026-04-27T05:23:58.047+0000] {dag.py:3036} INFO - Sync 1 DAGs
[2026-04-27T05:23:58.172+0000] {logging_mixin.py:188} INFO - [2026-04-27T05:23:58.172+0000] {dag.py:3823} INFO - Setting next_dagrun for model_training_pipeline to 2026-04-26 00:00:00+00:00, run_after=2026-05-03 00:00:00+00:00
[2026-04-27T05:23:58.196+0000] {processor.py:183} INFO - Processing /home/airflow/dags/model_training_dag.py took 1.543 seconds
[2026-04-27T05:24:28.347+0000] {processor.py:161} INFO - Started process (PID=19145) to work on /home/airflow/dags/model_training_dag.py
[2026-04-27T05:24:28.348+0000] {processor.py:830} INFO - Processing file /home/airflow/dags/model_training_dag.py for tasks to queue
[2026-04-27T05:24:28.350+0000] {logging_mixin.py:188} INFO - [2026-04-27T05:24:28.349+0000] {dagbag.py:538} INFO - Filling up the DagBag from /home/airflow/dags/model_training_dag.py
[2026-04-27T05:24:29.421+0000] {processor.py:840} INFO - DAG(s) 'model_training_pipeline' retrieved from /home/airflow/dags/model_training_dag.py
[2026-04-27T05:24:29.445+0000] {logging_mixin.py:188} INFO - [2026-04-27T05:24:29.444+0000] {dag.py:3036} INFO - Sync 1 DAGs
[2026-04-27T05:24:29.596+0000] {logging_mixin.py:188} INFO - [2026-04-27T05:24:29.596+0000] {dag.py:3823} INFO - Setting next_dagrun for model_training_pipeline to 2026-04-26 00:00:00+00:00, run_after=2026-05-03 00:00:00+00:00
[2026-04-27T05:24:29.620+0000] {processor.py:183} INFO - Processing /home/airflow/dags/model_training_dag.py took 1.277 seconds
[2026-04-27T05:25:00.429+0000] {processor.py:161} INFO - Started process (PID=19200) to work on /home/airflow/dags/model_training_dag.py
[2026-04-27T05:25:00.430+0000] {processor.py:830} INFO - Processing file /home/airflow/dags/model_training_dag.py for tasks to queue
[2026-04-27T05:25:00.432+0000] {logging_mixin.py:188} INFO - [2026-04-27T05:25:00.431+0000] {dagbag.py:538} INFO - Filling up the DagBag from /home/airflow/dags/model_training_dag.py
[2026-04-27T05:25:01.502+0000] {processor.py:840} INFO - DAG(s) 'model_training_pipeline' retrieved from /home/airflow/dags/model_training_dag.py
[2026-04-27T05:25:01.524+0000] {logging_mixin.py:188} INFO - [2026-04-27T05:25:01.524+0000] {dag.py:3036} INFO - Sync 1 DAGs
[2026-04-27T05:25:01.541+0000] {logging_mixin.py:188} INFO - [2026-04-27T05:25:01.541+0000] {dag.py:3823} INFO - Setting next_dagrun for model_training_pipeline to 2026-04-26 00:00:00+00:00, run_after=2026-05-03 00:00:00+00:00
[2026-04-27T05:25:01.566+0000] {processor.py:183} INFO - Processing /home/airflow/dags/model_training_dag.py took 1.140 seconds
[2026-04-27T05:25:31.741+0000] {processor.py:161} INFO - Started process (PID=19245) to work on /home/airflow/dags/model_training_dag.py
[2026-04-27T05:25:31.742+0000] {processor.py:830} INFO - Processing file /home/airflow/dags/model_training_dag.py for tasks to queue
[2026-04-27T05:25:31.743+0000] {logging_mixin.py:188} INFO - [2026-04-27T05:25:31.743+0000] {dagbag.py:538} INFO - Filling up the DagBag from /home/airflow/dags/model_training_dag.py
[2026-04-27T05:25:32.777+0000] {processor.py:840} INFO - DAG(s) 'model_training_pipeline' retrieved from /home/airflow/dags/model_training_dag.py
[2026-04-27T05:25:32.799+0000] {logging_mixin.py:188} INFO - [2026-04-27T05:25:32.799+0000] {dag.py:3036} INFO - Sync 1 DAGs
[2026-04-27T05:25:32.817+0000] {logging_mixin.py:188} INFO - [2026-04-27T05:25:32.817+0000] {dag.py:3823} INFO - Setting next_dagrun for model_training_pipeline to 2026-04-26 00:00:00+00:00, run_after=2026-05-03 00:00:00+00:00
[2026-04-27T05:25:32.840+0000] {processor.py:183} INFO - Processing /home/airflow/dags/model_training_dag.py took 1.104 seconds
[2026-04-27T05:26:02.975+0000] {processor.py:161} INFO - Started process (PID=19290) to work on /home/airflow/dags/model_training_dag.py
[2026-04-27T05:26:02.977+0000] {processor.py:830} INFO - Processing file /home/airflow/dags/model_training_dag.py for tasks to queue
[2026-04-27T05:26:02.978+0000] {logging_mixin.py:188} INFO - [2026-04-27T05:26:02.977+0000] {dagbag.py:538} INFO - Filling up the DagBag from /home/airflow/dags/model_training_dag.py
[2026-04-27T05:26:03.994+0000] {processor.py:840} INFO - DAG(s) 'model_training_pipeline' retrieved from /home/airflow/dags/model_training_dag.py
[2026-04-27T05:26:04.016+0000] {logging_mixin.py:188} INFO - [2026-04-27T05:26:04.015+0000] {dag.py:3036} INFO - Sync 1 DAGs
[2026-04-27T05:26:04.034+0000] {logging_mixin.py:188} INFO - [2026-04-27T05:26:04.033+0000] {dag.py:3823} INFO - Setting next_dagrun for model_training_pipeline to 2026-04-26 00:00:00+00:00, run_after=2026-05-03 00:00:00+00:00
[2026-04-27T05:26:04.069+0000] {processor.py:183} INFO - Processing /home/airflow/dags/model_training_dag.py took 1.097 seconds
[2026-04-27T05:26:34.232+0000] {processor.py:161} INFO - Started process (PID=19335) to work on /home/airflow/dags/model_training_dag.py
[2026-04-27T05:26:34.234+0000] {processor.py:830} INFO - Processing file /home/airflow/dags/model_training_dag.py for tasks to queue
[2026-04-27T05:26:34.235+0000] {logging_mixin.py:188} INFO - [2026-04-27T05:26:34.234+0000] {dagbag.py:538} INFO - Filling up the DagBag from /home/airflow/dags/model_training_dag.py
[2026-04-27T05:26:35.236+0000] {processor.py:840} INFO - DAG(s) 'model_training_pipeline' retrieved from /home/airflow/dags/model_training_dag.py
[2026-04-27T05:26:35.259+0000] {logging_mixin.py:188} INFO - [2026-04-27T05:26:35.258+0000] {dag.py:3036} INFO - Sync 1 DAGs
[2026-04-27T05:26:35.283+0000] {logging_mixin.py:188} INFO - [2026-04-27T05:26:35.283+0000] {dag.py:3823} INFO - Setting next_dagrun for model_training_pipeline to 2026-04-26 00:00:00+00:00, run_after=2026-05-03 00:00:00+00:00
[2026-04-27T05:26:35.307+0000] {processor.py:183} INFO - Processing /home/airflow/dags/model_training_dag.py took 1.078 seconds
[2026-04-27T05:27:05.448+0000] {processor.py:161} INFO - Started process (PID=19380) to work on /home/airflow/dags/model_training_dag.py
[2026-04-27T05:27:05.449+0000] {processor.py:830} INFO - Processing file /home/airflow/dags/model_training_dag.py for tasks to queue
[2026-04-27T05:27:05.450+0000] {logging_mixin.py:188} INFO - [2026-04-27T05:27:05.450+0000] {dagbag.py:538} INFO - Filling up the DagBag from /home/airflow/dags/model_training_dag.py
[2026-04-27T05:27:06.582+0000] {processor.py:840} INFO - DAG(s) 'model_training_pipeline' retrieved from /home/airflow/dags/model_training_dag.py
[2026-04-27T05:27:06.615+0000] {logging_mixin.py:188} INFO - [2026-04-27T05:27:06.614+0000] {dag.py:3036} INFO - Sync 1 DAGs
[2026-04-27T05:27:06.643+0000] {logging_mixin.py:188} INFO - [2026-04-27T05:27:06.642+0000] {dag.py:3823} INFO - Setting next_dagrun for model_training_pipeline to 2026-04-26 00:00:00+00:00, run_after=2026-05-03 00:00:00+00:00
[2026-04-27T05:27:06.671+0000] {processor.py:183} INFO - Processing /home/airflow/dags/model_training_dag.py took 1.226 seconds
[2026-04-27T05:27:37.061+0000] {processor.py:161} INFO - Started process (PID=19425) to work on /home/airflow/dags/model_training_dag.py
[2026-04-27T05:27:37.062+0000] {processor.py:830} INFO - Processing file /home/airflow/dags/model_training_dag.py for tasks to queue
[2026-04-27T05:27:37.064+0000] {logging_mixin.py:188} INFO - [2026-04-27T05:27:37.063+0000] {dagbag.py:538} INFO - Filling up the DagBag from /home/airflow/dags/model_training_dag.py
[2026-04-27T05:27:38.255+0000] {processor.py:840} INFO - DAG(s) 'model_training_pipeline' retrieved from /home/airflow/dags/model_training_dag.py
[2026-04-27T05:27:38.290+0000] {logging_mixin.py:188} INFO - [2026-04-27T05:27:38.289+0000] {dag.py:3036} INFO - Sync 1 DAGs
[2026-04-27T05:27:38.318+0000] {logging_mixin.py:188} INFO - [2026-04-27T05:27:38.318+0000] {dag.py:3823} INFO - Setting next_dagrun for model_training_pipeline to 2026-04-26 00:00:00+00:00, run_after=2026-05-03 00:00:00+00:00
[2026-04-27T05:27:38.350+0000] {processor.py:183} INFO - Processing /home/airflow/dags/model_training_dag.py took 1.293 seconds
[2026-04-27T05:28:08.729+0000] {processor.py:161} INFO - Started process (PID=19470) to work on /home/airflow/dags/model_training_dag.py
[2026-04-27T05:28:08.731+0000] {processor.py:830} INFO - Processing file /home/airflow/dags/model_training_dag.py for tasks to queue
[2026-04-27T05:28:08.733+0000] {logging_mixin.py:188} INFO - [2026-04-27T05:28:08.732+0000] {dagbag.py:538} INFO - Filling up the DagBag from /home/airflow/dags/model_training_dag.py
[2026-04-27T05:28:09.752+0000] {processor.py:840} INFO - DAG(s) 'model_training_pipeline' retrieved from /home/airflow/dags/model_training_dag.py
[2026-04-27T05:28:09.773+0000] {logging_mixin.py:188} INFO - [2026-04-27T05:28:09.773+0000] {dag.py:3036} INFO - Sync 1 DAGs
[2026-04-27T05:28:09.790+0000] {logging_mixin.py:188} INFO - [2026-04-27T05:28:09.790+0000] {dag.py:3823} INFO - Setting next_dagrun for model_training_pipeline to 2026-04-26 00:00:00+00:00, run_after=2026-05-03 00:00:00+00:00
[2026-04-27T05:28:09.812+0000] {processor.py:183} INFO - Processing /home/airflow/dags/model_training_dag.py took 1.087 seconds
[2026-04-27T05:28:40.096+0000] {processor.py:161} INFO - Started process (PID=19515) to work on /home/airflow/dags/model_training_dag.py
[2026-04-27T05:28:40.097+0000] {processor.py:830} INFO - Processing file /home/airflow/dags/model_training_dag.py for tasks to queue
[2026-04-27T05:28:40.098+0000] {logging_mixin.py:188} INFO - [2026-04-27T05:28:40.098+0000] {dagbag.py:538} INFO - Filling up the DagBag from /home/airflow/dags/model_training_dag.py
[2026-04-27T05:28:41.168+0000] {processor.py:840} INFO - DAG(s) 'model_training_pipeline' retrieved from /home/airflow/dags/model_training_dag.py
[2026-04-27T05:28:41.191+0000] {logging_mixin.py:188} INFO - [2026-04-27T05:28:41.191+0000] {dag.py:3036} INFO - Sync 1 DAGs
[2026-04-27T05:28:41.208+0000] {logging_mixin.py:188} INFO - [2026-04-27T05:28:41.208+0000] {dag.py:3823} INFO - Setting next_dagrun for model_training_pipeline to 2026-04-26 00:00:00+00:00, run_after=2026-05-03 00:00:00+00:00
[2026-04-27T05:28:41.232+0000] {processor.py:183} INFO - Processing /home/airflow/dags/model_training_dag.py took 1.140 seconds
[2026-04-27T05:29:11.377+0000] {processor.py:161} INFO - Started process (PID=19560) to work on /home/airflow/dags/model_training_dag.py
[2026-04-27T05:29:11.379+0000] {processor.py:830} INFO - Processing file /home/airflow/dags/model_training_dag.py for tasks to queue
[2026-04-27T05:29:11.380+0000] {logging_mixin.py:188} INFO - [2026-04-27T05:29:11.379+0000] {dagbag.py:538} INFO - Filling up the DagBag from /home/airflow/dags/model_training_dag.py
[2026-04-27T05:29:12.430+0000] {processor.py:840} INFO - DAG(s) 'model_training_pipeline' retrieved from /home/airflow/dags/model_training_dag.py
[2026-04-27T05:29:12.452+0000] {logging_mixin.py:188} INFO - [2026-04-27T05:29:12.451+0000] {dag.py:3036} INFO - Sync 1 DAGs
[2026-04-27T05:29:12.472+0000] {logging_mixin.py:188} INFO - [2026-04-27T05:29:12.472+0000] {dag.py:3823} INFO - Setting next_dagrun for model_training_pipeline to 2026-04-26 00:00:00+00:00, run_after=2026-05-03 00:00:00+00:00
[2026-04-27T05:29:12.495+0000] {processor.py:183} INFO - Processing /home/airflow/dags/model_training_dag.py took 1.121 seconds
[2026-04-27T05:29:42.797+0000] {processor.py:161} INFO - Started process (PID=19605) to work on /home/airflow/dags/model_training_dag.py
[2026-04-27T05:29:42.798+0000] {processor.py:830} INFO - Processing file /home/airflow/dags/model_training_dag.py for tasks to queue
[2026-04-27T05:29:42.799+0000] {logging_mixin.py:188} INFO - [2026-04-27T05:29:42.799+0000] {dagbag.py:538} INFO - Filling up the DagBag from /home/airflow/dags/model_training_dag.py
[2026-04-27T05:29:43.821+0000] {processor.py:840} INFO - DAG(s) 'model_training_pipeline' retrieved from /home/airflow/dags/model_training_dag.py
[2026-04-27T05:29:43.849+0000] {logging_mixin.py:188} INFO - [2026-04-27T05:29:43.848+0000] {dag.py:3036} INFO - Sync 1 DAGs
[2026-04-27T05:29:43.871+0000] {logging_mixin.py:188} INFO - [2026-04-27T05:29:43.871+0000] {dag.py:3823} INFO - Setting next_dagrun for model_training_pipeline to 2026-04-26 00:00:00+00:00, run_after=2026-05-03 00:00:00+00:00
[2026-04-27T05:29:43.894+0000] {processor.py:183} INFO - Processing /home/airflow/dags/model_training_dag.py took 1.101 seconds
[2026-04-27T05:30:14.130+0000] {processor.py:161} INFO - Started process (PID=19650) to work on /home/airflow/dags/model_training_dag.py
[2026-04-27T05:30:14.131+0000] {processor.py:830} INFO - Processing file /home/airflow/dags/model_training_dag.py for tasks to queue
[2026-04-27T05:30:14.132+0000] {logging_mixin.py:188} INFO - [2026-04-27T05:30:14.132+0000] {dagbag.py:538} INFO - Filling up the DagBag from /home/airflow/dags/model_training_dag.py
[2026-04-27T05:30:15.123+0000] {processor.py:840} INFO - DAG(s) 'model_training_pipeline' retrieved from /home/airflow/dags/model_training_dag.py
[2026-04-27T05:30:15.147+0000] {logging_mixin.py:188} INFO - [2026-04-27T05:30:15.146+0000] {dag.py:3036} INFO - Sync 1 DAGs
[2026-04-27T05:30:15.167+0000] {logging_mixin.py:188} INFO - [2026-04-27T05:30:15.166+0000] {dag.py:3823} INFO - Setting next_dagrun for model_training_pipeline to 2026-04-26 00:00:00+00:00, run_after=2026-05-03 00:00:00+00:00
[2026-04-27T05:30:15.189+0000] {processor.py:183} INFO - Processing /home/airflow/dags/model_training_dag.py took 1.063 seconds
[2026-04-27T05:30:45.388+0000] {processor.py:161} INFO - Started process (PID=19695) to work on /home/airflow/dags/model_training_dag.py
[2026-04-27T05:30:45.389+0000] {processor.py:830} INFO - Processing file /home/airflow/dags/model_training_dag.py for tasks to queue
[2026-04-27T05:30:45.390+0000] {logging_mixin.py:188} INFO - [2026-04-27T05:30:45.390+0000] {dagbag.py:538} INFO - Filling up the DagBag from /home/airflow/dags/model_training_dag.py
[2026-04-27T05:30:46.326+0000] {processor.py:840} INFO - DAG(s) 'model_training_pipeline' retrieved from /home/airflow/dags/model_training_dag.py
[2026-04-27T05:30:46.351+0000] {logging_mixin.py:188} INFO - [2026-04-27T05:30:46.350+0000] {dag.py:3036} INFO - Sync 1 DAGs
[2026-04-27T05:30:46.371+0000] {logging_mixin.py:188} INFO - [2026-04-27T05:30:46.371+0000] {dag.py:3823} INFO - Setting next_dagrun for model_training_pipeline to 2026-04-26 00:00:00+00:00, run_after=2026-05-03 00:00:00+00:00
[2026-04-27T05:30:46.396+0000] {processor.py:183} INFO - Processing /home/airflow/dags/model_training_dag.py took 1.011 seconds
[2026-04-27T05:31:16.741+0000] {processor.py:161} INFO - Started process (PID=19740) to work on /home/airflow/dags/model_training_dag.py
[2026-04-27T05:31:16.742+0000] {processor.py:830} INFO - Processing file /home/airflow/dags/model_training_dag.py for tasks to queue
[2026-04-27T05:31:16.743+0000] {logging_mixin.py:188} INFO - [2026-04-27T05:31:16.743+0000] {dagbag.py:538} INFO - Filling up the DagBag from /home/airflow/dags/model_training_dag.py
[2026-04-27T05:31:17.831+0000] {processor.py:840} INFO - DAG(s) 'model_training_pipeline' retrieved from /home/airflow/dags/model_training_dag.py
[2026-04-27T05:31:17.855+0000] {logging_mixin.py:188} INFO - [2026-04-27T05:31:17.854+0000] {dag.py:3036} INFO - Sync 1 DAGs
[2026-04-27T05:31:17.874+0000] {logging_mixin.py:188} INFO - [2026-04-27T05:31:17.874+0000] {dag.py:3823} INFO - Setting next_dagrun for model_training_pipeline to 2026-04-26 00:00:00+00:00, run_after=2026-05-03 00:00:00+00:00
[2026-04-27T05:31:17.896+0000] {processor.py:183} INFO - Processing /home/airflow/dags/model_training_dag.py took 1.159 seconds
[2026-04-27T05:31:48.278+0000] {processor.py:161} INFO - Started process (PID=19785) to work on /home/airflow/dags/model_training_dag.py
[2026-04-27T05:31:48.279+0000] {processor.py:830} INFO - Processing file /home/airflow/dags/model_training_dag.py for tasks to queue
[2026-04-27T05:31:48.280+0000] {logging_mixin.py:188} INFO - [2026-04-27T05:31:48.280+0000] {dagbag.py:538} INFO - Filling up the DagBag from /home/airflow/dags/model_training_dag.py
[2026-04-27T05:31:49.545+0000] {processor.py:840} INFO - DAG(s) 'model_training_pipeline' retrieved from /home/airflow/dags/model_training_dag.py
[2026-04-27T05:31:49.564+0000] {logging_mixin.py:188} INFO - [2026-04-27T05:31:49.564+0000] {dag.py:3036} INFO - Sync 1 DAGs
[2026-04-27T05:31:49.582+0000] {logging_mixin.py:188} INFO - [2026-04-27T05:31:49.582+0000] {dag.py:3823} INFO - Setting next_dagrun for model_training_pipeline to 2026-04-26 00:00:00+00:00, run_after=2026-05-03 00:00:00+00:00
[2026-04-27T05:31:49.617+0000] {processor.py:183} INFO - Processing /home/airflow/dags/model_training_dag.py took 1.343 seconds
[2026-04-27T05:32:19.915+0000] {processor.py:161} INFO - Started process (PID=19830) to work on /home/airflow/dags/model_training_dag.py
[2026-04-27T05:32:19.916+0000] {processor.py:830} INFO - Processing file /home/airflow/dags/model_training_dag.py for tasks to queue
[2026-04-27T05:32:19.918+0000] {logging_mixin.py:188} INFO - [2026-04-27T05:32:19.917+0000] {dagbag.py:538} INFO - Filling up the DagBag from /home/airflow/dags/model_training_dag.py
[2026-04-27T05:32:20.847+0000] {processor.py:840} INFO - DAG(s) 'model_training_pipeline' retrieved from /home/airflow/dags/model_training_dag.py
[2026-04-27T05:32:20.875+0000] {logging_mixin.py:188} INFO - [2026-04-27T05:32:20.874+0000] {dag.py:3036} INFO - Sync 1 DAGs
[2026-04-27T05:32:20.895+0000] {logging_mixin.py:188} INFO - [2026-04-27T05:32:20.895+0000] {dag.py:3823} INFO - Setting next_dagrun for model_training_pipeline to 2026-04-26 00:00:00+00:00, run_after=2026-05-03 00:00:00+00:00
[2026-04-27T05:32:20.924+0000] {processor.py:183} INFO - Processing /home/airflow/dags/model_training_dag.py took 1.012 seconds
[2026-04-27T05:32:51.267+0000] {processor.py:161} INFO - Started process (PID=19875) to work on /home/airflow/dags/model_training_dag.py
[2026-04-27T05:32:51.269+0000] {processor.py:830} INFO - Processing file /home/airflow/dags/model_training_dag.py for tasks to queue
[2026-04-27T05:32:51.270+0000] {logging_mixin.py:188} INFO - [2026-04-27T05:32:51.270+0000] {dagbag.py:538} INFO - Filling up the DagBag from /home/airflow/dags/model_training_dag.py
[2026-04-27T05:32:52.329+0000] {processor.py:840} INFO - DAG(s) 'model_training_pipeline' retrieved from /home/airflow/dags/model_training_dag.py
[2026-04-27T05:32:52.354+0000] {logging_mixin.py:188} INFO - [2026-04-27T05:32:52.353+0000] {dag.py:3036} INFO - Sync 1 DAGs
[2026-04-27T05:32:52.381+0000] {logging_mixin.py:188} INFO - [2026-04-27T05:32:52.380+0000] {dag.py:3823} INFO - Setting next_dagrun for model_training_pipeline to 2026-04-26 00:00:00+00:00, run_after=2026-05-03 00:00:00+00:00
[2026-04-27T05:32:52.408+0000] {processor.py:183} INFO - Processing /home/airflow/dags/model_training_dag.py took 1.144 seconds
[2026-04-27T05:33:22.691+0000] {processor.py:161} INFO - Started process (PID=19920) to work on /home/airflow/dags/model_training_dag.py
[2026-04-27T05:33:22.693+0000] {processor.py:830} INFO - Processing file /home/airflow/dags/model_training_dag.py for tasks to queue
[2026-04-27T05:33:22.694+0000] {logging_mixin.py:188} INFO - [2026-04-27T05:33:22.693+0000] {dagbag.py:538} INFO - Filling up the DagBag from /home/airflow/dags/model_training_dag.py
[2026-04-27T05:33:23.600+0000] {processor.py:840} INFO - DAG(s) 'model_training_pipeline' retrieved from /home/airflow/dags/model_training_dag.py
[2026-04-27T05:33:23.622+0000] {logging_mixin.py:188} INFO - [2026-04-27T05:33:23.622+0000] {dag.py:3036} INFO - Sync 1 DAGs
[2026-04-27T05:33:23.641+0000] {logging_mixin.py:188} INFO - [2026-04-27T05:33:23.641+0000] {dag.py:3823} INFO - Setting next_dagrun for model_training_pipeline to 2026-04-26 00:00:00+00:00, run_after=2026-05-03 00:00:00+00:00
[2026-04-27T05:33:23.662+0000] {processor.py:183} INFO - Processing /home/airflow/dags/model_training_dag.py took 0.974 seconds
[2026-04-27T05:33:53.947+0000] {processor.py:161} INFO - Started process (PID=19965) to work on /home/airflow/dags/model_training_dag.py
[2026-04-27T05:33:53.948+0000] {processor.py:830} INFO - Processing file /home/airflow/dags/model_training_dag.py for tasks to queue
[2026-04-27T05:33:53.949+0000] {logging_mixin.py:188} INFO - [2026-04-27T05:33:53.949+0000] {dagbag.py:538} INFO - Filling up the DagBag from /home/airflow/dags/model_training_dag.py
[2026-04-27T05:33:55.005+0000] {processor.py:840} INFO - DAG(s) 'model_training_pipeline' retrieved from /home/airflow/dags/model_training_dag.py
[2026-04-27T05:33:55.031+0000] {logging_mixin.py:188} INFO - [2026-04-27T05:33:55.030+0000] {dag.py:3036} INFO - Sync 1 DAGs
[2026-04-27T05:33:55.051+0000] {logging_mixin.py:188} INFO - [2026-04-27T05:33:55.051+0000] {dag.py:3823} INFO - Setting next_dagrun for model_training_pipeline to 2026-04-26 00:00:00+00:00, run_after=2026-05-03 00:00:00+00:00
[2026-04-27T05:33:55.074+0000] {processor.py:183} INFO - Processing /home/airflow/dags/model_training_dag.py took 1.131 seconds
[2026-04-27T05:34:25.300+0000] {processor.py:161} INFO - Started process (PID=20010) to work on /home/airflow/dags/model_training_dag.py
[2026-04-27T05:34:25.302+0000] {processor.py:830} INFO - Processing file /home/airflow/dags/model_training_dag.py for tasks to queue
[2026-04-27T05:34:25.303+0000] {logging_mixin.py:188} INFO - [2026-04-27T05:34:25.302+0000] {dagbag.py:538} INFO - Filling up the DagBag from /home/airflow/dags/model_training_dag.py
[2026-04-27T05:34:26.316+0000] {processor.py:840} INFO - DAG(s) 'model_training_pipeline' retrieved from /home/airflow/dags/model_training_dag.py
[2026-04-27T05:34:26.345+0000] {logging_mixin.py:188} INFO - [2026-04-27T05:34:26.344+0000] {dag.py:3036} INFO - Sync 1 DAGs
[2026-04-27T05:34:26.366+0000] {logging_mixin.py:188} INFO - [2026-04-27T05:34:26.366+0000] {dag.py:3823} INFO - Setting next_dagrun for model_training_pipeline to 2026-04-26 00:00:00+00:00, run_after=2026-05-03 00:00:00+00:00
[2026-04-27T05:34:26.394+0000] {processor.py:183} INFO - Processing /home/airflow/dags/model_training_dag.py took 1.096 seconds
[2026-04-27T05:34:56.567+0000] {processor.py:161} INFO - Started process (PID=20055) to work on /home/airflow/dags/model_training_dag.py
[2026-04-27T05:34:56.568+0000] {processor.py:830} INFO - Processing file /home/airflow/dags/model_training_dag.py for tasks to queue
[2026-04-27T05:34:56.569+0000] {logging_mixin.py:188} INFO - [2026-04-27T05:34:56.569+0000] {dagbag.py:538} INFO - Filling up the DagBag from /home/airflow/dags/model_training_dag.py
[2026-04-27T05:34:57.701+0000] {processor.py:840} INFO - DAG(s) 'model_training_pipeline' retrieved from /home/airflow/dags/model_training_dag.py
[2026-04-27T05:34:57.728+0000] {logging_mixin.py:188} INFO - [2026-04-27T05:34:57.728+0000] {dag.py:3036} INFO - Sync 1 DAGs
[2026-04-27T05:34:57.757+0000] {logging_mixin.py:188} INFO - [2026-04-27T05:34:57.757+0000] {dag.py:3823} INFO - Setting next_dagrun for model_training_pipeline to 2026-04-26 00:00:00+00:00, run_after=2026-05-03 00:00:00+00:00
[2026-04-27T05:34:57.784+0000] {processor.py:183} INFO - Processing /home/airflow/dags/model_training_dag.py took 1.220 seconds
[2026-04-27T05:35:27.997+0000] {processor.py:161} INFO - Started process (PID=20100) to work on /home/airflow/dags/model_training_dag.py
[2026-04-27T05:35:27.998+0000] {processor.py:830} INFO - Processing file /home/airflow/dags/model_training_dag.py for tasks to queue
[2026-04-27T05:35:27.999+0000] {logging_mixin.py:188} INFO - [2026-04-27T05:35:27.999+0000] {dagbag.py:538} INFO - Filling up the DagBag from /home/airflow/dags/model_training_dag.py
[2026-04-27T05:35:28.933+0000] {processor.py:840} INFO - DAG(s) 'model_training_pipeline' retrieved from /home/airflow/dags/model_training_dag.py
[2026-04-27T05:35:28.955+0000] {logging_mixin.py:188} INFO - [2026-04-27T05:35:28.955+0000] {dag.py:3036} INFO - Sync 1 DAGs
[2026-04-27T05:35:28.973+0000] {logging_mixin.py:188} INFO - [2026-04-27T05:35:28.972+0000] {dag.py:3823} INFO - Setting next_dagrun for model_training_pipeline to 2026-04-26 00:00:00+00:00, run_after=2026-05-03 00:00:00+00:00
[2026-04-27T05:35:28.993+0000] {processor.py:183} INFO - Processing /home/airflow/dags/model_training_dag.py took 1.000 seconds
[2026-04-27T05:35:59.346+0000] {processor.py:161} INFO - Started process (PID=20145) to work on /home/airflow/dags/model_training_dag.py
[2026-04-27T05:35:59.347+0000] {processor.py:830} INFO - Processing file /home/airflow/dags/model_training_dag.py for tasks to queue
[2026-04-27T05:35:59.349+0000] {logging_mixin.py:188} INFO - [2026-04-27T05:35:59.348+0000] {dagbag.py:538} INFO - Filling up the DagBag from /home/airflow/dags/model_training_dag.py
[2026-04-27T05:36:00.315+0000] {processor.py:840} INFO - DAG(s) 'model_training_pipeline' retrieved from /home/airflow/dags/model_training_dag.py
[2026-04-27T05:36:00.339+0000] {logging_mixin.py:188} INFO - [2026-04-27T05:36:00.338+0000] {dag.py:3036} INFO - Sync 1 DAGs
[2026-04-27T05:36:00.358+0000] {logging_mixin.py:188} INFO - [2026-04-27T05:36:00.357+0000] {dag.py:3823} INFO - Setting next_dagrun for model_training_pipeline to 2026-04-26 00:00:00+00:00, run_after=2026-05-03 00:00:00+00:00
[2026-04-27T05:36:00.381+0000] {processor.py:183} INFO - Processing /home/airflow/dags/model_training_dag.py took 1.039 seconds
[2026-04-27T05:36:30.608+0000] {processor.py:161} INFO - Started process (PID=20190) to work on /home/airflow/dags/model_training_dag.py
[2026-04-27T05:36:30.609+0000] {processor.py:830} INFO - Processing file /home/airflow/dags/model_training_dag.py for tasks to queue
[2026-04-27T05:36:30.610+0000] {logging_mixin.py:188} INFO - [2026-04-27T05:36:30.610+0000] {dagbag.py:538} INFO - Filling up the DagBag from /home/airflow/dags/model_training_dag.py
[2026-04-27T05:36:31.538+0000] {processor.py:840} INFO - DAG(s) 'model_training_pipeline' retrieved from /home/airflow/dags/model_training_dag.py
[2026-04-27T05:36:31.561+0000] {logging_mixin.py:188} INFO - [2026-04-27T05:36:31.561+0000] {dag.py:3036} INFO - Sync 1 DAGs
[2026-04-27T05:36:31.581+0000] {logging_mixin.py:188} INFO - [2026-04-27T05:36:31.580+0000] {dag.py:3823} INFO - Setting next_dagrun for model_training_pipeline to 2026-04-26 00:00:00+00:00, run_after=2026-05-03 00:00:00+00:00
[2026-04-27T05:36:31.605+0000] {processor.py:183} INFO - Processing /home/airflow/dags/model_training_dag.py took 1.001 seconds
[2026-04-27T05:37:01.898+0000] {processor.py:161} INFO - Started process (PID=20235) to work on /home/airflow/dags/model_training_dag.py
[2026-04-27T05:37:01.899+0000] {processor.py:830} INFO - Processing file /home/airflow/dags/model_training_dag.py for tasks to queue
[2026-04-27T05:37:01.900+0000] {logging_mixin.py:188} INFO - [2026-04-27T05:37:01.900+0000] {dagbag.py:538} INFO - Filling up the DagBag from /home/airflow/dags/model_training_dag.py
[2026-04-27T05:37:02.849+0000] {processor.py:840} INFO - DAG(s) 'model_training_pipeline' retrieved from /home/airflow/dags/model_training_dag.py
[2026-04-27T05:37:02.871+0000] {logging_mixin.py:188} INFO - [2026-04-27T05:37:02.871+0000] {dag.py:3036} INFO - Sync 1 DAGs
[2026-04-27T05:37:02.889+0000] {logging_mixin.py:188} INFO - [2026-04-27T05:37:02.889+0000] {dag.py:3823} INFO - Setting next_dagrun for model_training_pipeline to 2026-04-26 00:00:00+00:00, run_after=2026-05-03 00:00:00+00:00
[2026-04-27T05:37:02.912+0000] {processor.py:183} INFO - Processing /home/airflow/dags/model_training_dag.py took 1.019 seconds
[2026-04-27T05:37:33.067+0000] {processor.py:161} INFO - Started process (PID=20280) to work on /home/airflow/dags/model_training_dag.py
[2026-04-27T05:37:33.069+0000] {processor.py:830} INFO - Processing file /home/airflow/dags/model_training_dag.py for tasks to queue
[2026-04-27T05:37:33.070+0000] {logging_mixin.py:188} INFO - [2026-04-27T05:37:33.069+0000] {dagbag.py:538} INFO - Filling up the DagBag from /home/airflow/dags/model_training_dag.py
[2026-04-27T05:37:34.119+0000] {processor.py:840} INFO - DAG(s) 'model_training_pipeline' retrieved from /home/airflow/dags/model_training_dag.py
[2026-04-27T05:37:34.143+0000] {logging_mixin.py:188} INFO - [2026-04-27T05:37:34.142+0000] {dag.py:3036} INFO - Sync 1 DAGs
[2026-04-27T05:37:34.165+0000] {logging_mixin.py:188} INFO - [2026-04-27T05:37:34.165+0000] {dag.py:3823} INFO - Setting next_dagrun for model_training_pipeline to 2026-04-26 00:00:00+00:00, run_after=2026-05-03 00:00:00+00:00
[2026-04-27T05:37:34.186+0000] {processor.py:183} INFO - Processing /home/airflow/dags/model_training_dag.py took 1.122 seconds
[2026-04-27T05:38:04.436+0000] {processor.py:161} INFO - Started process (PID=20325) to work on /home/airflow/dags/model_training_dag.py
[2026-04-27T05:38:04.438+0000] {processor.py:830} INFO - Processing file /home/airflow/dags/model_training_dag.py for tasks to queue
[2026-04-27T05:38:04.439+0000] {logging_mixin.py:188} INFO - [2026-04-27T05:38:04.438+0000] {dagbag.py:538} INFO - Filling up the DagBag from /home/airflow/dags/model_training_dag.py
[2026-04-27T05:38:05.500+0000] {processor.py:840} INFO - DAG(s) 'model_training_pipeline' retrieved from /home/airflow/dags/model_training_dag.py
[2026-04-27T05:38:05.526+0000] {logging_mixin.py:188} INFO - [2026-04-27T05:38:05.526+0000] {dag.py:3036} INFO - Sync 1 DAGs
[2026-04-27T05:38:05.547+0000] {logging_mixin.py:188} INFO - [2026-04-27T05:38:05.547+0000] {dag.py:3823} INFO - Setting next_dagrun for model_training_pipeline to 2026-04-26 00:00:00+00:00, run_after=2026-05-03 00:00:00+00:00
[2026-04-27T05:38:05.574+0000] {processor.py:183} INFO - Processing /home/airflow/dags/model_training_dag.py took 1.142 seconds
[2026-04-27T05:38:35.856+0000] {processor.py:161} INFO - Started process (PID=20370) to work on /home/airflow/dags/model_training_dag.py
[2026-04-27T05:38:35.857+0000] {processor.py:830} INFO - Processing file /home/airflow/dags/model_training_dag.py for tasks to queue
[2026-04-27T05:38:35.859+0000] {logging_mixin.py:188} INFO - [2026-04-27T05:38:35.858+0000] {dagbag.py:538} INFO - Filling up the DagBag from /home/airflow/dags/model_training_dag.py
[2026-04-27T05:38:36.876+0000] {processor.py:840} INFO - DAG(s) 'model_training_pipeline' retrieved from /home/airflow/dags/model_training_dag.py
[2026-04-27T05:38:36.900+0000] {logging_mixin.py:188} INFO - [2026-04-27T05:38:36.899+0000] {dag.py:3036} INFO - Sync 1 DAGs
[2026-04-27T05:38:36.918+0000] {logging_mixin.py:188} INFO - [2026-04-27T05:38:36.918+0000] {dag.py:3823} INFO - Setting next_dagrun for model_training_pipeline to 2026-04-26 00:00:00+00:00, run_after=2026-05-03 00:00:00+00:00
[2026-04-27T05:38:36.943+0000] {processor.py:183} INFO - Processing /home/airflow/dags/model_training_dag.py took 1.091 seconds
[2026-04-27T05:39:07.310+0000] {processor.py:161} INFO - Started process (PID=20415) to work on /home/airflow/dags/model_training_dag.py
[2026-04-27T05:39:07.313+0000] {processor.py:830} INFO - Processing file /home/airflow/dags/model_training_dag.py for tasks to queue
[2026-04-27T05:39:07.315+0000] {logging_mixin.py:188} INFO - [2026-04-27T05:39:07.314+0000] {dagbag.py:538} INFO - Filling up the DagBag from /home/airflow/dags/model_training_dag.py
[2026-04-27T05:39:08.545+0000] {processor.py:840} INFO - DAG(s) 'model_training_pipeline' retrieved from /home/airflow/dags/model_training_dag.py
[2026-04-27T05:39:08.572+0000] {logging_mixin.py:188} INFO - [2026-04-27T05:39:08.572+0000] {dag.py:3036} INFO - Sync 1 DAGs
[2026-04-27T05:39:08.597+0000] {logging_mixin.py:188} INFO - [2026-04-27T05:39:08.596+0000] {dag.py:3823} INFO - Setting next_dagrun for model_training_pipeline to 2026-04-26 00:00:00+00:00, run_after=2026-05-03 00:00:00+00:00
[2026-04-27T05:39:08.627+0000] {processor.py:183} INFO - Processing /home/airflow/dags/model_training_dag.py took 1.322 seconds
[2026-04-27T05:39:39.003+0000] {processor.py:161} INFO - Started process (PID=20460) to work on /home/airflow/dags/model_training_dag.py
[2026-04-27T05:39:39.004+0000] {processor.py:830} INFO - Processing file /home/airflow/dags/model_training_dag.py for tasks to queue
[2026-04-27T05:39:39.005+0000] {logging_mixin.py:188} INFO - [2026-04-27T05:39:39.005+0000] {dagbag.py:538} INFO - Filling up the DagBag from /home/airflow/dags/model_training_dag.py
[2026-04-27T05:39:40.270+0000] {processor.py:840} INFO - DAG(s) 'model_training_pipeline' retrieved from /home/airflow/dags/model_training_dag.py
[2026-04-27T05:39:40.297+0000] {logging_mixin.py:188} INFO - [2026-04-27T05:39:40.296+0000] {dag.py:3036} INFO - Sync 1 DAGs
[2026-04-27T05:39:40.317+0000] {logging_mixin.py:188} INFO - [2026-04-27T05:39:40.316+0000] {dag.py:3823} INFO - Setting next_dagrun for model_training_pipeline to 2026-04-26 00:00:00+00:00, run_after=2026-05-03 00:00:00+00:00
[2026-04-27T05:39:40.336+0000] {processor.py:183} INFO - Processing /home/airflow/dags/model_training_dag.py took 1.337 seconds
[2026-04-27T05:40:10.780+0000] {processor.py:161} INFO - Started process (PID=20505) to work on /home/airflow/dags/model_training_dag.py
[2026-04-27T05:40:10.781+0000] {processor.py:830} INFO - Processing file /home/airflow/dags/model_training_dag.py for tasks to queue
[2026-04-27T05:40:10.783+0000] {logging_mixin.py:188} INFO - [2026-04-27T05:40:10.782+0000] {dagbag.py:538} INFO - Filling up the DagBag from /home/airflow/dags/model_training_dag.py
[2026-04-27T05:40:11.760+0000] {processor.py:840} INFO - DAG(s) 'model_training_pipeline' retrieved from /home/airflow/dags/model_training_dag.py
[2026-04-27T05:40:11.787+0000] {logging_mixin.py:188} INFO - [2026-04-27T05:40:11.787+0000] {dag.py:3036} INFO - Sync 1 DAGs
[2026-04-27T05:40:11.808+0000] {logging_mixin.py:188} INFO - [2026-04-27T05:40:11.808+0000] {dag.py:3823} INFO - Setting next_dagrun for model_training_pipeline to 2026-04-26 00:00:00+00:00, run_after=2026-05-03 00:00:00+00:00
[2026-04-27T05:40:11.828+0000] {processor.py:183} INFO - Processing /home/airflow/dags/model_training_dag.py took 1.052 seconds
[2026-04-27T05:40:42.086+0000] {processor.py:161} INFO - Started process (PID=20550) to work on /home/airflow/dags/model_training_dag.py
[2026-04-27T05:40:42.087+0000] {processor.py:830} INFO - Processing file /home/airflow/dags/model_training_dag.py for tasks to queue
[2026-04-27T05:40:42.088+0000] {logging_mixin.py:188} INFO - [2026-04-27T05:40:42.088+0000] {dagbag.py:538} INFO - Filling up the DagBag from /home/airflow/dags/model_training_dag.py
[2026-04-27T05:40:43.114+0000] {processor.py:840} INFO - DAG(s) 'model_training_pipeline' retrieved from /home/airflow/dags/model_training_dag.py
[2026-04-27T05:40:43.138+0000] {logging_mixin.py:188} INFO - [2026-04-27T05:40:43.138+0000] {dag.py:3036} INFO - Sync 1 DAGs
[2026-04-27T05:40:43.157+0000] {logging_mixin.py:188} INFO - [2026-04-27T05:40:43.157+0000] {dag.py:3823} INFO - Setting next_dagrun for model_training_pipeline to 2026-04-26 00:00:00+00:00, run_after=2026-05-03 00:00:00+00:00
[2026-04-27T05:40:43.179+0000] {processor.py:183} INFO - Processing /home/airflow/dags/model_training_dag.py took 1.096 seconds
[2026-04-27T05:41:13.419+0000] {processor.py:161} INFO - Started process (PID=20595) to work on /home/airflow/dags/model_training_dag.py
[2026-04-27T05:41:13.420+0000] {processor.py:830} INFO - Processing file /home/airflow/dags/model_training_dag.py for tasks to queue
[2026-04-27T05:41:13.421+0000] {logging_mixin.py:188} INFO - [2026-04-27T05:41:13.421+0000] {dagbag.py:538} INFO - Filling up the DagBag from /home/airflow/dags/model_training_dag.py
[2026-04-27T05:41:14.427+0000] {processor.py:840} INFO - DAG(s) 'model_training_pipeline' retrieved from /home/airflow/dags/model_training_dag.py
[2026-04-27T05:41:14.451+0000] {logging_mixin.py:188} INFO - [2026-04-27T05:41:14.451+0000] {dag.py:3036} INFO - Sync 1 DAGs
[2026-04-27T05:41:14.469+0000] {logging_mixin.py:188} INFO - [2026-04-27T05:41:14.469+0000] {dag.py:3823} INFO - Setting next_dagrun for model_training_pipeline to 2026-04-26 00:00:00+00:00, run_after=2026-05-03 00:00:00+00:00
[2026-04-27T05:41:14.493+0000] {processor.py:183} INFO - Processing /home/airflow/dags/model_training_dag.py took 1.078 seconds
[2026-04-27T05:41:44.681+0000] {processor.py:161} INFO - Started process (PID=20640) to work on /home/airflow/dags/model_training_dag.py
[2026-04-27T05:41:44.682+0000] {processor.py:830} INFO - Processing file /home/airflow/dags/model_training_dag.py for tasks to queue
[2026-04-27T05:41:44.683+0000] {logging_mixin.py:188} INFO - [2026-04-27T05:41:44.683+0000] {dagbag.py:538} INFO - Filling up the DagBag from /home/airflow/dags/model_training_dag.py
[2026-04-27T05:41:45.649+0000] {processor.py:840} INFO - DAG(s) 'model_training_pipeline' retrieved from /home/airflow/dags/model_training_dag.py
[2026-04-27T05:41:45.675+0000] {logging_mixin.py:188} INFO - [2026-04-27T05:41:45.675+0000] {dag.py:3036} INFO - Sync 1 DAGs
[2026-04-27T05:41:45.697+0000] {logging_mixin.py:188} INFO - [2026-04-27T05:41:45.697+0000] {dag.py:3823} INFO - Setting next_dagrun for model_training_pipeline to 2026-04-26 00:00:00+00:00, run_after=2026-05-03 00:00:00+00:00
[2026-04-27T05:41:45.719+0000] {processor.py:183} INFO - Processing /home/airflow/dags/model_training_dag.py took 1.041 seconds
[2026-04-27T05:42:16.096+0000] {processor.py:161} INFO - Started process (PID=20685) to work on /home/airflow/dags/model_training_dag.py
[2026-04-27T05:42:16.098+0000] {processor.py:830} INFO - Processing file /home/airflow/dags/model_training_dag.py for tasks to queue
[2026-04-27T05:42:16.100+0000] {logging_mixin.py:188} INFO - [2026-04-27T05:42:16.100+0000] {dagbag.py:538} INFO - Filling up the DagBag from /home/airflow/dags/model_training_dag.py
[2026-04-27T05:42:17.066+0000] {processor.py:840} INFO - DAG(s) 'model_training_pipeline' retrieved from /home/airflow/dags/model_training_dag.py
[2026-04-27T05:42:17.089+0000] {logging_mixin.py:188} INFO - [2026-04-27T05:42:17.088+0000] {dag.py:3036} INFO - Sync 1 DAGs
[2026-04-27T05:42:17.110+0000] {logging_mixin.py:188} INFO - [2026-04-27T05:42:17.110+0000] {dag.py:3823} INFO - Setting next_dagrun for model_training_pipeline to 2026-04-26 00:00:00+00:00, run_after=2026-05-03 00:00:00+00:00
[2026-04-27T05:42:17.136+0000] {processor.py:183} INFO - Processing /home/airflow/dags/model_training_dag.py took 1.045 seconds
[2026-04-27T05:42:47.469+0000] {processor.py:161} INFO - Started process (PID=20734) to work on /home/airflow/dags/model_training_dag.py
[2026-04-27T05:42:47.470+0000] {processor.py:830} INFO - Processing file /home/airflow/dags/model_training_dag.py for tasks to queue
[2026-04-27T05:42:47.471+0000] {logging_mixin.py:188} INFO - [2026-04-27T05:42:47.470+0000] {dagbag.py:538} INFO - Filling up the DagBag from /home/airflow/dags/model_training_dag.py
[2026-04-27T05:42:48.608+0000] {processor.py:840} INFO - DAG(s) 'model_training_pipeline' retrieved from /home/airflow/dags/model_training_dag.py
[2026-04-27T05:42:48.630+0000] {logging_mixin.py:188} INFO - [2026-04-27T05:42:48.629+0000] {dag.py:3036} INFO - Sync 1 DAGs
[2026-04-27T05:42:48.647+0000] {logging_mixin.py:188} INFO - [2026-04-27T05:42:48.647+0000] {dag.py:3823} INFO - Setting next_dagrun for model_training_pipeline to 2026-04-26 00:00:00+00:00, run_after=2026-05-03 00:00:00+00:00
[2026-04-27T05:42:48.668+0000] {processor.py:183} INFO - Processing /home/airflow/dags/model_training_dag.py took 1.203 seconds
[2026-04-27T05:43:19.027+0000] {processor.py:161} INFO - Started process (PID=20775) to work on /home/airflow/dags/model_training_dag.py
[2026-04-27T05:43:19.029+0000] {processor.py:830} INFO - Processing file /home/airflow/dags/model_training_dag.py for tasks to queue
[2026-04-27T05:43:19.030+0000] {logging_mixin.py:188} INFO - [2026-04-27T05:43:19.029+0000] {dagbag.py:538} INFO - Filling up the DagBag from /home/airflow/dags/model_training_dag.py
[2026-04-27T05:43:20.097+0000] {processor.py:840} INFO - DAG(s) 'model_training_pipeline' retrieved from /home/airflow/dags/model_training_dag.py
[2026-04-27T05:43:20.121+0000] {logging_mixin.py:188} INFO - [2026-04-27T05:43:20.120+0000] {dag.py:3036} INFO - Sync 1 DAGs
[2026-04-27T05:43:20.141+0000] {logging_mixin.py:188} INFO - [2026-04-27T05:43:20.140+0000] {dag.py:3823} INFO - Setting next_dagrun for model_training_pipeline to 2026-04-26 00:00:00+00:00, run_after=2026-05-03 00:00:00+00:00
[2026-04-27T05:43:20.160+0000] {processor.py:183} INFO - Processing /home/airflow/dags/model_training_dag.py took 1.136 seconds
[2026-04-27T05:43:50.668+0000] {processor.py:161} INFO - Started process (PID=20820) to work on /home/airflow/dags/model_training_dag.py
[2026-04-27T05:43:50.672+0000] {processor.py:830} INFO - Processing file /home/airflow/dags/model_training_dag.py for tasks to queue
[2026-04-27T05:43:50.674+0000] {logging_mixin.py:188} INFO - [2026-04-27T05:43:50.673+0000] {dagbag.py:538} INFO - Filling up the DagBag from /home/airflow/dags/model_training_dag.py
[2026-04-27T05:43:53.157+0000] {processor.py:840} INFO - DAG(s) 'model_training_pipeline' retrieved from /home/airflow/dags/model_training_dag.py
[2026-04-27T05:43:53.190+0000] {logging_mixin.py:188} INFO - [2026-04-27T05:43:53.190+0000] {dag.py:3036} INFO - Sync 1 DAGs
[2026-04-27T05:43:53.231+0000] {logging_mixin.py:188} INFO - [2026-04-27T05:43:53.230+0000] {dag.py:3823} INFO - Setting next_dagrun for model_training_pipeline to 2026-04-26 00:00:00+00:00, run_after=2026-05-03 00:00:00+00:00
[2026-04-27T05:43:53.270+0000] {processor.py:183} INFO - Processing /home/airflow/dags/model_training_dag.py took 2.606 seconds
[2026-04-27T05:44:23.730+0000] {processor.py:161} INFO - Started process (PID=20865) to work on /home/airflow/dags/model_training_dag.py
[2026-04-27T05:44:23.731+0000] {processor.py:830} INFO - Processing file /home/airflow/dags/model_training_dag.py for tasks to queue
[2026-04-27T05:44:23.732+0000] {logging_mixin.py:188} INFO - [2026-04-27T05:44:23.732+0000] {dagbag.py:538} INFO - Filling up the DagBag from /home/airflow/dags/model_training_dag.py
[2026-04-27T05:44:24.883+0000] {processor.py:840} INFO - DAG(s) 'model_training_pipeline' retrieved from /home/airflow/dags/model_training_dag.py
[2026-04-27T05:44:24.909+0000] {logging_mixin.py:188} INFO - [2026-04-27T05:44:24.909+0000] {dag.py:3036} INFO - Sync 1 DAGs
[2026-04-27T05:44:24.933+0000] {logging_mixin.py:188} INFO - [2026-04-27T05:44:24.933+0000] {dag.py:3823} INFO - Setting next_dagrun for model_training_pipeline to 2026-04-26 00:00:00+00:00, run_after=2026-05-03 00:00:00+00:00
[2026-04-27T05:44:24.963+0000] {processor.py:183} INFO - Processing /home/airflow/dags/model_training_dag.py took 1.237 seconds
[2026-04-27T05:44:55.403+0000] {processor.py:161} INFO - Started process (PID=20910) to work on /home/airflow/dags/model_training_dag.py
[2026-04-27T05:44:55.405+0000] {processor.py:830} INFO - Processing file /home/airflow/dags/model_training_dag.py for tasks to queue
[2026-04-27T05:44:55.406+0000] {logging_mixin.py:188} INFO - [2026-04-27T05:44:55.406+0000] {dagbag.py:538} INFO - Filling up the DagBag from /home/airflow/dags/model_training_dag.py
[2026-04-27T05:44:56.465+0000] {processor.py:840} INFO - DAG(s) 'model_training_pipeline' retrieved from /home/airflow/dags/model_training_dag.py
[2026-04-27T05:44:56.490+0000] {logging_mixin.py:188} INFO - [2026-04-27T05:44:56.490+0000] {dag.py:3036} INFO - Sync 1 DAGs
[2026-04-27T05:44:56.513+0000] {logging_mixin.py:188} INFO - [2026-04-27T05:44:56.513+0000] {dag.py:3823} INFO - Setting next_dagrun for model_training_pipeline to 2026-04-26 00:00:00+00:00, run_after=2026-05-03 00:00:00+00:00
[2026-04-27T05:44:56.539+0000] {processor.py:183} INFO - Processing /home/airflow/dags/model_training_dag.py took 1.139 seconds
[2026-04-27T05:45:26.863+0000] {processor.py:161} INFO - Started process (PID=20955) to work on /home/airflow/dags/model_training_dag.py
[2026-04-27T05:45:26.865+0000] {processor.py:830} INFO - Processing file /home/airflow/dags/model_training_dag.py for tasks to queue
[2026-04-27T05:45:26.866+0000] {logging_mixin.py:188} INFO - [2026-04-27T05:45:26.866+0000] {dagbag.py:538} INFO - Filling up the DagBag from /home/airflow/dags/model_training_dag.py
[2026-04-27T05:45:27.943+0000] {processor.py:840} INFO - DAG(s) 'model_training_pipeline' retrieved from /home/airflow/dags/model_training_dag.py
[2026-04-27T05:45:27.969+0000] {logging_mixin.py:188} INFO - [2026-04-27T05:45:27.969+0000] {dag.py:3036} INFO - Sync 1 DAGs
[2026-04-27T05:45:27.995+0000] {logging_mixin.py:188} INFO - [2026-04-27T05:45:27.994+0000] {dag.py:3823} INFO - Setting next_dagrun for model_training_pipeline to 2026-04-26 00:00:00+00:00, run_after=2026-05-03 00:00:00+00:00
[2026-04-27T05:45:28.024+0000] {processor.py:183} INFO - Processing /home/airflow/dags/model_training_dag.py took 1.165 seconds
[2026-04-27T05:45:58.350+0000] {processor.py:161} INFO - Started process (PID=21000) to work on /home/airflow/dags/model_training_dag.py
[2026-04-27T05:45:58.352+0000] {processor.py:830} INFO - Processing file /home/airflow/dags/model_training_dag.py for tasks to queue
[2026-04-27T05:45:58.353+0000] {logging_mixin.py:188} INFO - [2026-04-27T05:45:58.352+0000] {dagbag.py:538} INFO - Filling up the DagBag from /home/airflow/dags/model_training_dag.py
[2026-04-27T05:45:59.551+0000] {processor.py:840} INFO - DAG(s) 'model_training_pipeline' retrieved from /home/airflow/dags/model_training_dag.py
[2026-04-27T05:45:59.578+0000] {logging_mixin.py:188} INFO - [2026-04-27T05:45:59.577+0000] {dag.py:3036} INFO - Sync 1 DAGs
[2026-04-27T05:45:59.603+0000] {logging_mixin.py:188} INFO - [2026-04-27T05:45:59.603+0000] {dag.py:3823} INFO - Setting next_dagrun for model_training_pipeline to 2026-04-26 00:00:00+00:00, run_after=2026-05-03 00:00:00+00:00
[2026-04-27T05:45:59.635+0000] {processor.py:183} INFO - Processing /home/airflow/dags/model_training_dag.py took 1.288 seconds
[2026-04-27T05:46:30.021+0000] {processor.py:161} INFO - Started process (PID=21045) to work on /home/airflow/dags/model_training_dag.py
[2026-04-27T05:46:30.022+0000] {processor.py:830} INFO - Processing file /home/airflow/dags/model_training_dag.py for tasks to queue
[2026-04-27T05:46:30.023+0000] {logging_mixin.py:188} INFO - [2026-04-27T05:46:30.023+0000] {dagbag.py:538} INFO - Filling up the DagBag from /home/airflow/dags/model_training_dag.py
[2026-04-27T05:46:31.641+0000] {processor.py:840} INFO - DAG(s) 'model_training_pipeline' retrieved from /home/airflow/dags/model_training_dag.py
[2026-04-27T05:46:31.685+0000] {logging_mixin.py:188} INFO - [2026-04-27T05:46:31.684+0000] {dag.py:3036} INFO - Sync 1 DAGs
[2026-04-27T05:46:31.727+0000] {logging_mixin.py:188} INFO - [2026-04-27T05:46:31.726+0000] {dag.py:3823} INFO - Setting next_dagrun for model_training_pipeline to 2026-04-26 00:00:00+00:00, run_after=2026-05-03 00:00:00+00:00
[2026-04-27T05:46:31.798+0000] {processor.py:183} INFO - Processing /home/airflow/dags/model_training_dag.py took 1.782 seconds
[2026-04-27T05:47:02.176+0000] {processor.py:161} INFO - Started process (PID=21090) to work on /home/airflow/dags/model_training_dag.py
[2026-04-27T05:47:02.178+0000] {processor.py:830} INFO - Processing file /home/airflow/dags/model_training_dag.py for tasks to queue
[2026-04-27T05:47:02.180+0000] {logging_mixin.py:188} INFO - [2026-04-27T05:47:02.179+0000] {dagbag.py:538} INFO - Filling up the DagBag from /home/airflow/dags/model_training_dag.py
[2026-04-27T05:47:03.294+0000] {processor.py:840} INFO - DAG(s) 'model_training_pipeline' retrieved from /home/airflow/dags/model_training_dag.py
[2026-04-27T05:47:03.316+0000] {logging_mixin.py:188} INFO - [2026-04-27T05:47:03.316+0000] {dag.py:3036} INFO - Sync 1 DAGs
[2026-04-27T05:47:03.334+0000] {logging_mixin.py:188} INFO - [2026-04-27T05:47:03.334+0000] {dag.py:3823} INFO - Setting next_dagrun for model_training_pipeline to 2026-04-26 00:00:00+00:00, run_after=2026-05-03 00:00:00+00:00
[2026-04-27T05:47:03.356+0000] {processor.py:183} INFO - Processing /home/airflow/dags/model_training_dag.py took 1.186 seconds
[2026-04-27T05:47:33.512+0000] {processor.py:161} INFO - Started process (PID=21135) to work on /home/airflow/dags/model_training_dag.py
[2026-04-27T05:47:33.514+0000] {processor.py:830} INFO - Processing file /home/airflow/dags/model_training_dag.py for tasks to queue
[2026-04-27T05:47:33.515+0000] {logging_mixin.py:188} INFO - [2026-04-27T05:47:33.515+0000] {dagbag.py:538} INFO - Filling up the DagBag from /home/airflow/dags/model_training_dag.py
[2026-04-27T05:47:34.507+0000] {processor.py:840} INFO - DAG(s) 'model_training_pipeline' retrieved from /home/airflow/dags/model_training_dag.py
[2026-04-27T05:47:34.530+0000] {logging_mixin.py:188} INFO - [2026-04-27T05:47:34.529+0000] {dag.py:3036} INFO - Sync 1 DAGs
[2026-04-27T05:47:34.550+0000] {logging_mixin.py:188} INFO - [2026-04-27T05:47:34.550+0000] {dag.py:3823} INFO - Setting next_dagrun for model_training_pipeline to 2026-04-26 00:00:00+00:00, run_after=2026-05-03 00:00:00+00:00
[2026-04-27T05:47:34.573+0000] {processor.py:183} INFO - Processing /home/airflow/dags/model_training_dag.py took 1.065 seconds
[2026-04-27T05:48:04.866+0000] {processor.py:161} INFO - Started process (PID=21180) to work on /home/airflow/dags/model_training_dag.py
[2026-04-27T05:48:04.867+0000] {processor.py:830} INFO - Processing file /home/airflow/dags/model_training_dag.py for tasks to queue
[2026-04-27T05:48:04.869+0000] {logging_mixin.py:188} INFO - [2026-04-27T05:48:04.868+0000] {dagbag.py:538} INFO - Filling up the DagBag from /home/airflow/dags/model_training_dag.py
[2026-04-27T05:48:06.131+0000] {processor.py:840} INFO - DAG(s) 'model_training_pipeline' retrieved from /home/airflow/dags/model_training_dag.py
[2026-04-27T05:48:06.157+0000] {logging_mixin.py:188} INFO - [2026-04-27T05:48:06.157+0000] {dag.py:3036} INFO - Sync 1 DAGs
[2026-04-27T05:48:06.174+0000] {logging_mixin.py:188} INFO - [2026-04-27T05:48:06.174+0000] {dag.py:3823} INFO - Setting next_dagrun for model_training_pipeline to 2026-04-26 00:00:00+00:00, run_after=2026-05-03 00:00:00+00:00
[2026-04-27T05:48:06.201+0000] {processor.py:183} INFO - Processing /home/airflow/dags/model_training_dag.py took 1.339 seconds
[2026-04-27T05:48:36.506+0000] {processor.py:161} INFO - Started process (PID=21225) to work on /home/airflow/dags/model_training_dag.py
[2026-04-27T05:48:36.507+0000] {processor.py:830} INFO - Processing file /home/airflow/dags/model_training_dag.py for tasks to queue
[2026-04-27T05:48:36.508+0000] {logging_mixin.py:188} INFO - [2026-04-27T05:48:36.508+0000] {dagbag.py:538} INFO - Filling up the DagBag from /home/airflow/dags/model_training_dag.py
[2026-04-27T05:48:37.651+0000] {processor.py:840} INFO - DAG(s) 'model_training_pipeline' retrieved from /home/airflow/dags/model_training_dag.py
[2026-04-27T05:48:37.681+0000] {logging_mixin.py:188} INFO - [2026-04-27T05:48:37.681+0000] {dag.py:3036} INFO - Sync 1 DAGs
[2026-04-27T05:48:37.708+0000] {logging_mixin.py:188} INFO - [2026-04-27T05:48:37.708+0000] {dag.py:3823} INFO - Setting next_dagrun for model_training_pipeline to 2026-04-26 00:00:00+00:00, run_after=2026-05-03 00:00:00+00:00
[2026-04-27T05:48:37.739+0000] {processor.py:183} INFO - Processing /home/airflow/dags/model_training_dag.py took 1.237 seconds
[2026-04-27T05:49:07.922+0000] {processor.py:161} INFO - Started process (PID=21270) to work on /home/airflow/dags/model_training_dag.py
[2026-04-27T05:49:07.923+0000] {processor.py:830} INFO - Processing file /home/airflow/dags/model_training_dag.py for tasks to queue
[2026-04-27T05:49:07.924+0000] {logging_mixin.py:188} INFO - [2026-04-27T05:49:07.924+0000] {dagbag.py:538} INFO - Filling up the DagBag from /home/airflow/dags/model_training_dag.py
[2026-04-27T05:49:09.109+0000] {processor.py:840} INFO - DAG(s) 'model_training_pipeline' retrieved from /home/airflow/dags/model_training_dag.py
[2026-04-27T05:49:09.134+0000] {logging_mixin.py:188} INFO - [2026-04-27T05:49:09.133+0000] {dag.py:3036} INFO - Sync 1 DAGs
[2026-04-27T05:49:09.157+0000] {logging_mixin.py:188} INFO - [2026-04-27T05:49:09.156+0000] {dag.py:3823} INFO - Setting next_dagrun for model_training_pipeline to 2026-04-26 00:00:00+00:00, run_after=2026-05-03 00:00:00+00:00
[2026-04-27T05:49:09.182+0000] {processor.py:183} INFO - Processing /home/airflow/dags/model_training_dag.py took 1.264 seconds
[2026-04-27T05:49:39.497+0000] {processor.py:161} INFO - Started process (PID=21315) to work on /home/airflow/dags/model_training_dag.py
[2026-04-27T05:49:39.498+0000] {processor.py:830} INFO - Processing file /home/airflow/dags/model_training_dag.py for tasks to queue
[2026-04-27T05:49:39.499+0000] {logging_mixin.py:188} INFO - [2026-04-27T05:49:39.499+0000] {dagbag.py:538} INFO - Filling up the DagBag from /home/airflow/dags/model_training_dag.py
[2026-04-27T05:49:40.704+0000] {processor.py:840} INFO - DAG(s) 'model_training_pipeline' retrieved from /home/airflow/dags/model_training_dag.py
[2026-04-27T05:49:40.725+0000] {logging_mixin.py:188} INFO - [2026-04-27T05:49:40.725+0000] {dag.py:3036} INFO - Sync 1 DAGs
[2026-04-27T05:49:40.744+0000] {logging_mixin.py:188} INFO - [2026-04-27T05:49:40.744+0000] {dag.py:3823} INFO - Setting next_dagrun for model_training_pipeline to 2026-04-26 00:00:00+00:00, run_after=2026-05-03 00:00:00+00:00
[2026-04-27T05:49:40.768+0000] {processor.py:183} INFO - Processing /home/airflow/dags/model_training_dag.py took 1.275 seconds
[2026-04-27T05:50:11.235+0000] {processor.py:161} INFO - Started process (PID=21360) to work on /home/airflow/dags/model_training_dag.py
[2026-04-27T05:50:11.237+0000] {processor.py:830} INFO - Processing file /home/airflow/dags/model_training_dag.py for tasks to queue
[2026-04-27T05:50:11.238+0000] {logging_mixin.py:188} INFO - [2026-04-27T05:50:11.238+0000] {dagbag.py:538} INFO - Filling up the DagBag from /home/airflow/dags/model_training_dag.py
[2026-04-27T05:50:12.868+0000] {processor.py:840} INFO - DAG(s) 'model_training_pipeline' retrieved from /home/airflow/dags/model_training_dag.py
[2026-04-27T05:50:12.890+0000] {logging_mixin.py:188} INFO - [2026-04-27T05:50:12.890+0000] {dag.py:3036} INFO - Sync 1 DAGs
[2026-04-27T05:50:12.907+0000] {logging_mixin.py:188} INFO - [2026-04-27T05:50:12.907+0000] {dag.py:3823} INFO - Setting next_dagrun for model_training_pipeline to 2026-04-26 00:00:00+00:00, run_after=2026-05-03 00:00:00+00:00
[2026-04-27T05:50:12.938+0000] {processor.py:183} INFO - Processing /home/airflow/dags/model_training_dag.py took 1.707 seconds
[2026-04-27T05:50:43.301+0000] {processor.py:161} INFO - Started process (PID=21405) to work on /home/airflow/dags/model_training_dag.py
[2026-04-27T05:50:43.303+0000] {processor.py:830} INFO - Processing file /home/airflow/dags/model_training_dag.py for tasks to queue
[2026-04-27T05:50:43.304+0000] {logging_mixin.py:188} INFO - [2026-04-27T05:50:43.303+0000] {dagbag.py:538} INFO - Filling up the DagBag from /home/airflow/dags/model_training_dag.py
[2026-04-27T05:50:44.437+0000] {processor.py:840} INFO - DAG(s) 'model_training_pipeline' retrieved from /home/airflow/dags/model_training_dag.py
[2026-04-27T05:50:44.460+0000] {logging_mixin.py:188} INFO - [2026-04-27T05:50:44.459+0000] {dag.py:3036} INFO - Sync 1 DAGs
[2026-04-27T05:50:44.478+0000] {logging_mixin.py:188} INFO - [2026-04-27T05:50:44.478+0000] {dag.py:3823} INFO - Setting next_dagrun for model_training_pipeline to 2026-04-26 00:00:00+00:00, run_after=2026-05-03 00:00:00+00:00
[2026-04-27T05:50:44.502+0000] {processor.py:183} INFO - Processing /home/airflow/dags/model_training_dag.py took 1.204 seconds
[2026-04-27T05:51:14.857+0000] {processor.py:161} INFO - Started process (PID=21450) to work on /home/airflow/dags/model_training_dag.py
[2026-04-27T05:51:14.859+0000] {processor.py:830} INFO - Processing file /home/airflow/dags/model_training_dag.py for tasks to queue
[2026-04-27T05:51:14.860+0000] {logging_mixin.py:188} INFO - [2026-04-27T05:51:14.860+0000] {dagbag.py:538} INFO - Filling up the DagBag from /home/airflow/dags/model_training_dag.py
[2026-04-27T05:51:16.115+0000] {processor.py:840} INFO - DAG(s) 'model_training_pipeline' retrieved from /home/airflow/dags/model_training_dag.py
[2026-04-27T05:51:16.145+0000] {logging_mixin.py:188} INFO - [2026-04-27T05:51:16.145+0000] {dag.py:3036} INFO - Sync 1 DAGs
[2026-04-27T05:51:16.168+0000] {logging_mixin.py:188} INFO - [2026-04-27T05:51:16.167+0000] {dag.py:3823} INFO - Setting next_dagrun for model_training_pipeline to 2026-04-26 00:00:00+00:00, run_after=2026-05-03 00:00:00+00:00
[2026-04-27T05:51:16.193+0000] {processor.py:183} INFO - Processing /home/airflow/dags/model_training_dag.py took 1.340 seconds
[2026-04-27T05:51:46.549+0000] {processor.py:161} INFO - Started process (PID=21495) to work on /home/airflow/dags/model_training_dag.py
[2026-04-27T05:51:46.551+0000] {processor.py:830} INFO - Processing file /home/airflow/dags/model_training_dag.py for tasks to queue
[2026-04-27T05:51:46.552+0000] {logging_mixin.py:188} INFO - [2026-04-27T05:51:46.551+0000] {dagbag.py:538} INFO - Filling up the DagBag from /home/airflow/dags/model_training_dag.py
[2026-04-27T05:51:47.721+0000] {processor.py:840} INFO - DAG(s) 'model_training_pipeline' retrieved from /home/airflow/dags/model_training_dag.py
[2026-04-27T05:51:47.748+0000] {logging_mixin.py:188} INFO - [2026-04-27T05:51:47.747+0000] {dag.py:3036} INFO - Sync 1 DAGs
[2026-04-27T05:51:47.772+0000] {logging_mixin.py:188} INFO - [2026-04-27T05:51:47.772+0000] {dag.py:3823} INFO - Setting next_dagrun for model_training_pipeline to 2026-04-26 00:00:00+00:00, run_after=2026-05-03 00:00:00+00:00
[2026-04-27T05:51:47.799+0000] {processor.py:183} INFO - Processing /home/airflow/dags/model_training_dag.py took 1.253 seconds
[2026-04-27T05:52:17.982+0000] {processor.py:161} INFO - Started process (PID=21540) to work on /home/airflow/dags/model_training_dag.py
[2026-04-27T05:52:17.983+0000] {processor.py:830} INFO - Processing file /home/airflow/dags/model_training_dag.py for tasks to queue
[2026-04-27T05:52:17.984+0000] {logging_mixin.py:188} INFO - [2026-04-27T05:52:17.984+0000] {dagbag.py:538} INFO - Filling up the DagBag from /home/airflow/dags/model_training_dag.py
[2026-04-27T05:52:19.069+0000] {processor.py:840} INFO - DAG(s) 'model_training_pipeline' retrieved from /home/airflow/dags/model_training_dag.py
[2026-04-27T05:52:19.095+0000] {logging_mixin.py:188} INFO - [2026-04-27T05:52:19.095+0000] {dag.py:3036} INFO - Sync 1 DAGs
[2026-04-27T05:52:19.118+0000] {logging_mixin.py:188} INFO - [2026-04-27T05:52:19.117+0000] {dag.py:3823} INFO - Setting next_dagrun for model_training_pipeline to 2026-04-26 00:00:00+00:00, run_after=2026-05-03 00:00:00+00:00
[2026-04-27T05:52:19.139+0000] {processor.py:183} INFO - Processing /home/airflow/dags/model_training_dag.py took 1.159 seconds
[2026-04-27T05:52:49.510+0000] {processor.py:161} INFO - Started process (PID=21585) to work on /home/airflow/dags/model_training_dag.py
[2026-04-27T05:52:49.511+0000] {processor.py:830} INFO - Processing file /home/airflow/dags/model_training_dag.py for tasks to queue
[2026-04-27T05:52:49.512+0000] {logging_mixin.py:188} INFO - [2026-04-27T05:52:49.511+0000] {dagbag.py:538} INFO - Filling up the DagBag from /home/airflow/dags/model_training_dag.py
[2026-04-27T05:52:50.570+0000] {processor.py:840} INFO - DAG(s) 'model_training_pipeline' retrieved from /home/airflow/dags/model_training_dag.py
[2026-04-27T05:52:50.592+0000] {logging_mixin.py:188} INFO - [2026-04-27T05:52:50.592+0000] {dag.py:3036} INFO - Sync 1 DAGs
[2026-04-27T05:52:50.612+0000] {logging_mixin.py:188} INFO - [2026-04-27T05:52:50.612+0000] {dag.py:3823} INFO - Setting next_dagrun for model_training_pipeline to 2026-04-26 00:00:00+00:00, run_after=2026-05-03 00:00:00+00:00
[2026-04-27T05:52:50.633+0000] {processor.py:183} INFO - Processing /home/airflow/dags/model_training_dag.py took 1.127 seconds
[2026-04-27T05:53:20.966+0000] {processor.py:161} INFO - Started process (PID=21630) to work on /home/airflow/dags/model_training_dag.py
[2026-04-27T05:53:20.968+0000] {processor.py:830} INFO - Processing file /home/airflow/dags/model_training_dag.py for tasks to queue
[2026-04-27T05:53:20.969+0000] {logging_mixin.py:188} INFO - [2026-04-27T05:53:20.969+0000] {dagbag.py:538} INFO - Filling up the DagBag from /home/airflow/dags/model_training_dag.py
[2026-04-27T05:53:22.019+0000] {processor.py:840} INFO - DAG(s) 'model_training_pipeline' retrieved from /home/airflow/dags/model_training_dag.py
[2026-04-27T05:53:22.047+0000] {logging_mixin.py:188} INFO - [2026-04-27T05:53:22.046+0000] {dag.py:3036} INFO - Sync 1 DAGs
[2026-04-27T05:53:22.081+0000] {logging_mixin.py:188} INFO - [2026-04-27T05:53:22.081+0000] {dag.py:3823} INFO - Setting next_dagrun for model_training_pipeline to 2026-04-26 00:00:00+00:00, run_after=2026-05-03 00:00:00+00:00
[2026-04-27T05:53:22.118+0000] {processor.py:183} INFO - Processing /home/airflow/dags/model_training_dag.py took 1.155 seconds
[2026-04-27T05:53:52.264+0000] {processor.py:161} INFO - Started process (PID=21675) to work on /home/airflow/dags/model_training_dag.py
[2026-04-27T05:53:52.265+0000] {processor.py:830} INFO - Processing file /home/airflow/dags/model_training_dag.py for tasks to queue
[2026-04-27T05:53:52.266+0000] {logging_mixin.py:188} INFO - [2026-04-27T05:53:52.266+0000] {dagbag.py:538} INFO - Filling up the DagBag from /home/airflow/dags/model_training_dag.py
[2026-04-27T05:53:53.346+0000] {processor.py:840} INFO - DAG(s) 'model_training_pipeline' retrieved from /home/airflow/dags/model_training_dag.py
[2026-04-27T05:53:53.367+0000] {logging_mixin.py:188} INFO - [2026-04-27T05:53:53.367+0000] {dag.py:3036} INFO - Sync 1 DAGs
[2026-04-27T05:53:53.386+0000] {logging_mixin.py:188} INFO - [2026-04-27T05:53:53.385+0000] {dag.py:3823} INFO - Setting next_dagrun for model_training_pipeline to 2026-04-26 00:00:00+00:00, run_after=2026-05-03 00:00:00+00:00
[2026-04-27T05:53:53.410+0000] {processor.py:183} INFO - Processing /home/airflow/dags/model_training_dag.py took 1.149 seconds
[2026-04-27T05:54:23.777+0000] {processor.py:161} INFO - Started process (PID=21720) to work on /home/airflow/dags/model_training_dag.py
[2026-04-27T05:54:23.778+0000] {processor.py:830} INFO - Processing file /home/airflow/dags/model_training_dag.py for tasks to queue
[2026-04-27T05:54:23.780+0000] {logging_mixin.py:188} INFO - [2026-04-27T05:54:23.779+0000] {dagbag.py:538} INFO - Filling up the DagBag from /home/airflow/dags/model_training_dag.py
[2026-04-27T05:54:24.711+0000] {processor.py:840} INFO - DAG(s) 'model_training_pipeline' retrieved from /home/airflow/dags/model_training_dag.py
[2026-04-27T05:54:24.737+0000] {logging_mixin.py:188} INFO - [2026-04-27T05:54:24.736+0000] {dag.py:3036} INFO - Sync 1 DAGs
[2026-04-27T05:54:24.755+0000] {logging_mixin.py:188} INFO - [2026-04-27T05:54:24.755+0000] {dag.py:3823} INFO - Setting next_dagrun for model_training_pipeline to 2026-04-26 00:00:00+00:00, run_after=2026-05-03 00:00:00+00:00
[2026-04-27T05:54:24.780+0000] {processor.py:183} INFO - Processing /home/airflow/dags/model_training_dag.py took 1.006 seconds
[2026-04-27T05:54:54.947+0000] {processor.py:161} INFO - Started process (PID=21765) to work on /home/airflow/dags/model_training_dag.py
[2026-04-27T05:54:54.949+0000] {processor.py:830} INFO - Processing file /home/airflow/dags/model_training_dag.py for tasks to queue
[2026-04-27T05:54:54.950+0000] {logging_mixin.py:188} INFO - [2026-04-27T05:54:54.950+0000] {dagbag.py:538} INFO - Filling up the DagBag from /home/airflow/dags/model_training_dag.py
[2026-04-27T05:54:55.969+0000] {processor.py:840} INFO - DAG(s) 'model_training_pipeline' retrieved from /home/airflow/dags/model_training_dag.py
[2026-04-27T05:54:55.994+0000] {logging_mixin.py:188} INFO - [2026-04-27T05:54:55.994+0000] {dag.py:3036} INFO - Sync 1 DAGs
[2026-04-27T05:54:56.014+0000] {logging_mixin.py:188} INFO - [2026-04-27T05:54:56.014+0000] {dag.py:3823} INFO - Setting next_dagrun for model_training_pipeline to 2026-04-26 00:00:00+00:00, run_after=2026-05-03 00:00:00+00:00
[2026-04-27T05:54:56.037+0000] {processor.py:183} INFO - Processing /home/airflow/dags/model_training_dag.py took 1.094 seconds
[2026-04-27T05:55:26.371+0000] {processor.py:161} INFO - Started process (PID=21810) to work on /home/airflow/dags/model_training_dag.py
[2026-04-27T05:55:26.372+0000] {processor.py:830} INFO - Processing file /home/airflow/dags/model_training_dag.py for tasks to queue
[2026-04-27T05:55:26.374+0000] {logging_mixin.py:188} INFO - [2026-04-27T05:55:26.373+0000] {dagbag.py:538} INFO - Filling up the DagBag from /home/airflow/dags/model_training_dag.py
[2026-04-27T05:55:27.346+0000] {processor.py:840} INFO - DAG(s) 'model_training_pipeline' retrieved from /home/airflow/dags/model_training_dag.py
[2026-04-27T05:55:27.369+0000] {logging_mixin.py:188} INFO - [2026-04-27T05:55:27.369+0000] {dag.py:3036} INFO - Sync 1 DAGs
[2026-04-27T05:55:27.387+0000] {logging_mixin.py:188} INFO - [2026-04-27T05:55:27.387+0000] {dag.py:3823} INFO - Setting next_dagrun for model_training_pipeline to 2026-04-26 00:00:00+00:00, run_after=2026-05-03 00:00:00+00:00
[2026-04-27T05:55:27.411+0000] {processor.py:183} INFO - Processing /home/airflow/dags/model_training_dag.py took 1.043 seconds
[2026-04-27T05:55:57.704+0000] {processor.py:161} INFO - Started process (PID=21855) to work on /home/airflow/dags/model_training_dag.py
[2026-04-27T05:55:57.705+0000] {processor.py:830} INFO - Processing file /home/airflow/dags/model_training_dag.py for tasks to queue
[2026-04-27T05:55:57.707+0000] {logging_mixin.py:188} INFO - [2026-04-27T05:55:57.706+0000] {dagbag.py:538} INFO - Filling up the DagBag from /home/airflow/dags/model_training_dag.py
[2026-04-27T05:55:58.707+0000] {processor.py:840} INFO - DAG(s) 'model_training_pipeline' retrieved from /home/airflow/dags/model_training_dag.py
[2026-04-27T05:55:58.731+0000] {logging_mixin.py:188} INFO - [2026-04-27T05:55:58.730+0000] {dag.py:3036} INFO - Sync 1 DAGs
[2026-04-27T05:55:58.749+0000] {logging_mixin.py:188} INFO - [2026-04-27T05:55:58.748+0000] {dag.py:3823} INFO - Setting next_dagrun for model_training_pipeline to 2026-04-26 00:00:00+00:00, run_after=2026-05-03 00:00:00+00:00
[2026-04-27T05:55:58.770+0000] {processor.py:183} INFO - Processing /home/airflow/dags/model_training_dag.py took 1.070 seconds
[2026-04-27T05:56:29.025+0000] {processor.py:161} INFO - Started process (PID=21900) to work on /home/airflow/dags/model_training_dag.py
[2026-04-27T05:56:29.026+0000] {processor.py:830} INFO - Processing file /home/airflow/dags/model_training_dag.py for tasks to queue
[2026-04-27T05:56:29.027+0000] {logging_mixin.py:188} INFO - [2026-04-27T05:56:29.027+0000] {dagbag.py:538} INFO - Filling up the DagBag from /home/airflow/dags/model_training_dag.py
[2026-04-27T05:56:30.118+0000] {processor.py:840} INFO - DAG(s) 'model_training_pipeline' retrieved from /home/airflow/dags/model_training_dag.py
[2026-04-27T05:56:30.143+0000] {logging_mixin.py:188} INFO - [2026-04-27T05:56:30.142+0000] {dag.py:3036} INFO - Sync 1 DAGs
[2026-04-27T05:56:30.167+0000] {logging_mixin.py:188} INFO - [2026-04-27T05:56:30.166+0000] {dag.py:3823} INFO - Setting next_dagrun for model_training_pipeline to 2026-04-26 00:00:00+00:00, run_after=2026-05-03 00:00:00+00:00
[2026-04-27T05:56:30.192+0000] {processor.py:183} INFO - Processing /home/airflow/dags/model_training_dag.py took 1.169 seconds
[2026-04-27T05:57:00.397+0000] {processor.py:161} INFO - Started process (PID=21945) to work on /home/airflow/dags/model_training_dag.py
[2026-04-27T05:57:00.398+0000] {processor.py:830} INFO - Processing file /home/airflow/dags/model_training_dag.py for tasks to queue
[2026-04-27T05:57:00.400+0000] {logging_mixin.py:188} INFO - [2026-04-27T05:57:00.399+0000] {dagbag.py:538} INFO - Filling up the DagBag from /home/airflow/dags/model_training_dag.py
[2026-04-27T05:57:01.357+0000] {processor.py:840} INFO - DAG(s) 'model_training_pipeline' retrieved from /home/airflow/dags/model_training_dag.py
[2026-04-27T05:57:01.382+0000] {logging_mixin.py:188} INFO - [2026-04-27T05:57:01.381+0000] {dag.py:3036} INFO - Sync 1 DAGs
[2026-04-27T05:57:01.402+0000] {logging_mixin.py:188} INFO - [2026-04-27T05:57:01.402+0000] {dag.py:3823} INFO - Setting next_dagrun for model_training_pipeline to 2026-04-26 00:00:00+00:00, run_after=2026-05-03 00:00:00+00:00
[2026-04-27T05:57:01.427+0000] {processor.py:183} INFO - Processing /home/airflow/dags/model_training_dag.py took 1.033 seconds
[2026-04-27T05:57:31.657+0000] {processor.py:161} INFO - Started process (PID=21990) to work on /home/airflow/dags/model_training_dag.py
[2026-04-27T05:57:31.658+0000] {processor.py:830} INFO - Processing file /home/airflow/dags/model_training_dag.py for tasks to queue
[2026-04-27T05:57:31.659+0000] {logging_mixin.py:188} INFO - [2026-04-27T05:57:31.659+0000] {dagbag.py:538} INFO - Filling up the DagBag from /home/airflow/dags/model_training_dag.py
[2026-04-27T05:57:32.634+0000] {processor.py:840} INFO - DAG(s) 'model_training_pipeline' retrieved from /home/airflow/dags/model_training_dag.py
[2026-04-27T05:57:32.660+0000] {logging_mixin.py:188} INFO - [2026-04-27T05:57:32.659+0000] {dag.py:3036} INFO - Sync 1 DAGs
[2026-04-27T05:57:32.680+0000] {logging_mixin.py:188} INFO - [2026-04-27T05:57:32.680+0000] {dag.py:3823} INFO - Setting next_dagrun for model_training_pipeline to 2026-04-26 00:00:00+00:00, run_after=2026-05-03 00:00:00+00:00
[2026-04-27T05:57:32.703+0000] {processor.py:183} INFO - Processing /home/airflow/dags/model_training_dag.py took 1.051 seconds
[2026-04-27T05:58:02.978+0000] {processor.py:161} INFO - Started process (PID=22035) to work on /home/airflow/dags/model_training_dag.py
[2026-04-27T05:58:02.979+0000] {processor.py:830} INFO - Processing file /home/airflow/dags/model_training_dag.py for tasks to queue
[2026-04-27T05:58:02.980+0000] {logging_mixin.py:188} INFO - [2026-04-27T05:58:02.980+0000] {dagbag.py:538} INFO - Filling up the DagBag from /home/airflow/dags/model_training_dag.py
[2026-04-27T05:58:03.949+0000] {processor.py:840} INFO - DAG(s) 'model_training_pipeline' retrieved from /home/airflow/dags/model_training_dag.py
[2026-04-27T05:58:03.976+0000] {logging_mixin.py:188} INFO - [2026-04-27T05:58:03.975+0000] {dag.py:3036} INFO - Sync 1 DAGs
[2026-04-27T05:58:03.996+0000] {logging_mixin.py:188} INFO - [2026-04-27T05:58:03.996+0000] {dag.py:3823} INFO - Setting next_dagrun for model_training_pipeline to 2026-04-26 00:00:00+00:00, run_after=2026-05-03 00:00:00+00:00
[2026-04-27T05:58:04.020+0000] {processor.py:183} INFO - Processing /home/airflow/dags/model_training_dag.py took 1.046 seconds
[2026-04-27T05:58:34.218+0000] {processor.py:161} INFO - Started process (PID=22080) to work on /home/airflow/dags/model_training_dag.py
[2026-04-27T05:58:34.219+0000] {processor.py:830} INFO - Processing file /home/airflow/dags/model_training_dag.py for tasks to queue
[2026-04-27T05:58:34.221+0000] {logging_mixin.py:188} INFO - [2026-04-27T05:58:34.220+0000] {dagbag.py:538} INFO - Filling up the DagBag from /home/airflow/dags/model_training_dag.py
[2026-04-27T05:58:35.243+0000] {processor.py:840} INFO - DAG(s) 'model_training_pipeline' retrieved from /home/airflow/dags/model_training_dag.py
[2026-04-27T05:58:35.268+0000] {logging_mixin.py:188} INFO - [2026-04-27T05:58:35.267+0000] {dag.py:3036} INFO - Sync 1 DAGs
[2026-04-27T05:58:35.291+0000] {logging_mixin.py:188} INFO - [2026-04-27T05:58:35.291+0000] {dag.py:3823} INFO - Setting next_dagrun for model_training_pipeline to 2026-04-26 00:00:00+00:00, run_after=2026-05-03 00:00:00+00:00
[2026-04-27T05:58:35.314+0000] {processor.py:183} INFO - Processing /home/airflow/dags/model_training_dag.py took 1.099 seconds
[2026-04-27T05:59:05.570+0000] {processor.py:161} INFO - Started process (PID=22125) to work on /home/airflow/dags/model_training_dag.py
[2026-04-27T05:59:05.571+0000] {processor.py:830} INFO - Processing file /home/airflow/dags/model_training_dag.py for tasks to queue
[2026-04-27T05:59:05.572+0000] {logging_mixin.py:188} INFO - [2026-04-27T05:59:05.571+0000] {dagbag.py:538} INFO - Filling up the DagBag from /home/airflow/dags/model_training_dag.py
[2026-04-27T05:59:06.475+0000] {processor.py:840} INFO - DAG(s) 'model_training_pipeline' retrieved from /home/airflow/dags/model_training_dag.py
[2026-04-27T05:59:06.495+0000] {logging_mixin.py:188} INFO - [2026-04-27T05:59:06.495+0000] {dag.py:3036} INFO - Sync 1 DAGs
[2026-04-27T05:59:06.513+0000] {logging_mixin.py:188} INFO - [2026-04-27T05:59:06.513+0000] {dag.py:3823} INFO - Setting next_dagrun for model_training_pipeline to 2026-04-26 00:00:00+00:00, run_after=2026-05-03 00:00:00+00:00
[2026-04-27T05:59:06.536+0000] {processor.py:183} INFO - Processing /home/airflow/dags/model_training_dag.py took 0.970 seconds
[2026-04-27T05:59:36.713+0000] {processor.py:161} INFO - Started process (PID=22170) to work on /home/airflow/dags/model_training_dag.py
[2026-04-27T05:59:36.714+0000] {processor.py:830} INFO - Processing file /home/airflow/dags/model_training_dag.py for tasks to queue
[2026-04-27T05:59:36.715+0000] {logging_mixin.py:188} INFO - [2026-04-27T05:59:36.715+0000] {dagbag.py:538} INFO - Filling up the DagBag from /home/airflow/dags/model_training_dag.py
[2026-04-27T05:59:37.654+0000] {processor.py:840} INFO - DAG(s) 'model_training_pipeline' retrieved from /home/airflow/dags/model_training_dag.py
[2026-04-27T05:59:37.677+0000] {logging_mixin.py:188} INFO - [2026-04-27T05:59:37.677+0000] {dag.py:3036} INFO - Sync 1 DAGs
[2026-04-27T05:59:37.698+0000] {logging_mixin.py:188} INFO - [2026-04-27T05:59:37.698+0000] {dag.py:3823} INFO - Setting next_dagrun for model_training_pipeline to 2026-04-26 00:00:00+00:00, run_after=2026-05-03 00:00:00+00:00
[2026-04-27T05:59:37.720+0000] {processor.py:183} INFO - Processing /home/airflow/dags/model_training_dag.py took 1.010 seconds
[2026-04-27T06:00:08.018+0000] {processor.py:161} INFO - Started process (PID=22215) to work on /home/airflow/dags/model_training_dag.py
[2026-04-27T06:00:08.020+0000] {processor.py:830} INFO - Processing file /home/airflow/dags/model_training_dag.py for tasks to queue
[2026-04-27T06:00:08.021+0000] {logging_mixin.py:188} INFO - [2026-04-27T06:00:08.021+0000] {dagbag.py:538} INFO - Filling up the DagBag from /home/airflow/dags/model_training_dag.py
[2026-04-27T06:00:09.120+0000] {processor.py:840} INFO - DAG(s) 'model_training_pipeline' retrieved from /home/airflow/dags/model_training_dag.py
[2026-04-27T06:00:09.141+0000] {logging_mixin.py:188} INFO - [2026-04-27T06:00:09.141+0000] {dag.py:3036} INFO - Sync 1 DAGs
[2026-04-27T06:00:09.160+0000] {logging_mixin.py:188} INFO - [2026-04-27T06:00:09.160+0000] {dag.py:3823} INFO - Setting next_dagrun for model_training_pipeline to 2026-04-26 00:00:00+00:00, run_after=2026-05-03 00:00:00+00:00
[2026-04-27T06:00:09.184+0000] {processor.py:183} INFO - Processing /home/airflow/dags/model_training_dag.py took 1.169 seconds
[2026-04-27T06:00:39.444+0000] {processor.py:161} INFO - Started process (PID=22260) to work on /home/airflow/dags/model_training_dag.py
[2026-04-27T06:00:39.445+0000] {processor.py:830} INFO - Processing file /home/airflow/dags/model_training_dag.py for tasks to queue
[2026-04-27T06:00:39.447+0000] {logging_mixin.py:188} INFO - [2026-04-27T06:00:39.446+0000] {dagbag.py:538} INFO - Filling up the DagBag from /home/airflow/dags/model_training_dag.py
[2026-04-27T06:00:40.785+0000] {processor.py:840} INFO - DAG(s) 'model_training_pipeline' retrieved from /home/airflow/dags/model_training_dag.py
[2026-04-27T06:00:40.812+0000] {logging_mixin.py:188} INFO - [2026-04-27T06:00:40.811+0000] {dag.py:3036} INFO - Sync 1 DAGs
[2026-04-27T06:00:40.835+0000] {logging_mixin.py:188} INFO - [2026-04-27T06:00:40.835+0000] {dag.py:3823} INFO - Setting next_dagrun for model_training_pipeline to 2026-04-26 00:00:00+00:00, run_after=2026-05-03 00:00:00+00:00
[2026-04-27T06:00:40.865+0000] {processor.py:183} INFO - Processing /home/airflow/dags/model_training_dag.py took 1.424 seconds
[2026-04-27T06:01:11.206+0000] {processor.py:161} INFO - Started process (PID=22305) to work on /home/airflow/dags/model_training_dag.py
[2026-04-27T06:01:11.207+0000] {processor.py:830} INFO - Processing file /home/airflow/dags/model_training_dag.py for tasks to queue
[2026-04-27T06:01:11.209+0000] {logging_mixin.py:188} INFO - [2026-04-27T06:01:11.208+0000] {dagbag.py:538} INFO - Filling up the DagBag from /home/airflow/dags/model_training_dag.py
[2026-04-27T06:01:12.380+0000] {processor.py:840} INFO - DAG(s) 'model_training_pipeline' retrieved from /home/airflow/dags/model_training_dag.py
[2026-04-27T06:01:12.410+0000] {logging_mixin.py:188} INFO - [2026-04-27T06:01:12.410+0000] {dag.py:3036} INFO - Sync 1 DAGs
[2026-04-27T06:01:12.430+0000] {logging_mixin.py:188} INFO - [2026-04-27T06:01:12.429+0000] {dag.py:3823} INFO - Setting next_dagrun for model_training_pipeline to 2026-04-26 00:00:00+00:00, run_after=2026-05-03 00:00:00+00:00
[2026-04-27T06:01:12.456+0000] {processor.py:183} INFO - Processing /home/airflow/dags/model_training_dag.py took 1.254 seconds
[2026-04-27T06:01:42.636+0000] {processor.py:161} INFO - Started process (PID=22350) to work on /home/airflow/dags/model_training_dag.py
[2026-04-27T06:01:42.637+0000] {processor.py:830} INFO - Processing file /home/airflow/dags/model_training_dag.py for tasks to queue
[2026-04-27T06:01:42.638+0000] {logging_mixin.py:188} INFO - [2026-04-27T06:01:42.638+0000] {dagbag.py:538} INFO - Filling up the DagBag from /home/airflow/dags/model_training_dag.py
[2026-04-27T06:01:43.672+0000] {processor.py:840} INFO - DAG(s) 'model_training_pipeline' retrieved from /home/airflow/dags/model_training_dag.py
[2026-04-27T06:01:43.699+0000] {logging_mixin.py:188} INFO - [2026-04-27T06:01:43.699+0000] {dag.py:3036} INFO - Sync 1 DAGs
[2026-04-27T06:01:43.721+0000] {logging_mixin.py:188} INFO - [2026-04-27T06:01:43.721+0000] {dag.py:3823} INFO - Setting next_dagrun for model_training_pipeline to 2026-04-26 00:00:00+00:00, run_after=2026-05-03 00:00:00+00:00
[2026-04-27T06:01:43.746+0000] {processor.py:183} INFO - Processing /home/airflow/dags/model_training_dag.py took 1.114 seconds
[2026-04-27T06:02:13.895+0000] {processor.py:161} INFO - Started process (PID=22395) to work on /home/airflow/dags/model_training_dag.py
[2026-04-27T06:02:13.896+0000] {processor.py:830} INFO - Processing file /home/airflow/dags/model_training_dag.py for tasks to queue
[2026-04-27T06:02:13.897+0000] {logging_mixin.py:188} INFO - [2026-04-27T06:02:13.897+0000] {dagbag.py:538} INFO - Filling up the DagBag from /home/airflow/dags/model_training_dag.py
[2026-04-27T06:02:15.062+0000] {processor.py:840} INFO - DAG(s) 'model_training_pipeline' retrieved from /home/airflow/dags/model_training_dag.py
[2026-04-27T06:02:15.090+0000] {logging_mixin.py:188} INFO - [2026-04-27T06:02:15.090+0000] {dag.py:3036} INFO - Sync 1 DAGs
[2026-04-27T06:02:15.118+0000] {logging_mixin.py:188} INFO - [2026-04-27T06:02:15.118+0000] {dag.py:3823} INFO - Setting next_dagrun for model_training_pipeline to 2026-04-26 00:00:00+00:00, run_after=2026-05-03 00:00:00+00:00
[2026-04-27T06:02:15.145+0000] {processor.py:183} INFO - Processing /home/airflow/dags/model_training_dag.py took 1.254 seconds
[2026-04-27T06:02:45.288+0000] {processor.py:161} INFO - Started process (PID=22440) to work on /home/airflow/dags/model_training_dag.py
[2026-04-27T06:02:45.290+0000] {processor.py:830} INFO - Processing file /home/airflow/dags/model_training_dag.py for tasks to queue
[2026-04-27T06:02:45.292+0000] {logging_mixin.py:188} INFO - [2026-04-27T06:02:45.291+0000] {dagbag.py:538} INFO - Filling up the DagBag from /home/airflow/dags/model_training_dag.py
[2026-04-27T06:02:46.461+0000] {processor.py:840} INFO - DAG(s) 'model_training_pipeline' retrieved from /home/airflow/dags/model_training_dag.py
[2026-04-27T06:02:46.485+0000] {logging_mixin.py:188} INFO - [2026-04-27T06:02:46.484+0000] {dag.py:3036} INFO - Sync 1 DAGs
[2026-04-27T06:02:46.507+0000] {logging_mixin.py:188} INFO - [2026-04-27T06:02:46.507+0000] {dag.py:3823} INFO - Setting next_dagrun for model_training_pipeline to 2026-04-26 00:00:00+00:00, run_after=2026-05-03 00:00:00+00:00
[2026-04-27T06:02:46.531+0000] {processor.py:183} INFO - Processing /home/airflow/dags/model_training_dag.py took 1.246 seconds
[2026-04-27T06:03:16.883+0000] {processor.py:161} INFO - Started process (PID=22485) to work on /home/airflow/dags/model_training_dag.py
[2026-04-27T06:03:16.885+0000] {processor.py:830} INFO - Processing file /home/airflow/dags/model_training_dag.py for tasks to queue
[2026-04-27T06:03:16.887+0000] {logging_mixin.py:188} INFO - [2026-04-27T06:03:16.886+0000] {dagbag.py:538} INFO - Filling up the DagBag from /home/airflow/dags/model_training_dag.py
[2026-04-27T06:03:18.084+0000] {processor.py:840} INFO - DAG(s) 'model_training_pipeline' retrieved from /home/airflow/dags/model_training_dag.py
[2026-04-27T06:03:18.118+0000] {logging_mixin.py:188} INFO - [2026-04-27T06:03:18.117+0000] {dag.py:3036} INFO - Sync 1 DAGs
[2026-04-27T06:03:18.140+0000] {logging_mixin.py:188} INFO - [2026-04-27T06:03:18.140+0000] {dag.py:3823} INFO - Setting next_dagrun for model_training_pipeline to 2026-04-26 00:00:00+00:00, run_after=2026-05-03 00:00:00+00:00
[2026-04-27T06:03:18.166+0000] {processor.py:183} INFO - Processing /home/airflow/dags/model_training_dag.py took 1.287 seconds
[2026-04-27T06:03:48.495+0000] {processor.py:161} INFO - Started process (PID=22530) to work on /home/airflow/dags/model_training_dag.py
[2026-04-27T06:03:48.498+0000] {processor.py:830} INFO - Processing file /home/airflow/dags/model_training_dag.py for tasks to queue
[2026-04-27T06:03:48.500+0000] {logging_mixin.py:188} INFO - [2026-04-27T06:03:48.499+0000] {dagbag.py:538} INFO - Filling up the DagBag from /home/airflow/dags/model_training_dag.py
[2026-04-27T06:03:49.729+0000] {processor.py:840} INFO - DAG(s) 'model_training_pipeline' retrieved from /home/airflow/dags/model_training_dag.py
[2026-04-27T06:03:49.757+0000] {logging_mixin.py:188} INFO - [2026-04-27T06:03:49.757+0000] {dag.py:3036} INFO - Sync 1 DAGs
[2026-04-27T06:03:49.785+0000] {logging_mixin.py:188} INFO - [2026-04-27T06:03:49.784+0000] {dag.py:3823} INFO - Setting next_dagrun for model_training_pipeline to 2026-04-26 00:00:00+00:00, run_after=2026-05-03 00:00:00+00:00
[2026-04-27T06:03:49.818+0000] {processor.py:183} INFO - Processing /home/airflow/dags/model_training_dag.py took 1.327 seconds
[2026-04-27T06:04:20.045+0000] {processor.py:161} INFO - Started process (PID=22575) to work on /home/airflow/dags/model_training_dag.py
[2026-04-27T06:04:20.050+0000] {processor.py:830} INFO - Processing file /home/airflow/dags/model_training_dag.py for tasks to queue
[2026-04-27T06:04:20.052+0000] {logging_mixin.py:188} INFO - [2026-04-27T06:04:20.051+0000] {dagbag.py:538} INFO - Filling up the DagBag from /home/airflow/dags/model_training_dag.py
[2026-04-27T06:04:21.333+0000] {processor.py:840} INFO - DAG(s) 'model_training_pipeline' retrieved from /home/airflow/dags/model_training_dag.py
[2026-04-27T06:04:21.358+0000] {logging_mixin.py:188} INFO - [2026-04-27T06:04:21.357+0000] {dag.py:3036} INFO - Sync 1 DAGs
[2026-04-27T06:04:21.382+0000] {logging_mixin.py:188} INFO - [2026-04-27T06:04:21.381+0000] {dag.py:3823} INFO - Setting next_dagrun for model_training_pipeline to 2026-04-26 00:00:00+00:00, run_after=2026-05-03 00:00:00+00:00
[2026-04-27T06:04:21.433+0000] {processor.py:183} INFO - Processing /home/airflow/dags/model_training_dag.py took 1.398 seconds
[2026-04-27T06:04:52.347+0000] {processor.py:161} INFO - Started process (PID=22620) to work on /home/airflow/dags/model_training_dag.py
[2026-04-27T06:04:52.348+0000] {processor.py:830} INFO - Processing file /home/airflow/dags/model_training_dag.py for tasks to queue
[2026-04-27T06:04:52.350+0000] {logging_mixin.py:188} INFO - [2026-04-27T06:04:52.349+0000] {dagbag.py:538} INFO - Filling up the DagBag from /home/airflow/dags/model_training_dag.py
[2026-04-27T06:04:53.420+0000] {processor.py:840} INFO - DAG(s) 'model_training_pipeline' retrieved from /home/airflow/dags/model_training_dag.py
[2026-04-27T06:04:53.443+0000] {logging_mixin.py:188} INFO - [2026-04-27T06:04:53.442+0000] {dag.py:3036} INFO - Sync 1 DAGs
[2026-04-27T06:04:53.466+0000] {logging_mixin.py:188} INFO - [2026-04-27T06:04:53.465+0000] {dag.py:3823} INFO - Setting next_dagrun for model_training_pipeline to 2026-04-26 00:00:00+00:00, run_after=2026-05-03 00:00:00+00:00
[2026-04-27T06:04:53.486+0000] {processor.py:183} INFO - Processing /home/airflow/dags/model_training_dag.py took 1.143 seconds
[2026-04-27T06:05:23.813+0000] {processor.py:161} INFO - Started process (PID=22665) to work on /home/airflow/dags/model_training_dag.py
[2026-04-27T06:05:23.815+0000] {processor.py:830} INFO - Processing file /home/airflow/dags/model_training_dag.py for tasks to queue
[2026-04-27T06:05:23.816+0000] {logging_mixin.py:188} INFO - [2026-04-27T06:05:23.816+0000] {dagbag.py:538} INFO - Filling up the DagBag from /home/airflow/dags/model_training_dag.py
[2026-04-27T06:05:24.928+0000] {processor.py:840} INFO - DAG(s) 'model_training_pipeline' retrieved from /home/airflow/dags/model_training_dag.py
[2026-04-27T06:05:24.952+0000] {logging_mixin.py:188} INFO - [2026-04-27T06:05:24.951+0000] {dag.py:3036} INFO - Sync 1 DAGs
[2026-04-27T06:05:24.975+0000] {logging_mixin.py:188} INFO - [2026-04-27T06:05:24.975+0000] {dag.py:3823} INFO - Setting next_dagrun for model_training_pipeline to 2026-04-26 00:00:00+00:00, run_after=2026-05-03 00:00:00+00:00
[2026-04-27T06:05:24.998+0000] {processor.py:183} INFO - Processing /home/airflow/dags/model_training_dag.py took 1.189 seconds
[2026-04-27T06:05:55.127+0000] {processor.py:161} INFO - Started process (PID=22710) to work on /home/airflow/dags/model_training_dag.py
[2026-04-27T06:05:55.129+0000] {processor.py:830} INFO - Processing file /home/airflow/dags/model_training_dag.py for tasks to queue
[2026-04-27T06:05:55.130+0000] {logging_mixin.py:188} INFO - [2026-04-27T06:05:55.129+0000] {dagbag.py:538} INFO - Filling up the DagBag from /home/airflow/dags/model_training_dag.py
[2026-04-27T06:05:56.166+0000] {processor.py:840} INFO - DAG(s) 'model_training_pipeline' retrieved from /home/airflow/dags/model_training_dag.py
[2026-04-27T06:05:56.187+0000] {logging_mixin.py:188} INFO - [2026-04-27T06:05:56.187+0000] {dag.py:3036} INFO - Sync 1 DAGs
[2026-04-27T06:05:56.206+0000] {logging_mixin.py:188} INFO - [2026-04-27T06:05:56.205+0000] {dag.py:3823} INFO - Setting next_dagrun for model_training_pipeline to 2026-04-26 00:00:00+00:00, run_after=2026-05-03 00:00:00+00:00
[2026-04-27T06:05:56.230+0000] {processor.py:183} INFO - Processing /home/airflow/dags/model_training_dag.py took 1.106 seconds
[2026-04-27T06:06:26.403+0000] {processor.py:161} INFO - Started process (PID=22755) to work on /home/airflow/dags/model_training_dag.py
[2026-04-27T06:06:26.405+0000] {processor.py:830} INFO - Processing file /home/airflow/dags/model_training_dag.py for tasks to queue
[2026-04-27T06:06:26.406+0000] {logging_mixin.py:188} INFO - [2026-04-27T06:06:26.406+0000] {dagbag.py:538} INFO - Filling up the DagBag from /home/airflow/dags/model_training_dag.py
[2026-04-27T06:06:27.519+0000] {processor.py:840} INFO - DAG(s) 'model_training_pipeline' retrieved from /home/airflow/dags/model_training_dag.py
[2026-04-27T06:06:27.546+0000] {logging_mixin.py:188} INFO - [2026-04-27T06:06:27.545+0000] {dag.py:3036} INFO - Sync 1 DAGs
[2026-04-27T06:06:27.566+0000] {logging_mixin.py:188} INFO - [2026-04-27T06:06:27.566+0000] {dag.py:3823} INFO - Setting next_dagrun for model_training_pipeline to 2026-04-26 00:00:00+00:00, run_after=2026-05-03 00:00:00+00:00
[2026-04-27T06:06:27.590+0000] {processor.py:183} INFO - Processing /home/airflow/dags/model_training_dag.py took 1.190 seconds
[2026-04-27T06:06:57.813+0000] {processor.py:161} INFO - Started process (PID=22800) to work on /home/airflow/dags/model_training_dag.py
[2026-04-27T06:06:57.814+0000] {processor.py:830} INFO - Processing file /home/airflow/dags/model_training_dag.py for tasks to queue
[2026-04-27T06:06:57.815+0000] {logging_mixin.py:188} INFO - [2026-04-27T06:06:57.815+0000] {dagbag.py:538} INFO - Filling up the DagBag from /home/airflow/dags/model_training_dag.py
[2026-04-27T06:06:58.922+0000] {processor.py:840} INFO - DAG(s) 'model_training_pipeline' retrieved from /home/airflow/dags/model_training_dag.py
[2026-04-27T06:06:58.950+0000] {logging_mixin.py:188} INFO - [2026-04-27T06:06:58.949+0000] {dag.py:3036} INFO - Sync 1 DAGs
[2026-04-27T06:06:58.977+0000] {logging_mixin.py:188} INFO - [2026-04-27T06:06:58.977+0000] {dag.py:3823} INFO - Setting next_dagrun for model_training_pipeline to 2026-04-26 00:00:00+00:00, run_after=2026-05-03 00:00:00+00:00
[2026-04-27T06:06:59.004+0000] {processor.py:183} INFO - Processing /home/airflow/dags/model_training_dag.py took 1.194 seconds
[2026-04-27T06:07:29.172+0000] {processor.py:161} INFO - Started process (PID=22845) to work on /home/airflow/dags/model_training_dag.py
[2026-04-27T06:07:29.173+0000] {processor.py:830} INFO - Processing file /home/airflow/dags/model_training_dag.py for tasks to queue
[2026-04-27T06:07:29.175+0000] {logging_mixin.py:188} INFO - [2026-04-27T06:07:29.174+0000] {dagbag.py:538} INFO - Filling up the DagBag from /home/airflow/dags/model_training_dag.py
[2026-04-27T06:07:30.465+0000] {processor.py:840} INFO - DAG(s) 'model_training_pipeline' retrieved from /home/airflow/dags/model_training_dag.py
[2026-04-27T06:07:30.490+0000] {logging_mixin.py:188} INFO - [2026-04-27T06:07:30.490+0000] {dag.py:3036} INFO - Sync 1 DAGs
[2026-04-27T06:07:30.513+0000] {logging_mixin.py:188} INFO - [2026-04-27T06:07:30.513+0000] {dag.py:3823} INFO - Setting next_dagrun for model_training_pipeline to 2026-04-26 00:00:00+00:00, run_after=2026-05-03 00:00:00+00:00
[2026-04-27T06:07:30.535+0000] {processor.py:183} INFO - Processing /home/airflow/dags/model_training_dag.py took 1.367 seconds
[2026-04-27T06:08:00.911+0000] {processor.py:161} INFO - Started process (PID=22890) to work on /home/airflow/dags/model_training_dag.py
[2026-04-27T06:08:00.913+0000] {processor.py:830} INFO - Processing file /home/airflow/dags/model_training_dag.py for tasks to queue
[2026-04-27T06:08:00.914+0000] {logging_mixin.py:188} INFO - [2026-04-27T06:08:00.914+0000] {dagbag.py:538} INFO - Filling up the DagBag from /home/airflow/dags/model_training_dag.py
[2026-04-27T06:08:02.005+0000] {processor.py:840} INFO - DAG(s) 'model_training_pipeline' retrieved from /home/airflow/dags/model_training_dag.py
[2026-04-27T06:08:02.034+0000] {logging_mixin.py:188} INFO - [2026-04-27T06:08:02.033+0000] {dag.py:3036} INFO - Sync 1 DAGs
[2026-04-27T06:08:02.060+0000] {logging_mixin.py:188} INFO - [2026-04-27T06:08:02.059+0000] {dag.py:3823} INFO - Setting next_dagrun for model_training_pipeline to 2026-04-26 00:00:00+00:00, run_after=2026-05-03 00:00:00+00:00
[2026-04-27T06:08:02.087+0000] {processor.py:183} INFO - Processing /home/airflow/dags/model_training_dag.py took 1.181 seconds
[2026-04-27T06:08:32.401+0000] {processor.py:161} INFO - Started process (PID=22935) to work on /home/airflow/dags/model_training_dag.py
[2026-04-27T06:08:32.403+0000] {processor.py:830} INFO - Processing file /home/airflow/dags/model_training_dag.py for tasks to queue
[2026-04-27T06:08:32.404+0000] {logging_mixin.py:188} INFO - [2026-04-27T06:08:32.404+0000] {dagbag.py:538} INFO - Filling up the DagBag from /home/airflow/dags/model_training_dag.py
[2026-04-27T06:08:33.730+0000] {processor.py:840} INFO - DAG(s) 'model_training_pipeline' retrieved from /home/airflow/dags/model_training_dag.py
[2026-04-27T06:08:33.762+0000] {logging_mixin.py:188} INFO - [2026-04-27T06:08:33.761+0000] {dag.py:3036} INFO - Sync 1 DAGs
[2026-04-27T06:08:33.789+0000] {logging_mixin.py:188} INFO - [2026-04-27T06:08:33.789+0000] {dag.py:3823} INFO - Setting next_dagrun for model_training_pipeline to 2026-04-26 00:00:00+00:00, run_after=2026-05-03 00:00:00+00:00
[2026-04-27T06:08:33.818+0000] {processor.py:183} INFO - Processing /home/airflow/dags/model_training_dag.py took 1.423 seconds
[2026-04-27T06:09:04.630+0000] {processor.py:161} INFO - Started process (PID=22980) to work on /home/airflow/dags/model_training_dag.py
[2026-04-27T06:09:04.631+0000] {processor.py:830} INFO - Processing file /home/airflow/dags/model_training_dag.py for tasks to queue
[2026-04-27T06:09:04.633+0000] {logging_mixin.py:188} INFO - [2026-04-27T06:09:04.632+0000] {dagbag.py:538} INFO - Filling up the DagBag from /home/airflow/dags/model_training_dag.py
[2026-04-27T06:09:05.709+0000] {processor.py:840} INFO - DAG(s) 'model_training_pipeline' retrieved from /home/airflow/dags/model_training_dag.py
[2026-04-27T06:09:05.731+0000] {logging_mixin.py:188} INFO - [2026-04-27T06:09:05.731+0000] {dag.py:3036} INFO - Sync 1 DAGs
[2026-04-27T06:09:05.752+0000] {logging_mixin.py:188} INFO - [2026-04-27T06:09:05.752+0000] {dag.py:3823} INFO - Setting next_dagrun for model_training_pipeline to 2026-04-26 00:00:00+00:00, run_after=2026-05-03 00:00:00+00:00
[2026-04-27T06:09:05.784+0000] {processor.py:183} INFO - Processing /home/airflow/dags/model_training_dag.py took 1.158 seconds
[2026-04-27T06:09:35.982+0000] {processor.py:161} INFO - Started process (PID=23025) to work on /home/airflow/dags/model_training_dag.py
[2026-04-27T06:09:35.983+0000] {processor.py:830} INFO - Processing file /home/airflow/dags/model_training_dag.py for tasks to queue
[2026-04-27T06:09:35.984+0000] {logging_mixin.py:188} INFO - [2026-04-27T06:09:35.984+0000] {dagbag.py:538} INFO - Filling up the DagBag from /home/airflow/dags/model_training_dag.py
[2026-04-27T06:09:36.990+0000] {processor.py:840} INFO - DAG(s) 'model_training_pipeline' retrieved from /home/airflow/dags/model_training_dag.py
[2026-04-27T06:09:37.012+0000] {logging_mixin.py:188} INFO - [2026-04-27T06:09:37.012+0000] {dag.py:3036} INFO - Sync 1 DAGs
[2026-04-27T06:09:37.030+0000] {logging_mixin.py:188} INFO - [2026-04-27T06:09:37.030+0000] {dag.py:3823} INFO - Setting next_dagrun for model_training_pipeline to 2026-04-26 00:00:00+00:00, run_after=2026-05-03 00:00:00+00:00
[2026-04-27T06:09:37.052+0000] {processor.py:183} INFO - Processing /home/airflow/dags/model_training_dag.py took 1.074 seconds
[2026-04-27T06:10:07.217+0000] {processor.py:161} INFO - Started process (PID=23070) to work on /home/airflow/dags/model_training_dag.py
[2026-04-27T06:10:07.219+0000] {processor.py:830} INFO - Processing file /home/airflow/dags/model_training_dag.py for tasks to queue
[2026-04-27T06:10:07.220+0000] {logging_mixin.py:188} INFO - [2026-04-27T06:10:07.219+0000] {dagbag.py:538} INFO - Filling up the DagBag from /home/airflow/dags/model_training_dag.py
[2026-04-27T06:10:08.262+0000] {processor.py:840} INFO - DAG(s) 'model_training_pipeline' retrieved from /home/airflow/dags/model_training_dag.py
[2026-04-27T06:10:08.286+0000] {logging_mixin.py:188} INFO - [2026-04-27T06:10:08.285+0000] {dag.py:3036} INFO - Sync 1 DAGs
[2026-04-27T06:10:08.304+0000] {logging_mixin.py:188} INFO - [2026-04-27T06:10:08.304+0000] {dag.py:3823} INFO - Setting next_dagrun for model_training_pipeline to 2026-04-26 00:00:00+00:00, run_after=2026-05-03 00:00:00+00:00
[2026-04-27T06:10:08.330+0000] {processor.py:183} INFO - Processing /home/airflow/dags/model_training_dag.py took 1.115 seconds
[2026-04-27T06:10:38.583+0000] {processor.py:161} INFO - Started process (PID=23115) to work on /home/airflow/dags/model_training_dag.py
[2026-04-27T06:10:38.584+0000] {processor.py:830} INFO - Processing file /home/airflow/dags/model_training_dag.py for tasks to queue
[2026-04-27T06:10:38.586+0000] {logging_mixin.py:188} INFO - [2026-04-27T06:10:38.586+0000] {dagbag.py:538} INFO - Filling up the DagBag from /home/airflow/dags/model_training_dag.py
[2026-04-27T06:10:39.728+0000] {processor.py:840} INFO - DAG(s) 'model_training_pipeline' retrieved from /home/airflow/dags/model_training_dag.py
[2026-04-27T06:10:39.751+0000] {logging_mixin.py:188} INFO - [2026-04-27T06:10:39.751+0000] {dag.py:3036} INFO - Sync 1 DAGs
[2026-04-27T06:10:39.775+0000] {logging_mixin.py:188} INFO - [2026-04-27T06:10:39.774+0000] {dag.py:3823} INFO - Setting next_dagrun for model_training_pipeline to 2026-04-26 00:00:00+00:00, run_after=2026-05-03 00:00:00+00:00
[2026-04-27T06:10:39.795+0000] {processor.py:183} INFO - Processing /home/airflow/dags/model_training_dag.py took 1.217 seconds
[2026-04-27T06:11:10.016+0000] {processor.py:161} INFO - Started process (PID=23160) to work on /home/airflow/dags/model_training_dag.py
[2026-04-27T06:11:10.018+0000] {processor.py:830} INFO - Processing file /home/airflow/dags/model_training_dag.py for tasks to queue
[2026-04-27T06:11:10.019+0000] {logging_mixin.py:188} INFO - [2026-04-27T06:11:10.019+0000] {dagbag.py:538} INFO - Filling up the DagBag from /home/airflow/dags/model_training_dag.py
[2026-04-27T06:11:11.172+0000] {processor.py:840} INFO - DAG(s) 'model_training_pipeline' retrieved from /home/airflow/dags/model_training_dag.py
[2026-04-27T06:11:11.200+0000] {logging_mixin.py:188} INFO - [2026-04-27T06:11:11.200+0000] {dag.py:3036} INFO - Sync 1 DAGs
[2026-04-27T06:11:11.221+0000] {logging_mixin.py:188} INFO - [2026-04-27T06:11:11.221+0000] {dag.py:3823} INFO - Setting next_dagrun for model_training_pipeline to 2026-04-26 00:00:00+00:00, run_after=2026-05-03 00:00:00+00:00
[2026-04-27T06:11:11.359+0000] {processor.py:183} INFO - Processing /home/airflow/dags/model_training_dag.py took 1.346 seconds
[2026-04-27T06:11:41.518+0000] {processor.py:161} INFO - Started process (PID=23205) to work on /home/airflow/dags/model_training_dag.py
[2026-04-27T06:11:41.519+0000] {processor.py:830} INFO - Processing file /home/airflow/dags/model_training_dag.py for tasks to queue
[2026-04-27T06:11:41.520+0000] {logging_mixin.py:188} INFO - [2026-04-27T06:11:41.520+0000] {dagbag.py:538} INFO - Filling up the DagBag from /home/airflow/dags/model_training_dag.py
[2026-04-27T06:11:42.606+0000] {processor.py:840} INFO - DAG(s) 'model_training_pipeline' retrieved from /home/airflow/dags/model_training_dag.py
[2026-04-27T06:11:42.629+0000] {logging_mixin.py:188} INFO - [2026-04-27T06:11:42.628+0000] {dag.py:3036} INFO - Sync 1 DAGs
[2026-04-27T06:11:42.775+0000] {logging_mixin.py:188} INFO - [2026-04-27T06:11:42.775+0000] {dag.py:3823} INFO - Setting next_dagrun for model_training_pipeline to 2026-04-26 00:00:00+00:00, run_after=2026-05-03 00:00:00+00:00
[2026-04-27T06:11:42.796+0000] {processor.py:183} INFO - Processing /home/airflow/dags/model_training_dag.py took 1.281 seconds
[2026-04-27T06:12:13.101+0000] {processor.py:161} INFO - Started process (PID=23250) to work on /home/airflow/dags/model_training_dag.py
[2026-04-27T06:12:13.103+0000] {processor.py:830} INFO - Processing file /home/airflow/dags/model_training_dag.py for tasks to queue
[2026-04-27T06:12:13.104+0000] {logging_mixin.py:188} INFO - [2026-04-27T06:12:13.103+0000] {dagbag.py:538} INFO - Filling up the DagBag from /home/airflow/dags/model_training_dag.py
[2026-04-27T06:12:14.302+0000] {processor.py:840} INFO - DAG(s) 'model_training_pipeline' retrieved from /home/airflow/dags/model_training_dag.py
[2026-04-27T06:12:14.322+0000] {logging_mixin.py:188} INFO - [2026-04-27T06:12:14.321+0000] {dag.py:3036} INFO - Sync 1 DAGs
[2026-04-27T06:12:14.339+0000] {logging_mixin.py:188} INFO - [2026-04-27T06:12:14.339+0000] {dag.py:3823} INFO - Setting next_dagrun for model_training_pipeline to 2026-04-26 00:00:00+00:00, run_after=2026-05-03 00:00:00+00:00
[2026-04-27T06:12:14.363+0000] {processor.py:183} INFO - Processing /home/airflow/dags/model_training_dag.py took 1.265 seconds
[2026-04-27T06:12:44.491+0000] {processor.py:161} INFO - Started process (PID=23295) to work on /home/airflow/dags/model_training_dag.py
[2026-04-27T06:12:44.493+0000] {processor.py:830} INFO - Processing file /home/airflow/dags/model_training_dag.py for tasks to queue
[2026-04-27T06:12:44.494+0000] {logging_mixin.py:188} INFO - [2026-04-27T06:12:44.493+0000] {dagbag.py:538} INFO - Filling up the DagBag from /home/airflow/dags/model_training_dag.py
[2026-04-27T06:12:45.742+0000] {processor.py:840} INFO - DAG(s) 'model_training_pipeline' retrieved from /home/airflow/dags/model_training_dag.py
[2026-04-27T06:12:45.773+0000] {logging_mixin.py:188} INFO - [2026-04-27T06:12:45.772+0000] {dag.py:3036} INFO - Sync 1 DAGs
[2026-04-27T06:12:45.801+0000] {logging_mixin.py:188} INFO - [2026-04-27T06:12:45.801+0000] {dag.py:3823} INFO - Setting next_dagrun for model_training_pipeline to 2026-04-26 00:00:00+00:00, run_after=2026-05-03 00:00:00+00:00
[2026-04-27T06:12:45.831+0000] {processor.py:183} INFO - Processing /home/airflow/dags/model_training_dag.py took 1.343 seconds
[2026-04-27T06:13:16.713+0000] {processor.py:161} INFO - Started process (PID=23366) to work on /home/airflow/dags/model_training_dag.py
[2026-04-27T06:13:16.714+0000] {processor.py:830} INFO - Processing file /home/airflow/dags/model_training_dag.py for tasks to queue
[2026-04-27T06:13:16.715+0000] {logging_mixin.py:188} INFO - [2026-04-27T06:13:16.715+0000] {dagbag.py:538} INFO - Filling up the DagBag from /home/airflow/dags/model_training_dag.py
[2026-04-27T06:13:17.900+0000] {processor.py:840} INFO - DAG(s) 'model_training_pipeline' retrieved from /home/airflow/dags/model_training_dag.py
[2026-04-27T06:13:17.922+0000] {logging_mixin.py:188} INFO - [2026-04-27T06:13:17.921+0000] {dag.py:3036} INFO - Sync 1 DAGs
[2026-04-27T06:13:17.943+0000] {logging_mixin.py:188} INFO - [2026-04-27T06:13:17.943+0000] {dag.py:3823} INFO - Setting next_dagrun for model_training_pipeline to 2026-04-26 00:00:00+00:00, run_after=2026-05-03 00:00:00+00:00
[2026-04-27T06:13:17.968+0000] {processor.py:183} INFO - Processing /home/airflow/dags/model_training_dag.py took 1.258 seconds
[2026-04-27T06:13:51.035+0000] {processor.py:161} INFO - Started process (PID=55) to work on /home/airflow/dags/model_training_dag.py
[2026-04-27T06:13:51.037+0000] {processor.py:830} INFO - Processing file /home/airflow/dags/model_training_dag.py for tasks to queue
[2026-04-27T06:13:51.043+0000] {logging_mixin.py:188} INFO - [2026-04-27T06:13:51.042+0000] {dagbag.py:538} INFO - Filling up the DagBag from /home/airflow/dags/model_training_dag.py
[2026-04-27T06:13:52.765+0000] {processor.py:840} INFO - DAG(s) 'model_training_pipeline' retrieved from /home/airflow/dags/model_training_dag.py
[2026-04-27T06:13:52.810+0000] {logging_mixin.py:188} INFO - [2026-04-27T06:13:52.807+0000] {dag.py:3036} INFO - Sync 1 DAGs
[2026-04-27T06:13:52.831+0000] {logging_mixin.py:188} INFO - [2026-04-27T06:13:52.831+0000] {dag.py:3823} INFO - Setting next_dagrun for model_training_pipeline to 2026-04-26 00:00:00+00:00, run_after=2026-05-03 00:00:00+00:00
[2026-04-27T06:13:52.860+0000] {processor.py:183} INFO - Processing /home/airflow/dags/model_training_dag.py took 1.828 seconds
[2026-04-27T06:14:23.371+0000] {processor.py:161} INFO - Started process (PID=111) to work on /home/airflow/dags/model_training_dag.py
[2026-04-27T06:14:23.372+0000] {processor.py:830} INFO - Processing file /home/airflow/dags/model_training_dag.py for tasks to queue
[2026-04-27T06:14:23.373+0000] {logging_mixin.py:188} INFO - [2026-04-27T06:14:23.373+0000] {dagbag.py:538} INFO - Filling up the DagBag from /home/airflow/dags/model_training_dag.py
[2026-04-27T06:14:24.532+0000] {processor.py:840} INFO - DAG(s) 'model_training_pipeline' retrieved from /home/airflow/dags/model_training_dag.py
[2026-04-27T06:14:24.556+0000] {logging_mixin.py:188} INFO - [2026-04-27T06:14:24.555+0000] {dag.py:3036} INFO - Sync 1 DAGs
[2026-04-27T06:14:24.577+0000] {logging_mixin.py:188} INFO - [2026-04-27T06:14:24.577+0000] {dag.py:3823} INFO - Setting next_dagrun for model_training_pipeline to 2026-04-26 00:00:00+00:00, run_after=2026-05-03 00:00:00+00:00
[2026-04-27T06:14:24.602+0000] {processor.py:183} INFO - Processing /home/airflow/dags/model_training_dag.py took 1.235 seconds
[2026-04-27T06:14:55.162+0000] {processor.py:161} INFO - Started process (PID=166) to work on /home/airflow/dags/model_training_dag.py
[2026-04-27T06:14:55.164+0000] {processor.py:830} INFO - Processing file /home/airflow/dags/model_training_dag.py for tasks to queue
[2026-04-27T06:14:55.165+0000] {logging_mixin.py:188} INFO - [2026-04-27T06:14:55.164+0000] {dagbag.py:538} INFO - Filling up the DagBag from /home/airflow/dags/model_training_dag.py
[2026-04-27T06:14:56.532+0000] {processor.py:840} INFO - DAG(s) 'model_training_pipeline' retrieved from /home/airflow/dags/model_training_dag.py
[2026-04-27T06:14:56.577+0000] {logging_mixin.py:188} INFO - [2026-04-27T06:14:56.577+0000] {dag.py:3036} INFO - Sync 1 DAGs
[2026-04-27T06:14:56.640+0000] {logging_mixin.py:188} INFO - [2026-04-27T06:14:56.640+0000] {dag.py:3823} INFO - Setting next_dagrun for model_training_pipeline to 2026-04-26 00:00:00+00:00, run_after=2026-05-03 00:00:00+00:00
[2026-04-27T06:14:56.667+0000] {processor.py:183} INFO - Processing /home/airflow/dags/model_training_dag.py took 1.508 seconds
[2026-04-27T06:15:26.790+0000] {processor.py:161} INFO - Started process (PID=211) to work on /home/airflow/dags/model_training_dag.py
[2026-04-27T06:15:26.791+0000] {processor.py:830} INFO - Processing file /home/airflow/dags/model_training_dag.py for tasks to queue
[2026-04-27T06:15:26.792+0000] {logging_mixin.py:188} INFO - [2026-04-27T06:15:26.792+0000] {dagbag.py:538} INFO - Filling up the DagBag from /home/airflow/dags/model_training_dag.py
[2026-04-27T06:15:27.864+0000] {processor.py:840} INFO - DAG(s) 'model_training_pipeline' retrieved from /home/airflow/dags/model_training_dag.py
[2026-04-27T06:15:27.895+0000] {logging_mixin.py:188} INFO - [2026-04-27T06:15:27.894+0000] {dag.py:3036} INFO - Sync 1 DAGs
[2026-04-27T06:15:27.918+0000] {logging_mixin.py:188} INFO - [2026-04-27T06:15:27.918+0000] {dag.py:3823} INFO - Setting next_dagrun for model_training_pipeline to 2026-04-26 00:00:00+00:00, run_after=2026-05-03 00:00:00+00:00
[2026-04-27T06:15:27.947+0000] {processor.py:183} INFO - Processing /home/airflow/dags/model_training_dag.py took 1.160 seconds
[2026-04-27T06:15:58.390+0000] {processor.py:161} INFO - Started process (PID=267) to work on /home/airflow/dags/model_training_dag.py
[2026-04-27T06:15:58.391+0000] {processor.py:830} INFO - Processing file /home/airflow/dags/model_training_dag.py for tasks to queue
[2026-04-27T06:15:58.392+0000] {logging_mixin.py:188} INFO - [2026-04-27T06:15:58.391+0000] {dagbag.py:538} INFO - Filling up the DagBag from /home/airflow/dags/model_training_dag.py
[2026-04-27T06:15:59.530+0000] {processor.py:840} INFO - DAG(s) 'model_training_pipeline' retrieved from /home/airflow/dags/model_training_dag.py
[2026-04-27T06:15:59.557+0000] {logging_mixin.py:188} INFO - [2026-04-27T06:15:59.557+0000] {dag.py:3036} INFO - Sync 1 DAGs
[2026-04-27T06:15:59.581+0000] {logging_mixin.py:188} INFO - [2026-04-27T06:15:59.581+0000] {dag.py:3823} INFO - Setting next_dagrun for model_training_pipeline to 2026-04-26 00:00:00+00:00, run_after=2026-05-03 00:00:00+00:00
[2026-04-27T06:15:59.604+0000] {processor.py:183} INFO - Processing /home/airflow/dags/model_training_dag.py took 1.218 seconds
[2026-04-27T06:16:30.566+0000] {processor.py:161} INFO - Started process (PID=312) to work on /home/airflow/dags/model_training_dag.py
[2026-04-27T06:16:30.567+0000] {processor.py:830} INFO - Processing file /home/airflow/dags/model_training_dag.py for tasks to queue
[2026-04-27T06:16:30.569+0000] {logging_mixin.py:188} INFO - [2026-04-27T06:16:30.568+0000] {dagbag.py:538} INFO - Filling up the DagBag from /home/airflow/dags/model_training_dag.py
[2026-04-27T06:16:32.087+0000] {processor.py:840} INFO - DAG(s) 'model_training_pipeline' retrieved from /home/airflow/dags/model_training_dag.py
[2026-04-27T06:16:32.118+0000] {logging_mixin.py:188} INFO - [2026-04-27T06:16:32.117+0000] {dag.py:3036} INFO - Sync 1 DAGs
[2026-04-27T06:16:32.146+0000] {logging_mixin.py:188} INFO - [2026-04-27T06:16:32.146+0000] {dag.py:3823} INFO - Setting next_dagrun for model_training_pipeline to 2026-04-26 00:00:00+00:00, run_after=2026-05-03 00:00:00+00:00
[2026-04-27T06:16:32.173+0000] {processor.py:183} INFO - Processing /home/airflow/dags/model_training_dag.py took 1.612 seconds
[2026-04-27T06:17:02.347+0000] {processor.py:161} INFO - Started process (PID=363) to work on /home/airflow/dags/model_training_dag.py
[2026-04-27T06:17:02.350+0000] {processor.py:830} INFO - Processing file /home/airflow/dags/model_training_dag.py for tasks to queue
[2026-04-27T06:17:02.352+0000] {logging_mixin.py:188} INFO - [2026-04-27T06:17:02.351+0000] {dagbag.py:538} INFO - Filling up the DagBag from /home/airflow/dags/model_training_dag.py
[2026-04-27T06:17:03.666+0000] {processor.py:840} INFO - DAG(s) 'model_training_pipeline' retrieved from /home/airflow/dags/model_training_dag.py
[2026-04-27T06:17:03.703+0000] {logging_mixin.py:188} INFO - [2026-04-27T06:17:03.702+0000] {dag.py:3036} INFO - Sync 1 DAGs
[2026-04-27T06:17:03.741+0000] {logging_mixin.py:188} INFO - [2026-04-27T06:17:03.741+0000] {dag.py:3823} INFO - Setting next_dagrun for model_training_pipeline to 2026-04-26 00:00:00+00:00, run_after=2026-05-03 00:00:00+00:00
[2026-04-27T06:17:03.782+0000] {processor.py:183} INFO - Processing /home/airflow/dags/model_training_dag.py took 1.442 seconds
[2026-04-27T06:17:34.225+0000] {processor.py:161} INFO - Started process (PID=408) to work on /home/airflow/dags/model_training_dag.py
[2026-04-27T06:17:34.227+0000] {processor.py:830} INFO - Processing file /home/airflow/dags/model_training_dag.py for tasks to queue
[2026-04-27T06:17:34.228+0000] {logging_mixin.py:188} INFO - [2026-04-27T06:17:34.228+0000] {dagbag.py:538} INFO - Filling up the DagBag from /home/airflow/dags/model_training_dag.py
[2026-04-27T06:17:35.985+0000] {processor.py:840} INFO - DAG(s) 'model_training_pipeline' retrieved from /home/airflow/dags/model_training_dag.py
[2026-04-27T06:17:36.031+0000] {logging_mixin.py:188} INFO - [2026-04-27T06:17:36.030+0000] {dag.py:3036} INFO - Sync 1 DAGs
[2026-04-27T06:17:36.062+0000] {logging_mixin.py:188} INFO - [2026-04-27T06:17:36.062+0000] {dag.py:3823} INFO - Setting next_dagrun for model_training_pipeline to 2026-04-26 00:00:00+00:00, run_after=2026-05-03 00:00:00+00:00
[2026-04-27T06:17:36.102+0000] {processor.py:183} INFO - Processing /home/airflow/dags/model_training_dag.py took 1.880 seconds
[2026-04-27T06:18:06.307+0000] {processor.py:161} INFO - Started process (PID=453) to work on /home/airflow/dags/model_training_dag.py
[2026-04-27T06:18:06.308+0000] {processor.py:830} INFO - Processing file /home/airflow/dags/model_training_dag.py for tasks to queue
[2026-04-27T06:18:06.310+0000] {logging_mixin.py:188} INFO - [2026-04-27T06:18:06.309+0000] {dagbag.py:538} INFO - Filling up the DagBag from /home/airflow/dags/model_training_dag.py
[2026-04-27T06:18:07.546+0000] {processor.py:840} INFO - DAG(s) 'model_training_pipeline' retrieved from /home/airflow/dags/model_training_dag.py
[2026-04-27T06:18:07.577+0000] {logging_mixin.py:188} INFO - [2026-04-27T06:18:07.577+0000] {dag.py:3036} INFO - Sync 1 DAGs
[2026-04-27T06:18:07.609+0000] {logging_mixin.py:188} INFO - [2026-04-27T06:18:07.608+0000] {dag.py:3823} INFO - Setting next_dagrun for model_training_pipeline to 2026-04-26 00:00:00+00:00, run_after=2026-05-03 00:00:00+00:00
[2026-04-27T06:18:07.640+0000] {processor.py:183} INFO - Processing /home/airflow/dags/model_training_dag.py took 1.337 seconds
[2026-04-27T06:18:38.171+0000] {processor.py:161} INFO - Started process (PID=498) to work on /home/airflow/dags/model_training_dag.py
[2026-04-27T06:18:38.175+0000] {processor.py:830} INFO - Processing file /home/airflow/dags/model_training_dag.py for tasks to queue
[2026-04-27T06:18:38.177+0000] {logging_mixin.py:188} INFO - [2026-04-27T06:18:38.177+0000] {dagbag.py:538} INFO - Filling up the DagBag from /home/airflow/dags/model_training_dag.py
[2026-04-27T06:18:41.078+0000] {processor.py:840} INFO - DAG(s) 'model_training_pipeline' retrieved from /home/airflow/dags/model_training_dag.py
[2026-04-27T06:18:41.180+0000] {logging_mixin.py:188} INFO - [2026-04-27T06:18:41.179+0000] {dag.py:3036} INFO - Sync 1 DAGs
[2026-04-27T06:18:41.287+0000] {logging_mixin.py:188} INFO - [2026-04-27T06:18:41.287+0000] {dag.py:3823} INFO - Setting next_dagrun for model_training_pipeline to 2026-04-26 00:00:00+00:00, run_after=2026-05-03 00:00:00+00:00
[2026-04-27T06:18:41.406+0000] {processor.py:183} INFO - Processing /home/airflow/dags/model_training_dag.py took 3.241 seconds
[2026-04-27T06:19:11.676+0000] {processor.py:161} INFO - Started process (PID=554) to work on /home/airflow/dags/model_training_dag.py
[2026-04-27T06:19:11.710+0000] {processor.py:830} INFO - Processing file /home/airflow/dags/model_training_dag.py for tasks to queue
[2026-04-27T06:19:11.750+0000] {logging_mixin.py:188} INFO - [2026-04-27T06:19:11.749+0000] {dagbag.py:538} INFO - Filling up the DagBag from /home/airflow/dags/model_training_dag.py
[2026-04-27T06:19:13.481+0000] {processor.py:840} INFO - DAG(s) 'model_training_pipeline' retrieved from /home/airflow/dags/model_training_dag.py
[2026-04-27T06:19:13.517+0000] {logging_mixin.py:188} INFO - [2026-04-27T06:19:13.516+0000] {dag.py:3036} INFO - Sync 1 DAGs
[2026-04-27T06:19:13.565+0000] {logging_mixin.py:188} INFO - [2026-04-27T06:19:13.564+0000] {dag.py:3823} INFO - Setting next_dagrun for model_training_pipeline to 2026-04-26 00:00:00+00:00, run_after=2026-05-03 00:00:00+00:00
[2026-04-27T06:19:13.624+0000] {processor.py:183} INFO - Processing /home/airflow/dags/model_training_dag.py took 1.954 seconds
[2026-04-27T06:19:44.109+0000] {processor.py:161} INFO - Started process (PID=599) to work on /home/airflow/dags/model_training_dag.py
[2026-04-27T06:19:44.112+0000] {processor.py:830} INFO - Processing file /home/airflow/dags/model_training_dag.py for tasks to queue
[2026-04-27T06:19:44.114+0000] {logging_mixin.py:188} INFO - [2026-04-27T06:19:44.113+0000] {dagbag.py:538} INFO - Filling up the DagBag from /home/airflow/dags/model_training_dag.py
[2026-04-27T06:19:45.718+0000] {processor.py:840} INFO - DAG(s) 'model_training_pipeline' retrieved from /home/airflow/dags/model_training_dag.py
[2026-04-27T06:19:45.751+0000] {logging_mixin.py:188} INFO - [2026-04-27T06:19:45.751+0000] {dag.py:3036} INFO - Sync 1 DAGs
[2026-04-27T06:19:45.775+0000] {logging_mixin.py:188} INFO - [2026-04-27T06:19:45.775+0000] {dag.py:3823} INFO - Setting next_dagrun for model_training_pipeline to 2026-04-26 00:00:00+00:00, run_after=2026-05-03 00:00:00+00:00
[2026-04-27T06:19:45.809+0000] {processor.py:183} INFO - Processing /home/airflow/dags/model_training_dag.py took 1.705 seconds
[2026-04-27T06:20:16.074+0000] {processor.py:161} INFO - Started process (PID=644) to work on /home/airflow/dags/model_training_dag.py
[2026-04-27T06:20:16.075+0000] {processor.py:830} INFO - Processing file /home/airflow/dags/model_training_dag.py for tasks to queue
[2026-04-27T06:20:16.076+0000] {logging_mixin.py:188} INFO - [2026-04-27T06:20:16.076+0000] {dagbag.py:538} INFO - Filling up the DagBag from /home/airflow/dags/model_training_dag.py
[2026-04-27T06:20:17.135+0000] {processor.py:840} INFO - DAG(s) 'model_training_pipeline' retrieved from /home/airflow/dags/model_training_dag.py
[2026-04-27T06:20:17.156+0000] {logging_mixin.py:188} INFO - [2026-04-27T06:20:17.156+0000] {dag.py:3036} INFO - Sync 1 DAGs
[2026-04-27T06:20:17.174+0000] {logging_mixin.py:188} INFO - [2026-04-27T06:20:17.174+0000] {dag.py:3823} INFO - Setting next_dagrun for model_training_pipeline to 2026-04-26 00:00:00+00:00, run_after=2026-05-03 00:00:00+00:00
[2026-04-27T06:20:17.195+0000] {processor.py:183} INFO - Processing /home/airflow/dags/model_training_dag.py took 1.124 seconds
[2026-04-27T06:20:47.577+0000] {processor.py:161} INFO - Started process (PID=689) to work on /home/airflow/dags/model_training_dag.py
[2026-04-27T06:20:47.579+0000] {processor.py:830} INFO - Processing file /home/airflow/dags/model_training_dag.py for tasks to queue
[2026-04-27T06:20:47.581+0000] {logging_mixin.py:188} INFO - [2026-04-27T06:20:47.580+0000] {dagbag.py:538} INFO - Filling up the DagBag from /home/airflow/dags/model_training_dag.py
[2026-04-27T06:20:48.920+0000] {processor.py:840} INFO - DAG(s) 'model_training_pipeline' retrieved from /home/airflow/dags/model_training_dag.py
[2026-04-27T06:20:48.944+0000] {logging_mixin.py:188} INFO - [2026-04-27T06:20:48.943+0000] {dag.py:3036} INFO - Sync 1 DAGs
[2026-04-27T06:20:48.963+0000] {logging_mixin.py:188} INFO - [2026-04-27T06:20:48.963+0000] {dag.py:3823} INFO - Setting next_dagrun for model_training_pipeline to 2026-04-26 00:00:00+00:00, run_after=2026-05-03 00:00:00+00:00
[2026-04-27T06:20:49.335+0000] {processor.py:183} INFO - Processing /home/airflow/dags/model_training_dag.py took 1.763 seconds
[2026-04-27T06:21:19.884+0000] {processor.py:161} INFO - Started process (PID=734) to work on /home/airflow/dags/model_training_dag.py
[2026-04-27T06:21:19.885+0000] {processor.py:830} INFO - Processing file /home/airflow/dags/model_training_dag.py for tasks to queue
[2026-04-27T06:21:19.887+0000] {logging_mixin.py:188} INFO - [2026-04-27T06:21:19.886+0000] {dagbag.py:538} INFO - Filling up the DagBag from /home/airflow/dags/model_training_dag.py
[2026-04-27T06:21:20.977+0000] {processor.py:840} INFO - DAG(s) 'model_training_pipeline' retrieved from /home/airflow/dags/model_training_dag.py
[2026-04-27T06:21:21.002+0000] {logging_mixin.py:188} INFO - [2026-04-27T06:21:21.002+0000] {dag.py:3036} INFO - Sync 1 DAGs
[2026-04-27T06:21:21.022+0000] {logging_mixin.py:188} INFO - [2026-04-27T06:21:21.022+0000] {dag.py:3823} INFO - Setting next_dagrun for model_training_pipeline to 2026-04-26 00:00:00+00:00, run_after=2026-05-03 00:00:00+00:00
[2026-04-27T06:21:21.060+0000] {processor.py:183} INFO - Processing /home/airflow/dags/model_training_dag.py took 1.180 seconds
[2026-04-27T06:21:51.416+0000] {processor.py:161} INFO - Started process (PID=779) to work on /home/airflow/dags/model_training_dag.py
[2026-04-27T06:21:51.418+0000] {processor.py:830} INFO - Processing file /home/airflow/dags/model_training_dag.py for tasks to queue
[2026-04-27T06:21:51.419+0000] {logging_mixin.py:188} INFO - [2026-04-27T06:21:51.419+0000] {dagbag.py:538} INFO - Filling up the DagBag from /home/airflow/dags/model_training_dag.py
[2026-04-27T06:21:52.510+0000] {processor.py:840} INFO - DAG(s) 'model_training_pipeline' retrieved from /home/airflow/dags/model_training_dag.py
[2026-04-27T06:21:52.541+0000] {logging_mixin.py:188} INFO - [2026-04-27T06:21:52.540+0000] {dag.py:3036} INFO - Sync 1 DAGs
[2026-04-27T06:21:52.564+0000] {logging_mixin.py:188} INFO - [2026-04-27T06:21:52.564+0000] {dag.py:3823} INFO - Setting next_dagrun for model_training_pipeline to 2026-04-26 00:00:00+00:00, run_after=2026-05-03 00:00:00+00:00
[2026-04-27T06:21:52.589+0000] {processor.py:183} INFO - Processing /home/airflow/dags/model_training_dag.py took 1.177 seconds
[2026-04-27T06:22:22.928+0000] {processor.py:161} INFO - Started process (PID=824) to work on /home/airflow/dags/model_training_dag.py
[2026-04-27T06:22:22.930+0000] {processor.py:830} INFO - Processing file /home/airflow/dags/model_training_dag.py for tasks to queue
[2026-04-27T06:22:22.932+0000] {logging_mixin.py:188} INFO - [2026-04-27T06:22:22.932+0000] {dagbag.py:538} INFO - Filling up the DagBag from /home/airflow/dags/model_training_dag.py
[2026-04-27T06:22:23.923+0000] {processor.py:840} INFO - DAG(s) 'model_training_pipeline' retrieved from /home/airflow/dags/model_training_dag.py
[2026-04-27T06:22:23.950+0000] {logging_mixin.py:188} INFO - [2026-04-27T06:22:23.949+0000] {dag.py:3036} INFO - Sync 1 DAGs
[2026-04-27T06:22:23.968+0000] {logging_mixin.py:188} INFO - [2026-04-27T06:22:23.968+0000] {dag.py:3823} INFO - Setting next_dagrun for model_training_pipeline to 2026-04-26 00:00:00+00:00, run_after=2026-05-03 00:00:00+00:00
[2026-04-27T06:22:23.992+0000] {processor.py:183} INFO - Processing /home/airflow/dags/model_training_dag.py took 1.069 seconds
[2026-04-27T06:22:54.324+0000] {processor.py:161} INFO - Started process (PID=869) to work on /home/airflow/dags/model_training_dag.py
[2026-04-27T06:22:54.326+0000] {processor.py:830} INFO - Processing file /home/airflow/dags/model_training_dag.py for tasks to queue
[2026-04-27T06:22:54.327+0000] {logging_mixin.py:188} INFO - [2026-04-27T06:22:54.327+0000] {dagbag.py:538} INFO - Filling up the DagBag from /home/airflow/dags/model_training_dag.py
[2026-04-27T06:22:55.303+0000] {processor.py:840} INFO - DAG(s) 'model_training_pipeline' retrieved from /home/airflow/dags/model_training_dag.py
[2026-04-27T06:22:55.325+0000] {logging_mixin.py:188} INFO - [2026-04-27T06:22:55.324+0000] {dag.py:3036} INFO - Sync 1 DAGs
[2026-04-27T06:22:55.343+0000] {logging_mixin.py:188} INFO - [2026-04-27T06:22:55.343+0000] {dag.py:3823} INFO - Setting next_dagrun for model_training_pipeline to 2026-04-26 00:00:00+00:00, run_after=2026-05-03 00:00:00+00:00
[2026-04-27T06:22:55.366+0000] {processor.py:183} INFO - Processing /home/airflow/dags/model_training_dag.py took 1.045 seconds
[2026-04-27T06:23:25.748+0000] {processor.py:161} INFO - Started process (PID=914) to work on /home/airflow/dags/model_training_dag.py
[2026-04-27T06:23:25.750+0000] {processor.py:830} INFO - Processing file /home/airflow/dags/model_training_dag.py for tasks to queue
[2026-04-27T06:23:25.751+0000] {logging_mixin.py:188} INFO - [2026-04-27T06:23:25.751+0000] {dagbag.py:538} INFO - Filling up the DagBag from /home/airflow/dags/model_training_dag.py
[2026-04-27T06:23:26.954+0000] {processor.py:840} INFO - DAG(s) 'model_training_pipeline' retrieved from /home/airflow/dags/model_training_dag.py
[2026-04-27T06:23:26.976+0000] {logging_mixin.py:188} INFO - [2026-04-27T06:23:26.976+0000] {dag.py:3036} INFO - Sync 1 DAGs
[2026-04-27T06:23:26.996+0000] {logging_mixin.py:188} INFO - [2026-04-27T06:23:26.996+0000] {dag.py:3823} INFO - Setting next_dagrun for model_training_pipeline to 2026-04-26 00:00:00+00:00, run_after=2026-05-03 00:00:00+00:00
[2026-04-27T06:23:27.022+0000] {processor.py:183} INFO - Processing /home/airflow/dags/model_training_dag.py took 1.277 seconds
[2026-04-27T06:23:57.375+0000] {processor.py:161} INFO - Started process (PID=959) to work on /home/airflow/dags/model_training_dag.py
[2026-04-27T06:23:57.378+0000] {processor.py:830} INFO - Processing file /home/airflow/dags/model_training_dag.py for tasks to queue
[2026-04-27T06:23:57.379+0000] {logging_mixin.py:188} INFO - [2026-04-27T06:23:57.378+0000] {dagbag.py:538} INFO - Filling up the DagBag from /home/airflow/dags/model_training_dag.py
[2026-04-27T06:23:58.827+0000] {processor.py:840} INFO - DAG(s) 'model_training_pipeline' retrieved from /home/airflow/dags/model_training_dag.py
[2026-04-27T06:23:58.855+0000] {logging_mixin.py:188} INFO - [2026-04-27T06:23:58.855+0000] {dag.py:3036} INFO - Sync 1 DAGs
[2026-04-27T06:23:58.889+0000] {logging_mixin.py:188} INFO - [2026-04-27T06:23:58.889+0000] {dag.py:3823} INFO - Setting next_dagrun for model_training_pipeline to 2026-04-26 00:00:00+00:00, run_after=2026-05-03 00:00:00+00:00
[2026-04-27T06:23:58.918+0000] {processor.py:183} INFO - Processing /home/airflow/dags/model_training_dag.py took 1.547 seconds
[2026-04-27T06:24:29.295+0000] {processor.py:161} INFO - Started process (PID=1004) to work on /home/airflow/dags/model_training_dag.py
[2026-04-27T06:24:29.297+0000] {processor.py:830} INFO - Processing file /home/airflow/dags/model_training_dag.py for tasks to queue
[2026-04-27T06:24:29.299+0000] {logging_mixin.py:188} INFO - [2026-04-27T06:24:29.298+0000] {dagbag.py:538} INFO - Filling up the DagBag from /home/airflow/dags/model_training_dag.py
[2026-04-27T06:24:30.753+0000] {processor.py:840} INFO - DAG(s) 'model_training_pipeline' retrieved from /home/airflow/dags/model_training_dag.py
[2026-04-27T06:24:30.792+0000] {logging_mixin.py:188} INFO - [2026-04-27T06:24:30.791+0000] {dag.py:3036} INFO - Sync 1 DAGs
[2026-04-27T06:24:30.824+0000] {logging_mixin.py:188} INFO - [2026-04-27T06:24:30.823+0000] {dag.py:3823} INFO - Setting next_dagrun for model_training_pipeline to 2026-04-26 00:00:00+00:00, run_after=2026-05-03 00:00:00+00:00
[2026-04-27T06:24:30.846+0000] {processor.py:183} INFO - Processing /home/airflow/dags/model_training_dag.py took 1.557 seconds
[2026-04-27T06:25:01.162+0000] {processor.py:161} INFO - Started process (PID=1049) to work on /home/airflow/dags/model_training_dag.py
[2026-04-27T06:25:01.163+0000] {processor.py:830} INFO - Processing file /home/airflow/dags/model_training_dag.py for tasks to queue
[2026-04-27T06:25:01.165+0000] {logging_mixin.py:188} INFO - [2026-04-27T06:25:01.164+0000] {dagbag.py:538} INFO - Filling up the DagBag from /home/airflow/dags/model_training_dag.py
[2026-04-27T06:25:02.566+0000] {processor.py:840} INFO - DAG(s) 'model_training_pipeline' retrieved from /home/airflow/dags/model_training_dag.py
[2026-04-27T06:25:02.591+0000] {logging_mixin.py:188} INFO - [2026-04-27T06:25:02.591+0000] {dag.py:3036} INFO - Sync 1 DAGs
[2026-04-27T06:25:02.624+0000] {logging_mixin.py:188} INFO - [2026-04-27T06:25:02.624+0000] {dag.py:3823} INFO - Setting next_dagrun for model_training_pipeline to 2026-04-26 00:00:00+00:00, run_after=2026-05-03 00:00:00+00:00
[2026-04-27T06:25:02.662+0000] {processor.py:183} INFO - Processing /home/airflow/dags/model_training_dag.py took 1.506 seconds
[2026-04-27T06:25:33.014+0000] {processor.py:161} INFO - Started process (PID=1094) to work on /home/airflow/dags/model_training_dag.py
[2026-04-27T06:25:33.016+0000] {processor.py:830} INFO - Processing file /home/airflow/dags/model_training_dag.py for tasks to queue
[2026-04-27T06:25:33.017+0000] {logging_mixin.py:188} INFO - [2026-04-27T06:25:33.017+0000] {dagbag.py:538} INFO - Filling up the DagBag from /home/airflow/dags/model_training_dag.py
[2026-04-27T06:25:34.202+0000] {processor.py:840} INFO - DAG(s) 'model_training_pipeline' retrieved from /home/airflow/dags/model_training_dag.py
[2026-04-27T06:25:34.225+0000] {logging_mixin.py:188} INFO - [2026-04-27T06:25:34.224+0000] {dag.py:3036} INFO - Sync 1 DAGs
[2026-04-27T06:25:34.243+0000] {logging_mixin.py:188} INFO - [2026-04-27T06:25:34.242+0000] {dag.py:3823} INFO - Setting next_dagrun for model_training_pipeline to 2026-04-26 00:00:00+00:00, run_after=2026-05-03 00:00:00+00:00
[2026-04-27T06:25:34.263+0000] {processor.py:183} INFO - Processing /home/airflow/dags/model_training_dag.py took 1.253 seconds
[2026-04-27T06:26:04.441+0000] {processor.py:161} INFO - Started process (PID=1139) to work on /home/airflow/dags/model_training_dag.py
[2026-04-27T06:26:04.442+0000] {processor.py:830} INFO - Processing file /home/airflow/dags/model_training_dag.py for tasks to queue
[2026-04-27T06:26:04.443+0000] {logging_mixin.py:188} INFO - [2026-04-27T06:26:04.443+0000] {dagbag.py:538} INFO - Filling up the DagBag from /home/airflow/dags/model_training_dag.py
[2026-04-27T06:26:05.536+0000] {processor.py:840} INFO - DAG(s) 'model_training_pipeline' retrieved from /home/airflow/dags/model_training_dag.py
[2026-04-27T06:26:05.560+0000] {logging_mixin.py:188} INFO - [2026-04-27T06:26:05.559+0000] {dag.py:3036} INFO - Sync 1 DAGs
[2026-04-27T06:26:05.578+0000] {logging_mixin.py:188} INFO - [2026-04-27T06:26:05.578+0000] {dag.py:3823} INFO - Setting next_dagrun for model_training_pipeline to 2026-04-26 00:00:00+00:00, run_after=2026-05-03 00:00:00+00:00
[2026-04-27T06:26:05.599+0000] {processor.py:183} INFO - Processing /home/airflow/dags/model_training_dag.py took 1.163 seconds
[2026-04-27T06:26:35.806+0000] {processor.py:161} INFO - Started process (PID=1184) to work on /home/airflow/dags/model_training_dag.py
[2026-04-27T06:26:35.810+0000] {processor.py:830} INFO - Processing file /home/airflow/dags/model_training_dag.py for tasks to queue
[2026-04-27T06:26:35.812+0000] {logging_mixin.py:188} INFO - [2026-04-27T06:26:35.811+0000] {dagbag.py:538} INFO - Filling up the DagBag from /home/airflow/dags/model_training_dag.py
[2026-04-27T06:26:36.873+0000] {processor.py:840} INFO - DAG(s) 'model_training_pipeline' retrieved from /home/airflow/dags/model_training_dag.py
[2026-04-27T06:26:36.904+0000] {logging_mixin.py:188} INFO - [2026-04-27T06:26:36.903+0000] {dag.py:3036} INFO - Sync 1 DAGs
[2026-04-27T06:26:36.924+0000] {logging_mixin.py:188} INFO - [2026-04-27T06:26:36.924+0000] {dag.py:3823} INFO - Setting next_dagrun for model_training_pipeline to 2026-04-26 00:00:00+00:00, run_after=2026-05-03 00:00:00+00:00
[2026-04-27T06:26:36.951+0000] {processor.py:183} INFO - Processing /home/airflow/dags/model_training_dag.py took 1.148 seconds
[2026-04-27T12:22:16.359+0000] {processor.py:161} INFO - Started process (PID=1226) to work on /home/airflow/dags/model_training_dag.py
[2026-04-27T12:22:16.395+0000] {processor.py:830} INFO - Processing file /home/airflow/dags/model_training_dag.py for tasks to queue
[2026-04-27T12:22:16.529+0000] {logging_mixin.py:188} INFO - [2026-04-27T12:22:16.503+0000] {dagbag.py:538} INFO - Filling up the DagBag from /home/airflow/dags/model_training_dag.py
[2026-04-27T12:24:17.878+0000] {processor.py:161} INFO - Started process (PID=1255) to work on /home/airflow/dags/model_training_dag.py
[2026-04-27T12:24:17.880+0000] {processor.py:830} INFO - Processing file /home/airflow/dags/model_training_dag.py for tasks to queue
[2026-04-27T12:24:17.882+0000] {logging_mixin.py:188} INFO - [2026-04-27T12:24:17.881+0000] {dagbag.py:538} INFO - Filling up the DagBag from /home/airflow/dags/model_training_dag.py
[2026-04-27T12:24:20.455+0000] {processor.py:840} INFO - DAG(s) 'model_training_pipeline' retrieved from /home/airflow/dags/model_training_dag.py
[2026-04-27T12:24:20.497+0000] {logging_mixin.py:188} INFO - [2026-04-27T12:24:20.496+0000] {dag.py:3036} INFO - Sync 1 DAGs
[2026-04-27T12:24:20.530+0000] {logging_mixin.py:188} INFO - [2026-04-27T12:24:20.530+0000] {dag.py:3823} INFO - Setting next_dagrun for model_training_pipeline to 2026-04-26 00:00:00+00:00, run_after=2026-05-03 00:00:00+00:00
[2026-04-27T12:24:20.574+0000] {processor.py:183} INFO - Processing /home/airflow/dags/model_training_dag.py took 2.701 seconds
[2026-04-27T12:24:51.305+0000] {processor.py:161} INFO - Started process (PID=1300) to work on /home/airflow/dags/model_training_dag.py
[2026-04-27T12:24:51.309+0000] {processor.py:830} INFO - Processing file /home/airflow/dags/model_training_dag.py for tasks to queue
[2026-04-27T12:24:51.310+0000] {logging_mixin.py:188} INFO - [2026-04-27T12:24:51.309+0000] {dagbag.py:538} INFO - Filling up the DagBag from /home/airflow/dags/model_training_dag.py
[2026-04-27T12:24:53.100+0000] {processor.py:840} INFO - DAG(s) 'model_training_pipeline' retrieved from /home/airflow/dags/model_training_dag.py
[2026-04-27T12:24:53.125+0000] {logging_mixin.py:188} INFO - [2026-04-27T12:24:53.124+0000] {dag.py:3036} INFO - Sync 1 DAGs
[2026-04-27T12:24:53.143+0000] {logging_mixin.py:188} INFO - [2026-04-27T12:24:53.143+0000] {dag.py:3823} INFO - Setting next_dagrun for model_training_pipeline to 2026-04-26 00:00:00+00:00, run_after=2026-05-03 00:00:00+00:00
[2026-04-27T12:24:53.161+0000] {processor.py:183} INFO - Processing /home/airflow/dags/model_training_dag.py took 1.860 seconds
[2026-04-27T12:25:23.971+0000] {processor.py:161} INFO - Started process (PID=1346) to work on /home/airflow/dags/model_training_dag.py
[2026-04-27T12:25:23.975+0000] {processor.py:830} INFO - Processing file /home/airflow/dags/model_training_dag.py for tasks to queue
[2026-04-27T12:25:23.978+0000] {logging_mixin.py:188} INFO - [2026-04-27T12:25:23.977+0000] {dagbag.py:538} INFO - Filling up the DagBag from /home/airflow/dags/model_training_dag.py
[2026-04-27T12:25:25.203+0000] {processor.py:840} INFO - DAG(s) 'model_training_pipeline' retrieved from /home/airflow/dags/model_training_dag.py
[2026-04-27T12:25:25.231+0000] {logging_mixin.py:188} INFO - [2026-04-27T12:25:25.231+0000] {dag.py:3036} INFO - Sync 1 DAGs
[2026-04-27T12:25:25.248+0000] {logging_mixin.py:188} INFO - [2026-04-27T12:25:25.248+0000] {dag.py:3823} INFO - Setting next_dagrun for model_training_pipeline to 2026-04-26 00:00:00+00:00, run_after=2026-05-03 00:00:00+00:00
[2026-04-27T12:25:25.274+0000] {processor.py:183} INFO - Processing /home/airflow/dags/model_training_dag.py took 1.309 seconds
[2026-04-27T12:25:55.670+0000] {processor.py:161} INFO - Started process (PID=1398) to work on /home/airflow/dags/model_training_dag.py
[2026-04-27T12:25:55.671+0000] {processor.py:830} INFO - Processing file /home/airflow/dags/model_training_dag.py for tasks to queue
[2026-04-27T12:25:55.672+0000] {logging_mixin.py:188} INFO - [2026-04-27T12:25:55.672+0000] {dagbag.py:538} INFO - Filling up the DagBag from /home/airflow/dags/model_training_dag.py
[2026-04-27T12:25:57.032+0000] {processor.py:840} INFO - DAG(s) 'model_training_pipeline' retrieved from /home/airflow/dags/model_training_dag.py
[2026-04-27T12:25:57.053+0000] {logging_mixin.py:188} INFO - [2026-04-27T12:25:57.053+0000] {dag.py:3036} INFO - Sync 1 DAGs
[2026-04-27T12:25:57.070+0000] {logging_mixin.py:188} INFO - [2026-04-27T12:25:57.070+0000] {dag.py:3823} INFO - Setting next_dagrun for model_training_pipeline to 2026-04-26 00:00:00+00:00, run_after=2026-05-03 00:00:00+00:00
[2026-04-27T12:25:57.094+0000] {processor.py:183} INFO - Processing /home/airflow/dags/model_training_dag.py took 1.427 seconds
[2026-04-27T12:26:27.164+0000] {processor.py:161} INFO - Started process (PID=1445) to work on /home/airflow/dags/model_training_dag.py
[2026-04-27T12:26:27.166+0000] {processor.py:830} INFO - Processing file /home/airflow/dags/model_training_dag.py for tasks to queue
[2026-04-27T12:26:27.167+0000] {logging_mixin.py:188} INFO - [2026-04-27T12:26:27.166+0000] {dagbag.py:538} INFO - Filling up the DagBag from /home/airflow/dags/model_training_dag.py
[2026-04-27T12:26:27.951+0000] {processor.py:840} INFO - DAG(s) 'model_training_pipeline' retrieved from /home/airflow/dags/model_training_dag.py
[2026-04-27T12:26:27.970+0000] {logging_mixin.py:188} INFO - [2026-04-27T12:26:27.969+0000] {dag.py:3036} INFO - Sync 1 DAGs
[2026-04-27T12:26:27.985+0000] {logging_mixin.py:188} INFO - [2026-04-27T12:26:27.985+0000] {dag.py:3823} INFO - Setting next_dagrun for model_training_pipeline to 2026-04-26 00:00:00+00:00, run_after=2026-05-03 00:00:00+00:00
[2026-04-27T12:26:28.006+0000] {processor.py:183} INFO - Processing /home/airflow/dags/model_training_dag.py took 0.847 seconds
[2026-04-27T12:26:58.702+0000] {processor.py:161} INFO - Started process (PID=1490) to work on /home/airflow/dags/model_training_dag.py
[2026-04-27T12:26:58.703+0000] {processor.py:830} INFO - Processing file /home/airflow/dags/model_training_dag.py for tasks to queue
[2026-04-27T12:26:58.705+0000] {logging_mixin.py:188} INFO - [2026-04-27T12:26:58.704+0000] {dagbag.py:538} INFO - Filling up the DagBag from /home/airflow/dags/model_training_dag.py
[2026-04-27T12:26:59.740+0000] {processor.py:840} INFO - DAG(s) 'model_training_pipeline' retrieved from /home/airflow/dags/model_training_dag.py
[2026-04-27T12:26:59.769+0000] {logging_mixin.py:188} INFO - [2026-04-27T12:26:59.768+0000] {dag.py:3036} INFO - Sync 1 DAGs
[2026-04-27T12:26:59.789+0000] {logging_mixin.py:188} INFO - [2026-04-27T12:26:59.789+0000] {dag.py:3823} INFO - Setting next_dagrun for model_training_pipeline to 2026-04-26 00:00:00+00:00, run_after=2026-05-03 00:00:00+00:00
[2026-04-27T12:26:59.814+0000] {processor.py:183} INFO - Processing /home/airflow/dags/model_training_dag.py took 1.117 seconds
[2026-04-27T12:27:30.180+0000] {processor.py:161} INFO - Started process (PID=1535) to work on /home/airflow/dags/model_training_dag.py
[2026-04-27T12:27:30.181+0000] {processor.py:830} INFO - Processing file /home/airflow/dags/model_training_dag.py for tasks to queue
[2026-04-27T12:27:30.183+0000] {logging_mixin.py:188} INFO - [2026-04-27T12:27:30.182+0000] {dagbag.py:538} INFO - Filling up the DagBag from /home/airflow/dags/model_training_dag.py
[2026-04-27T12:27:31.293+0000] {processor.py:840} INFO - DAG(s) 'model_training_pipeline' retrieved from /home/airflow/dags/model_training_dag.py
[2026-04-27T12:27:31.326+0000] {logging_mixin.py:188} INFO - [2026-04-27T12:27:31.325+0000] {dag.py:3036} INFO - Sync 1 DAGs
[2026-04-27T12:27:31.345+0000] {logging_mixin.py:188} INFO - [2026-04-27T12:27:31.344+0000] {dag.py:3823} INFO - Setting next_dagrun for model_training_pipeline to 2026-04-26 00:00:00+00:00, run_after=2026-05-03 00:00:00+00:00
[2026-04-27T12:27:31.366+0000] {processor.py:183} INFO - Processing /home/airflow/dags/model_training_dag.py took 1.190 seconds
[2026-04-27T12:28:01.767+0000] {processor.py:161} INFO - Started process (PID=1578) to work on /home/airflow/dags/model_training_dag.py
[2026-04-27T12:28:01.769+0000] {processor.py:830} INFO - Processing file /home/airflow/dags/model_training_dag.py for tasks to queue
[2026-04-27T12:28:01.770+0000] {logging_mixin.py:188} INFO - [2026-04-27T12:28:01.770+0000] {dagbag.py:538} INFO - Filling up the DagBag from /home/airflow/dags/model_training_dag.py
[2026-04-27T12:28:02.993+0000] {processor.py:840} INFO - DAG(s) 'model_training_pipeline' retrieved from /home/airflow/dags/model_training_dag.py
[2026-04-27T12:28:03.015+0000] {logging_mixin.py:188} INFO - [2026-04-27T12:28:03.015+0000] {dag.py:3036} INFO - Sync 1 DAGs
[2026-04-27T12:28:03.040+0000] {logging_mixin.py:188} INFO - [2026-04-27T12:28:03.039+0000] {dag.py:3823} INFO - Setting next_dagrun for model_training_pipeline to 2026-04-26 00:00:00+00:00, run_after=2026-05-03 00:00:00+00:00
[2026-04-27T12:28:03.079+0000] {processor.py:183} INFO - Processing /home/airflow/dags/model_training_dag.py took 1.316 seconds
[2026-04-27T12:28:33.764+0000] {processor.py:161} INFO - Started process (PID=1629) to work on /home/airflow/dags/model_training_dag.py
[2026-04-27T12:28:33.766+0000] {processor.py:830} INFO - Processing file /home/airflow/dags/model_training_dag.py for tasks to queue
[2026-04-27T12:28:33.767+0000] {logging_mixin.py:188} INFO - [2026-04-27T12:28:33.767+0000] {dagbag.py:538} INFO - Filling up the DagBag from /home/airflow/dags/model_training_dag.py
[2026-04-27T12:28:34.832+0000] {processor.py:840} INFO - DAG(s) 'model_training_pipeline' retrieved from /home/airflow/dags/model_training_dag.py
[2026-04-27T12:28:34.852+0000] {logging_mixin.py:188} INFO - [2026-04-27T12:28:34.852+0000] {dag.py:3036} INFO - Sync 1 DAGs
[2026-04-27T12:28:34.873+0000] {logging_mixin.py:188} INFO - [2026-04-27T12:28:34.872+0000] {dag.py:3823} INFO - Setting next_dagrun for model_training_pipeline to 2026-04-26 00:00:00+00:00, run_after=2026-05-03 00:00:00+00:00
[2026-04-27T12:28:34.897+0000] {processor.py:183} INFO - Processing /home/airflow/dags/model_training_dag.py took 1.139 seconds
[2026-04-27T12:29:05.319+0000] {processor.py:161} INFO - Started process (PID=1667) to work on /home/airflow/dags/model_training_dag.py
[2026-04-27T12:29:05.322+0000] {processor.py:830} INFO - Processing file /home/airflow/dags/model_training_dag.py for tasks to queue
[2026-04-27T12:29:05.324+0000] {logging_mixin.py:188} INFO - [2026-04-27T12:29:05.323+0000] {dagbag.py:538} INFO - Filling up the DagBag from /home/airflow/dags/model_training_dag.py
[2026-04-27T12:29:06.694+0000] {processor.py:840} INFO - DAG(s) 'model_training_pipeline' retrieved from /home/airflow/dags/model_training_dag.py
[2026-04-27T12:29:06.718+0000] {logging_mixin.py:188} INFO - [2026-04-27T12:29:06.718+0000] {dag.py:3036} INFO - Sync 1 DAGs
[2026-04-27T12:29:06.738+0000] {logging_mixin.py:188} INFO - [2026-04-27T12:29:06.737+0000] {dag.py:3823} INFO - Setting next_dagrun for model_training_pipeline to 2026-04-26 00:00:00+00:00, run_after=2026-05-03 00:00:00+00:00
[2026-04-27T12:29:06.764+0000] {processor.py:183} INFO - Processing /home/airflow/dags/model_training_dag.py took 1.450 seconds
[2026-04-27T12:29:37.453+0000] {processor.py:161} INFO - Started process (PID=1719) to work on /home/airflow/dags/model_training_dag.py
[2026-04-27T12:29:37.454+0000] {processor.py:830} INFO - Processing file /home/airflow/dags/model_training_dag.py for tasks to queue
[2026-04-27T12:29:37.455+0000] {logging_mixin.py:188} INFO - [2026-04-27T12:29:37.455+0000] {dagbag.py:538} INFO - Filling up the DagBag from /home/airflow/dags/model_training_dag.py
[2026-04-27T12:29:38.553+0000] {processor.py:840} INFO - DAG(s) 'model_training_pipeline' retrieved from /home/airflow/dags/model_training_dag.py
[2026-04-27T12:29:38.574+0000] {logging_mixin.py:188} INFO - [2026-04-27T12:29:38.574+0000] {dag.py:3036} INFO - Sync 1 DAGs
[2026-04-27T12:29:38.594+0000] {logging_mixin.py:188} INFO - [2026-04-27T12:29:38.593+0000] {dag.py:3823} INFO - Setting next_dagrun for model_training_pipeline to 2026-04-26 00:00:00+00:00, run_after=2026-05-03 00:00:00+00:00
[2026-04-27T12:29:38.616+0000] {processor.py:183} INFO - Processing /home/airflow/dags/model_training_dag.py took 1.167 seconds
[2026-04-27T12:30:08.859+0000] {processor.py:161} INFO - Started process (PID=1766) to work on /home/airflow/dags/model_training_dag.py
[2026-04-27T12:30:08.861+0000] {processor.py:830} INFO - Processing file /home/airflow/dags/model_training_dag.py for tasks to queue
[2026-04-27T12:30:08.862+0000] {logging_mixin.py:188} INFO - [2026-04-27T12:30:08.862+0000] {dagbag.py:538} INFO - Filling up the DagBag from /home/airflow/dags/model_training_dag.py
[2026-04-27T12:30:09.762+0000] {processor.py:840} INFO - DAG(s) 'model_training_pipeline' retrieved from /home/airflow/dags/model_training_dag.py
[2026-04-27T12:30:09.924+0000] {logging_mixin.py:188} INFO - [2026-04-27T12:30:09.924+0000] {dag.py:3036} INFO - Sync 1 DAGs
[2026-04-27T12:30:09.945+0000] {logging_mixin.py:188} INFO - [2026-04-27T12:30:09.945+0000] {dag.py:3823} INFO - Setting next_dagrun for model_training_pipeline to 2026-04-26 00:00:00+00:00, run_after=2026-05-03 00:00:00+00:00
[2026-04-27T12:30:09.969+0000] {processor.py:183} INFO - Processing /home/airflow/dags/model_training_dag.py took 1.112 seconds
[2026-04-27T12:30:40.172+0000] {processor.py:161} INFO - Started process (PID=1811) to work on /home/airflow/dags/model_training_dag.py
[2026-04-27T12:30:40.174+0000] {processor.py:830} INFO - Processing file /home/airflow/dags/model_training_dag.py for tasks to queue
[2026-04-27T12:30:40.177+0000] {logging_mixin.py:188} INFO - [2026-04-27T12:30:40.176+0000] {dagbag.py:538} INFO - Filling up the DagBag from /home/airflow/dags/model_training_dag.py
[2026-04-27T12:30:41.494+0000] {processor.py:840} INFO - DAG(s) 'model_training_pipeline' retrieved from /home/airflow/dags/model_training_dag.py
[2026-04-27T12:30:41.517+0000] {logging_mixin.py:188} INFO - [2026-04-27T12:30:41.517+0000] {dag.py:3036} INFO - Sync 1 DAGs
[2026-04-27T12:30:41.537+0000] {logging_mixin.py:188} INFO - [2026-04-27T12:30:41.537+0000] {dag.py:3823} INFO - Setting next_dagrun for model_training_pipeline to 2026-04-26 00:00:00+00:00, run_after=2026-05-03 00:00:00+00:00
[2026-04-27T12:30:41.563+0000] {processor.py:183} INFO - Processing /home/airflow/dags/model_training_dag.py took 1.396 seconds
[2026-04-27T12:31:12.470+0000] {processor.py:161} INFO - Started process (PID=1856) to work on /home/airflow/dags/model_training_dag.py
[2026-04-27T12:31:12.472+0000] {processor.py:830} INFO - Processing file /home/airflow/dags/model_training_dag.py for tasks to queue
[2026-04-27T12:31:12.473+0000] {logging_mixin.py:188} INFO - [2026-04-27T12:31:12.472+0000] {dagbag.py:538} INFO - Filling up the DagBag from /home/airflow/dags/model_training_dag.py
[2026-04-27T12:31:13.563+0000] {processor.py:840} INFO - DAG(s) 'model_training_pipeline' retrieved from /home/airflow/dags/model_training_dag.py
[2026-04-27T12:31:13.586+0000] {logging_mixin.py:188} INFO - [2026-04-27T12:31:13.586+0000] {dag.py:3036} INFO - Sync 1 DAGs
[2026-04-27T12:31:13.605+0000] {logging_mixin.py:188} INFO - [2026-04-27T12:31:13.605+0000] {dag.py:3823} INFO - Setting next_dagrun for model_training_pipeline to 2026-04-26 00:00:00+00:00, run_after=2026-05-03 00:00:00+00:00
[2026-04-27T12:31:13.632+0000] {processor.py:183} INFO - Processing /home/airflow/dags/model_training_dag.py took 1.166 seconds
[2026-04-27T12:31:43.910+0000] {processor.py:161} INFO - Started process (PID=1901) to work on /home/airflow/dags/model_training_dag.py
[2026-04-27T12:31:43.911+0000] {processor.py:830} INFO - Processing file /home/airflow/dags/model_training_dag.py for tasks to queue
[2026-04-27T12:31:43.912+0000] {logging_mixin.py:188} INFO - [2026-04-27T12:31:43.912+0000] {dagbag.py:538} INFO - Filling up the DagBag from /home/airflow/dags/model_training_dag.py
[2026-04-27T12:31:45.056+0000] {processor.py:840} INFO - DAG(s) 'model_training_pipeline' retrieved from /home/airflow/dags/model_training_dag.py
[2026-04-27T12:31:45.078+0000] {logging_mixin.py:188} INFO - [2026-04-27T12:31:45.078+0000] {dag.py:3036} INFO - Sync 1 DAGs
[2026-04-27T12:31:45.093+0000] {logging_mixin.py:188} INFO - [2026-04-27T12:31:45.093+0000] {dag.py:3823} INFO - Setting next_dagrun for model_training_pipeline to 2026-04-26 00:00:00+00:00, run_after=2026-05-03 00:00:00+00:00
[2026-04-27T12:31:45.118+0000] {processor.py:183} INFO - Processing /home/airflow/dags/model_training_dag.py took 1.211 seconds
[2026-04-27T12:32:15.284+0000] {processor.py:161} INFO - Started process (PID=1946) to work on /home/airflow/dags/model_training_dag.py
[2026-04-27T12:32:15.286+0000] {processor.py:830} INFO - Processing file /home/airflow/dags/model_training_dag.py for tasks to queue
[2026-04-27T12:32:15.287+0000] {logging_mixin.py:188} INFO - [2026-04-27T12:32:15.286+0000] {dagbag.py:538} INFO - Filling up the DagBag from /home/airflow/dags/model_training_dag.py
[2026-04-27T12:32:16.308+0000] {processor.py:840} INFO - DAG(s) 'model_training_pipeline' retrieved from /home/airflow/dags/model_training_dag.py
[2026-04-27T12:32:16.332+0000] {logging_mixin.py:188} INFO - [2026-04-27T12:32:16.332+0000] {dag.py:3036} INFO - Sync 1 DAGs
[2026-04-27T12:32:16.353+0000] {logging_mixin.py:188} INFO - [2026-04-27T12:32:16.353+0000] {dag.py:3823} INFO - Setting next_dagrun for model_training_pipeline to 2026-04-26 00:00:00+00:00, run_after=2026-05-03 00:00:00+00:00
[2026-04-27T12:32:16.377+0000] {processor.py:183} INFO - Processing /home/airflow/dags/model_training_dag.py took 1.096 seconds
[2026-04-27T12:32:46.769+0000] {processor.py:161} INFO - Started process (PID=1991) to work on /home/airflow/dags/model_training_dag.py
[2026-04-27T12:32:46.770+0000] {processor.py:830} INFO - Processing file /home/airflow/dags/model_training_dag.py for tasks to queue
[2026-04-27T12:32:46.772+0000] {logging_mixin.py:188} INFO - [2026-04-27T12:32:46.771+0000] {dagbag.py:538} INFO - Filling up the DagBag from /home/airflow/dags/model_training_dag.py
[2026-04-27T12:32:47.795+0000] {processor.py:840} INFO - DAG(s) 'model_training_pipeline' retrieved from /home/airflow/dags/model_training_dag.py
[2026-04-27T12:32:47.819+0000] {logging_mixin.py:188} INFO - [2026-04-27T12:32:47.819+0000] {dag.py:3036} INFO - Sync 1 DAGs
[2026-04-27T12:32:47.984+0000] {logging_mixin.py:188} INFO - [2026-04-27T12:32:47.984+0000] {dag.py:3823} INFO - Setting next_dagrun for model_training_pipeline to 2026-04-26 00:00:00+00:00, run_after=2026-05-03 00:00:00+00:00
[2026-04-27T12:32:48.008+0000] {processor.py:183} INFO - Processing /home/airflow/dags/model_training_dag.py took 1.243 seconds
[2026-04-27T12:33:18.249+0000] {processor.py:161} INFO - Started process (PID=2036) to work on /home/airflow/dags/model_training_dag.py
[2026-04-27T12:33:18.254+0000] {processor.py:830} INFO - Processing file /home/airflow/dags/model_training_dag.py for tasks to queue
[2026-04-27T12:33:18.257+0000] {logging_mixin.py:188} INFO - [2026-04-27T12:33:18.256+0000] {dagbag.py:538} INFO - Filling up the DagBag from /home/airflow/dags/model_training_dag.py
[2026-04-27T12:33:19.481+0000] {processor.py:840} INFO - DAG(s) 'model_training_pipeline' retrieved from /home/airflow/dags/model_training_dag.py
[2026-04-27T12:33:19.510+0000] {logging_mixin.py:188} INFO - [2026-04-27T12:33:19.510+0000] {dag.py:3036} INFO - Sync 1 DAGs
[2026-04-27T12:33:19.531+0000] {logging_mixin.py:188} INFO - [2026-04-27T12:33:19.531+0000] {dag.py:3823} INFO - Setting next_dagrun for model_training_pipeline to 2026-04-26 00:00:00+00:00, run_after=2026-05-03 00:00:00+00:00
[2026-04-27T12:33:19.556+0000] {processor.py:183} INFO - Processing /home/airflow/dags/model_training_dag.py took 1.318 seconds
[2026-04-27T12:33:50.179+0000] {processor.py:161} INFO - Started process (PID=2081) to work on /home/airflow/dags/model_training_dag.py
[2026-04-27T12:33:50.181+0000] {processor.py:830} INFO - Processing file /home/airflow/dags/model_training_dag.py for tasks to queue
[2026-04-27T12:33:50.182+0000] {logging_mixin.py:188} INFO - [2026-04-27T12:33:50.182+0000] {dagbag.py:538} INFO - Filling up the DagBag from /home/airflow/dags/model_training_dag.py
[2026-04-27T12:33:51.660+0000] {processor.py:840} INFO - DAG(s) 'model_training_pipeline' retrieved from /home/airflow/dags/model_training_dag.py
[2026-04-27T12:33:51.682+0000] {logging_mixin.py:188} INFO - [2026-04-27T12:33:51.681+0000] {dag.py:3036} INFO - Sync 1 DAGs
[2026-04-27T12:33:51.699+0000] {logging_mixin.py:188} INFO - [2026-04-27T12:33:51.698+0000] {dag.py:3823} INFO - Setting next_dagrun for model_training_pipeline to 2026-04-26 00:00:00+00:00, run_after=2026-05-03 00:00:00+00:00
[2026-04-27T12:33:51.720+0000] {processor.py:183} INFO - Processing /home/airflow/dags/model_training_dag.py took 1.545 seconds
[2026-04-27T12:34:22.329+0000] {processor.py:161} INFO - Started process (PID=2126) to work on /home/airflow/dags/model_training_dag.py
[2026-04-27T12:34:22.331+0000] {processor.py:830} INFO - Processing file /home/airflow/dags/model_training_dag.py for tasks to queue
[2026-04-27T12:34:22.333+0000] {logging_mixin.py:188} INFO - [2026-04-27T12:34:22.332+0000] {dagbag.py:538} INFO - Filling up the DagBag from /home/airflow/dags/model_training_dag.py
[2026-04-27T12:34:23.542+0000] {processor.py:840} INFO - DAG(s) 'model_training_pipeline' retrieved from /home/airflow/dags/model_training_dag.py
[2026-04-27T12:34:23.576+0000] {logging_mixin.py:188} INFO - [2026-04-27T12:34:23.575+0000] {dag.py:3036} INFO - Sync 1 DAGs
[2026-04-27T12:34:23.607+0000] {logging_mixin.py:188} INFO - [2026-04-27T12:34:23.607+0000] {dag.py:3823} INFO - Setting next_dagrun for model_training_pipeline to 2026-04-26 00:00:00+00:00, run_after=2026-05-03 00:00:00+00:00
[2026-04-27T12:34:23.637+0000] {processor.py:183} INFO - Processing /home/airflow/dags/model_training_dag.py took 1.313 seconds
[2026-04-27T12:34:53.902+0000] {processor.py:161} INFO - Started process (PID=2171) to work on /home/airflow/dags/model_training_dag.py
[2026-04-27T12:34:53.904+0000] {processor.py:830} INFO - Processing file /home/airflow/dags/model_training_dag.py for tasks to queue
[2026-04-27T12:34:53.905+0000] {logging_mixin.py:188} INFO - [2026-04-27T12:34:53.905+0000] {dagbag.py:538} INFO - Filling up the DagBag from /home/airflow/dags/model_training_dag.py
[2026-04-27T12:34:54.899+0000] {processor.py:840} INFO - DAG(s) 'model_training_pipeline' retrieved from /home/airflow/dags/model_training_dag.py
[2026-04-27T12:34:54.922+0000] {logging_mixin.py:188} INFO - [2026-04-27T12:34:54.922+0000] {dag.py:3036} INFO - Sync 1 DAGs
[2026-04-27T12:34:54.941+0000] {logging_mixin.py:188} INFO - [2026-04-27T12:34:54.941+0000] {dag.py:3823} INFO - Setting next_dagrun for model_training_pipeline to 2026-04-26 00:00:00+00:00, run_after=2026-05-03 00:00:00+00:00
[2026-04-27T12:34:54.966+0000] {processor.py:183} INFO - Processing /home/airflow/dags/model_training_dag.py took 1.067 seconds
[2026-04-27T12:35:25.153+0000] {processor.py:161} INFO - Started process (PID=2216) to work on /home/airflow/dags/model_training_dag.py
[2026-04-27T12:35:25.154+0000] {processor.py:830} INFO - Processing file /home/airflow/dags/model_training_dag.py for tasks to queue
[2026-04-27T12:35:25.156+0000] {logging_mixin.py:188} INFO - [2026-04-27T12:35:25.155+0000] {dagbag.py:538} INFO - Filling up the DagBag from /home/airflow/dags/model_training_dag.py
[2026-04-27T12:35:26.072+0000] {processor.py:840} INFO - DAG(s) 'model_training_pipeline' retrieved from /home/airflow/dags/model_training_dag.py
[2026-04-27T12:35:26.093+0000] {logging_mixin.py:188} INFO - [2026-04-27T12:35:26.093+0000] {dag.py:3036} INFO - Sync 1 DAGs
[2026-04-27T12:35:26.110+0000] {logging_mixin.py:188} INFO - [2026-04-27T12:35:26.109+0000] {dag.py:3823} INFO - Setting next_dagrun for model_training_pipeline to 2026-04-26 00:00:00+00:00, run_after=2026-05-03 00:00:00+00:00
[2026-04-27T12:35:26.135+0000] {processor.py:183} INFO - Processing /home/airflow/dags/model_training_dag.py took 0.986 seconds
[2026-04-27T12:35:56.981+0000] {processor.py:161} INFO - Started process (PID=2261) to work on /home/airflow/dags/model_training_dag.py
[2026-04-27T12:35:56.982+0000] {processor.py:830} INFO - Processing file /home/airflow/dags/model_training_dag.py for tasks to queue
[2026-04-27T12:35:56.983+0000] {logging_mixin.py:188} INFO - [2026-04-27T12:35:56.983+0000] {dagbag.py:538} INFO - Filling up the DagBag from /home/airflow/dags/model_training_dag.py
[2026-04-27T12:35:58.140+0000] {processor.py:840} INFO - DAG(s) 'model_training_pipeline' retrieved from /home/airflow/dags/model_training_dag.py
[2026-04-27T12:35:58.167+0000] {logging_mixin.py:188} INFO - [2026-04-27T12:35:58.167+0000] {dag.py:3036} INFO - Sync 1 DAGs
[2026-04-27T12:35:58.189+0000] {logging_mixin.py:188} INFO - [2026-04-27T12:35:58.189+0000] {dag.py:3823} INFO - Setting next_dagrun for model_training_pipeline to 2026-04-26 00:00:00+00:00, run_after=2026-05-03 00:00:00+00:00
[2026-04-27T12:35:58.216+0000] {processor.py:183} INFO - Processing /home/airflow/dags/model_training_dag.py took 1.241 seconds
[2026-04-27T12:36:28.492+0000] {processor.py:161} INFO - Started process (PID=2306) to work on /home/airflow/dags/model_training_dag.py
[2026-04-27T12:36:28.493+0000] {processor.py:830} INFO - Processing file /home/airflow/dags/model_training_dag.py for tasks to queue
[2026-04-27T12:36:28.494+0000] {logging_mixin.py:188} INFO - [2026-04-27T12:36:28.494+0000] {dagbag.py:538} INFO - Filling up the DagBag from /home/airflow/dags/model_training_dag.py
[2026-04-27T12:36:29.366+0000] {processor.py:840} INFO - DAG(s) 'model_training_pipeline' retrieved from /home/airflow/dags/model_training_dag.py
[2026-04-27T12:36:29.389+0000] {logging_mixin.py:188} INFO - [2026-04-27T12:36:29.389+0000] {dag.py:3036} INFO - Sync 1 DAGs
[2026-04-27T12:36:29.407+0000] {logging_mixin.py:188} INFO - [2026-04-27T12:36:29.407+0000] {dag.py:3823} INFO - Setting next_dagrun for model_training_pipeline to 2026-04-26 00:00:00+00:00, run_after=2026-05-03 00:00:00+00:00
[2026-04-27T12:36:29.430+0000] {processor.py:183} INFO - Processing /home/airflow/dags/model_training_dag.py took 0.942 seconds
[2026-04-27T12:37:00.224+0000] {processor.py:161} INFO - Started process (PID=2351) to work on /home/airflow/dags/model_training_dag.py
[2026-04-27T12:37:00.226+0000] {processor.py:830} INFO - Processing file /home/airflow/dags/model_training_dag.py for tasks to queue
[2026-04-27T12:37:00.227+0000] {logging_mixin.py:188} INFO - [2026-04-27T12:37:00.227+0000] {dagbag.py:538} INFO - Filling up the DagBag from /home/airflow/dags/model_training_dag.py
[2026-04-27T12:37:01.422+0000] {processor.py:840} INFO - DAG(s) 'model_training_pipeline' retrieved from /home/airflow/dags/model_training_dag.py
[2026-04-27T12:37:01.467+0000] {logging_mixin.py:188} INFO - [2026-04-27T12:37:01.465+0000] {dag.py:3036} INFO - Sync 1 DAGs
[2026-04-27T12:37:01.505+0000] {logging_mixin.py:188} INFO - [2026-04-27T12:37:01.505+0000] {dag.py:3823} INFO - Setting next_dagrun for model_training_pipeline to 2026-04-26 00:00:00+00:00, run_after=2026-05-03 00:00:00+00:00
[2026-04-27T12:37:01.542+0000] {processor.py:183} INFO - Processing /home/airflow/dags/model_training_dag.py took 1.322 seconds
[2026-04-27T12:37:31.926+0000] {processor.py:161} INFO - Started process (PID=2396) to work on /home/airflow/dags/model_training_dag.py
[2026-04-27T12:37:31.927+0000] {processor.py:830} INFO - Processing file /home/airflow/dags/model_training_dag.py for tasks to queue
[2026-04-27T12:37:31.929+0000] {logging_mixin.py:188} INFO - [2026-04-27T12:37:31.928+0000] {dagbag.py:538} INFO - Filling up the DagBag from /home/airflow/dags/model_training_dag.py
[2026-04-27T12:37:33.077+0000] {processor.py:840} INFO - DAG(s) 'model_training_pipeline' retrieved from /home/airflow/dags/model_training_dag.py
[2026-04-27T12:37:33.101+0000] {logging_mixin.py:188} INFO - [2026-04-27T12:37:33.100+0000] {dag.py:3036} INFO - Sync 1 DAGs
[2026-04-27T12:37:33.119+0000] {logging_mixin.py:188} INFO - [2026-04-27T12:37:33.119+0000] {dag.py:3823} INFO - Setting next_dagrun for model_training_pipeline to 2026-04-26 00:00:00+00:00, run_after=2026-05-03 00:00:00+00:00
[2026-04-27T12:37:33.139+0000] {processor.py:183} INFO - Processing /home/airflow/dags/model_training_dag.py took 1.217 seconds
[2026-04-27T12:38:03.528+0000] {processor.py:161} INFO - Started process (PID=2441) to work on /home/airflow/dags/model_training_dag.py
[2026-04-27T12:38:03.529+0000] {processor.py:830} INFO - Processing file /home/airflow/dags/model_training_dag.py for tasks to queue
[2026-04-27T12:38:03.530+0000] {logging_mixin.py:188} INFO - [2026-04-27T12:38:03.530+0000] {dagbag.py:538} INFO - Filling up the DagBag from /home/airflow/dags/model_training_dag.py
[2026-04-27T12:38:04.463+0000] {processor.py:840} INFO - DAG(s) 'model_training_pipeline' retrieved from /home/airflow/dags/model_training_dag.py
[2026-04-27T12:38:04.488+0000] {logging_mixin.py:188} INFO - [2026-04-27T12:38:04.487+0000] {dag.py:3036} INFO - Sync 1 DAGs
[2026-04-27T12:38:04.504+0000] {logging_mixin.py:188} INFO - [2026-04-27T12:38:04.504+0000] {dag.py:3823} INFO - Setting next_dagrun for model_training_pipeline to 2026-04-26 00:00:00+00:00, run_after=2026-05-03 00:00:00+00:00
[2026-04-27T12:38:04.526+0000] {processor.py:183} INFO - Processing /home/airflow/dags/model_training_dag.py took 1.002 seconds
[2026-04-27T12:38:34.953+0000] {processor.py:161} INFO - Started process (PID=2486) to work on /home/airflow/dags/model_training_dag.py
[2026-04-27T12:38:34.954+0000] {processor.py:830} INFO - Processing file /home/airflow/dags/model_training_dag.py for tasks to queue
[2026-04-27T12:38:34.955+0000] {logging_mixin.py:188} INFO - [2026-04-27T12:38:34.955+0000] {dagbag.py:538} INFO - Filling up the DagBag from /home/airflow/dags/model_training_dag.py
[2026-04-27T12:38:35.851+0000] {processor.py:840} INFO - DAG(s) 'model_training_pipeline' retrieved from /home/airflow/dags/model_training_dag.py
[2026-04-27T12:38:35.877+0000] {logging_mixin.py:188} INFO - [2026-04-27T12:38:35.876+0000] {dag.py:3036} INFO - Sync 1 DAGs
[2026-04-27T12:38:35.893+0000] {logging_mixin.py:188} INFO - [2026-04-27T12:38:35.893+0000] {dag.py:3823} INFO - Setting next_dagrun for model_training_pipeline to 2026-04-26 00:00:00+00:00, run_after=2026-05-03 00:00:00+00:00
[2026-04-27T12:38:35.915+0000] {processor.py:183} INFO - Processing /home/airflow/dags/model_training_dag.py took 0.965 seconds
[2026-04-27T12:39:06.261+0000] {processor.py:161} INFO - Started process (PID=2531) to work on /home/airflow/dags/model_training_dag.py
[2026-04-27T12:39:06.263+0000] {processor.py:830} INFO - Processing file /home/airflow/dags/model_training_dag.py for tasks to queue
[2026-04-27T12:39:06.265+0000] {logging_mixin.py:188} INFO - [2026-04-27T12:39:06.264+0000] {dagbag.py:538} INFO - Filling up the DagBag from /home/airflow/dags/model_training_dag.py
[2026-04-27T12:39:07.290+0000] {processor.py:840} INFO - DAG(s) 'model_training_pipeline' retrieved from /home/airflow/dags/model_training_dag.py
[2026-04-27T12:39:07.313+0000] {logging_mixin.py:188} INFO - [2026-04-27T12:39:07.312+0000] {dag.py:3036} INFO - Sync 1 DAGs
[2026-04-27T12:39:07.330+0000] {logging_mixin.py:188} INFO - [2026-04-27T12:39:07.329+0000] {dag.py:3823} INFO - Setting next_dagrun for model_training_pipeline to 2026-04-26 00:00:00+00:00, run_after=2026-05-03 00:00:00+00:00
[2026-04-27T12:39:07.354+0000] {processor.py:183} INFO - Processing /home/airflow/dags/model_training_dag.py took 1.096 seconds
[2026-04-27T12:39:37.646+0000] {processor.py:161} INFO - Started process (PID=2576) to work on /home/airflow/dags/model_training_dag.py
[2026-04-27T12:39:37.648+0000] {processor.py:830} INFO - Processing file /home/airflow/dags/model_training_dag.py for tasks to queue
[2026-04-27T12:39:37.650+0000] {logging_mixin.py:188} INFO - [2026-04-27T12:39:37.649+0000] {dagbag.py:538} INFO - Filling up the DagBag from /home/airflow/dags/model_training_dag.py
[2026-04-27T12:39:38.632+0000] {processor.py:840} INFO - DAG(s) 'model_training_pipeline' retrieved from /home/airflow/dags/model_training_dag.py
[2026-04-27T12:39:38.655+0000] {logging_mixin.py:188} INFO - [2026-04-27T12:39:38.654+0000] {dag.py:3036} INFO - Sync 1 DAGs
[2026-04-27T12:39:38.670+0000] {logging_mixin.py:188} INFO - [2026-04-27T12:39:38.670+0000] {dag.py:3823} INFO - Setting next_dagrun for model_training_pipeline to 2026-04-26 00:00:00+00:00, run_after=2026-05-03 00:00:00+00:00
[2026-04-27T12:39:38.692+0000] {processor.py:183} INFO - Processing /home/airflow/dags/model_training_dag.py took 1.049 seconds
[2026-04-27T12:40:08.946+0000] {processor.py:161} INFO - Started process (PID=2621) to work on /home/airflow/dags/model_training_dag.py
[2026-04-27T12:40:08.947+0000] {processor.py:830} INFO - Processing file /home/airflow/dags/model_training_dag.py for tasks to queue
[2026-04-27T12:40:08.948+0000] {logging_mixin.py:188} INFO - [2026-04-27T12:40:08.947+0000] {dagbag.py:538} INFO - Filling up the DagBag from /home/airflow/dags/model_training_dag.py
[2026-04-27T12:40:09.825+0000] {processor.py:840} INFO - DAG(s) 'model_training_pipeline' retrieved from /home/airflow/dags/model_training_dag.py
[2026-04-27T12:40:09.845+0000] {logging_mixin.py:188} INFO - [2026-04-27T12:40:09.845+0000] {dag.py:3036} INFO - Sync 1 DAGs
[2026-04-27T12:40:09.862+0000] {logging_mixin.py:188} INFO - [2026-04-27T12:40:09.862+0000] {dag.py:3823} INFO - Setting next_dagrun for model_training_pipeline to 2026-04-26 00:00:00+00:00, run_after=2026-05-03 00:00:00+00:00
[2026-04-27T12:40:09.888+0000] {processor.py:183} INFO - Processing /home/airflow/dags/model_training_dag.py took 0.946 seconds
[2026-04-27T12:40:40.101+0000] {processor.py:161} INFO - Started process (PID=2666) to work on /home/airflow/dags/model_training_dag.py
[2026-04-27T12:40:40.104+0000] {processor.py:830} INFO - Processing file /home/airflow/dags/model_training_dag.py for tasks to queue
[2026-04-27T12:40:40.106+0000] {logging_mixin.py:188} INFO - [2026-04-27T12:40:40.105+0000] {dagbag.py:538} INFO - Filling up the DagBag from /home/airflow/dags/model_training_dag.py
[2026-04-27T12:40:41.358+0000] {processor.py:840} INFO - DAG(s) 'model_training_pipeline' retrieved from /home/airflow/dags/model_training_dag.py
[2026-04-27T12:40:41.384+0000] {logging_mixin.py:188} INFO - [2026-04-27T12:40:41.383+0000] {dag.py:3036} INFO - Sync 1 DAGs
[2026-04-27T12:40:41.400+0000] {logging_mixin.py:188} INFO - [2026-04-27T12:40:41.400+0000] {dag.py:3823} INFO - Setting next_dagrun for model_training_pipeline to 2026-04-26 00:00:00+00:00, run_after=2026-05-03 00:00:00+00:00
[2026-04-27T12:40:41.425+0000] {processor.py:183} INFO - Processing /home/airflow/dags/model_training_dag.py took 1.330 seconds
[2026-04-27T12:41:11.833+0000] {processor.py:161} INFO - Started process (PID=2711) to work on /home/airflow/dags/model_training_dag.py
[2026-04-27T12:41:11.835+0000] {processor.py:830} INFO - Processing file /home/airflow/dags/model_training_dag.py for tasks to queue
[2026-04-27T12:41:11.837+0000] {logging_mixin.py:188} INFO - [2026-04-27T12:41:11.836+0000] {dagbag.py:538} INFO - Filling up the DagBag from /home/airflow/dags/model_training_dag.py
[2026-04-27T12:41:13.385+0000] {processor.py:840} INFO - DAG(s) 'model_training_pipeline' retrieved from /home/airflow/dags/model_training_dag.py
[2026-04-27T12:41:13.418+0000] {logging_mixin.py:188} INFO - [2026-04-27T12:41:13.417+0000] {dag.py:3036} INFO - Sync 1 DAGs
[2026-04-27T12:41:13.436+0000] {logging_mixin.py:188} INFO - [2026-04-27T12:41:13.435+0000] {dag.py:3823} INFO - Setting next_dagrun for model_training_pipeline to 2026-04-26 00:00:00+00:00, run_after=2026-05-03 00:00:00+00:00
[2026-04-27T12:41:13.470+0000] {processor.py:183} INFO - Processing /home/airflow/dags/model_training_dag.py took 1.642 seconds
[2026-04-27T12:41:43.579+0000] {processor.py:161} INFO - Started process (PID=2756) to work on /home/airflow/dags/model_training_dag.py
[2026-04-27T12:41:43.581+0000] {processor.py:830} INFO - Processing file /home/airflow/dags/model_training_dag.py for tasks to queue
[2026-04-27T12:41:43.583+0000] {logging_mixin.py:188} INFO - [2026-04-27T12:41:43.582+0000] {dagbag.py:538} INFO - Filling up the DagBag from /home/airflow/dags/model_training_dag.py
[2026-04-27T12:41:44.909+0000] {processor.py:840} INFO - DAG(s) 'model_training_pipeline' retrieved from /home/airflow/dags/model_training_dag.py
[2026-04-27T12:41:44.948+0000] {logging_mixin.py:188} INFO - [2026-04-27T12:41:44.947+0000] {dag.py:3036} INFO - Sync 1 DAGs
[2026-04-27T12:41:44.975+0000] {logging_mixin.py:188} INFO - [2026-04-27T12:41:44.975+0000] {dag.py:3823} INFO - Setting next_dagrun for model_training_pipeline to 2026-04-26 00:00:00+00:00, run_after=2026-05-03 00:00:00+00:00
[2026-04-27T12:41:45.000+0000] {processor.py:183} INFO - Processing /home/airflow/dags/model_training_dag.py took 1.425 seconds
