[2026-04-25T03:14:19.113+0000] {processor.py:161} INFO - Started process (PID=1477) to work on /home/airflow/dags/data_merge_dag.py
[2026-04-25T03:14:19.117+0000] {processor.py:830} INFO - Processing file /home/airflow/dags/data_merge_dag.py for tasks to queue
[2026-04-25T03:14:19.130+0000] {logging_mixin.py:188} INFO - [2026-04-25T03:14:19.124+0000] {dagbag.py:538} INFO - Filling up the DagBag from /home/airflow/dags/data_merge_dag.py
[2026-04-25T03:14:21.917+0000] {processor.py:840} INFO - DAG(s) 'data_merge_pipeline' retrieved from /home/airflow/dags/data_merge_dag.py
[2026-04-25T03:14:24.289+0000] {logging_mixin.py:188} INFO - [2026-04-25T03:14:24.278+0000] {dag.py:3036} INFO - Sync 1 DAGs
[2026-04-25T03:14:24.463+0000] {logging_mixin.py:188} INFO - [2026-04-25T03:14:24.462+0000] {dag.py:3823} INFO - Setting next_dagrun for data_merge_pipeline to 2026-04-26 00:00:00+00:00, run_after=2026-05-03 00:00:00+00:00
[2026-04-25T03:14:24.625+0000] {processor.py:183} INFO - Processing /home/airflow/dags/data_merge_dag.py took 5.533 seconds
[2026-04-25T03:14:54.985+0000] {processor.py:161} INFO - Started process (PID=1483) to work on /home/airflow/dags/data_merge_dag.py
[2026-04-25T03:14:54.990+0000] {processor.py:830} INFO - Processing file /home/airflow/dags/data_merge_dag.py for tasks to queue
[2026-04-25T03:14:54.992+0000] {logging_mixin.py:188} INFO - [2026-04-25T03:14:54.991+0000] {dagbag.py:538} INFO - Filling up the DagBag from /home/airflow/dags/data_merge_dag.py
[2026-04-25T03:14:55.616+0000] {processor.py:840} INFO - DAG(s) 'data_merge_pipeline' retrieved from /home/airflow/dags/data_merge_dag.py
[2026-04-25T03:14:55.647+0000] {logging_mixin.py:188} INFO - [2026-04-25T03:14:55.646+0000] {dag.py:3036} INFO - Sync 1 DAGs
[2026-04-25T03:14:55.675+0000] {logging_mixin.py:188} INFO - [2026-04-25T03:14:55.675+0000] {dag.py:3823} INFO - Setting next_dagrun for data_merge_pipeline to 2026-04-26 00:00:00+00:00, run_after=2026-05-03 00:00:00+00:00
[2026-04-25T03:14:55.697+0000] {processor.py:183} INFO - Processing /home/airflow/dags/data_merge_dag.py took 0.721 seconds
[2026-04-25T03:15:25.952+0000] {processor.py:161} INFO - Started process (PID=1489) to work on /home/airflow/dags/data_merge_dag.py
[2026-04-25T03:15:25.953+0000] {processor.py:830} INFO - Processing file /home/airflow/dags/data_merge_dag.py for tasks to queue
[2026-04-25T03:15:25.955+0000] {logging_mixin.py:188} INFO - [2026-04-25T03:15:25.955+0000] {dagbag.py:538} INFO - Filling up the DagBag from /home/airflow/dags/data_merge_dag.py
[2026-04-25T03:15:26.389+0000] {processor.py:840} INFO - DAG(s) 'data_merge_pipeline' retrieved from /home/airflow/dags/data_merge_dag.py
[2026-04-25T03:15:26.420+0000] {logging_mixin.py:188} INFO - [2026-04-25T03:15:26.420+0000] {dag.py:3036} INFO - Sync 1 DAGs
[2026-04-25T03:15:26.449+0000] {logging_mixin.py:188} INFO - [2026-04-25T03:15:26.449+0000] {dag.py:3823} INFO - Setting next_dagrun for data_merge_pipeline to 2026-04-26 00:00:00+00:00, run_after=2026-05-03 00:00:00+00:00
[2026-04-25T03:15:26.479+0000] {processor.py:183} INFO - Processing /home/airflow/dags/data_merge_dag.py took 0.534 seconds
[2026-04-25T03:15:56.740+0000] {processor.py:161} INFO - Started process (PID=1495) to work on /home/airflow/dags/data_merge_dag.py
[2026-04-25T03:15:56.741+0000] {processor.py:830} INFO - Processing file /home/airflow/dags/data_merge_dag.py for tasks to queue
[2026-04-25T03:15:56.743+0000] {logging_mixin.py:188} INFO - [2026-04-25T03:15:56.742+0000] {dagbag.py:538} INFO - Filling up the DagBag from /home/airflow/dags/data_merge_dag.py
[2026-04-25T03:15:57.348+0000] {processor.py:840} INFO - DAG(s) 'data_merge_pipeline' retrieved from /home/airflow/dags/data_merge_dag.py
[2026-04-25T03:15:57.376+0000] {logging_mixin.py:188} INFO - [2026-04-25T03:15:57.376+0000] {dag.py:3036} INFO - Sync 1 DAGs
[2026-04-25T03:15:57.403+0000] {logging_mixin.py:188} INFO - [2026-04-25T03:15:57.403+0000] {dag.py:3823} INFO - Setting next_dagrun for data_merge_pipeline to 2026-04-26 00:00:00+00:00, run_after=2026-05-03 00:00:00+00:00
[2026-04-25T03:15:57.424+0000] {processor.py:183} INFO - Processing /home/airflow/dags/data_merge_dag.py took 0.689 seconds
[2026-04-25T03:16:27.658+0000] {processor.py:161} INFO - Started process (PID=1501) to work on /home/airflow/dags/data_merge_dag.py
[2026-04-25T03:16:27.659+0000] {processor.py:830} INFO - Processing file /home/airflow/dags/data_merge_dag.py for tasks to queue
[2026-04-25T03:16:27.660+0000] {logging_mixin.py:188} INFO - [2026-04-25T03:16:27.660+0000] {dagbag.py:538} INFO - Filling up the DagBag from /home/airflow/dags/data_merge_dag.py
[2026-04-25T03:16:27.940+0000] {processor.py:840} INFO - DAG(s) 'data_merge_pipeline' retrieved from /home/airflow/dags/data_merge_dag.py
[2026-04-25T03:16:27.973+0000] {logging_mixin.py:188} INFO - [2026-04-25T03:16:27.972+0000] {dag.py:3036} INFO - Sync 1 DAGs
[2026-04-25T03:16:27.998+0000] {logging_mixin.py:188} INFO - [2026-04-25T03:16:27.998+0000] {dag.py:3823} INFO - Setting next_dagrun for data_merge_pipeline to 2026-04-26 00:00:00+00:00, run_after=2026-05-03 00:00:00+00:00
[2026-04-25T03:16:28.026+0000] {processor.py:183} INFO - Processing /home/airflow/dags/data_merge_dag.py took 0.373 seconds
[2026-04-25T03:16:58.341+0000] {processor.py:161} INFO - Started process (PID=1507) to work on /home/airflow/dags/data_merge_dag.py
[2026-04-25T03:16:58.343+0000] {processor.py:830} INFO - Processing file /home/airflow/dags/data_merge_dag.py for tasks to queue
[2026-04-25T03:16:58.344+0000] {logging_mixin.py:188} INFO - [2026-04-25T03:16:58.343+0000] {dagbag.py:538} INFO - Filling up the DagBag from /home/airflow/dags/data_merge_dag.py
[2026-04-25T03:16:58.611+0000] {processor.py:840} INFO - DAG(s) 'data_merge_pipeline' retrieved from /home/airflow/dags/data_merge_dag.py
[2026-04-25T03:16:58.639+0000] {logging_mixin.py:188} INFO - [2026-04-25T03:16:58.638+0000] {dag.py:3036} INFO - Sync 1 DAGs
[2026-04-25T03:16:58.661+0000] {logging_mixin.py:188} INFO - [2026-04-25T03:16:58.661+0000] {dag.py:3823} INFO - Setting next_dagrun for data_merge_pipeline to 2026-04-26 00:00:00+00:00, run_after=2026-05-03 00:00:00+00:00
[2026-04-25T03:16:58.687+0000] {processor.py:183} INFO - Processing /home/airflow/dags/data_merge_dag.py took 0.351 seconds
[2026-04-25T03:17:28.920+0000] {processor.py:161} INFO - Started process (PID=1513) to work on /home/airflow/dags/data_merge_dag.py
[2026-04-25T03:17:28.922+0000] {processor.py:830} INFO - Processing file /home/airflow/dags/data_merge_dag.py for tasks to queue
[2026-04-25T03:17:28.924+0000] {logging_mixin.py:188} INFO - [2026-04-25T03:17:28.923+0000] {dagbag.py:538} INFO - Filling up the DagBag from /home/airflow/dags/data_merge_dag.py
[2026-04-25T03:17:29.235+0000] {processor.py:840} INFO - DAG(s) 'data_merge_pipeline' retrieved from /home/airflow/dags/data_merge_dag.py
[2026-04-25T03:17:29.264+0000] {logging_mixin.py:188} INFO - [2026-04-25T03:17:29.264+0000] {dag.py:3036} INFO - Sync 1 DAGs
[2026-04-25T03:17:29.287+0000] {logging_mixin.py:188} INFO - [2026-04-25T03:17:29.287+0000] {dag.py:3823} INFO - Setting next_dagrun for data_merge_pipeline to 2026-04-26 00:00:00+00:00, run_after=2026-05-03 00:00:00+00:00
[2026-04-25T03:17:29.313+0000] {processor.py:183} INFO - Processing /home/airflow/dags/data_merge_dag.py took 0.400 seconds
[2026-04-25T03:17:59.517+0000] {processor.py:161} INFO - Started process (PID=1519) to work on /home/airflow/dags/data_merge_dag.py
[2026-04-25T03:17:59.519+0000] {processor.py:830} INFO - Processing file /home/airflow/dags/data_merge_dag.py for tasks to queue
[2026-04-25T03:17:59.520+0000] {logging_mixin.py:188} INFO - [2026-04-25T03:17:59.519+0000] {dagbag.py:538} INFO - Filling up the DagBag from /home/airflow/dags/data_merge_dag.py
[2026-04-25T03:17:59.770+0000] {processor.py:840} INFO - DAG(s) 'data_merge_pipeline' retrieved from /home/airflow/dags/data_merge_dag.py
[2026-04-25T03:17:59.793+0000] {logging_mixin.py:188} INFO - [2026-04-25T03:17:59.792+0000] {dag.py:3036} INFO - Sync 1 DAGs
[2026-04-25T03:17:59.813+0000] {logging_mixin.py:188} INFO - [2026-04-25T03:17:59.813+0000] {dag.py:3823} INFO - Setting next_dagrun for data_merge_pipeline to 2026-04-26 00:00:00+00:00, run_after=2026-05-03 00:00:00+00:00
[2026-04-25T03:17:59.838+0000] {processor.py:183} INFO - Processing /home/airflow/dags/data_merge_dag.py took 0.324 seconds
[2026-04-25T03:18:30.095+0000] {processor.py:161} INFO - Started process (PID=1525) to work on /home/airflow/dags/data_merge_dag.py
[2026-04-25T03:18:30.097+0000] {processor.py:830} INFO - Processing file /home/airflow/dags/data_merge_dag.py for tasks to queue
[2026-04-25T03:18:30.098+0000] {logging_mixin.py:188} INFO - [2026-04-25T03:18:30.098+0000] {dagbag.py:538} INFO - Filling up the DagBag from /home/airflow/dags/data_merge_dag.py
[2026-04-25T03:18:30.486+0000] {processor.py:840} INFO - DAG(s) 'data_merge_pipeline' retrieved from /home/airflow/dags/data_merge_dag.py
[2026-04-25T03:18:30.513+0000] {logging_mixin.py:188} INFO - [2026-04-25T03:18:30.513+0000] {dag.py:3036} INFO - Sync 1 DAGs
[2026-04-25T03:18:30.538+0000] {logging_mixin.py:188} INFO - [2026-04-25T03:18:30.538+0000] {dag.py:3823} INFO - Setting next_dagrun for data_merge_pipeline to 2026-04-26 00:00:00+00:00, run_after=2026-05-03 00:00:00+00:00
[2026-04-25T03:18:30.563+0000] {processor.py:183} INFO - Processing /home/airflow/dags/data_merge_dag.py took 0.472 seconds
[2026-04-25T03:19:00.935+0000] {processor.py:161} INFO - Started process (PID=1531) to work on /home/airflow/dags/data_merge_dag.py
[2026-04-25T03:19:00.939+0000] {processor.py:830} INFO - Processing file /home/airflow/dags/data_merge_dag.py for tasks to queue
[2026-04-25T03:19:00.940+0000] {logging_mixin.py:188} INFO - [2026-04-25T03:19:00.940+0000] {dagbag.py:538} INFO - Filling up the DagBag from /home/airflow/dags/data_merge_dag.py
[2026-04-25T03:19:01.421+0000] {processor.py:840} INFO - DAG(s) 'data_merge_pipeline' retrieved from /home/airflow/dags/data_merge_dag.py
[2026-04-25T03:19:01.474+0000] {logging_mixin.py:188} INFO - [2026-04-25T03:19:01.474+0000] {dag.py:3036} INFO - Sync 1 DAGs
[2026-04-25T03:19:01.517+0000] {logging_mixin.py:188} INFO - [2026-04-25T03:19:01.516+0000] {dag.py:3823} INFO - Setting next_dagrun for data_merge_pipeline to 2026-04-26 00:00:00+00:00, run_after=2026-05-03 00:00:00+00:00
[2026-04-25T03:19:01.551+0000] {processor.py:183} INFO - Processing /home/airflow/dags/data_merge_dag.py took 0.623 seconds
[2026-04-25T03:19:31.745+0000] {processor.py:161} INFO - Started process (PID=1537) to work on /home/airflow/dags/data_merge_dag.py
[2026-04-25T03:19:31.746+0000] {processor.py:830} INFO - Processing file /home/airflow/dags/data_merge_dag.py for tasks to queue
[2026-04-25T03:19:31.747+0000] {logging_mixin.py:188} INFO - [2026-04-25T03:19:31.747+0000] {dagbag.py:538} INFO - Filling up the DagBag from /home/airflow/dags/data_merge_dag.py
[2026-04-25T03:19:32.178+0000] {processor.py:840} INFO - DAG(s) 'data_merge_pipeline' retrieved from /home/airflow/dags/data_merge_dag.py
[2026-04-25T03:19:32.217+0000] {logging_mixin.py:188} INFO - [2026-04-25T03:19:32.216+0000] {dag.py:3036} INFO - Sync 1 DAGs
[2026-04-25T03:19:32.249+0000] {logging_mixin.py:188} INFO - [2026-04-25T03:19:32.248+0000] {dag.py:3823} INFO - Setting next_dagrun for data_merge_pipeline to 2026-04-26 00:00:00+00:00, run_after=2026-05-03 00:00:00+00:00
[2026-04-25T03:19:32.286+0000] {processor.py:183} INFO - Processing /home/airflow/dags/data_merge_dag.py took 0.544 seconds
[2026-04-25T03:20:02.606+0000] {processor.py:161} INFO - Started process (PID=1543) to work on /home/airflow/dags/data_merge_dag.py
[2026-04-25T03:20:02.608+0000] {processor.py:830} INFO - Processing file /home/airflow/dags/data_merge_dag.py for tasks to queue
[2026-04-25T03:20:02.609+0000] {logging_mixin.py:188} INFO - [2026-04-25T03:20:02.609+0000] {dagbag.py:538} INFO - Filling up the DagBag from /home/airflow/dags/data_merge_dag.py
[2026-04-25T03:20:02.927+0000] {processor.py:840} INFO - DAG(s) 'data_merge_pipeline' retrieved from /home/airflow/dags/data_merge_dag.py
[2026-04-25T03:20:02.954+0000] {logging_mixin.py:188} INFO - [2026-04-25T03:20:02.954+0000] {dag.py:3036} INFO - Sync 1 DAGs
[2026-04-25T03:20:02.977+0000] {logging_mixin.py:188} INFO - [2026-04-25T03:20:02.977+0000] {dag.py:3823} INFO - Setting next_dagrun for data_merge_pipeline to 2026-04-26 00:00:00+00:00, run_after=2026-05-03 00:00:00+00:00
[2026-04-25T03:20:03.000+0000] {processor.py:183} INFO - Processing /home/airflow/dags/data_merge_dag.py took 0.398 seconds
[2026-04-25T03:20:33.238+0000] {processor.py:161} INFO - Started process (PID=1549) to work on /home/airflow/dags/data_merge_dag.py
[2026-04-25T03:20:33.240+0000] {processor.py:830} INFO - Processing file /home/airflow/dags/data_merge_dag.py for tasks to queue
[2026-04-25T03:20:33.241+0000] {logging_mixin.py:188} INFO - [2026-04-25T03:20:33.241+0000] {dagbag.py:538} INFO - Filling up the DagBag from /home/airflow/dags/data_merge_dag.py
[2026-04-25T03:20:33.522+0000] {processor.py:840} INFO - DAG(s) 'data_merge_pipeline' retrieved from /home/airflow/dags/data_merge_dag.py
[2026-04-25T03:20:33.551+0000] {logging_mixin.py:188} INFO - [2026-04-25T03:20:33.550+0000] {dag.py:3036} INFO - Sync 1 DAGs
[2026-04-25T03:20:33.573+0000] {logging_mixin.py:188} INFO - [2026-04-25T03:20:33.572+0000] {dag.py:3823} INFO - Setting next_dagrun for data_merge_pipeline to 2026-04-26 00:00:00+00:00, run_after=2026-05-03 00:00:00+00:00
[2026-04-25T03:20:33.598+0000] {processor.py:183} INFO - Processing /home/airflow/dags/data_merge_dag.py took 0.364 seconds
[2026-04-25T03:21:03.849+0000] {processor.py:161} INFO - Started process (PID=1555) to work on /home/airflow/dags/data_merge_dag.py
[2026-04-25T03:21:03.850+0000] {processor.py:830} INFO - Processing file /home/airflow/dags/data_merge_dag.py for tasks to queue
[2026-04-25T03:21:03.851+0000] {logging_mixin.py:188} INFO - [2026-04-25T03:21:03.851+0000] {dagbag.py:538} INFO - Filling up the DagBag from /home/airflow/dags/data_merge_dag.py
[2026-04-25T03:21:04.139+0000] {processor.py:840} INFO - DAG(s) 'data_merge_pipeline' retrieved from /home/airflow/dags/data_merge_dag.py
[2026-04-25T03:21:04.170+0000] {logging_mixin.py:188} INFO - [2026-04-25T03:21:04.169+0000] {dag.py:3036} INFO - Sync 1 DAGs
[2026-04-25T03:21:04.201+0000] {logging_mixin.py:188} INFO - [2026-04-25T03:21:04.201+0000] {dag.py:3823} INFO - Setting next_dagrun for data_merge_pipeline to 2026-04-26 00:00:00+00:00, run_after=2026-05-03 00:00:00+00:00
[2026-04-25T03:21:04.234+0000] {processor.py:183} INFO - Processing /home/airflow/dags/data_merge_dag.py took 0.389 seconds
[2026-04-25T03:21:34.466+0000] {processor.py:161} INFO - Started process (PID=1561) to work on /home/airflow/dags/data_merge_dag.py
[2026-04-25T03:21:34.469+0000] {processor.py:830} INFO - Processing file /home/airflow/dags/data_merge_dag.py for tasks to queue
[2026-04-25T03:21:34.471+0000] {logging_mixin.py:188} INFO - [2026-04-25T03:21:34.470+0000] {dagbag.py:538} INFO - Filling up the DagBag from /home/airflow/dags/data_merge_dag.py
[2026-04-25T03:21:34.874+0000] {processor.py:840} INFO - DAG(s) 'data_merge_pipeline' retrieved from /home/airflow/dags/data_merge_dag.py
[2026-04-25T03:21:34.912+0000] {logging_mixin.py:188} INFO - [2026-04-25T03:21:34.911+0000] {dag.py:3036} INFO - Sync 1 DAGs
[2026-04-25T03:21:34.947+0000] {logging_mixin.py:188} INFO - [2026-04-25T03:21:34.947+0000] {dag.py:3823} INFO - Setting next_dagrun for data_merge_pipeline to 2026-04-26 00:00:00+00:00, run_after=2026-05-03 00:00:00+00:00
[2026-04-25T03:21:34.996+0000] {processor.py:183} INFO - Processing /home/airflow/dags/data_merge_dag.py took 0.538 seconds
[2026-04-25T03:22:05.229+0000] {processor.py:161} INFO - Started process (PID=1567) to work on /home/airflow/dags/data_merge_dag.py
[2026-04-25T03:22:05.231+0000] {processor.py:830} INFO - Processing file /home/airflow/dags/data_merge_dag.py for tasks to queue
[2026-04-25T03:22:05.232+0000] {logging_mixin.py:188} INFO - [2026-04-25T03:22:05.232+0000] {dagbag.py:538} INFO - Filling up the DagBag from /home/airflow/dags/data_merge_dag.py
[2026-04-25T03:22:05.568+0000] {processor.py:840} INFO - DAG(s) 'data_merge_pipeline' retrieved from /home/airflow/dags/data_merge_dag.py
[2026-04-25T03:22:05.598+0000] {logging_mixin.py:188} INFO - [2026-04-25T03:22:05.598+0000] {dag.py:3036} INFO - Sync 1 DAGs
[2026-04-25T03:22:05.620+0000] {logging_mixin.py:188} INFO - [2026-04-25T03:22:05.620+0000] {dag.py:3823} INFO - Setting next_dagrun for data_merge_pipeline to 2026-04-26 00:00:00+00:00, run_after=2026-05-03 00:00:00+00:00
[2026-04-25T03:22:05.645+0000] {processor.py:183} INFO - Processing /home/airflow/dags/data_merge_dag.py took 0.420 seconds
[2026-04-25T03:22:35.971+0000] {processor.py:161} INFO - Started process (PID=1573) to work on /home/airflow/dags/data_merge_dag.py
[2026-04-25T03:22:35.972+0000] {processor.py:830} INFO - Processing file /home/airflow/dags/data_merge_dag.py for tasks to queue
[2026-04-25T03:22:35.973+0000] {logging_mixin.py:188} INFO - [2026-04-25T03:22:35.973+0000] {dagbag.py:538} INFO - Filling up the DagBag from /home/airflow/dags/data_merge_dag.py
[2026-04-25T03:22:36.307+0000] {processor.py:840} INFO - DAG(s) 'data_merge_pipeline' retrieved from /home/airflow/dags/data_merge_dag.py
[2026-04-25T03:22:36.334+0000] {logging_mixin.py:188} INFO - [2026-04-25T03:22:36.333+0000] {dag.py:3036} INFO - Sync 1 DAGs
[2026-04-25T03:22:36.355+0000] {logging_mixin.py:188} INFO - [2026-04-25T03:22:36.355+0000] {dag.py:3823} INFO - Setting next_dagrun for data_merge_pipeline to 2026-04-26 00:00:00+00:00, run_after=2026-05-03 00:00:00+00:00
[2026-04-25T03:22:36.380+0000] {processor.py:183} INFO - Processing /home/airflow/dags/data_merge_dag.py took 0.414 seconds
[2026-04-25T03:23:06.594+0000] {processor.py:161} INFO - Started process (PID=1579) to work on /home/airflow/dags/data_merge_dag.py
[2026-04-25T03:23:06.595+0000] {processor.py:830} INFO - Processing file /home/airflow/dags/data_merge_dag.py for tasks to queue
[2026-04-25T03:23:06.597+0000] {logging_mixin.py:188} INFO - [2026-04-25T03:23:06.596+0000] {dagbag.py:538} INFO - Filling up the DagBag from /home/airflow/dags/data_merge_dag.py
[2026-04-25T03:23:06.993+0000] {processor.py:840} INFO - DAG(s) 'data_merge_pipeline' retrieved from /home/airflow/dags/data_merge_dag.py
[2026-04-25T03:23:07.038+0000] {logging_mixin.py:188} INFO - [2026-04-25T03:23:07.038+0000] {dag.py:3036} INFO - Sync 1 DAGs
[2026-04-25T03:23:08.805+0000] {logging_mixin.py:188} INFO - [2026-04-25T03:23:08.804+0000] {dag.py:3823} INFO - Setting next_dagrun for data_merge_pipeline to 2026-04-26 00:00:00+00:00, run_after=2026-05-03 00:00:00+00:00
[2026-04-25T03:23:08.837+0000] {processor.py:183} INFO - Processing /home/airflow/dags/data_merge_dag.py took 2.248 seconds
[2026-04-25T03:23:39.052+0000] {processor.py:161} INFO - Started process (PID=1585) to work on /home/airflow/dags/data_merge_dag.py
[2026-04-25T03:23:39.053+0000] {processor.py:830} INFO - Processing file /home/airflow/dags/data_merge_dag.py for tasks to queue
[2026-04-25T03:23:39.055+0000] {logging_mixin.py:188} INFO - [2026-04-25T03:23:39.054+0000] {dagbag.py:538} INFO - Filling up the DagBag from /home/airflow/dags/data_merge_dag.py
[2026-04-25T03:23:39.327+0000] {processor.py:840} INFO - DAG(s) 'data_merge_pipeline' retrieved from /home/airflow/dags/data_merge_dag.py
[2026-04-25T03:23:39.355+0000] {logging_mixin.py:188} INFO - [2026-04-25T03:23:39.354+0000] {dag.py:3036} INFO - Sync 1 DAGs
[2026-04-25T03:23:39.376+0000] {logging_mixin.py:188} INFO - [2026-04-25T03:23:39.375+0000] {dag.py:3823} INFO - Setting next_dagrun for data_merge_pipeline to 2026-04-26 00:00:00+00:00, run_after=2026-05-03 00:00:00+00:00
[2026-04-25T03:23:39.398+0000] {processor.py:183} INFO - Processing /home/airflow/dags/data_merge_dag.py took 0.352 seconds
[2026-04-25T03:24:09.598+0000] {processor.py:161} INFO - Started process (PID=1591) to work on /home/airflow/dags/data_merge_dag.py
[2026-04-25T03:24:09.600+0000] {processor.py:830} INFO - Processing file /home/airflow/dags/data_merge_dag.py for tasks to queue
[2026-04-25T03:24:09.601+0000] {logging_mixin.py:188} INFO - [2026-04-25T03:24:09.600+0000] {dagbag.py:538} INFO - Filling up the DagBag from /home/airflow/dags/data_merge_dag.py
[2026-04-25T03:24:09.890+0000] {processor.py:840} INFO - DAG(s) 'data_merge_pipeline' retrieved from /home/airflow/dags/data_merge_dag.py
[2026-04-25T03:24:09.918+0000] {logging_mixin.py:188} INFO - [2026-04-25T03:24:09.917+0000] {dag.py:3036} INFO - Sync 1 DAGs
[2026-04-25T03:24:10.114+0000] {logging_mixin.py:188} INFO - [2026-04-25T03:24:10.113+0000] {dag.py:3823} INFO - Setting next_dagrun for data_merge_pipeline to 2026-04-26 00:00:00+00:00, run_after=2026-05-03 00:00:00+00:00
[2026-04-25T03:24:10.140+0000] {processor.py:183} INFO - Processing /home/airflow/dags/data_merge_dag.py took 0.546 seconds
[2026-04-25T03:24:40.409+0000] {processor.py:161} INFO - Started process (PID=1597) to work on /home/airflow/dags/data_merge_dag.py
[2026-04-25T03:24:40.411+0000] {processor.py:830} INFO - Processing file /home/airflow/dags/data_merge_dag.py for tasks to queue
[2026-04-25T03:24:40.412+0000] {logging_mixin.py:188} INFO - [2026-04-25T03:24:40.412+0000] {dagbag.py:538} INFO - Filling up the DagBag from /home/airflow/dags/data_merge_dag.py
[2026-04-25T03:24:40.708+0000] {processor.py:840} INFO - DAG(s) 'data_merge_pipeline' retrieved from /home/airflow/dags/data_merge_dag.py
[2026-04-25T03:24:40.898+0000] {logging_mixin.py:188} INFO - [2026-04-25T03:24:40.898+0000] {dag.py:3036} INFO - Sync 1 DAGs
[2026-04-25T03:24:40.918+0000] {logging_mixin.py:188} INFO - [2026-04-25T03:24:40.918+0000] {dag.py:3823} INFO - Setting next_dagrun for data_merge_pipeline to 2026-04-26 00:00:00+00:00, run_after=2026-05-03 00:00:00+00:00
[2026-04-25T03:24:40.940+0000] {processor.py:183} INFO - Processing /home/airflow/dags/data_merge_dag.py took 0.534 seconds
[2026-04-25T03:25:10.996+0000] {processor.py:161} INFO - Started process (PID=1603) to work on /home/airflow/dags/data_merge_dag.py
[2026-04-25T03:25:10.998+0000] {processor.py:830} INFO - Processing file /home/airflow/dags/data_merge_dag.py for tasks to queue
[2026-04-25T03:25:10.999+0000] {logging_mixin.py:188} INFO - [2026-04-25T03:25:10.998+0000] {dagbag.py:538} INFO - Filling up the DagBag from /home/airflow/dags/data_merge_dag.py
[2026-04-25T03:25:11.262+0000] {processor.py:840} INFO - DAG(s) 'data_merge_pipeline' retrieved from /home/airflow/dags/data_merge_dag.py
[2026-04-25T03:25:11.290+0000] {logging_mixin.py:188} INFO - [2026-04-25T03:25:11.289+0000] {dag.py:3036} INFO - Sync 1 DAGs
[2026-04-25T03:25:11.457+0000] {logging_mixin.py:188} INFO - [2026-04-25T03:25:11.457+0000] {dag.py:3823} INFO - Setting next_dagrun for data_merge_pipeline to 2026-04-26 00:00:00+00:00, run_after=2026-05-03 00:00:00+00:00
[2026-04-25T03:25:11.477+0000] {processor.py:183} INFO - Processing /home/airflow/dags/data_merge_dag.py took 0.485 seconds
[2026-04-25T03:25:41.705+0000] {processor.py:161} INFO - Started process (PID=1609) to work on /home/airflow/dags/data_merge_dag.py
[2026-04-25T03:25:41.707+0000] {processor.py:830} INFO - Processing file /home/airflow/dags/data_merge_dag.py for tasks to queue
[2026-04-25T03:25:41.709+0000] {logging_mixin.py:188} INFO - [2026-04-25T03:25:41.708+0000] {dagbag.py:538} INFO - Filling up the DagBag from /home/airflow/dags/data_merge_dag.py
[2026-04-25T03:25:42.110+0000] {processor.py:840} INFO - DAG(s) 'data_merge_pipeline' retrieved from /home/airflow/dags/data_merge_dag.py
[2026-04-25T03:25:42.133+0000] {logging_mixin.py:188} INFO - [2026-04-25T03:25:42.133+0000] {dag.py:3036} INFO - Sync 1 DAGs
[2026-04-25T03:25:42.151+0000] {logging_mixin.py:188} INFO - [2026-04-25T03:25:42.151+0000] {dag.py:3823} INFO - Setting next_dagrun for data_merge_pipeline to 2026-04-26 00:00:00+00:00, run_after=2026-05-03 00:00:00+00:00
[2026-04-25T03:25:42.176+0000] {processor.py:183} INFO - Processing /home/airflow/dags/data_merge_dag.py took 0.475 seconds
[2026-04-25T03:26:12.425+0000] {processor.py:161} INFO - Started process (PID=1615) to work on /home/airflow/dags/data_merge_dag.py
[2026-04-25T03:26:12.426+0000] {processor.py:830} INFO - Processing file /home/airflow/dags/data_merge_dag.py for tasks to queue
[2026-04-25T03:26:12.428+0000] {logging_mixin.py:188} INFO - [2026-04-25T03:26:12.427+0000] {dagbag.py:538} INFO - Filling up the DagBag from /home/airflow/dags/data_merge_dag.py
[2026-04-25T03:26:12.911+0000] {processor.py:840} INFO - DAG(s) 'data_merge_pipeline' retrieved from /home/airflow/dags/data_merge_dag.py
[2026-04-25T03:26:12.935+0000] {logging_mixin.py:188} INFO - [2026-04-25T03:26:12.934+0000] {dag.py:3036} INFO - Sync 1 DAGs
[2026-04-25T03:26:12.958+0000] {logging_mixin.py:188} INFO - [2026-04-25T03:26:12.958+0000] {dag.py:3823} INFO - Setting next_dagrun for data_merge_pipeline to 2026-04-26 00:00:00+00:00, run_after=2026-05-03 00:00:00+00:00
[2026-04-25T03:26:12.989+0000] {processor.py:183} INFO - Processing /home/airflow/dags/data_merge_dag.py took 0.569 seconds
[2026-04-25T03:26:43.167+0000] {processor.py:161} INFO - Started process (PID=1621) to work on /home/airflow/dags/data_merge_dag.py
[2026-04-25T03:26:43.168+0000] {processor.py:830} INFO - Processing file /home/airflow/dags/data_merge_dag.py for tasks to queue
[2026-04-25T03:26:43.169+0000] {logging_mixin.py:188} INFO - [2026-04-25T03:26:43.168+0000] {dagbag.py:538} INFO - Filling up the DagBag from /home/airflow/dags/data_merge_dag.py
[2026-04-25T03:26:43.544+0000] {processor.py:840} INFO - DAG(s) 'data_merge_pipeline' retrieved from /home/airflow/dags/data_merge_dag.py
[2026-04-25T03:26:43.567+0000] {logging_mixin.py:188} INFO - [2026-04-25T03:26:43.566+0000] {dag.py:3036} INFO - Sync 1 DAGs
[2026-04-25T03:26:43.586+0000] {logging_mixin.py:188} INFO - [2026-04-25T03:26:43.586+0000] {dag.py:3823} INFO - Setting next_dagrun for data_merge_pipeline to 2026-04-26 00:00:00+00:00, run_after=2026-05-03 00:00:00+00:00
[2026-04-25T03:26:43.609+0000] {processor.py:183} INFO - Processing /home/airflow/dags/data_merge_dag.py took 0.446 seconds
[2026-04-25T03:27:13.814+0000] {processor.py:161} INFO - Started process (PID=1627) to work on /home/airflow/dags/data_merge_dag.py
[2026-04-25T03:27:13.815+0000] {processor.py:830} INFO - Processing file /home/airflow/dags/data_merge_dag.py for tasks to queue
[2026-04-25T03:27:13.816+0000] {logging_mixin.py:188} INFO - [2026-04-25T03:27:13.816+0000] {dagbag.py:538} INFO - Filling up the DagBag from /home/airflow/dags/data_merge_dag.py
[2026-04-25T03:27:14.216+0000] {processor.py:840} INFO - DAG(s) 'data_merge_pipeline' retrieved from /home/airflow/dags/data_merge_dag.py
[2026-04-25T03:27:14.237+0000] {logging_mixin.py:188} INFO - [2026-04-25T03:27:14.236+0000] {dag.py:3036} INFO - Sync 1 DAGs
[2026-04-25T03:27:14.255+0000] {logging_mixin.py:188} INFO - [2026-04-25T03:27:14.255+0000] {dag.py:3823} INFO - Setting next_dagrun for data_merge_pipeline to 2026-04-26 00:00:00+00:00, run_after=2026-05-03 00:00:00+00:00
[2026-04-25T03:27:14.282+0000] {processor.py:183} INFO - Processing /home/airflow/dags/data_merge_dag.py took 0.471 seconds
[2026-04-25T03:27:44.532+0000] {processor.py:161} INFO - Started process (PID=1633) to work on /home/airflow/dags/data_merge_dag.py
[2026-04-25T03:27:44.533+0000] {processor.py:830} INFO - Processing file /home/airflow/dags/data_merge_dag.py for tasks to queue
[2026-04-25T03:27:44.534+0000] {logging_mixin.py:188} INFO - [2026-04-25T03:27:44.534+0000] {dagbag.py:538} INFO - Filling up the DagBag from /home/airflow/dags/data_merge_dag.py
[2026-04-25T03:27:44.930+0000] {processor.py:840} INFO - DAG(s) 'data_merge_pipeline' retrieved from /home/airflow/dags/data_merge_dag.py
[2026-04-25T03:27:44.953+0000] {logging_mixin.py:188} INFO - [2026-04-25T03:27:44.953+0000] {dag.py:3036} INFO - Sync 1 DAGs
[2026-04-25T03:27:44.972+0000] {logging_mixin.py:188} INFO - [2026-04-25T03:27:44.972+0000] {dag.py:3823} INFO - Setting next_dagrun for data_merge_pipeline to 2026-04-26 00:00:00+00:00, run_after=2026-05-03 00:00:00+00:00
[2026-04-25T03:27:44.994+0000] {processor.py:183} INFO - Processing /home/airflow/dags/data_merge_dag.py took 0.466 seconds
[2026-04-25T03:28:15.180+0000] {processor.py:161} INFO - Started process (PID=1639) to work on /home/airflow/dags/data_merge_dag.py
[2026-04-25T03:28:15.182+0000] {processor.py:830} INFO - Processing file /home/airflow/dags/data_merge_dag.py for tasks to queue
[2026-04-25T03:28:15.183+0000] {logging_mixin.py:188} INFO - [2026-04-25T03:28:15.183+0000] {dagbag.py:538} INFO - Filling up the DagBag from /home/airflow/dags/data_merge_dag.py
[2026-04-25T03:28:15.741+0000] {processor.py:840} INFO - DAG(s) 'data_merge_pipeline' retrieved from /home/airflow/dags/data_merge_dag.py
[2026-04-25T03:28:15.763+0000] {logging_mixin.py:188} INFO - [2026-04-25T03:28:15.763+0000] {dag.py:3036} INFO - Sync 1 DAGs
[2026-04-25T03:28:15.783+0000] {logging_mixin.py:188} INFO - [2026-04-25T03:28:15.782+0000] {dag.py:3823} INFO - Setting next_dagrun for data_merge_pipeline to 2026-04-26 00:00:00+00:00, run_after=2026-05-03 00:00:00+00:00
[2026-04-25T03:28:15.842+0000] {processor.py:183} INFO - Processing /home/airflow/dags/data_merge_dag.py took 0.668 seconds
[2026-04-25T03:28:46.237+0000] {processor.py:161} INFO - Started process (PID=1645) to work on /home/airflow/dags/data_merge_dag.py
[2026-04-25T03:28:46.238+0000] {processor.py:830} INFO - Processing file /home/airflow/dags/data_merge_dag.py for tasks to queue
[2026-04-25T03:28:46.239+0000] {logging_mixin.py:188} INFO - [2026-04-25T03:28:46.239+0000] {dagbag.py:538} INFO - Filling up the DagBag from /home/airflow/dags/data_merge_dag.py
[2026-04-25T03:28:46.830+0000] {processor.py:840} INFO - DAG(s) 'data_merge_pipeline' retrieved from /home/airflow/dags/data_merge_dag.py
[2026-04-25T03:28:46.861+0000] {logging_mixin.py:188} INFO - [2026-04-25T03:28:46.860+0000] {dag.py:3036} INFO - Sync 1 DAGs
[2026-04-25T03:28:46.884+0000] {logging_mixin.py:188} INFO - [2026-04-25T03:28:46.884+0000] {dag.py:3823} INFO - Setting next_dagrun for data_merge_pipeline to 2026-04-26 00:00:00+00:00, run_after=2026-05-03 00:00:00+00:00
[2026-04-25T03:28:46.905+0000] {processor.py:183} INFO - Processing /home/airflow/dags/data_merge_dag.py took 0.671 seconds
[2026-04-25T03:29:17.183+0000] {processor.py:161} INFO - Started process (PID=1651) to work on /home/airflow/dags/data_merge_dag.py
[2026-04-25T03:29:17.184+0000] {processor.py:830} INFO - Processing file /home/airflow/dags/data_merge_dag.py for tasks to queue
[2026-04-25T03:29:17.186+0000] {logging_mixin.py:188} INFO - [2026-04-25T03:29:17.185+0000] {dagbag.py:538} INFO - Filling up the DagBag from /home/airflow/dags/data_merge_dag.py
[2026-04-25T03:29:17.722+0000] {processor.py:840} INFO - DAG(s) 'data_merge_pipeline' retrieved from /home/airflow/dags/data_merge_dag.py
[2026-04-25T03:29:17.743+0000] {logging_mixin.py:188} INFO - [2026-04-25T03:29:17.743+0000] {dag.py:3036} INFO - Sync 1 DAGs
[2026-04-25T03:29:17.762+0000] {logging_mixin.py:188} INFO - [2026-04-25T03:29:17.762+0000] {dag.py:3823} INFO - Setting next_dagrun for data_merge_pipeline to 2026-04-26 00:00:00+00:00, run_after=2026-05-03 00:00:00+00:00
[2026-04-25T03:29:17.786+0000] {processor.py:183} INFO - Processing /home/airflow/dags/data_merge_dag.py took 0.608 seconds
[2026-04-25T03:29:48.000+0000] {processor.py:161} INFO - Started process (PID=1657) to work on /home/airflow/dags/data_merge_dag.py
[2026-04-25T03:29:48.001+0000] {processor.py:830} INFO - Processing file /home/airflow/dags/data_merge_dag.py for tasks to queue
[2026-04-25T03:29:48.002+0000] {logging_mixin.py:188} INFO - [2026-04-25T03:29:48.002+0000] {dagbag.py:538} INFO - Filling up the DagBag from /home/airflow/dags/data_merge_dag.py
[2026-04-25T03:29:48.334+0000] {processor.py:840} INFO - DAG(s) 'data_merge_pipeline' retrieved from /home/airflow/dags/data_merge_dag.py
[2026-04-25T03:29:48.354+0000] {logging_mixin.py:188} INFO - [2026-04-25T03:29:48.354+0000] {dag.py:3036} INFO - Sync 1 DAGs
[2026-04-25T03:29:48.370+0000] {logging_mixin.py:188} INFO - [2026-04-25T03:29:48.370+0000] {dag.py:3823} INFO - Setting next_dagrun for data_merge_pipeline to 2026-04-26 00:00:00+00:00, run_after=2026-05-03 00:00:00+00:00
[2026-04-25T03:29:48.391+0000] {processor.py:183} INFO - Processing /home/airflow/dags/data_merge_dag.py took 0.395 seconds
[2026-04-25T03:30:18.615+0000] {processor.py:161} INFO - Started process (PID=1663) to work on /home/airflow/dags/data_merge_dag.py
[2026-04-25T03:30:18.616+0000] {processor.py:830} INFO - Processing file /home/airflow/dags/data_merge_dag.py for tasks to queue
[2026-04-25T03:30:18.618+0000] {logging_mixin.py:188} INFO - [2026-04-25T03:30:18.618+0000] {dagbag.py:538} INFO - Filling up the DagBag from /home/airflow/dags/data_merge_dag.py
[2026-04-25T03:30:19.040+0000] {processor.py:840} INFO - DAG(s) 'data_merge_pipeline' retrieved from /home/airflow/dags/data_merge_dag.py
[2026-04-25T03:30:19.062+0000] {logging_mixin.py:188} INFO - [2026-04-25T03:30:19.061+0000] {dag.py:3036} INFO - Sync 1 DAGs
[2026-04-25T03:30:19.080+0000] {logging_mixin.py:188} INFO - [2026-04-25T03:30:19.080+0000] {dag.py:3823} INFO - Setting next_dagrun for data_merge_pipeline to 2026-04-26 00:00:00+00:00, run_after=2026-05-03 00:00:00+00:00
[2026-04-25T03:30:19.103+0000] {processor.py:183} INFO - Processing /home/airflow/dags/data_merge_dag.py took 0.495 seconds
[2026-04-25T03:30:49.317+0000] {processor.py:161} INFO - Started process (PID=1669) to work on /home/airflow/dags/data_merge_dag.py
[2026-04-25T03:30:49.318+0000] {processor.py:830} INFO - Processing file /home/airflow/dags/data_merge_dag.py for tasks to queue
[2026-04-25T03:30:49.319+0000] {logging_mixin.py:188} INFO - [2026-04-25T03:30:49.319+0000] {dagbag.py:538} INFO - Filling up the DagBag from /home/airflow/dags/data_merge_dag.py
[2026-04-25T03:30:49.725+0000] {processor.py:840} INFO - DAG(s) 'data_merge_pipeline' retrieved from /home/airflow/dags/data_merge_dag.py
[2026-04-25T03:30:49.747+0000] {logging_mixin.py:188} INFO - [2026-04-25T03:30:49.747+0000] {dag.py:3036} INFO - Sync 1 DAGs
[2026-04-25T03:30:49.765+0000] {logging_mixin.py:188} INFO - [2026-04-25T03:30:49.764+0000] {dag.py:3823} INFO - Setting next_dagrun for data_merge_pipeline to 2026-04-26 00:00:00+00:00, run_after=2026-05-03 00:00:00+00:00
[2026-04-25T03:30:49.786+0000] {processor.py:183} INFO - Processing /home/airflow/dags/data_merge_dag.py took 0.472 seconds
[2026-04-25T03:31:19.977+0000] {processor.py:161} INFO - Started process (PID=1675) to work on /home/airflow/dags/data_merge_dag.py
[2026-04-25T03:31:19.978+0000] {processor.py:830} INFO - Processing file /home/airflow/dags/data_merge_dag.py for tasks to queue
[2026-04-25T03:31:19.979+0000] {logging_mixin.py:188} INFO - [2026-04-25T03:31:19.979+0000] {dagbag.py:538} INFO - Filling up the DagBag from /home/airflow/dags/data_merge_dag.py
[2026-04-25T03:31:20.396+0000] {processor.py:840} INFO - DAG(s) 'data_merge_pipeline' retrieved from /home/airflow/dags/data_merge_dag.py
[2026-04-25T03:31:20.419+0000] {logging_mixin.py:188} INFO - [2026-04-25T03:31:20.418+0000] {dag.py:3036} INFO - Sync 1 DAGs
[2026-04-25T03:31:20.441+0000] {logging_mixin.py:188} INFO - [2026-04-25T03:31:20.440+0000] {dag.py:3823} INFO - Setting next_dagrun for data_merge_pipeline to 2026-04-26 00:00:00+00:00, run_after=2026-05-03 00:00:00+00:00
[2026-04-25T03:31:20.463+0000] {processor.py:183} INFO - Processing /home/airflow/dags/data_merge_dag.py took 0.489 seconds
[2026-04-25T03:31:50.679+0000] {processor.py:161} INFO - Started process (PID=1681) to work on /home/airflow/dags/data_merge_dag.py
[2026-04-25T03:31:50.680+0000] {processor.py:830} INFO - Processing file /home/airflow/dags/data_merge_dag.py for tasks to queue
[2026-04-25T03:31:50.681+0000] {logging_mixin.py:188} INFO - [2026-04-25T03:31:50.681+0000] {dagbag.py:538} INFO - Filling up the DagBag from /home/airflow/dags/data_merge_dag.py
[2026-04-25T03:31:51.063+0000] {processor.py:840} INFO - DAG(s) 'data_merge_pipeline' retrieved from /home/airflow/dags/data_merge_dag.py
[2026-04-25T03:31:51.085+0000] {logging_mixin.py:188} INFO - [2026-04-25T03:31:51.084+0000] {dag.py:3036} INFO - Sync 1 DAGs
[2026-04-25T03:31:51.101+0000] {logging_mixin.py:188} INFO - [2026-04-25T03:31:51.101+0000] {dag.py:3823} INFO - Setting next_dagrun for data_merge_pipeline to 2026-04-26 00:00:00+00:00, run_after=2026-05-03 00:00:00+00:00
[2026-04-25T03:31:51.123+0000] {processor.py:183} INFO - Processing /home/airflow/dags/data_merge_dag.py took 0.448 seconds
[2026-04-25T03:32:21.342+0000] {processor.py:161} INFO - Started process (PID=1687) to work on /home/airflow/dags/data_merge_dag.py
[2026-04-25T03:32:21.343+0000] {processor.py:830} INFO - Processing file /home/airflow/dags/data_merge_dag.py for tasks to queue
[2026-04-25T03:32:21.344+0000] {logging_mixin.py:188} INFO - [2026-04-25T03:32:21.344+0000] {dagbag.py:538} INFO - Filling up the DagBag from /home/airflow/dags/data_merge_dag.py
[2026-04-25T03:32:21.737+0000] {processor.py:840} INFO - DAG(s) 'data_merge_pipeline' retrieved from /home/airflow/dags/data_merge_dag.py
[2026-04-25T03:32:21.761+0000] {logging_mixin.py:188} INFO - [2026-04-25T03:32:21.761+0000] {dag.py:3036} INFO - Sync 1 DAGs
[2026-04-25T03:32:21.780+0000] {logging_mixin.py:188} INFO - [2026-04-25T03:32:21.779+0000] {dag.py:3823} INFO - Setting next_dagrun for data_merge_pipeline to 2026-04-26 00:00:00+00:00, run_after=2026-05-03 00:00:00+00:00
[2026-04-25T03:32:21.804+0000] {processor.py:183} INFO - Processing /home/airflow/dags/data_merge_dag.py took 0.465 seconds
[2026-04-25T03:32:52.020+0000] {processor.py:161} INFO - Started process (PID=1693) to work on /home/airflow/dags/data_merge_dag.py
[2026-04-25T03:32:52.021+0000] {processor.py:830} INFO - Processing file /home/airflow/dags/data_merge_dag.py for tasks to queue
[2026-04-25T03:32:52.022+0000] {logging_mixin.py:188} INFO - [2026-04-25T03:32:52.022+0000] {dagbag.py:538} INFO - Filling up the DagBag from /home/airflow/dags/data_merge_dag.py
[2026-04-25T03:32:52.406+0000] {processor.py:840} INFO - DAG(s) 'data_merge_pipeline' retrieved from /home/airflow/dags/data_merge_dag.py
[2026-04-25T03:32:52.427+0000] {logging_mixin.py:188} INFO - [2026-04-25T03:32:52.427+0000] {dag.py:3036} INFO - Sync 1 DAGs
[2026-04-25T03:32:52.443+0000] {logging_mixin.py:188} INFO - [2026-04-25T03:32:52.443+0000] {dag.py:3823} INFO - Setting next_dagrun for data_merge_pipeline to 2026-04-26 00:00:00+00:00, run_after=2026-05-03 00:00:00+00:00
[2026-04-25T03:32:52.466+0000] {processor.py:183} INFO - Processing /home/airflow/dags/data_merge_dag.py took 0.449 seconds
[2026-04-25T03:33:22.741+0000] {processor.py:161} INFO - Started process (PID=1699) to work on /home/airflow/dags/data_merge_dag.py
[2026-04-25T03:33:22.744+0000] {processor.py:830} INFO - Processing file /home/airflow/dags/data_merge_dag.py for tasks to queue
[2026-04-25T03:33:22.746+0000] {logging_mixin.py:188} INFO - [2026-04-25T03:33:22.746+0000] {dagbag.py:538} INFO - Filling up the DagBag from /home/airflow/dags/data_merge_dag.py
[2026-04-25T03:33:23.318+0000] {processor.py:840} INFO - DAG(s) 'data_merge_pipeline' retrieved from /home/airflow/dags/data_merge_dag.py
[2026-04-25T03:33:23.338+0000] {logging_mixin.py:188} INFO - [2026-04-25T03:33:23.337+0000] {dag.py:3036} INFO - Sync 1 DAGs
[2026-04-25T03:33:23.355+0000] {logging_mixin.py:188} INFO - [2026-04-25T03:33:23.355+0000] {dag.py:3823} INFO - Setting next_dagrun for data_merge_pipeline to 2026-04-26 00:00:00+00:00, run_after=2026-05-03 00:00:00+00:00
[2026-04-25T03:33:23.387+0000] {processor.py:183} INFO - Processing /home/airflow/dags/data_merge_dag.py took 0.651 seconds
[2026-04-25T03:33:53.460+0000] {processor.py:161} INFO - Started process (PID=1705) to work on /home/airflow/dags/data_merge_dag.py
[2026-04-25T03:33:53.462+0000] {processor.py:830} INFO - Processing file /home/airflow/dags/data_merge_dag.py for tasks to queue
[2026-04-25T03:33:53.463+0000] {logging_mixin.py:188} INFO - [2026-04-25T03:33:53.463+0000] {dagbag.py:538} INFO - Filling up the DagBag from /home/airflow/dags/data_merge_dag.py
[2026-04-25T03:33:53.972+0000] {processor.py:840} INFO - DAG(s) 'data_merge_pipeline' retrieved from /home/airflow/dags/data_merge_dag.py
[2026-04-25T03:33:54.002+0000] {logging_mixin.py:188} INFO - [2026-04-25T03:33:54.002+0000] {dag.py:3036} INFO - Sync 1 DAGs
[2026-04-25T03:33:54.029+0000] {logging_mixin.py:188} INFO - [2026-04-25T03:33:54.029+0000] {dag.py:3823} INFO - Setting next_dagrun for data_merge_pipeline to 2026-04-26 00:00:00+00:00, run_after=2026-05-03 00:00:00+00:00
[2026-04-25T03:33:54.060+0000] {processor.py:183} INFO - Processing /home/airflow/dags/data_merge_dag.py took 0.604 seconds
[2026-04-25T03:34:24.314+0000] {processor.py:161} INFO - Started process (PID=1711) to work on /home/airflow/dags/data_merge_dag.py
[2026-04-25T03:34:24.315+0000] {processor.py:830} INFO - Processing file /home/airflow/dags/data_merge_dag.py for tasks to queue
[2026-04-25T03:34:24.317+0000] {logging_mixin.py:188} INFO - [2026-04-25T03:34:24.316+0000] {dagbag.py:538} INFO - Filling up the DagBag from /home/airflow/dags/data_merge_dag.py
[2026-04-25T03:34:24.721+0000] {processor.py:840} INFO - DAG(s) 'data_merge_pipeline' retrieved from /home/airflow/dags/data_merge_dag.py
[2026-04-25T03:34:24.745+0000] {logging_mixin.py:188} INFO - [2026-04-25T03:34:24.744+0000] {dag.py:3036} INFO - Sync 1 DAGs
[2026-04-25T03:34:24.769+0000] {logging_mixin.py:188} INFO - [2026-04-25T03:34:24.769+0000] {dag.py:3823} INFO - Setting next_dagrun for data_merge_pipeline to 2026-04-26 00:00:00+00:00, run_after=2026-05-03 00:00:00+00:00
[2026-04-25T03:34:24.797+0000] {processor.py:183} INFO - Processing /home/airflow/dags/data_merge_dag.py took 0.487 seconds
[2026-04-25T03:34:55.016+0000] {processor.py:161} INFO - Started process (PID=1717) to work on /home/airflow/dags/data_merge_dag.py
[2026-04-25T03:34:55.018+0000] {processor.py:830} INFO - Processing file /home/airflow/dags/data_merge_dag.py for tasks to queue
[2026-04-25T03:34:55.019+0000] {logging_mixin.py:188} INFO - [2026-04-25T03:34:55.018+0000] {dagbag.py:538} INFO - Filling up the DagBag from /home/airflow/dags/data_merge_dag.py
[2026-04-25T03:34:55.423+0000] {processor.py:840} INFO - DAG(s) 'data_merge_pipeline' retrieved from /home/airflow/dags/data_merge_dag.py
[2026-04-25T03:34:55.449+0000] {logging_mixin.py:188} INFO - [2026-04-25T03:34:55.448+0000] {dag.py:3036} INFO - Sync 1 DAGs
[2026-04-25T03:34:55.468+0000] {logging_mixin.py:188} INFO - [2026-04-25T03:34:55.468+0000] {dag.py:3823} INFO - Setting next_dagrun for data_merge_pipeline to 2026-04-26 00:00:00+00:00, run_after=2026-05-03 00:00:00+00:00
[2026-04-25T03:34:55.494+0000] {processor.py:183} INFO - Processing /home/airflow/dags/data_merge_dag.py took 0.481 seconds
[2026-04-25T03:35:25.692+0000] {processor.py:161} INFO - Started process (PID=1723) to work on /home/airflow/dags/data_merge_dag.py
[2026-04-25T03:35:25.693+0000] {processor.py:830} INFO - Processing file /home/airflow/dags/data_merge_dag.py for tasks to queue
[2026-04-25T03:35:25.695+0000] {logging_mixin.py:188} INFO - [2026-04-25T03:35:25.694+0000] {dagbag.py:538} INFO - Filling up the DagBag from /home/airflow/dags/data_merge_dag.py
[2026-04-25T03:35:26.154+0000] {processor.py:840} INFO - DAG(s) 'data_merge_pipeline' retrieved from /home/airflow/dags/data_merge_dag.py
[2026-04-25T03:35:26.177+0000] {logging_mixin.py:188} INFO - [2026-04-25T03:35:26.177+0000] {dag.py:3036} INFO - Sync 1 DAGs
[2026-04-25T03:35:26.196+0000] {logging_mixin.py:188} INFO - [2026-04-25T03:35:26.195+0000] {dag.py:3823} INFO - Setting next_dagrun for data_merge_pipeline to 2026-04-26 00:00:00+00:00, run_after=2026-05-03 00:00:00+00:00
[2026-04-25T03:35:26.219+0000] {processor.py:183} INFO - Processing /home/airflow/dags/data_merge_dag.py took 0.532 seconds
[2026-04-25T03:35:56.435+0000] {processor.py:161} INFO - Started process (PID=1729) to work on /home/airflow/dags/data_merge_dag.py
[2026-04-25T03:35:56.436+0000] {processor.py:830} INFO - Processing file /home/airflow/dags/data_merge_dag.py for tasks to queue
[2026-04-25T03:35:56.438+0000] {logging_mixin.py:188} INFO - [2026-04-25T03:35:56.437+0000] {dagbag.py:538} INFO - Filling up the DagBag from /home/airflow/dags/data_merge_dag.py
[2026-04-25T03:35:57.015+0000] {processor.py:840} INFO - DAG(s) 'data_merge_pipeline' retrieved from /home/airflow/dags/data_merge_dag.py
[2026-04-25T03:35:57.039+0000] {logging_mixin.py:188} INFO - [2026-04-25T03:35:57.039+0000] {dag.py:3036} INFO - Sync 1 DAGs
[2026-04-25T03:35:57.061+0000] {logging_mixin.py:188} INFO - [2026-04-25T03:35:57.061+0000] {dag.py:3823} INFO - Setting next_dagrun for data_merge_pipeline to 2026-04-26 00:00:00+00:00, run_after=2026-05-03 00:00:00+00:00
[2026-04-25T03:35:57.270+0000] {processor.py:183} INFO - Processing /home/airflow/dags/data_merge_dag.py took 0.840 seconds
[2026-04-25T03:36:27.514+0000] {processor.py:161} INFO - Started process (PID=1735) to work on /home/airflow/dags/data_merge_dag.py
[2026-04-25T03:36:27.515+0000] {processor.py:830} INFO - Processing file /home/airflow/dags/data_merge_dag.py for tasks to queue
[2026-04-25T03:36:27.517+0000] {logging_mixin.py:188} INFO - [2026-04-25T03:36:27.516+0000] {dagbag.py:538} INFO - Filling up the DagBag from /home/airflow/dags/data_merge_dag.py
[2026-04-25T03:36:28.107+0000] {processor.py:840} INFO - DAG(s) 'data_merge_pipeline' retrieved from /home/airflow/dags/data_merge_dag.py
[2026-04-25T03:36:28.135+0000] {logging_mixin.py:188} INFO - [2026-04-25T03:36:28.134+0000] {dag.py:3036} INFO - Sync 1 DAGs
[2026-04-25T03:36:28.160+0000] {logging_mixin.py:188} INFO - [2026-04-25T03:36:28.159+0000] {dag.py:3823} INFO - Setting next_dagrun for data_merge_pipeline to 2026-04-26 00:00:00+00:00, run_after=2026-05-03 00:00:00+00:00
[2026-04-25T03:36:28.186+0000] {processor.py:183} INFO - Processing /home/airflow/dags/data_merge_dag.py took 0.676 seconds
[2026-04-25T03:36:58.380+0000] {processor.py:161} INFO - Started process (PID=1741) to work on /home/airflow/dags/data_merge_dag.py
[2026-04-25T03:36:58.381+0000] {processor.py:830} INFO - Processing file /home/airflow/dags/data_merge_dag.py for tasks to queue
[2026-04-25T03:36:58.383+0000] {logging_mixin.py:188} INFO - [2026-04-25T03:36:58.382+0000] {dagbag.py:538} INFO - Filling up the DagBag from /home/airflow/dags/data_merge_dag.py
[2026-04-25T03:36:58.773+0000] {processor.py:840} INFO - DAG(s) 'data_merge_pipeline' retrieved from /home/airflow/dags/data_merge_dag.py
[2026-04-25T03:36:58.794+0000] {logging_mixin.py:188} INFO - [2026-04-25T03:36:58.793+0000] {dag.py:3036} INFO - Sync 1 DAGs
[2026-04-25T03:36:58.811+0000] {logging_mixin.py:188} INFO - [2026-04-25T03:36:58.811+0000] {dag.py:3823} INFO - Setting next_dagrun for data_merge_pipeline to 2026-04-26 00:00:00+00:00, run_after=2026-05-03 00:00:00+00:00
[2026-04-25T03:36:58.835+0000] {processor.py:183} INFO - Processing /home/airflow/dags/data_merge_dag.py took 0.459 seconds
[2026-04-25T03:37:29.079+0000] {processor.py:161} INFO - Started process (PID=1747) to work on /home/airflow/dags/data_merge_dag.py
[2026-04-25T03:37:29.080+0000] {processor.py:830} INFO - Processing file /home/airflow/dags/data_merge_dag.py for tasks to queue
[2026-04-25T03:37:29.082+0000] {logging_mixin.py:188} INFO - [2026-04-25T03:37:29.081+0000] {dagbag.py:538} INFO - Filling up the DagBag from /home/airflow/dags/data_merge_dag.py
[2026-04-25T03:37:29.360+0000] {processor.py:840} INFO - DAG(s) 'data_merge_pipeline' retrieved from /home/airflow/dags/data_merge_dag.py
[2026-04-25T03:37:29.388+0000] {logging_mixin.py:188} INFO - [2026-04-25T03:37:29.387+0000] {dag.py:3036} INFO - Sync 1 DAGs
[2026-04-25T03:37:29.411+0000] {logging_mixin.py:188} INFO - [2026-04-25T03:37:29.410+0000] {dag.py:3823} INFO - Setting next_dagrun for data_merge_pipeline to 2026-04-26 00:00:00+00:00, run_after=2026-05-03 00:00:00+00:00
[2026-04-25T03:37:29.435+0000] {processor.py:183} INFO - Processing /home/airflow/dags/data_merge_dag.py took 0.359 seconds
[2026-04-25T03:37:59.681+0000] {processor.py:161} INFO - Started process (PID=1753) to work on /home/airflow/dags/data_merge_dag.py
[2026-04-25T03:37:59.682+0000] {processor.py:830} INFO - Processing file /home/airflow/dags/data_merge_dag.py for tasks to queue
[2026-04-25T03:37:59.684+0000] {logging_mixin.py:188} INFO - [2026-04-25T03:37:59.684+0000] {dagbag.py:538} INFO - Filling up the DagBag from /home/airflow/dags/data_merge_dag.py
[2026-04-25T03:38:00.088+0000] {processor.py:840} INFO - DAG(s) 'data_merge_pipeline' retrieved from /home/airflow/dags/data_merge_dag.py
[2026-04-25T03:38:00.120+0000] {logging_mixin.py:188} INFO - [2026-04-25T03:38:00.119+0000] {dag.py:3036} INFO - Sync 1 DAGs
[2026-04-25T03:38:00.151+0000] {logging_mixin.py:188} INFO - [2026-04-25T03:38:00.150+0000] {dag.py:3823} INFO - Setting next_dagrun for data_merge_pipeline to 2026-04-26 00:00:00+00:00, run_after=2026-05-03 00:00:00+00:00
[2026-04-25T03:38:00.182+0000] {processor.py:183} INFO - Processing /home/airflow/dags/data_merge_dag.py took 0.506 seconds
[2026-04-25T03:38:30.421+0000] {processor.py:161} INFO - Started process (PID=1759) to work on /home/airflow/dags/data_merge_dag.py
[2026-04-25T03:38:30.423+0000] {processor.py:830} INFO - Processing file /home/airflow/dags/data_merge_dag.py for tasks to queue
[2026-04-25T03:38:30.424+0000] {logging_mixin.py:188} INFO - [2026-04-25T03:38:30.424+0000] {dagbag.py:538} INFO - Filling up the DagBag from /home/airflow/dags/data_merge_dag.py
[2026-04-25T03:38:30.678+0000] {processor.py:840} INFO - DAG(s) 'data_merge_pipeline' retrieved from /home/airflow/dags/data_merge_dag.py
[2026-04-25T03:38:30.705+0000] {logging_mixin.py:188} INFO - [2026-04-25T03:38:30.704+0000] {dag.py:3036} INFO - Sync 1 DAGs
[2026-04-25T03:38:30.727+0000] {logging_mixin.py:188} INFO - [2026-04-25T03:38:30.726+0000] {dag.py:3823} INFO - Setting next_dagrun for data_merge_pipeline to 2026-04-26 00:00:00+00:00, run_after=2026-05-03 00:00:00+00:00
[2026-04-25T03:38:30.750+0000] {processor.py:183} INFO - Processing /home/airflow/dags/data_merge_dag.py took 0.334 seconds
[2026-04-25T03:39:00.969+0000] {processor.py:161} INFO - Started process (PID=1765) to work on /home/airflow/dags/data_merge_dag.py
[2026-04-25T03:39:00.971+0000] {processor.py:830} INFO - Processing file /home/airflow/dags/data_merge_dag.py for tasks to queue
[2026-04-25T03:39:00.972+0000] {logging_mixin.py:188} INFO - [2026-04-25T03:39:00.972+0000] {dagbag.py:538} INFO - Filling up the DagBag from /home/airflow/dags/data_merge_dag.py
[2026-04-25T03:39:01.237+0000] {processor.py:840} INFO - DAG(s) 'data_merge_pipeline' retrieved from /home/airflow/dags/data_merge_dag.py
[2026-04-25T03:39:01.260+0000] {logging_mixin.py:188} INFO - [2026-04-25T03:39:01.259+0000] {dag.py:3036} INFO - Sync 1 DAGs
[2026-04-25T03:39:01.280+0000] {logging_mixin.py:188} INFO - [2026-04-25T03:39:01.279+0000] {dag.py:3823} INFO - Setting next_dagrun for data_merge_pipeline to 2026-04-26 00:00:00+00:00, run_after=2026-05-03 00:00:00+00:00
[2026-04-25T03:39:01.304+0000] {processor.py:183} INFO - Processing /home/airflow/dags/data_merge_dag.py took 0.339 seconds
[2026-04-25T03:39:31.549+0000] {processor.py:161} INFO - Started process (PID=1771) to work on /home/airflow/dags/data_merge_dag.py
[2026-04-25T03:39:31.551+0000] {processor.py:830} INFO - Processing file /home/airflow/dags/data_merge_dag.py for tasks to queue
[2026-04-25T03:39:31.552+0000] {logging_mixin.py:188} INFO - [2026-04-25T03:39:31.552+0000] {dagbag.py:538} INFO - Filling up the DagBag from /home/airflow/dags/data_merge_dag.py
[2026-04-25T03:39:31.850+0000] {processor.py:840} INFO - DAG(s) 'data_merge_pipeline' retrieved from /home/airflow/dags/data_merge_dag.py
[2026-04-25T03:39:31.883+0000] {logging_mixin.py:188} INFO - [2026-04-25T03:39:31.882+0000] {dag.py:3036} INFO - Sync 1 DAGs
[2026-04-25T03:39:31.907+0000] {logging_mixin.py:188} INFO - [2026-04-25T03:39:31.907+0000] {dag.py:3823} INFO - Setting next_dagrun for data_merge_pipeline to 2026-04-26 00:00:00+00:00, run_after=2026-05-03 00:00:00+00:00
[2026-04-25T03:39:31.931+0000] {processor.py:183} INFO - Processing /home/airflow/dags/data_merge_dag.py took 0.387 seconds
[2026-04-25T03:40:02.151+0000] {processor.py:161} INFO - Started process (PID=1777) to work on /home/airflow/dags/data_merge_dag.py
[2026-04-25T03:40:02.152+0000] {processor.py:830} INFO - Processing file /home/airflow/dags/data_merge_dag.py for tasks to queue
[2026-04-25T03:40:02.154+0000] {logging_mixin.py:188} INFO - [2026-04-25T03:40:02.153+0000] {dagbag.py:538} INFO - Filling up the DagBag from /home/airflow/dags/data_merge_dag.py
[2026-04-25T03:40:02.410+0000] {processor.py:840} INFO - DAG(s) 'data_merge_pipeline' retrieved from /home/airflow/dags/data_merge_dag.py
[2026-04-25T03:40:02.434+0000] {logging_mixin.py:188} INFO - [2026-04-25T03:40:02.434+0000] {dag.py:3036} INFO - Sync 1 DAGs
[2026-04-25T03:40:02.453+0000] {logging_mixin.py:188} INFO - [2026-04-25T03:40:02.453+0000] {dag.py:3823} INFO - Setting next_dagrun for data_merge_pipeline to 2026-04-26 00:00:00+00:00, run_after=2026-05-03 00:00:00+00:00
[2026-04-25T03:40:02.475+0000] {processor.py:183} INFO - Processing /home/airflow/dags/data_merge_dag.py took 0.329 seconds
[2026-04-25T03:40:32.689+0000] {processor.py:161} INFO - Started process (PID=1783) to work on /home/airflow/dags/data_merge_dag.py
[2026-04-25T03:40:32.691+0000] {processor.py:830} INFO - Processing file /home/airflow/dags/data_merge_dag.py for tasks to queue
[2026-04-25T03:40:32.692+0000] {logging_mixin.py:188} INFO - [2026-04-25T03:40:32.691+0000] {dagbag.py:538} INFO - Filling up the DagBag from /home/airflow/dags/data_merge_dag.py
[2026-04-25T03:40:33.018+0000] {processor.py:840} INFO - DAG(s) 'data_merge_pipeline' retrieved from /home/airflow/dags/data_merge_dag.py
[2026-04-25T03:40:33.050+0000] {logging_mixin.py:188} INFO - [2026-04-25T03:40:33.049+0000] {dag.py:3036} INFO - Sync 1 DAGs
[2026-04-25T03:40:33.075+0000] {logging_mixin.py:188} INFO - [2026-04-25T03:40:33.075+0000] {dag.py:3823} INFO - Setting next_dagrun for data_merge_pipeline to 2026-04-26 00:00:00+00:00, run_after=2026-05-03 00:00:00+00:00
[2026-04-25T03:40:33.103+0000] {processor.py:183} INFO - Processing /home/airflow/dags/data_merge_dag.py took 0.418 seconds
[2026-04-25T03:41:03.388+0000] {processor.py:161} INFO - Started process (PID=1789) to work on /home/airflow/dags/data_merge_dag.py
[2026-04-25T03:41:03.390+0000] {processor.py:830} INFO - Processing file /home/airflow/dags/data_merge_dag.py for tasks to queue
[2026-04-25T03:41:03.392+0000] {logging_mixin.py:188} INFO - [2026-04-25T03:41:03.391+0000] {dagbag.py:538} INFO - Filling up the DagBag from /home/airflow/dags/data_merge_dag.py
[2026-04-25T03:41:03.666+0000] {processor.py:840} INFO - DAG(s) 'data_merge_pipeline' retrieved from /home/airflow/dags/data_merge_dag.py
[2026-04-25T03:41:03.695+0000] {logging_mixin.py:188} INFO - [2026-04-25T03:41:03.694+0000] {dag.py:3036} INFO - Sync 1 DAGs
[2026-04-25T03:41:03.716+0000] {logging_mixin.py:188} INFO - [2026-04-25T03:41:03.716+0000] {dag.py:3823} INFO - Setting next_dagrun for data_merge_pipeline to 2026-04-26 00:00:00+00:00, run_after=2026-05-03 00:00:00+00:00
[2026-04-25T03:41:03.740+0000] {processor.py:183} INFO - Processing /home/airflow/dags/data_merge_dag.py took 0.356 seconds
[2026-04-25T03:41:33.998+0000] {processor.py:161} INFO - Started process (PID=1795) to work on /home/airflow/dags/data_merge_dag.py
[2026-04-25T03:41:34.000+0000] {processor.py:830} INFO - Processing file /home/airflow/dags/data_merge_dag.py for tasks to queue
[2026-04-25T03:41:34.002+0000] {logging_mixin.py:188} INFO - [2026-04-25T03:41:34.001+0000] {dagbag.py:538} INFO - Filling up the DagBag from /home/airflow/dags/data_merge_dag.py
[2026-04-25T03:41:34.293+0000] {processor.py:840} INFO - DAG(s) 'data_merge_pipeline' retrieved from /home/airflow/dags/data_merge_dag.py
[2026-04-25T03:41:34.322+0000] {logging_mixin.py:188} INFO - [2026-04-25T03:41:34.322+0000] {dag.py:3036} INFO - Sync 1 DAGs
[2026-04-25T03:41:34.348+0000] {logging_mixin.py:188} INFO - [2026-04-25T03:41:34.347+0000] {dag.py:3823} INFO - Setting next_dagrun for data_merge_pipeline to 2026-04-26 00:00:00+00:00, run_after=2026-05-03 00:00:00+00:00
[2026-04-25T03:41:34.376+0000] {processor.py:183} INFO - Processing /home/airflow/dags/data_merge_dag.py took 0.382 seconds
[2026-04-25T03:42:04.592+0000] {processor.py:161} INFO - Started process (PID=1801) to work on /home/airflow/dags/data_merge_dag.py
[2026-04-25T03:42:04.594+0000] {processor.py:830} INFO - Processing file /home/airflow/dags/data_merge_dag.py for tasks to queue
[2026-04-25T03:42:04.595+0000] {logging_mixin.py:188} INFO - [2026-04-25T03:42:04.594+0000] {dagbag.py:538} INFO - Filling up the DagBag from /home/airflow/dags/data_merge_dag.py
[2026-04-25T03:42:04.891+0000] {processor.py:840} INFO - DAG(s) 'data_merge_pipeline' retrieved from /home/airflow/dags/data_merge_dag.py
[2026-04-25T03:42:04.918+0000] {logging_mixin.py:188} INFO - [2026-04-25T03:42:04.918+0000] {dag.py:3036} INFO - Sync 1 DAGs
[2026-04-25T03:42:04.939+0000] {logging_mixin.py:188} INFO - [2026-04-25T03:42:04.938+0000] {dag.py:3823} INFO - Setting next_dagrun for data_merge_pipeline to 2026-04-26 00:00:00+00:00, run_after=2026-05-03 00:00:00+00:00
[2026-04-25T03:42:04.963+0000] {processor.py:183} INFO - Processing /home/airflow/dags/data_merge_dag.py took 0.374 seconds
[2026-04-25T03:42:35.177+0000] {processor.py:161} INFO - Started process (PID=1807) to work on /home/airflow/dags/data_merge_dag.py
[2026-04-25T03:42:35.178+0000] {processor.py:830} INFO - Processing file /home/airflow/dags/data_merge_dag.py for tasks to queue
[2026-04-25T03:42:35.179+0000] {logging_mixin.py:188} INFO - [2026-04-25T03:42:35.179+0000] {dagbag.py:538} INFO - Filling up the DagBag from /home/airflow/dags/data_merge_dag.py
[2026-04-25T03:42:35.444+0000] {processor.py:840} INFO - DAG(s) 'data_merge_pipeline' retrieved from /home/airflow/dags/data_merge_dag.py
[2026-04-25T03:42:35.470+0000] {logging_mixin.py:188} INFO - [2026-04-25T03:42:35.470+0000] {dag.py:3036} INFO - Sync 1 DAGs
[2026-04-25T03:42:35.492+0000] {logging_mixin.py:188} INFO - [2026-04-25T03:42:35.491+0000] {dag.py:3823} INFO - Setting next_dagrun for data_merge_pipeline to 2026-04-26 00:00:00+00:00, run_after=2026-05-03 00:00:00+00:00
[2026-04-25T03:42:35.514+0000] {processor.py:183} INFO - Processing /home/airflow/dags/data_merge_dag.py took 0.341 seconds
[2026-04-25T03:43:05.725+0000] {processor.py:161} INFO - Started process (PID=1813) to work on /home/airflow/dags/data_merge_dag.py
[2026-04-25T03:43:05.726+0000] {processor.py:830} INFO - Processing file /home/airflow/dags/data_merge_dag.py for tasks to queue
[2026-04-25T03:43:05.728+0000] {logging_mixin.py:188} INFO - [2026-04-25T03:43:05.727+0000] {dagbag.py:538} INFO - Filling up the DagBag from /home/airflow/dags/data_merge_dag.py
[2026-04-25T03:43:06.050+0000] {processor.py:840} INFO - DAG(s) 'data_merge_pipeline' retrieved from /home/airflow/dags/data_merge_dag.py
[2026-04-25T03:43:06.084+0000] {logging_mixin.py:188} INFO - [2026-04-25T03:43:06.084+0000] {dag.py:3036} INFO - Sync 1 DAGs
[2026-04-25T03:43:06.116+0000] {logging_mixin.py:188} INFO - [2026-04-25T03:43:06.115+0000] {dag.py:3823} INFO - Setting next_dagrun for data_merge_pipeline to 2026-04-26 00:00:00+00:00, run_after=2026-05-03 00:00:00+00:00
[2026-04-25T03:43:06.150+0000] {processor.py:183} INFO - Processing /home/airflow/dags/data_merge_dag.py took 0.428 seconds
[2026-04-25T03:43:36.406+0000] {processor.py:161} INFO - Started process (PID=1819) to work on /home/airflow/dags/data_merge_dag.py
[2026-04-25T03:43:36.409+0000] {processor.py:830} INFO - Processing file /home/airflow/dags/data_merge_dag.py for tasks to queue
[2026-04-25T03:43:36.411+0000] {logging_mixin.py:188} INFO - [2026-04-25T03:43:36.410+0000] {dagbag.py:538} INFO - Filling up the DagBag from /home/airflow/dags/data_merge_dag.py
[2026-04-25T03:43:36.789+0000] {processor.py:840} INFO - DAG(s) 'data_merge_pipeline' retrieved from /home/airflow/dags/data_merge_dag.py
[2026-04-25T03:43:36.820+0000] {logging_mixin.py:188} INFO - [2026-04-25T03:43:36.819+0000] {dag.py:3036} INFO - Sync 1 DAGs
[2026-04-25T03:43:36.861+0000] {logging_mixin.py:188} INFO - [2026-04-25T03:43:36.861+0000] {dag.py:3823} INFO - Setting next_dagrun for data_merge_pipeline to 2026-04-26 00:00:00+00:00, run_after=2026-05-03 00:00:00+00:00
[2026-04-25T03:43:36.901+0000] {processor.py:183} INFO - Processing /home/airflow/dags/data_merge_dag.py took 0.499 seconds
[2026-04-25T03:44:07.288+0000] {processor.py:161} INFO - Started process (PID=1825) to work on /home/airflow/dags/data_merge_dag.py
[2026-04-25T03:44:07.290+0000] {processor.py:830} INFO - Processing file /home/airflow/dags/data_merge_dag.py for tasks to queue
[2026-04-25T03:44:07.292+0000] {logging_mixin.py:188} INFO - [2026-04-25T03:44:07.291+0000] {dagbag.py:538} INFO - Filling up the DagBag from /home/airflow/dags/data_merge_dag.py
[2026-04-25T03:44:07.596+0000] {processor.py:840} INFO - DAG(s) 'data_merge_pipeline' retrieved from /home/airflow/dags/data_merge_dag.py
[2026-04-25T03:44:07.625+0000] {logging_mixin.py:188} INFO - [2026-04-25T03:44:07.625+0000] {dag.py:3036} INFO - Sync 1 DAGs
[2026-04-25T03:44:07.646+0000] {logging_mixin.py:188} INFO - [2026-04-25T03:44:07.645+0000] {dag.py:3823} INFO - Setting next_dagrun for data_merge_pipeline to 2026-04-26 00:00:00+00:00, run_after=2026-05-03 00:00:00+00:00
[2026-04-25T03:44:07.669+0000] {processor.py:183} INFO - Processing /home/airflow/dags/data_merge_dag.py took 0.386 seconds
[2026-04-25T03:44:38.017+0000] {processor.py:161} INFO - Started process (PID=1836) to work on /home/airflow/dags/data_merge_dag.py
[2026-04-25T03:44:38.018+0000] {processor.py:830} INFO - Processing file /home/airflow/dags/data_merge_dag.py for tasks to queue
[2026-04-25T03:44:38.021+0000] {logging_mixin.py:188} INFO - [2026-04-25T03:44:38.020+0000] {dagbag.py:538} INFO - Filling up the DagBag from /home/airflow/dags/data_merge_dag.py
[2026-04-25T03:44:38.350+0000] {processor.py:840} INFO - DAG(s) 'data_merge_pipeline' retrieved from /home/airflow/dags/data_merge_dag.py
[2026-04-25T03:44:38.389+0000] {logging_mixin.py:188} INFO - [2026-04-25T03:44:38.388+0000] {dag.py:3036} INFO - Sync 1 DAGs
[2026-04-25T03:44:38.422+0000] {logging_mixin.py:188} INFO - [2026-04-25T03:44:38.422+0000] {dag.py:3823} INFO - Setting next_dagrun for data_merge_pipeline to 2026-04-26 00:00:00+00:00, run_after=2026-05-03 00:00:00+00:00
[2026-04-25T03:44:38.452+0000] {processor.py:183} INFO - Processing /home/airflow/dags/data_merge_dag.py took 0.442 seconds
[2026-04-25T03:45:09.353+0000] {processor.py:161} INFO - Started process (PID=1847) to work on /home/airflow/dags/data_merge_dag.py
[2026-04-25T03:45:09.354+0000] {processor.py:830} INFO - Processing file /home/airflow/dags/data_merge_dag.py for tasks to queue
[2026-04-25T03:45:09.355+0000] {logging_mixin.py:188} INFO - [2026-04-25T03:45:09.355+0000] {dagbag.py:538} INFO - Filling up the DagBag from /home/airflow/dags/data_merge_dag.py
[2026-04-25T03:45:09.663+0000] {processor.py:840} INFO - DAG(s) 'data_merge_pipeline' retrieved from /home/airflow/dags/data_merge_dag.py
[2026-04-25T03:45:09.692+0000] {logging_mixin.py:188} INFO - [2026-04-25T03:45:09.691+0000] {dag.py:3036} INFO - Sync 1 DAGs
[2026-04-25T03:45:09.722+0000] {logging_mixin.py:188} INFO - [2026-04-25T03:45:09.722+0000] {dag.py:3823} INFO - Setting next_dagrun for data_merge_pipeline to 2026-04-26 00:00:00+00:00, run_after=2026-05-03 00:00:00+00:00
[2026-04-25T03:45:09.756+0000] {processor.py:183} INFO - Processing /home/airflow/dags/data_merge_dag.py took 0.408 seconds
[2026-04-25T03:45:40.631+0000] {processor.py:161} INFO - Started process (PID=1858) to work on /home/airflow/dags/data_merge_dag.py
[2026-04-25T03:45:40.633+0000] {processor.py:830} INFO - Processing file /home/airflow/dags/data_merge_dag.py for tasks to queue
[2026-04-25T03:45:40.634+0000] {logging_mixin.py:188} INFO - [2026-04-25T03:45:40.633+0000] {dagbag.py:538} INFO - Filling up the DagBag from /home/airflow/dags/data_merge_dag.py
[2026-04-25T03:45:40.884+0000] {processor.py:840} INFO - DAG(s) 'data_merge_pipeline' retrieved from /home/airflow/dags/data_merge_dag.py
[2026-04-25T03:45:40.909+0000] {logging_mixin.py:188} INFO - [2026-04-25T03:45:40.908+0000] {dag.py:3036} INFO - Sync 1 DAGs
[2026-04-25T03:45:40.930+0000] {logging_mixin.py:188} INFO - [2026-04-25T03:45:40.930+0000] {dag.py:3823} INFO - Setting next_dagrun for data_merge_pipeline to 2026-04-26 00:00:00+00:00, run_after=2026-05-03 00:00:00+00:00
[2026-04-25T03:45:40.953+0000] {processor.py:183} INFO - Processing /home/airflow/dags/data_merge_dag.py took 0.325 seconds
[2026-04-25T03:46:11.169+0000] {processor.py:161} INFO - Started process (PID=1877) to work on /home/airflow/dags/data_merge_dag.py
[2026-04-25T03:46:11.170+0000] {processor.py:830} INFO - Processing file /home/airflow/dags/data_merge_dag.py for tasks to queue
[2026-04-25T03:46:11.171+0000] {logging_mixin.py:188} INFO - [2026-04-25T03:46:11.171+0000] {dagbag.py:538} INFO - Filling up the DagBag from /home/airflow/dags/data_merge_dag.py
[2026-04-25T03:46:11.428+0000] {processor.py:840} INFO - DAG(s) 'data_merge_pipeline' retrieved from /home/airflow/dags/data_merge_dag.py
[2026-04-25T03:46:11.451+0000] {logging_mixin.py:188} INFO - [2026-04-25T03:46:11.451+0000] {dag.py:3036} INFO - Sync 1 DAGs
[2026-04-25T03:46:11.470+0000] {logging_mixin.py:188} INFO - [2026-04-25T03:46:11.470+0000] {dag.py:3823} INFO - Setting next_dagrun for data_merge_pipeline to 2026-04-26 00:00:00+00:00, run_after=2026-05-03 00:00:00+00:00
[2026-04-25T03:46:11.495+0000] {processor.py:183} INFO - Processing /home/airflow/dags/data_merge_dag.py took 0.329 seconds
[2026-04-25T03:46:41.782+0000] {processor.py:161} INFO - Started process (PID=1896) to work on /home/airflow/dags/data_merge_dag.py
[2026-04-25T03:46:41.783+0000] {processor.py:830} INFO - Processing file /home/airflow/dags/data_merge_dag.py for tasks to queue
[2026-04-25T03:46:41.784+0000] {logging_mixin.py:188} INFO - [2026-04-25T03:46:41.784+0000] {dagbag.py:538} INFO - Filling up the DagBag from /home/airflow/dags/data_merge_dag.py
[2026-04-25T03:46:42.031+0000] {processor.py:840} INFO - DAG(s) 'data_merge_pipeline' retrieved from /home/airflow/dags/data_merge_dag.py
[2026-04-25T03:46:42.056+0000] {logging_mixin.py:188} INFO - [2026-04-25T03:46:42.055+0000] {dag.py:3036} INFO - Sync 1 DAGs
[2026-04-25T03:46:42.075+0000] {logging_mixin.py:188} INFO - [2026-04-25T03:46:42.075+0000] {dag.py:3823} INFO - Setting next_dagrun for data_merge_pipeline to 2026-04-26 00:00:00+00:00, run_after=2026-05-03 00:00:00+00:00
[2026-04-25T03:46:42.100+0000] {processor.py:183} INFO - Processing /home/airflow/dags/data_merge_dag.py took 0.322 seconds
[2026-04-25T03:47:12.358+0000] {processor.py:161} INFO - Started process (PID=1915) to work on /home/airflow/dags/data_merge_dag.py
[2026-04-25T03:47:12.360+0000] {processor.py:830} INFO - Processing file /home/airflow/dags/data_merge_dag.py for tasks to queue
[2026-04-25T03:47:12.361+0000] {logging_mixin.py:188} INFO - [2026-04-25T03:47:12.360+0000] {dagbag.py:538} INFO - Filling up the DagBag from /home/airflow/dags/data_merge_dag.py
[2026-04-25T03:47:12.693+0000] {processor.py:840} INFO - DAG(s) 'data_merge_pipeline' retrieved from /home/airflow/dags/data_merge_dag.py
[2026-04-25T03:47:12.725+0000] {logging_mixin.py:188} INFO - [2026-04-25T03:47:12.725+0000] {dag.py:3036} INFO - Sync 1 DAGs
[2026-04-25T03:47:12.743+0000] {logging_mixin.py:188} INFO - [2026-04-25T03:47:12.743+0000] {dag.py:3823} INFO - Setting next_dagrun for data_merge_pipeline to 2026-04-26 00:00:00+00:00, run_after=2026-05-03 00:00:00+00:00
[2026-04-25T03:47:12.763+0000] {processor.py:183} INFO - Processing /home/airflow/dags/data_merge_dag.py took 0.408 seconds
[2026-04-25T03:47:42.969+0000] {processor.py:161} INFO - Started process (PID=1934) to work on /home/airflow/dags/data_merge_dag.py
[2026-04-25T03:47:42.970+0000] {processor.py:830} INFO - Processing file /home/airflow/dags/data_merge_dag.py for tasks to queue
[2026-04-25T03:47:42.971+0000] {logging_mixin.py:188} INFO - [2026-04-25T03:47:42.971+0000] {dagbag.py:538} INFO - Filling up the DagBag from /home/airflow/dags/data_merge_dag.py
[2026-04-25T03:47:43.281+0000] {processor.py:840} INFO - DAG(s) 'data_merge_pipeline' retrieved from /home/airflow/dags/data_merge_dag.py
[2026-04-25T03:47:43.311+0000] {logging_mixin.py:188} INFO - [2026-04-25T03:47:43.310+0000] {dag.py:3036} INFO - Sync 1 DAGs
[2026-04-25T03:47:43.332+0000] {logging_mixin.py:188} INFO - [2026-04-25T03:47:43.332+0000] {dag.py:3823} INFO - Setting next_dagrun for data_merge_pipeline to 2026-04-26 00:00:00+00:00, run_after=2026-05-03 00:00:00+00:00
[2026-04-25T03:47:43.356+0000] {processor.py:183} INFO - Processing /home/airflow/dags/data_merge_dag.py took 0.391 seconds
[2026-04-25T03:48:13.609+0000] {processor.py:161} INFO - Started process (PID=1953) to work on /home/airflow/dags/data_merge_dag.py
[2026-04-25T03:48:13.610+0000] {processor.py:830} INFO - Processing file /home/airflow/dags/data_merge_dag.py for tasks to queue
[2026-04-25T03:48:13.612+0000] {logging_mixin.py:188} INFO - [2026-04-25T03:48:13.611+0000] {dagbag.py:538} INFO - Filling up the DagBag from /home/airflow/dags/data_merge_dag.py
[2026-04-25T03:48:13.900+0000] {processor.py:840} INFO - DAG(s) 'data_merge_pipeline' retrieved from /home/airflow/dags/data_merge_dag.py
[2026-04-25T03:48:13.930+0000] {logging_mixin.py:188} INFO - [2026-04-25T03:48:13.929+0000] {dag.py:3036} INFO - Sync 1 DAGs
[2026-04-25T03:48:14.091+0000] {logging_mixin.py:188} INFO - [2026-04-25T03:48:14.091+0000] {dag.py:3823} INFO - Setting next_dagrun for data_merge_pipeline to 2026-04-26 00:00:00+00:00, run_after=2026-05-03 00:00:00+00:00
[2026-04-25T03:48:14.114+0000] {processor.py:183} INFO - Processing /home/airflow/dags/data_merge_dag.py took 0.510 seconds
[2026-04-25T03:48:44.856+0000] {processor.py:161} INFO - Started process (PID=1982) to work on /home/airflow/dags/data_merge_dag.py
[2026-04-25T03:48:44.857+0000] {processor.py:830} INFO - Processing file /home/airflow/dags/data_merge_dag.py for tasks to queue
[2026-04-25T03:48:44.858+0000] {logging_mixin.py:188} INFO - [2026-04-25T03:48:44.858+0000] {dagbag.py:538} INFO - Filling up the DagBag from /home/airflow/dags/data_merge_dag.py
[2026-04-25T03:48:45.092+0000] {processor.py:840} INFO - DAG(s) 'data_merge_pipeline' retrieved from /home/airflow/dags/data_merge_dag.py
[2026-04-25T03:48:45.115+0000] {logging_mixin.py:188} INFO - [2026-04-25T03:48:45.114+0000] {dag.py:3036} INFO - Sync 1 DAGs
[2026-04-25T03:48:45.258+0000] {logging_mixin.py:188} INFO - [2026-04-25T03:48:45.258+0000] {dag.py:3823} INFO - Setting next_dagrun for data_merge_pipeline to 2026-04-26 00:00:00+00:00, run_after=2026-05-03 00:00:00+00:00
[2026-04-25T03:48:45.278+0000] {processor.py:183} INFO - Processing /home/airflow/dags/data_merge_dag.py took 0.426 seconds
[2026-04-25T03:49:15.698+0000] {processor.py:161} INFO - Started process (PID=2001) to work on /home/airflow/dags/data_merge_dag.py
[2026-04-25T03:49:15.700+0000] {processor.py:830} INFO - Processing file /home/airflow/dags/data_merge_dag.py for tasks to queue
[2026-04-25T03:49:15.702+0000] {logging_mixin.py:188} INFO - [2026-04-25T03:49:15.701+0000] {dagbag.py:538} INFO - Filling up the DagBag from /home/airflow/dags/data_merge_dag.py
[2026-04-25T03:49:16.156+0000] {processor.py:840} INFO - DAG(s) 'data_merge_pipeline' retrieved from /home/airflow/dags/data_merge_dag.py
[2026-04-25T03:49:16.219+0000] {logging_mixin.py:188} INFO - [2026-04-25T03:49:16.219+0000] {dag.py:3036} INFO - Sync 1 DAGs
[2026-04-25T03:49:16.256+0000] {logging_mixin.py:188} INFO - [2026-04-25T03:49:16.256+0000] {dag.py:3823} INFO - Setting next_dagrun for data_merge_pipeline to 2026-04-26 00:00:00+00:00, run_after=2026-05-03 00:00:00+00:00
[2026-04-25T03:49:16.295+0000] {processor.py:183} INFO - Processing /home/airflow/dags/data_merge_dag.py took 0.607 seconds
[2026-04-25T03:49:46.595+0000] {processor.py:161} INFO - Started process (PID=2033) to work on /home/airflow/dags/data_merge_dag.py
[2026-04-25T03:49:46.596+0000] {processor.py:830} INFO - Processing file /home/airflow/dags/data_merge_dag.py for tasks to queue
[2026-04-25T03:49:46.598+0000] {logging_mixin.py:188} INFO - [2026-04-25T03:49:46.597+0000] {dagbag.py:538} INFO - Filling up the DagBag from /home/airflow/dags/data_merge_dag.py
[2026-04-25T03:49:46.994+0000] {processor.py:840} INFO - DAG(s) 'data_merge_pipeline' retrieved from /home/airflow/dags/data_merge_dag.py
[2026-04-25T03:49:47.021+0000] {logging_mixin.py:188} INFO - [2026-04-25T03:49:47.020+0000] {dag.py:3036} INFO - Sync 1 DAGs
[2026-04-25T03:49:47.192+0000] {logging_mixin.py:188} INFO - [2026-04-25T03:49:47.192+0000] {dag.py:3823} INFO - Setting next_dagrun for data_merge_pipeline to 2026-04-26 00:00:00+00:00, run_after=2026-05-03 00:00:00+00:00
[2026-04-25T03:49:47.216+0000] {processor.py:183} INFO - Processing /home/airflow/dags/data_merge_dag.py took 0.630 seconds
[2026-04-25T03:50:17.491+0000] {processor.py:161} INFO - Started process (PID=2062) to work on /home/airflow/dags/data_merge_dag.py
[2026-04-25T03:50:17.493+0000] {processor.py:830} INFO - Processing file /home/airflow/dags/data_merge_dag.py for tasks to queue
[2026-04-25T03:50:17.494+0000] {logging_mixin.py:188} INFO - [2026-04-25T03:50:17.494+0000] {dagbag.py:538} INFO - Filling up the DagBag from /home/airflow/dags/data_merge_dag.py
[2026-04-25T03:50:18.154+0000] {processor.py:840} INFO - DAG(s) 'data_merge_pipeline' retrieved from /home/airflow/dags/data_merge_dag.py
[2026-04-25T03:50:18.214+0000] {logging_mixin.py:188} INFO - [2026-04-25T03:50:18.212+0000] {dag.py:3036} INFO - Sync 1 DAGs
[2026-04-25T03:50:18.250+0000] {logging_mixin.py:188} INFO - [2026-04-25T03:50:18.250+0000] {dag.py:3823} INFO - Setting next_dagrun for data_merge_pipeline to 2026-04-26 00:00:00+00:00, run_after=2026-05-03 00:00:00+00:00
[2026-04-25T03:50:18.302+0000] {processor.py:183} INFO - Processing /home/airflow/dags/data_merge_dag.py took 0.816 seconds
[2026-04-25T03:50:48.566+0000] {processor.py:161} INFO - Started process (PID=2081) to work on /home/airflow/dags/data_merge_dag.py
[2026-04-25T03:50:48.567+0000] {processor.py:830} INFO - Processing file /home/airflow/dags/data_merge_dag.py for tasks to queue
[2026-04-25T03:50:48.569+0000] {logging_mixin.py:188} INFO - [2026-04-25T03:50:48.568+0000] {dagbag.py:538} INFO - Filling up the DagBag from /home/airflow/dags/data_merge_dag.py
[2026-04-25T03:50:49.011+0000] {processor.py:840} INFO - DAG(s) 'data_merge_pipeline' retrieved from /home/airflow/dags/data_merge_dag.py
[2026-04-25T03:50:49.033+0000] {logging_mixin.py:188} INFO - [2026-04-25T03:50:49.033+0000] {dag.py:3036} INFO - Sync 1 DAGs
[2026-04-25T03:50:49.051+0000] {logging_mixin.py:188} INFO - [2026-04-25T03:50:49.051+0000] {dag.py:3823} INFO - Setting next_dagrun for data_merge_pipeline to 2026-04-26 00:00:00+00:00, run_after=2026-05-03 00:00:00+00:00
[2026-04-25T03:50:49.078+0000] {processor.py:183} INFO - Processing /home/airflow/dags/data_merge_dag.py took 0.515 seconds
[2026-04-25T03:51:19.415+0000] {processor.py:161} INFO - Started process (PID=2100) to work on /home/airflow/dags/data_merge_dag.py
[2026-04-25T03:51:19.417+0000] {processor.py:830} INFO - Processing file /home/airflow/dags/data_merge_dag.py for tasks to queue
[2026-04-25T03:51:19.419+0000] {logging_mixin.py:188} INFO - [2026-04-25T03:51:19.418+0000] {dagbag.py:538} INFO - Filling up the DagBag from /home/airflow/dags/data_merge_dag.py
[2026-04-25T03:51:20.070+0000] {processor.py:840} INFO - DAG(s) 'data_merge_pipeline' retrieved from /home/airflow/dags/data_merge_dag.py
[2026-04-25T03:51:20.092+0000] {logging_mixin.py:188} INFO - [2026-04-25T03:51:20.091+0000] {dag.py:3036} INFO - Sync 1 DAGs
[2026-04-25T03:51:20.117+0000] {logging_mixin.py:188} INFO - [2026-04-25T03:51:20.117+0000] {dag.py:3823} INFO - Setting next_dagrun for data_merge_pipeline to 2026-04-26 00:00:00+00:00, run_after=2026-05-03 00:00:00+00:00
[2026-04-25T03:51:20.146+0000] {processor.py:183} INFO - Processing /home/airflow/dags/data_merge_dag.py took 0.735 seconds
[2026-04-25T03:51:51.179+0000] {processor.py:161} INFO - Started process (PID=2119) to work on /home/airflow/dags/data_merge_dag.py
[2026-04-25T03:51:51.180+0000] {processor.py:830} INFO - Processing file /home/airflow/dags/data_merge_dag.py for tasks to queue
[2026-04-25T03:51:51.181+0000] {logging_mixin.py:188} INFO - [2026-04-25T03:51:51.181+0000] {dagbag.py:538} INFO - Filling up the DagBag from /home/airflow/dags/data_merge_dag.py
[2026-04-25T03:51:51.672+0000] {processor.py:840} INFO - DAG(s) 'data_merge_pipeline' retrieved from /home/airflow/dags/data_merge_dag.py
[2026-04-25T03:51:51.692+0000] {logging_mixin.py:188} INFO - [2026-04-25T03:51:51.692+0000] {dag.py:3036} INFO - Sync 1 DAGs
[2026-04-25T03:51:51.712+0000] {logging_mixin.py:188} INFO - [2026-04-25T03:51:51.711+0000] {dag.py:3823} INFO - Setting next_dagrun for data_merge_pipeline to 2026-04-26 00:00:00+00:00, run_after=2026-05-03 00:00:00+00:00
[2026-04-25T03:51:51.735+0000] {processor.py:183} INFO - Processing /home/airflow/dags/data_merge_dag.py took 0.559 seconds
[2026-04-25T03:52:21.992+0000] {processor.py:161} INFO - Started process (PID=2138) to work on /home/airflow/dags/data_merge_dag.py
[2026-04-25T03:52:21.994+0000] {processor.py:830} INFO - Processing file /home/airflow/dags/data_merge_dag.py for tasks to queue
[2026-04-25T03:52:21.995+0000] {logging_mixin.py:188} INFO - [2026-04-25T03:52:21.994+0000] {dagbag.py:538} INFO - Filling up the DagBag from /home/airflow/dags/data_merge_dag.py
[2026-04-25T03:52:22.423+0000] {processor.py:840} INFO - DAG(s) 'data_merge_pipeline' retrieved from /home/airflow/dags/data_merge_dag.py
[2026-04-25T03:52:22.451+0000] {logging_mixin.py:188} INFO - [2026-04-25T03:52:22.451+0000] {dag.py:3036} INFO - Sync 1 DAGs
[2026-04-25T03:52:22.473+0000] {logging_mixin.py:188} INFO - [2026-04-25T03:52:22.473+0000] {dag.py:3823} INFO - Setting next_dagrun for data_merge_pipeline to 2026-04-26 00:00:00+00:00, run_after=2026-05-03 00:00:00+00:00
[2026-04-25T03:52:22.498+0000] {processor.py:183} INFO - Processing /home/airflow/dags/data_merge_dag.py took 0.509 seconds
[2026-04-25T03:52:52.832+0000] {processor.py:161} INFO - Started process (PID=2167) to work on /home/airflow/dags/data_merge_dag.py
[2026-04-25T03:52:52.834+0000] {processor.py:830} INFO - Processing file /home/airflow/dags/data_merge_dag.py for tasks to queue
[2026-04-25T03:52:52.836+0000] {logging_mixin.py:188} INFO - [2026-04-25T03:52:52.835+0000] {dagbag.py:538} INFO - Filling up the DagBag from /home/airflow/dags/data_merge_dag.py
[2026-04-25T03:52:53.258+0000] {processor.py:840} INFO - DAG(s) 'data_merge_pipeline' retrieved from /home/airflow/dags/data_merge_dag.py
[2026-04-25T03:52:53.278+0000] {logging_mixin.py:188} INFO - [2026-04-25T03:52:53.277+0000] {dag.py:3036} INFO - Sync 1 DAGs
[2026-04-25T03:52:53.294+0000] {logging_mixin.py:188} INFO - [2026-04-25T03:52:53.294+0000] {dag.py:3823} INFO - Setting next_dagrun for data_merge_pipeline to 2026-04-26 00:00:00+00:00, run_after=2026-05-03 00:00:00+00:00
[2026-04-25T03:52:53.315+0000] {processor.py:183} INFO - Processing /home/airflow/dags/data_merge_dag.py took 0.487 seconds
[2026-04-25T03:53:24.165+0000] {processor.py:161} INFO - Started process (PID=2186) to work on /home/airflow/dags/data_merge_dag.py
[2026-04-25T03:53:24.166+0000] {processor.py:830} INFO - Processing file /home/airflow/dags/data_merge_dag.py for tasks to queue
[2026-04-25T03:53:24.167+0000] {logging_mixin.py:188} INFO - [2026-04-25T03:53:24.167+0000] {dagbag.py:538} INFO - Filling up the DagBag from /home/airflow/dags/data_merge_dag.py
[2026-04-25T03:53:24.612+0000] {processor.py:840} INFO - DAG(s) 'data_merge_pipeline' retrieved from /home/airflow/dags/data_merge_dag.py
[2026-04-25T03:53:24.637+0000] {logging_mixin.py:188} INFO - [2026-04-25T03:53:24.637+0000] {dag.py:3036} INFO - Sync 1 DAGs
[2026-04-25T03:53:24.657+0000] {logging_mixin.py:188} INFO - [2026-04-25T03:53:24.657+0000] {dag.py:3823} INFO - Setting next_dagrun for data_merge_pipeline to 2026-04-26 00:00:00+00:00, run_after=2026-05-03 00:00:00+00:00
[2026-04-25T03:53:24.682+0000] {processor.py:183} INFO - Processing /home/airflow/dags/data_merge_dag.py took 0.521 seconds
[2026-04-25T03:53:55.408+0000] {processor.py:161} INFO - Started process (PID=2215) to work on /home/airflow/dags/data_merge_dag.py
[2026-04-25T03:53:55.409+0000] {processor.py:830} INFO - Processing file /home/airflow/dags/data_merge_dag.py for tasks to queue
[2026-04-25T03:53:55.410+0000] {logging_mixin.py:188} INFO - [2026-04-25T03:53:55.410+0000] {dagbag.py:538} INFO - Filling up the DagBag from /home/airflow/dags/data_merge_dag.py
[2026-04-25T03:53:55.806+0000] {processor.py:840} INFO - DAG(s) 'data_merge_pipeline' retrieved from /home/airflow/dags/data_merge_dag.py
[2026-04-25T03:53:55.828+0000] {logging_mixin.py:188} INFO - [2026-04-25T03:53:55.827+0000] {dag.py:3036} INFO - Sync 1 DAGs
[2026-04-25T03:53:55.845+0000] {logging_mixin.py:188} INFO - [2026-04-25T03:53:55.845+0000] {dag.py:3823} INFO - Setting next_dagrun for data_merge_pipeline to 2026-04-26 00:00:00+00:00, run_after=2026-05-03 00:00:00+00:00
[2026-04-25T03:53:55.867+0000] {processor.py:183} INFO - Processing /home/airflow/dags/data_merge_dag.py took 0.462 seconds
[2026-04-25T03:54:26.206+0000] {processor.py:161} INFO - Started process (PID=2234) to work on /home/airflow/dags/data_merge_dag.py
[2026-04-25T03:54:26.207+0000] {processor.py:830} INFO - Processing file /home/airflow/dags/data_merge_dag.py for tasks to queue
[2026-04-25T03:54:26.208+0000] {logging_mixin.py:188} INFO - [2026-04-25T03:54:26.208+0000] {dagbag.py:538} INFO - Filling up the DagBag from /home/airflow/dags/data_merge_dag.py
[2026-04-25T03:54:26.680+0000] {processor.py:840} INFO - DAG(s) 'data_merge_pipeline' retrieved from /home/airflow/dags/data_merge_dag.py
[2026-04-25T03:54:26.704+0000] {logging_mixin.py:188} INFO - [2026-04-25T03:54:26.703+0000] {dag.py:3036} INFO - Sync 1 DAGs
[2026-04-25T03:54:26.731+0000] {logging_mixin.py:188} INFO - [2026-04-25T03:54:26.730+0000] {dag.py:3823} INFO - Setting next_dagrun for data_merge_pipeline to 2026-04-26 00:00:00+00:00, run_after=2026-05-03 00:00:00+00:00
[2026-04-25T03:54:26.760+0000] {processor.py:183} INFO - Processing /home/airflow/dags/data_merge_dag.py took 0.556 seconds
[2026-04-25T03:54:57.013+0000] {processor.py:161} INFO - Started process (PID=2263) to work on /home/airflow/dags/data_merge_dag.py
[2026-04-25T03:54:57.015+0000] {processor.py:830} INFO - Processing file /home/airflow/dags/data_merge_dag.py for tasks to queue
[2026-04-25T03:54:57.016+0000] {logging_mixin.py:188} INFO - [2026-04-25T03:54:57.016+0000] {dagbag.py:538} INFO - Filling up the DagBag from /home/airflow/dags/data_merge_dag.py
[2026-04-25T03:54:57.443+0000] {processor.py:840} INFO - DAG(s) 'data_merge_pipeline' retrieved from /home/airflow/dags/data_merge_dag.py
[2026-04-25T03:54:57.467+0000] {logging_mixin.py:188} INFO - [2026-04-25T03:54:57.466+0000] {dag.py:3036} INFO - Sync 1 DAGs
[2026-04-25T03:54:57.485+0000] {logging_mixin.py:188} INFO - [2026-04-25T03:54:57.485+0000] {dag.py:3823} INFO - Setting next_dagrun for data_merge_pipeline to 2026-04-26 00:00:00+00:00, run_after=2026-05-03 00:00:00+00:00
[2026-04-25T03:54:57.510+0000] {processor.py:183} INFO - Processing /home/airflow/dags/data_merge_dag.py took 0.501 seconds
[2026-04-25T03:55:27.639+0000] {processor.py:161} INFO - Started process (PID=2282) to work on /home/airflow/dags/data_merge_dag.py
[2026-04-25T03:55:27.641+0000] {processor.py:830} INFO - Processing file /home/airflow/dags/data_merge_dag.py for tasks to queue
[2026-04-25T03:55:27.643+0000] {logging_mixin.py:188} INFO - [2026-04-25T03:55:27.642+0000] {dagbag.py:538} INFO - Filling up the DagBag from /home/airflow/dags/data_merge_dag.py
[2026-04-25T03:55:28.522+0000] {processor.py:840} INFO - DAG(s) 'data_merge_pipeline' retrieved from /home/airflow/dags/data_merge_dag.py
[2026-04-25T03:55:28.560+0000] {logging_mixin.py:188} INFO - [2026-04-25T03:55:28.559+0000] {dag.py:3036} INFO - Sync 1 DAGs
[2026-04-25T03:55:28.589+0000] {logging_mixin.py:188} INFO - [2026-04-25T03:55:28.589+0000] {dag.py:3823} INFO - Setting next_dagrun for data_merge_pipeline to 2026-04-26 00:00:00+00:00, run_after=2026-05-03 00:00:00+00:00
[2026-04-25T03:55:28.642+0000] {processor.py:183} INFO - Processing /home/airflow/dags/data_merge_dag.py took 1.010 seconds
[2026-04-25T03:55:58.911+0000] {processor.py:161} INFO - Started process (PID=2301) to work on /home/airflow/dags/data_merge_dag.py
[2026-04-25T03:55:58.912+0000] {processor.py:830} INFO - Processing file /home/airflow/dags/data_merge_dag.py for tasks to queue
[2026-04-25T03:55:58.913+0000] {logging_mixin.py:188} INFO - [2026-04-25T03:55:58.913+0000] {dagbag.py:538} INFO - Filling up the DagBag from /home/airflow/dags/data_merge_dag.py
[2026-04-25T03:55:59.364+0000] {processor.py:840} INFO - DAG(s) 'data_merge_pipeline' retrieved from /home/airflow/dags/data_merge_dag.py
[2026-04-25T03:55:59.389+0000] {logging_mixin.py:188} INFO - [2026-04-25T03:55:59.387+0000] {dag.py:3036} INFO - Sync 1 DAGs
[2026-04-25T03:55:59.408+0000] {logging_mixin.py:188} INFO - [2026-04-25T03:55:59.407+0000] {dag.py:3823} INFO - Setting next_dagrun for data_merge_pipeline to 2026-04-26 00:00:00+00:00, run_after=2026-05-03 00:00:00+00:00
[2026-04-25T03:55:59.433+0000] {processor.py:183} INFO - Processing /home/airflow/dags/data_merge_dag.py took 0.526 seconds
[2026-04-25T03:56:29.514+0000] {processor.py:161} INFO - Started process (PID=2320) to work on /home/airflow/dags/data_merge_dag.py
[2026-04-25T03:56:29.515+0000] {processor.py:830} INFO - Processing file /home/airflow/dags/data_merge_dag.py for tasks to queue
[2026-04-25T03:56:29.516+0000] {logging_mixin.py:188} INFO - [2026-04-25T03:56:29.516+0000] {dagbag.py:538} INFO - Filling up the DagBag from /home/airflow/dags/data_merge_dag.py
[2026-04-25T03:56:30.033+0000] {processor.py:840} INFO - DAG(s) 'data_merge_pipeline' retrieved from /home/airflow/dags/data_merge_dag.py
[2026-04-25T03:56:30.061+0000] {logging_mixin.py:188} INFO - [2026-04-25T03:56:30.061+0000] {dag.py:3036} INFO - Sync 1 DAGs
[2026-04-25T03:56:30.083+0000] {logging_mixin.py:188} INFO - [2026-04-25T03:56:30.083+0000] {dag.py:3823} INFO - Setting next_dagrun for data_merge_pipeline to 2026-04-26 00:00:00+00:00, run_after=2026-05-03 00:00:00+00:00
[2026-04-25T03:56:30.118+0000] {processor.py:183} INFO - Processing /home/airflow/dags/data_merge_dag.py took 0.608 seconds
[2026-04-25T03:57:00.411+0000] {processor.py:161} INFO - Started process (PID=2339) to work on /home/airflow/dags/data_merge_dag.py
[2026-04-25T03:57:00.412+0000] {processor.py:830} INFO - Processing file /home/airflow/dags/data_merge_dag.py for tasks to queue
[2026-04-25T03:57:00.414+0000] {logging_mixin.py:188} INFO - [2026-04-25T03:57:00.413+0000] {dagbag.py:538} INFO - Filling up the DagBag from /home/airflow/dags/data_merge_dag.py
[2026-04-25T03:57:00.840+0000] {processor.py:840} INFO - DAG(s) 'data_merge_pipeline' retrieved from /home/airflow/dags/data_merge_dag.py
[2026-04-25T03:57:00.862+0000] {logging_mixin.py:188} INFO - [2026-04-25T03:57:00.861+0000] {dag.py:3036} INFO - Sync 1 DAGs
[2026-04-25T03:57:00.878+0000] {logging_mixin.py:188} INFO - [2026-04-25T03:57:00.877+0000] {dag.py:3823} INFO - Setting next_dagrun for data_merge_pipeline to 2026-04-26 00:00:00+00:00, run_after=2026-05-03 00:00:00+00:00
[2026-04-25T03:57:00.900+0000] {processor.py:183} INFO - Processing /home/airflow/dags/data_merge_dag.py took 0.493 seconds
[2026-04-25T03:57:30.979+0000] {processor.py:161} INFO - Started process (PID=2358) to work on /home/airflow/dags/data_merge_dag.py
[2026-04-25T03:57:30.981+0000] {processor.py:830} INFO - Processing file /home/airflow/dags/data_merge_dag.py for tasks to queue
[2026-04-25T03:57:30.983+0000] {logging_mixin.py:188} INFO - [2026-04-25T03:57:30.983+0000] {dagbag.py:538} INFO - Filling up the DagBag from /home/airflow/dags/data_merge_dag.py
[2026-04-25T03:57:31.467+0000] {processor.py:840} INFO - DAG(s) 'data_merge_pipeline' retrieved from /home/airflow/dags/data_merge_dag.py
[2026-04-25T03:57:31.491+0000] {logging_mixin.py:188} INFO - [2026-04-25T03:57:31.490+0000] {dag.py:3036} INFO - Sync 1 DAGs
[2026-04-25T03:57:31.511+0000] {logging_mixin.py:188} INFO - [2026-04-25T03:57:31.511+0000] {dag.py:3823} INFO - Setting next_dagrun for data_merge_pipeline to 2026-04-26 00:00:00+00:00, run_after=2026-05-03 00:00:00+00:00
[2026-04-25T03:57:31.538+0000] {processor.py:183} INFO - Processing /home/airflow/dags/data_merge_dag.py took 0.565 seconds
[2026-04-25T03:58:02.368+0000] {processor.py:161} INFO - Started process (PID=2377) to work on /home/airflow/dags/data_merge_dag.py
[2026-04-25T03:58:02.370+0000] {processor.py:830} INFO - Processing file /home/airflow/dags/data_merge_dag.py for tasks to queue
[2026-04-25T03:58:02.371+0000] {logging_mixin.py:188} INFO - [2026-04-25T03:58:02.371+0000] {dagbag.py:538} INFO - Filling up the DagBag from /home/airflow/dags/data_merge_dag.py
[2026-04-25T03:58:02.795+0000] {processor.py:840} INFO - DAG(s) 'data_merge_pipeline' retrieved from /home/airflow/dags/data_merge_dag.py
[2026-04-25T03:58:02.821+0000] {logging_mixin.py:188} INFO - [2026-04-25T03:58:02.821+0000] {dag.py:3036} INFO - Sync 1 DAGs
[2026-04-25T03:58:02.838+0000] {logging_mixin.py:188} INFO - [2026-04-25T03:58:02.838+0000] {dag.py:3823} INFO - Setting next_dagrun for data_merge_pipeline to 2026-04-26 00:00:00+00:00, run_after=2026-05-03 00:00:00+00:00
[2026-04-25T03:58:02.862+0000] {processor.py:183} INFO - Processing /home/airflow/dags/data_merge_dag.py took 0.498 seconds
[2026-04-25T03:58:23.852+0000] {processor.py:161} INFO - Started process (PID=76) to work on /home/airflow/dags/data_merge_dag.py
[2026-04-25T03:58:23.854+0000] {processor.py:830} INFO - Processing file /home/airflow/dags/data_merge_dag.py for tasks to queue
[2026-04-25T03:58:23.856+0000] {logging_mixin.py:188} INFO - [2026-04-25T03:58:23.855+0000] {dagbag.py:538} INFO - Filling up the DagBag from /home/airflow/dags/data_merge_dag.py
[2026-04-25T03:58:24.521+0000] {processor.py:840} INFO - DAG(s) 'data_merge_pipeline' retrieved from /home/airflow/dags/data_merge_dag.py
[2026-04-25T03:58:24.542+0000] {logging_mixin.py:188} INFO - [2026-04-25T03:58:24.541+0000] {dag.py:3036} INFO - Sync 1 DAGs
[2026-04-25T03:58:24.578+0000] {logging_mixin.py:188} INFO - [2026-04-25T03:58:24.578+0000] {dag.py:3823} INFO - Setting next_dagrun for data_merge_pipeline to 2026-04-26 00:00:00+00:00, run_after=2026-05-03 00:00:00+00:00
[2026-04-25T03:58:24.634+0000] {processor.py:183} INFO - Processing /home/airflow/dags/data_merge_dag.py took 0.786 seconds
[2026-04-25T03:58:55.407+0000] {processor.py:161} INFO - Started process (PID=108) to work on /home/airflow/dags/data_merge_dag.py
[2026-04-25T03:58:55.408+0000] {processor.py:830} INFO - Processing file /home/airflow/dags/data_merge_dag.py for tasks to queue
[2026-04-25T03:58:55.409+0000] {logging_mixin.py:188} INFO - [2026-04-25T03:58:55.408+0000] {dagbag.py:538} INFO - Filling up the DagBag from /home/airflow/dags/data_merge_dag.py
[2026-04-25T03:58:55.753+0000] {processor.py:840} INFO - DAG(s) 'data_merge_pipeline' retrieved from /home/airflow/dags/data_merge_dag.py
[2026-04-25T03:58:55.898+0000] {logging_mixin.py:188} INFO - [2026-04-25T03:58:55.898+0000] {dag.py:3036} INFO - Sync 1 DAGs
[2026-04-25T03:58:55.917+0000] {logging_mixin.py:188} INFO - [2026-04-25T03:58:55.917+0000] {dag.py:3823} INFO - Setting next_dagrun for data_merge_pipeline to 2026-04-26 00:00:00+00:00, run_after=2026-05-03 00:00:00+00:00
[2026-04-25T03:58:55.946+0000] {processor.py:183} INFO - Processing /home/airflow/dags/data_merge_dag.py took 0.542 seconds
[2026-04-25T03:59:26.426+0000] {processor.py:161} INFO - Started process (PID=142) to work on /home/airflow/dags/data_merge_dag.py
[2026-04-25T03:59:26.427+0000] {processor.py:830} INFO - Processing file /home/airflow/dags/data_merge_dag.py for tasks to queue
[2026-04-25T03:59:26.428+0000] {logging_mixin.py:188} INFO - [2026-04-25T03:59:26.427+0000] {dagbag.py:538} INFO - Filling up the DagBag from /home/airflow/dags/data_merge_dag.py
[2026-04-25T03:59:26.676+0000] {processor.py:840} INFO - DAG(s) 'data_merge_pipeline' retrieved from /home/airflow/dags/data_merge_dag.py
[2026-04-25T03:59:26.707+0000] {logging_mixin.py:188} INFO - [2026-04-25T03:59:26.707+0000] {dag.py:3036} INFO - Sync 1 DAGs
[2026-04-25T03:59:26.733+0000] {logging_mixin.py:188} INFO - [2026-04-25T03:59:26.733+0000] {dag.py:3823} INFO - Setting next_dagrun for data_merge_pipeline to 2026-04-26 00:00:00+00:00, run_after=2026-05-03 00:00:00+00:00
[2026-04-25T03:59:26.761+0000] {processor.py:183} INFO - Processing /home/airflow/dags/data_merge_dag.py took 0.338 seconds
[2026-04-25T03:59:57.194+0000] {processor.py:161} INFO - Started process (PID=164) to work on /home/airflow/dags/data_merge_dag.py
[2026-04-25T03:59:57.197+0000] {processor.py:830} INFO - Processing file /home/airflow/dags/data_merge_dag.py for tasks to queue
[2026-04-25T03:59:57.199+0000] {logging_mixin.py:188} INFO - [2026-04-25T03:59:57.199+0000] {dagbag.py:538} INFO - Filling up the DagBag from /home/airflow/dags/data_merge_dag.py
[2026-04-25T03:59:57.532+0000] {processor.py:840} INFO - DAG(s) 'data_merge_pipeline' retrieved from /home/airflow/dags/data_merge_dag.py
[2026-04-25T03:59:57.568+0000] {logging_mixin.py:188} INFO - [2026-04-25T03:59:57.566+0000] {dag.py:3036} INFO - Sync 1 DAGs
[2026-04-25T03:59:57.647+0000] {logging_mixin.py:188} INFO - [2026-04-25T03:59:57.647+0000] {dag.py:3823} INFO - Setting next_dagrun for data_merge_pipeline to 2026-04-26 00:00:00+00:00, run_after=2026-05-03 00:00:00+00:00
[2026-04-25T03:59:57.673+0000] {processor.py:183} INFO - Processing /home/airflow/dags/data_merge_dag.py took 0.484 seconds
[2026-04-25T04:00:28.506+0000] {processor.py:161} INFO - Started process (PID=206) to work on /home/airflow/dags/data_merge_dag.py
[2026-04-25T04:00:28.508+0000] {processor.py:830} INFO - Processing file /home/airflow/dags/data_merge_dag.py for tasks to queue
[2026-04-25T04:00:28.509+0000] {logging_mixin.py:188} INFO - [2026-04-25T04:00:28.509+0000] {dagbag.py:538} INFO - Filling up the DagBag from /home/airflow/dags/data_merge_dag.py
[2026-04-25T04:00:28.855+0000] {processor.py:840} INFO - DAG(s) 'data_merge_pipeline' retrieved from /home/airflow/dags/data_merge_dag.py
[2026-04-25T04:00:28.894+0000] {logging_mixin.py:188} INFO - [2026-04-25T04:00:28.893+0000] {dag.py:3036} INFO - Sync 1 DAGs
[2026-04-25T04:00:28.958+0000] {logging_mixin.py:188} INFO - [2026-04-25T04:00:28.958+0000] {dag.py:3823} INFO - Setting next_dagrun for data_merge_pipeline to 2026-04-26 00:00:00+00:00, run_after=2026-05-03 00:00:00+00:00
[2026-04-25T04:00:28.992+0000] {processor.py:183} INFO - Processing /home/airflow/dags/data_merge_dag.py took 0.490 seconds
[2026-04-25T04:00:59.528+0000] {processor.py:161} INFO - Started process (PID=235) to work on /home/airflow/dags/data_merge_dag.py
[2026-04-25T04:00:59.530+0000] {processor.py:830} INFO - Processing file /home/airflow/dags/data_merge_dag.py for tasks to queue
[2026-04-25T04:00:59.532+0000] {logging_mixin.py:188} INFO - [2026-04-25T04:00:59.532+0000] {dagbag.py:538} INFO - Filling up the DagBag from /home/airflow/dags/data_merge_dag.py
[2026-04-25T04:01:00.711+0000] {processor.py:840} INFO - DAG(s) 'data_merge_pipeline' retrieved from /home/airflow/dags/data_merge_dag.py
[2026-04-25T04:01:00.913+0000] {logging_mixin.py:188} INFO - [2026-04-25T04:01:00.912+0000] {dag.py:3036} INFO - Sync 1 DAGs
[2026-04-25T04:01:01.048+0000] {logging_mixin.py:188} INFO - [2026-04-25T04:01:01.048+0000] {dag.py:3823} INFO - Setting next_dagrun for data_merge_pipeline to 2026-04-26 00:00:00+00:00, run_after=2026-05-03 00:00:00+00:00
[2026-04-25T04:01:01.118+0000] {processor.py:183} INFO - Processing /home/airflow/dags/data_merge_dag.py took 1.594 seconds
[2026-04-25T04:01:31.739+0000] {processor.py:161} INFO - Started process (PID=267) to work on /home/airflow/dags/data_merge_dag.py
[2026-04-25T04:01:31.740+0000] {processor.py:830} INFO - Processing file /home/airflow/dags/data_merge_dag.py for tasks to queue
[2026-04-25T04:01:31.741+0000] {logging_mixin.py:188} INFO - [2026-04-25T04:01:31.740+0000] {dagbag.py:538} INFO - Filling up the DagBag from /home/airflow/dags/data_merge_dag.py
[2026-04-25T04:01:31.970+0000] {processor.py:840} INFO - DAG(s) 'data_merge_pipeline' retrieved from /home/airflow/dags/data_merge_dag.py
[2026-04-25T04:01:31.993+0000] {logging_mixin.py:188} INFO - [2026-04-25T04:01:31.992+0000] {dag.py:3036} INFO - Sync 1 DAGs
[2026-04-25T04:01:32.014+0000] {logging_mixin.py:188} INFO - [2026-04-25T04:01:32.014+0000] {dag.py:3823} INFO - Setting next_dagrun for data_merge_pipeline to 2026-04-26 00:00:00+00:00, run_after=2026-05-03 00:00:00+00:00
[2026-04-25T04:01:32.037+0000] {processor.py:183} INFO - Processing /home/airflow/dags/data_merge_dag.py took 0.301 seconds
[2026-04-25T04:02:02.143+0000] {processor.py:161} INFO - Started process (PID=299) to work on /home/airflow/dags/data_merge_dag.py
[2026-04-25T04:02:02.144+0000] {processor.py:830} INFO - Processing file /home/airflow/dags/data_merge_dag.py for tasks to queue
[2026-04-25T04:02:02.145+0000] {logging_mixin.py:188} INFO - [2026-04-25T04:02:02.145+0000] {dagbag.py:538} INFO - Filling up the DagBag from /home/airflow/dags/data_merge_dag.py
[2026-04-25T04:02:02.420+0000] {processor.py:840} INFO - DAG(s) 'data_merge_pipeline' retrieved from /home/airflow/dags/data_merge_dag.py
[2026-04-25T04:02:02.446+0000] {logging_mixin.py:188} INFO - [2026-04-25T04:02:02.446+0000] {dag.py:3036} INFO - Sync 1 DAGs
[2026-04-25T04:02:02.470+0000] {logging_mixin.py:188} INFO - [2026-04-25T04:02:02.470+0000] {dag.py:3823} INFO - Setting next_dagrun for data_merge_pipeline to 2026-04-26 00:00:00+00:00, run_after=2026-05-03 00:00:00+00:00
[2026-04-25T04:02:02.495+0000] {processor.py:183} INFO - Processing /home/airflow/dags/data_merge_dag.py took 0.356 seconds
[2026-04-25T04:02:32.811+0000] {processor.py:161} INFO - Started process (PID=331) to work on /home/airflow/dags/data_merge_dag.py
[2026-04-25T04:02:32.812+0000] {processor.py:830} INFO - Processing file /home/airflow/dags/data_merge_dag.py for tasks to queue
[2026-04-25T04:02:32.813+0000] {logging_mixin.py:188} INFO - [2026-04-25T04:02:32.813+0000] {dagbag.py:538} INFO - Filling up the DagBag from /home/airflow/dags/data_merge_dag.py
[2026-04-25T04:02:33.138+0000] {processor.py:840} INFO - DAG(s) 'data_merge_pipeline' retrieved from /home/airflow/dags/data_merge_dag.py
[2026-04-25T04:02:33.175+0000] {logging_mixin.py:188} INFO - [2026-04-25T04:02:33.174+0000] {dag.py:3036} INFO - Sync 1 DAGs
[2026-04-25T04:02:33.205+0000] {logging_mixin.py:188} INFO - [2026-04-25T04:02:33.205+0000] {dag.py:3823} INFO - Setting next_dagrun for data_merge_pipeline to 2026-04-26 00:00:00+00:00, run_after=2026-05-03 00:00:00+00:00
[2026-04-25T04:02:33.233+0000] {processor.py:183} INFO - Processing /home/airflow/dags/data_merge_dag.py took 0.427 seconds
[2026-04-25T04:03:04.157+0000] {processor.py:161} INFO - Started process (PID=363) to work on /home/airflow/dags/data_merge_dag.py
[2026-04-25T04:03:04.158+0000] {processor.py:830} INFO - Processing file /home/airflow/dags/data_merge_dag.py for tasks to queue
[2026-04-25T04:03:04.160+0000] {logging_mixin.py:188} INFO - [2026-04-25T04:03:04.159+0000] {dagbag.py:538} INFO - Filling up the DagBag from /home/airflow/dags/data_merge_dag.py
[2026-04-25T04:03:04.449+0000] {processor.py:840} INFO - DAG(s) 'data_merge_pipeline' retrieved from /home/airflow/dags/data_merge_dag.py
[2026-04-25T04:03:04.482+0000] {logging_mixin.py:188} INFO - [2026-04-25T04:03:04.480+0000] {dag.py:3036} INFO - Sync 1 DAGs
[2026-04-25T04:03:04.524+0000] {logging_mixin.py:188} INFO - [2026-04-25T04:03:04.524+0000] {dag.py:3823} INFO - Setting next_dagrun for data_merge_pipeline to 2026-04-26 00:00:00+00:00, run_after=2026-05-03 00:00:00+00:00
[2026-04-25T04:03:04.562+0000] {processor.py:183} INFO - Processing /home/airflow/dags/data_merge_dag.py took 0.408 seconds
[2026-04-25T04:03:35.043+0000] {processor.py:161} INFO - Started process (PID=405) to work on /home/airflow/dags/data_merge_dag.py
[2026-04-25T04:03:35.044+0000] {processor.py:830} INFO - Processing file /home/airflow/dags/data_merge_dag.py for tasks to queue
[2026-04-25T04:03:35.045+0000] {logging_mixin.py:188} INFO - [2026-04-25T04:03:35.045+0000] {dagbag.py:538} INFO - Filling up the DagBag from /home/airflow/dags/data_merge_dag.py
[2026-04-25T04:03:35.319+0000] {processor.py:840} INFO - DAG(s) 'data_merge_pipeline' retrieved from /home/airflow/dags/data_merge_dag.py
[2026-04-25T04:03:35.346+0000] {logging_mixin.py:188} INFO - [2026-04-25T04:03:35.345+0000] {dag.py:3036} INFO - Sync 1 DAGs
[2026-04-25T04:03:35.367+0000] {logging_mixin.py:188} INFO - [2026-04-25T04:03:35.366+0000] {dag.py:3823} INFO - Setting next_dagrun for data_merge_pipeline to 2026-04-26 00:00:00+00:00, run_after=2026-05-03 00:00:00+00:00
[2026-04-25T04:03:35.392+0000] {processor.py:183} INFO - Processing /home/airflow/dags/data_merge_dag.py took 0.353 seconds
[2026-04-25T04:04:05.966+0000] {processor.py:161} INFO - Started process (PID=437) to work on /home/airflow/dags/data_merge_dag.py
[2026-04-25T04:04:05.968+0000] {processor.py:830} INFO - Processing file /home/airflow/dags/data_merge_dag.py for tasks to queue
[2026-04-25T04:04:05.969+0000] {logging_mixin.py:188} INFO - [2026-04-25T04:04:05.969+0000] {dagbag.py:538} INFO - Filling up the DagBag from /home/airflow/dags/data_merge_dag.py
[2026-04-25T04:04:06.306+0000] {processor.py:840} INFO - DAG(s) 'data_merge_pipeline' retrieved from /home/airflow/dags/data_merge_dag.py
[2026-04-25T04:04:06.340+0000] {logging_mixin.py:188} INFO - [2026-04-25T04:04:06.338+0000] {dag.py:3036} INFO - Sync 1 DAGs
[2026-04-25T04:04:06.367+0000] {logging_mixin.py:188} INFO - [2026-04-25T04:04:06.367+0000] {dag.py:3823} INFO - Setting next_dagrun for data_merge_pipeline to 2026-04-26 00:00:00+00:00, run_after=2026-05-03 00:00:00+00:00
[2026-04-25T04:04:06.396+0000] {processor.py:183} INFO - Processing /home/airflow/dags/data_merge_dag.py took 0.435 seconds
[2026-04-25T04:04:37.177+0000] {processor.py:161} INFO - Started process (PID=469) to work on /home/airflow/dags/data_merge_dag.py
[2026-04-25T04:04:37.178+0000] {processor.py:830} INFO - Processing file /home/airflow/dags/data_merge_dag.py for tasks to queue
[2026-04-25T04:04:37.180+0000] {logging_mixin.py:188} INFO - [2026-04-25T04:04:37.180+0000] {dagbag.py:538} INFO - Filling up the DagBag from /home/airflow/dags/data_merge_dag.py
[2026-04-25T04:04:37.536+0000] {processor.py:840} INFO - DAG(s) 'data_merge_pipeline' retrieved from /home/airflow/dags/data_merge_dag.py
[2026-04-25T04:04:37.563+0000] {logging_mixin.py:188} INFO - [2026-04-25T04:04:37.562+0000] {dag.py:3036} INFO - Sync 1 DAGs
[2026-04-25T04:04:37.755+0000] {logging_mixin.py:188} INFO - [2026-04-25T04:04:37.755+0000] {dag.py:3823} INFO - Setting next_dagrun for data_merge_pipeline to 2026-04-26 00:00:00+00:00, run_after=2026-05-03 00:00:00+00:00
[2026-04-25T04:04:37.780+0000] {processor.py:183} INFO - Processing /home/airflow/dags/data_merge_dag.py took 0.608 seconds
[2026-04-25T04:05:07.910+0000] {processor.py:161} INFO - Started process (PID=501) to work on /home/airflow/dags/data_merge_dag.py
[2026-04-25T04:05:07.912+0000] {processor.py:830} INFO - Processing file /home/airflow/dags/data_merge_dag.py for tasks to queue
[2026-04-25T04:05:07.914+0000] {logging_mixin.py:188} INFO - [2026-04-25T04:05:07.913+0000] {dagbag.py:538} INFO - Filling up the DagBag from /home/airflow/dags/data_merge_dag.py
[2026-04-25T04:05:08.213+0000] {processor.py:840} INFO - DAG(s) 'data_merge_pipeline' retrieved from /home/airflow/dags/data_merge_dag.py
[2026-04-25T04:05:08.235+0000] {logging_mixin.py:188} INFO - [2026-04-25T04:05:08.234+0000] {dag.py:3036} INFO - Sync 1 DAGs
[2026-04-25T04:05:08.401+0000] {logging_mixin.py:188} INFO - [2026-04-25T04:05:08.401+0000] {dag.py:3823} INFO - Setting next_dagrun for data_merge_pipeline to 2026-04-26 00:00:00+00:00, run_after=2026-05-03 00:00:00+00:00
[2026-04-25T04:05:08.423+0000] {processor.py:183} INFO - Processing /home/airflow/dags/data_merge_dag.py took 0.516 seconds
[2026-04-25T04:05:38.531+0000] {processor.py:161} INFO - Started process (PID=553) to work on /home/airflow/dags/data_merge_dag.py
[2026-04-25T04:05:38.532+0000] {processor.py:830} INFO - Processing file /home/airflow/dags/data_merge_dag.py for tasks to queue
[2026-04-25T04:05:38.533+0000] {logging_mixin.py:188} INFO - [2026-04-25T04:05:38.533+0000] {dagbag.py:538} INFO - Filling up the DagBag from /home/airflow/dags/data_merge_dag.py
[2026-04-25T04:05:38.913+0000] {processor.py:840} INFO - DAG(s) 'data_merge_pipeline' retrieved from /home/airflow/dags/data_merge_dag.py
[2026-04-25T04:05:38.932+0000] {logging_mixin.py:188} INFO - [2026-04-25T04:05:38.931+0000] {dag.py:3036} INFO - Sync 1 DAGs
[2026-04-25T04:05:38.950+0000] {logging_mixin.py:188} INFO - [2026-04-25T04:05:38.950+0000] {dag.py:3823} INFO - Setting next_dagrun for data_merge_pipeline to 2026-04-26 00:00:00+00:00, run_after=2026-05-03 00:00:00+00:00
[2026-04-25T04:05:38.974+0000] {processor.py:183} INFO - Processing /home/airflow/dags/data_merge_dag.py took 0.447 seconds
[2026-04-25T04:06:09.116+0000] {processor.py:161} INFO - Started process (PID=585) to work on /home/airflow/dags/data_merge_dag.py
[2026-04-25T04:06:09.117+0000] {processor.py:830} INFO - Processing file /home/airflow/dags/data_merge_dag.py for tasks to queue
[2026-04-25T04:06:09.119+0000] {logging_mixin.py:188} INFO - [2026-04-25T04:06:09.118+0000] {dagbag.py:538} INFO - Filling up the DagBag from /home/airflow/dags/data_merge_dag.py
[2026-04-25T04:06:09.883+0000] {processor.py:840} INFO - DAG(s) 'data_merge_pipeline' retrieved from /home/airflow/dags/data_merge_dag.py
[2026-04-25T04:06:09.906+0000] {logging_mixin.py:188} INFO - [2026-04-25T04:06:09.905+0000] {dag.py:3036} INFO - Sync 1 DAGs
[2026-04-25T04:06:09.924+0000] {logging_mixin.py:188} INFO - [2026-04-25T04:06:09.924+0000] {dag.py:3823} INFO - Setting next_dagrun for data_merge_pipeline to 2026-04-26 00:00:00+00:00, run_after=2026-05-03 00:00:00+00:00
[2026-04-25T04:06:09.948+0000] {processor.py:183} INFO - Processing /home/airflow/dags/data_merge_dag.py took 0.835 seconds
[2026-04-25T04:06:40.547+0000] {processor.py:161} INFO - Started process (PID=617) to work on /home/airflow/dags/data_merge_dag.py
[2026-04-25T04:06:40.548+0000] {processor.py:830} INFO - Processing file /home/airflow/dags/data_merge_dag.py for tasks to queue
[2026-04-25T04:06:40.550+0000] {logging_mixin.py:188} INFO - [2026-04-25T04:06:40.550+0000] {dagbag.py:538} INFO - Filling up the DagBag from /home/airflow/dags/data_merge_dag.py
[2026-04-25T04:06:41.067+0000] {processor.py:840} INFO - DAG(s) 'data_merge_pipeline' retrieved from /home/airflow/dags/data_merge_dag.py
[2026-04-25T04:06:41.089+0000] {logging_mixin.py:188} INFO - [2026-04-25T04:06:41.088+0000] {dag.py:3036} INFO - Sync 1 DAGs
[2026-04-25T04:06:41.107+0000] {logging_mixin.py:188} INFO - [2026-04-25T04:06:41.107+0000] {dag.py:3823} INFO - Setting next_dagrun for data_merge_pipeline to 2026-04-26 00:00:00+00:00, run_after=2026-05-03 00:00:00+00:00
[2026-04-25T04:06:41.132+0000] {processor.py:183} INFO - Processing /home/airflow/dags/data_merge_dag.py took 0.590 seconds
[2026-04-25T04:07:11.418+0000] {processor.py:161} INFO - Started process (PID=649) to work on /home/airflow/dags/data_merge_dag.py
[2026-04-25T04:07:11.419+0000] {processor.py:830} INFO - Processing file /home/airflow/dags/data_merge_dag.py for tasks to queue
[2026-04-25T04:07:11.420+0000] {logging_mixin.py:188} INFO - [2026-04-25T04:07:11.420+0000] {dagbag.py:538} INFO - Filling up the DagBag from /home/airflow/dags/data_merge_dag.py
[2026-04-25T04:07:11.778+0000] {processor.py:840} INFO - DAG(s) 'data_merge_pipeline' retrieved from /home/airflow/dags/data_merge_dag.py
[2026-04-25T04:07:11.799+0000] {logging_mixin.py:188} INFO - [2026-04-25T04:07:11.799+0000] {dag.py:3036} INFO - Sync 1 DAGs
[2026-04-25T04:07:11.816+0000] {logging_mixin.py:188} INFO - [2026-04-25T04:07:11.815+0000] {dag.py:3823} INFO - Setting next_dagrun for data_merge_pipeline to 2026-04-26 00:00:00+00:00, run_after=2026-05-03 00:00:00+00:00
[2026-04-25T04:07:11.837+0000] {processor.py:183} INFO - Processing /home/airflow/dags/data_merge_dag.py took 0.422 seconds
[2026-04-25T04:07:42.104+0000] {processor.py:161} INFO - Started process (PID=681) to work on /home/airflow/dags/data_merge_dag.py
[2026-04-25T04:07:42.105+0000] {processor.py:830} INFO - Processing file /home/airflow/dags/data_merge_dag.py for tasks to queue
[2026-04-25T04:07:42.106+0000] {logging_mixin.py:188} INFO - [2026-04-25T04:07:42.106+0000] {dagbag.py:538} INFO - Filling up the DagBag from /home/airflow/dags/data_merge_dag.py
[2026-04-25T04:07:42.442+0000] {processor.py:840} INFO - DAG(s) 'data_merge_pipeline' retrieved from /home/airflow/dags/data_merge_dag.py
[2026-04-25T04:07:42.462+0000] {logging_mixin.py:188} INFO - [2026-04-25T04:07:42.461+0000] {dag.py:3036} INFO - Sync 1 DAGs
[2026-04-25T04:07:42.478+0000] {logging_mixin.py:188} INFO - [2026-04-25T04:07:42.478+0000] {dag.py:3823} INFO - Setting next_dagrun for data_merge_pipeline to 2026-04-26 00:00:00+00:00, run_after=2026-05-03 00:00:00+00:00
[2026-04-25T04:07:42.499+0000] {processor.py:183} INFO - Processing /home/airflow/dags/data_merge_dag.py took 0.398 seconds
[2026-04-25T04:35:02.283+0000] {processor.py:161} INFO - Started process (PID=759) to work on /home/airflow/dags/data_merge_dag.py
[2026-04-25T04:35:02.285+0000] {processor.py:830} INFO - Processing file /home/airflow/dags/data_merge_dag.py for tasks to queue
[2026-04-25T04:35:02.287+0000] {logging_mixin.py:188} INFO - [2026-04-25T04:35:02.286+0000] {dagbag.py:538} INFO - Filling up the DagBag from /home/airflow/dags/data_merge_dag.py
[2026-04-25T04:35:02.950+0000] {processor.py:840} INFO - DAG(s) 'data_merge_pipeline' retrieved from /home/airflow/dags/data_merge_dag.py
[2026-04-25T04:35:02.976+0000] {logging_mixin.py:188} INFO - [2026-04-25T04:35:02.976+0000] {dag.py:3036} INFO - Sync 1 DAGs
[2026-04-25T04:35:03.001+0000] {logging_mixin.py:188} INFO - [2026-04-25T04:35:03.001+0000] {dag.py:3823} INFO - Setting next_dagrun for data_merge_pipeline to 2026-04-26 00:00:00+00:00, run_after=2026-05-03 00:00:00+00:00
[2026-04-25T04:35:03.029+0000] {processor.py:183} INFO - Processing /home/airflow/dags/data_merge_dag.py took 0.752 seconds
[2026-04-25T04:35:55.887+0000] {processor.py:161} INFO - Started process (PID=793) to work on /home/airflow/dags/data_merge_dag.py
[2026-04-25T04:35:55.889+0000] {processor.py:830} INFO - Processing file /home/airflow/dags/data_merge_dag.py for tasks to queue
[2026-04-25T04:35:55.900+0000] {logging_mixin.py:188} INFO - [2026-04-25T04:35:55.893+0000] {dagbag.py:538} INFO - Filling up the DagBag from /home/airflow/dags/data_merge_dag.py
[2026-04-25T04:35:57.141+0000] {processor.py:840} INFO - DAG(s) 'data_merge_pipeline' retrieved from /home/airflow/dags/data_merge_dag.py
[2026-04-25T04:35:57.172+0000] {logging_mixin.py:188} INFO - [2026-04-25T04:35:57.171+0000] {dag.py:3036} INFO - Sync 1 DAGs
[2026-04-25T04:35:57.202+0000] {logging_mixin.py:188} INFO - [2026-04-25T04:35:57.202+0000] {dag.py:3823} INFO - Setting next_dagrun for data_merge_pipeline to 2026-04-26 00:00:00+00:00, run_after=2026-05-03 00:00:00+00:00
[2026-04-25T04:35:57.460+0000] {processor.py:183} INFO - Processing /home/airflow/dags/data_merge_dag.py took 1.578 seconds
[2026-04-25T04:36:27.912+0000] {processor.py:161} INFO - Started process (PID=825) to work on /home/airflow/dags/data_merge_dag.py
[2026-04-25T04:36:27.913+0000] {processor.py:830} INFO - Processing file /home/airflow/dags/data_merge_dag.py for tasks to queue
[2026-04-25T04:36:27.915+0000] {logging_mixin.py:188} INFO - [2026-04-25T04:36:27.914+0000] {dagbag.py:538} INFO - Filling up the DagBag from /home/airflow/dags/data_merge_dag.py
[2026-04-25T04:36:28.291+0000] {processor.py:840} INFO - DAG(s) 'data_merge_pipeline' retrieved from /home/airflow/dags/data_merge_dag.py
[2026-04-25T04:36:28.310+0000] {logging_mixin.py:188} INFO - [2026-04-25T04:36:28.310+0000] {dag.py:3036} INFO - Sync 1 DAGs
[2026-04-25T04:36:28.327+0000] {logging_mixin.py:188} INFO - [2026-04-25T04:36:28.327+0000] {dag.py:3823} INFO - Setting next_dagrun for data_merge_pipeline to 2026-04-26 00:00:00+00:00, run_after=2026-05-03 00:00:00+00:00
[2026-04-25T04:36:28.351+0000] {processor.py:183} INFO - Processing /home/airflow/dags/data_merge_dag.py took 0.444 seconds
[2026-04-25T04:36:59.810+0000] {processor.py:161} INFO - Started process (PID=857) to work on /home/airflow/dags/data_merge_dag.py
[2026-04-25T04:36:59.812+0000] {processor.py:830} INFO - Processing file /home/airflow/dags/data_merge_dag.py for tasks to queue
[2026-04-25T04:36:59.813+0000] {logging_mixin.py:188} INFO - [2026-04-25T04:36:59.813+0000] {dagbag.py:538} INFO - Filling up the DagBag from /home/airflow/dags/data_merge_dag.py
[2026-04-25T04:37:00.313+0000] {processor.py:840} INFO - DAG(s) 'data_merge_pipeline' retrieved from /home/airflow/dags/data_merge_dag.py
[2026-04-25T04:37:00.344+0000] {logging_mixin.py:188} INFO - [2026-04-25T04:37:00.343+0000] {dag.py:3036} INFO - Sync 1 DAGs
[2026-04-25T04:37:00.370+0000] {logging_mixin.py:188} INFO - [2026-04-25T04:37:00.370+0000] {dag.py:3823} INFO - Setting next_dagrun for data_merge_pipeline to 2026-04-26 00:00:00+00:00, run_after=2026-05-03 00:00:00+00:00
[2026-04-25T04:37:00.397+0000] {processor.py:183} INFO - Processing /home/airflow/dags/data_merge_dag.py took 0.591 seconds
[2026-04-25T04:37:31.271+0000] {processor.py:161} INFO - Started process (PID=889) to work on /home/airflow/dags/data_merge_dag.py
[2026-04-25T04:37:31.272+0000] {processor.py:830} INFO - Processing file /home/airflow/dags/data_merge_dag.py for tasks to queue
[2026-04-25T04:37:31.273+0000] {logging_mixin.py:188} INFO - [2026-04-25T04:37:31.273+0000] {dagbag.py:538} INFO - Filling up the DagBag from /home/airflow/dags/data_merge_dag.py
[2026-04-25T04:37:31.783+0000] {processor.py:840} INFO - DAG(s) 'data_merge_pipeline' retrieved from /home/airflow/dags/data_merge_dag.py
[2026-04-25T04:37:31.813+0000] {logging_mixin.py:188} INFO - [2026-04-25T04:37:31.813+0000] {dag.py:3036} INFO - Sync 1 DAGs
[2026-04-25T04:37:31.843+0000] {logging_mixin.py:188} INFO - [2026-04-25T04:37:31.843+0000] {dag.py:3823} INFO - Setting next_dagrun for data_merge_pipeline to 2026-04-26 00:00:00+00:00, run_after=2026-05-03 00:00:00+00:00
[2026-04-25T04:37:31.877+0000] {processor.py:183} INFO - Processing /home/airflow/dags/data_merge_dag.py took 0.609 seconds
[2026-04-25T04:38:03.003+0000] {processor.py:161} INFO - Started process (PID=921) to work on /home/airflow/dags/data_merge_dag.py
[2026-04-25T04:38:03.005+0000] {processor.py:830} INFO - Processing file /home/airflow/dags/data_merge_dag.py for tasks to queue
[2026-04-25T04:38:03.008+0000] {logging_mixin.py:188} INFO - [2026-04-25T04:38:03.007+0000] {dagbag.py:538} INFO - Filling up the DagBag from /home/airflow/dags/data_merge_dag.py
[2026-04-25T04:38:03.411+0000] {processor.py:840} INFO - DAG(s) 'data_merge_pipeline' retrieved from /home/airflow/dags/data_merge_dag.py
[2026-04-25T04:38:03.432+0000] {logging_mixin.py:188} INFO - [2026-04-25T04:38:03.432+0000] {dag.py:3036} INFO - Sync 1 DAGs
[2026-04-25T04:38:03.448+0000] {logging_mixin.py:188} INFO - [2026-04-25T04:38:03.448+0000] {dag.py:3823} INFO - Setting next_dagrun for data_merge_pipeline to 2026-04-26 00:00:00+00:00, run_after=2026-05-03 00:00:00+00:00
[2026-04-25T04:38:03.471+0000] {processor.py:183} INFO - Processing /home/airflow/dags/data_merge_dag.py took 0.474 seconds
[2026-04-25T04:38:34.812+0000] {processor.py:161} INFO - Started process (PID=953) to work on /home/airflow/dags/data_merge_dag.py
[2026-04-25T04:38:34.813+0000] {processor.py:830} INFO - Processing file /home/airflow/dags/data_merge_dag.py for tasks to queue
[2026-04-25T04:38:34.814+0000] {logging_mixin.py:188} INFO - [2026-04-25T04:38:34.814+0000] {dagbag.py:538} INFO - Filling up the DagBag from /home/airflow/dags/data_merge_dag.py
[2026-04-25T04:38:35.314+0000] {processor.py:840} INFO - DAG(s) 'data_merge_pipeline' retrieved from /home/airflow/dags/data_merge_dag.py
[2026-04-25T04:38:35.336+0000] {logging_mixin.py:188} INFO - [2026-04-25T04:38:35.335+0000] {dag.py:3036} INFO - Sync 1 DAGs
[2026-04-25T04:38:35.356+0000] {logging_mixin.py:188} INFO - [2026-04-25T04:38:35.356+0000] {dag.py:3823} INFO - Setting next_dagrun for data_merge_pipeline to 2026-04-26 00:00:00+00:00, run_after=2026-05-03 00:00:00+00:00
[2026-04-25T04:38:35.382+0000] {processor.py:183} INFO - Processing /home/airflow/dags/data_merge_dag.py took 0.573 seconds
[2026-04-25T04:39:06.535+0000] {processor.py:161} INFO - Started process (PID=985) to work on /home/airflow/dags/data_merge_dag.py
[2026-04-25T04:39:06.536+0000] {processor.py:830} INFO - Processing file /home/airflow/dags/data_merge_dag.py for tasks to queue
[2026-04-25T04:39:06.537+0000] {logging_mixin.py:188} INFO - [2026-04-25T04:39:06.537+0000] {dagbag.py:538} INFO - Filling up the DagBag from /home/airflow/dags/data_merge_dag.py
[2026-04-25T04:39:06.931+0000] {processor.py:840} INFO - DAG(s) 'data_merge_pipeline' retrieved from /home/airflow/dags/data_merge_dag.py
[2026-04-25T04:39:06.954+0000] {logging_mixin.py:188} INFO - [2026-04-25T04:39:06.953+0000] {dag.py:3036} INFO - Sync 1 DAGs
[2026-04-25T04:39:06.974+0000] {logging_mixin.py:188} INFO - [2026-04-25T04:39:06.973+0000] {dag.py:3823} INFO - Setting next_dagrun for data_merge_pipeline to 2026-04-26 00:00:00+00:00, run_after=2026-05-03 00:00:00+00:00
[2026-04-25T04:39:07.001+0000] {processor.py:183} INFO - Processing /home/airflow/dags/data_merge_dag.py took 0.470 seconds
[2026-04-25T04:39:38.192+0000] {processor.py:161} INFO - Started process (PID=1017) to work on /home/airflow/dags/data_merge_dag.py
[2026-04-25T04:39:38.194+0000] {processor.py:830} INFO - Processing file /home/airflow/dags/data_merge_dag.py for tasks to queue
[2026-04-25T04:39:38.196+0000] {logging_mixin.py:188} INFO - [2026-04-25T04:39:38.195+0000] {dagbag.py:538} INFO - Filling up the DagBag from /home/airflow/dags/data_merge_dag.py
[2026-04-25T04:39:38.638+0000] {processor.py:840} INFO - DAG(s) 'data_merge_pipeline' retrieved from /home/airflow/dags/data_merge_dag.py
[2026-04-25T04:39:38.666+0000] {logging_mixin.py:188} INFO - [2026-04-25T04:39:38.665+0000] {dag.py:3036} INFO - Sync 1 DAGs
[2026-04-25T04:39:38.687+0000] {logging_mixin.py:188} INFO - [2026-04-25T04:39:38.687+0000] {dag.py:3823} INFO - Setting next_dagrun for data_merge_pipeline to 2026-04-26 00:00:00+00:00, run_after=2026-05-03 00:00:00+00:00
[2026-04-25T04:39:38.713+0000] {processor.py:183} INFO - Processing /home/airflow/dags/data_merge_dag.py took 0.523 seconds
[2026-04-25T04:40:09.833+0000] {processor.py:161} INFO - Started process (PID=1049) to work on /home/airflow/dags/data_merge_dag.py
[2026-04-25T04:40:09.834+0000] {processor.py:830} INFO - Processing file /home/airflow/dags/data_merge_dag.py for tasks to queue
[2026-04-25T04:40:09.836+0000] {logging_mixin.py:188} INFO - [2026-04-25T04:40:09.835+0000] {dagbag.py:538} INFO - Filling up the DagBag from /home/airflow/dags/data_merge_dag.py
[2026-04-25T04:40:10.328+0000] {processor.py:840} INFO - DAG(s) 'data_merge_pipeline' retrieved from /home/airflow/dags/data_merge_dag.py
[2026-04-25T04:40:10.350+0000] {logging_mixin.py:188} INFO - [2026-04-25T04:40:10.350+0000] {dag.py:3036} INFO - Sync 1 DAGs
[2026-04-25T04:40:10.377+0000] {logging_mixin.py:188} INFO - [2026-04-25T04:40:10.377+0000] {dag.py:3823} INFO - Setting next_dagrun for data_merge_pipeline to 2026-04-26 00:00:00+00:00, run_after=2026-05-03 00:00:00+00:00
[2026-04-25T04:40:10.404+0000] {processor.py:183} INFO - Processing /home/airflow/dags/data_merge_dag.py took 0.575 seconds
[2026-04-25T04:40:41.442+0000] {processor.py:161} INFO - Started process (PID=1081) to work on /home/airflow/dags/data_merge_dag.py
[2026-04-25T04:40:41.444+0000] {processor.py:830} INFO - Processing file /home/airflow/dags/data_merge_dag.py for tasks to queue
[2026-04-25T04:40:41.445+0000] {logging_mixin.py:188} INFO - [2026-04-25T04:40:41.445+0000] {dagbag.py:538} INFO - Filling up the DagBag from /home/airflow/dags/data_merge_dag.py
[2026-04-25T04:40:41.836+0000] {processor.py:840} INFO - DAG(s) 'data_merge_pipeline' retrieved from /home/airflow/dags/data_merge_dag.py
[2026-04-25T04:40:41.858+0000] {logging_mixin.py:188} INFO - [2026-04-25T04:40:41.858+0000] {dag.py:3036} INFO - Sync 1 DAGs
[2026-04-25T04:40:41.877+0000] {logging_mixin.py:188} INFO - [2026-04-25T04:40:41.877+0000] {dag.py:3823} INFO - Setting next_dagrun for data_merge_pipeline to 2026-04-26 00:00:00+00:00, run_after=2026-05-03 00:00:00+00:00
[2026-04-25T04:40:41.901+0000] {processor.py:183} INFO - Processing /home/airflow/dags/data_merge_dag.py took 0.463 seconds
[2026-04-25T04:41:13.238+0000] {processor.py:161} INFO - Started process (PID=1113) to work on /home/airflow/dags/data_merge_dag.py
[2026-04-25T04:41:13.239+0000] {processor.py:830} INFO - Processing file /home/airflow/dags/data_merge_dag.py for tasks to queue
[2026-04-25T04:41:13.240+0000] {logging_mixin.py:188} INFO - [2026-04-25T04:41:13.240+0000] {dagbag.py:538} INFO - Filling up the DagBag from /home/airflow/dags/data_merge_dag.py
[2026-04-25T04:41:13.636+0000] {processor.py:840} INFO - DAG(s) 'data_merge_pipeline' retrieved from /home/airflow/dags/data_merge_dag.py
[2026-04-25T04:41:13.659+0000] {logging_mixin.py:188} INFO - [2026-04-25T04:41:13.659+0000] {dag.py:3036} INFO - Sync 1 DAGs
[2026-04-25T04:41:13.677+0000] {logging_mixin.py:188} INFO - [2026-04-25T04:41:13.677+0000] {dag.py:3823} INFO - Setting next_dagrun for data_merge_pipeline to 2026-04-26 00:00:00+00:00, run_after=2026-05-03 00:00:00+00:00
[2026-04-25T04:41:13.702+0000] {processor.py:183} INFO - Processing /home/airflow/dags/data_merge_dag.py took 0.468 seconds
[2026-04-25T04:41:44.879+0000] {processor.py:161} INFO - Started process (PID=1145) to work on /home/airflow/dags/data_merge_dag.py
[2026-04-25T04:41:44.881+0000] {processor.py:830} INFO - Processing file /home/airflow/dags/data_merge_dag.py for tasks to queue
[2026-04-25T04:41:44.883+0000] {logging_mixin.py:188} INFO - [2026-04-25T04:41:44.882+0000] {dagbag.py:538} INFO - Filling up the DagBag from /home/airflow/dags/data_merge_dag.py
[2026-04-25T04:41:45.356+0000] {processor.py:840} INFO - DAG(s) 'data_merge_pipeline' retrieved from /home/airflow/dags/data_merge_dag.py
[2026-04-25T04:41:45.380+0000] {logging_mixin.py:188} INFO - [2026-04-25T04:41:45.379+0000] {dag.py:3036} INFO - Sync 1 DAGs
[2026-04-25T04:41:45.399+0000] {logging_mixin.py:188} INFO - [2026-04-25T04:41:45.398+0000] {dag.py:3823} INFO - Setting next_dagrun for data_merge_pipeline to 2026-04-26 00:00:00+00:00, run_after=2026-05-03 00:00:00+00:00
[2026-04-25T04:41:45.433+0000] {processor.py:183} INFO - Processing /home/airflow/dags/data_merge_dag.py took 0.558 seconds
[2026-04-25T04:42:16.690+0000] {processor.py:161} INFO - Started process (PID=1177) to work on /home/airflow/dags/data_merge_dag.py
[2026-04-25T04:42:16.692+0000] {processor.py:830} INFO - Processing file /home/airflow/dags/data_merge_dag.py for tasks to queue
[2026-04-25T04:42:16.693+0000] {logging_mixin.py:188} INFO - [2026-04-25T04:42:16.693+0000] {dagbag.py:538} INFO - Filling up the DagBag from /home/airflow/dags/data_merge_dag.py
[2026-04-25T04:42:17.154+0000] {processor.py:840} INFO - DAG(s) 'data_merge_pipeline' retrieved from /home/airflow/dags/data_merge_dag.py
[2026-04-25T04:42:17.178+0000] {logging_mixin.py:188} INFO - [2026-04-25T04:42:17.177+0000] {dag.py:3036} INFO - Sync 1 DAGs
[2026-04-25T04:42:17.199+0000] {logging_mixin.py:188} INFO - [2026-04-25T04:42:17.199+0000] {dag.py:3823} INFO - Setting next_dagrun for data_merge_pipeline to 2026-04-26 00:00:00+00:00, run_after=2026-05-03 00:00:00+00:00
[2026-04-25T04:42:17.228+0000] {processor.py:183} INFO - Processing /home/airflow/dags/data_merge_dag.py took 0.541 seconds
[2026-04-25T04:42:48.222+0000] {processor.py:161} INFO - Started process (PID=1209) to work on /home/airflow/dags/data_merge_dag.py
[2026-04-25T04:42:48.224+0000] {processor.py:830} INFO - Processing file /home/airflow/dags/data_merge_dag.py for tasks to queue
[2026-04-25T04:42:48.225+0000] {logging_mixin.py:188} INFO - [2026-04-25T04:42:48.225+0000] {dagbag.py:538} INFO - Filling up the DagBag from /home/airflow/dags/data_merge_dag.py
[2026-04-25T04:42:48.623+0000] {processor.py:840} INFO - DAG(s) 'data_merge_pipeline' retrieved from /home/airflow/dags/data_merge_dag.py
[2026-04-25T04:42:48.644+0000] {logging_mixin.py:188} INFO - [2026-04-25T04:42:48.643+0000] {dag.py:3036} INFO - Sync 1 DAGs
[2026-04-25T04:42:48.661+0000] {logging_mixin.py:188} INFO - [2026-04-25T04:42:48.660+0000] {dag.py:3823} INFO - Setting next_dagrun for data_merge_pipeline to 2026-04-26 00:00:00+00:00, run_after=2026-05-03 00:00:00+00:00
[2026-04-25T04:42:48.686+0000] {processor.py:183} INFO - Processing /home/airflow/dags/data_merge_dag.py took 0.467 seconds
[2026-04-25T04:43:19.812+0000] {processor.py:161} INFO - Started process (PID=1241) to work on /home/airflow/dags/data_merge_dag.py
[2026-04-25T04:43:19.814+0000] {processor.py:830} INFO - Processing file /home/airflow/dags/data_merge_dag.py for tasks to queue
[2026-04-25T04:43:19.815+0000] {logging_mixin.py:188} INFO - [2026-04-25T04:43:19.815+0000] {dagbag.py:538} INFO - Filling up the DagBag from /home/airflow/dags/data_merge_dag.py
[2026-04-25T04:43:20.224+0000] {processor.py:840} INFO - DAG(s) 'data_merge_pipeline' retrieved from /home/airflow/dags/data_merge_dag.py
[2026-04-25T04:43:20.246+0000] {logging_mixin.py:188} INFO - [2026-04-25T04:43:20.245+0000] {dag.py:3036} INFO - Sync 1 DAGs
[2026-04-25T04:43:20.267+0000] {logging_mixin.py:188} INFO - [2026-04-25T04:43:20.267+0000] {dag.py:3823} INFO - Setting next_dagrun for data_merge_pipeline to 2026-04-26 00:00:00+00:00, run_after=2026-05-03 00:00:00+00:00
[2026-04-25T04:43:20.298+0000] {processor.py:183} INFO - Processing /home/airflow/dags/data_merge_dag.py took 0.489 seconds
[2026-04-25T04:43:51.338+0000] {processor.py:161} INFO - Started process (PID=1273) to work on /home/airflow/dags/data_merge_dag.py
[2026-04-25T04:43:51.340+0000] {processor.py:830} INFO - Processing file /home/airflow/dags/data_merge_dag.py for tasks to queue
[2026-04-25T04:43:51.341+0000] {logging_mixin.py:188} INFO - [2026-04-25T04:43:51.341+0000] {dagbag.py:538} INFO - Filling up the DagBag from /home/airflow/dags/data_merge_dag.py
[2026-04-25T04:43:51.804+0000] {processor.py:840} INFO - DAG(s) 'data_merge_pipeline' retrieved from /home/airflow/dags/data_merge_dag.py
[2026-04-25T04:43:51.842+0000] {logging_mixin.py:188} INFO - [2026-04-25T04:43:51.841+0000] {dag.py:3036} INFO - Sync 1 DAGs
[2026-04-25T04:43:51.866+0000] {logging_mixin.py:188} INFO - [2026-04-25T04:43:51.866+0000] {dag.py:3823} INFO - Setting next_dagrun for data_merge_pipeline to 2026-04-26 00:00:00+00:00, run_after=2026-05-03 00:00:00+00:00
[2026-04-25T04:43:51.893+0000] {processor.py:183} INFO - Processing /home/airflow/dags/data_merge_dag.py took 0.560 seconds
[2026-04-25T04:44:23.525+0000] {processor.py:161} INFO - Started process (PID=1305) to work on /home/airflow/dags/data_merge_dag.py
[2026-04-25T04:44:23.526+0000] {processor.py:830} INFO - Processing file /home/airflow/dags/data_merge_dag.py for tasks to queue
[2026-04-25T04:44:23.528+0000] {logging_mixin.py:188} INFO - [2026-04-25T04:44:23.527+0000] {dagbag.py:538} INFO - Filling up the DagBag from /home/airflow/dags/data_merge_dag.py
[2026-04-25T04:44:23.999+0000] {processor.py:840} INFO - DAG(s) 'data_merge_pipeline' retrieved from /home/airflow/dags/data_merge_dag.py
[2026-04-25T04:44:24.023+0000] {logging_mixin.py:188} INFO - [2026-04-25T04:44:24.023+0000] {dag.py:3036} INFO - Sync 1 DAGs
[2026-04-25T04:44:24.046+0000] {logging_mixin.py:188} INFO - [2026-04-25T04:44:24.046+0000] {dag.py:3823} INFO - Setting next_dagrun for data_merge_pipeline to 2026-04-26 00:00:00+00:00, run_after=2026-05-03 00:00:00+00:00
[2026-04-25T04:44:24.073+0000] {processor.py:183} INFO - Processing /home/airflow/dags/data_merge_dag.py took 0.553 seconds
[2026-04-25T04:44:55.384+0000] {processor.py:161} INFO - Started process (PID=1337) to work on /home/airflow/dags/data_merge_dag.py
[2026-04-25T04:44:55.386+0000] {processor.py:830} INFO - Processing file /home/airflow/dags/data_merge_dag.py for tasks to queue
[2026-04-25T04:44:55.387+0000] {logging_mixin.py:188} INFO - [2026-04-25T04:44:55.387+0000] {dagbag.py:538} INFO - Filling up the DagBag from /home/airflow/dags/data_merge_dag.py
[2026-04-25T04:44:55.808+0000] {processor.py:840} INFO - DAG(s) 'data_merge_pipeline' retrieved from /home/airflow/dags/data_merge_dag.py
[2026-04-25T04:44:55.828+0000] {logging_mixin.py:188} INFO - [2026-04-25T04:44:55.828+0000] {dag.py:3036} INFO - Sync 1 DAGs
[2026-04-25T04:44:55.845+0000] {logging_mixin.py:188} INFO - [2026-04-25T04:44:55.845+0000] {dag.py:3823} INFO - Setting next_dagrun for data_merge_pipeline to 2026-04-26 00:00:00+00:00, run_after=2026-05-03 00:00:00+00:00
[2026-04-25T04:44:55.869+0000] {processor.py:183} INFO - Processing /home/airflow/dags/data_merge_dag.py took 0.488 seconds
[2026-04-25T04:45:27.077+0000] {processor.py:161} INFO - Started process (PID=1369) to work on /home/airflow/dags/data_merge_dag.py
[2026-04-25T04:45:27.078+0000] {processor.py:830} INFO - Processing file /home/airflow/dags/data_merge_dag.py for tasks to queue
[2026-04-25T04:45:27.080+0000] {logging_mixin.py:188} INFO - [2026-04-25T04:45:27.079+0000] {dagbag.py:538} INFO - Filling up the DagBag from /home/airflow/dags/data_merge_dag.py
[2026-04-25T04:45:27.473+0000] {processor.py:840} INFO - DAG(s) 'data_merge_pipeline' retrieved from /home/airflow/dags/data_merge_dag.py
[2026-04-25T04:45:27.493+0000] {logging_mixin.py:188} INFO - [2026-04-25T04:45:27.493+0000] {dag.py:3036} INFO - Sync 1 DAGs
[2026-04-25T04:45:27.512+0000] {logging_mixin.py:188} INFO - [2026-04-25T04:45:27.512+0000] {dag.py:3823} INFO - Setting next_dagrun for data_merge_pipeline to 2026-04-26 00:00:00+00:00, run_after=2026-05-03 00:00:00+00:00
[2026-04-25T04:45:27.535+0000] {processor.py:183} INFO - Processing /home/airflow/dags/data_merge_dag.py took 0.461 seconds
[2026-04-25T04:45:59.017+0000] {processor.py:161} INFO - Started process (PID=1401) to work on /home/airflow/dags/data_merge_dag.py
[2026-04-25T04:45:59.019+0000] {processor.py:830} INFO - Processing file /home/airflow/dags/data_merge_dag.py for tasks to queue
[2026-04-25T04:45:59.021+0000] {logging_mixin.py:188} INFO - [2026-04-25T04:45:59.020+0000] {dagbag.py:538} INFO - Filling up the DagBag from /home/airflow/dags/data_merge_dag.py
[2026-04-25T04:45:59.619+0000] {processor.py:840} INFO - DAG(s) 'data_merge_pipeline' retrieved from /home/airflow/dags/data_merge_dag.py
[2026-04-25T04:45:59.647+0000] {logging_mixin.py:188} INFO - [2026-04-25T04:45:59.647+0000] {dag.py:3036} INFO - Sync 1 DAGs
[2026-04-25T04:45:59.675+0000] {logging_mixin.py:188} INFO - [2026-04-25T04:45:59.675+0000] {dag.py:3823} INFO - Setting next_dagrun for data_merge_pipeline to 2026-04-26 00:00:00+00:00, run_after=2026-05-03 00:00:00+00:00
[2026-04-25T04:45:59.704+0000] {processor.py:183} INFO - Processing /home/airflow/dags/data_merge_dag.py took 0.693 seconds
[2026-04-25T04:46:30.786+0000] {processor.py:161} INFO - Started process (PID=1433) to work on /home/airflow/dags/data_merge_dag.py
[2026-04-25T04:46:30.787+0000] {processor.py:830} INFO - Processing file /home/airflow/dags/data_merge_dag.py for tasks to queue
[2026-04-25T04:46:30.788+0000] {logging_mixin.py:188} INFO - [2026-04-25T04:46:30.788+0000] {dagbag.py:538} INFO - Filling up the DagBag from /home/airflow/dags/data_merge_dag.py
[2026-04-25T04:46:31.182+0000] {processor.py:840} INFO - DAG(s) 'data_merge_pipeline' retrieved from /home/airflow/dags/data_merge_dag.py
[2026-04-25T04:46:31.203+0000] {logging_mixin.py:188} INFO - [2026-04-25T04:46:31.202+0000] {dag.py:3036} INFO - Sync 1 DAGs
[2026-04-25T04:46:31.221+0000] {logging_mixin.py:188} INFO - [2026-04-25T04:46:31.221+0000] {dag.py:3823} INFO - Setting next_dagrun for data_merge_pipeline to 2026-04-26 00:00:00+00:00, run_after=2026-05-03 00:00:00+00:00
[2026-04-25T04:46:31.245+0000] {processor.py:183} INFO - Processing /home/airflow/dags/data_merge_dag.py took 0.463 seconds
[2026-04-25T04:47:03.014+0000] {processor.py:161} INFO - Started process (PID=1465) to work on /home/airflow/dags/data_merge_dag.py
[2026-04-25T04:47:03.016+0000] {processor.py:830} INFO - Processing file /home/airflow/dags/data_merge_dag.py for tasks to queue
[2026-04-25T04:47:03.018+0000] {logging_mixin.py:188} INFO - [2026-04-25T04:47:03.017+0000] {dagbag.py:538} INFO - Filling up the DagBag from /home/airflow/dags/data_merge_dag.py
[2026-04-25T04:47:03.402+0000] {processor.py:840} INFO - DAG(s) 'data_merge_pipeline' retrieved from /home/airflow/dags/data_merge_dag.py
[2026-04-25T04:47:03.450+0000] {logging_mixin.py:188} INFO - [2026-04-25T04:47:03.447+0000] {dag.py:3036} INFO - Sync 1 DAGs
[2026-04-25T04:47:03.482+0000] {logging_mixin.py:188} INFO - [2026-04-25T04:47:03.482+0000] {dag.py:3823} INFO - Setting next_dagrun for data_merge_pipeline to 2026-04-26 00:00:00+00:00, run_after=2026-05-03 00:00:00+00:00
[2026-04-25T04:47:03.518+0000] {processor.py:183} INFO - Processing /home/airflow/dags/data_merge_dag.py took 0.509 seconds
[2026-04-25T04:47:34.357+0000] {processor.py:161} INFO - Started process (PID=1497) to work on /home/airflow/dags/data_merge_dag.py
[2026-04-25T04:47:34.359+0000] {processor.py:830} INFO - Processing file /home/airflow/dags/data_merge_dag.py for tasks to queue
[2026-04-25T04:47:34.360+0000] {logging_mixin.py:188} INFO - [2026-04-25T04:47:34.360+0000] {dagbag.py:538} INFO - Filling up the DagBag from /home/airflow/dags/data_merge_dag.py
[2026-04-25T04:47:34.669+0000] {processor.py:840} INFO - DAG(s) 'data_merge_pipeline' retrieved from /home/airflow/dags/data_merge_dag.py
[2026-04-25T04:47:34.695+0000] {logging_mixin.py:188} INFO - [2026-04-25T04:47:34.694+0000] {dag.py:3036} INFO - Sync 1 DAGs
[2026-04-25T04:47:34.717+0000] {logging_mixin.py:188} INFO - [2026-04-25T04:47:34.717+0000] {dag.py:3823} INFO - Setting next_dagrun for data_merge_pipeline to 2026-04-26 00:00:00+00:00, run_after=2026-05-03 00:00:00+00:00
[2026-04-25T04:47:34.743+0000] {processor.py:183} INFO - Processing /home/airflow/dags/data_merge_dag.py took 0.390 seconds
[2026-04-25T04:48:05.933+0000] {processor.py:161} INFO - Started process (PID=1529) to work on /home/airflow/dags/data_merge_dag.py
[2026-04-25T04:48:05.935+0000] {processor.py:830} INFO - Processing file /home/airflow/dags/data_merge_dag.py for tasks to queue
[2026-04-25T04:48:05.941+0000] {logging_mixin.py:188} INFO - [2026-04-25T04:48:05.940+0000] {dagbag.py:538} INFO - Filling up the DagBag from /home/airflow/dags/data_merge_dag.py
[2026-04-25T04:48:06.235+0000] {processor.py:840} INFO - DAG(s) 'data_merge_pipeline' retrieved from /home/airflow/dags/data_merge_dag.py
[2026-04-25T04:48:06.267+0000] {logging_mixin.py:188} INFO - [2026-04-25T04:48:06.265+0000] {dag.py:3036} INFO - Sync 1 DAGs
[2026-04-25T04:48:06.290+0000] {logging_mixin.py:188} INFO - [2026-04-25T04:48:06.290+0000] {dag.py:3823} INFO - Setting next_dagrun for data_merge_pipeline to 2026-04-26 00:00:00+00:00, run_after=2026-05-03 00:00:00+00:00
[2026-04-25T04:48:06.317+0000] {processor.py:183} INFO - Processing /home/airflow/dags/data_merge_dag.py took 0.388 seconds
[2026-04-25T04:48:37.284+0000] {processor.py:161} INFO - Started process (PID=1561) to work on /home/airflow/dags/data_merge_dag.py
[2026-04-25T04:48:37.285+0000] {processor.py:830} INFO - Processing file /home/airflow/dags/data_merge_dag.py for tasks to queue
[2026-04-25T04:48:37.286+0000] {logging_mixin.py:188} INFO - [2026-04-25T04:48:37.286+0000] {dagbag.py:538} INFO - Filling up the DagBag from /home/airflow/dags/data_merge_dag.py
[2026-04-25T04:48:37.591+0000] {processor.py:840} INFO - DAG(s) 'data_merge_pipeline' retrieved from /home/airflow/dags/data_merge_dag.py
[2026-04-25T04:48:37.618+0000] {logging_mixin.py:188} INFO - [2026-04-25T04:48:37.617+0000] {dag.py:3036} INFO - Sync 1 DAGs
[2026-04-25T04:48:37.641+0000] {logging_mixin.py:188} INFO - [2026-04-25T04:48:37.641+0000] {dag.py:3823} INFO - Setting next_dagrun for data_merge_pipeline to 2026-04-26 00:00:00+00:00, run_after=2026-05-03 00:00:00+00:00
[2026-04-25T04:48:37.668+0000] {processor.py:183} INFO - Processing /home/airflow/dags/data_merge_dag.py took 0.387 seconds
[2026-04-25T04:49:08.736+0000] {processor.py:161} INFO - Started process (PID=1593) to work on /home/airflow/dags/data_merge_dag.py
[2026-04-25T04:49:08.738+0000] {processor.py:830} INFO - Processing file /home/airflow/dags/data_merge_dag.py for tasks to queue
[2026-04-25T04:49:08.740+0000] {logging_mixin.py:188} INFO - [2026-04-25T04:49:08.740+0000] {dagbag.py:538} INFO - Filling up the DagBag from /home/airflow/dags/data_merge_dag.py
[2026-04-25T04:49:09.048+0000] {processor.py:840} INFO - DAG(s) 'data_merge_pipeline' retrieved from /home/airflow/dags/data_merge_dag.py
[2026-04-25T04:49:09.073+0000] {logging_mixin.py:188} INFO - [2026-04-25T04:49:09.072+0000] {dag.py:3036} INFO - Sync 1 DAGs
[2026-04-25T04:49:09.096+0000] {logging_mixin.py:188} INFO - [2026-04-25T04:49:09.096+0000] {dag.py:3823} INFO - Setting next_dagrun for data_merge_pipeline to 2026-04-26 00:00:00+00:00, run_after=2026-05-03 00:00:00+00:00
[2026-04-25T04:49:09.122+0000] {processor.py:183} INFO - Processing /home/airflow/dags/data_merge_dag.py took 0.389 seconds
[2026-04-25T04:49:40.228+0000] {processor.py:161} INFO - Started process (PID=1625) to work on /home/airflow/dags/data_merge_dag.py
[2026-04-25T04:49:40.229+0000] {processor.py:830} INFO - Processing file /home/airflow/dags/data_merge_dag.py for tasks to queue
[2026-04-25T04:49:40.231+0000] {logging_mixin.py:188} INFO - [2026-04-25T04:49:40.230+0000] {dagbag.py:538} INFO - Filling up the DagBag from /home/airflow/dags/data_merge_dag.py
[2026-04-25T04:49:40.483+0000] {processor.py:840} INFO - DAG(s) 'data_merge_pipeline' retrieved from /home/airflow/dags/data_merge_dag.py
[2026-04-25T04:49:40.506+0000] {logging_mixin.py:188} INFO - [2026-04-25T04:49:40.505+0000] {dag.py:3036} INFO - Sync 1 DAGs
[2026-04-25T04:49:40.526+0000] {logging_mixin.py:188} INFO - [2026-04-25T04:49:40.526+0000] {dag.py:3823} INFO - Setting next_dagrun for data_merge_pipeline to 2026-04-26 00:00:00+00:00, run_after=2026-05-03 00:00:00+00:00
[2026-04-25T04:49:40.550+0000] {processor.py:183} INFO - Processing /home/airflow/dags/data_merge_dag.py took 0.325 seconds
[2026-04-25T04:50:12.305+0000] {processor.py:161} INFO - Started process (PID=1657) to work on /home/airflow/dags/data_merge_dag.py
[2026-04-25T04:50:12.304+0000] {processor.py:830} INFO - Processing file /home/airflow/dags/data_merge_dag.py for tasks to queue
[2026-04-25T04:50:12.305+0000] {logging_mixin.py:188} INFO - [2026-04-25T04:50:12.305+0000] {dagbag.py:538} INFO - Filling up the DagBag from /home/airflow/dags/data_merge_dag.py
[2026-04-25T04:50:12.661+0000] {processor.py:840} INFO - DAG(s) 'data_merge_pipeline' retrieved from /home/airflow/dags/data_merge_dag.py
[2026-04-25T04:50:12.689+0000] {logging_mixin.py:188} INFO - [2026-04-25T04:50:12.689+0000] {dag.py:3036} INFO - Sync 1 DAGs
[2026-04-25T04:50:12.717+0000] {logging_mixin.py:188} INFO - [2026-04-25T04:50:12.716+0000] {dag.py:3823} INFO - Setting next_dagrun for data_merge_pipeline to 2026-04-26 00:00:00+00:00, run_after=2026-05-03 00:00:00+00:00
[2026-04-25T04:50:12.742+0000] {processor.py:183} INFO - Processing /home/airflow/dags/data_merge_dag.py took 0.444 seconds
[2026-04-25T04:50:44.022+0000] {processor.py:161} INFO - Started process (PID=1689) to work on /home/airflow/dags/data_merge_dag.py
[2026-04-25T04:50:44.023+0000] {processor.py:830} INFO - Processing file /home/airflow/dags/data_merge_dag.py for tasks to queue
[2026-04-25T04:50:44.024+0000] {logging_mixin.py:188} INFO - [2026-04-25T04:50:44.024+0000] {dagbag.py:538} INFO - Filling up the DagBag from /home/airflow/dags/data_merge_dag.py
[2026-04-25T04:50:44.326+0000] {processor.py:840} INFO - DAG(s) 'data_merge_pipeline' retrieved from /home/airflow/dags/data_merge_dag.py
[2026-04-25T04:50:44.351+0000] {logging_mixin.py:188} INFO - [2026-04-25T04:50:44.350+0000] {dag.py:3036} INFO - Sync 1 DAGs
[2026-04-25T04:50:44.372+0000] {logging_mixin.py:188} INFO - [2026-04-25T04:50:44.371+0000] {dag.py:3823} INFO - Setting next_dagrun for data_merge_pipeline to 2026-04-26 00:00:00+00:00, run_after=2026-05-03 00:00:00+00:00
[2026-04-25T04:50:44.399+0000] {processor.py:183} INFO - Processing /home/airflow/dags/data_merge_dag.py took 0.381 seconds
[2026-04-25T04:51:15.858+0000] {processor.py:161} INFO - Started process (PID=1721) to work on /home/airflow/dags/data_merge_dag.py
[2026-04-25T04:51:15.859+0000] {processor.py:830} INFO - Processing file /home/airflow/dags/data_merge_dag.py for tasks to queue
[2026-04-25T04:51:15.865+0000] {logging_mixin.py:188} INFO - [2026-04-25T04:51:15.864+0000] {dagbag.py:538} INFO - Filling up the DagBag from /home/airflow/dags/data_merge_dag.py
[2026-04-25T04:51:16.234+0000] {processor.py:840} INFO - DAG(s) 'data_merge_pipeline' retrieved from /home/airflow/dags/data_merge_dag.py
[2026-04-25T04:51:16.269+0000] {logging_mixin.py:188} INFO - [2026-04-25T04:51:16.268+0000] {dag.py:3036} INFO - Sync 1 DAGs
[2026-04-25T04:51:16.299+0000] {logging_mixin.py:188} INFO - [2026-04-25T04:51:16.299+0000] {dag.py:3823} INFO - Setting next_dagrun for data_merge_pipeline to 2026-04-26 00:00:00+00:00, run_after=2026-05-03 00:00:00+00:00
[2026-04-25T04:51:16.326+0000] {processor.py:183} INFO - Processing /home/airflow/dags/data_merge_dag.py took 0.474 seconds
[2026-04-25T04:51:47.412+0000] {processor.py:161} INFO - Started process (PID=1753) to work on /home/airflow/dags/data_merge_dag.py
[2026-04-25T04:51:47.413+0000] {processor.py:830} INFO - Processing file /home/airflow/dags/data_merge_dag.py for tasks to queue
[2026-04-25T04:51:47.415+0000] {logging_mixin.py:188} INFO - [2026-04-25T04:51:47.414+0000] {dagbag.py:538} INFO - Filling up the DagBag from /home/airflow/dags/data_merge_dag.py
[2026-04-25T04:51:47.708+0000] {processor.py:840} INFO - DAG(s) 'data_merge_pipeline' retrieved from /home/airflow/dags/data_merge_dag.py
[2026-04-25T04:51:47.734+0000] {logging_mixin.py:188} INFO - [2026-04-25T04:51:47.734+0000] {dag.py:3036} INFO - Sync 1 DAGs
[2026-04-25T04:51:47.758+0000] {logging_mixin.py:188} INFO - [2026-04-25T04:51:47.758+0000] {dag.py:3823} INFO - Setting next_dagrun for data_merge_pipeline to 2026-04-26 00:00:00+00:00, run_after=2026-05-03 00:00:00+00:00
[2026-04-25T04:51:47.783+0000] {processor.py:183} INFO - Processing /home/airflow/dags/data_merge_dag.py took 0.375 seconds
[2026-04-25T04:52:18.782+0000] {processor.py:161} INFO - Started process (PID=1785) to work on /home/airflow/dags/data_merge_dag.py
[2026-04-25T04:52:18.783+0000] {processor.py:830} INFO - Processing file /home/airflow/dags/data_merge_dag.py for tasks to queue
[2026-04-25T04:52:18.784+0000] {logging_mixin.py:188} INFO - [2026-04-25T04:52:18.784+0000] {dagbag.py:538} INFO - Filling up the DagBag from /home/airflow/dags/data_merge_dag.py
[2026-04-25T04:52:19.141+0000] {processor.py:840} INFO - DAG(s) 'data_merge_pipeline' retrieved from /home/airflow/dags/data_merge_dag.py
[2026-04-25T04:52:19.193+0000] {logging_mixin.py:188} INFO - [2026-04-25T04:52:19.192+0000] {dag.py:3036} INFO - Sync 1 DAGs
[2026-04-25T04:52:19.225+0000] {logging_mixin.py:188} INFO - [2026-04-25T04:52:19.224+0000] {dag.py:3823} INFO - Setting next_dagrun for data_merge_pipeline to 2026-04-26 00:00:00+00:00, run_after=2026-05-03 00:00:00+00:00
[2026-04-25T04:52:19.254+0000] {processor.py:183} INFO - Processing /home/airflow/dags/data_merge_dag.py took 0.476 seconds
[2026-04-25T04:52:50.476+0000] {processor.py:161} INFO - Started process (PID=1817) to work on /home/airflow/dags/data_merge_dag.py
[2026-04-25T04:52:50.478+0000] {processor.py:830} INFO - Processing file /home/airflow/dags/data_merge_dag.py for tasks to queue
[2026-04-25T04:52:50.480+0000] {logging_mixin.py:188} INFO - [2026-04-25T04:52:50.479+0000] {dagbag.py:538} INFO - Filling up the DagBag from /home/airflow/dags/data_merge_dag.py
[2026-04-25T04:52:50.814+0000] {processor.py:840} INFO - DAG(s) 'data_merge_pipeline' retrieved from /home/airflow/dags/data_merge_dag.py
[2026-04-25T04:52:50.841+0000] {logging_mixin.py:188} INFO - [2026-04-25T04:52:50.841+0000] {dag.py:3036} INFO - Sync 1 DAGs
[2026-04-25T04:52:50.868+0000] {logging_mixin.py:188} INFO - [2026-04-25T04:52:50.868+0000] {dag.py:3823} INFO - Setting next_dagrun for data_merge_pipeline to 2026-04-26 00:00:00+00:00, run_after=2026-05-03 00:00:00+00:00
[2026-04-25T04:52:50.892+0000] {processor.py:183} INFO - Processing /home/airflow/dags/data_merge_dag.py took 0.421 seconds
[2026-04-25T04:53:21.986+0000] {processor.py:161} INFO - Started process (PID=1849) to work on /home/airflow/dags/data_merge_dag.py
[2026-04-25T04:53:21.988+0000] {processor.py:830} INFO - Processing file /home/airflow/dags/data_merge_dag.py for tasks to queue
[2026-04-25T04:53:21.989+0000] {logging_mixin.py:188} INFO - [2026-04-25T04:53:21.989+0000] {dagbag.py:538} INFO - Filling up the DagBag from /home/airflow/dags/data_merge_dag.py
[2026-04-25T04:53:22.250+0000] {processor.py:840} INFO - DAG(s) 'data_merge_pipeline' retrieved from /home/airflow/dags/data_merge_dag.py
[2026-04-25T04:53:22.274+0000] {logging_mixin.py:188} INFO - [2026-04-25T04:53:22.273+0000] {dag.py:3036} INFO - Sync 1 DAGs
[2026-04-25T04:53:22.294+0000] {logging_mixin.py:188} INFO - [2026-04-25T04:53:22.294+0000] {dag.py:3823} INFO - Setting next_dagrun for data_merge_pipeline to 2026-04-26 00:00:00+00:00, run_after=2026-05-03 00:00:00+00:00
[2026-04-25T04:53:22.321+0000] {processor.py:183} INFO - Processing /home/airflow/dags/data_merge_dag.py took 0.338 seconds
[2026-04-25T04:53:53.666+0000] {processor.py:161} INFO - Started process (PID=1881) to work on /home/airflow/dags/data_merge_dag.py
[2026-04-25T04:53:53.669+0000] {processor.py:830} INFO - Processing file /home/airflow/dags/data_merge_dag.py for tasks to queue
[2026-04-25T04:53:53.671+0000] {logging_mixin.py:188} INFO - [2026-04-25T04:53:53.670+0000] {dagbag.py:538} INFO - Filling up the DagBag from /home/airflow/dags/data_merge_dag.py
[2026-04-25T04:53:53.995+0000] {processor.py:840} INFO - DAG(s) 'data_merge_pipeline' retrieved from /home/airflow/dags/data_merge_dag.py
[2026-04-25T04:53:54.017+0000] {logging_mixin.py:188} INFO - [2026-04-25T04:53:54.017+0000] {dag.py:3036} INFO - Sync 1 DAGs
[2026-04-25T04:53:54.038+0000] {logging_mixin.py:188} INFO - [2026-04-25T04:53:54.038+0000] {dag.py:3823} INFO - Setting next_dagrun for data_merge_pipeline to 2026-04-26 00:00:00+00:00, run_after=2026-05-03 00:00:00+00:00
[2026-04-25T04:53:54.061+0000] {processor.py:183} INFO - Processing /home/airflow/dags/data_merge_dag.py took 0.402 seconds
[2026-04-25T04:54:25.086+0000] {processor.py:161} INFO - Started process (PID=1913) to work on /home/airflow/dags/data_merge_dag.py
[2026-04-25T04:54:25.087+0000] {processor.py:830} INFO - Processing file /home/airflow/dags/data_merge_dag.py for tasks to queue
[2026-04-25T04:54:25.088+0000] {logging_mixin.py:188} INFO - [2026-04-25T04:54:25.088+0000] {dagbag.py:538} INFO - Filling up the DagBag from /home/airflow/dags/data_merge_dag.py
[2026-04-25T04:54:25.392+0000] {processor.py:840} INFO - DAG(s) 'data_merge_pipeline' retrieved from /home/airflow/dags/data_merge_dag.py
[2026-04-25T04:54:25.422+0000] {logging_mixin.py:188} INFO - [2026-04-25T04:54:25.421+0000] {dag.py:3036} INFO - Sync 1 DAGs
[2026-04-25T04:54:25.592+0000] {logging_mixin.py:188} INFO - [2026-04-25T04:54:25.592+0000] {dag.py:3823} INFO - Setting next_dagrun for data_merge_pipeline to 2026-04-26 00:00:00+00:00, run_after=2026-05-03 00:00:00+00:00
[2026-04-25T04:54:25.615+0000] {processor.py:183} INFO - Processing /home/airflow/dags/data_merge_dag.py took 0.533 seconds
[2026-04-25T04:54:56.621+0000] {processor.py:161} INFO - Started process (PID=1947) to work on /home/airflow/dags/data_merge_dag.py
[2026-04-25T04:54:56.622+0000] {processor.py:830} INFO - Processing file /home/airflow/dags/data_merge_dag.py for tasks to queue
[2026-04-25T04:54:56.624+0000] {logging_mixin.py:188} INFO - [2026-04-25T04:54:56.623+0000] {dagbag.py:538} INFO - Filling up the DagBag from /home/airflow/dags/data_merge_dag.py
[2026-04-25T04:54:56.889+0000] {processor.py:840} INFO - DAG(s) 'data_merge_pipeline' retrieved from /home/airflow/dags/data_merge_dag.py
[2026-04-25T04:54:56.915+0000] {logging_mixin.py:188} INFO - [2026-04-25T04:54:56.915+0000] {dag.py:3036} INFO - Sync 1 DAGs
[2026-04-25T04:54:57.064+0000] {logging_mixin.py:188} INFO - [2026-04-25T04:54:57.064+0000] {dag.py:3823} INFO - Setting next_dagrun for data_merge_pipeline to 2026-04-26 00:00:00+00:00, run_after=2026-05-03 00:00:00+00:00
[2026-04-25T04:54:57.087+0000] {processor.py:183} INFO - Processing /home/airflow/dags/data_merge_dag.py took 0.472 seconds
[2026-04-25T04:55:27.946+0000] {processor.py:161} INFO - Started process (PID=1977) to work on /home/airflow/dags/data_merge_dag.py
[2026-04-25T04:55:27.947+0000] {processor.py:830} INFO - Processing file /home/airflow/dags/data_merge_dag.py for tasks to queue
[2026-04-25T04:55:27.948+0000] {logging_mixin.py:188} INFO - [2026-04-25T04:55:27.948+0000] {dagbag.py:538} INFO - Filling up the DagBag from /home/airflow/dags/data_merge_dag.py
[2026-04-25T04:55:28.324+0000] {processor.py:840} INFO - DAG(s) 'data_merge_pipeline' retrieved from /home/airflow/dags/data_merge_dag.py
[2026-04-25T04:55:28.345+0000] {logging_mixin.py:188} INFO - [2026-04-25T04:55:28.345+0000] {dag.py:3036} INFO - Sync 1 DAGs
[2026-04-25T04:55:28.365+0000] {logging_mixin.py:188} INFO - [2026-04-25T04:55:28.365+0000] {dag.py:3823} INFO - Setting next_dagrun for data_merge_pipeline to 2026-04-26 00:00:00+00:00, run_after=2026-05-03 00:00:00+00:00
[2026-04-25T04:55:28.390+0000] {processor.py:183} INFO - Processing /home/airflow/dags/data_merge_dag.py took 0.447 seconds
[2026-04-25T04:55:59.264+0000] {processor.py:161} INFO - Started process (PID=2009) to work on /home/airflow/dags/data_merge_dag.py
[2026-04-25T04:55:59.265+0000] {processor.py:830} INFO - Processing file /home/airflow/dags/data_merge_dag.py for tasks to queue
[2026-04-25T04:55:59.266+0000] {logging_mixin.py:188} INFO - [2026-04-25T04:55:59.266+0000] {dagbag.py:538} INFO - Filling up the DagBag from /home/airflow/dags/data_merge_dag.py
[2026-04-25T04:55:59.637+0000] {processor.py:840} INFO - DAG(s) 'data_merge_pipeline' retrieved from /home/airflow/dags/data_merge_dag.py
[2026-04-25T04:55:59.657+0000] {logging_mixin.py:188} INFO - [2026-04-25T04:55:59.656+0000] {dag.py:3036} INFO - Sync 1 DAGs
[2026-04-25T04:55:59.676+0000] {logging_mixin.py:188} INFO - [2026-04-25T04:55:59.675+0000] {dag.py:3823} INFO - Setting next_dagrun for data_merge_pipeline to 2026-04-26 00:00:00+00:00, run_after=2026-05-03 00:00:00+00:00
[2026-04-25T04:55:59.699+0000] {processor.py:183} INFO - Processing /home/airflow/dags/data_merge_dag.py took 0.438 seconds
[2026-04-25T04:56:30.793+0000] {processor.py:161} INFO - Started process (PID=2041) to work on /home/airflow/dags/data_merge_dag.py
[2026-04-25T04:56:30.796+0000] {processor.py:830} INFO - Processing file /home/airflow/dags/data_merge_dag.py for tasks to queue
[2026-04-25T04:56:30.804+0000] {logging_mixin.py:188} INFO - [2026-04-25T04:56:30.803+0000] {dagbag.py:538} INFO - Filling up the DagBag from /home/airflow/dags/data_merge_dag.py
[2026-04-25T04:56:31.199+0000] {processor.py:840} INFO - DAG(s) 'data_merge_pipeline' retrieved from /home/airflow/dags/data_merge_dag.py
[2026-04-25T04:56:31.227+0000] {logging_mixin.py:188} INFO - [2026-04-25T04:56:31.226+0000] {dag.py:3036} INFO - Sync 1 DAGs
[2026-04-25T04:56:31.246+0000] {logging_mixin.py:188} INFO - [2026-04-25T04:56:31.246+0000] {dag.py:3823} INFO - Setting next_dagrun for data_merge_pipeline to 2026-04-26 00:00:00+00:00, run_after=2026-05-03 00:00:00+00:00
[2026-04-25T04:56:31.268+0000] {processor.py:183} INFO - Processing /home/airflow/dags/data_merge_dag.py took 0.479 seconds
[2026-04-25T04:57:02.219+0000] {processor.py:161} INFO - Started process (PID=2073) to work on /home/airflow/dags/data_merge_dag.py
[2026-04-25T04:57:02.221+0000] {processor.py:830} INFO - Processing file /home/airflow/dags/data_merge_dag.py for tasks to queue
[2026-04-25T04:57:02.222+0000] {logging_mixin.py:188} INFO - [2026-04-25T04:57:02.221+0000] {dagbag.py:538} INFO - Filling up the DagBag from /home/airflow/dags/data_merge_dag.py
[2026-04-25T04:57:02.625+0000] {processor.py:840} INFO - DAG(s) 'data_merge_pipeline' retrieved from /home/airflow/dags/data_merge_dag.py
[2026-04-25T04:57:02.648+0000] {logging_mixin.py:188} INFO - [2026-04-25T04:57:02.647+0000] {dag.py:3036} INFO - Sync 1 DAGs
[2026-04-25T04:57:02.679+0000] {logging_mixin.py:188} INFO - [2026-04-25T04:57:02.678+0000] {dag.py:3823} INFO - Setting next_dagrun for data_merge_pipeline to 2026-04-26 00:00:00+00:00, run_after=2026-05-03 00:00:00+00:00
[2026-04-25T04:57:02.707+0000] {processor.py:183} INFO - Processing /home/airflow/dags/data_merge_dag.py took 0.491 seconds
[2026-04-25T04:57:33.715+0000] {processor.py:161} INFO - Started process (PID=2105) to work on /home/airflow/dags/data_merge_dag.py
[2026-04-25T04:57:33.716+0000] {processor.py:830} INFO - Processing file /home/airflow/dags/data_merge_dag.py for tasks to queue
[2026-04-25T04:57:33.717+0000] {logging_mixin.py:188} INFO - [2026-04-25T04:57:33.717+0000] {dagbag.py:538} INFO - Filling up the DagBag from /home/airflow/dags/data_merge_dag.py
[2026-04-25T04:57:34.161+0000] {processor.py:840} INFO - DAG(s) 'data_merge_pipeline' retrieved from /home/airflow/dags/data_merge_dag.py
[2026-04-25T04:57:34.183+0000] {logging_mixin.py:188} INFO - [2026-04-25T04:57:34.182+0000] {dag.py:3036} INFO - Sync 1 DAGs
[2026-04-25T04:57:34.203+0000] {logging_mixin.py:188} INFO - [2026-04-25T04:57:34.203+0000] {dag.py:3823} INFO - Setting next_dagrun for data_merge_pipeline to 2026-04-26 00:00:00+00:00, run_after=2026-05-03 00:00:00+00:00
[2026-04-25T04:57:34.228+0000] {processor.py:183} INFO - Processing /home/airflow/dags/data_merge_dag.py took 0.517 seconds
[2026-04-25T04:58:05.212+0000] {processor.py:161} INFO - Started process (PID=2137) to work on /home/airflow/dags/data_merge_dag.py
[2026-04-25T04:58:05.213+0000] {processor.py:830} INFO - Processing file /home/airflow/dags/data_merge_dag.py for tasks to queue
[2026-04-25T04:58:05.214+0000] {logging_mixin.py:188} INFO - [2026-04-25T04:58:05.214+0000] {dagbag.py:538} INFO - Filling up the DagBag from /home/airflow/dags/data_merge_dag.py
[2026-04-25T04:58:05.589+0000] {processor.py:840} INFO - DAG(s) 'data_merge_pipeline' retrieved from /home/airflow/dags/data_merge_dag.py
[2026-04-25T04:58:05.610+0000] {logging_mixin.py:188} INFO - [2026-04-25T04:58:05.610+0000] {dag.py:3036} INFO - Sync 1 DAGs
[2026-04-25T04:58:05.628+0000] {logging_mixin.py:188} INFO - [2026-04-25T04:58:05.628+0000] {dag.py:3823} INFO - Setting next_dagrun for data_merge_pipeline to 2026-04-26 00:00:00+00:00, run_after=2026-05-03 00:00:00+00:00
[2026-04-25T04:58:05.650+0000] {processor.py:183} INFO - Processing /home/airflow/dags/data_merge_dag.py took 0.442 seconds
[2026-04-25T04:58:36.638+0000] {processor.py:161} INFO - Started process (PID=2169) to work on /home/airflow/dags/data_merge_dag.py
[2026-04-25T04:58:36.640+0000] {processor.py:830} INFO - Processing file /home/airflow/dags/data_merge_dag.py for tasks to queue
[2026-04-25T04:58:36.641+0000] {logging_mixin.py:188} INFO - [2026-04-25T04:58:36.640+0000] {dagbag.py:538} INFO - Filling up the DagBag from /home/airflow/dags/data_merge_dag.py
[2026-04-25T04:58:37.005+0000] {processor.py:840} INFO - DAG(s) 'data_merge_pipeline' retrieved from /home/airflow/dags/data_merge_dag.py
[2026-04-25T04:58:37.025+0000] {logging_mixin.py:188} INFO - [2026-04-25T04:58:37.025+0000] {dag.py:3036} INFO - Sync 1 DAGs
[2026-04-25T04:58:37.043+0000] {logging_mixin.py:188} INFO - [2026-04-25T04:58:37.043+0000] {dag.py:3823} INFO - Setting next_dagrun for data_merge_pipeline to 2026-04-26 00:00:00+00:00, run_after=2026-05-03 00:00:00+00:00
[2026-04-25T04:58:37.065+0000] {processor.py:183} INFO - Processing /home/airflow/dags/data_merge_dag.py took 0.430 seconds
[2026-04-25T04:59:07.968+0000] {processor.py:161} INFO - Started process (PID=2201) to work on /home/airflow/dags/data_merge_dag.py
[2026-04-25T04:59:07.970+0000] {processor.py:830} INFO - Processing file /home/airflow/dags/data_merge_dag.py for tasks to queue
[2026-04-25T04:59:07.971+0000] {logging_mixin.py:188} INFO - [2026-04-25T04:59:07.970+0000] {dagbag.py:538} INFO - Filling up the DagBag from /home/airflow/dags/data_merge_dag.py
[2026-04-25T04:59:08.344+0000] {processor.py:840} INFO - DAG(s) 'data_merge_pipeline' retrieved from /home/airflow/dags/data_merge_dag.py
[2026-04-25T04:59:08.364+0000] {logging_mixin.py:188} INFO - [2026-04-25T04:59:08.364+0000] {dag.py:3036} INFO - Sync 1 DAGs
[2026-04-25T04:59:08.382+0000] {logging_mixin.py:188} INFO - [2026-04-25T04:59:08.382+0000] {dag.py:3823} INFO - Setting next_dagrun for data_merge_pipeline to 2026-04-26 00:00:00+00:00, run_after=2026-05-03 00:00:00+00:00
[2026-04-25T04:59:08.404+0000] {processor.py:183} INFO - Processing /home/airflow/dags/data_merge_dag.py took 0.439 seconds
[2026-04-25T04:59:39.688+0000] {processor.py:161} INFO - Started process (PID=2233) to work on /home/airflow/dags/data_merge_dag.py
[2026-04-25T04:59:39.690+0000] {processor.py:830} INFO - Processing file /home/airflow/dags/data_merge_dag.py for tasks to queue
[2026-04-25T04:59:39.692+0000] {logging_mixin.py:188} INFO - [2026-04-25T04:59:39.691+0000] {dagbag.py:538} INFO - Filling up the DagBag from /home/airflow/dags/data_merge_dag.py
[2026-04-25T04:59:40.304+0000] {processor.py:840} INFO - DAG(s) 'data_merge_pipeline' retrieved from /home/airflow/dags/data_merge_dag.py
[2026-04-25T04:59:40.340+0000] {logging_mixin.py:188} INFO - [2026-04-25T04:59:40.339+0000] {dag.py:3036} INFO - Sync 1 DAGs
[2026-04-25T04:59:40.370+0000] {logging_mixin.py:188} INFO - [2026-04-25T04:59:40.370+0000] {dag.py:3823} INFO - Setting next_dagrun for data_merge_pipeline to 2026-04-26 00:00:00+00:00, run_after=2026-05-03 00:00:00+00:00
[2026-04-25T04:59:40.401+0000] {processor.py:183} INFO - Processing /home/airflow/dags/data_merge_dag.py took 0.716 seconds
[2026-04-25T05:00:10.688+0000] {processor.py:161} INFO - Started process (PID=2258) to work on /home/airflow/dags/data_merge_dag.py
[2026-04-25T05:00:10.690+0000] {processor.py:830} INFO - Processing file /home/airflow/dags/data_merge_dag.py for tasks to queue
[2026-04-25T05:00:10.691+0000] {logging_mixin.py:188} INFO - [2026-04-25T05:00:10.690+0000] {dagbag.py:538} INFO - Filling up the DagBag from /home/airflow/dags/data_merge_dag.py
[2026-04-25T05:00:11.083+0000] {processor.py:840} INFO - DAG(s) 'data_merge_pipeline' retrieved from /home/airflow/dags/data_merge_dag.py
[2026-04-25T05:00:11.107+0000] {logging_mixin.py:188} INFO - [2026-04-25T05:00:11.107+0000] {dag.py:3036} INFO - Sync 1 DAGs
[2026-04-25T05:00:11.127+0000] {logging_mixin.py:188} INFO - [2026-04-25T05:00:11.127+0000] {dag.py:3823} INFO - Setting next_dagrun for data_merge_pipeline to 2026-04-26 00:00:00+00:00, run_after=2026-05-03 00:00:00+00:00
[2026-04-25T05:00:11.153+0000] {processor.py:183} INFO - Processing /home/airflow/dags/data_merge_dag.py took 0.468 seconds
[2026-04-25T05:00:41.454+0000] {processor.py:161} INFO - Started process (PID=2284) to work on /home/airflow/dags/data_merge_dag.py
[2026-04-25T05:00:41.456+0000] {processor.py:830} INFO - Processing file /home/airflow/dags/data_merge_dag.py for tasks to queue
[2026-04-25T05:00:41.457+0000] {logging_mixin.py:188} INFO - [2026-04-25T05:00:41.457+0000] {dagbag.py:538} INFO - Filling up the DagBag from /home/airflow/dags/data_merge_dag.py
[2026-04-25T05:00:41.953+0000] {processor.py:840} INFO - DAG(s) 'data_merge_pipeline' retrieved from /home/airflow/dags/data_merge_dag.py
[2026-04-25T05:00:41.974+0000] {logging_mixin.py:188} INFO - [2026-04-25T05:00:41.974+0000] {dag.py:3036} INFO - Sync 1 DAGs
[2026-04-25T05:00:41.993+0000] {logging_mixin.py:188} INFO - [2026-04-25T05:00:41.993+0000] {dag.py:3823} INFO - Setting next_dagrun for data_merge_pipeline to 2026-04-26 00:00:00+00:00, run_after=2026-05-03 00:00:00+00:00
[2026-04-25T05:00:42.017+0000] {processor.py:183} INFO - Processing /home/airflow/dags/data_merge_dag.py took 0.567 seconds
[2026-04-25T05:01:12.343+0000] {processor.py:161} INFO - Started process (PID=2308) to work on /home/airflow/dags/data_merge_dag.py
[2026-04-25T05:01:12.344+0000] {processor.py:830} INFO - Processing file /home/airflow/dags/data_merge_dag.py for tasks to queue
[2026-04-25T05:01:12.346+0000] {logging_mixin.py:188} INFO - [2026-04-25T05:01:12.345+0000] {dagbag.py:538} INFO - Filling up the DagBag from /home/airflow/dags/data_merge_dag.py
[2026-04-25T05:01:12.926+0000] {processor.py:840} INFO - DAG(s) 'data_merge_pipeline' retrieved from /home/airflow/dags/data_merge_dag.py
[2026-04-25T05:01:12.965+0000] {logging_mixin.py:188} INFO - [2026-04-25T05:01:12.965+0000] {dag.py:3036} INFO - Sync 1 DAGs
[2026-04-25T05:01:13.019+0000] {logging_mixin.py:188} INFO - [2026-04-25T05:01:13.018+0000] {dag.py:3823} INFO - Setting next_dagrun for data_merge_pipeline to 2026-04-26 00:00:00+00:00, run_after=2026-05-03 00:00:00+00:00
[2026-04-25T05:01:13.066+0000] {processor.py:183} INFO - Processing /home/airflow/dags/data_merge_dag.py took 0.726 seconds
[2026-04-25T05:01:43.658+0000] {processor.py:161} INFO - Started process (PID=2337) to work on /home/airflow/dags/data_merge_dag.py
[2026-04-25T05:01:43.660+0000] {processor.py:830} INFO - Processing file /home/airflow/dags/data_merge_dag.py for tasks to queue
[2026-04-25T05:01:43.661+0000] {logging_mixin.py:188} INFO - [2026-04-25T05:01:43.661+0000] {dagbag.py:538} INFO - Filling up the DagBag from /home/airflow/dags/data_merge_dag.py
[2026-04-25T05:01:44.307+0000] {processor.py:840} INFO - DAG(s) 'data_merge_pipeline' retrieved from /home/airflow/dags/data_merge_dag.py
[2026-04-25T05:01:44.334+0000] {logging_mixin.py:188} INFO - [2026-04-25T05:01:44.333+0000] {dag.py:3036} INFO - Sync 1 DAGs
[2026-04-25T05:01:44.359+0000] {logging_mixin.py:188} INFO - [2026-04-25T05:01:44.359+0000] {dag.py:3823} INFO - Setting next_dagrun for data_merge_pipeline to 2026-04-26 00:00:00+00:00, run_after=2026-05-03 00:00:00+00:00
[2026-04-25T05:01:44.384+0000] {processor.py:183} INFO - Processing /home/airflow/dags/data_merge_dag.py took 0.732 seconds
[2026-04-25T05:02:14.534+0000] {processor.py:161} INFO - Started process (PID=2369) to work on /home/airflow/dags/data_merge_dag.py
[2026-04-25T05:02:14.536+0000] {processor.py:830} INFO - Processing file /home/airflow/dags/data_merge_dag.py for tasks to queue
[2026-04-25T05:02:14.537+0000] {logging_mixin.py:188} INFO - [2026-04-25T05:02:14.536+0000] {dagbag.py:538} INFO - Filling up the DagBag from /home/airflow/dags/data_merge_dag.py
[2026-04-25T05:02:14.938+0000] {processor.py:840} INFO - DAG(s) 'data_merge_pipeline' retrieved from /home/airflow/dags/data_merge_dag.py
[2026-04-25T05:02:14.983+0000] {logging_mixin.py:188} INFO - [2026-04-25T05:02:14.982+0000] {dag.py:3036} INFO - Sync 1 DAGs
[2026-04-25T05:02:15.009+0000] {logging_mixin.py:188} INFO - [2026-04-25T05:02:15.009+0000] {dag.py:3823} INFO - Setting next_dagrun for data_merge_pipeline to 2026-04-26 00:00:00+00:00, run_after=2026-05-03 00:00:00+00:00
[2026-04-25T05:02:15.030+0000] {processor.py:183} INFO - Processing /home/airflow/dags/data_merge_dag.py took 0.499 seconds
[2026-04-25T05:02:45.940+0000] {processor.py:161} INFO - Started process (PID=2401) to work on /home/airflow/dags/data_merge_dag.py
[2026-04-25T05:02:45.942+0000] {processor.py:830} INFO - Processing file /home/airflow/dags/data_merge_dag.py for tasks to queue
[2026-04-25T05:02:45.943+0000] {logging_mixin.py:188} INFO - [2026-04-25T05:02:45.942+0000] {dagbag.py:538} INFO - Filling up the DagBag from /home/airflow/dags/data_merge_dag.py
[2026-04-25T05:02:46.248+0000] {processor.py:840} INFO - DAG(s) 'data_merge_pipeline' retrieved from /home/airflow/dags/data_merge_dag.py
[2026-04-25T05:02:46.280+0000] {logging_mixin.py:188} INFO - [2026-04-25T05:02:46.279+0000] {dag.py:3036} INFO - Sync 1 DAGs
[2026-04-25T05:02:46.304+0000] {logging_mixin.py:188} INFO - [2026-04-25T05:02:46.304+0000] {dag.py:3823} INFO - Setting next_dagrun for data_merge_pipeline to 2026-04-26 00:00:00+00:00, run_after=2026-05-03 00:00:00+00:00
[2026-04-25T05:02:46.333+0000] {processor.py:183} INFO - Processing /home/airflow/dags/data_merge_dag.py took 0.395 seconds
[2026-04-25T05:03:17.236+0000] {processor.py:161} INFO - Started process (PID=2433) to work on /home/airflow/dags/data_merge_dag.py
[2026-04-25T05:03:17.237+0000] {processor.py:830} INFO - Processing file /home/airflow/dags/data_merge_dag.py for tasks to queue
[2026-04-25T05:03:17.239+0000] {logging_mixin.py:188} INFO - [2026-04-25T05:03:17.238+0000] {dagbag.py:538} INFO - Filling up the DagBag from /home/airflow/dags/data_merge_dag.py
[2026-04-25T05:03:17.471+0000] {processor.py:840} INFO - DAG(s) 'data_merge_pipeline' retrieved from /home/airflow/dags/data_merge_dag.py
[2026-04-25T05:03:17.496+0000] {logging_mixin.py:188} INFO - [2026-04-25T05:03:17.495+0000] {dag.py:3036} INFO - Sync 1 DAGs
[2026-04-25T05:03:17.513+0000] {logging_mixin.py:188} INFO - [2026-04-25T05:03:17.513+0000] {dag.py:3823} INFO - Setting next_dagrun for data_merge_pipeline to 2026-04-26 00:00:00+00:00, run_after=2026-05-03 00:00:00+00:00
[2026-04-25T05:03:17.539+0000] {processor.py:183} INFO - Processing /home/airflow/dags/data_merge_dag.py took 0.306 seconds
[2026-04-25T05:03:47.738+0000] {processor.py:161} INFO - Started process (PID=2465) to work on /home/airflow/dags/data_merge_dag.py
[2026-04-25T05:03:47.740+0000] {processor.py:830} INFO - Processing file /home/airflow/dags/data_merge_dag.py for tasks to queue
[2026-04-25T05:03:47.741+0000] {logging_mixin.py:188} INFO - [2026-04-25T05:03:47.741+0000] {dagbag.py:538} INFO - Filling up the DagBag from /home/airflow/dags/data_merge_dag.py
[2026-04-25T05:03:47.983+0000] {processor.py:840} INFO - DAG(s) 'data_merge_pipeline' retrieved from /home/airflow/dags/data_merge_dag.py
[2026-04-25T05:03:48.006+0000] {logging_mixin.py:188} INFO - [2026-04-25T05:03:48.006+0000] {dag.py:3036} INFO - Sync 1 DAGs
[2026-04-25T05:03:48.026+0000] {logging_mixin.py:188} INFO - [2026-04-25T05:03:48.026+0000] {dag.py:3823} INFO - Setting next_dagrun for data_merge_pipeline to 2026-04-26 00:00:00+00:00, run_after=2026-05-03 00:00:00+00:00
[2026-04-25T05:03:48.053+0000] {processor.py:183} INFO - Processing /home/airflow/dags/data_merge_dag.py took 0.319 seconds
[2026-04-25T05:04:19.016+0000] {processor.py:161} INFO - Started process (PID=2497) to work on /home/airflow/dags/data_merge_dag.py
[2026-04-25T05:04:19.018+0000] {processor.py:830} INFO - Processing file /home/airflow/dags/data_merge_dag.py for tasks to queue
[2026-04-25T05:04:19.018+0000] {logging_mixin.py:188} INFO - [2026-04-25T05:04:19.018+0000] {dagbag.py:538} INFO - Filling up the DagBag from /home/airflow/dags/data_merge_dag.py
[2026-04-25T05:04:19.273+0000] {processor.py:840} INFO - DAG(s) 'data_merge_pipeline' retrieved from /home/airflow/dags/data_merge_dag.py
[2026-04-25T05:04:19.304+0000] {logging_mixin.py:188} INFO - [2026-04-25T05:04:19.304+0000] {dag.py:3036} INFO - Sync 1 DAGs
[2026-04-25T05:04:19.338+0000] {logging_mixin.py:188} INFO - [2026-04-25T05:04:19.338+0000] {dag.py:3823} INFO - Setting next_dagrun for data_merge_pipeline to 2026-04-26 00:00:00+00:00, run_after=2026-05-03 00:00:00+00:00
[2026-04-25T05:04:19.367+0000] {processor.py:183} INFO - Processing /home/airflow/dags/data_merge_dag.py took 0.353 seconds
[2026-04-25T05:04:49.668+0000] {processor.py:161} INFO - Started process (PID=2529) to work on /home/airflow/dags/data_merge_dag.py
[2026-04-25T05:04:49.669+0000] {processor.py:830} INFO - Processing file /home/airflow/dags/data_merge_dag.py for tasks to queue
[2026-04-25T05:04:49.670+0000] {logging_mixin.py:188} INFO - [2026-04-25T05:04:49.670+0000] {dagbag.py:538} INFO - Filling up the DagBag from /home/airflow/dags/data_merge_dag.py
[2026-04-25T05:04:49.976+0000] {processor.py:840} INFO - DAG(s) 'data_merge_pipeline' retrieved from /home/airflow/dags/data_merge_dag.py
[2026-04-25T05:04:50.011+0000] {logging_mixin.py:188} INFO - [2026-04-25T05:04:50.011+0000] {dag.py:3036} INFO - Sync 1 DAGs
[2026-04-25T05:04:50.043+0000] {logging_mixin.py:188} INFO - [2026-04-25T05:04:50.043+0000] {dag.py:3823} INFO - Setting next_dagrun for data_merge_pipeline to 2026-04-26 00:00:00+00:00, run_after=2026-05-03 00:00:00+00:00
[2026-04-25T05:04:50.072+0000] {processor.py:183} INFO - Processing /home/airflow/dags/data_merge_dag.py took 0.408 seconds
[2026-04-25T05:05:20.502+0000] {processor.py:161} INFO - Started process (PID=2561) to work on /home/airflow/dags/data_merge_dag.py
[2026-04-25T05:05:20.504+0000] {processor.py:830} INFO - Processing file /home/airflow/dags/data_merge_dag.py for tasks to queue
[2026-04-25T05:05:20.505+0000] {logging_mixin.py:188} INFO - [2026-04-25T05:05:20.505+0000] {dagbag.py:538} INFO - Filling up the DagBag from /home/airflow/dags/data_merge_dag.py
[2026-04-25T05:05:20.831+0000] {processor.py:840} INFO - DAG(s) 'data_merge_pipeline' retrieved from /home/airflow/dags/data_merge_dag.py
[2026-04-25T05:05:20.858+0000] {logging_mixin.py:188} INFO - [2026-04-25T05:05:20.857+0000] {dag.py:3036} INFO - Sync 1 DAGs
[2026-04-25T05:05:20.882+0000] {logging_mixin.py:188} INFO - [2026-04-25T05:05:20.882+0000] {dag.py:3823} INFO - Setting next_dagrun for data_merge_pipeline to 2026-04-26 00:00:00+00:00, run_after=2026-05-03 00:00:00+00:00
[2026-04-25T05:05:20.908+0000] {processor.py:183} INFO - Processing /home/airflow/dags/data_merge_dag.py took 0.410 seconds
[2026-04-25T05:05:51.083+0000] {processor.py:161} INFO - Started process (PID=2593) to work on /home/airflow/dags/data_merge_dag.py
[2026-04-25T05:05:51.084+0000] {processor.py:830} INFO - Processing file /home/airflow/dags/data_merge_dag.py for tasks to queue
[2026-04-25T05:05:51.086+0000] {logging_mixin.py:188} INFO - [2026-04-25T05:05:51.085+0000] {dagbag.py:538} INFO - Filling up the DagBag from /home/airflow/dags/data_merge_dag.py
[2026-04-25T05:05:51.376+0000] {processor.py:840} INFO - DAG(s) 'data_merge_pipeline' retrieved from /home/airflow/dags/data_merge_dag.py
[2026-04-25T05:05:51.400+0000] {logging_mixin.py:188} INFO - [2026-04-25T05:05:51.399+0000] {dag.py:3036} INFO - Sync 1 DAGs
[2026-04-25T05:05:51.424+0000] {logging_mixin.py:188} INFO - [2026-04-25T05:05:51.424+0000] {dag.py:3823} INFO - Setting next_dagrun for data_merge_pipeline to 2026-04-26 00:00:00+00:00, run_after=2026-05-03 00:00:00+00:00
[2026-04-25T05:05:51.450+0000] {processor.py:183} INFO - Processing /home/airflow/dags/data_merge_dag.py took 0.371 seconds
[2026-04-25T05:06:21.756+0000] {processor.py:161} INFO - Started process (PID=2625) to work on /home/airflow/dags/data_merge_dag.py
[2026-04-25T05:06:21.757+0000] {processor.py:830} INFO - Processing file /home/airflow/dags/data_merge_dag.py for tasks to queue
[2026-04-25T05:06:21.758+0000] {logging_mixin.py:188} INFO - [2026-04-25T05:06:21.758+0000] {dagbag.py:538} INFO - Filling up the DagBag from /home/airflow/dags/data_merge_dag.py
[2026-04-25T05:06:21.983+0000] {processor.py:840} INFO - DAG(s) 'data_merge_pipeline' retrieved from /home/airflow/dags/data_merge_dag.py
[2026-04-25T05:06:22.006+0000] {logging_mixin.py:188} INFO - [2026-04-25T05:06:22.005+0000] {dag.py:3036} INFO - Sync 1 DAGs
[2026-04-25T05:06:22.028+0000] {logging_mixin.py:188} INFO - [2026-04-25T05:06:22.028+0000] {dag.py:3823} INFO - Setting next_dagrun for data_merge_pipeline to 2026-04-26 00:00:00+00:00, run_after=2026-05-03 00:00:00+00:00
[2026-04-25T05:06:22.052+0000] {processor.py:183} INFO - Processing /home/airflow/dags/data_merge_dag.py took 0.300 seconds
[2026-04-25T05:06:52.397+0000] {processor.py:161} INFO - Started process (PID=2657) to work on /home/airflow/dags/data_merge_dag.py
[2026-04-25T05:06:52.398+0000] {processor.py:830} INFO - Processing file /home/airflow/dags/data_merge_dag.py for tasks to queue
[2026-04-25T05:06:52.399+0000] {logging_mixin.py:188} INFO - [2026-04-25T05:06:52.399+0000] {dagbag.py:538} INFO - Filling up the DagBag from /home/airflow/dags/data_merge_dag.py
[2026-04-25T05:06:52.634+0000] {processor.py:840} INFO - DAG(s) 'data_merge_pipeline' retrieved from /home/airflow/dags/data_merge_dag.py
[2026-04-25T05:06:52.658+0000] {logging_mixin.py:188} INFO - [2026-04-25T05:06:52.658+0000] {dag.py:3036} INFO - Sync 1 DAGs
[2026-04-25T05:06:52.685+0000] {logging_mixin.py:188} INFO - [2026-04-25T05:06:52.685+0000] {dag.py:3823} INFO - Setting next_dagrun for data_merge_pipeline to 2026-04-26 00:00:00+00:00, run_after=2026-05-03 00:00:00+00:00
[2026-04-25T05:06:52.708+0000] {processor.py:183} INFO - Processing /home/airflow/dags/data_merge_dag.py took 0.314 seconds
[2026-04-25T05:07:23.030+0000] {processor.py:161} INFO - Started process (PID=2689) to work on /home/airflow/dags/data_merge_dag.py
[2026-04-25T05:07:23.033+0000] {processor.py:830} INFO - Processing file /home/airflow/dags/data_merge_dag.py for tasks to queue
[2026-04-25T05:07:23.034+0000] {logging_mixin.py:188} INFO - [2026-04-25T05:07:23.034+0000] {dagbag.py:538} INFO - Filling up the DagBag from /home/airflow/dags/data_merge_dag.py
[2026-04-25T05:07:23.471+0000] {processor.py:840} INFO - DAG(s) 'data_merge_pipeline' retrieved from /home/airflow/dags/data_merge_dag.py
[2026-04-25T05:07:23.509+0000] {logging_mixin.py:188} INFO - [2026-04-25T05:07:23.508+0000] {dag.py:3036} INFO - Sync 1 DAGs
[2026-04-25T05:07:23.546+0000] {logging_mixin.py:188} INFO - [2026-04-25T05:07:23.545+0000] {dag.py:3823} INFO - Setting next_dagrun for data_merge_pipeline to 2026-04-26 00:00:00+00:00, run_after=2026-05-03 00:00:00+00:00
[2026-04-25T05:07:23.579+0000] {processor.py:183} INFO - Processing /home/airflow/dags/data_merge_dag.py took 0.553 seconds
[2026-04-25T05:07:53.928+0000] {processor.py:161} INFO - Started process (PID=2721) to work on /home/airflow/dags/data_merge_dag.py
[2026-04-25T05:07:53.929+0000] {processor.py:830} INFO - Processing file /home/airflow/dags/data_merge_dag.py for tasks to queue
[2026-04-25T05:07:53.931+0000] {logging_mixin.py:188} INFO - [2026-04-25T05:07:53.930+0000] {dagbag.py:538} INFO - Filling up the DagBag from /home/airflow/dags/data_merge_dag.py
[2026-04-25T05:07:54.253+0000] {processor.py:840} INFO - DAG(s) 'data_merge_pipeline' retrieved from /home/airflow/dags/data_merge_dag.py
[2026-04-25T05:07:54.292+0000] {logging_mixin.py:188} INFO - [2026-04-25T05:07:54.290+0000] {dag.py:3036} INFO - Sync 1 DAGs
[2026-04-25T05:07:54.321+0000] {logging_mixin.py:188} INFO - [2026-04-25T05:07:54.321+0000] {dag.py:3823} INFO - Setting next_dagrun for data_merge_pipeline to 2026-04-26 00:00:00+00:00, run_after=2026-05-03 00:00:00+00:00
[2026-04-25T05:07:54.349+0000] {processor.py:183} INFO - Processing /home/airflow/dags/data_merge_dag.py took 0.423 seconds
[2026-04-25T05:08:24.661+0000] {processor.py:161} INFO - Started process (PID=2753) to work on /home/airflow/dags/data_merge_dag.py
[2026-04-25T05:08:24.662+0000] {processor.py:830} INFO - Processing file /home/airflow/dags/data_merge_dag.py for tasks to queue
[2026-04-25T05:08:24.663+0000] {logging_mixin.py:188} INFO - [2026-04-25T05:08:24.663+0000] {dagbag.py:538} INFO - Filling up the DagBag from /home/airflow/dags/data_merge_dag.py
[2026-04-25T05:08:24.931+0000] {processor.py:840} INFO - DAG(s) 'data_merge_pipeline' retrieved from /home/airflow/dags/data_merge_dag.py
[2026-04-25T05:08:24.958+0000] {logging_mixin.py:188} INFO - [2026-04-25T05:08:24.958+0000] {dag.py:3036} INFO - Sync 1 DAGs
[2026-04-25T05:08:24.982+0000] {logging_mixin.py:188} INFO - [2026-04-25T05:08:24.982+0000] {dag.py:3823} INFO - Setting next_dagrun for data_merge_pipeline to 2026-04-26 00:00:00+00:00, run_after=2026-05-03 00:00:00+00:00
[2026-04-25T05:08:25.008+0000] {processor.py:183} INFO - Processing /home/airflow/dags/data_merge_dag.py took 0.351 seconds
[2026-04-25T05:08:55.409+0000] {processor.py:161} INFO - Started process (PID=2785) to work on /home/airflow/dags/data_merge_dag.py
[2026-04-25T05:08:55.410+0000] {processor.py:830} INFO - Processing file /home/airflow/dags/data_merge_dag.py for tasks to queue
[2026-04-25T05:08:55.411+0000] {logging_mixin.py:188} INFO - [2026-04-25T05:08:55.411+0000] {dagbag.py:538} INFO - Filling up the DagBag from /home/airflow/dags/data_merge_dag.py
[2026-04-25T05:08:55.657+0000] {processor.py:840} INFO - DAG(s) 'data_merge_pipeline' retrieved from /home/airflow/dags/data_merge_dag.py
[2026-04-25T05:08:55.682+0000] {logging_mixin.py:188} INFO - [2026-04-25T05:08:55.681+0000] {dag.py:3036} INFO - Sync 1 DAGs
[2026-04-25T05:08:55.701+0000] {logging_mixin.py:188} INFO - [2026-04-25T05:08:55.701+0000] {dag.py:3823} INFO - Setting next_dagrun for data_merge_pipeline to 2026-04-26 00:00:00+00:00, run_after=2026-05-03 00:00:00+00:00
[2026-04-25T05:08:55.723+0000] {processor.py:183} INFO - Processing /home/airflow/dags/data_merge_dag.py took 0.317 seconds
[2026-04-25T05:09:25.804+0000] {processor.py:161} INFO - Started process (PID=2817) to work on /home/airflow/dags/data_merge_dag.py
[2026-04-25T05:09:25.805+0000] {processor.py:830} INFO - Processing file /home/airflow/dags/data_merge_dag.py for tasks to queue
[2026-04-25T05:09:25.806+0000] {logging_mixin.py:188} INFO - [2026-04-25T05:09:25.806+0000] {dagbag.py:538} INFO - Filling up the DagBag from /home/airflow/dags/data_merge_dag.py
[2026-04-25T05:09:26.157+0000] {processor.py:840} INFO - DAG(s) 'data_merge_pipeline' retrieved from /home/airflow/dags/data_merge_dag.py
[2026-04-25T05:09:26.184+0000] {logging_mixin.py:188} INFO - [2026-04-25T05:09:26.184+0000] {dag.py:3036} INFO - Sync 1 DAGs
[2026-04-25T05:09:26.211+0000] {logging_mixin.py:188} INFO - [2026-04-25T05:09:26.210+0000] {dag.py:3823} INFO - Setting next_dagrun for data_merge_pipeline to 2026-04-26 00:00:00+00:00, run_after=2026-05-03 00:00:00+00:00
[2026-04-25T05:09:26.242+0000] {processor.py:183} INFO - Processing /home/airflow/dags/data_merge_dag.py took 0.442 seconds
[2026-04-25T05:09:57.086+0000] {processor.py:161} INFO - Started process (PID=2849) to work on /home/airflow/dags/data_merge_dag.py
[2026-04-25T05:09:57.087+0000] {processor.py:830} INFO - Processing file /home/airflow/dags/data_merge_dag.py for tasks to queue
[2026-04-25T05:09:57.089+0000] {logging_mixin.py:188} INFO - [2026-04-25T05:09:57.088+0000] {dagbag.py:538} INFO - Filling up the DagBag from /home/airflow/dags/data_merge_dag.py
[2026-04-25T05:09:57.317+0000] {processor.py:840} INFO - DAG(s) 'data_merge_pipeline' retrieved from /home/airflow/dags/data_merge_dag.py
[2026-04-25T05:09:57.342+0000] {logging_mixin.py:188} INFO - [2026-04-25T05:09:57.341+0000] {dag.py:3036} INFO - Sync 1 DAGs
[2026-04-25T05:09:57.364+0000] {logging_mixin.py:188} INFO - [2026-04-25T05:09:57.364+0000] {dag.py:3823} INFO - Setting next_dagrun for data_merge_pipeline to 2026-04-26 00:00:00+00:00, run_after=2026-05-03 00:00:00+00:00
[2026-04-25T05:09:57.391+0000] {processor.py:183} INFO - Processing /home/airflow/dags/data_merge_dag.py took 0.309 seconds
[2026-04-25T05:10:27.588+0000] {processor.py:161} INFO - Started process (PID=2881) to work on /home/airflow/dags/data_merge_dag.py
[2026-04-25T05:10:27.589+0000] {processor.py:830} INFO - Processing file /home/airflow/dags/data_merge_dag.py for tasks to queue
[2026-04-25T05:10:27.591+0000] {logging_mixin.py:188} INFO - [2026-04-25T05:10:27.590+0000] {dagbag.py:538} INFO - Filling up the DagBag from /home/airflow/dags/data_merge_dag.py
[2026-04-25T05:10:27.836+0000] {processor.py:840} INFO - DAG(s) 'data_merge_pipeline' retrieved from /home/airflow/dags/data_merge_dag.py
[2026-04-25T05:10:27.860+0000] {logging_mixin.py:188} INFO - [2026-04-25T05:10:27.860+0000] {dag.py:3036} INFO - Sync 1 DAGs
[2026-04-25T05:10:27.882+0000] {logging_mixin.py:188} INFO - [2026-04-25T05:10:27.882+0000] {dag.py:3823} INFO - Setting next_dagrun for data_merge_pipeline to 2026-04-26 00:00:00+00:00, run_after=2026-05-03 00:00:00+00:00
[2026-04-25T05:10:27.907+0000] {processor.py:183} INFO - Processing /home/airflow/dags/data_merge_dag.py took 0.322 seconds
[2026-04-25T05:10:58.209+0000] {processor.py:161} INFO - Started process (PID=2913) to work on /home/airflow/dags/data_merge_dag.py
[2026-04-25T05:10:58.210+0000] {processor.py:830} INFO - Processing file /home/airflow/dags/data_merge_dag.py for tasks to queue
[2026-04-25T05:10:58.211+0000] {logging_mixin.py:188} INFO - [2026-04-25T05:10:58.211+0000] {dagbag.py:538} INFO - Filling up the DagBag from /home/airflow/dags/data_merge_dag.py
[2026-04-25T05:10:58.457+0000] {processor.py:840} INFO - DAG(s) 'data_merge_pipeline' retrieved from /home/airflow/dags/data_merge_dag.py
[2026-04-25T05:10:58.482+0000] {logging_mixin.py:188} INFO - [2026-04-25T05:10:58.482+0000] {dag.py:3036} INFO - Sync 1 DAGs
[2026-04-25T05:10:58.501+0000] {logging_mixin.py:188} INFO - [2026-04-25T05:10:58.501+0000] {dag.py:3823} INFO - Setting next_dagrun for data_merge_pipeline to 2026-04-26 00:00:00+00:00, run_after=2026-05-03 00:00:00+00:00
[2026-04-25T05:10:58.523+0000] {processor.py:183} INFO - Processing /home/airflow/dags/data_merge_dag.py took 0.318 seconds
[2026-04-25T05:11:28.740+0000] {processor.py:161} INFO - Started process (PID=2945) to work on /home/airflow/dags/data_merge_dag.py
[2026-04-25T05:11:28.742+0000] {processor.py:830} INFO - Processing file /home/airflow/dags/data_merge_dag.py for tasks to queue
[2026-04-25T05:11:28.743+0000] {logging_mixin.py:188} INFO - [2026-04-25T05:11:28.743+0000] {dagbag.py:538} INFO - Filling up the DagBag from /home/airflow/dags/data_merge_dag.py
[2026-04-25T05:11:29.045+0000] {processor.py:840} INFO - DAG(s) 'data_merge_pipeline' retrieved from /home/airflow/dags/data_merge_dag.py
[2026-04-25T05:11:29.071+0000] {logging_mixin.py:188} INFO - [2026-04-25T05:11:29.070+0000] {dag.py:3036} INFO - Sync 1 DAGs
[2026-04-25T05:11:29.092+0000] {logging_mixin.py:188} INFO - [2026-04-25T05:11:29.091+0000] {dag.py:3823} INFO - Setting next_dagrun for data_merge_pipeline to 2026-04-26 00:00:00+00:00, run_after=2026-05-03 00:00:00+00:00
[2026-04-25T05:11:29.116+0000] {processor.py:183} INFO - Processing /home/airflow/dags/data_merge_dag.py took 0.381 seconds
[2026-04-25T05:11:59.430+0000] {processor.py:161} INFO - Started process (PID=2977) to work on /home/airflow/dags/data_merge_dag.py
[2026-04-25T05:11:59.431+0000] {processor.py:830} INFO - Processing file /home/airflow/dags/data_merge_dag.py for tasks to queue
[2026-04-25T05:11:59.432+0000] {logging_mixin.py:188} INFO - [2026-04-25T05:11:59.432+0000] {dagbag.py:538} INFO - Filling up the DagBag from /home/airflow/dags/data_merge_dag.py
[2026-04-25T05:11:59.661+0000] {processor.py:840} INFO - DAG(s) 'data_merge_pipeline' retrieved from /home/airflow/dags/data_merge_dag.py
[2026-04-25T05:11:59.684+0000] {logging_mixin.py:188} INFO - [2026-04-25T05:11:59.684+0000] {dag.py:3036} INFO - Sync 1 DAGs
[2026-04-25T05:11:59.704+0000] {logging_mixin.py:188} INFO - [2026-04-25T05:11:59.704+0000] {dag.py:3823} INFO - Setting next_dagrun for data_merge_pipeline to 2026-04-26 00:00:00+00:00, run_after=2026-05-03 00:00:00+00:00
[2026-04-25T05:11:59.728+0000] {processor.py:183} INFO - Processing /home/airflow/dags/data_merge_dag.py took 0.301 seconds
[2026-04-25T05:12:30.046+0000] {processor.py:161} INFO - Started process (PID=3009) to work on /home/airflow/dags/data_merge_dag.py
[2026-04-25T05:12:30.047+0000] {processor.py:830} INFO - Processing file /home/airflow/dags/data_merge_dag.py for tasks to queue
[2026-04-25T05:12:30.048+0000] {logging_mixin.py:188} INFO - [2026-04-25T05:12:30.048+0000] {dagbag.py:538} INFO - Filling up the DagBag from /home/airflow/dags/data_merge_dag.py
[2026-04-25T05:12:30.284+0000] {processor.py:840} INFO - DAG(s) 'data_merge_pipeline' retrieved from /home/airflow/dags/data_merge_dag.py
[2026-04-25T05:12:30.310+0000] {logging_mixin.py:188} INFO - [2026-04-25T05:12:30.310+0000] {dag.py:3036} INFO - Sync 1 DAGs
[2026-04-25T05:12:30.330+0000] {logging_mixin.py:188} INFO - [2026-04-25T05:12:30.330+0000] {dag.py:3823} INFO - Setting next_dagrun for data_merge_pipeline to 2026-04-26 00:00:00+00:00, run_after=2026-05-03 00:00:00+00:00
[2026-04-25T05:12:30.355+0000] {processor.py:183} INFO - Processing /home/airflow/dags/data_merge_dag.py took 0.312 seconds
[2026-04-25T05:13:00.660+0000] {processor.py:161} INFO - Started process (PID=3041) to work on /home/airflow/dags/data_merge_dag.py
[2026-04-25T05:13:00.661+0000] {processor.py:830} INFO - Processing file /home/airflow/dags/data_merge_dag.py for tasks to queue
[2026-04-25T05:13:00.663+0000] {logging_mixin.py:188} INFO - [2026-04-25T05:13:00.662+0000] {dagbag.py:538} INFO - Filling up the DagBag from /home/airflow/dags/data_merge_dag.py
[2026-04-25T05:13:00.937+0000] {processor.py:840} INFO - DAG(s) 'data_merge_pipeline' retrieved from /home/airflow/dags/data_merge_dag.py
[2026-04-25T05:13:00.963+0000] {logging_mixin.py:188} INFO - [2026-04-25T05:13:00.962+0000] {dag.py:3036} INFO - Sync 1 DAGs
[2026-04-25T05:13:00.981+0000] {logging_mixin.py:188} INFO - [2026-04-25T05:13:00.981+0000] {dag.py:3823} INFO - Setting next_dagrun for data_merge_pipeline to 2026-04-26 00:00:00+00:00, run_after=2026-05-03 00:00:00+00:00
[2026-04-25T05:13:01.005+0000] {processor.py:183} INFO - Processing /home/airflow/dags/data_merge_dag.py took 0.350 seconds
[2026-04-25T05:13:31.968+0000] {processor.py:161} INFO - Started process (PID=3073) to work on /home/airflow/dags/data_merge_dag.py
[2026-04-25T05:13:31.969+0000] {processor.py:830} INFO - Processing file /home/airflow/dags/data_merge_dag.py for tasks to queue
[2026-04-25T05:13:31.970+0000] {logging_mixin.py:188} INFO - [2026-04-25T05:13:31.970+0000] {dagbag.py:538} INFO - Filling up the DagBag from /home/airflow/dags/data_merge_dag.py
[2026-04-25T05:13:32.456+0000] {processor.py:840} INFO - DAG(s) 'data_merge_pipeline' retrieved from /home/airflow/dags/data_merge_dag.py
[2026-04-25T05:13:32.482+0000] {logging_mixin.py:188} INFO - [2026-04-25T05:13:32.481+0000] {dag.py:3036} INFO - Sync 1 DAGs
[2026-04-25T05:13:32.504+0000] {logging_mixin.py:188} INFO - [2026-04-25T05:13:32.504+0000] {dag.py:3823} INFO - Setting next_dagrun for data_merge_pipeline to 2026-04-26 00:00:00+00:00, run_after=2026-05-03 00:00:00+00:00
[2026-04-25T05:13:32.529+0000] {processor.py:183} INFO - Processing /home/airflow/dags/data_merge_dag.py took 0.565 seconds
[2026-04-25T05:14:02.739+0000] {processor.py:161} INFO - Started process (PID=3105) to work on /home/airflow/dags/data_merge_dag.py
[2026-04-25T05:14:02.740+0000] {processor.py:830} INFO - Processing file /home/airflow/dags/data_merge_dag.py for tasks to queue
[2026-04-25T05:14:02.741+0000] {logging_mixin.py:188} INFO - [2026-04-25T05:14:02.741+0000] {dagbag.py:538} INFO - Filling up the DagBag from /home/airflow/dags/data_merge_dag.py
[2026-04-25T05:14:03.147+0000] {processor.py:840} INFO - DAG(s) 'data_merge_pipeline' retrieved from /home/airflow/dags/data_merge_dag.py
[2026-04-25T05:14:03.171+0000] {logging_mixin.py:188} INFO - [2026-04-25T05:14:03.170+0000] {dag.py:3036} INFO - Sync 1 DAGs
[2026-04-25T05:14:03.192+0000] {logging_mixin.py:188} INFO - [2026-04-25T05:14:03.191+0000] {dag.py:3823} INFO - Setting next_dagrun for data_merge_pipeline to 2026-04-26 00:00:00+00:00, run_after=2026-05-03 00:00:00+00:00
[2026-04-25T05:14:03.217+0000] {processor.py:183} INFO - Processing /home/airflow/dags/data_merge_dag.py took 0.482 seconds
[2026-04-25T05:14:33.535+0000] {processor.py:161} INFO - Started process (PID=3137) to work on /home/airflow/dags/data_merge_dag.py
[2026-04-25T05:14:33.537+0000] {processor.py:830} INFO - Processing file /home/airflow/dags/data_merge_dag.py for tasks to queue
[2026-04-25T05:14:33.538+0000] {logging_mixin.py:188} INFO - [2026-04-25T05:14:33.537+0000] {dagbag.py:538} INFO - Filling up the DagBag from /home/airflow/dags/data_merge_dag.py
[2026-04-25T05:14:33.960+0000] {processor.py:840} INFO - DAG(s) 'data_merge_pipeline' retrieved from /home/airflow/dags/data_merge_dag.py
[2026-04-25T05:14:33.985+0000] {logging_mixin.py:188} INFO - [2026-04-25T05:14:33.985+0000] {dag.py:3036} INFO - Sync 1 DAGs
[2026-04-25T05:14:34.006+0000] {logging_mixin.py:188} INFO - [2026-04-25T05:14:34.006+0000] {dag.py:3823} INFO - Setting next_dagrun for data_merge_pipeline to 2026-04-26 00:00:00+00:00, run_after=2026-05-03 00:00:00+00:00
[2026-04-25T05:14:34.027+0000] {processor.py:183} INFO - Processing /home/airflow/dags/data_merge_dag.py took 0.495 seconds
[2026-04-25T05:15:04.318+0000] {processor.py:161} INFO - Started process (PID=3169) to work on /home/airflow/dags/data_merge_dag.py
[2026-04-25T05:15:04.320+0000] {processor.py:830} INFO - Processing file /home/airflow/dags/data_merge_dag.py for tasks to queue
[2026-04-25T05:15:04.321+0000] {logging_mixin.py:188} INFO - [2026-04-25T05:15:04.321+0000] {dagbag.py:538} INFO - Filling up the DagBag from /home/airflow/dags/data_merge_dag.py
[2026-04-25T05:15:04.758+0000] {processor.py:840} INFO - DAG(s) 'data_merge_pipeline' retrieved from /home/airflow/dags/data_merge_dag.py
[2026-04-25T05:15:04.777+0000] {logging_mixin.py:188} INFO - [2026-04-25T05:15:04.777+0000] {dag.py:3036} INFO - Sync 1 DAGs
[2026-04-25T05:15:04.794+0000] {logging_mixin.py:188} INFO - [2026-04-25T05:15:04.794+0000] {dag.py:3823} INFO - Setting next_dagrun for data_merge_pipeline to 2026-04-26 00:00:00+00:00, run_after=2026-05-03 00:00:00+00:00
[2026-04-25T05:15:04.816+0000] {processor.py:183} INFO - Processing /home/airflow/dags/data_merge_dag.py took 0.501 seconds
[2026-04-25T05:15:35.312+0000] {processor.py:161} INFO - Started process (PID=3201) to work on /home/airflow/dags/data_merge_dag.py
[2026-04-25T05:15:35.313+0000] {processor.py:830} INFO - Processing file /home/airflow/dags/data_merge_dag.py for tasks to queue
[2026-04-25T05:15:35.315+0000] {logging_mixin.py:188} INFO - [2026-04-25T05:15:35.314+0000] {dagbag.py:538} INFO - Filling up the DagBag from /home/airflow/dags/data_merge_dag.py
[2026-04-25T05:15:35.760+0000] {processor.py:840} INFO - DAG(s) 'data_merge_pipeline' retrieved from /home/airflow/dags/data_merge_dag.py
[2026-04-25T05:15:35.781+0000] {logging_mixin.py:188} INFO - [2026-04-25T05:15:35.781+0000] {dag.py:3036} INFO - Sync 1 DAGs
[2026-04-25T05:15:35.799+0000] {logging_mixin.py:188} INFO - [2026-04-25T05:15:35.799+0000] {dag.py:3823} INFO - Setting next_dagrun for data_merge_pipeline to 2026-04-26 00:00:00+00:00, run_after=2026-05-03 00:00:00+00:00
[2026-04-25T05:15:35.823+0000] {processor.py:183} INFO - Processing /home/airflow/dags/data_merge_dag.py took 0.515 seconds
[2026-04-25T05:16:06.148+0000] {processor.py:161} INFO - Started process (PID=3233) to work on /home/airflow/dags/data_merge_dag.py
[2026-04-25T05:16:06.150+0000] {processor.py:830} INFO - Processing file /home/airflow/dags/data_merge_dag.py for tasks to queue
[2026-04-25T05:16:06.151+0000] {logging_mixin.py:188} INFO - [2026-04-25T05:16:06.150+0000] {dagbag.py:538} INFO - Filling up the DagBag from /home/airflow/dags/data_merge_dag.py
[2026-04-25T05:16:06.665+0000] {processor.py:840} INFO - DAG(s) 'data_merge_pipeline' retrieved from /home/airflow/dags/data_merge_dag.py
[2026-04-25T05:16:06.691+0000] {logging_mixin.py:188} INFO - [2026-04-25T05:16:06.691+0000] {dag.py:3036} INFO - Sync 1 DAGs
[2026-04-25T05:16:06.713+0000] {logging_mixin.py:188} INFO - [2026-04-25T05:16:06.713+0000] {dag.py:3823} INFO - Setting next_dagrun for data_merge_pipeline to 2026-04-26 00:00:00+00:00, run_after=2026-05-03 00:00:00+00:00
[2026-04-25T05:16:06.739+0000] {processor.py:183} INFO - Processing /home/airflow/dags/data_merge_dag.py took 0.594 seconds
[2026-04-25T05:16:37.033+0000] {processor.py:161} INFO - Started process (PID=3265) to work on /home/airflow/dags/data_merge_dag.py
[2026-04-25T05:16:37.034+0000] {processor.py:830} INFO - Processing file /home/airflow/dags/data_merge_dag.py for tasks to queue
[2026-04-25T05:16:37.035+0000] {logging_mixin.py:188} INFO - [2026-04-25T05:16:37.035+0000] {dagbag.py:538} INFO - Filling up the DagBag from /home/airflow/dags/data_merge_dag.py
[2026-04-25T05:16:37.507+0000] {processor.py:840} INFO - DAG(s) 'data_merge_pipeline' retrieved from /home/airflow/dags/data_merge_dag.py
[2026-04-25T05:16:37.531+0000] {logging_mixin.py:188} INFO - [2026-04-25T05:16:37.530+0000] {dag.py:3036} INFO - Sync 1 DAGs
[2026-04-25T05:16:37.551+0000] {logging_mixin.py:188} INFO - [2026-04-25T05:16:37.551+0000] {dag.py:3823} INFO - Setting next_dagrun for data_merge_pipeline to 2026-04-26 00:00:00+00:00, run_after=2026-05-03 00:00:00+00:00
[2026-04-25T05:16:37.574+0000] {processor.py:183} INFO - Processing /home/airflow/dags/data_merge_dag.py took 0.544 seconds
[2026-04-25T05:17:07.949+0000] {processor.py:161} INFO - Started process (PID=3297) to work on /home/airflow/dags/data_merge_dag.py
[2026-04-25T05:17:07.951+0000] {processor.py:830} INFO - Processing file /home/airflow/dags/data_merge_dag.py for tasks to queue
[2026-04-25T05:17:07.952+0000] {logging_mixin.py:188} INFO - [2026-04-25T05:17:07.951+0000] {dagbag.py:538} INFO - Filling up the DagBag from /home/airflow/dags/data_merge_dag.py
[2026-04-25T05:17:08.304+0000] {processor.py:840} INFO - DAG(s) 'data_merge_pipeline' retrieved from /home/airflow/dags/data_merge_dag.py
[2026-04-25T05:17:08.324+0000] {logging_mixin.py:188} INFO - [2026-04-25T05:17:08.324+0000] {dag.py:3036} INFO - Sync 1 DAGs
[2026-04-25T05:17:08.340+0000] {logging_mixin.py:188} INFO - [2026-04-25T05:17:08.339+0000] {dag.py:3823} INFO - Setting next_dagrun for data_merge_pipeline to 2026-04-26 00:00:00+00:00, run_after=2026-05-03 00:00:00+00:00
[2026-04-25T05:17:08.363+0000] {processor.py:183} INFO - Processing /home/airflow/dags/data_merge_dag.py took 0.417 seconds
[2026-04-25T05:17:38.718+0000] {processor.py:161} INFO - Started process (PID=3329) to work on /home/airflow/dags/data_merge_dag.py
[2026-04-25T05:17:38.720+0000] {processor.py:830} INFO - Processing file /home/airflow/dags/data_merge_dag.py for tasks to queue
[2026-04-25T05:17:38.721+0000] {logging_mixin.py:188} INFO - [2026-04-25T05:17:38.721+0000] {dagbag.py:538} INFO - Filling up the DagBag from /home/airflow/dags/data_merge_dag.py
[2026-04-25T05:17:39.210+0000] {processor.py:840} INFO - DAG(s) 'data_merge_pipeline' retrieved from /home/airflow/dags/data_merge_dag.py
[2026-04-25T05:17:39.234+0000] {logging_mixin.py:188} INFO - [2026-04-25T05:17:39.233+0000] {dag.py:3036} INFO - Sync 1 DAGs
[2026-04-25T05:17:39.252+0000] {logging_mixin.py:188} INFO - [2026-04-25T05:17:39.252+0000] {dag.py:3823} INFO - Setting next_dagrun for data_merge_pipeline to 2026-04-26 00:00:00+00:00, run_after=2026-05-03 00:00:00+00:00
[2026-04-25T05:17:39.275+0000] {processor.py:183} INFO - Processing /home/airflow/dags/data_merge_dag.py took 0.561 seconds
[2026-04-25T05:18:10.228+0000] {processor.py:161} INFO - Started process (PID=3361) to work on /home/airflow/dags/data_merge_dag.py
[2026-04-25T05:18:10.230+0000] {processor.py:830} INFO - Processing file /home/airflow/dags/data_merge_dag.py for tasks to queue
[2026-04-25T05:18:10.231+0000] {logging_mixin.py:188} INFO - [2026-04-25T05:18:10.230+0000] {dagbag.py:538} INFO - Filling up the DagBag from /home/airflow/dags/data_merge_dag.py
[2026-04-25T05:18:10.679+0000] {processor.py:840} INFO - DAG(s) 'data_merge_pipeline' retrieved from /home/airflow/dags/data_merge_dag.py
[2026-04-25T05:18:10.704+0000] {logging_mixin.py:188} INFO - [2026-04-25T05:18:10.703+0000] {dag.py:3036} INFO - Sync 1 DAGs
[2026-04-25T05:18:10.724+0000] {logging_mixin.py:188} INFO - [2026-04-25T05:18:10.723+0000] {dag.py:3823} INFO - Setting next_dagrun for data_merge_pipeline to 2026-04-26 00:00:00+00:00, run_after=2026-05-03 00:00:00+00:00
[2026-04-25T05:18:10.749+0000] {processor.py:183} INFO - Processing /home/airflow/dags/data_merge_dag.py took 0.526 seconds
[2026-04-25T05:18:41.588+0000] {processor.py:161} INFO - Started process (PID=3393) to work on /home/airflow/dags/data_merge_dag.py
[2026-04-25T05:18:41.589+0000] {processor.py:830} INFO - Processing file /home/airflow/dags/data_merge_dag.py for tasks to queue
[2026-04-25T05:18:41.590+0000] {logging_mixin.py:188} INFO - [2026-04-25T05:18:41.590+0000] {dagbag.py:538} INFO - Filling up the DagBag from /home/airflow/dags/data_merge_dag.py
[2026-04-25T05:18:42.036+0000] {processor.py:840} INFO - DAG(s) 'data_merge_pipeline' retrieved from /home/airflow/dags/data_merge_dag.py
[2026-04-25T05:18:42.062+0000] {logging_mixin.py:188} INFO - [2026-04-25T05:18:42.061+0000] {dag.py:3036} INFO - Sync 1 DAGs
[2026-04-25T05:18:42.083+0000] {logging_mixin.py:188} INFO - [2026-04-25T05:18:42.083+0000] {dag.py:3823} INFO - Setting next_dagrun for data_merge_pipeline to 2026-04-26 00:00:00+00:00, run_after=2026-05-03 00:00:00+00:00
[2026-04-25T05:18:42.109+0000] {processor.py:183} INFO - Processing /home/airflow/dags/data_merge_dag.py took 0.525 seconds
[2026-04-25T05:19:12.960+0000] {processor.py:161} INFO - Started process (PID=3425) to work on /home/airflow/dags/data_merge_dag.py
[2026-04-25T05:19:12.961+0000] {processor.py:830} INFO - Processing file /home/airflow/dags/data_merge_dag.py for tasks to queue
[2026-04-25T05:19:12.962+0000] {logging_mixin.py:188} INFO - [2026-04-25T05:19:12.961+0000] {dagbag.py:538} INFO - Filling up the DagBag from /home/airflow/dags/data_merge_dag.py
[2026-04-25T05:19:13.370+0000] {processor.py:840} INFO - DAG(s) 'data_merge_pipeline' retrieved from /home/airflow/dags/data_merge_dag.py
[2026-04-25T05:19:13.394+0000] {logging_mixin.py:188} INFO - [2026-04-25T05:19:13.394+0000] {dag.py:3036} INFO - Sync 1 DAGs
[2026-04-25T05:19:13.415+0000] {logging_mixin.py:188} INFO - [2026-04-25T05:19:13.415+0000] {dag.py:3823} INFO - Setting next_dagrun for data_merge_pipeline to 2026-04-26 00:00:00+00:00, run_after=2026-05-03 00:00:00+00:00
[2026-04-25T05:19:13.443+0000] {processor.py:183} INFO - Processing /home/airflow/dags/data_merge_dag.py took 0.487 seconds
[2026-04-25T05:19:43.662+0000] {processor.py:161} INFO - Started process (PID=3457) to work on /home/airflow/dags/data_merge_dag.py
[2026-04-25T05:19:43.664+0000] {processor.py:830} INFO - Processing file /home/airflow/dags/data_merge_dag.py for tasks to queue
[2026-04-25T05:19:43.666+0000] {logging_mixin.py:188} INFO - [2026-04-25T05:19:43.665+0000] {dagbag.py:538} INFO - Filling up the DagBag from /home/airflow/dags/data_merge_dag.py
[2026-04-25T05:19:44.280+0000] {processor.py:840} INFO - DAG(s) 'data_merge_pipeline' retrieved from /home/airflow/dags/data_merge_dag.py
[2026-04-25T05:19:44.324+0000] {logging_mixin.py:188} INFO - [2026-04-25T05:19:44.323+0000] {dag.py:3036} INFO - Sync 1 DAGs
[2026-04-25T05:19:44.360+0000] {logging_mixin.py:188} INFO - [2026-04-25T05:19:44.360+0000] {dag.py:3823} INFO - Setting next_dagrun for data_merge_pipeline to 2026-04-26 00:00:00+00:00, run_after=2026-05-03 00:00:00+00:00
[2026-04-25T05:19:44.395+0000] {processor.py:183} INFO - Processing /home/airflow/dags/data_merge_dag.py took 0.738 seconds
[2026-04-25T05:20:15.091+0000] {processor.py:161} INFO - Started process (PID=3489) to work on /home/airflow/dags/data_merge_dag.py
[2026-04-25T05:20:15.093+0000] {processor.py:830} INFO - Processing file /home/airflow/dags/data_merge_dag.py for tasks to queue
[2026-04-25T05:20:15.094+0000] {logging_mixin.py:188} INFO - [2026-04-25T05:20:15.093+0000] {dagbag.py:538} INFO - Filling up the DagBag from /home/airflow/dags/data_merge_dag.py
[2026-04-25T05:20:15.518+0000] {processor.py:840} INFO - DAG(s) 'data_merge_pipeline' retrieved from /home/airflow/dags/data_merge_dag.py
[2026-04-25T05:20:15.547+0000] {logging_mixin.py:188} INFO - [2026-04-25T05:20:15.546+0000] {dag.py:3036} INFO - Sync 1 DAGs
[2026-04-25T05:20:15.576+0000] {logging_mixin.py:188} INFO - [2026-04-25T05:20:15.575+0000] {dag.py:3823} INFO - Setting next_dagrun for data_merge_pipeline to 2026-04-26 00:00:00+00:00, run_after=2026-05-03 00:00:00+00:00
[2026-04-25T05:20:15.601+0000] {processor.py:183} INFO - Processing /home/airflow/dags/data_merge_dag.py took 0.513 seconds
[2026-04-25T05:20:45.706+0000] {processor.py:161} INFO - Started process (PID=3521) to work on /home/airflow/dags/data_merge_dag.py
[2026-04-25T05:20:45.709+0000] {processor.py:830} INFO - Processing file /home/airflow/dags/data_merge_dag.py for tasks to queue
[2026-04-25T05:20:45.710+0000] {logging_mixin.py:188} INFO - [2026-04-25T05:20:45.710+0000] {dagbag.py:538} INFO - Filling up the DagBag from /home/airflow/dags/data_merge_dag.py
[2026-04-25T05:20:46.250+0000] {processor.py:840} INFO - DAG(s) 'data_merge_pipeline' retrieved from /home/airflow/dags/data_merge_dag.py
[2026-04-25T05:20:46.278+0000] {logging_mixin.py:188} INFO - [2026-04-25T05:20:46.277+0000] {dag.py:3036} INFO - Sync 1 DAGs
[2026-04-25T05:20:46.302+0000] {logging_mixin.py:188} INFO - [2026-04-25T05:20:46.301+0000] {dag.py:3823} INFO - Setting next_dagrun for data_merge_pipeline to 2026-04-26 00:00:00+00:00, run_after=2026-05-03 00:00:00+00:00
[2026-04-25T05:20:46.327+0000] {processor.py:183} INFO - Processing /home/airflow/dags/data_merge_dag.py took 0.626 seconds
[2026-04-25T05:21:16.761+0000] {processor.py:161} INFO - Started process (PID=3553) to work on /home/airflow/dags/data_merge_dag.py
[2026-04-25T05:21:16.763+0000] {processor.py:830} INFO - Processing file /home/airflow/dags/data_merge_dag.py for tasks to queue
[2026-04-25T05:21:16.765+0000] {logging_mixin.py:188} INFO - [2026-04-25T05:21:16.764+0000] {dagbag.py:538} INFO - Filling up the DagBag from /home/airflow/dags/data_merge_dag.py
[2026-04-25T05:21:17.220+0000] {processor.py:840} INFO - DAG(s) 'data_merge_pipeline' retrieved from /home/airflow/dags/data_merge_dag.py
[2026-04-25T05:21:17.240+0000] {logging_mixin.py:188} INFO - [2026-04-25T05:21:17.239+0000] {dag.py:3036} INFO - Sync 1 DAGs
[2026-04-25T05:21:17.258+0000] {logging_mixin.py:188} INFO - [2026-04-25T05:21:17.257+0000] {dag.py:3823} INFO - Setting next_dagrun for data_merge_pipeline to 2026-04-26 00:00:00+00:00, run_after=2026-05-03 00:00:00+00:00
[2026-04-25T05:21:17.281+0000] {processor.py:183} INFO - Processing /home/airflow/dags/data_merge_dag.py took 0.524 seconds
[2026-04-25T05:21:47.825+0000] {processor.py:161} INFO - Started process (PID=3585) to work on /home/airflow/dags/data_merge_dag.py
[2026-04-25T05:21:47.827+0000] {processor.py:830} INFO - Processing file /home/airflow/dags/data_merge_dag.py for tasks to queue
[2026-04-25T05:21:47.828+0000] {logging_mixin.py:188} INFO - [2026-04-25T05:21:47.827+0000] {dagbag.py:538} INFO - Filling up the DagBag from /home/airflow/dags/data_merge_dag.py
[2026-04-25T05:21:48.238+0000] {processor.py:840} INFO - DAG(s) 'data_merge_pipeline' retrieved from /home/airflow/dags/data_merge_dag.py
[2026-04-25T05:21:48.259+0000] {logging_mixin.py:188} INFO - [2026-04-25T05:21:48.259+0000] {dag.py:3036} INFO - Sync 1 DAGs
[2026-04-25T05:21:48.279+0000] {logging_mixin.py:188} INFO - [2026-04-25T05:21:48.279+0000] {dag.py:3823} INFO - Setting next_dagrun for data_merge_pipeline to 2026-04-26 00:00:00+00:00, run_after=2026-05-03 00:00:00+00:00
[2026-04-25T05:21:48.308+0000] {processor.py:183} INFO - Processing /home/airflow/dags/data_merge_dag.py took 0.488 seconds
[2026-04-25T05:22:18.558+0000] {processor.py:161} INFO - Started process (PID=3617) to work on /home/airflow/dags/data_merge_dag.py
[2026-04-25T05:22:18.559+0000] {processor.py:830} INFO - Processing file /home/airflow/dags/data_merge_dag.py for tasks to queue
[2026-04-25T05:22:18.561+0000] {logging_mixin.py:188} INFO - [2026-04-25T05:22:18.560+0000] {dagbag.py:538} INFO - Filling up the DagBag from /home/airflow/dags/data_merge_dag.py
[2026-04-25T05:22:18.994+0000] {processor.py:840} INFO - DAG(s) 'data_merge_pipeline' retrieved from /home/airflow/dags/data_merge_dag.py
[2026-04-25T05:22:19.020+0000] {logging_mixin.py:188} INFO - [2026-04-25T05:22:19.020+0000] {dag.py:3036} INFO - Sync 1 DAGs
[2026-04-25T05:22:19.044+0000] {logging_mixin.py:188} INFO - [2026-04-25T05:22:19.043+0000] {dag.py:3823} INFO - Setting next_dagrun for data_merge_pipeline to 2026-04-26 00:00:00+00:00, run_after=2026-05-03 00:00:00+00:00
[2026-04-25T05:22:19.070+0000] {processor.py:183} INFO - Processing /home/airflow/dags/data_merge_dag.py took 0.516 seconds
[2026-04-25T05:22:49.127+0000] {processor.py:161} INFO - Started process (PID=3649) to work on /home/airflow/dags/data_merge_dag.py
[2026-04-25T05:22:49.128+0000] {processor.py:830} INFO - Processing file /home/airflow/dags/data_merge_dag.py for tasks to queue
[2026-04-25T05:22:49.130+0000] {logging_mixin.py:188} INFO - [2026-04-25T05:22:49.129+0000] {dagbag.py:538} INFO - Filling up the DagBag from /home/airflow/dags/data_merge_dag.py
[2026-04-25T05:22:49.534+0000] {processor.py:840} INFO - DAG(s) 'data_merge_pipeline' retrieved from /home/airflow/dags/data_merge_dag.py
[2026-04-25T05:22:49.558+0000] {logging_mixin.py:188} INFO - [2026-04-25T05:22:49.557+0000] {dag.py:3036} INFO - Sync 1 DAGs
[2026-04-25T05:22:49.575+0000] {logging_mixin.py:188} INFO - [2026-04-25T05:22:49.575+0000] {dag.py:3823} INFO - Setting next_dagrun for data_merge_pipeline to 2026-04-26 00:00:00+00:00, run_after=2026-05-03 00:00:00+00:00
[2026-04-25T05:22:49.611+0000] {processor.py:183} INFO - Processing /home/airflow/dags/data_merge_dag.py took 0.488 seconds
[2026-04-25T05:23:20.414+0000] {processor.py:161} INFO - Started process (PID=3681) to work on /home/airflow/dags/data_merge_dag.py
[2026-04-25T05:23:20.415+0000] {processor.py:830} INFO - Processing file /home/airflow/dags/data_merge_dag.py for tasks to queue
[2026-04-25T05:23:20.416+0000] {logging_mixin.py:188} INFO - [2026-04-25T05:23:20.416+0000] {dagbag.py:538} INFO - Filling up the DagBag from /home/airflow/dags/data_merge_dag.py
[2026-04-25T05:23:20.847+0000] {processor.py:840} INFO - DAG(s) 'data_merge_pipeline' retrieved from /home/airflow/dags/data_merge_dag.py
[2026-04-25T05:23:20.882+0000] {logging_mixin.py:188} INFO - [2026-04-25T05:23:20.881+0000] {dag.py:3036} INFO - Sync 1 DAGs
[2026-04-25T05:23:20.908+0000] {logging_mixin.py:188} INFO - [2026-04-25T05:23:20.907+0000] {dag.py:3823} INFO - Setting next_dagrun for data_merge_pipeline to 2026-04-26 00:00:00+00:00, run_after=2026-05-03 00:00:00+00:00
[2026-04-25T05:23:20.944+0000] {processor.py:183} INFO - Processing /home/airflow/dags/data_merge_dag.py took 0.533 seconds
[2026-04-25T05:23:51.295+0000] {processor.py:161} INFO - Started process (PID=3713) to work on /home/airflow/dags/data_merge_dag.py
[2026-04-25T05:23:51.297+0000] {processor.py:830} INFO - Processing file /home/airflow/dags/data_merge_dag.py for tasks to queue
[2026-04-25T05:23:51.298+0000] {logging_mixin.py:188} INFO - [2026-04-25T05:23:51.298+0000] {dagbag.py:538} INFO - Filling up the DagBag from /home/airflow/dags/data_merge_dag.py
[2026-04-25T05:23:51.757+0000] {processor.py:840} INFO - DAG(s) 'data_merge_pipeline' retrieved from /home/airflow/dags/data_merge_dag.py
[2026-04-25T05:23:51.781+0000] {logging_mixin.py:188} INFO - [2026-04-25T05:23:51.780+0000] {dag.py:3036} INFO - Sync 1 DAGs
[2026-04-25T05:23:51.800+0000] {logging_mixin.py:188} INFO - [2026-04-25T05:23:51.799+0000] {dag.py:3823} INFO - Setting next_dagrun for data_merge_pipeline to 2026-04-26 00:00:00+00:00, run_after=2026-05-03 00:00:00+00:00
[2026-04-25T05:23:51.827+0000] {processor.py:183} INFO - Processing /home/airflow/dags/data_merge_dag.py took 0.536 seconds
[2026-04-25T05:24:21.916+0000] {processor.py:161} INFO - Started process (PID=3745) to work on /home/airflow/dags/data_merge_dag.py
[2026-04-25T05:24:21.918+0000] {processor.py:830} INFO - Processing file /home/airflow/dags/data_merge_dag.py for tasks to queue
[2026-04-25T05:24:21.919+0000] {logging_mixin.py:188} INFO - [2026-04-25T05:24:21.918+0000] {dagbag.py:538} INFO - Filling up the DagBag from /home/airflow/dags/data_merge_dag.py
[2026-04-25T05:24:22.363+0000] {processor.py:840} INFO - DAG(s) 'data_merge_pipeline' retrieved from /home/airflow/dags/data_merge_dag.py
[2026-04-25T05:24:22.390+0000] {logging_mixin.py:188} INFO - [2026-04-25T05:24:22.389+0000] {dag.py:3036} INFO - Sync 1 DAGs
[2026-04-25T05:24:22.414+0000] {logging_mixin.py:188} INFO - [2026-04-25T05:24:22.414+0000] {dag.py:3823} INFO - Setting next_dagrun for data_merge_pipeline to 2026-04-26 00:00:00+00:00, run_after=2026-05-03 00:00:00+00:00
[2026-04-25T05:24:22.444+0000] {processor.py:183} INFO - Processing /home/airflow/dags/data_merge_dag.py took 0.532 seconds
[2026-04-25T05:24:52.721+0000] {processor.py:161} INFO - Started process (PID=3777) to work on /home/airflow/dags/data_merge_dag.py
[2026-04-25T05:24:52.723+0000] {processor.py:830} INFO - Processing file /home/airflow/dags/data_merge_dag.py for tasks to queue
[2026-04-25T05:24:52.724+0000] {logging_mixin.py:188} INFO - [2026-04-25T05:24:52.723+0000] {dagbag.py:538} INFO - Filling up the DagBag from /home/airflow/dags/data_merge_dag.py
[2026-04-25T05:24:53.006+0000] {processor.py:840} INFO - DAG(s) 'data_merge_pipeline' retrieved from /home/airflow/dags/data_merge_dag.py
[2026-04-25T05:24:53.037+0000] {logging_mixin.py:188} INFO - [2026-04-25T05:24:53.036+0000] {dag.py:3036} INFO - Sync 1 DAGs
[2026-04-25T05:24:53.061+0000] {logging_mixin.py:188} INFO - [2026-04-25T05:24:53.061+0000] {dag.py:3823} INFO - Setting next_dagrun for data_merge_pipeline to 2026-04-26 00:00:00+00:00, run_after=2026-05-03 00:00:00+00:00
[2026-04-25T05:24:53.091+0000] {processor.py:183} INFO - Processing /home/airflow/dags/data_merge_dag.py took 0.373 seconds
[2026-04-25T05:25:23.351+0000] {processor.py:161} INFO - Started process (PID=3809) to work on /home/airflow/dags/data_merge_dag.py
[2026-04-25T05:25:23.352+0000] {processor.py:830} INFO - Processing file /home/airflow/dags/data_merge_dag.py for tasks to queue
[2026-04-25T05:25:23.354+0000] {logging_mixin.py:188} INFO - [2026-04-25T05:25:23.353+0000] {dagbag.py:538} INFO - Filling up the DagBag from /home/airflow/dags/data_merge_dag.py
[2026-04-25T05:25:23.651+0000] {processor.py:840} INFO - DAG(s) 'data_merge_pipeline' retrieved from /home/airflow/dags/data_merge_dag.py
[2026-04-25T05:25:23.682+0000] {logging_mixin.py:188} INFO - [2026-04-25T05:25:23.681+0000] {dag.py:3036} INFO - Sync 1 DAGs
[2026-04-25T05:25:23.713+0000] {logging_mixin.py:188} INFO - [2026-04-25T05:25:23.712+0000] {dag.py:3823} INFO - Setting next_dagrun for data_merge_pipeline to 2026-04-26 00:00:00+00:00, run_after=2026-05-03 00:00:00+00:00
[2026-04-25T05:25:23.752+0000] {processor.py:183} INFO - Processing /home/airflow/dags/data_merge_dag.py took 0.404 seconds
[2026-04-25T05:25:54.117+0000] {processor.py:161} INFO - Started process (PID=3841) to work on /home/airflow/dags/data_merge_dag.py
[2026-04-25T05:25:54.119+0000] {processor.py:830} INFO - Processing file /home/airflow/dags/data_merge_dag.py for tasks to queue
[2026-04-25T05:25:54.121+0000] {logging_mixin.py:188} INFO - [2026-04-25T05:25:54.120+0000] {dagbag.py:538} INFO - Filling up the DagBag from /home/airflow/dags/data_merge_dag.py
[2026-04-25T05:25:54.625+0000] {processor.py:840} INFO - DAG(s) 'data_merge_pipeline' retrieved from /home/airflow/dags/data_merge_dag.py
[2026-04-25T05:25:54.655+0000] {logging_mixin.py:188} INFO - [2026-04-25T05:25:54.654+0000] {dag.py:3036} INFO - Sync 1 DAGs
[2026-04-25T05:25:54.679+0000] {logging_mixin.py:188} INFO - [2026-04-25T05:25:54.678+0000] {dag.py:3823} INFO - Setting next_dagrun for data_merge_pipeline to 2026-04-26 00:00:00+00:00, run_after=2026-05-03 00:00:00+00:00
[2026-04-25T05:25:54.702+0000] {processor.py:183} INFO - Processing /home/airflow/dags/data_merge_dag.py took 0.596 seconds
[2026-04-25T05:26:24.897+0000] {processor.py:161} INFO - Started process (PID=3873) to work on /home/airflow/dags/data_merge_dag.py
[2026-04-25T05:26:24.898+0000] {processor.py:830} INFO - Processing file /home/airflow/dags/data_merge_dag.py for tasks to queue
[2026-04-25T05:26:24.899+0000] {logging_mixin.py:188} INFO - [2026-04-25T05:26:24.899+0000] {dagbag.py:538} INFO - Filling up the DagBag from /home/airflow/dags/data_merge_dag.py
[2026-04-25T05:26:25.204+0000] {processor.py:840} INFO - DAG(s) 'data_merge_pipeline' retrieved from /home/airflow/dags/data_merge_dag.py
[2026-04-25T05:26:25.228+0000] {logging_mixin.py:188} INFO - [2026-04-25T05:26:25.228+0000] {dag.py:3036} INFO - Sync 1 DAGs
[2026-04-25T05:26:25.251+0000] {logging_mixin.py:188} INFO - [2026-04-25T05:26:25.250+0000] {dag.py:3823} INFO - Setting next_dagrun for data_merge_pipeline to 2026-04-26 00:00:00+00:00, run_after=2026-05-03 00:00:00+00:00
[2026-04-25T05:26:25.277+0000] {processor.py:183} INFO - Processing /home/airflow/dags/data_merge_dag.py took 0.384 seconds
[2026-04-25T05:26:55.443+0000] {processor.py:161} INFO - Started process (PID=3903) to work on /home/airflow/dags/data_merge_dag.py
[2026-04-25T05:26:55.445+0000] {processor.py:830} INFO - Processing file /home/airflow/dags/data_merge_dag.py for tasks to queue
[2026-04-25T05:26:55.448+0000] {logging_mixin.py:188} INFO - [2026-04-25T05:26:55.447+0000] {dagbag.py:538} INFO - Filling up the DagBag from /home/airflow/dags/data_merge_dag.py
[2026-04-25T05:26:55.961+0000] {processor.py:840} INFO - DAG(s) 'data_merge_pipeline' retrieved from /home/airflow/dags/data_merge_dag.py
[2026-04-25T05:26:56.005+0000] {logging_mixin.py:188} INFO - [2026-04-25T05:26:56.005+0000] {dag.py:3036} INFO - Sync 1 DAGs
[2026-04-25T05:26:56.050+0000] {logging_mixin.py:188} INFO - [2026-04-25T05:26:56.049+0000] {dag.py:3823} INFO - Setting next_dagrun for data_merge_pipeline to 2026-04-26 00:00:00+00:00, run_after=2026-05-03 00:00:00+00:00
[2026-04-25T05:26:56.093+0000] {processor.py:183} INFO - Processing /home/airflow/dags/data_merge_dag.py took 0.660 seconds
[2026-04-25T05:27:26.615+0000] {processor.py:161} INFO - Started process (PID=3927) to work on /home/airflow/dags/data_merge_dag.py
[2026-04-25T05:27:26.616+0000] {processor.py:830} INFO - Processing file /home/airflow/dags/data_merge_dag.py for tasks to queue
[2026-04-25T05:27:26.617+0000] {logging_mixin.py:188} INFO - [2026-04-25T05:27:26.617+0000] {dagbag.py:538} INFO - Filling up the DagBag from /home/airflow/dags/data_merge_dag.py
[2026-04-25T05:27:26.954+0000] {processor.py:840} INFO - DAG(s) 'data_merge_pipeline' retrieved from /home/airflow/dags/data_merge_dag.py
[2026-04-25T05:27:26.985+0000] {logging_mixin.py:188} INFO - [2026-04-25T05:27:26.984+0000] {dag.py:3036} INFO - Sync 1 DAGs
[2026-04-25T05:27:27.018+0000] {logging_mixin.py:188} INFO - [2026-04-25T05:27:27.018+0000] {dag.py:3823} INFO - Setting next_dagrun for data_merge_pipeline to 2026-04-26 00:00:00+00:00, run_after=2026-05-03 00:00:00+00:00
[2026-04-25T05:27:27.056+0000] {processor.py:183} INFO - Processing /home/airflow/dags/data_merge_dag.py took 0.445 seconds
[2026-04-25T05:27:57.359+0000] {processor.py:161} INFO - Started process (PID=3956) to work on /home/airflow/dags/data_merge_dag.py
[2026-04-25T05:27:57.361+0000] {processor.py:830} INFO - Processing file /home/airflow/dags/data_merge_dag.py for tasks to queue
[2026-04-25T05:27:57.362+0000] {logging_mixin.py:188} INFO - [2026-04-25T05:27:57.361+0000] {dagbag.py:538} INFO - Filling up the DagBag from /home/airflow/dags/data_merge_dag.py
[2026-04-25T05:27:57.616+0000] {processor.py:840} INFO - DAG(s) 'data_merge_pipeline' retrieved from /home/airflow/dags/data_merge_dag.py
[2026-04-25T05:27:57.644+0000] {logging_mixin.py:188} INFO - [2026-04-25T05:27:57.643+0000] {dag.py:3036} INFO - Sync 1 DAGs
[2026-04-25T05:27:57.665+0000] {logging_mixin.py:188} INFO - [2026-04-25T05:27:57.665+0000] {dag.py:3823} INFO - Setting next_dagrun for data_merge_pipeline to 2026-04-26 00:00:00+00:00, run_after=2026-05-03 00:00:00+00:00
[2026-04-25T05:27:57.693+0000] {processor.py:183} INFO - Processing /home/airflow/dags/data_merge_dag.py took 0.336 seconds
[2026-04-25T05:28:27.785+0000] {processor.py:161} INFO - Started process (PID=3988) to work on /home/airflow/dags/data_merge_dag.py
[2026-04-25T05:28:27.787+0000] {processor.py:830} INFO - Processing file /home/airflow/dags/data_merge_dag.py for tasks to queue
[2026-04-25T05:28:27.788+0000] {logging_mixin.py:188} INFO - [2026-04-25T05:28:27.787+0000] {dagbag.py:538} INFO - Filling up the DagBag from /home/airflow/dags/data_merge_dag.py
[2026-04-25T05:28:28.021+0000] {processor.py:840} INFO - DAG(s) 'data_merge_pipeline' retrieved from /home/airflow/dags/data_merge_dag.py
[2026-04-25T05:28:28.045+0000] {logging_mixin.py:188} INFO - [2026-04-25T05:28:28.044+0000] {dag.py:3036} INFO - Sync 1 DAGs
[2026-04-25T05:28:28.063+0000] {logging_mixin.py:188} INFO - [2026-04-25T05:28:28.063+0000] {dag.py:3823} INFO - Setting next_dagrun for data_merge_pipeline to 2026-04-26 00:00:00+00:00, run_after=2026-05-03 00:00:00+00:00
[2026-04-25T05:28:28.087+0000] {processor.py:183} INFO - Processing /home/airflow/dags/data_merge_dag.py took 0.305 seconds
[2026-04-25T05:28:58.360+0000] {processor.py:161} INFO - Started process (PID=4020) to work on /home/airflow/dags/data_merge_dag.py
[2026-04-25T05:28:58.361+0000] {processor.py:830} INFO - Processing file /home/airflow/dags/data_merge_dag.py for tasks to queue
[2026-04-25T05:28:58.362+0000] {logging_mixin.py:188} INFO - [2026-04-25T05:28:58.362+0000] {dagbag.py:538} INFO - Filling up the DagBag from /home/airflow/dags/data_merge_dag.py
[2026-04-25T05:28:58.590+0000] {processor.py:840} INFO - DAG(s) 'data_merge_pipeline' retrieved from /home/airflow/dags/data_merge_dag.py
[2026-04-25T05:28:58.616+0000] {logging_mixin.py:188} INFO - [2026-04-25T05:28:58.615+0000] {dag.py:3036} INFO - Sync 1 DAGs
[2026-04-25T05:28:58.636+0000] {logging_mixin.py:188} INFO - [2026-04-25T05:28:58.636+0000] {dag.py:3823} INFO - Setting next_dagrun for data_merge_pipeline to 2026-04-26 00:00:00+00:00, run_after=2026-05-03 00:00:00+00:00
[2026-04-25T05:28:58.659+0000] {processor.py:183} INFO - Processing /home/airflow/dags/data_merge_dag.py took 0.303 seconds
[2026-04-25T05:29:28.738+0000] {processor.py:161} INFO - Started process (PID=4042) to work on /home/airflow/dags/data_merge_dag.py
[2026-04-25T05:29:28.739+0000] {processor.py:830} INFO - Processing file /home/airflow/dags/data_merge_dag.py for tasks to queue
[2026-04-25T05:29:28.741+0000] {logging_mixin.py:188} INFO - [2026-04-25T05:29:28.740+0000] {dagbag.py:538} INFO - Filling up the DagBag from /home/airflow/dags/data_merge_dag.py
[2026-04-25T05:29:29.102+0000] {processor.py:840} INFO - DAG(s) 'data_merge_pipeline' retrieved from /home/airflow/dags/data_merge_dag.py
[2026-04-25T05:29:29.147+0000] {logging_mixin.py:188} INFO - [2026-04-25T05:29:29.146+0000] {dag.py:3036} INFO - Sync 1 DAGs
[2026-04-25T05:29:29.170+0000] {logging_mixin.py:188} INFO - [2026-04-25T05:29:29.170+0000] {dag.py:3823} INFO - Setting next_dagrun for data_merge_pipeline to 2026-04-26 00:00:00+00:00, run_after=2026-05-03 00:00:00+00:00
[2026-04-25T05:29:29.195+0000] {processor.py:183} INFO - Processing /home/airflow/dags/data_merge_dag.py took 0.462 seconds
[2026-04-25T05:30:00.092+0000] {processor.py:161} INFO - Started process (PID=4074) to work on /home/airflow/dags/data_merge_dag.py
[2026-04-25T05:30:00.093+0000] {processor.py:830} INFO - Processing file /home/airflow/dags/data_merge_dag.py for tasks to queue
[2026-04-25T05:30:00.094+0000] {logging_mixin.py:188} INFO - [2026-04-25T05:30:00.094+0000] {dagbag.py:538} INFO - Filling up the DagBag from /home/airflow/dags/data_merge_dag.py
[2026-04-25T05:30:00.360+0000] {processor.py:840} INFO - DAG(s) 'data_merge_pipeline' retrieved from /home/airflow/dags/data_merge_dag.py
[2026-04-25T05:30:00.393+0000] {logging_mixin.py:188} INFO - [2026-04-25T05:30:00.392+0000] {dag.py:3036} INFO - Sync 1 DAGs
[2026-04-25T05:30:00.447+0000] {logging_mixin.py:188} INFO - [2026-04-25T05:30:00.447+0000] {dag.py:3823} INFO - Setting next_dagrun for data_merge_pipeline to 2026-04-26 00:00:00+00:00, run_after=2026-05-03 00:00:00+00:00
[2026-04-25T05:30:00.481+0000] {processor.py:183} INFO - Processing /home/airflow/dags/data_merge_dag.py took 0.392 seconds
[2026-04-25T05:30:31.312+0000] {processor.py:161} INFO - Started process (PID=4106) to work on /home/airflow/dags/data_merge_dag.py
[2026-04-25T05:30:31.313+0000] {processor.py:830} INFO - Processing file /home/airflow/dags/data_merge_dag.py for tasks to queue
[2026-04-25T05:30:31.314+0000] {logging_mixin.py:188} INFO - [2026-04-25T05:30:31.314+0000] {dagbag.py:538} INFO - Filling up the DagBag from /home/airflow/dags/data_merge_dag.py
[2026-04-25T05:30:31.563+0000] {processor.py:840} INFO - DAG(s) 'data_merge_pipeline' retrieved from /home/airflow/dags/data_merge_dag.py
[2026-04-25T05:30:31.590+0000] {logging_mixin.py:188} INFO - [2026-04-25T05:30:31.589+0000] {dag.py:3036} INFO - Sync 1 DAGs
[2026-04-25T05:30:31.634+0000] {logging_mixin.py:188} INFO - [2026-04-25T05:30:31.634+0000] {dag.py:3823} INFO - Setting next_dagrun for data_merge_pipeline to 2026-04-26 00:00:00+00:00, run_after=2026-05-03 00:00:00+00:00
[2026-04-25T05:30:31.671+0000] {processor.py:183} INFO - Processing /home/airflow/dags/data_merge_dag.py took 0.362 seconds
[2026-04-25T05:31:02.451+0000] {processor.py:161} INFO - Started process (PID=4138) to work on /home/airflow/dags/data_merge_dag.py
[2026-04-25T05:31:02.452+0000] {processor.py:830} INFO - Processing file /home/airflow/dags/data_merge_dag.py for tasks to queue
[2026-04-25T05:31:02.453+0000] {logging_mixin.py:188} INFO - [2026-04-25T05:31:02.453+0000] {dagbag.py:538} INFO - Filling up the DagBag from /home/airflow/dags/data_merge_dag.py
[2026-04-25T05:31:02.752+0000] {processor.py:840} INFO - DAG(s) 'data_merge_pipeline' retrieved from /home/airflow/dags/data_merge_dag.py
[2026-04-25T05:31:02.785+0000] {logging_mixin.py:188} INFO - [2026-04-25T05:31:02.784+0000] {dag.py:3036} INFO - Sync 1 DAGs
[2026-04-25T05:31:02.838+0000] {logging_mixin.py:188} INFO - [2026-04-25T05:31:02.837+0000] {dag.py:3823} INFO - Setting next_dagrun for data_merge_pipeline to 2026-04-26 00:00:00+00:00, run_after=2026-05-03 00:00:00+00:00
[2026-04-25T05:31:02.889+0000] {processor.py:183} INFO - Processing /home/airflow/dags/data_merge_dag.py took 0.441 seconds
[2026-04-25T05:31:33.181+0000] {processor.py:161} INFO - Started process (PID=4167) to work on /home/airflow/dags/data_merge_dag.py
[2026-04-25T05:31:33.182+0000] {processor.py:830} INFO - Processing file /home/airflow/dags/data_merge_dag.py for tasks to queue
[2026-04-25T05:31:33.183+0000] {logging_mixin.py:188} INFO - [2026-04-25T05:31:33.183+0000] {dagbag.py:538} INFO - Filling up the DagBag from /home/airflow/dags/data_merge_dag.py
[2026-04-25T05:31:33.422+0000] {processor.py:840} INFO - DAG(s) 'data_merge_pipeline' retrieved from /home/airflow/dags/data_merge_dag.py
[2026-04-25T05:31:33.444+0000] {logging_mixin.py:188} INFO - [2026-04-25T05:31:33.444+0000] {dag.py:3036} INFO - Sync 1 DAGs
[2026-04-25T05:31:33.595+0000] {logging_mixin.py:188} INFO - [2026-04-25T05:31:33.595+0000] {dag.py:3823} INFO - Setting next_dagrun for data_merge_pipeline to 2026-04-26 00:00:00+00:00, run_after=2026-05-03 00:00:00+00:00
[2026-04-25T05:31:33.617+0000] {processor.py:183} INFO - Processing /home/airflow/dags/data_merge_dag.py took 0.440 seconds
[2026-04-25T05:32:03.778+0000] {processor.py:161} INFO - Started process (PID=4199) to work on /home/airflow/dags/data_merge_dag.py
[2026-04-25T05:32:03.780+0000] {processor.py:830} INFO - Processing file /home/airflow/dags/data_merge_dag.py for tasks to queue
[2026-04-25T05:32:03.781+0000] {logging_mixin.py:188} INFO - [2026-04-25T05:32:03.781+0000] {dagbag.py:538} INFO - Filling up the DagBag from /home/airflow/dags/data_merge_dag.py
[2026-04-25T05:32:04.058+0000] {processor.py:840} INFO - DAG(s) 'data_merge_pipeline' retrieved from /home/airflow/dags/data_merge_dag.py
[2026-04-25T05:32:04.080+0000] {logging_mixin.py:188} INFO - [2026-04-25T05:32:04.079+0000] {dag.py:3036} INFO - Sync 1 DAGs
[2026-04-25T05:32:04.233+0000] {logging_mixin.py:188} INFO - [2026-04-25T05:32:04.233+0000] {dag.py:3823} INFO - Setting next_dagrun for data_merge_pipeline to 2026-04-26 00:00:00+00:00, run_after=2026-05-03 00:00:00+00:00
[2026-04-25T05:32:04.254+0000] {processor.py:183} INFO - Processing /home/airflow/dags/data_merge_dag.py took 0.480 seconds
[2026-04-25T05:32:34.565+0000] {processor.py:161} INFO - Started process (PID=4231) to work on /home/airflow/dags/data_merge_dag.py
[2026-04-25T05:32:34.567+0000] {processor.py:830} INFO - Processing file /home/airflow/dags/data_merge_dag.py for tasks to queue
[2026-04-25T05:32:34.568+0000] {logging_mixin.py:188} INFO - [2026-04-25T05:32:34.568+0000] {dagbag.py:538} INFO - Filling up the DagBag from /home/airflow/dags/data_merge_dag.py
[2026-04-25T05:32:34.919+0000] {processor.py:840} INFO - DAG(s) 'data_merge_pipeline' retrieved from /home/airflow/dags/data_merge_dag.py
[2026-04-25T05:32:34.942+0000] {logging_mixin.py:188} INFO - [2026-04-25T05:32:34.942+0000] {dag.py:3036} INFO - Sync 1 DAGs
[2026-04-25T05:32:35.138+0000] {logging_mixin.py:188} INFO - [2026-04-25T05:32:35.137+0000] {dag.py:3823} INFO - Setting next_dagrun for data_merge_pipeline to 2026-04-26 00:00:00+00:00, run_after=2026-05-03 00:00:00+00:00
[2026-04-25T05:32:35.160+0000] {processor.py:183} INFO - Processing /home/airflow/dags/data_merge_dag.py took 0.600 seconds
[2026-04-25T05:33:06.150+0000] {processor.py:161} INFO - Started process (PID=4263) to work on /home/airflow/dags/data_merge_dag.py
[2026-04-25T05:33:06.152+0000] {processor.py:830} INFO - Processing file /home/airflow/dags/data_merge_dag.py for tasks to queue
[2026-04-25T05:33:06.154+0000] {logging_mixin.py:188} INFO - [2026-04-25T05:33:06.153+0000] {dagbag.py:538} INFO - Filling up the DagBag from /home/airflow/dags/data_merge_dag.py
[2026-04-25T05:33:06.541+0000] {processor.py:840} INFO - DAG(s) 'data_merge_pipeline' retrieved from /home/airflow/dags/data_merge_dag.py
[2026-04-25T05:33:06.562+0000] {logging_mixin.py:188} INFO - [2026-04-25T05:33:06.561+0000] {dag.py:3036} INFO - Sync 1 DAGs
[2026-04-25T05:33:06.579+0000] {logging_mixin.py:188} INFO - [2026-04-25T05:33:06.579+0000] {dag.py:3823} INFO - Setting next_dagrun for data_merge_pipeline to 2026-04-26 00:00:00+00:00, run_after=2026-05-03 00:00:00+00:00
[2026-04-25T05:33:06.600+0000] {processor.py:183} INFO - Processing /home/airflow/dags/data_merge_dag.py took 0.455 seconds
[2026-04-25T05:33:36.913+0000] {processor.py:161} INFO - Started process (PID=4295) to work on /home/airflow/dags/data_merge_dag.py
[2026-04-25T05:33:36.914+0000] {processor.py:830} INFO - Processing file /home/airflow/dags/data_merge_dag.py for tasks to queue
[2026-04-25T05:33:36.915+0000] {logging_mixin.py:188} INFO - [2026-04-25T05:33:36.915+0000] {dagbag.py:538} INFO - Filling up the DagBag from /home/airflow/dags/data_merge_dag.py
[2026-04-25T05:33:37.404+0000] {processor.py:840} INFO - DAG(s) 'data_merge_pipeline' retrieved from /home/airflow/dags/data_merge_dag.py
[2026-04-25T05:33:37.429+0000] {logging_mixin.py:188} INFO - [2026-04-25T05:33:37.429+0000] {dag.py:3036} INFO - Sync 1 DAGs
[2026-04-25T05:33:37.452+0000] {logging_mixin.py:188} INFO - [2026-04-25T05:33:37.452+0000] {dag.py:3823} INFO - Setting next_dagrun for data_merge_pipeline to 2026-04-26 00:00:00+00:00, run_after=2026-05-03 00:00:00+00:00
[2026-04-25T05:33:37.474+0000] {processor.py:183} INFO - Processing /home/airflow/dags/data_merge_dag.py took 0.565 seconds
[2026-04-25T05:34:08.426+0000] {processor.py:161} INFO - Started process (PID=4327) to work on /home/airflow/dags/data_merge_dag.py
[2026-04-25T05:34:08.427+0000] {processor.py:830} INFO - Processing file /home/airflow/dags/data_merge_dag.py for tasks to queue
[2026-04-25T05:34:08.428+0000] {logging_mixin.py:188} INFO - [2026-04-25T05:34:08.428+0000] {dagbag.py:538} INFO - Filling up the DagBag from /home/airflow/dags/data_merge_dag.py
[2026-04-25T05:34:08.778+0000] {processor.py:840} INFO - DAG(s) 'data_merge_pipeline' retrieved from /home/airflow/dags/data_merge_dag.py
[2026-04-25T05:34:08.799+0000] {logging_mixin.py:188} INFO - [2026-04-25T05:34:08.798+0000] {dag.py:3036} INFO - Sync 1 DAGs
[2026-04-25T05:34:08.817+0000] {logging_mixin.py:188} INFO - [2026-04-25T05:34:08.816+0000] {dag.py:3823} INFO - Setting next_dagrun for data_merge_pipeline to 2026-04-26 00:00:00+00:00, run_after=2026-05-03 00:00:00+00:00
[2026-04-25T05:34:08.836+0000] {processor.py:183} INFO - Processing /home/airflow/dags/data_merge_dag.py took 0.413 seconds
[2026-04-25T05:34:39.633+0000] {processor.py:161} INFO - Started process (PID=4359) to work on /home/airflow/dags/data_merge_dag.py
[2026-04-25T05:34:39.634+0000] {processor.py:830} INFO - Processing file /home/airflow/dags/data_merge_dag.py for tasks to queue
[2026-04-25T05:34:39.635+0000] {logging_mixin.py:188} INFO - [2026-04-25T05:34:39.635+0000] {dagbag.py:538} INFO - Filling up the DagBag from /home/airflow/dags/data_merge_dag.py
[2026-04-25T05:34:39.974+0000] {processor.py:840} INFO - DAG(s) 'data_merge_pipeline' retrieved from /home/airflow/dags/data_merge_dag.py
[2026-04-25T05:34:39.994+0000] {logging_mixin.py:188} INFO - [2026-04-25T05:34:39.994+0000] {dag.py:3036} INFO - Sync 1 DAGs
[2026-04-25T05:34:40.015+0000] {logging_mixin.py:188} INFO - [2026-04-25T05:34:40.015+0000] {dag.py:3823} INFO - Setting next_dagrun for data_merge_pipeline to 2026-04-26 00:00:00+00:00, run_after=2026-05-03 00:00:00+00:00
[2026-04-25T05:34:40.037+0000] {processor.py:183} INFO - Processing /home/airflow/dags/data_merge_dag.py took 0.407 seconds
[2026-04-25T05:35:10.893+0000] {processor.py:161} INFO - Started process (PID=4391) to work on /home/airflow/dags/data_merge_dag.py
[2026-04-25T05:35:10.894+0000] {processor.py:830} INFO - Processing file /home/airflow/dags/data_merge_dag.py for tasks to queue
[2026-04-25T05:35:10.895+0000] {logging_mixin.py:188} INFO - [2026-04-25T05:35:10.895+0000] {dagbag.py:538} INFO - Filling up the DagBag from /home/airflow/dags/data_merge_dag.py
[2026-04-25T05:35:11.334+0000] {processor.py:840} INFO - DAG(s) 'data_merge_pipeline' retrieved from /home/airflow/dags/data_merge_dag.py
[2026-04-25T05:35:11.360+0000] {logging_mixin.py:188} INFO - [2026-04-25T05:35:11.360+0000] {dag.py:3036} INFO - Sync 1 DAGs
[2026-04-25T05:35:11.385+0000] {logging_mixin.py:188} INFO - [2026-04-25T05:35:11.385+0000] {dag.py:3823} INFO - Setting next_dagrun for data_merge_pipeline to 2026-04-26 00:00:00+00:00, run_after=2026-05-03 00:00:00+00:00
[2026-04-25T05:35:11.410+0000] {processor.py:183} INFO - Processing /home/airflow/dags/data_merge_dag.py took 0.521 seconds
[2026-04-25T05:35:42.365+0000] {processor.py:161} INFO - Started process (PID=4423) to work on /home/airflow/dags/data_merge_dag.py
[2026-04-25T05:35:42.366+0000] {processor.py:830} INFO - Processing file /home/airflow/dags/data_merge_dag.py for tasks to queue
[2026-04-25T05:35:42.367+0000] {logging_mixin.py:188} INFO - [2026-04-25T05:35:42.367+0000] {dagbag.py:538} INFO - Filling up the DagBag from /home/airflow/dags/data_merge_dag.py
[2026-04-25T05:35:42.724+0000] {processor.py:840} INFO - DAG(s) 'data_merge_pipeline' retrieved from /home/airflow/dags/data_merge_dag.py
[2026-04-25T05:35:42.747+0000] {logging_mixin.py:188} INFO - [2026-04-25T05:35:42.746+0000] {dag.py:3036} INFO - Sync 1 DAGs
[2026-04-25T05:35:42.765+0000] {logging_mixin.py:188} INFO - [2026-04-25T05:35:42.764+0000] {dag.py:3823} INFO - Setting next_dagrun for data_merge_pipeline to 2026-04-26 00:00:00+00:00, run_after=2026-05-03 00:00:00+00:00
[2026-04-25T05:35:42.788+0000] {processor.py:183} INFO - Processing /home/airflow/dags/data_merge_dag.py took 0.426 seconds
[2026-04-25T05:36:13.100+0000] {processor.py:161} INFO - Started process (PID=4455) to work on /home/airflow/dags/data_merge_dag.py
[2026-04-25T05:36:13.101+0000] {processor.py:830} INFO - Processing file /home/airflow/dags/data_merge_dag.py for tasks to queue
[2026-04-25T05:36:13.102+0000] {logging_mixin.py:188} INFO - [2026-04-25T05:36:13.102+0000] {dagbag.py:538} INFO - Filling up the DagBag from /home/airflow/dags/data_merge_dag.py
[2026-04-25T05:36:13.446+0000] {processor.py:840} INFO - DAG(s) 'data_merge_pipeline' retrieved from /home/airflow/dags/data_merge_dag.py
[2026-04-25T05:36:13.465+0000] {logging_mixin.py:188} INFO - [2026-04-25T05:36:13.465+0000] {dag.py:3036} INFO - Sync 1 DAGs
[2026-04-25T05:36:13.483+0000] {logging_mixin.py:188} INFO - [2026-04-25T05:36:13.483+0000] {dag.py:3823} INFO - Setting next_dagrun for data_merge_pipeline to 2026-04-26 00:00:00+00:00, run_after=2026-05-03 00:00:00+00:00
[2026-04-25T05:36:13.506+0000] {processor.py:183} INFO - Processing /home/airflow/dags/data_merge_dag.py took 0.410 seconds
[2026-04-25T05:36:43.808+0000] {processor.py:161} INFO - Started process (PID=4487) to work on /home/airflow/dags/data_merge_dag.py
[2026-04-25T05:36:43.809+0000] {processor.py:830} INFO - Processing file /home/airflow/dags/data_merge_dag.py for tasks to queue
[2026-04-25T05:36:43.810+0000] {logging_mixin.py:188} INFO - [2026-04-25T05:36:43.810+0000] {dagbag.py:538} INFO - Filling up the DagBag from /home/airflow/dags/data_merge_dag.py
[2026-04-25T05:36:44.202+0000] {processor.py:840} INFO - DAG(s) 'data_merge_pipeline' retrieved from /home/airflow/dags/data_merge_dag.py
[2026-04-25T05:36:44.230+0000] {logging_mixin.py:188} INFO - [2026-04-25T05:36:44.229+0000] {dag.py:3036} INFO - Sync 1 DAGs
[2026-04-25T05:36:44.258+0000] {logging_mixin.py:188} INFO - [2026-04-25T05:36:44.257+0000] {dag.py:3823} INFO - Setting next_dagrun for data_merge_pipeline to 2026-04-26 00:00:00+00:00, run_after=2026-05-03 00:00:00+00:00
[2026-04-25T05:36:44.282+0000] {processor.py:183} INFO - Processing /home/airflow/dags/data_merge_dag.py took 0.477 seconds
[2026-04-25T05:37:15.204+0000] {processor.py:161} INFO - Started process (PID=4519) to work on /home/airflow/dags/data_merge_dag.py
[2026-04-25T05:37:15.205+0000] {processor.py:830} INFO - Processing file /home/airflow/dags/data_merge_dag.py for tasks to queue
[2026-04-25T05:37:15.206+0000] {logging_mixin.py:188} INFO - [2026-04-25T05:37:15.205+0000] {dagbag.py:538} INFO - Filling up the DagBag from /home/airflow/dags/data_merge_dag.py
[2026-04-25T05:37:15.623+0000] {processor.py:840} INFO - DAG(s) 'data_merge_pipeline' retrieved from /home/airflow/dags/data_merge_dag.py
[2026-04-25T05:37:15.645+0000] {logging_mixin.py:188} INFO - [2026-04-25T05:37:15.645+0000] {dag.py:3036} INFO - Sync 1 DAGs
[2026-04-25T05:37:15.667+0000] {logging_mixin.py:188} INFO - [2026-04-25T05:37:15.667+0000] {dag.py:3823} INFO - Setting next_dagrun for data_merge_pipeline to 2026-04-26 00:00:00+00:00, run_after=2026-05-03 00:00:00+00:00
[2026-04-25T05:37:15.685+0000] {processor.py:183} INFO - Processing /home/airflow/dags/data_merge_dag.py took 0.484 seconds
[2026-04-25T05:37:46.368+0000] {processor.py:161} INFO - Started process (PID=4551) to work on /home/airflow/dags/data_merge_dag.py
[2026-04-25T05:37:46.370+0000] {processor.py:830} INFO - Processing file /home/airflow/dags/data_merge_dag.py for tasks to queue
[2026-04-25T05:37:46.371+0000] {logging_mixin.py:188} INFO - [2026-04-25T05:37:46.371+0000] {dagbag.py:538} INFO - Filling up the DagBag from /home/airflow/dags/data_merge_dag.py
[2026-04-25T05:37:46.722+0000] {processor.py:840} INFO - DAG(s) 'data_merge_pipeline' retrieved from /home/airflow/dags/data_merge_dag.py
[2026-04-25T05:37:46.742+0000] {logging_mixin.py:188} INFO - [2026-04-25T05:37:46.742+0000] {dag.py:3036} INFO - Sync 1 DAGs
[2026-04-25T05:37:46.760+0000] {logging_mixin.py:188} INFO - [2026-04-25T05:37:46.759+0000] {dag.py:3823} INFO - Setting next_dagrun for data_merge_pipeline to 2026-04-26 00:00:00+00:00, run_after=2026-05-03 00:00:00+00:00
[2026-04-25T05:37:46.780+0000] {processor.py:183} INFO - Processing /home/airflow/dags/data_merge_dag.py took 0.414 seconds
[2026-04-25T05:38:17.655+0000] {processor.py:161} INFO - Started process (PID=4583) to work on /home/airflow/dags/data_merge_dag.py
[2026-04-25T05:38:17.656+0000] {processor.py:830} INFO - Processing file /home/airflow/dags/data_merge_dag.py for tasks to queue
[2026-04-25T05:38:17.658+0000] {logging_mixin.py:188} INFO - [2026-04-25T05:38:17.658+0000] {dagbag.py:538} INFO - Filling up the DagBag from /home/airflow/dags/data_merge_dag.py
[2026-04-25T05:38:18.082+0000] {processor.py:840} INFO - DAG(s) 'data_merge_pipeline' retrieved from /home/airflow/dags/data_merge_dag.py
[2026-04-25T05:38:18.104+0000] {logging_mixin.py:188} INFO - [2026-04-25T05:38:18.104+0000] {dag.py:3036} INFO - Sync 1 DAGs
[2026-04-25T05:38:18.123+0000] {logging_mixin.py:188} INFO - [2026-04-25T05:38:18.123+0000] {dag.py:3823} INFO - Setting next_dagrun for data_merge_pipeline to 2026-04-26 00:00:00+00:00, run_after=2026-05-03 00:00:00+00:00
[2026-04-25T05:38:18.144+0000] {processor.py:183} INFO - Processing /home/airflow/dags/data_merge_dag.py took 0.493 seconds
[2026-04-25T05:38:48.962+0000] {processor.py:161} INFO - Started process (PID=4615) to work on /home/airflow/dags/data_merge_dag.py
[2026-04-25T05:38:48.964+0000] {processor.py:830} INFO - Processing file /home/airflow/dags/data_merge_dag.py for tasks to queue
[2026-04-25T05:38:48.965+0000] {logging_mixin.py:188} INFO - [2026-04-25T05:38:48.964+0000] {dagbag.py:538} INFO - Filling up the DagBag from /home/airflow/dags/data_merge_dag.py
[2026-04-25T05:38:49.333+0000] {processor.py:840} INFO - DAG(s) 'data_merge_pipeline' retrieved from /home/airflow/dags/data_merge_dag.py
[2026-04-25T05:38:49.354+0000] {logging_mixin.py:188} INFO - [2026-04-25T05:38:49.353+0000] {dag.py:3036} INFO - Sync 1 DAGs
[2026-04-25T05:38:49.372+0000] {logging_mixin.py:188} INFO - [2026-04-25T05:38:49.372+0000] {dag.py:3823} INFO - Setting next_dagrun for data_merge_pipeline to 2026-04-26 00:00:00+00:00, run_after=2026-05-03 00:00:00+00:00
[2026-04-25T05:38:49.393+0000] {processor.py:183} INFO - Processing /home/airflow/dags/data_merge_dag.py took 0.434 seconds
[2026-04-25T05:39:19.686+0000] {processor.py:161} INFO - Started process (PID=4647) to work on /home/airflow/dags/data_merge_dag.py
[2026-04-25T05:39:19.688+0000] {processor.py:830} INFO - Processing file /home/airflow/dags/data_merge_dag.py for tasks to queue
[2026-04-25T05:39:19.689+0000] {logging_mixin.py:188} INFO - [2026-04-25T05:39:19.688+0000] {dagbag.py:538} INFO - Filling up the DagBag from /home/airflow/dags/data_merge_dag.py
[2026-04-25T05:39:20.081+0000] {processor.py:840} INFO - DAG(s) 'data_merge_pipeline' retrieved from /home/airflow/dags/data_merge_dag.py
[2026-04-25T05:39:20.100+0000] {logging_mixin.py:188} INFO - [2026-04-25T05:39:20.100+0000] {dag.py:3036} INFO - Sync 1 DAGs
[2026-04-25T05:39:20.117+0000] {logging_mixin.py:188} INFO - [2026-04-25T05:39:20.116+0000] {dag.py:3823} INFO - Setting next_dagrun for data_merge_pipeline to 2026-04-26 00:00:00+00:00, run_after=2026-05-03 00:00:00+00:00
[2026-04-25T05:39:20.139+0000] {processor.py:183} INFO - Processing /home/airflow/dags/data_merge_dag.py took 0.456 seconds
[2026-04-25T05:39:50.354+0000] {processor.py:161} INFO - Started process (PID=4679) to work on /home/airflow/dags/data_merge_dag.py
[2026-04-25T05:39:50.356+0000] {processor.py:830} INFO - Processing file /home/airflow/dags/data_merge_dag.py for tasks to queue
[2026-04-25T05:39:50.357+0000] {logging_mixin.py:188} INFO - [2026-04-25T05:39:50.357+0000] {dagbag.py:538} INFO - Filling up the DagBag from /home/airflow/dags/data_merge_dag.py
[2026-04-25T05:39:50.833+0000] {processor.py:840} INFO - DAG(s) 'data_merge_pipeline' retrieved from /home/airflow/dags/data_merge_dag.py
[2026-04-25T05:39:50.858+0000] {logging_mixin.py:188} INFO - [2026-04-25T05:39:50.857+0000] {dag.py:3036} INFO - Sync 1 DAGs
[2026-04-25T05:39:50.880+0000] {logging_mixin.py:188} INFO - [2026-04-25T05:39:50.880+0000] {dag.py:3823} INFO - Setting next_dagrun for data_merge_pipeline to 2026-04-26 00:00:00+00:00, run_after=2026-05-03 00:00:00+00:00
[2026-04-25T05:39:50.902+0000] {processor.py:183} INFO - Processing /home/airflow/dags/data_merge_dag.py took 0.554 seconds
[2026-04-25T05:40:21.584+0000] {processor.py:161} INFO - Started process (PID=4711) to work on /home/airflow/dags/data_merge_dag.py
[2026-04-25T05:40:21.585+0000] {processor.py:830} INFO - Processing file /home/airflow/dags/data_merge_dag.py for tasks to queue
[2026-04-25T05:40:21.587+0000] {logging_mixin.py:188} INFO - [2026-04-25T05:40:21.586+0000] {dagbag.py:538} INFO - Filling up the DagBag from /home/airflow/dags/data_merge_dag.py
[2026-04-25T05:40:21.957+0000] {processor.py:840} INFO - DAG(s) 'data_merge_pipeline' retrieved from /home/airflow/dags/data_merge_dag.py
[2026-04-25T05:40:21.979+0000] {logging_mixin.py:188} INFO - [2026-04-25T05:40:21.978+0000] {dag.py:3036} INFO - Sync 1 DAGs
[2026-04-25T05:40:21.998+0000] {logging_mixin.py:188} INFO - [2026-04-25T05:40:21.998+0000] {dag.py:3823} INFO - Setting next_dagrun for data_merge_pipeline to 2026-04-26 00:00:00+00:00, run_after=2026-05-03 00:00:00+00:00
[2026-04-25T05:40:22.020+0000] {processor.py:183} INFO - Processing /home/airflow/dags/data_merge_dag.py took 0.438 seconds
[2026-04-25T05:40:52.794+0000] {processor.py:161} INFO - Started process (PID=4743) to work on /home/airflow/dags/data_merge_dag.py
[2026-04-25T05:40:52.796+0000] {processor.py:830} INFO - Processing file /home/airflow/dags/data_merge_dag.py for tasks to queue
[2026-04-25T05:40:52.797+0000] {logging_mixin.py:188} INFO - [2026-04-25T05:40:52.797+0000] {dagbag.py:538} INFO - Filling up the DagBag from /home/airflow/dags/data_merge_dag.py
[2026-04-25T05:40:53.244+0000] {processor.py:840} INFO - DAG(s) 'data_merge_pipeline' retrieved from /home/airflow/dags/data_merge_dag.py
[2026-04-25T05:40:53.269+0000] {logging_mixin.py:188} INFO - [2026-04-25T05:40:53.268+0000] {dag.py:3036} INFO - Sync 1 DAGs
[2026-04-25T05:40:53.298+0000] {logging_mixin.py:188} INFO - [2026-04-25T05:40:53.298+0000] {dag.py:3823} INFO - Setting next_dagrun for data_merge_pipeline to 2026-04-26 00:00:00+00:00, run_after=2026-05-03 00:00:00+00:00
[2026-04-25T05:40:53.318+0000] {processor.py:183} INFO - Processing /home/airflow/dags/data_merge_dag.py took 0.527 seconds
[2026-04-25T05:41:23.404+0000] {processor.py:161} INFO - Started process (PID=4775) to work on /home/airflow/dags/data_merge_dag.py
[2026-04-25T05:41:23.406+0000] {processor.py:830} INFO - Processing file /home/airflow/dags/data_merge_dag.py for tasks to queue
[2026-04-25T05:41:23.408+0000] {logging_mixin.py:188} INFO - [2026-04-25T05:41:23.407+0000] {dagbag.py:538} INFO - Filling up the DagBag from /home/airflow/dags/data_merge_dag.py
[2026-04-25T05:41:23.730+0000] {processor.py:840} INFO - DAG(s) 'data_merge_pipeline' retrieved from /home/airflow/dags/data_merge_dag.py
[2026-04-25T05:41:23.760+0000] {logging_mixin.py:188} INFO - [2026-04-25T05:41:23.759+0000] {dag.py:3036} INFO - Sync 1 DAGs
[2026-04-25T05:41:23.788+0000] {logging_mixin.py:188} INFO - [2026-04-25T05:41:23.788+0000] {dag.py:3823} INFO - Setting next_dagrun for data_merge_pipeline to 2026-04-26 00:00:00+00:00, run_after=2026-05-03 00:00:00+00:00
[2026-04-25T05:41:23.812+0000] {processor.py:183} INFO - Processing /home/airflow/dags/data_merge_dag.py took 0.412 seconds
[2026-04-25T05:41:54.127+0000] {processor.py:161} INFO - Started process (PID=4807) to work on /home/airflow/dags/data_merge_dag.py
[2026-04-25T05:41:54.129+0000] {processor.py:830} INFO - Processing file /home/airflow/dags/data_merge_dag.py for tasks to queue
[2026-04-25T05:41:54.130+0000] {logging_mixin.py:188} INFO - [2026-04-25T05:41:54.129+0000] {dagbag.py:538} INFO - Filling up the DagBag from /home/airflow/dags/data_merge_dag.py
[2026-04-25T05:41:54.362+0000] {processor.py:840} INFO - DAG(s) 'data_merge_pipeline' retrieved from /home/airflow/dags/data_merge_dag.py
[2026-04-25T05:41:54.392+0000] {logging_mixin.py:188} INFO - [2026-04-25T05:41:54.392+0000] {dag.py:3036} INFO - Sync 1 DAGs
[2026-04-25T05:41:54.416+0000] {logging_mixin.py:188} INFO - [2026-04-25T05:41:54.416+0000] {dag.py:3823} INFO - Setting next_dagrun for data_merge_pipeline to 2026-04-26 00:00:00+00:00, run_after=2026-05-03 00:00:00+00:00
[2026-04-25T05:41:54.442+0000] {processor.py:183} INFO - Processing /home/airflow/dags/data_merge_dag.py took 0.318 seconds
[2026-04-25T05:42:24.789+0000] {processor.py:161} INFO - Started process (PID=4839) to work on /home/airflow/dags/data_merge_dag.py
[2026-04-25T05:42:24.790+0000] {processor.py:830} INFO - Processing file /home/airflow/dags/data_merge_dag.py for tasks to queue
[2026-04-25T05:42:24.791+0000] {logging_mixin.py:188} INFO - [2026-04-25T05:42:24.790+0000] {dagbag.py:538} INFO - Filling up the DagBag from /home/airflow/dags/data_merge_dag.py
[2026-04-25T05:42:25.027+0000] {processor.py:840} INFO - DAG(s) 'data_merge_pipeline' retrieved from /home/airflow/dags/data_merge_dag.py
[2026-04-25T05:42:25.054+0000] {logging_mixin.py:188} INFO - [2026-04-25T05:42:25.054+0000] {dag.py:3036} INFO - Sync 1 DAGs
[2026-04-25T05:42:25.079+0000] {logging_mixin.py:188} INFO - [2026-04-25T05:42:25.079+0000] {dag.py:3823} INFO - Setting next_dagrun for data_merge_pipeline to 2026-04-26 00:00:00+00:00, run_after=2026-05-03 00:00:00+00:00
[2026-04-25T05:42:25.104+0000] {processor.py:183} INFO - Processing /home/airflow/dags/data_merge_dag.py took 0.319 seconds
[2026-04-25T05:42:56.140+0000] {processor.py:161} INFO - Started process (PID=4871) to work on /home/airflow/dags/data_merge_dag.py
[2026-04-25T05:42:56.141+0000] {processor.py:830} INFO - Processing file /home/airflow/dags/data_merge_dag.py for tasks to queue
[2026-04-25T05:42:56.142+0000] {logging_mixin.py:188} INFO - [2026-04-25T05:42:56.142+0000] {dagbag.py:538} INFO - Filling up the DagBag from /home/airflow/dags/data_merge_dag.py
[2026-04-25T05:42:56.395+0000] {processor.py:840} INFO - DAG(s) 'data_merge_pipeline' retrieved from /home/airflow/dags/data_merge_dag.py
[2026-04-25T05:42:56.420+0000] {logging_mixin.py:188} INFO - [2026-04-25T05:42:56.419+0000] {dag.py:3036} INFO - Sync 1 DAGs
[2026-04-25T05:42:56.442+0000] {logging_mixin.py:188} INFO - [2026-04-25T05:42:56.442+0000] {dag.py:3823} INFO - Setting next_dagrun for data_merge_pipeline to 2026-04-26 00:00:00+00:00, run_after=2026-05-03 00:00:00+00:00
[2026-04-25T05:42:56.465+0000] {processor.py:183} INFO - Processing /home/airflow/dags/data_merge_dag.py took 0.328 seconds
[2026-04-25T05:43:27.446+0000] {processor.py:161} INFO - Started process (PID=4903) to work on /home/airflow/dags/data_merge_dag.py
[2026-04-25T05:43:27.448+0000] {processor.py:830} INFO - Processing file /home/airflow/dags/data_merge_dag.py for tasks to queue
[2026-04-25T05:43:27.449+0000] {logging_mixin.py:188} INFO - [2026-04-25T05:43:27.448+0000] {dagbag.py:538} INFO - Filling up the DagBag from /home/airflow/dags/data_merge_dag.py
[2026-04-25T05:43:27.694+0000] {processor.py:840} INFO - DAG(s) 'data_merge_pipeline' retrieved from /home/airflow/dags/data_merge_dag.py
[2026-04-25T05:43:27.725+0000] {logging_mixin.py:188} INFO - [2026-04-25T05:43:27.724+0000] {dag.py:3036} INFO - Sync 1 DAGs
[2026-04-25T05:43:27.750+0000] {logging_mixin.py:188} INFO - [2026-04-25T05:43:27.750+0000] {dag.py:3823} INFO - Setting next_dagrun for data_merge_pipeline to 2026-04-26 00:00:00+00:00, run_after=2026-05-03 00:00:00+00:00
[2026-04-25T05:43:27.778+0000] {processor.py:183} INFO - Processing /home/airflow/dags/data_merge_dag.py took 0.335 seconds
[2026-04-25T05:43:58.075+0000] {processor.py:161} INFO - Started process (PID=4935) to work on /home/airflow/dags/data_merge_dag.py
[2026-04-25T05:43:58.076+0000] {processor.py:830} INFO - Processing file /home/airflow/dags/data_merge_dag.py for tasks to queue
[2026-04-25T05:43:58.077+0000] {logging_mixin.py:188} INFO - [2026-04-25T05:43:58.077+0000] {dagbag.py:538} INFO - Filling up the DagBag from /home/airflow/dags/data_merge_dag.py
[2026-04-25T05:43:58.297+0000] {processor.py:840} INFO - DAG(s) 'data_merge_pipeline' retrieved from /home/airflow/dags/data_merge_dag.py
[2026-04-25T05:43:58.319+0000] {logging_mixin.py:188} INFO - [2026-04-25T05:43:58.318+0000] {dag.py:3036} INFO - Sync 1 DAGs
[2026-04-25T05:43:58.340+0000] {logging_mixin.py:188} INFO - [2026-04-25T05:43:58.340+0000] {dag.py:3823} INFO - Setting next_dagrun for data_merge_pipeline to 2026-04-26 00:00:00+00:00, run_after=2026-05-03 00:00:00+00:00
[2026-04-25T05:43:58.362+0000] {processor.py:183} INFO - Processing /home/airflow/dags/data_merge_dag.py took 0.291 seconds
[2026-04-25T05:44:29.385+0000] {processor.py:161} INFO - Started process (PID=4967) to work on /home/airflow/dags/data_merge_dag.py
[2026-04-25T05:44:29.387+0000] {processor.py:830} INFO - Processing file /home/airflow/dags/data_merge_dag.py for tasks to queue
[2026-04-25T05:44:29.388+0000] {logging_mixin.py:188} INFO - [2026-04-25T05:44:29.387+0000] {dagbag.py:538} INFO - Filling up the DagBag from /home/airflow/dags/data_merge_dag.py
[2026-04-25T05:44:29.630+0000] {processor.py:840} INFO - DAG(s) 'data_merge_pipeline' retrieved from /home/airflow/dags/data_merge_dag.py
[2026-04-25T05:44:29.656+0000] {logging_mixin.py:188} INFO - [2026-04-25T05:44:29.655+0000] {dag.py:3036} INFO - Sync 1 DAGs
[2026-04-25T05:44:29.677+0000] {logging_mixin.py:188} INFO - [2026-04-25T05:44:29.676+0000] {dag.py:3823} INFO - Setting next_dagrun for data_merge_pipeline to 2026-04-26 00:00:00+00:00, run_after=2026-05-03 00:00:00+00:00
[2026-04-25T05:44:29.700+0000] {processor.py:183} INFO - Processing /home/airflow/dags/data_merge_dag.py took 0.317 seconds
[2026-04-25T05:45:00.706+0000] {processor.py:161} INFO - Started process (PID=4999) to work on /home/airflow/dags/data_merge_dag.py
[2026-04-25T05:45:00.708+0000] {processor.py:830} INFO - Processing file /home/airflow/dags/data_merge_dag.py for tasks to queue
[2026-04-25T05:45:00.709+0000] {logging_mixin.py:188} INFO - [2026-04-25T05:45:00.708+0000] {dagbag.py:538} INFO - Filling up the DagBag from /home/airflow/dags/data_merge_dag.py
[2026-04-25T05:45:00.955+0000] {processor.py:840} INFO - DAG(s) 'data_merge_pipeline' retrieved from /home/airflow/dags/data_merge_dag.py
[2026-04-25T05:45:00.980+0000] {logging_mixin.py:188} INFO - [2026-04-25T05:45:00.979+0000] {dag.py:3036} INFO - Sync 1 DAGs
[2026-04-25T05:45:01.000+0000] {logging_mixin.py:188} INFO - [2026-04-25T05:45:00.999+0000] {dag.py:3823} INFO - Setting next_dagrun for data_merge_pipeline to 2026-04-26 00:00:00+00:00, run_after=2026-05-03 00:00:00+00:00
[2026-04-25T05:45:01.022+0000] {processor.py:183} INFO - Processing /home/airflow/dags/data_merge_dag.py took 0.319 seconds
[2026-04-25T05:45:32.034+0000] {processor.py:161} INFO - Started process (PID=5031) to work on /home/airflow/dags/data_merge_dag.py
[2026-04-25T05:45:32.035+0000] {processor.py:830} INFO - Processing file /home/airflow/dags/data_merge_dag.py for tasks to queue
[2026-04-25T05:45:32.037+0000] {logging_mixin.py:188} INFO - [2026-04-25T05:45:32.036+0000] {dagbag.py:538} INFO - Filling up the DagBag from /home/airflow/dags/data_merge_dag.py
[2026-04-25T05:45:32.256+0000] {processor.py:840} INFO - DAG(s) 'data_merge_pipeline' retrieved from /home/airflow/dags/data_merge_dag.py
[2026-04-25T05:45:32.280+0000] {logging_mixin.py:188} INFO - [2026-04-25T05:45:32.279+0000] {dag.py:3036} INFO - Sync 1 DAGs
[2026-04-25T05:45:32.298+0000] {logging_mixin.py:188} INFO - [2026-04-25T05:45:32.298+0000] {dag.py:3823} INFO - Setting next_dagrun for data_merge_pipeline to 2026-04-26 00:00:00+00:00, run_after=2026-05-03 00:00:00+00:00
[2026-04-25T05:45:32.321+0000] {processor.py:183} INFO - Processing /home/airflow/dags/data_merge_dag.py took 0.290 seconds
[2026-04-25T05:46:02.635+0000] {processor.py:161} INFO - Started process (PID=5063) to work on /home/airflow/dags/data_merge_dag.py
[2026-04-25T05:46:02.636+0000] {processor.py:830} INFO - Processing file /home/airflow/dags/data_merge_dag.py for tasks to queue
[2026-04-25T05:46:02.637+0000] {logging_mixin.py:188} INFO - [2026-04-25T05:46:02.637+0000] {dagbag.py:538} INFO - Filling up the DagBag from /home/airflow/dags/data_merge_dag.py
[2026-04-25T05:46:02.851+0000] {processor.py:840} INFO - DAG(s) 'data_merge_pipeline' retrieved from /home/airflow/dags/data_merge_dag.py
[2026-04-25T05:46:02.875+0000] {logging_mixin.py:188} INFO - [2026-04-25T05:46:02.875+0000] {dag.py:3036} INFO - Sync 1 DAGs
[2026-04-25T05:46:02.896+0000] {logging_mixin.py:188} INFO - [2026-04-25T05:46:02.896+0000] {dag.py:3823} INFO - Setting next_dagrun for data_merge_pipeline to 2026-04-26 00:00:00+00:00, run_after=2026-05-03 00:00:00+00:00
[2026-04-25T05:46:02.917+0000] {processor.py:183} INFO - Processing /home/airflow/dags/data_merge_dag.py took 0.286 seconds
[2026-04-25T05:46:33.234+0000] {processor.py:161} INFO - Started process (PID=5095) to work on /home/airflow/dags/data_merge_dag.py
[2026-04-25T05:46:33.235+0000] {processor.py:830} INFO - Processing file /home/airflow/dags/data_merge_dag.py for tasks to queue
[2026-04-25T05:46:33.237+0000] {logging_mixin.py:188} INFO - [2026-04-25T05:46:33.236+0000] {dagbag.py:538} INFO - Filling up the DagBag from /home/airflow/dags/data_merge_dag.py
[2026-04-25T05:46:33.448+0000] {processor.py:840} INFO - DAG(s) 'data_merge_pipeline' retrieved from /home/airflow/dags/data_merge_dag.py
[2026-04-25T05:46:33.471+0000] {logging_mixin.py:188} INFO - [2026-04-25T05:46:33.470+0000] {dag.py:3036} INFO - Sync 1 DAGs
[2026-04-25T05:46:33.490+0000] {logging_mixin.py:188} INFO - [2026-04-25T05:46:33.490+0000] {dag.py:3823} INFO - Setting next_dagrun for data_merge_pipeline to 2026-04-26 00:00:00+00:00, run_after=2026-05-03 00:00:00+00:00
[2026-04-25T05:46:33.513+0000] {processor.py:183} INFO - Processing /home/airflow/dags/data_merge_dag.py took 0.283 seconds
[2026-04-25T05:47:04.499+0000] {processor.py:161} INFO - Started process (PID=5127) to work on /home/airflow/dags/data_merge_dag.py
[2026-04-25T05:47:04.501+0000] {processor.py:830} INFO - Processing file /home/airflow/dags/data_merge_dag.py for tasks to queue
[2026-04-25T05:47:04.502+0000] {logging_mixin.py:188} INFO - [2026-04-25T05:47:04.502+0000] {dagbag.py:538} INFO - Filling up the DagBag from /home/airflow/dags/data_merge_dag.py
[2026-04-25T05:47:04.866+0000] {processor.py:840} INFO - DAG(s) 'data_merge_pipeline' retrieved from /home/airflow/dags/data_merge_dag.py
[2026-04-25T05:47:04.896+0000] {logging_mixin.py:188} INFO - [2026-04-25T05:47:04.896+0000] {dag.py:3036} INFO - Sync 1 DAGs
[2026-04-25T05:47:04.921+0000] {logging_mixin.py:188} INFO - [2026-04-25T05:47:04.921+0000] {dag.py:3823} INFO - Setting next_dagrun for data_merge_pipeline to 2026-04-26 00:00:00+00:00, run_after=2026-05-03 00:00:00+00:00
[2026-04-25T05:47:04.943+0000] {processor.py:183} INFO - Processing /home/airflow/dags/data_merge_dag.py took 0.448 seconds
[2026-04-25T05:47:35.676+0000] {processor.py:161} INFO - Started process (PID=5159) to work on /home/airflow/dags/data_merge_dag.py
[2026-04-25T05:47:35.677+0000] {processor.py:830} INFO - Processing file /home/airflow/dags/data_merge_dag.py for tasks to queue
[2026-04-25T05:47:35.678+0000] {logging_mixin.py:188} INFO - [2026-04-25T05:47:35.678+0000] {dagbag.py:538} INFO - Filling up the DagBag from /home/airflow/dags/data_merge_dag.py
[2026-04-25T05:47:35.934+0000] {processor.py:840} INFO - DAG(s) 'data_merge_pipeline' retrieved from /home/airflow/dags/data_merge_dag.py
[2026-04-25T05:47:35.961+0000] {logging_mixin.py:188} INFO - [2026-04-25T05:47:35.961+0000] {dag.py:3036} INFO - Sync 1 DAGs
[2026-04-25T05:47:35.989+0000] {logging_mixin.py:188} INFO - [2026-04-25T05:47:35.989+0000] {dag.py:3823} INFO - Setting next_dagrun for data_merge_pipeline to 2026-04-26 00:00:00+00:00, run_after=2026-05-03 00:00:00+00:00
[2026-04-25T05:47:36.021+0000] {processor.py:183} INFO - Processing /home/airflow/dags/data_merge_dag.py took 0.348 seconds
[2026-04-25T05:48:06.317+0000] {processor.py:161} INFO - Started process (PID=5191) to work on /home/airflow/dags/data_merge_dag.py
[2026-04-25T05:48:06.318+0000] {processor.py:830} INFO - Processing file /home/airflow/dags/data_merge_dag.py for tasks to queue
[2026-04-25T05:48:06.319+0000] {logging_mixin.py:188} INFO - [2026-04-25T05:48:06.319+0000] {dagbag.py:538} INFO - Filling up the DagBag from /home/airflow/dags/data_merge_dag.py
[2026-04-25T05:48:06.536+0000] {processor.py:840} INFO - DAG(s) 'data_merge_pipeline' retrieved from /home/airflow/dags/data_merge_dag.py
[2026-04-25T05:48:06.562+0000] {logging_mixin.py:188} INFO - [2026-04-25T05:48:06.562+0000] {dag.py:3036} INFO - Sync 1 DAGs
[2026-04-25T05:48:06.586+0000] {logging_mixin.py:188} INFO - [2026-04-25T05:48:06.585+0000] {dag.py:3823} INFO - Setting next_dagrun for data_merge_pipeline to 2026-04-26 00:00:00+00:00, run_after=2026-05-03 00:00:00+00:00
[2026-04-25T05:48:06.612+0000] {processor.py:183} INFO - Processing /home/airflow/dags/data_merge_dag.py took 0.298 seconds
[2026-04-25T05:48:36.892+0000] {processor.py:161} INFO - Started process (PID=5223) to work on /home/airflow/dags/data_merge_dag.py
[2026-04-25T05:48:36.894+0000] {processor.py:830} INFO - Processing file /home/airflow/dags/data_merge_dag.py for tasks to queue
[2026-04-25T05:48:36.896+0000] {logging_mixin.py:188} INFO - [2026-04-25T05:48:36.895+0000] {dagbag.py:538} INFO - Filling up the DagBag from /home/airflow/dags/data_merge_dag.py
[2026-04-25T05:48:37.133+0000] {processor.py:840} INFO - DAG(s) 'data_merge_pipeline' retrieved from /home/airflow/dags/data_merge_dag.py
[2026-04-25T05:48:37.158+0000] {logging_mixin.py:188} INFO - [2026-04-25T05:48:37.158+0000] {dag.py:3036} INFO - Sync 1 DAGs
[2026-04-25T05:48:37.178+0000] {logging_mixin.py:188} INFO - [2026-04-25T05:48:37.178+0000] {dag.py:3823} INFO - Setting next_dagrun for data_merge_pipeline to 2026-04-26 00:00:00+00:00, run_after=2026-05-03 00:00:00+00:00
[2026-04-25T05:48:37.201+0000] {processor.py:183} INFO - Processing /home/airflow/dags/data_merge_dag.py took 0.313 seconds
[2026-04-25T05:49:07.342+0000] {processor.py:161} INFO - Started process (PID=5255) to work on /home/airflow/dags/data_merge_dag.py
[2026-04-25T05:49:07.343+0000] {processor.py:830} INFO - Processing file /home/airflow/dags/data_merge_dag.py for tasks to queue
[2026-04-25T05:49:07.344+0000] {logging_mixin.py:188} INFO - [2026-04-25T05:49:07.343+0000] {dagbag.py:538} INFO - Filling up the DagBag from /home/airflow/dags/data_merge_dag.py
[2026-04-25T05:49:07.590+0000] {processor.py:840} INFO - DAG(s) 'data_merge_pipeline' retrieved from /home/airflow/dags/data_merge_dag.py
[2026-04-25T05:49:07.616+0000] {logging_mixin.py:188} INFO - [2026-04-25T05:49:07.616+0000] {dag.py:3036} INFO - Sync 1 DAGs
[2026-04-25T05:49:07.641+0000] {logging_mixin.py:188} INFO - [2026-04-25T05:49:07.641+0000] {dag.py:3823} INFO - Setting next_dagrun for data_merge_pipeline to 2026-04-26 00:00:00+00:00, run_after=2026-05-03 00:00:00+00:00
[2026-04-25T05:49:07.665+0000] {processor.py:183} INFO - Processing /home/airflow/dags/data_merge_dag.py took 0.326 seconds
[2026-04-25T05:49:38.577+0000] {processor.py:161} INFO - Started process (PID=5287) to work on /home/airflow/dags/data_merge_dag.py
[2026-04-25T05:49:38.578+0000] {processor.py:830} INFO - Processing file /home/airflow/dags/data_merge_dag.py for tasks to queue
[2026-04-25T05:49:38.579+0000] {logging_mixin.py:188} INFO - [2026-04-25T05:49:38.579+0000] {dagbag.py:538} INFO - Filling up the DagBag from /home/airflow/dags/data_merge_dag.py
[2026-04-25T05:49:38.810+0000] {processor.py:840} INFO - DAG(s) 'data_merge_pipeline' retrieved from /home/airflow/dags/data_merge_dag.py
[2026-04-25T05:49:38.834+0000] {logging_mixin.py:188} INFO - [2026-04-25T05:49:38.833+0000] {dag.py:3036} INFO - Sync 1 DAGs
[2026-04-25T05:49:38.982+0000] {logging_mixin.py:188} INFO - [2026-04-25T05:49:38.981+0000] {dag.py:3823} INFO - Setting next_dagrun for data_merge_pipeline to 2026-04-26 00:00:00+00:00, run_after=2026-05-03 00:00:00+00:00
[2026-04-25T05:49:39.003+0000] {processor.py:183} INFO - Processing /home/airflow/dags/data_merge_dag.py took 0.429 seconds
[2026-04-25T05:50:09.345+0000] {processor.py:161} INFO - Started process (PID=5319) to work on /home/airflow/dags/data_merge_dag.py
[2026-04-25T05:50:09.346+0000] {processor.py:830} INFO - Processing file /home/airflow/dags/data_merge_dag.py for tasks to queue
[2026-04-25T05:50:09.347+0000] {logging_mixin.py:188} INFO - [2026-04-25T05:50:09.347+0000] {dagbag.py:538} INFO - Filling up the DagBag from /home/airflow/dags/data_merge_dag.py
[2026-04-25T05:50:09.583+0000] {processor.py:840} INFO - DAG(s) 'data_merge_pipeline' retrieved from /home/airflow/dags/data_merge_dag.py
[2026-04-25T05:50:09.605+0000] {logging_mixin.py:188} INFO - [2026-04-25T05:50:09.605+0000] {dag.py:3036} INFO - Sync 1 DAGs
[2026-04-25T05:50:09.624+0000] {logging_mixin.py:188} INFO - [2026-04-25T05:50:09.624+0000] {dag.py:3823} INFO - Setting next_dagrun for data_merge_pipeline to 2026-04-26 00:00:00+00:00, run_after=2026-05-03 00:00:00+00:00
[2026-04-25T05:50:09.762+0000] {processor.py:183} INFO - Processing /home/airflow/dags/data_merge_dag.py took 0.420 seconds
[2026-04-25T05:50:39.826+0000] {processor.py:161} INFO - Started process (PID=5351) to work on /home/airflow/dags/data_merge_dag.py
[2026-04-25T05:50:39.827+0000] {processor.py:830} INFO - Processing file /home/airflow/dags/data_merge_dag.py for tasks to queue
[2026-04-25T05:50:39.828+0000] {logging_mixin.py:188} INFO - [2026-04-25T05:50:39.827+0000] {dagbag.py:538} INFO - Filling up the DagBag from /home/airflow/dags/data_merge_dag.py
[2026-04-25T05:50:40.046+0000] {processor.py:840} INFO - DAG(s) 'data_merge_pipeline' retrieved from /home/airflow/dags/data_merge_dag.py
[2026-04-25T05:50:40.070+0000] {logging_mixin.py:188} INFO - [2026-04-25T05:50:40.069+0000] {dag.py:3036} INFO - Sync 1 DAGs
[2026-04-25T05:50:40.092+0000] {logging_mixin.py:188} INFO - [2026-04-25T05:50:40.092+0000] {dag.py:3823} INFO - Setting next_dagrun for data_merge_pipeline to 2026-04-26 00:00:00+00:00, run_after=2026-05-03 00:00:00+00:00
[2026-04-25T05:50:40.243+0000] {processor.py:183} INFO - Processing /home/airflow/dags/data_merge_dag.py took 0.421 seconds
[2026-04-25T05:51:10.299+0000] {processor.py:161} INFO - Started process (PID=5383) to work on /home/airflow/dags/data_merge_dag.py
[2026-04-25T05:51:10.300+0000] {processor.py:830} INFO - Processing file /home/airflow/dags/data_merge_dag.py for tasks to queue
[2026-04-25T05:51:10.301+0000] {logging_mixin.py:188} INFO - [2026-04-25T05:51:10.301+0000] {dagbag.py:538} INFO - Filling up the DagBag from /home/airflow/dags/data_merge_dag.py
[2026-04-25T05:51:10.671+0000] {processor.py:840} INFO - DAG(s) 'data_merge_pipeline' retrieved from /home/airflow/dags/data_merge_dag.py
[2026-04-25T05:51:10.692+0000] {logging_mixin.py:188} INFO - [2026-04-25T05:51:10.692+0000] {dag.py:3036} INFO - Sync 1 DAGs
[2026-04-25T05:51:10.711+0000] {logging_mixin.py:188} INFO - [2026-04-25T05:51:10.711+0000] {dag.py:3823} INFO - Setting next_dagrun for data_merge_pipeline to 2026-04-26 00:00:00+00:00, run_after=2026-05-03 00:00:00+00:00
[2026-04-25T05:51:10.736+0000] {processor.py:183} INFO - Processing /home/airflow/dags/data_merge_dag.py took 0.441 seconds
[2026-04-25T06:04:31.615+0000] {processor.py:161} INFO - Started process (PID=5439) to work on /home/airflow/dags/data_merge_dag.py
[2026-04-25T06:04:31.616+0000] {processor.py:830} INFO - Processing file /home/airflow/dags/data_merge_dag.py for tasks to queue
[2026-04-25T06:04:31.619+0000] {logging_mixin.py:188} INFO - [2026-04-25T06:04:31.618+0000] {dagbag.py:538} INFO - Filling up the DagBag from /home/airflow/dags/data_merge_dag.py
[2026-04-25T06:04:33.030+0000] {processor.py:840} INFO - DAG(s) 'data_merge_pipeline' retrieved from /home/airflow/dags/data_merge_dag.py
[2026-04-25T06:04:33.087+0000] {logging_mixin.py:188} INFO - [2026-04-25T06:04:33.087+0000] {dag.py:3036} INFO - Sync 1 DAGs
[2026-04-25T06:04:33.129+0000] {logging_mixin.py:188} INFO - [2026-04-25T06:04:33.129+0000] {dag.py:3823} INFO - Setting next_dagrun for data_merge_pipeline to 2026-04-26 00:00:00+00:00, run_after=2026-05-03 00:00:00+00:00
[2026-04-25T06:04:33.169+0000] {processor.py:183} INFO - Processing /home/airflow/dags/data_merge_dag.py took 1.558 seconds
[2026-04-25T06:05:03.389+0000] {processor.py:161} INFO - Started process (PID=5473) to work on /home/airflow/dags/data_merge_dag.py
[2026-04-25T06:05:03.390+0000] {processor.py:830} INFO - Processing file /home/airflow/dags/data_merge_dag.py for tasks to queue
[2026-04-25T06:05:03.391+0000] {logging_mixin.py:188} INFO - [2026-04-25T06:05:03.391+0000] {dagbag.py:538} INFO - Filling up the DagBag from /home/airflow/dags/data_merge_dag.py
[2026-04-25T06:05:03.713+0000] {processor.py:840} INFO - DAG(s) 'data_merge_pipeline' retrieved from /home/airflow/dags/data_merge_dag.py
[2026-04-25T06:05:03.732+0000] {logging_mixin.py:188} INFO - [2026-04-25T06:05:03.731+0000] {dag.py:3036} INFO - Sync 1 DAGs
[2026-04-25T06:05:03.746+0000] {logging_mixin.py:188} INFO - [2026-04-25T06:05:03.746+0000] {dag.py:3823} INFO - Setting next_dagrun for data_merge_pipeline to 2026-04-26 00:00:00+00:00, run_after=2026-05-03 00:00:00+00:00
[2026-04-25T06:05:03.768+0000] {processor.py:183} INFO - Processing /home/airflow/dags/data_merge_dag.py took 0.382 seconds
[2026-04-25T06:05:33.905+0000] {processor.py:161} INFO - Started process (PID=5495) to work on /home/airflow/dags/data_merge_dag.py
[2026-04-25T06:05:33.906+0000] {processor.py:830} INFO - Processing file /home/airflow/dags/data_merge_dag.py for tasks to queue
[2026-04-25T06:05:33.907+0000] {logging_mixin.py:188} INFO - [2026-04-25T06:05:33.907+0000] {dagbag.py:538} INFO - Filling up the DagBag from /home/airflow/dags/data_merge_dag.py
[2026-04-25T06:05:34.342+0000] {processor.py:840} INFO - DAG(s) 'data_merge_pipeline' retrieved from /home/airflow/dags/data_merge_dag.py
[2026-04-25T06:05:34.364+0000] {logging_mixin.py:188} INFO - [2026-04-25T06:05:34.363+0000] {dag.py:3036} INFO - Sync 1 DAGs
[2026-04-25T06:05:34.391+0000] {logging_mixin.py:188} INFO - [2026-04-25T06:05:34.390+0000] {dag.py:3823} INFO - Setting next_dagrun for data_merge_pipeline to 2026-04-26 00:00:00+00:00, run_after=2026-05-03 00:00:00+00:00
[2026-04-25T06:05:34.424+0000] {processor.py:183} INFO - Processing /home/airflow/dags/data_merge_dag.py took 0.522 seconds
[2026-04-25T06:06:04.768+0000] {processor.py:161} INFO - Started process (PID=5522) to work on /home/airflow/dags/data_merge_dag.py
[2026-04-25T06:06:04.769+0000] {processor.py:830} INFO - Processing file /home/airflow/dags/data_merge_dag.py for tasks to queue
[2026-04-25T06:06:04.770+0000] {logging_mixin.py:188} INFO - [2026-04-25T06:06:04.769+0000] {dagbag.py:538} INFO - Filling up the DagBag from /home/airflow/dags/data_merge_dag.py
[2026-04-25T06:06:05.128+0000] {processor.py:840} INFO - DAG(s) 'data_merge_pipeline' retrieved from /home/airflow/dags/data_merge_dag.py
[2026-04-25T06:06:05.150+0000] {logging_mixin.py:188} INFO - [2026-04-25T06:06:05.149+0000] {dag.py:3036} INFO - Sync 1 DAGs
[2026-04-25T06:06:05.167+0000] {logging_mixin.py:188} INFO - [2026-04-25T06:06:05.167+0000] {dag.py:3823} INFO - Setting next_dagrun for data_merge_pipeline to 2026-04-26 00:00:00+00:00, run_after=2026-05-03 00:00:00+00:00
[2026-04-25T06:06:05.193+0000] {processor.py:183} INFO - Processing /home/airflow/dags/data_merge_dag.py took 0.429 seconds
[2026-04-25T06:06:35.381+0000] {processor.py:161} INFO - Started process (PID=5546) to work on /home/airflow/dags/data_merge_dag.py
[2026-04-25T06:06:35.383+0000] {processor.py:830} INFO - Processing file /home/airflow/dags/data_merge_dag.py for tasks to queue
[2026-04-25T06:06:35.384+0000] {logging_mixin.py:188} INFO - [2026-04-25T06:06:35.384+0000] {dagbag.py:538} INFO - Filling up the DagBag from /home/airflow/dags/data_merge_dag.py
[2026-04-25T06:06:35.856+0000] {processor.py:840} INFO - DAG(s) 'data_merge_pipeline' retrieved from /home/airflow/dags/data_merge_dag.py
[2026-04-25T06:06:35.887+0000] {logging_mixin.py:188} INFO - [2026-04-25T06:06:35.885+0000] {dag.py:3036} INFO - Sync 1 DAGs
[2026-04-25T06:06:35.956+0000] {logging_mixin.py:188} INFO - [2026-04-25T06:06:35.956+0000] {dag.py:3823} INFO - Setting next_dagrun for data_merge_pipeline to 2026-04-26 00:00:00+00:00, run_after=2026-05-03 00:00:00+00:00
[2026-04-25T06:06:35.996+0000] {processor.py:183} INFO - Processing /home/airflow/dags/data_merge_dag.py took 0.619 seconds
[2026-04-25T06:07:06.768+0000] {processor.py:161} INFO - Started process (PID=5578) to work on /home/airflow/dags/data_merge_dag.py
[2026-04-25T06:07:06.769+0000] {processor.py:830} INFO - Processing file /home/airflow/dags/data_merge_dag.py for tasks to queue
[2026-04-25T06:07:06.770+0000] {logging_mixin.py:188} INFO - [2026-04-25T06:07:06.769+0000] {dagbag.py:538} INFO - Filling up the DagBag from /home/airflow/dags/data_merge_dag.py
[2026-04-25T06:07:07.267+0000] {processor.py:840} INFO - DAG(s) 'data_merge_pipeline' retrieved from /home/airflow/dags/data_merge_dag.py
[2026-04-25T06:07:07.297+0000] {logging_mixin.py:188} INFO - [2026-04-25T06:07:07.294+0000] {dag.py:3036} INFO - Sync 1 DAGs
[2026-04-25T06:07:07.343+0000] {logging_mixin.py:188} INFO - [2026-04-25T06:07:07.343+0000] {dag.py:3823} INFO - Setting next_dagrun for data_merge_pipeline to 2026-04-26 00:00:00+00:00, run_after=2026-05-03 00:00:00+00:00
[2026-04-25T06:07:07.375+0000] {processor.py:183} INFO - Processing /home/airflow/dags/data_merge_dag.py took 0.610 seconds
[2026-04-25T06:07:38.038+0000] {processor.py:161} INFO - Started process (PID=5610) to work on /home/airflow/dags/data_merge_dag.py
[2026-04-25T06:07:38.039+0000] {processor.py:830} INFO - Processing file /home/airflow/dags/data_merge_dag.py for tasks to queue
[2026-04-25T06:07:38.040+0000] {logging_mixin.py:188} INFO - [2026-04-25T06:07:38.040+0000] {dagbag.py:538} INFO - Filling up the DagBag from /home/airflow/dags/data_merge_dag.py
[2026-04-25T06:07:38.491+0000] {processor.py:840} INFO - DAG(s) 'data_merge_pipeline' retrieved from /home/airflow/dags/data_merge_dag.py
[2026-04-25T06:07:38.532+0000] {logging_mixin.py:188} INFO - [2026-04-25T06:07:38.530+0000] {dag.py:3036} INFO - Sync 1 DAGs
[2026-04-25T06:07:38.587+0000] {logging_mixin.py:188} INFO - [2026-04-25T06:07:38.587+0000] {dag.py:3823} INFO - Setting next_dagrun for data_merge_pipeline to 2026-04-26 00:00:00+00:00, run_after=2026-05-03 00:00:00+00:00
[2026-04-25T06:07:38.631+0000] {processor.py:183} INFO - Processing /home/airflow/dags/data_merge_dag.py took 0.596 seconds
[2026-04-25T06:08:09.195+0000] {processor.py:161} INFO - Started process (PID=5642) to work on /home/airflow/dags/data_merge_dag.py
[2026-04-25T06:08:09.197+0000] {processor.py:830} INFO - Processing file /home/airflow/dags/data_merge_dag.py for tasks to queue
[2026-04-25T06:08:09.198+0000] {logging_mixin.py:188} INFO - [2026-04-25T06:08:09.198+0000] {dagbag.py:538} INFO - Filling up the DagBag from /home/airflow/dags/data_merge_dag.py
[2026-04-25T06:08:09.673+0000] {processor.py:840} INFO - DAG(s) 'data_merge_pipeline' retrieved from /home/airflow/dags/data_merge_dag.py
[2026-04-25T06:08:09.698+0000] {logging_mixin.py:188} INFO - [2026-04-25T06:08:09.697+0000] {dag.py:3036} INFO - Sync 1 DAGs
[2026-04-25T06:08:09.723+0000] {logging_mixin.py:188} INFO - [2026-04-25T06:08:09.722+0000] {dag.py:3823} INFO - Setting next_dagrun for data_merge_pipeline to 2026-04-26 00:00:00+00:00, run_after=2026-05-03 00:00:00+00:00
[2026-04-25T06:08:09.765+0000] {processor.py:183} INFO - Processing /home/airflow/dags/data_merge_dag.py took 0.575 seconds
[2026-04-25T06:08:40.108+0000] {processor.py:161} INFO - Started process (PID=5671) to work on /home/airflow/dags/data_merge_dag.py
[2026-04-25T06:08:40.109+0000] {processor.py:830} INFO - Processing file /home/airflow/dags/data_merge_dag.py for tasks to queue
[2026-04-25T06:08:40.110+0000] {logging_mixin.py:188} INFO - [2026-04-25T06:08:40.110+0000] {dagbag.py:538} INFO - Filling up the DagBag from /home/airflow/dags/data_merge_dag.py
[2026-04-25T06:08:40.458+0000] {processor.py:840} INFO - DAG(s) 'data_merge_pipeline' retrieved from /home/airflow/dags/data_merge_dag.py
[2026-04-25T06:08:40.478+0000] {logging_mixin.py:188} INFO - [2026-04-25T06:08:40.478+0000] {dag.py:3036} INFO - Sync 1 DAGs
[2026-04-25T06:08:40.495+0000] {logging_mixin.py:188} INFO - [2026-04-25T06:08:40.495+0000] {dag.py:3823} INFO - Setting next_dagrun for data_merge_pipeline to 2026-04-26 00:00:00+00:00, run_after=2026-05-03 00:00:00+00:00
[2026-04-25T06:08:40.516+0000] {processor.py:183} INFO - Processing /home/airflow/dags/data_merge_dag.py took 0.411 seconds
[2026-04-25T06:09:10.677+0000] {processor.py:161} INFO - Started process (PID=5703) to work on /home/airflow/dags/data_merge_dag.py
[2026-04-25T06:09:10.678+0000] {processor.py:830} INFO - Processing file /home/airflow/dags/data_merge_dag.py for tasks to queue
[2026-04-25T06:09:10.679+0000] {logging_mixin.py:188} INFO - [2026-04-25T06:09:10.679+0000] {dagbag.py:538} INFO - Filling up the DagBag from /home/airflow/dags/data_merge_dag.py
[2026-04-25T06:09:11.156+0000] {processor.py:840} INFO - DAG(s) 'data_merge_pipeline' retrieved from /home/airflow/dags/data_merge_dag.py
[2026-04-25T06:09:11.179+0000] {logging_mixin.py:188} INFO - [2026-04-25T06:09:11.178+0000] {dag.py:3036} INFO - Sync 1 DAGs
[2026-04-25T06:09:11.203+0000] {logging_mixin.py:188} INFO - [2026-04-25T06:09:11.203+0000] {dag.py:3823} INFO - Setting next_dagrun for data_merge_pipeline to 2026-04-26 00:00:00+00:00, run_after=2026-05-03 00:00:00+00:00
[2026-04-25T06:09:11.225+0000] {processor.py:183} INFO - Processing /home/airflow/dags/data_merge_dag.py took 0.551 seconds
[2026-04-25T06:09:41.526+0000] {processor.py:161} INFO - Started process (PID=5735) to work on /home/airflow/dags/data_merge_dag.py
[2026-04-25T06:09:41.527+0000] {processor.py:830} INFO - Processing file /home/airflow/dags/data_merge_dag.py for tasks to queue
[2026-04-25T06:09:41.528+0000] {logging_mixin.py:188} INFO - [2026-04-25T06:09:41.528+0000] {dagbag.py:538} INFO - Filling up the DagBag from /home/airflow/dags/data_merge_dag.py
[2026-04-25T06:09:41.960+0000] {processor.py:840} INFO - DAG(s) 'data_merge_pipeline' retrieved from /home/airflow/dags/data_merge_dag.py
[2026-04-25T06:09:41.985+0000] {logging_mixin.py:188} INFO - [2026-04-25T06:09:41.984+0000] {dag.py:3036} INFO - Sync 1 DAGs
[2026-04-25T06:09:42.009+0000] {logging_mixin.py:188} INFO - [2026-04-25T06:09:42.008+0000] {dag.py:3823} INFO - Setting next_dagrun for data_merge_pipeline to 2026-04-26 00:00:00+00:00, run_after=2026-05-03 00:00:00+00:00
[2026-04-25T06:09:42.037+0000] {processor.py:183} INFO - Processing /home/airflow/dags/data_merge_dag.py took 0.517 seconds
[2026-04-25T06:10:12.333+0000] {processor.py:161} INFO - Started process (PID=5767) to work on /home/airflow/dags/data_merge_dag.py
[2026-04-25T06:10:12.335+0000] {processor.py:830} INFO - Processing file /home/airflow/dags/data_merge_dag.py for tasks to queue
[2026-04-25T06:10:12.336+0000] {logging_mixin.py:188} INFO - [2026-04-25T06:10:12.335+0000] {dagbag.py:538} INFO - Filling up the DagBag from /home/airflow/dags/data_merge_dag.py
[2026-04-25T06:10:12.680+0000] {processor.py:840} INFO - DAG(s) 'data_merge_pipeline' retrieved from /home/airflow/dags/data_merge_dag.py
[2026-04-25T06:10:12.702+0000] {logging_mixin.py:188} INFO - [2026-04-25T06:10:12.701+0000] {dag.py:3036} INFO - Sync 1 DAGs
[2026-04-25T06:10:12.718+0000] {logging_mixin.py:188} INFO - [2026-04-25T06:10:12.718+0000] {dag.py:3823} INFO - Setting next_dagrun for data_merge_pipeline to 2026-04-26 00:00:00+00:00, run_after=2026-05-03 00:00:00+00:00
[2026-04-25T06:10:12.739+0000] {processor.py:183} INFO - Processing /home/airflow/dags/data_merge_dag.py took 0.409 seconds
[2026-04-25T06:10:43.105+0000] {processor.py:161} INFO - Started process (PID=5799) to work on /home/airflow/dags/data_merge_dag.py
[2026-04-25T06:10:43.107+0000] {processor.py:830} INFO - Processing file /home/airflow/dags/data_merge_dag.py for tasks to queue
[2026-04-25T06:10:43.109+0000] {logging_mixin.py:188} INFO - [2026-04-25T06:10:43.108+0000] {dagbag.py:538} INFO - Filling up the DagBag from /home/airflow/dags/data_merge_dag.py
[2026-04-25T06:10:43.543+0000] {processor.py:840} INFO - DAG(s) 'data_merge_pipeline' retrieved from /home/airflow/dags/data_merge_dag.py
[2026-04-25T06:10:43.563+0000] {logging_mixin.py:188} INFO - [2026-04-25T06:10:43.562+0000] {dag.py:3036} INFO - Sync 1 DAGs
[2026-04-25T06:10:43.582+0000] {logging_mixin.py:188} INFO - [2026-04-25T06:10:43.581+0000] {dag.py:3823} INFO - Setting next_dagrun for data_merge_pipeline to 2026-04-26 00:00:00+00:00, run_after=2026-05-03 00:00:00+00:00
[2026-04-25T06:10:43.603+0000] {processor.py:183} INFO - Processing /home/airflow/dags/data_merge_dag.py took 0.501 seconds
[2026-04-25T06:11:14.442+0000] {processor.py:161} INFO - Started process (PID=5831) to work on /home/airflow/dags/data_merge_dag.py
[2026-04-25T06:11:14.443+0000] {processor.py:830} INFO - Processing file /home/airflow/dags/data_merge_dag.py for tasks to queue
[2026-04-25T06:11:14.444+0000] {logging_mixin.py:188} INFO - [2026-04-25T06:11:14.444+0000] {dagbag.py:538} INFO - Filling up the DagBag from /home/airflow/dags/data_merge_dag.py
[2026-04-25T06:11:14.830+0000] {processor.py:840} INFO - DAG(s) 'data_merge_pipeline' retrieved from /home/airflow/dags/data_merge_dag.py
[2026-04-25T06:11:14.851+0000] {logging_mixin.py:188} INFO - [2026-04-25T06:11:14.851+0000] {dag.py:3036} INFO - Sync 1 DAGs
[2026-04-25T06:11:14.869+0000] {logging_mixin.py:188} INFO - [2026-04-25T06:11:14.869+0000] {dag.py:3823} INFO - Setting next_dagrun for data_merge_pipeline to 2026-04-26 00:00:00+00:00, run_after=2026-05-03 00:00:00+00:00
[2026-04-25T06:11:14.888+0000] {processor.py:183} INFO - Processing /home/airflow/dags/data_merge_dag.py took 0.449 seconds
[2026-04-25T06:11:45.719+0000] {processor.py:161} INFO - Started process (PID=5863) to work on /home/airflow/dags/data_merge_dag.py
[2026-04-25T06:11:45.721+0000] {processor.py:830} INFO - Processing file /home/airflow/dags/data_merge_dag.py for tasks to queue
[2026-04-25T06:11:45.722+0000] {logging_mixin.py:188} INFO - [2026-04-25T06:11:45.721+0000] {dagbag.py:538} INFO - Filling up the DagBag from /home/airflow/dags/data_merge_dag.py
[2026-04-25T06:11:46.083+0000] {processor.py:840} INFO - DAG(s) 'data_merge_pipeline' retrieved from /home/airflow/dags/data_merge_dag.py
[2026-04-25T06:11:46.105+0000] {logging_mixin.py:188} INFO - [2026-04-25T06:11:46.104+0000] {dag.py:3036} INFO - Sync 1 DAGs
[2026-04-25T06:11:46.128+0000] {logging_mixin.py:188} INFO - [2026-04-25T06:11:46.127+0000] {dag.py:3823} INFO - Setting next_dagrun for data_merge_pipeline to 2026-04-26 00:00:00+00:00, run_after=2026-05-03 00:00:00+00:00
[2026-04-25T06:11:46.146+0000] {processor.py:183} INFO - Processing /home/airflow/dags/data_merge_dag.py took 0.430 seconds
[2026-04-25T06:12:17.023+0000] {processor.py:161} INFO - Started process (PID=5895) to work on /home/airflow/dags/data_merge_dag.py
[2026-04-25T06:12:17.025+0000] {processor.py:830} INFO - Processing file /home/airflow/dags/data_merge_dag.py for tasks to queue
[2026-04-25T06:12:17.026+0000] {logging_mixin.py:188} INFO - [2026-04-25T06:12:17.025+0000] {dagbag.py:538} INFO - Filling up the DagBag from /home/airflow/dags/data_merge_dag.py
[2026-04-25T06:12:17.354+0000] {processor.py:840} INFO - DAG(s) 'data_merge_pipeline' retrieved from /home/airflow/dags/data_merge_dag.py
[2026-04-25T06:12:17.376+0000] {logging_mixin.py:188} INFO - [2026-04-25T06:12:17.376+0000] {dag.py:3036} INFO - Sync 1 DAGs
[2026-04-25T06:12:17.394+0000] {logging_mixin.py:188} INFO - [2026-04-25T06:12:17.394+0000] {dag.py:3823} INFO - Setting next_dagrun for data_merge_pipeline to 2026-04-26 00:00:00+00:00, run_after=2026-05-03 00:00:00+00:00
[2026-04-25T06:12:17.415+0000] {processor.py:183} INFO - Processing /home/airflow/dags/data_merge_dag.py took 0.394 seconds
[2026-04-25T06:12:47.470+0000] {processor.py:161} INFO - Started process (PID=5927) to work on /home/airflow/dags/data_merge_dag.py
[2026-04-25T06:12:47.472+0000] {processor.py:830} INFO - Processing file /home/airflow/dags/data_merge_dag.py for tasks to queue
[2026-04-25T06:12:47.473+0000] {logging_mixin.py:188} INFO - [2026-04-25T06:12:47.472+0000] {dagbag.py:538} INFO - Filling up the DagBag from /home/airflow/dags/data_merge_dag.py
[2026-04-25T06:12:47.819+0000] {processor.py:840} INFO - DAG(s) 'data_merge_pipeline' retrieved from /home/airflow/dags/data_merge_dag.py
[2026-04-25T06:12:47.841+0000] {logging_mixin.py:188} INFO - [2026-04-25T06:12:47.840+0000] {dag.py:3036} INFO - Sync 1 DAGs
[2026-04-25T06:12:47.858+0000] {logging_mixin.py:188} INFO - [2026-04-25T06:12:47.857+0000] {dag.py:3823} INFO - Setting next_dagrun for data_merge_pipeline to 2026-04-26 00:00:00+00:00, run_after=2026-05-03 00:00:00+00:00
[2026-04-25T06:12:47.879+0000] {processor.py:183} INFO - Processing /home/airflow/dags/data_merge_dag.py took 0.412 seconds
[2026-04-25T06:13:18.583+0000] {processor.py:161} INFO - Started process (PID=5959) to work on /home/airflow/dags/data_merge_dag.py
[2026-04-25T06:13:18.584+0000] {processor.py:830} INFO - Processing file /home/airflow/dags/data_merge_dag.py for tasks to queue
[2026-04-25T06:13:18.585+0000] {logging_mixin.py:188} INFO - [2026-04-25T06:13:18.585+0000] {dagbag.py:538} INFO - Filling up the DagBag from /home/airflow/dags/data_merge_dag.py
[2026-04-25T06:13:19.417+0000] {processor.py:840} INFO - DAG(s) 'data_merge_pipeline' retrieved from /home/airflow/dags/data_merge_dag.py
[2026-04-25T06:13:19.449+0000] {logging_mixin.py:188} INFO - [2026-04-25T06:13:19.448+0000] {dag.py:3036} INFO - Sync 1 DAGs
[2026-04-25T06:13:19.491+0000] {logging_mixin.py:188} INFO - [2026-04-25T06:13:19.490+0000] {dag.py:3823} INFO - Setting next_dagrun for data_merge_pipeline to 2026-04-26 00:00:00+00:00, run_after=2026-05-03 00:00:00+00:00
[2026-04-25T06:13:19.565+0000] {processor.py:183} INFO - Processing /home/airflow/dags/data_merge_dag.py took 0.986 seconds
[2026-04-25T06:13:49.915+0000] {processor.py:161} INFO - Started process (PID=5991) to work on /home/airflow/dags/data_merge_dag.py
[2026-04-25T06:13:49.917+0000] {processor.py:830} INFO - Processing file /home/airflow/dags/data_merge_dag.py for tasks to queue
[2026-04-25T06:13:49.918+0000] {logging_mixin.py:188} INFO - [2026-04-25T06:13:49.917+0000] {dagbag.py:538} INFO - Filling up the DagBag from /home/airflow/dags/data_merge_dag.py
[2026-04-25T06:13:50.157+0000] {processor.py:840} INFO - DAG(s) 'data_merge_pipeline' retrieved from /home/airflow/dags/data_merge_dag.py
[2026-04-25T06:13:50.181+0000] {logging_mixin.py:188} INFO - [2026-04-25T06:13:50.181+0000] {dag.py:3036} INFO - Sync 1 DAGs
[2026-04-25T06:13:50.201+0000] {logging_mixin.py:188} INFO - [2026-04-25T06:13:50.201+0000] {dag.py:3823} INFO - Setting next_dagrun for data_merge_pipeline to 2026-04-26 00:00:00+00:00, run_after=2026-05-03 00:00:00+00:00
[2026-04-25T06:13:50.223+0000] {processor.py:183} INFO - Processing /home/airflow/dags/data_merge_dag.py took 0.311 seconds
[2026-04-25T06:14:20.520+0000] {processor.py:161} INFO - Started process (PID=6023) to work on /home/airflow/dags/data_merge_dag.py
[2026-04-25T06:14:20.521+0000] {processor.py:830} INFO - Processing file /home/airflow/dags/data_merge_dag.py for tasks to queue
[2026-04-25T06:14:20.523+0000] {logging_mixin.py:188} INFO - [2026-04-25T06:14:20.522+0000] {dagbag.py:538} INFO - Filling up the DagBag from /home/airflow/dags/data_merge_dag.py
[2026-04-25T06:14:20.754+0000] {processor.py:840} INFO - DAG(s) 'data_merge_pipeline' retrieved from /home/airflow/dags/data_merge_dag.py
[2026-04-25T06:14:20.776+0000] {logging_mixin.py:188} INFO - [2026-04-25T06:14:20.775+0000] {dag.py:3036} INFO - Sync 1 DAGs
[2026-04-25T06:14:20.803+0000] {logging_mixin.py:188} INFO - [2026-04-25T06:14:20.803+0000] {dag.py:3823} INFO - Setting next_dagrun for data_merge_pipeline to 2026-04-26 00:00:00+00:00, run_after=2026-05-03 00:00:00+00:00
[2026-04-25T06:14:20.827+0000] {processor.py:183} INFO - Processing /home/airflow/dags/data_merge_dag.py took 0.309 seconds
[2026-04-25T06:14:51.002+0000] {processor.py:161} INFO - Started process (PID=6055) to work on /home/airflow/dags/data_merge_dag.py
[2026-04-25T06:14:51.003+0000] {processor.py:830} INFO - Processing file /home/airflow/dags/data_merge_dag.py for tasks to queue
[2026-04-25T06:14:51.004+0000] {logging_mixin.py:188} INFO - [2026-04-25T06:14:51.004+0000] {dagbag.py:538} INFO - Filling up the DagBag from /home/airflow/dags/data_merge_dag.py
[2026-04-25T06:14:51.213+0000] {processor.py:840} INFO - DAG(s) 'data_merge_pipeline' retrieved from /home/airflow/dags/data_merge_dag.py
[2026-04-25T06:14:51.238+0000] {logging_mixin.py:188} INFO - [2026-04-25T06:14:51.237+0000] {dag.py:3036} INFO - Sync 1 DAGs
[2026-04-25T06:14:51.258+0000] {logging_mixin.py:188} INFO - [2026-04-25T06:14:51.258+0000] {dag.py:3823} INFO - Setting next_dagrun for data_merge_pipeline to 2026-04-26 00:00:00+00:00, run_after=2026-05-03 00:00:00+00:00
[2026-04-25T06:14:51.281+0000] {processor.py:183} INFO - Processing /home/airflow/dags/data_merge_dag.py took 0.283 seconds
[2026-04-25T06:15:21.568+0000] {processor.py:161} INFO - Started process (PID=6087) to work on /home/airflow/dags/data_merge_dag.py
[2026-04-25T06:15:21.570+0000] {processor.py:830} INFO - Processing file /home/airflow/dags/data_merge_dag.py for tasks to queue
[2026-04-25T06:15:21.572+0000] {logging_mixin.py:188} INFO - [2026-04-25T06:15:21.571+0000] {dagbag.py:538} INFO - Filling up the DagBag from /home/airflow/dags/data_merge_dag.py
[2026-04-25T06:15:21.906+0000] {processor.py:840} INFO - DAG(s) 'data_merge_pipeline' retrieved from /home/airflow/dags/data_merge_dag.py
[2026-04-25T06:15:21.932+0000] {logging_mixin.py:188} INFO - [2026-04-25T06:15:21.931+0000] {dag.py:3036} INFO - Sync 1 DAGs
[2026-04-25T06:15:21.956+0000] {logging_mixin.py:188} INFO - [2026-04-25T06:15:21.956+0000] {dag.py:3823} INFO - Setting next_dagrun for data_merge_pipeline to 2026-04-26 00:00:00+00:00, run_after=2026-05-03 00:00:00+00:00
[2026-04-25T06:15:21.978+0000] {processor.py:183} INFO - Processing /home/airflow/dags/data_merge_dag.py took 0.414 seconds
[2026-04-25T06:15:52.093+0000] {processor.py:161} INFO - Started process (PID=6119) to work on /home/airflow/dags/data_merge_dag.py
[2026-04-25T06:15:52.094+0000] {processor.py:830} INFO - Processing file /home/airflow/dags/data_merge_dag.py for tasks to queue
[2026-04-25T06:15:52.095+0000] {logging_mixin.py:188} INFO - [2026-04-25T06:15:52.095+0000] {dagbag.py:538} INFO - Filling up the DagBag from /home/airflow/dags/data_merge_dag.py
[2026-04-25T06:15:52.312+0000] {processor.py:840} INFO - DAG(s) 'data_merge_pipeline' retrieved from /home/airflow/dags/data_merge_dag.py
[2026-04-25T06:15:52.337+0000] {logging_mixin.py:188} INFO - [2026-04-25T06:15:52.336+0000] {dag.py:3036} INFO - Sync 1 DAGs
[2026-04-25T06:15:52.358+0000] {logging_mixin.py:188} INFO - [2026-04-25T06:15:52.358+0000] {dag.py:3823} INFO - Setting next_dagrun for data_merge_pipeline to 2026-04-26 00:00:00+00:00, run_after=2026-05-03 00:00:00+00:00
[2026-04-25T06:15:52.382+0000] {processor.py:183} INFO - Processing /home/airflow/dags/data_merge_dag.py took 0.292 seconds
[2026-04-25T06:16:23.393+0000] {processor.py:161} INFO - Started process (PID=6151) to work on /home/airflow/dags/data_merge_dag.py
[2026-04-25T06:16:23.394+0000] {processor.py:830} INFO - Processing file /home/airflow/dags/data_merge_dag.py for tasks to queue
[2026-04-25T06:16:23.395+0000] {logging_mixin.py:188} INFO - [2026-04-25T06:16:23.395+0000] {dagbag.py:538} INFO - Filling up the DagBag from /home/airflow/dags/data_merge_dag.py
[2026-04-25T06:16:23.631+0000] {processor.py:840} INFO - DAG(s) 'data_merge_pipeline' retrieved from /home/airflow/dags/data_merge_dag.py
[2026-04-25T06:16:23.656+0000] {logging_mixin.py:188} INFO - [2026-04-25T06:16:23.655+0000] {dag.py:3036} INFO - Sync 1 DAGs
[2026-04-25T06:16:23.676+0000] {logging_mixin.py:188} INFO - [2026-04-25T06:16:23.676+0000] {dag.py:3823} INFO - Setting next_dagrun for data_merge_pipeline to 2026-04-26 00:00:00+00:00, run_after=2026-05-03 00:00:00+00:00
[2026-04-25T06:16:23.699+0000] {processor.py:183} INFO - Processing /home/airflow/dags/data_merge_dag.py took 0.308 seconds
[2026-04-25T06:16:53.996+0000] {processor.py:161} INFO - Started process (PID=6183) to work on /home/airflow/dags/data_merge_dag.py
[2026-04-25T06:16:53.997+0000] {processor.py:830} INFO - Processing file /home/airflow/dags/data_merge_dag.py for tasks to queue
[2026-04-25T06:16:53.998+0000] {logging_mixin.py:188} INFO - [2026-04-25T06:16:53.998+0000] {dagbag.py:538} INFO - Filling up the DagBag from /home/airflow/dags/data_merge_dag.py
[2026-04-25T06:16:54.249+0000] {processor.py:840} INFO - DAG(s) 'data_merge_pipeline' retrieved from /home/airflow/dags/data_merge_dag.py
[2026-04-25T06:16:54.278+0000] {logging_mixin.py:188} INFO - [2026-04-25T06:16:54.277+0000] {dag.py:3036} INFO - Sync 1 DAGs
[2026-04-25T06:16:54.299+0000] {logging_mixin.py:188} INFO - [2026-04-25T06:16:54.299+0000] {dag.py:3823} INFO - Setting next_dagrun for data_merge_pipeline to 2026-04-26 00:00:00+00:00, run_after=2026-05-03 00:00:00+00:00
[2026-04-25T06:16:54.324+0000] {processor.py:183} INFO - Processing /home/airflow/dags/data_merge_dag.py took 0.331 seconds
[2026-04-25T06:17:24.495+0000] {processor.py:161} INFO - Started process (PID=6215) to work on /home/airflow/dags/data_merge_dag.py
[2026-04-25T06:17:24.496+0000] {processor.py:830} INFO - Processing file /home/airflow/dags/data_merge_dag.py for tasks to queue
[2026-04-25T06:17:24.497+0000] {logging_mixin.py:188} INFO - [2026-04-25T06:17:24.497+0000] {dagbag.py:538} INFO - Filling up the DagBag from /home/airflow/dags/data_merge_dag.py
[2026-04-25T06:17:24.733+0000] {processor.py:840} INFO - DAG(s) 'data_merge_pipeline' retrieved from /home/airflow/dags/data_merge_dag.py
[2026-04-25T06:17:24.758+0000] {logging_mixin.py:188} INFO - [2026-04-25T06:17:24.757+0000] {dag.py:3036} INFO - Sync 1 DAGs
[2026-04-25T06:17:24.778+0000] {logging_mixin.py:188} INFO - [2026-04-25T06:17:24.778+0000] {dag.py:3823} INFO - Setting next_dagrun for data_merge_pipeline to 2026-04-26 00:00:00+00:00, run_after=2026-05-03 00:00:00+00:00
[2026-04-25T06:17:24.802+0000] {processor.py:183} INFO - Processing /home/airflow/dags/data_merge_dag.py took 0.311 seconds
[2026-04-25T06:17:55.104+0000] {processor.py:161} INFO - Started process (PID=6247) to work on /home/airflow/dags/data_merge_dag.py
[2026-04-25T06:17:55.105+0000] {processor.py:830} INFO - Processing file /home/airflow/dags/data_merge_dag.py for tasks to queue
[2026-04-25T06:17:55.106+0000] {logging_mixin.py:188} INFO - [2026-04-25T06:17:55.105+0000] {dagbag.py:538} INFO - Filling up the DagBag from /home/airflow/dags/data_merge_dag.py
[2026-04-25T06:17:55.327+0000] {processor.py:840} INFO - DAG(s) 'data_merge_pipeline' retrieved from /home/airflow/dags/data_merge_dag.py
[2026-04-25T06:17:55.354+0000] {logging_mixin.py:188} INFO - [2026-04-25T06:17:55.354+0000] {dag.py:3036} INFO - Sync 1 DAGs
[2026-04-25T06:17:55.379+0000] {logging_mixin.py:188} INFO - [2026-04-25T06:17:55.378+0000] {dag.py:3823} INFO - Setting next_dagrun for data_merge_pipeline to 2026-04-26 00:00:00+00:00, run_after=2026-05-03 00:00:00+00:00
[2026-04-25T06:17:55.402+0000] {processor.py:183} INFO - Processing /home/airflow/dags/data_merge_dag.py took 0.301 seconds
[2026-04-25T06:18:25.719+0000] {processor.py:161} INFO - Started process (PID=6279) to work on /home/airflow/dags/data_merge_dag.py
[2026-04-25T06:18:25.721+0000] {processor.py:830} INFO - Processing file /home/airflow/dags/data_merge_dag.py for tasks to queue
[2026-04-25T06:18:25.722+0000] {logging_mixin.py:188} INFO - [2026-04-25T06:18:25.722+0000] {dagbag.py:538} INFO - Filling up the DagBag from /home/airflow/dags/data_merge_dag.py
[2026-04-25T06:18:26.009+0000] {processor.py:840} INFO - DAG(s) 'data_merge_pipeline' retrieved from /home/airflow/dags/data_merge_dag.py
[2026-04-25T06:18:26.036+0000] {logging_mixin.py:188} INFO - [2026-04-25T06:18:26.036+0000] {dag.py:3036} INFO - Sync 1 DAGs
[2026-04-25T06:18:26.062+0000] {logging_mixin.py:188} INFO - [2026-04-25T06:18:26.062+0000] {dag.py:3823} INFO - Setting next_dagrun for data_merge_pipeline to 2026-04-26 00:00:00+00:00, run_after=2026-05-03 00:00:00+00:00
[2026-04-25T06:18:26.092+0000] {processor.py:183} INFO - Processing /home/airflow/dags/data_merge_dag.py took 0.376 seconds
[2026-04-25T06:18:56.285+0000] {processor.py:161} INFO - Started process (PID=6311) to work on /home/airflow/dags/data_merge_dag.py
[2026-04-25T06:18:56.287+0000] {processor.py:830} INFO - Processing file /home/airflow/dags/data_merge_dag.py for tasks to queue
[2026-04-25T06:18:56.288+0000] {logging_mixin.py:188} INFO - [2026-04-25T06:18:56.287+0000] {dagbag.py:538} INFO - Filling up the DagBag from /home/airflow/dags/data_merge_dag.py
[2026-04-25T06:18:56.503+0000] {processor.py:840} INFO - DAG(s) 'data_merge_pipeline' retrieved from /home/airflow/dags/data_merge_dag.py
[2026-04-25T06:18:56.528+0000] {logging_mixin.py:188} INFO - [2026-04-25T06:18:56.528+0000] {dag.py:3036} INFO - Sync 1 DAGs
[2026-04-25T06:18:56.550+0000] {logging_mixin.py:188} INFO - [2026-04-25T06:18:56.549+0000] {dag.py:3823} INFO - Setting next_dagrun for data_merge_pipeline to 2026-04-26 00:00:00+00:00, run_after=2026-05-03 00:00:00+00:00
[2026-04-25T06:18:56.574+0000] {processor.py:183} INFO - Processing /home/airflow/dags/data_merge_dag.py took 0.291 seconds
[2026-04-25T06:19:26.859+0000] {processor.py:161} INFO - Started process (PID=6343) to work on /home/airflow/dags/data_merge_dag.py
[2026-04-25T06:19:26.860+0000] {processor.py:830} INFO - Processing file /home/airflow/dags/data_merge_dag.py for tasks to queue
[2026-04-25T06:19:26.861+0000] {logging_mixin.py:188} INFO - [2026-04-25T06:19:26.861+0000] {dagbag.py:538} INFO - Filling up the DagBag from /home/airflow/dags/data_merge_dag.py
[2026-04-25T06:19:27.084+0000] {processor.py:840} INFO - DAG(s) 'data_merge_pipeline' retrieved from /home/airflow/dags/data_merge_dag.py
[2026-04-25T06:19:27.110+0000] {logging_mixin.py:188} INFO - [2026-04-25T06:19:27.109+0000] {dag.py:3036} INFO - Sync 1 DAGs
[2026-04-25T06:19:27.129+0000] {logging_mixin.py:188} INFO - [2026-04-25T06:19:27.129+0000] {dag.py:3823} INFO - Setting next_dagrun for data_merge_pipeline to 2026-04-26 00:00:00+00:00, run_after=2026-05-03 00:00:00+00:00
[2026-04-25T06:19:27.150+0000] {processor.py:183} INFO - Processing /home/airflow/dags/data_merge_dag.py took 0.294 seconds
[2026-04-25T06:19:57.340+0000] {processor.py:161} INFO - Started process (PID=6375) to work on /home/airflow/dags/data_merge_dag.py
[2026-04-25T06:19:57.341+0000] {processor.py:830} INFO - Processing file /home/airflow/dags/data_merge_dag.py for tasks to queue
[2026-04-25T06:19:57.342+0000] {logging_mixin.py:188} INFO - [2026-04-25T06:19:57.341+0000] {dagbag.py:538} INFO - Filling up the DagBag from /home/airflow/dags/data_merge_dag.py
[2026-04-25T06:19:57.561+0000] {processor.py:840} INFO - DAG(s) 'data_merge_pipeline' retrieved from /home/airflow/dags/data_merge_dag.py
[2026-04-25T06:19:57.583+0000] {logging_mixin.py:188} INFO - [2026-04-25T06:19:57.582+0000] {dag.py:3036} INFO - Sync 1 DAGs
[2026-04-25T06:19:57.600+0000] {logging_mixin.py:188} INFO - [2026-04-25T06:19:57.599+0000] {dag.py:3823} INFO - Setting next_dagrun for data_merge_pipeline to 2026-04-26 00:00:00+00:00, run_after=2026-05-03 00:00:00+00:00
[2026-04-25T06:19:57.621+0000] {processor.py:183} INFO - Processing /home/airflow/dags/data_merge_dag.py took 0.284 seconds
[2026-04-25T06:20:27.898+0000] {processor.py:161} INFO - Started process (PID=6407) to work on /home/airflow/dags/data_merge_dag.py
[2026-04-25T06:20:27.899+0000] {processor.py:830} INFO - Processing file /home/airflow/dags/data_merge_dag.py for tasks to queue
[2026-04-25T06:20:27.900+0000] {logging_mixin.py:188} INFO - [2026-04-25T06:20:27.899+0000] {dagbag.py:538} INFO - Filling up the DagBag from /home/airflow/dags/data_merge_dag.py
[2026-04-25T06:20:28.128+0000] {processor.py:840} INFO - DAG(s) 'data_merge_pipeline' retrieved from /home/airflow/dags/data_merge_dag.py
[2026-04-25T06:20:28.154+0000] {logging_mixin.py:188} INFO - [2026-04-25T06:20:28.153+0000] {dag.py:3036} INFO - Sync 1 DAGs
[2026-04-25T06:20:28.175+0000] {logging_mixin.py:188} INFO - [2026-04-25T06:20:28.175+0000] {dag.py:3823} INFO - Setting next_dagrun for data_merge_pipeline to 2026-04-26 00:00:00+00:00, run_after=2026-05-03 00:00:00+00:00
[2026-04-25T06:20:28.201+0000] {processor.py:183} INFO - Processing /home/airflow/dags/data_merge_dag.py took 0.306 seconds
[2026-04-25T06:20:58.524+0000] {processor.py:161} INFO - Started process (PID=6439) to work on /home/airflow/dags/data_merge_dag.py
[2026-04-25T06:20:58.525+0000] {processor.py:830} INFO - Processing file /home/airflow/dags/data_merge_dag.py for tasks to queue
[2026-04-25T06:20:58.527+0000] {logging_mixin.py:188} INFO - [2026-04-25T06:20:58.526+0000] {dagbag.py:538} INFO - Filling up the DagBag from /home/airflow/dags/data_merge_dag.py
[2026-04-25T06:20:58.848+0000] {processor.py:840} INFO - DAG(s) 'data_merge_pipeline' retrieved from /home/airflow/dags/data_merge_dag.py
[2026-04-25T06:20:58.878+0000] {logging_mixin.py:188} INFO - [2026-04-25T06:20:58.877+0000] {dag.py:3036} INFO - Sync 1 DAGs
[2026-04-25T06:20:58.899+0000] {logging_mixin.py:188} INFO - [2026-04-25T06:20:58.898+0000] {dag.py:3823} INFO - Setting next_dagrun for data_merge_pipeline to 2026-04-26 00:00:00+00:00, run_after=2026-05-03 00:00:00+00:00
[2026-04-25T06:20:58.918+0000] {processor.py:183} INFO - Processing /home/airflow/dags/data_merge_dag.py took 0.399 seconds
[2026-04-25T06:21:29.228+0000] {processor.py:161} INFO - Started process (PID=6471) to work on /home/airflow/dags/data_merge_dag.py
[2026-04-25T06:21:29.230+0000] {processor.py:830} INFO - Processing file /home/airflow/dags/data_merge_dag.py for tasks to queue
[2026-04-25T06:21:29.231+0000] {logging_mixin.py:188} INFO - [2026-04-25T06:21:29.230+0000] {dagbag.py:538} INFO - Filling up the DagBag from /home/airflow/dags/data_merge_dag.py
[2026-04-25T06:21:29.466+0000] {processor.py:840} INFO - DAG(s) 'data_merge_pipeline' retrieved from /home/airflow/dags/data_merge_dag.py
[2026-04-25T06:21:29.490+0000] {logging_mixin.py:188} INFO - [2026-04-25T06:21:29.488+0000] {dag.py:3036} INFO - Sync 1 DAGs
[2026-04-25T06:21:29.509+0000] {logging_mixin.py:188} INFO - [2026-04-25T06:21:29.508+0000] {dag.py:3823} INFO - Setting next_dagrun for data_merge_pipeline to 2026-04-26 00:00:00+00:00, run_after=2026-05-03 00:00:00+00:00
[2026-04-25T06:21:29.532+0000] {processor.py:183} INFO - Processing /home/airflow/dags/data_merge_dag.py took 0.307 seconds
[2026-04-25T06:21:59.618+0000] {processor.py:161} INFO - Started process (PID=6503) to work on /home/airflow/dags/data_merge_dag.py
[2026-04-25T06:21:59.620+0000] {processor.py:830} INFO - Processing file /home/airflow/dags/data_merge_dag.py for tasks to queue
[2026-04-25T06:21:59.621+0000] {logging_mixin.py:188} INFO - [2026-04-25T06:21:59.621+0000] {dagbag.py:538} INFO - Filling up the DagBag from /home/airflow/dags/data_merge_dag.py
[2026-04-25T06:21:59.893+0000] {processor.py:840} INFO - DAG(s) 'data_merge_pipeline' retrieved from /home/airflow/dags/data_merge_dag.py
[2026-04-25T06:21:59.918+0000] {logging_mixin.py:188} INFO - [2026-04-25T06:21:59.918+0000] {dag.py:3036} INFO - Sync 1 DAGs
[2026-04-25T06:22:00.070+0000] {logging_mixin.py:188} INFO - [2026-04-25T06:22:00.070+0000] {dag.py:3823} INFO - Setting next_dagrun for data_merge_pipeline to 2026-04-26 00:00:00+00:00, run_after=2026-05-03 00:00:00+00:00
[2026-04-25T06:22:00.093+0000] {processor.py:183} INFO - Processing /home/airflow/dags/data_merge_dag.py took 0.479 seconds
[2026-04-25T06:22:30.419+0000] {processor.py:161} INFO - Started process (PID=6535) to work on /home/airflow/dags/data_merge_dag.py
[2026-04-25T06:22:30.420+0000] {processor.py:830} INFO - Processing file /home/airflow/dags/data_merge_dag.py for tasks to queue
[2026-04-25T06:22:30.422+0000] {logging_mixin.py:188} INFO - [2026-04-25T06:22:30.421+0000] {dagbag.py:538} INFO - Filling up the DagBag from /home/airflow/dags/data_merge_dag.py
[2026-04-25T06:22:30.772+0000] {processor.py:840} INFO - DAG(s) 'data_merge_pipeline' retrieved from /home/airflow/dags/data_merge_dag.py
[2026-04-25T06:22:30.798+0000] {logging_mixin.py:188} INFO - [2026-04-25T06:22:30.797+0000] {dag.py:3036} INFO - Sync 1 DAGs
[2026-04-25T06:22:30.975+0000] {logging_mixin.py:188} INFO - [2026-04-25T06:22:30.974+0000] {dag.py:3823} INFO - Setting next_dagrun for data_merge_pipeline to 2026-04-26 00:00:00+00:00, run_after=2026-05-03 00:00:00+00:00
[2026-04-25T06:22:30.998+0000] {processor.py:183} INFO - Processing /home/airflow/dags/data_merge_dag.py took 0.582 seconds
[2026-04-25T06:23:01.092+0000] {processor.py:161} INFO - Started process (PID=6567) to work on /home/airflow/dags/data_merge_dag.py
[2026-04-25T06:23:01.093+0000] {processor.py:830} INFO - Processing file /home/airflow/dags/data_merge_dag.py for tasks to queue
[2026-04-25T06:23:01.094+0000] {logging_mixin.py:188} INFO - [2026-04-25T06:23:01.093+0000] {dagbag.py:538} INFO - Filling up the DagBag from /home/airflow/dags/data_merge_dag.py
[2026-04-25T06:23:01.449+0000] {processor.py:840} INFO - DAG(s) 'data_merge_pipeline' retrieved from /home/airflow/dags/data_merge_dag.py
[2026-04-25T06:23:01.471+0000] {logging_mixin.py:188} INFO - [2026-04-25T06:23:01.471+0000] {dag.py:3036} INFO - Sync 1 DAGs
[2026-04-25T06:23:01.488+0000] {logging_mixin.py:188} INFO - [2026-04-25T06:23:01.488+0000] {dag.py:3823} INFO - Setting next_dagrun for data_merge_pipeline to 2026-04-26 00:00:00+00:00, run_after=2026-05-03 00:00:00+00:00
[2026-04-25T06:23:01.509+0000] {processor.py:183} INFO - Processing /home/airflow/dags/data_merge_dag.py took 0.420 seconds
[2026-04-25T06:23:31.863+0000] {processor.py:161} INFO - Started process (PID=6599) to work on /home/airflow/dags/data_merge_dag.py
[2026-04-25T06:23:31.864+0000] {processor.py:830} INFO - Processing file /home/airflow/dags/data_merge_dag.py for tasks to queue
[2026-04-25T06:23:31.866+0000] {logging_mixin.py:188} INFO - [2026-04-25T06:23:31.865+0000] {dagbag.py:538} INFO - Filling up the DagBag from /home/airflow/dags/data_merge_dag.py
[2026-04-25T06:23:32.317+0000] {processor.py:840} INFO - DAG(s) 'data_merge_pipeline' retrieved from /home/airflow/dags/data_merge_dag.py
[2026-04-25T06:23:32.335+0000] {logging_mixin.py:188} INFO - [2026-04-25T06:23:32.335+0000] {dag.py:3036} INFO - Sync 1 DAGs
[2026-04-25T06:23:32.352+0000] {logging_mixin.py:188} INFO - [2026-04-25T06:23:32.352+0000] {dag.py:3823} INFO - Setting next_dagrun for data_merge_pipeline to 2026-04-26 00:00:00+00:00, run_after=2026-05-03 00:00:00+00:00
[2026-04-25T06:23:32.375+0000] {processor.py:183} INFO - Processing /home/airflow/dags/data_merge_dag.py took 0.515 seconds
[2026-04-25T06:24:02.672+0000] {processor.py:161} INFO - Started process (PID=6631) to work on /home/airflow/dags/data_merge_dag.py
[2026-04-25T06:24:02.673+0000] {processor.py:830} INFO - Processing file /home/airflow/dags/data_merge_dag.py for tasks to queue
[2026-04-25T06:24:02.674+0000] {logging_mixin.py:188} INFO - [2026-04-25T06:24:02.674+0000] {dagbag.py:538} INFO - Filling up the DagBag from /home/airflow/dags/data_merge_dag.py
[2026-04-25T06:24:03.013+0000] {processor.py:840} INFO - DAG(s) 'data_merge_pipeline' retrieved from /home/airflow/dags/data_merge_dag.py
[2026-04-25T06:24:03.034+0000] {logging_mixin.py:188} INFO - [2026-04-25T06:24:03.033+0000] {dag.py:3036} INFO - Sync 1 DAGs
[2026-04-25T06:24:03.049+0000] {logging_mixin.py:188} INFO - [2026-04-25T06:24:03.049+0000] {dag.py:3823} INFO - Setting next_dagrun for data_merge_pipeline to 2026-04-26 00:00:00+00:00, run_after=2026-05-03 00:00:00+00:00
[2026-04-25T06:24:03.070+0000] {processor.py:183} INFO - Processing /home/airflow/dags/data_merge_dag.py took 0.401 seconds
[2026-04-25T06:24:33.425+0000] {processor.py:161} INFO - Started process (PID=6663) to work on /home/airflow/dags/data_merge_dag.py
[2026-04-25T06:24:33.426+0000] {processor.py:830} INFO - Processing file /home/airflow/dags/data_merge_dag.py for tasks to queue
[2026-04-25T06:24:33.427+0000] {logging_mixin.py:188} INFO - [2026-04-25T06:24:33.427+0000] {dagbag.py:538} INFO - Filling up the DagBag from /home/airflow/dags/data_merge_dag.py
[2026-04-25T06:24:33.789+0000] {processor.py:840} INFO - DAG(s) 'data_merge_pipeline' retrieved from /home/airflow/dags/data_merge_dag.py
[2026-04-25T06:24:33.808+0000] {logging_mixin.py:188} INFO - [2026-04-25T06:24:33.808+0000] {dag.py:3036} INFO - Sync 1 DAGs
[2026-04-25T06:24:33.826+0000] {logging_mixin.py:188} INFO - [2026-04-25T06:24:33.826+0000] {dag.py:3823} INFO - Setting next_dagrun for data_merge_pipeline to 2026-04-26 00:00:00+00:00, run_after=2026-05-03 00:00:00+00:00
[2026-04-25T06:24:33.848+0000] {processor.py:183} INFO - Processing /home/airflow/dags/data_merge_dag.py took 0.425 seconds
[2026-04-25T06:25:04.553+0000] {processor.py:161} INFO - Started process (PID=6695) to work on /home/airflow/dags/data_merge_dag.py
[2026-04-25T06:25:04.554+0000] {processor.py:830} INFO - Processing file /home/airflow/dags/data_merge_dag.py for tasks to queue
[2026-04-25T06:25:04.555+0000] {logging_mixin.py:188} INFO - [2026-04-25T06:25:04.555+0000] {dagbag.py:538} INFO - Filling up the DagBag from /home/airflow/dags/data_merge_dag.py
[2026-04-25T06:25:04.899+0000] {processor.py:840} INFO - DAG(s) 'data_merge_pipeline' retrieved from /home/airflow/dags/data_merge_dag.py
[2026-04-25T06:25:04.919+0000] {logging_mixin.py:188} INFO - [2026-04-25T06:25:04.919+0000] {dag.py:3036} INFO - Sync 1 DAGs
[2026-04-25T06:25:04.936+0000] {logging_mixin.py:188} INFO - [2026-04-25T06:25:04.936+0000] {dag.py:3823} INFO - Setting next_dagrun for data_merge_pipeline to 2026-04-26 00:00:00+00:00, run_after=2026-05-03 00:00:00+00:00
[2026-04-25T06:25:04.958+0000] {processor.py:183} INFO - Processing /home/airflow/dags/data_merge_dag.py took 0.408 seconds
[2026-04-25T06:25:35.256+0000] {processor.py:161} INFO - Started process (PID=6727) to work on /home/airflow/dags/data_merge_dag.py
[2026-04-25T06:25:35.257+0000] {processor.py:830} INFO - Processing file /home/airflow/dags/data_merge_dag.py for tasks to queue
[2026-04-25T06:25:35.258+0000] {logging_mixin.py:188} INFO - [2026-04-25T06:25:35.258+0000] {dagbag.py:538} INFO - Filling up the DagBag from /home/airflow/dags/data_merge_dag.py
[2026-04-25T06:25:35.589+0000] {processor.py:840} INFO - DAG(s) 'data_merge_pipeline' retrieved from /home/airflow/dags/data_merge_dag.py
[2026-04-25T06:25:35.609+0000] {logging_mixin.py:188} INFO - [2026-04-25T06:25:35.609+0000] {dag.py:3036} INFO - Sync 1 DAGs
[2026-04-25T06:25:35.625+0000] {logging_mixin.py:188} INFO - [2026-04-25T06:25:35.625+0000] {dag.py:3823} INFO - Setting next_dagrun for data_merge_pipeline to 2026-04-26 00:00:00+00:00, run_after=2026-05-03 00:00:00+00:00
[2026-04-25T06:25:35.648+0000] {processor.py:183} INFO - Processing /home/airflow/dags/data_merge_dag.py took 0.396 seconds
[2026-04-25T06:26:05.828+0000] {processor.py:161} INFO - Started process (PID=6759) to work on /home/airflow/dags/data_merge_dag.py
[2026-04-25T06:26:05.829+0000] {processor.py:830} INFO - Processing file /home/airflow/dags/data_merge_dag.py for tasks to queue
[2026-04-25T06:26:05.830+0000] {logging_mixin.py:188} INFO - [2026-04-25T06:26:05.830+0000] {dagbag.py:538} INFO - Filling up the DagBag from /home/airflow/dags/data_merge_dag.py
[2026-04-25T06:26:06.186+0000] {processor.py:840} INFO - DAG(s) 'data_merge_pipeline' retrieved from /home/airflow/dags/data_merge_dag.py
[2026-04-25T06:26:06.209+0000] {logging_mixin.py:188} INFO - [2026-04-25T06:26:06.208+0000] {dag.py:3036} INFO - Sync 1 DAGs
[2026-04-25T06:26:06.226+0000] {logging_mixin.py:188} INFO - [2026-04-25T06:26:06.226+0000] {dag.py:3823} INFO - Setting next_dagrun for data_merge_pipeline to 2026-04-26 00:00:00+00:00, run_after=2026-05-03 00:00:00+00:00
[2026-04-25T06:26:06.248+0000] {processor.py:183} INFO - Processing /home/airflow/dags/data_merge_dag.py took 0.423 seconds
[2026-04-25T06:26:36.589+0000] {processor.py:161} INFO - Started process (PID=6791) to work on /home/airflow/dags/data_merge_dag.py
[2026-04-25T06:26:36.590+0000] {processor.py:830} INFO - Processing file /home/airflow/dags/data_merge_dag.py for tasks to queue
[2026-04-25T06:26:36.591+0000] {logging_mixin.py:188} INFO - [2026-04-25T06:26:36.591+0000] {dagbag.py:538} INFO - Filling up the DagBag from /home/airflow/dags/data_merge_dag.py
[2026-04-25T06:26:37.010+0000] {processor.py:840} INFO - DAG(s) 'data_merge_pipeline' retrieved from /home/airflow/dags/data_merge_dag.py
[2026-04-25T06:26:37.031+0000] {logging_mixin.py:188} INFO - [2026-04-25T06:26:37.031+0000] {dag.py:3036} INFO - Sync 1 DAGs
[2026-04-25T06:26:37.049+0000] {logging_mixin.py:188} INFO - [2026-04-25T06:26:37.049+0000] {dag.py:3823} INFO - Setting next_dagrun for data_merge_pipeline to 2026-04-26 00:00:00+00:00, run_after=2026-05-03 00:00:00+00:00
[2026-04-25T06:26:37.070+0000] {processor.py:183} INFO - Processing /home/airflow/dags/data_merge_dag.py took 0.484 seconds
[2026-04-25T06:27:07.929+0000] {processor.py:161} INFO - Started process (PID=6823) to work on /home/airflow/dags/data_merge_dag.py
[2026-04-25T06:27:07.929+0000] {processor.py:830} INFO - Processing file /home/airflow/dags/data_merge_dag.py for tasks to queue
[2026-04-25T06:27:07.930+0000] {logging_mixin.py:188} INFO - [2026-04-25T06:27:07.930+0000] {dagbag.py:538} INFO - Filling up the DagBag from /home/airflow/dags/data_merge_dag.py
[2026-04-25T06:27:08.255+0000] {processor.py:840} INFO - DAG(s) 'data_merge_pipeline' retrieved from /home/airflow/dags/data_merge_dag.py
[2026-04-25T06:27:08.274+0000] {logging_mixin.py:188} INFO - [2026-04-25T06:27:08.273+0000] {dag.py:3036} INFO - Sync 1 DAGs
[2026-04-25T06:27:08.290+0000] {logging_mixin.py:188} INFO - [2026-04-25T06:27:08.290+0000] {dag.py:3823} INFO - Setting next_dagrun for data_merge_pipeline to 2026-04-26 00:00:00+00:00, run_after=2026-05-03 00:00:00+00:00
[2026-04-25T06:27:08.312+0000] {processor.py:183} INFO - Processing /home/airflow/dags/data_merge_dag.py took 0.386 seconds
[2026-04-25T06:27:38.629+0000] {processor.py:161} INFO - Started process (PID=6855) to work on /home/airflow/dags/data_merge_dag.py
[2026-04-25T06:27:38.631+0000] {processor.py:830} INFO - Processing file /home/airflow/dags/data_merge_dag.py for tasks to queue
[2026-04-25T06:27:38.631+0000] {logging_mixin.py:188} INFO - [2026-04-25T06:27:38.631+0000] {dagbag.py:538} INFO - Filling up the DagBag from /home/airflow/dags/data_merge_dag.py
[2026-04-25T06:27:39.060+0000] {processor.py:840} INFO - DAG(s) 'data_merge_pipeline' retrieved from /home/airflow/dags/data_merge_dag.py
[2026-04-25T06:27:39.082+0000] {logging_mixin.py:188} INFO - [2026-04-25T06:27:39.081+0000] {dag.py:3036} INFO - Sync 1 DAGs
[2026-04-25T06:27:39.102+0000] {logging_mixin.py:188} INFO - [2026-04-25T06:27:39.101+0000] {dag.py:3823} INFO - Setting next_dagrun for data_merge_pipeline to 2026-04-26 00:00:00+00:00, run_after=2026-05-03 00:00:00+00:00
[2026-04-25T06:27:39.122+0000] {processor.py:183} INFO - Processing /home/airflow/dags/data_merge_dag.py took 0.496 seconds
[2026-04-25T06:28:09.197+0000] {processor.py:161} INFO - Started process (PID=6887) to work on /home/airflow/dags/data_merge_dag.py
[2026-04-25T06:28:09.198+0000] {processor.py:830} INFO - Processing file /home/airflow/dags/data_merge_dag.py for tasks to queue
[2026-04-25T06:28:09.199+0000] {logging_mixin.py:188} INFO - [2026-04-25T06:28:09.199+0000] {dagbag.py:538} INFO - Filling up the DagBag from /home/airflow/dags/data_merge_dag.py
[2026-04-25T06:28:09.676+0000] {processor.py:840} INFO - DAG(s) 'data_merge_pipeline' retrieved from /home/airflow/dags/data_merge_dag.py
[2026-04-25T06:28:09.701+0000] {logging_mixin.py:188} INFO - [2026-04-25T06:28:09.700+0000] {dag.py:3036} INFO - Sync 1 DAGs
[2026-04-25T06:28:09.727+0000] {logging_mixin.py:188} INFO - [2026-04-25T06:28:09.727+0000] {dag.py:3823} INFO - Setting next_dagrun for data_merge_pipeline to 2026-04-26 00:00:00+00:00, run_after=2026-05-03 00:00:00+00:00
[2026-04-25T06:28:09.748+0000] {processor.py:183} INFO - Processing /home/airflow/dags/data_merge_dag.py took 0.555 seconds
[2026-04-25T06:28:40.368+0000] {processor.py:161} INFO - Started process (PID=6919) to work on /home/airflow/dags/data_merge_dag.py
[2026-04-25T06:28:40.370+0000] {processor.py:830} INFO - Processing file /home/airflow/dags/data_merge_dag.py for tasks to queue
[2026-04-25T06:28:40.371+0000] {logging_mixin.py:188} INFO - [2026-04-25T06:28:40.370+0000] {dagbag.py:538} INFO - Filling up the DagBag from /home/airflow/dags/data_merge_dag.py
[2026-04-25T06:28:40.685+0000] {processor.py:840} INFO - DAG(s) 'data_merge_pipeline' retrieved from /home/airflow/dags/data_merge_dag.py
[2026-04-25T06:28:40.704+0000] {logging_mixin.py:188} INFO - [2026-04-25T06:28:40.703+0000] {dag.py:3036} INFO - Sync 1 DAGs
[2026-04-25T06:28:40.719+0000] {logging_mixin.py:188} INFO - [2026-04-25T06:28:40.719+0000] {dag.py:3823} INFO - Setting next_dagrun for data_merge_pipeline to 2026-04-26 00:00:00+00:00, run_after=2026-05-03 00:00:00+00:00
[2026-04-25T06:28:40.739+0000] {processor.py:183} INFO - Processing /home/airflow/dags/data_merge_dag.py took 0.374 seconds
[2026-04-25T06:29:11.050+0000] {processor.py:161} INFO - Started process (PID=6951) to work on /home/airflow/dags/data_merge_dag.py
[2026-04-25T06:29:11.051+0000] {processor.py:830} INFO - Processing file /home/airflow/dags/data_merge_dag.py for tasks to queue
[2026-04-25T06:29:11.052+0000] {logging_mixin.py:188} INFO - [2026-04-25T06:29:11.051+0000] {dagbag.py:538} INFO - Filling up the DagBag from /home/airflow/dags/data_merge_dag.py
[2026-04-25T06:29:11.413+0000] {processor.py:840} INFO - DAG(s) 'data_merge_pipeline' retrieved from /home/airflow/dags/data_merge_dag.py
[2026-04-25T06:29:11.434+0000] {logging_mixin.py:188} INFO - [2026-04-25T06:29:11.433+0000] {dag.py:3036} INFO - Sync 1 DAGs
[2026-04-25T06:29:11.450+0000] {logging_mixin.py:188} INFO - [2026-04-25T06:29:11.450+0000] {dag.py:3823} INFO - Setting next_dagrun for data_merge_pipeline to 2026-04-26 00:00:00+00:00, run_after=2026-05-03 00:00:00+00:00
[2026-04-25T06:29:11.473+0000] {processor.py:183} INFO - Processing /home/airflow/dags/data_merge_dag.py took 0.427 seconds
[2026-04-25T06:29:41.572+0000] {processor.py:161} INFO - Started process (PID=6983) to work on /home/airflow/dags/data_merge_dag.py
[2026-04-25T06:29:41.573+0000] {processor.py:830} INFO - Processing file /home/airflow/dags/data_merge_dag.py for tasks to queue
[2026-04-25T06:29:41.574+0000] {logging_mixin.py:188} INFO - [2026-04-25T06:29:41.574+0000] {dagbag.py:538} INFO - Filling up the DagBag from /home/airflow/dags/data_merge_dag.py
[2026-04-25T06:29:41.990+0000] {processor.py:840} INFO - DAG(s) 'data_merge_pipeline' retrieved from /home/airflow/dags/data_merge_dag.py
[2026-04-25T06:29:42.012+0000] {logging_mixin.py:188} INFO - [2026-04-25T06:29:42.012+0000] {dag.py:3036} INFO - Sync 1 DAGs
[2026-04-25T06:29:42.034+0000] {logging_mixin.py:188} INFO - [2026-04-25T06:29:42.034+0000] {dag.py:3823} INFO - Setting next_dagrun for data_merge_pipeline to 2026-04-26 00:00:00+00:00, run_after=2026-05-03 00:00:00+00:00
[2026-04-25T06:29:42.059+0000] {processor.py:183} INFO - Processing /home/airflow/dags/data_merge_dag.py took 0.492 seconds
[2026-04-25T06:30:12.368+0000] {processor.py:161} INFO - Started process (PID=7015) to work on /home/airflow/dags/data_merge_dag.py
[2026-04-25T06:30:12.369+0000] {processor.py:830} INFO - Processing file /home/airflow/dags/data_merge_dag.py for tasks to queue
[2026-04-25T06:30:12.371+0000] {logging_mixin.py:188} INFO - [2026-04-25T06:30:12.370+0000] {dagbag.py:538} INFO - Filling up the DagBag from /home/airflow/dags/data_merge_dag.py
[2026-04-25T06:30:12.636+0000] {processor.py:840} INFO - DAG(s) 'data_merge_pipeline' retrieved from /home/airflow/dags/data_merge_dag.py
[2026-04-25T06:30:12.676+0000] {logging_mixin.py:188} INFO - [2026-04-25T06:30:12.676+0000] {dag.py:3036} INFO - Sync 1 DAGs
[2026-04-25T06:30:12.713+0000] {logging_mixin.py:188} INFO - [2026-04-25T06:30:12.713+0000] {dag.py:3823} INFO - Setting next_dagrun for data_merge_pipeline to 2026-04-26 00:00:00+00:00, run_after=2026-05-03 00:00:00+00:00
[2026-04-25T06:30:12.746+0000] {processor.py:183} INFO - Processing /home/airflow/dags/data_merge_dag.py took 0.382 seconds
[2026-04-25T06:30:42.946+0000] {processor.py:161} INFO - Started process (PID=7047) to work on /home/airflow/dags/data_merge_dag.py
[2026-04-25T06:30:42.947+0000] {processor.py:830} INFO - Processing file /home/airflow/dags/data_merge_dag.py for tasks to queue
[2026-04-25T06:30:42.948+0000] {logging_mixin.py:188} INFO - [2026-04-25T06:30:42.948+0000] {dagbag.py:538} INFO - Filling up the DagBag from /home/airflow/dags/data_merge_dag.py
[2026-04-25T06:30:43.167+0000] {processor.py:840} INFO - DAG(s) 'data_merge_pipeline' retrieved from /home/airflow/dags/data_merge_dag.py
[2026-04-25T06:30:43.191+0000] {logging_mixin.py:188} INFO - [2026-04-25T06:30:43.190+0000] {dag.py:3036} INFO - Sync 1 DAGs
[2026-04-25T06:30:43.209+0000] {logging_mixin.py:188} INFO - [2026-04-25T06:30:43.208+0000] {dag.py:3823} INFO - Setting next_dagrun for data_merge_pipeline to 2026-04-26 00:00:00+00:00, run_after=2026-05-03 00:00:00+00:00
[2026-04-25T06:30:43.229+0000] {processor.py:183} INFO - Processing /home/airflow/dags/data_merge_dag.py took 0.290 seconds
[2026-04-25T06:31:13.536+0000] {processor.py:161} INFO - Started process (PID=7079) to work on /home/airflow/dags/data_merge_dag.py
[2026-04-25T06:31:13.537+0000] {processor.py:830} INFO - Processing file /home/airflow/dags/data_merge_dag.py for tasks to queue
[2026-04-25T06:31:13.538+0000] {logging_mixin.py:188} INFO - [2026-04-25T06:31:13.538+0000] {dagbag.py:538} INFO - Filling up the DagBag from /home/airflow/dags/data_merge_dag.py
[2026-04-25T06:31:13.758+0000] {processor.py:840} INFO - DAG(s) 'data_merge_pipeline' retrieved from /home/airflow/dags/data_merge_dag.py
[2026-04-25T06:31:13.779+0000] {logging_mixin.py:188} INFO - [2026-04-25T06:31:13.779+0000] {dag.py:3036} INFO - Sync 1 DAGs
[2026-04-25T06:31:13.797+0000] {logging_mixin.py:188} INFO - [2026-04-25T06:31:13.797+0000] {dag.py:3823} INFO - Setting next_dagrun for data_merge_pipeline to 2026-04-26 00:00:00+00:00, run_after=2026-05-03 00:00:00+00:00
[2026-04-25T06:31:13.818+0000] {processor.py:183} INFO - Processing /home/airflow/dags/data_merge_dag.py took 0.285 seconds
[2026-04-25T06:31:43.981+0000] {processor.py:161} INFO - Started process (PID=7111) to work on /home/airflow/dags/data_merge_dag.py
[2026-04-25T06:31:43.983+0000] {processor.py:830} INFO - Processing file /home/airflow/dags/data_merge_dag.py for tasks to queue
[2026-04-25T06:31:43.984+0000] {logging_mixin.py:188} INFO - [2026-04-25T06:31:43.983+0000] {dagbag.py:538} INFO - Filling up the DagBag from /home/airflow/dags/data_merge_dag.py
[2026-04-25T06:31:44.220+0000] {processor.py:840} INFO - DAG(s) 'data_merge_pipeline' retrieved from /home/airflow/dags/data_merge_dag.py
[2026-04-25T06:31:44.246+0000] {logging_mixin.py:188} INFO - [2026-04-25T06:31:44.245+0000] {dag.py:3036} INFO - Sync 1 DAGs
[2026-04-25T06:31:44.265+0000] {logging_mixin.py:188} INFO - [2026-04-25T06:31:44.265+0000] {dag.py:3823} INFO - Setting next_dagrun for data_merge_pipeline to 2026-04-26 00:00:00+00:00, run_after=2026-05-03 00:00:00+00:00
[2026-04-25T06:31:44.288+0000] {processor.py:183} INFO - Processing /home/airflow/dags/data_merge_dag.py took 0.309 seconds
[2026-04-25T06:32:14.593+0000] {processor.py:161} INFO - Started process (PID=7143) to work on /home/airflow/dags/data_merge_dag.py
[2026-04-25T06:32:14.594+0000] {processor.py:830} INFO - Processing file /home/airflow/dags/data_merge_dag.py for tasks to queue
[2026-04-25T06:32:14.595+0000] {logging_mixin.py:188} INFO - [2026-04-25T06:32:14.595+0000] {dagbag.py:538} INFO - Filling up the DagBag from /home/airflow/dags/data_merge_dag.py
[2026-04-25T06:32:14.828+0000] {processor.py:840} INFO - DAG(s) 'data_merge_pipeline' retrieved from /home/airflow/dags/data_merge_dag.py
[2026-04-25T06:32:14.850+0000] {logging_mixin.py:188} INFO - [2026-04-25T06:32:14.849+0000] {dag.py:3036} INFO - Sync 1 DAGs
[2026-04-25T06:32:14.868+0000] {logging_mixin.py:188} INFO - [2026-04-25T06:32:14.868+0000] {dag.py:3823} INFO - Setting next_dagrun for data_merge_pipeline to 2026-04-26 00:00:00+00:00, run_after=2026-05-03 00:00:00+00:00
[2026-04-25T06:32:14.891+0000] {processor.py:183} INFO - Processing /home/airflow/dags/data_merge_dag.py took 0.301 seconds
[2026-04-25T06:32:45.233+0000] {processor.py:161} INFO - Started process (PID=7175) to work on /home/airflow/dags/data_merge_dag.py
[2026-04-25T06:32:45.234+0000] {processor.py:830} INFO - Processing file /home/airflow/dags/data_merge_dag.py for tasks to queue
[2026-04-25T06:32:45.235+0000] {logging_mixin.py:188} INFO - [2026-04-25T06:32:45.235+0000] {dagbag.py:538} INFO - Filling up the DagBag from /home/airflow/dags/data_merge_dag.py
[2026-04-25T06:32:45.449+0000] {processor.py:840} INFO - DAG(s) 'data_merge_pipeline' retrieved from /home/airflow/dags/data_merge_dag.py
[2026-04-25T06:32:45.470+0000] {logging_mixin.py:188} INFO - [2026-04-25T06:32:45.470+0000] {dag.py:3036} INFO - Sync 1 DAGs
[2026-04-25T06:32:45.487+0000] {logging_mixin.py:188} INFO - [2026-04-25T06:32:45.487+0000] {dag.py:3823} INFO - Setting next_dagrun for data_merge_pipeline to 2026-04-26 00:00:00+00:00, run_after=2026-05-03 00:00:00+00:00
[2026-04-25T06:32:45.510+0000] {processor.py:183} INFO - Processing /home/airflow/dags/data_merge_dag.py took 0.280 seconds
[2026-04-25T06:33:15.591+0000] {processor.py:161} INFO - Started process (PID=7207) to work on /home/airflow/dags/data_merge_dag.py
[2026-04-25T06:33:15.592+0000] {processor.py:830} INFO - Processing file /home/airflow/dags/data_merge_dag.py for tasks to queue
[2026-04-25T06:33:15.594+0000] {logging_mixin.py:188} INFO - [2026-04-25T06:33:15.593+0000] {dagbag.py:538} INFO - Filling up the DagBag from /home/airflow/dags/data_merge_dag.py
[2026-04-25T06:33:15.825+0000] {processor.py:840} INFO - DAG(s) 'data_merge_pipeline' retrieved from /home/airflow/dags/data_merge_dag.py
[2026-04-25T06:33:15.849+0000] {logging_mixin.py:188} INFO - [2026-04-25T06:33:15.849+0000] {dag.py:3036} INFO - Sync 1 DAGs
[2026-04-25T06:33:15.869+0000] {logging_mixin.py:188} INFO - [2026-04-25T06:33:15.868+0000] {dag.py:3823} INFO - Setting next_dagrun for data_merge_pipeline to 2026-04-26 00:00:00+00:00, run_after=2026-05-03 00:00:00+00:00
[2026-04-25T06:33:15.891+0000] {processor.py:183} INFO - Processing /home/airflow/dags/data_merge_dag.py took 0.304 seconds
[2026-04-25T06:33:46.798+0000] {processor.py:161} INFO - Started process (PID=7239) to work on /home/airflow/dags/data_merge_dag.py
[2026-04-25T06:33:46.799+0000] {processor.py:830} INFO - Processing file /home/airflow/dags/data_merge_dag.py for tasks to queue
[2026-04-25T06:33:46.800+0000] {logging_mixin.py:188} INFO - [2026-04-25T06:33:46.800+0000] {dagbag.py:538} INFO - Filling up the DagBag from /home/airflow/dags/data_merge_dag.py
[2026-04-25T06:33:47.064+0000] {processor.py:840} INFO - DAG(s) 'data_merge_pipeline' retrieved from /home/airflow/dags/data_merge_dag.py
[2026-04-25T06:33:47.088+0000] {logging_mixin.py:188} INFO - [2026-04-25T06:33:47.087+0000] {dag.py:3036} INFO - Sync 1 DAGs
[2026-04-25T06:33:47.115+0000] {logging_mixin.py:188} INFO - [2026-04-25T06:33:47.115+0000] {dag.py:3823} INFO - Setting next_dagrun for data_merge_pipeline to 2026-04-26 00:00:00+00:00, run_after=2026-05-03 00:00:00+00:00
[2026-04-25T06:33:47.144+0000] {processor.py:183} INFO - Processing /home/airflow/dags/data_merge_dag.py took 0.349 seconds
[2026-04-25T06:34:17.316+0000] {processor.py:161} INFO - Started process (PID=7271) to work on /home/airflow/dags/data_merge_dag.py
[2026-04-25T06:34:17.317+0000] {processor.py:830} INFO - Processing file /home/airflow/dags/data_merge_dag.py for tasks to queue
[2026-04-25T06:34:17.319+0000] {logging_mixin.py:188} INFO - [2026-04-25T06:34:17.318+0000] {dagbag.py:538} INFO - Filling up the DagBag from /home/airflow/dags/data_merge_dag.py
[2026-04-25T06:34:17.542+0000] {processor.py:840} INFO - DAG(s) 'data_merge_pipeline' retrieved from /home/airflow/dags/data_merge_dag.py
[2026-04-25T06:34:17.564+0000] {logging_mixin.py:188} INFO - [2026-04-25T06:34:17.564+0000] {dag.py:3036} INFO - Sync 1 DAGs
[2026-04-25T06:34:17.581+0000] {logging_mixin.py:188} INFO - [2026-04-25T06:34:17.581+0000] {dag.py:3823} INFO - Setting next_dagrun for data_merge_pipeline to 2026-04-26 00:00:00+00:00, run_after=2026-05-03 00:00:00+00:00
[2026-04-25T06:34:17.603+0000] {processor.py:183} INFO - Processing /home/airflow/dags/data_merge_dag.py took 0.292 seconds
[2026-04-25T06:34:47.812+0000] {processor.py:161} INFO - Started process (PID=7303) to work on /home/airflow/dags/data_merge_dag.py
[2026-04-25T06:34:47.813+0000] {processor.py:830} INFO - Processing file /home/airflow/dags/data_merge_dag.py for tasks to queue
[2026-04-25T06:34:47.814+0000] {logging_mixin.py:188} INFO - [2026-04-25T06:34:47.813+0000] {dagbag.py:538} INFO - Filling up the DagBag from /home/airflow/dags/data_merge_dag.py
[2026-04-25T06:34:48.041+0000] {processor.py:840} INFO - DAG(s) 'data_merge_pipeline' retrieved from /home/airflow/dags/data_merge_dag.py
[2026-04-25T06:34:48.063+0000] {logging_mixin.py:188} INFO - [2026-04-25T06:34:48.062+0000] {dag.py:3036} INFO - Sync 1 DAGs
[2026-04-25T06:34:48.081+0000] {logging_mixin.py:188} INFO - [2026-04-25T06:34:48.080+0000] {dag.py:3823} INFO - Setting next_dagrun for data_merge_pipeline to 2026-04-26 00:00:00+00:00, run_after=2026-05-03 00:00:00+00:00
[2026-04-25T06:34:48.099+0000] {processor.py:183} INFO - Processing /home/airflow/dags/data_merge_dag.py took 0.291 seconds
[2026-04-25T06:35:18.215+0000] {processor.py:161} INFO - Started process (PID=7335) to work on /home/airflow/dags/data_merge_dag.py
[2026-04-25T06:35:18.216+0000] {processor.py:830} INFO - Processing file /home/airflow/dags/data_merge_dag.py for tasks to queue
[2026-04-25T06:35:18.217+0000] {logging_mixin.py:188} INFO - [2026-04-25T06:35:18.217+0000] {dagbag.py:538} INFO - Filling up the DagBag from /home/airflow/dags/data_merge_dag.py
[2026-04-25T06:35:18.446+0000] {processor.py:840} INFO - DAG(s) 'data_merge_pipeline' retrieved from /home/airflow/dags/data_merge_dag.py
[2026-04-25T06:35:18.468+0000] {logging_mixin.py:188} INFO - [2026-04-25T06:35:18.467+0000] {dag.py:3036} INFO - Sync 1 DAGs
[2026-04-25T06:35:18.485+0000] {logging_mixin.py:188} INFO - [2026-04-25T06:35:18.485+0000] {dag.py:3823} INFO - Setting next_dagrun for data_merge_pipeline to 2026-04-26 00:00:00+00:00, run_after=2026-05-03 00:00:00+00:00
[2026-04-25T06:35:18.507+0000] {processor.py:183} INFO - Processing /home/airflow/dags/data_merge_dag.py took 0.295 seconds
[2026-04-25T06:35:48.792+0000] {processor.py:161} INFO - Started process (PID=7367) to work on /home/airflow/dags/data_merge_dag.py
[2026-04-25T06:35:48.793+0000] {processor.py:830} INFO - Processing file /home/airflow/dags/data_merge_dag.py for tasks to queue
[2026-04-25T06:35:48.794+0000] {logging_mixin.py:188} INFO - [2026-04-25T06:35:48.794+0000] {dagbag.py:538} INFO - Filling up the DagBag from /home/airflow/dags/data_merge_dag.py
[2026-04-25T06:35:49.021+0000] {processor.py:840} INFO - DAG(s) 'data_merge_pipeline' retrieved from /home/airflow/dags/data_merge_dag.py
[2026-04-25T06:35:49.042+0000] {logging_mixin.py:188} INFO - [2026-04-25T06:35:49.042+0000] {dag.py:3036} INFO - Sync 1 DAGs
[2026-04-25T06:35:49.060+0000] {logging_mixin.py:188} INFO - [2026-04-25T06:35:49.060+0000] {dag.py:3823} INFO - Setting next_dagrun for data_merge_pipeline to 2026-04-26 00:00:00+00:00, run_after=2026-05-03 00:00:00+00:00
[2026-04-25T06:35:49.083+0000] {processor.py:183} INFO - Processing /home/airflow/dags/data_merge_dag.py took 0.294 seconds
[2026-04-25T06:36:19.169+0000] {processor.py:161} INFO - Started process (PID=7390) to work on /home/airflow/dags/data_merge_dag.py
[2026-04-25T06:36:19.171+0000] {processor.py:830} INFO - Processing file /home/airflow/dags/data_merge_dag.py for tasks to queue
[2026-04-25T06:36:19.172+0000] {logging_mixin.py:188} INFO - [2026-04-25T06:36:19.172+0000] {dagbag.py:538} INFO - Filling up the DagBag from /home/airflow/dags/data_merge_dag.py
[2026-04-25T06:36:19.508+0000] {processor.py:840} INFO - DAG(s) 'data_merge_pipeline' retrieved from /home/airflow/dags/data_merge_dag.py
[2026-04-25T06:36:19.536+0000] {logging_mixin.py:188} INFO - [2026-04-25T06:36:19.535+0000] {dag.py:3036} INFO - Sync 1 DAGs
[2026-04-25T06:36:19.561+0000] {logging_mixin.py:188} INFO - [2026-04-25T06:36:19.560+0000] {dag.py:3823} INFO - Setting next_dagrun for data_merge_pipeline to 2026-04-26 00:00:00+00:00, run_after=2026-05-03 00:00:00+00:00
[2026-04-25T06:36:19.585+0000] {processor.py:183} INFO - Processing /home/airflow/dags/data_merge_dag.py took 0.419 seconds
[2026-04-25T06:36:49.865+0000] {processor.py:161} INFO - Started process (PID=7418) to work on /home/airflow/dags/data_merge_dag.py
[2026-04-25T06:36:49.866+0000] {processor.py:830} INFO - Processing file /home/airflow/dags/data_merge_dag.py for tasks to queue
[2026-04-25T06:36:49.867+0000] {logging_mixin.py:188} INFO - [2026-04-25T06:36:49.867+0000] {dagbag.py:538} INFO - Filling up the DagBag from /home/airflow/dags/data_merge_dag.py
[2026-04-25T06:36:50.100+0000] {processor.py:840} INFO - DAG(s) 'data_merge_pipeline' retrieved from /home/airflow/dags/data_merge_dag.py
[2026-04-25T06:36:50.124+0000] {logging_mixin.py:188} INFO - [2026-04-25T06:36:50.124+0000] {dag.py:3036} INFO - Sync 1 DAGs
[2026-04-25T06:36:50.141+0000] {logging_mixin.py:188} INFO - [2026-04-25T06:36:50.141+0000] {dag.py:3823} INFO - Setting next_dagrun for data_merge_pipeline to 2026-04-26 00:00:00+00:00, run_after=2026-05-03 00:00:00+00:00
[2026-04-25T06:36:50.164+0000] {processor.py:183} INFO - Processing /home/airflow/dags/data_merge_dag.py took 0.303 seconds
[2026-04-25T06:37:20.449+0000] {processor.py:161} INFO - Started process (PID=7450) to work on /home/airflow/dags/data_merge_dag.py
[2026-04-25T06:37:20.451+0000] {processor.py:830} INFO - Processing file /home/airflow/dags/data_merge_dag.py for tasks to queue
[2026-04-25T06:37:20.452+0000] {logging_mixin.py:188} INFO - [2026-04-25T06:37:20.452+0000] {dagbag.py:538} INFO - Filling up the DagBag from /home/airflow/dags/data_merge_dag.py
[2026-04-25T06:37:20.685+0000] {processor.py:840} INFO - DAG(s) 'data_merge_pipeline' retrieved from /home/airflow/dags/data_merge_dag.py
[2026-04-25T06:37:20.706+0000] {logging_mixin.py:188} INFO - [2026-04-25T06:37:20.706+0000] {dag.py:3036} INFO - Sync 1 DAGs
[2026-04-25T06:37:20.724+0000] {logging_mixin.py:188} INFO - [2026-04-25T06:37:20.724+0000] {dag.py:3823} INFO - Setting next_dagrun for data_merge_pipeline to 2026-04-26 00:00:00+00:00, run_after=2026-05-03 00:00:00+00:00
[2026-04-25T06:37:20.746+0000] {processor.py:183} INFO - Processing /home/airflow/dags/data_merge_dag.py took 0.301 seconds
[2026-04-25T06:37:51.069+0000] {processor.py:161} INFO - Started process (PID=7482) to work on /home/airflow/dags/data_merge_dag.py
[2026-04-25T06:37:51.071+0000] {processor.py:830} INFO - Processing file /home/airflow/dags/data_merge_dag.py for tasks to queue
[2026-04-25T06:37:51.072+0000] {logging_mixin.py:188} INFO - [2026-04-25T06:37:51.072+0000] {dagbag.py:538} INFO - Filling up the DagBag from /home/airflow/dags/data_merge_dag.py
[2026-04-25T06:37:51.358+0000] {processor.py:840} INFO - DAG(s) 'data_merge_pipeline' retrieved from /home/airflow/dags/data_merge_dag.py
[2026-04-25T06:37:51.383+0000] {logging_mixin.py:188} INFO - [2026-04-25T06:37:51.383+0000] {dag.py:3036} INFO - Sync 1 DAGs
[2026-04-25T06:37:51.403+0000] {logging_mixin.py:188} INFO - [2026-04-25T06:37:51.403+0000] {dag.py:3823} INFO - Setting next_dagrun for data_merge_pipeline to 2026-04-26 00:00:00+00:00, run_after=2026-05-03 00:00:00+00:00
[2026-04-25T06:37:51.429+0000] {processor.py:183} INFO - Processing /home/airflow/dags/data_merge_dag.py took 0.365 seconds
[2026-04-25T06:38:21.646+0000] {processor.py:161} INFO - Started process (PID=7514) to work on /home/airflow/dags/data_merge_dag.py
[2026-04-25T06:38:21.647+0000] {processor.py:830} INFO - Processing file /home/airflow/dags/data_merge_dag.py for tasks to queue
[2026-04-25T06:38:21.651+0000] {logging_mixin.py:188} INFO - [2026-04-25T06:38:21.650+0000] {dagbag.py:538} INFO - Filling up the DagBag from /home/airflow/dags/data_merge_dag.py
[2026-04-25T06:38:21.973+0000] {processor.py:840} INFO - DAG(s) 'data_merge_pipeline' retrieved from /home/airflow/dags/data_merge_dag.py
[2026-04-25T06:38:22.001+0000] {logging_mixin.py:188} INFO - [2026-04-25T06:38:22.000+0000] {dag.py:3036} INFO - Sync 1 DAGs
[2026-04-25T06:38:22.021+0000] {logging_mixin.py:188} INFO - [2026-04-25T06:38:22.021+0000] {dag.py:3823} INFO - Setting next_dagrun for data_merge_pipeline to 2026-04-26 00:00:00+00:00, run_after=2026-05-03 00:00:00+00:00
[2026-04-25T06:38:22.046+0000] {processor.py:183} INFO - Processing /home/airflow/dags/data_merge_dag.py took 0.405 seconds
[2026-04-25T06:38:53.013+0000] {processor.py:161} INFO - Started process (PID=7546) to work on /home/airflow/dags/data_merge_dag.py
[2026-04-25T06:38:53.014+0000] {processor.py:830} INFO - Processing file /home/airflow/dags/data_merge_dag.py for tasks to queue
[2026-04-25T06:38:53.016+0000] {logging_mixin.py:188} INFO - [2026-04-25T06:38:53.015+0000] {dagbag.py:538} INFO - Filling up the DagBag from /home/airflow/dags/data_merge_dag.py
[2026-04-25T06:38:53.231+0000] {processor.py:840} INFO - DAG(s) 'data_merge_pipeline' retrieved from /home/airflow/dags/data_merge_dag.py
[2026-04-25T06:38:53.251+0000] {logging_mixin.py:188} INFO - [2026-04-25T06:38:53.251+0000] {dag.py:3036} INFO - Sync 1 DAGs
[2026-04-25T06:38:53.268+0000] {logging_mixin.py:188} INFO - [2026-04-25T06:38:53.268+0000] {dag.py:3823} INFO - Setting next_dagrun for data_merge_pipeline to 2026-04-26 00:00:00+00:00, run_after=2026-05-03 00:00:00+00:00
[2026-04-25T06:38:53.290+0000] {processor.py:183} INFO - Processing /home/airflow/dags/data_merge_dag.py took 0.281 seconds
[2026-04-25T06:39:23.495+0000] {processor.py:161} INFO - Started process (PID=7578) to work on /home/airflow/dags/data_merge_dag.py
[2026-04-25T06:39:23.496+0000] {processor.py:830} INFO - Processing file /home/airflow/dags/data_merge_dag.py for tasks to queue
[2026-04-25T06:39:23.497+0000] {logging_mixin.py:188} INFO - [2026-04-25T06:39:23.496+0000] {dagbag.py:538} INFO - Filling up the DagBag from /home/airflow/dags/data_merge_dag.py
[2026-04-25T06:39:23.705+0000] {processor.py:840} INFO - DAG(s) 'data_merge_pipeline' retrieved from /home/airflow/dags/data_merge_dag.py
[2026-04-25T06:39:23.866+0000] {logging_mixin.py:188} INFO - [2026-04-25T06:39:23.866+0000] {dag.py:3036} INFO - Sync 1 DAGs
[2026-04-25T06:39:23.886+0000] {logging_mixin.py:188} INFO - [2026-04-25T06:39:23.886+0000] {dag.py:3823} INFO - Setting next_dagrun for data_merge_pipeline to 2026-04-26 00:00:00+00:00, run_after=2026-05-03 00:00:00+00:00
[2026-04-25T06:39:23.909+0000] {processor.py:183} INFO - Processing /home/airflow/dags/data_merge_dag.py took 0.418 seconds
[2026-04-25T06:39:54.212+0000] {processor.py:161} INFO - Started process (PID=7610) to work on /home/airflow/dags/data_merge_dag.py
[2026-04-25T06:39:54.213+0000] {processor.py:830} INFO - Processing file /home/airflow/dags/data_merge_dag.py for tasks to queue
[2026-04-25T06:39:54.214+0000] {logging_mixin.py:188} INFO - [2026-04-25T06:39:54.214+0000] {dagbag.py:538} INFO - Filling up the DagBag from /home/airflow/dags/data_merge_dag.py
[2026-04-25T06:39:54.424+0000] {processor.py:840} INFO - DAG(s) 'data_merge_pipeline' retrieved from /home/airflow/dags/data_merge_dag.py
[2026-04-25T06:39:54.559+0000] {logging_mixin.py:188} INFO - [2026-04-25T06:39:54.559+0000] {dag.py:3036} INFO - Sync 1 DAGs
[2026-04-25T06:39:54.574+0000] {logging_mixin.py:188} INFO - [2026-04-25T06:39:54.574+0000] {dag.py:3823} INFO - Setting next_dagrun for data_merge_pipeline to 2026-04-26 00:00:00+00:00, run_after=2026-05-03 00:00:00+00:00
[2026-04-25T06:39:54.595+0000] {processor.py:183} INFO - Processing /home/airflow/dags/data_merge_dag.py took 0.387 seconds
[2026-04-25T06:40:24.860+0000] {processor.py:161} INFO - Started process (PID=7642) to work on /home/airflow/dags/data_merge_dag.py
[2026-04-25T06:40:24.861+0000] {processor.py:830} INFO - Processing file /home/airflow/dags/data_merge_dag.py for tasks to queue
[2026-04-25T06:40:24.862+0000] {logging_mixin.py:188} INFO - [2026-04-25T06:40:24.862+0000] {dagbag.py:538} INFO - Filling up the DagBag from /home/airflow/dags/data_merge_dag.py
[2026-04-25T06:40:25.184+0000] {processor.py:840} INFO - DAG(s) 'data_merge_pipeline' retrieved from /home/airflow/dags/data_merge_dag.py
[2026-04-25T06:40:25.203+0000] {logging_mixin.py:188} INFO - [2026-04-25T06:40:25.202+0000] {dag.py:3036} INFO - Sync 1 DAGs
[2026-04-25T06:40:25.217+0000] {logging_mixin.py:188} INFO - [2026-04-25T06:40:25.217+0000] {dag.py:3823} INFO - Setting next_dagrun for data_merge_pipeline to 2026-04-26 00:00:00+00:00, run_after=2026-05-03 00:00:00+00:00
[2026-04-25T06:40:25.237+0000] {processor.py:183} INFO - Processing /home/airflow/dags/data_merge_dag.py took 0.382 seconds
[2026-04-25T06:40:55.586+0000] {processor.py:161} INFO - Started process (PID=7672) to work on /home/airflow/dags/data_merge_dag.py
[2026-04-25T06:40:55.595+0000] {processor.py:830} INFO - Processing file /home/airflow/dags/data_merge_dag.py for tasks to queue
[2026-04-25T06:40:55.600+0000] {logging_mixin.py:188} INFO - [2026-04-25T06:40:55.599+0000] {dagbag.py:538} INFO - Filling up the DagBag from /home/airflow/dags/data_merge_dag.py
[2026-04-25T06:40:56.103+0000] {processor.py:840} INFO - DAG(s) 'data_merge_pipeline' retrieved from /home/airflow/dags/data_merge_dag.py
[2026-04-25T06:40:56.126+0000] {logging_mixin.py:188} INFO - [2026-04-25T06:40:56.125+0000] {dag.py:3036} INFO - Sync 1 DAGs
[2026-04-25T06:40:56.152+0000] {logging_mixin.py:188} INFO - [2026-04-25T06:40:56.151+0000] {dag.py:3823} INFO - Setting next_dagrun for data_merge_pipeline to 2026-04-26 00:00:00+00:00, run_after=2026-05-03 00:00:00+00:00
[2026-04-25T06:40:56.170+0000] {processor.py:183} INFO - Processing /home/airflow/dags/data_merge_dag.py took 0.590 seconds
[2026-04-25T06:41:26.411+0000] {processor.py:161} INFO - Started process (PID=7696) to work on /home/airflow/dags/data_merge_dag.py
[2026-04-25T06:41:26.412+0000] {processor.py:830} INFO - Processing file /home/airflow/dags/data_merge_dag.py for tasks to queue
[2026-04-25T06:41:26.413+0000] {logging_mixin.py:188} INFO - [2026-04-25T06:41:26.413+0000] {dagbag.py:538} INFO - Filling up the DagBag from /home/airflow/dags/data_merge_dag.py
[2026-04-25T06:41:26.801+0000] {processor.py:840} INFO - DAG(s) 'data_merge_pipeline' retrieved from /home/airflow/dags/data_merge_dag.py
[2026-04-25T06:41:26.837+0000] {logging_mixin.py:188} INFO - [2026-04-25T06:41:26.836+0000] {dag.py:3036} INFO - Sync 1 DAGs
[2026-04-25T06:41:26.886+0000] {logging_mixin.py:188} INFO - [2026-04-25T06:41:26.886+0000] {dag.py:3823} INFO - Setting next_dagrun for data_merge_pipeline to 2026-04-26 00:00:00+00:00, run_after=2026-05-03 00:00:00+00:00
[2026-04-25T06:41:26.920+0000] {processor.py:183} INFO - Processing /home/airflow/dags/data_merge_dag.py took 0.512 seconds
[2026-04-25T06:41:57.634+0000] {processor.py:161} INFO - Started process (PID=7728) to work on /home/airflow/dags/data_merge_dag.py
[2026-04-25T06:41:57.635+0000] {processor.py:830} INFO - Processing file /home/airflow/dags/data_merge_dag.py for tasks to queue
[2026-04-25T06:41:57.636+0000] {logging_mixin.py:188} INFO - [2026-04-25T06:41:57.636+0000] {dagbag.py:538} INFO - Filling up the DagBag from /home/airflow/dags/data_merge_dag.py
[2026-04-25T06:41:58.080+0000] {processor.py:840} INFO - DAG(s) 'data_merge_pipeline' retrieved from /home/airflow/dags/data_merge_dag.py
[2026-04-25T06:41:58.104+0000] {logging_mixin.py:188} INFO - [2026-04-25T06:41:58.103+0000] {dag.py:3036} INFO - Sync 1 DAGs
[2026-04-25T06:41:58.131+0000] {logging_mixin.py:188} INFO - [2026-04-25T06:41:58.131+0000] {dag.py:3823} INFO - Setting next_dagrun for data_merge_pipeline to 2026-04-26 00:00:00+00:00, run_after=2026-05-03 00:00:00+00:00
[2026-04-25T06:41:58.167+0000] {processor.py:183} INFO - Processing /home/airflow/dags/data_merge_dag.py took 0.537 seconds
[2026-04-25T06:42:28.489+0000] {processor.py:161} INFO - Started process (PID=7757) to work on /home/airflow/dags/data_merge_dag.py
[2026-04-25T06:42:28.490+0000] {processor.py:830} INFO - Processing file /home/airflow/dags/data_merge_dag.py for tasks to queue
[2026-04-25T06:42:28.492+0000] {logging_mixin.py:188} INFO - [2026-04-25T06:42:28.491+0000] {dagbag.py:538} INFO - Filling up the DagBag from /home/airflow/dags/data_merge_dag.py
[2026-04-25T06:42:28.874+0000] {processor.py:840} INFO - DAG(s) 'data_merge_pipeline' retrieved from /home/airflow/dags/data_merge_dag.py
[2026-04-25T06:42:28.902+0000] {logging_mixin.py:188} INFO - [2026-04-25T06:42:28.902+0000] {dag.py:3036} INFO - Sync 1 DAGs
[2026-04-25T06:42:28.924+0000] {logging_mixin.py:188} INFO - [2026-04-25T06:42:28.923+0000] {dag.py:3823} INFO - Setting next_dagrun for data_merge_pipeline to 2026-04-26 00:00:00+00:00, run_after=2026-05-03 00:00:00+00:00
[2026-04-25T06:42:28.947+0000] {processor.py:183} INFO - Processing /home/airflow/dags/data_merge_dag.py took 0.462 seconds
[2026-04-25T06:42:59.085+0000] {processor.py:161} INFO - Started process (PID=7789) to work on /home/airflow/dags/data_merge_dag.py
[2026-04-25T06:42:59.086+0000] {processor.py:830} INFO - Processing file /home/airflow/dags/data_merge_dag.py for tasks to queue
[2026-04-25T06:42:59.087+0000] {logging_mixin.py:188} INFO - [2026-04-25T06:42:59.087+0000] {dagbag.py:538} INFO - Filling up the DagBag from /home/airflow/dags/data_merge_dag.py
[2026-04-25T06:42:59.452+0000] {processor.py:840} INFO - DAG(s) 'data_merge_pipeline' retrieved from /home/airflow/dags/data_merge_dag.py
[2026-04-25T06:42:59.474+0000] {logging_mixin.py:188} INFO - [2026-04-25T06:42:59.473+0000] {dag.py:3036} INFO - Sync 1 DAGs
[2026-04-25T06:42:59.493+0000] {logging_mixin.py:188} INFO - [2026-04-25T06:42:59.492+0000] {dag.py:3823} INFO - Setting next_dagrun for data_merge_pipeline to 2026-04-26 00:00:00+00:00, run_after=2026-05-03 00:00:00+00:00
[2026-04-25T06:42:59.515+0000] {processor.py:183} INFO - Processing /home/airflow/dags/data_merge_dag.py took 0.433 seconds
[2026-04-25T06:43:30.501+0000] {processor.py:161} INFO - Started process (PID=7821) to work on /home/airflow/dags/data_merge_dag.py
[2026-04-25T06:43:30.503+0000] {processor.py:830} INFO - Processing file /home/airflow/dags/data_merge_dag.py for tasks to queue
[2026-04-25T06:43:30.504+0000] {logging_mixin.py:188} INFO - [2026-04-25T06:43:30.503+0000] {dagbag.py:538} INFO - Filling up the DagBag from /home/airflow/dags/data_merge_dag.py
[2026-04-25T06:43:30.921+0000] {processor.py:840} INFO - DAG(s) 'data_merge_pipeline' retrieved from /home/airflow/dags/data_merge_dag.py
[2026-04-25T06:43:30.941+0000] {logging_mixin.py:188} INFO - [2026-04-25T06:43:30.941+0000] {dag.py:3036} INFO - Sync 1 DAGs
[2026-04-25T06:43:30.957+0000] {logging_mixin.py:188} INFO - [2026-04-25T06:43:30.957+0000] {dag.py:3823} INFO - Setting next_dagrun for data_merge_pipeline to 2026-04-26 00:00:00+00:00, run_after=2026-05-03 00:00:00+00:00
[2026-04-25T06:43:30.978+0000] {processor.py:183} INFO - Processing /home/airflow/dags/data_merge_dag.py took 0.480 seconds
[2026-04-25T06:44:01.327+0000] {processor.py:161} INFO - Started process (PID=7853) to work on /home/airflow/dags/data_merge_dag.py
[2026-04-25T06:44:01.329+0000] {processor.py:830} INFO - Processing file /home/airflow/dags/data_merge_dag.py for tasks to queue
[2026-04-25T06:44:01.330+0000] {logging_mixin.py:188} INFO - [2026-04-25T06:44:01.330+0000] {dagbag.py:538} INFO - Filling up the DagBag from /home/airflow/dags/data_merge_dag.py
[2026-04-25T06:44:01.754+0000] {processor.py:840} INFO - DAG(s) 'data_merge_pipeline' retrieved from /home/airflow/dags/data_merge_dag.py
[2026-04-25T06:44:01.791+0000] {logging_mixin.py:188} INFO - [2026-04-25T06:44:01.788+0000] {dag.py:3036} INFO - Sync 1 DAGs
[2026-04-25T06:44:01.825+0000] {logging_mixin.py:188} INFO - [2026-04-25T06:44:01.825+0000] {dag.py:3823} INFO - Setting next_dagrun for data_merge_pipeline to 2026-04-26 00:00:00+00:00, run_after=2026-05-03 00:00:00+00:00
[2026-04-25T06:44:01.852+0000] {processor.py:183} INFO - Processing /home/airflow/dags/data_merge_dag.py took 0.529 seconds
[2026-04-25T06:44:32.139+0000] {processor.py:161} INFO - Started process (PID=7885) to work on /home/airflow/dags/data_merge_dag.py
[2026-04-25T06:44:32.141+0000] {processor.py:830} INFO - Processing file /home/airflow/dags/data_merge_dag.py for tasks to queue
[2026-04-25T06:44:32.142+0000] {logging_mixin.py:188} INFO - [2026-04-25T06:44:32.142+0000] {dagbag.py:538} INFO - Filling up the DagBag from /home/airflow/dags/data_merge_dag.py
[2026-04-25T06:44:32.657+0000] {processor.py:840} INFO - DAG(s) 'data_merge_pipeline' retrieved from /home/airflow/dags/data_merge_dag.py
[2026-04-25T06:44:32.676+0000] {logging_mixin.py:188} INFO - [2026-04-25T06:44:32.676+0000] {dag.py:3036} INFO - Sync 1 DAGs
[2026-04-25T06:44:32.691+0000] {logging_mixin.py:188} INFO - [2026-04-25T06:44:32.691+0000] {dag.py:3823} INFO - Setting next_dagrun for data_merge_pipeline to 2026-04-26 00:00:00+00:00, run_after=2026-05-03 00:00:00+00:00
[2026-04-25T06:44:32.708+0000] {processor.py:183} INFO - Processing /home/airflow/dags/data_merge_dag.py took 0.572 seconds
[2026-04-25T06:45:03.434+0000] {processor.py:161} INFO - Started process (PID=7917) to work on /home/airflow/dags/data_merge_dag.py
[2026-04-25T06:45:03.435+0000] {processor.py:830} INFO - Processing file /home/airflow/dags/data_merge_dag.py for tasks to queue
[2026-04-25T06:45:03.436+0000] {logging_mixin.py:188} INFO - [2026-04-25T06:45:03.436+0000] {dagbag.py:538} INFO - Filling up the DagBag from /home/airflow/dags/data_merge_dag.py
[2026-04-25T06:45:03.780+0000] {processor.py:840} INFO - DAG(s) 'data_merge_pipeline' retrieved from /home/airflow/dags/data_merge_dag.py
[2026-04-25T06:45:03.800+0000] {logging_mixin.py:188} INFO - [2026-04-25T06:45:03.800+0000] {dag.py:3036} INFO - Sync 1 DAGs
[2026-04-25T06:45:03.817+0000] {logging_mixin.py:188} INFO - [2026-04-25T06:45:03.817+0000] {dag.py:3823} INFO - Setting next_dagrun for data_merge_pipeline to 2026-04-26 00:00:00+00:00, run_after=2026-05-03 00:00:00+00:00
[2026-04-25T06:45:03.838+0000] {processor.py:183} INFO - Processing /home/airflow/dags/data_merge_dag.py took 0.408 seconds
[2026-04-25T06:45:33.937+0000] {processor.py:161} INFO - Started process (PID=7949) to work on /home/airflow/dags/data_merge_dag.py
[2026-04-25T06:45:33.939+0000] {processor.py:830} INFO - Processing file /home/airflow/dags/data_merge_dag.py for tasks to queue
[2026-04-25T06:45:33.940+0000] {logging_mixin.py:188} INFO - [2026-04-25T06:45:33.939+0000] {dagbag.py:538} INFO - Filling up the DagBag from /home/airflow/dags/data_merge_dag.py
[2026-04-25T06:45:34.351+0000] {processor.py:840} INFO - DAG(s) 'data_merge_pipeline' retrieved from /home/airflow/dags/data_merge_dag.py
[2026-04-25T06:45:34.373+0000] {logging_mixin.py:188} INFO - [2026-04-25T06:45:34.372+0000] {dag.py:3036} INFO - Sync 1 DAGs
[2026-04-25T06:45:34.392+0000] {logging_mixin.py:188} INFO - [2026-04-25T06:45:34.392+0000] {dag.py:3823} INFO - Setting next_dagrun for data_merge_pipeline to 2026-04-26 00:00:00+00:00, run_after=2026-05-03 00:00:00+00:00
[2026-04-25T06:45:34.417+0000] {processor.py:183} INFO - Processing /home/airflow/dags/data_merge_dag.py took 0.483 seconds
[2026-04-25T06:46:05.333+0000] {processor.py:161} INFO - Started process (PID=7981) to work on /home/airflow/dags/data_merge_dag.py
[2026-04-25T06:46:05.334+0000] {processor.py:830} INFO - Processing file /home/airflow/dags/data_merge_dag.py for tasks to queue
[2026-04-25T06:46:05.335+0000] {logging_mixin.py:188} INFO - [2026-04-25T06:46:05.335+0000] {dagbag.py:538} INFO - Filling up the DagBag from /home/airflow/dags/data_merge_dag.py
[2026-04-25T06:46:05.688+0000] {processor.py:840} INFO - DAG(s) 'data_merge_pipeline' retrieved from /home/airflow/dags/data_merge_dag.py
[2026-04-25T06:46:05.713+0000] {logging_mixin.py:188} INFO - [2026-04-25T06:46:05.713+0000] {dag.py:3036} INFO - Sync 1 DAGs
[2026-04-25T06:46:05.739+0000] {logging_mixin.py:188} INFO - [2026-04-25T06:46:05.739+0000] {dag.py:3823} INFO - Setting next_dagrun for data_merge_pipeline to 2026-04-26 00:00:00+00:00, run_after=2026-05-03 00:00:00+00:00
[2026-04-25T06:46:05.764+0000] {processor.py:183} INFO - Processing /home/airflow/dags/data_merge_dag.py took 0.435 seconds
[2026-04-25T06:46:36.506+0000] {processor.py:161} INFO - Started process (PID=8013) to work on /home/airflow/dags/data_merge_dag.py
[2026-04-25T06:46:36.507+0000] {processor.py:830} INFO - Processing file /home/airflow/dags/data_merge_dag.py for tasks to queue
[2026-04-25T06:46:36.509+0000] {logging_mixin.py:188} INFO - [2026-04-25T06:46:36.508+0000] {dagbag.py:538} INFO - Filling up the DagBag from /home/airflow/dags/data_merge_dag.py
[2026-04-25T06:46:36.862+0000] {processor.py:840} INFO - DAG(s) 'data_merge_pipeline' retrieved from /home/airflow/dags/data_merge_dag.py
[2026-04-25T06:46:36.884+0000] {logging_mixin.py:188} INFO - [2026-04-25T06:46:36.883+0000] {dag.py:3036} INFO - Sync 1 DAGs
[2026-04-25T06:46:36.902+0000] {logging_mixin.py:188} INFO - [2026-04-25T06:46:36.902+0000] {dag.py:3823} INFO - Setting next_dagrun for data_merge_pipeline to 2026-04-26 00:00:00+00:00, run_after=2026-05-03 00:00:00+00:00
[2026-04-25T06:46:36.922+0000] {processor.py:183} INFO - Processing /home/airflow/dags/data_merge_dag.py took 0.419 seconds
[2026-04-25T06:47:07.686+0000] {processor.py:161} INFO - Started process (PID=8045) to work on /home/airflow/dags/data_merge_dag.py
[2026-04-25T06:47:07.687+0000] {processor.py:830} INFO - Processing file /home/airflow/dags/data_merge_dag.py for tasks to queue
[2026-04-25T06:47:07.688+0000] {logging_mixin.py:188} INFO - [2026-04-25T06:47:07.688+0000] {dagbag.py:538} INFO - Filling up the DagBag from /home/airflow/dags/data_merge_dag.py
[2026-04-25T06:47:08.153+0000] {processor.py:840} INFO - DAG(s) 'data_merge_pipeline' retrieved from /home/airflow/dags/data_merge_dag.py
[2026-04-25T06:47:08.183+0000] {logging_mixin.py:188} INFO - [2026-04-25T06:47:08.183+0000] {dag.py:3036} INFO - Sync 1 DAGs
[2026-04-25T06:47:08.203+0000] {logging_mixin.py:188} INFO - [2026-04-25T06:47:08.203+0000] {dag.py:3823} INFO - Setting next_dagrun for data_merge_pipeline to 2026-04-26 00:00:00+00:00, run_after=2026-05-03 00:00:00+00:00
[2026-04-25T06:47:08.224+0000] {processor.py:183} INFO - Processing /home/airflow/dags/data_merge_dag.py took 0.542 seconds
[2026-04-25T06:47:39.130+0000] {processor.py:161} INFO - Started process (PID=8077) to work on /home/airflow/dags/data_merge_dag.py
[2026-04-25T06:47:39.131+0000] {processor.py:830} INFO - Processing file /home/airflow/dags/data_merge_dag.py for tasks to queue
[2026-04-25T06:47:39.132+0000] {logging_mixin.py:188} INFO - [2026-04-25T06:47:39.132+0000] {dagbag.py:538} INFO - Filling up the DagBag from /home/airflow/dags/data_merge_dag.py
[2026-04-25T06:47:39.483+0000] {processor.py:840} INFO - DAG(s) 'data_merge_pipeline' retrieved from /home/airflow/dags/data_merge_dag.py
[2026-04-25T06:47:39.503+0000] {logging_mixin.py:188} INFO - [2026-04-25T06:47:39.503+0000] {dag.py:3036} INFO - Sync 1 DAGs
[2026-04-25T06:47:39.523+0000] {logging_mixin.py:188} INFO - [2026-04-25T06:47:39.523+0000] {dag.py:3823} INFO - Setting next_dagrun for data_merge_pipeline to 2026-04-26 00:00:00+00:00, run_after=2026-05-03 00:00:00+00:00
[2026-04-25T06:47:39.543+0000] {processor.py:183} INFO - Processing /home/airflow/dags/data_merge_dag.py took 0.416 seconds
[2026-04-25T06:48:10.530+0000] {processor.py:161} INFO - Started process (PID=8109) to work on /home/airflow/dags/data_merge_dag.py
[2026-04-25T06:48:10.531+0000] {processor.py:830} INFO - Processing file /home/airflow/dags/data_merge_dag.py for tasks to queue
[2026-04-25T06:48:10.532+0000] {logging_mixin.py:188} INFO - [2026-04-25T06:48:10.532+0000] {dagbag.py:538} INFO - Filling up the DagBag from /home/airflow/dags/data_merge_dag.py
[2026-04-25T06:48:10.975+0000] {processor.py:840} INFO - DAG(s) 'data_merge_pipeline' retrieved from /home/airflow/dags/data_merge_dag.py
[2026-04-25T06:48:10.998+0000] {logging_mixin.py:188} INFO - [2026-04-25T06:48:10.998+0000] {dag.py:3036} INFO - Sync 1 DAGs
[2026-04-25T06:48:11.016+0000] {logging_mixin.py:188} INFO - [2026-04-25T06:48:11.015+0000] {dag.py:3823} INFO - Setting next_dagrun for data_merge_pipeline to 2026-04-26 00:00:00+00:00, run_after=2026-05-03 00:00:00+00:00
[2026-04-25T06:48:11.034+0000] {processor.py:183} INFO - Processing /home/airflow/dags/data_merge_dag.py took 0.506 seconds
[2026-04-25T06:48:41.386+0000] {processor.py:161} INFO - Started process (PID=8141) to work on /home/airflow/dags/data_merge_dag.py
[2026-04-25T06:48:41.387+0000] {processor.py:830} INFO - Processing file /home/airflow/dags/data_merge_dag.py for tasks to queue
[2026-04-25T06:48:41.388+0000] {logging_mixin.py:188} INFO - [2026-04-25T06:48:41.388+0000] {dagbag.py:538} INFO - Filling up the DagBag from /home/airflow/dags/data_merge_dag.py
[2026-04-25T06:48:41.808+0000] {processor.py:840} INFO - DAG(s) 'data_merge_pipeline' retrieved from /home/airflow/dags/data_merge_dag.py
[2026-04-25T06:48:41.835+0000] {logging_mixin.py:188} INFO - [2026-04-25T06:48:41.834+0000] {dag.py:3036} INFO - Sync 1 DAGs
[2026-04-25T06:48:41.851+0000] {logging_mixin.py:188} INFO - [2026-04-25T06:48:41.851+0000] {dag.py:3823} INFO - Setting next_dagrun for data_merge_pipeline to 2026-04-26 00:00:00+00:00, run_after=2026-05-03 00:00:00+00:00
[2026-04-25T06:48:41.869+0000] {processor.py:183} INFO - Processing /home/airflow/dags/data_merge_dag.py took 0.488 seconds
[2026-04-25T06:49:11.959+0000] {processor.py:161} INFO - Started process (PID=8173) to work on /home/airflow/dags/data_merge_dag.py
[2026-04-25T06:49:11.960+0000] {processor.py:830} INFO - Processing file /home/airflow/dags/data_merge_dag.py for tasks to queue
[2026-04-25T06:49:11.961+0000] {logging_mixin.py:188} INFO - [2026-04-25T06:49:11.961+0000] {dagbag.py:538} INFO - Filling up the DagBag from /home/airflow/dags/data_merge_dag.py
[2026-04-25T06:49:12.226+0000] {processor.py:840} INFO - DAG(s) 'data_merge_pipeline' retrieved from /home/airflow/dags/data_merge_dag.py
[2026-04-25T06:49:12.246+0000] {logging_mixin.py:188} INFO - [2026-04-25T06:49:12.246+0000] {dag.py:3036} INFO - Sync 1 DAGs
[2026-04-25T06:49:12.264+0000] {logging_mixin.py:188} INFO - [2026-04-25T06:49:12.264+0000] {dag.py:3823} INFO - Setting next_dagrun for data_merge_pipeline to 2026-04-26 00:00:00+00:00, run_after=2026-05-03 00:00:00+00:00
[2026-04-25T06:49:12.284+0000] {processor.py:183} INFO - Processing /home/airflow/dags/data_merge_dag.py took 0.328 seconds
[2026-04-25T06:49:42.334+0000] {processor.py:161} INFO - Started process (PID=8205) to work on /home/airflow/dags/data_merge_dag.py
[2026-04-25T06:49:42.335+0000] {processor.py:830} INFO - Processing file /home/airflow/dags/data_merge_dag.py for tasks to queue
[2026-04-25T06:49:42.336+0000] {logging_mixin.py:188} INFO - [2026-04-25T06:49:42.336+0000] {dagbag.py:538} INFO - Filling up the DagBag from /home/airflow/dags/data_merge_dag.py
[2026-04-25T06:49:42.568+0000] {processor.py:840} INFO - DAG(s) 'data_merge_pipeline' retrieved from /home/airflow/dags/data_merge_dag.py
[2026-04-25T06:49:42.597+0000] {logging_mixin.py:188} INFO - [2026-04-25T06:49:42.597+0000] {dag.py:3036} INFO - Sync 1 DAGs
[2026-04-25T06:49:42.617+0000] {logging_mixin.py:188} INFO - [2026-04-25T06:49:42.616+0000] {dag.py:3823} INFO - Setting next_dagrun for data_merge_pipeline to 2026-04-26 00:00:00+00:00, run_after=2026-05-03 00:00:00+00:00
[2026-04-25T06:49:42.636+0000] {processor.py:183} INFO - Processing /home/airflow/dags/data_merge_dag.py took 0.305 seconds
[2026-04-25T06:50:12.938+0000] {processor.py:161} INFO - Started process (PID=8237) to work on /home/airflow/dags/data_merge_dag.py
[2026-04-25T06:50:12.940+0000] {processor.py:830} INFO - Processing file /home/airflow/dags/data_merge_dag.py for tasks to queue
[2026-04-25T06:50:12.941+0000] {logging_mixin.py:188} INFO - [2026-04-25T06:50:12.941+0000] {dagbag.py:538} INFO - Filling up the DagBag from /home/airflow/dags/data_merge_dag.py
[2026-04-25T06:50:13.224+0000] {processor.py:840} INFO - DAG(s) 'data_merge_pipeline' retrieved from /home/airflow/dags/data_merge_dag.py
[2026-04-25T06:50:13.248+0000] {logging_mixin.py:188} INFO - [2026-04-25T06:50:13.247+0000] {dag.py:3036} INFO - Sync 1 DAGs
[2026-04-25T06:50:13.268+0000] {logging_mixin.py:188} INFO - [2026-04-25T06:50:13.268+0000] {dag.py:3823} INFO - Setting next_dagrun for data_merge_pipeline to 2026-04-26 00:00:00+00:00, run_after=2026-05-03 00:00:00+00:00
[2026-04-25T06:50:13.293+0000] {processor.py:183} INFO - Processing /home/airflow/dags/data_merge_dag.py took 0.360 seconds
[2026-04-25T06:50:43.442+0000] {processor.py:161} INFO - Started process (PID=8269) to work on /home/airflow/dags/data_merge_dag.py
[2026-04-25T06:50:43.443+0000] {processor.py:830} INFO - Processing file /home/airflow/dags/data_merge_dag.py for tasks to queue
[2026-04-25T06:50:43.444+0000] {logging_mixin.py:188} INFO - [2026-04-25T06:50:43.444+0000] {dagbag.py:538} INFO - Filling up the DagBag from /home/airflow/dags/data_merge_dag.py
[2026-04-25T06:50:43.668+0000] {processor.py:840} INFO - DAG(s) 'data_merge_pipeline' retrieved from /home/airflow/dags/data_merge_dag.py
[2026-04-25T06:50:43.692+0000] {logging_mixin.py:188} INFO - [2026-04-25T06:50:43.692+0000] {dag.py:3036} INFO - Sync 1 DAGs
[2026-04-25T06:50:43.713+0000] {logging_mixin.py:188} INFO - [2026-04-25T06:50:43.713+0000] {dag.py:3823} INFO - Setting next_dagrun for data_merge_pipeline to 2026-04-26 00:00:00+00:00, run_after=2026-05-03 00:00:00+00:00
[2026-04-25T06:50:43.732+0000] {processor.py:183} INFO - Processing /home/airflow/dags/data_merge_dag.py took 0.293 seconds
[2026-04-25T06:51:14.671+0000] {processor.py:161} INFO - Started process (PID=8301) to work on /home/airflow/dags/data_merge_dag.py
[2026-04-25T06:51:14.672+0000] {processor.py:830} INFO - Processing file /home/airflow/dags/data_merge_dag.py for tasks to queue
[2026-04-25T06:51:14.673+0000] {logging_mixin.py:188} INFO - [2026-04-25T06:51:14.673+0000] {dagbag.py:538} INFO - Filling up the DagBag from /home/airflow/dags/data_merge_dag.py
[2026-04-25T06:51:14.903+0000] {processor.py:840} INFO - DAG(s) 'data_merge_pipeline' retrieved from /home/airflow/dags/data_merge_dag.py
[2026-04-25T06:51:14.928+0000] {logging_mixin.py:188} INFO - [2026-04-25T06:51:14.928+0000] {dag.py:3036} INFO - Sync 1 DAGs
[2026-04-25T06:51:14.949+0000] {logging_mixin.py:188} INFO - [2026-04-25T06:51:14.948+0000] {dag.py:3823} INFO - Setting next_dagrun for data_merge_pipeline to 2026-04-26 00:00:00+00:00, run_after=2026-05-03 00:00:00+00:00
[2026-04-25T06:51:14.969+0000] {processor.py:183} INFO - Processing /home/airflow/dags/data_merge_dag.py took 0.301 seconds
[2026-04-25T06:51:45.044+0000] {processor.py:161} INFO - Started process (PID=8333) to work on /home/airflow/dags/data_merge_dag.py
[2026-04-25T06:51:45.045+0000] {processor.py:830} INFO - Processing file /home/airflow/dags/data_merge_dag.py for tasks to queue
[2026-04-25T06:51:45.047+0000] {logging_mixin.py:188} INFO - [2026-04-25T06:51:45.046+0000] {dagbag.py:538} INFO - Filling up the DagBag from /home/airflow/dags/data_merge_dag.py
[2026-04-25T06:51:45.283+0000] {processor.py:840} INFO - DAG(s) 'data_merge_pipeline' retrieved from /home/airflow/dags/data_merge_dag.py
[2026-04-25T06:51:45.308+0000] {logging_mixin.py:188} INFO - [2026-04-25T06:51:45.307+0000] {dag.py:3036} INFO - Sync 1 DAGs
[2026-04-25T06:51:45.327+0000] {logging_mixin.py:188} INFO - [2026-04-25T06:51:45.327+0000] {dag.py:3823} INFO - Setting next_dagrun for data_merge_pipeline to 2026-04-26 00:00:00+00:00, run_after=2026-05-03 00:00:00+00:00
[2026-04-25T06:51:45.352+0000] {processor.py:183} INFO - Processing /home/airflow/dags/data_merge_dag.py took 0.312 seconds
[2026-04-25T06:52:16.313+0000] {processor.py:161} INFO - Started process (PID=8365) to work on /home/airflow/dags/data_merge_dag.py
[2026-04-25T06:52:16.314+0000] {processor.py:830} INFO - Processing file /home/airflow/dags/data_merge_dag.py for tasks to queue
[2026-04-25T06:52:16.315+0000] {logging_mixin.py:188} INFO - [2026-04-25T06:52:16.315+0000] {dagbag.py:538} INFO - Filling up the DagBag from /home/airflow/dags/data_merge_dag.py
[2026-04-25T06:52:16.529+0000] {processor.py:840} INFO - DAG(s) 'data_merge_pipeline' retrieved from /home/airflow/dags/data_merge_dag.py
[2026-04-25T06:52:16.552+0000] {logging_mixin.py:188} INFO - [2026-04-25T06:52:16.551+0000] {dag.py:3036} INFO - Sync 1 DAGs
[2026-04-25T06:52:16.571+0000] {logging_mixin.py:188} INFO - [2026-04-25T06:52:16.571+0000] {dag.py:3823} INFO - Setting next_dagrun for data_merge_pipeline to 2026-04-26 00:00:00+00:00, run_after=2026-05-03 00:00:00+00:00
[2026-04-25T06:52:16.592+0000] {processor.py:183} INFO - Processing /home/airflow/dags/data_merge_dag.py took 0.282 seconds
[2026-04-25T06:52:46.896+0000] {processor.py:161} INFO - Started process (PID=8397) to work on /home/airflow/dags/data_merge_dag.py
[2026-04-25T06:52:46.898+0000] {processor.py:830} INFO - Processing file /home/airflow/dags/data_merge_dag.py for tasks to queue
[2026-04-25T06:52:46.899+0000] {logging_mixin.py:188} INFO - [2026-04-25T06:52:46.898+0000] {dagbag.py:538} INFO - Filling up the DagBag from /home/airflow/dags/data_merge_dag.py
[2026-04-25T06:52:47.107+0000] {processor.py:840} INFO - DAG(s) 'data_merge_pipeline' retrieved from /home/airflow/dags/data_merge_dag.py
[2026-04-25T06:52:47.136+0000] {logging_mixin.py:188} INFO - [2026-04-25T06:52:47.134+0000] {dag.py:3036} INFO - Sync 1 DAGs
[2026-04-25T06:52:47.157+0000] {logging_mixin.py:188} INFO - [2026-04-25T06:52:47.157+0000] {dag.py:3823} INFO - Setting next_dagrun for data_merge_pipeline to 2026-04-26 00:00:00+00:00, run_after=2026-05-03 00:00:00+00:00
[2026-04-25T06:52:47.180+0000] {processor.py:183} INFO - Processing /home/airflow/dags/data_merge_dag.py took 0.287 seconds
[2026-04-25T06:53:17.484+0000] {processor.py:161} INFO - Started process (PID=8429) to work on /home/airflow/dags/data_merge_dag.py
[2026-04-25T06:53:17.485+0000] {processor.py:830} INFO - Processing file /home/airflow/dags/data_merge_dag.py for tasks to queue
[2026-04-25T06:53:17.486+0000] {logging_mixin.py:188} INFO - [2026-04-25T06:53:17.486+0000] {dagbag.py:538} INFO - Filling up the DagBag from /home/airflow/dags/data_merge_dag.py
[2026-04-25T06:53:17.690+0000] {processor.py:840} INFO - DAG(s) 'data_merge_pipeline' retrieved from /home/airflow/dags/data_merge_dag.py
[2026-04-25T06:53:17.713+0000] {logging_mixin.py:188} INFO - [2026-04-25T06:53:17.712+0000] {dag.py:3036} INFO - Sync 1 DAGs
[2026-04-25T06:53:17.731+0000] {logging_mixin.py:188} INFO - [2026-04-25T06:53:17.730+0000] {dag.py:3823} INFO - Setting next_dagrun for data_merge_pipeline to 2026-04-26 00:00:00+00:00, run_after=2026-05-03 00:00:00+00:00
[2026-04-25T06:53:17.754+0000] {processor.py:183} INFO - Processing /home/airflow/dags/data_merge_dag.py took 0.273 seconds
[2026-04-25T06:53:47.807+0000] {processor.py:161} INFO - Started process (PID=8461) to work on /home/airflow/dags/data_merge_dag.py
[2026-04-25T06:53:47.808+0000] {processor.py:830} INFO - Processing file /home/airflow/dags/data_merge_dag.py for tasks to queue
[2026-04-25T06:53:47.809+0000] {logging_mixin.py:188} INFO - [2026-04-25T06:53:47.809+0000] {dagbag.py:538} INFO - Filling up the DagBag from /home/airflow/dags/data_merge_dag.py
[2026-04-25T06:53:48.024+0000] {processor.py:840} INFO - DAG(s) 'data_merge_pipeline' retrieved from /home/airflow/dags/data_merge_dag.py
[2026-04-25T06:53:48.049+0000] {logging_mixin.py:188} INFO - [2026-04-25T06:53:48.049+0000] {dag.py:3036} INFO - Sync 1 DAGs
[2026-04-25T06:53:48.069+0000] {logging_mixin.py:188} INFO - [2026-04-25T06:53:48.068+0000] {dag.py:3823} INFO - Setting next_dagrun for data_merge_pipeline to 2026-04-26 00:00:00+00:00, run_after=2026-05-03 00:00:00+00:00
[2026-04-25T06:53:48.089+0000] {processor.py:183} INFO - Processing /home/airflow/dags/data_merge_dag.py took 0.286 seconds
[2026-04-25T06:54:18.389+0000] {processor.py:161} INFO - Started process (PID=8493) to work on /home/airflow/dags/data_merge_dag.py
[2026-04-25T06:54:18.390+0000] {processor.py:830} INFO - Processing file /home/airflow/dags/data_merge_dag.py for tasks to queue
[2026-04-25T06:54:18.391+0000] {logging_mixin.py:188} INFO - [2026-04-25T06:54:18.391+0000] {dagbag.py:538} INFO - Filling up the DagBag from /home/airflow/dags/data_merge_dag.py
[2026-04-25T06:54:18.663+0000] {processor.py:840} INFO - DAG(s) 'data_merge_pipeline' retrieved from /home/airflow/dags/data_merge_dag.py
[2026-04-25T06:54:18.688+0000] {logging_mixin.py:188} INFO - [2026-04-25T06:54:18.687+0000] {dag.py:3036} INFO - Sync 1 DAGs
[2026-04-25T06:54:18.707+0000] {logging_mixin.py:188} INFO - [2026-04-25T06:54:18.707+0000] {dag.py:3823} INFO - Setting next_dagrun for data_merge_pipeline to 2026-04-26 00:00:00+00:00, run_after=2026-05-03 00:00:00+00:00
[2026-04-25T06:54:18.729+0000] {processor.py:183} INFO - Processing /home/airflow/dags/data_merge_dag.py took 0.343 seconds
[2026-04-25T06:54:49.023+0000] {processor.py:161} INFO - Started process (PID=8525) to work on /home/airflow/dags/data_merge_dag.py
[2026-04-25T06:54:49.025+0000] {processor.py:830} INFO - Processing file /home/airflow/dags/data_merge_dag.py for tasks to queue
[2026-04-25T06:54:49.025+0000] {logging_mixin.py:188} INFO - [2026-04-25T06:54:49.025+0000] {dagbag.py:538} INFO - Filling up the DagBag from /home/airflow/dags/data_merge_dag.py
[2026-04-25T06:54:49.234+0000] {processor.py:840} INFO - DAG(s) 'data_merge_pipeline' retrieved from /home/airflow/dags/data_merge_dag.py
[2026-04-25T06:54:49.263+0000] {logging_mixin.py:188} INFO - [2026-04-25T06:54:49.263+0000] {dag.py:3036} INFO - Sync 1 DAGs
[2026-04-25T06:54:49.287+0000] {logging_mixin.py:188} INFO - [2026-04-25T06:54:49.287+0000] {dag.py:3823} INFO - Setting next_dagrun for data_merge_pipeline to 2026-04-26 00:00:00+00:00, run_after=2026-05-03 00:00:00+00:00
[2026-04-25T06:54:49.321+0000] {processor.py:183} INFO - Processing /home/airflow/dags/data_merge_dag.py took 0.300 seconds
[2026-04-25T06:55:19.462+0000] {processor.py:161} INFO - Started process (PID=8557) to work on /home/airflow/dags/data_merge_dag.py
[2026-04-25T06:55:19.464+0000] {processor.py:830} INFO - Processing file /home/airflow/dags/data_merge_dag.py for tasks to queue
[2026-04-25T06:55:19.465+0000] {logging_mixin.py:188} INFO - [2026-04-25T06:55:19.464+0000] {dagbag.py:538} INFO - Filling up the DagBag from /home/airflow/dags/data_merge_dag.py
[2026-04-25T06:55:19.684+0000] {processor.py:840} INFO - DAG(s) 'data_merge_pipeline' retrieved from /home/airflow/dags/data_merge_dag.py
[2026-04-25T06:55:19.708+0000] {logging_mixin.py:188} INFO - [2026-04-25T06:55:19.708+0000] {dag.py:3036} INFO - Sync 1 DAGs
[2026-04-25T06:55:19.728+0000] {logging_mixin.py:188} INFO - [2026-04-25T06:55:19.728+0000] {dag.py:3823} INFO - Setting next_dagrun for data_merge_pipeline to 2026-04-26 00:00:00+00:00, run_after=2026-05-03 00:00:00+00:00
[2026-04-25T06:55:19.750+0000] {processor.py:183} INFO - Processing /home/airflow/dags/data_merge_dag.py took 0.292 seconds
[2026-04-25T06:55:50.639+0000] {processor.py:161} INFO - Started process (PID=8589) to work on /home/airflow/dags/data_merge_dag.py
[2026-04-25T06:55:50.641+0000] {processor.py:830} INFO - Processing file /home/airflow/dags/data_merge_dag.py for tasks to queue
[2026-04-25T06:55:50.642+0000] {logging_mixin.py:188} INFO - [2026-04-25T06:55:50.642+0000] {dagbag.py:538} INFO - Filling up the DagBag from /home/airflow/dags/data_merge_dag.py
[2026-04-25T06:55:51.017+0000] {processor.py:840} INFO - DAG(s) 'data_merge_pipeline' retrieved from /home/airflow/dags/data_merge_dag.py
[2026-04-25T06:55:51.042+0000] {logging_mixin.py:188} INFO - [2026-04-25T06:55:51.042+0000] {dag.py:3036} INFO - Sync 1 DAGs
[2026-04-25T06:55:51.065+0000] {logging_mixin.py:188} INFO - [2026-04-25T06:55:51.065+0000] {dag.py:3823} INFO - Setting next_dagrun for data_merge_pipeline to 2026-04-26 00:00:00+00:00, run_after=2026-05-03 00:00:00+00:00
[2026-04-25T06:55:51.090+0000] {processor.py:183} INFO - Processing /home/airflow/dags/data_merge_dag.py took 0.455 seconds
[2026-04-25T06:56:21.995+0000] {processor.py:161} INFO - Started process (PID=8621) to work on /home/airflow/dags/data_merge_dag.py
[2026-04-25T06:56:21.996+0000] {processor.py:830} INFO - Processing file /home/airflow/dags/data_merge_dag.py for tasks to queue
[2026-04-25T06:56:21.998+0000] {logging_mixin.py:188} INFO - [2026-04-25T06:56:21.997+0000] {dagbag.py:538} INFO - Filling up the DagBag from /home/airflow/dags/data_merge_dag.py
[2026-04-25T06:56:22.220+0000] {processor.py:840} INFO - DAG(s) 'data_merge_pipeline' retrieved from /home/airflow/dags/data_merge_dag.py
[2026-04-25T06:56:22.239+0000] {logging_mixin.py:188} INFO - [2026-04-25T06:56:22.238+0000] {dag.py:3036} INFO - Sync 1 DAGs
[2026-04-25T06:56:22.255+0000] {logging_mixin.py:188} INFO - [2026-04-25T06:56:22.255+0000] {dag.py:3823} INFO - Setting next_dagrun for data_merge_pipeline to 2026-04-26 00:00:00+00:00, run_after=2026-05-03 00:00:00+00:00
[2026-04-25T06:56:22.277+0000] {processor.py:183} INFO - Processing /home/airflow/dags/data_merge_dag.py took 0.285 seconds
[2026-04-25T06:56:52.368+0000] {processor.py:161} INFO - Started process (PID=8653) to work on /home/airflow/dags/data_merge_dag.py
[2026-04-25T06:56:52.369+0000] {processor.py:830} INFO - Processing file /home/airflow/dags/data_merge_dag.py for tasks to queue
[2026-04-25T06:56:52.371+0000] {logging_mixin.py:188} INFO - [2026-04-25T06:56:52.370+0000] {dagbag.py:538} INFO - Filling up the DagBag from /home/airflow/dags/data_merge_dag.py
[2026-04-25T06:56:52.592+0000] {processor.py:840} INFO - DAG(s) 'data_merge_pipeline' retrieved from /home/airflow/dags/data_merge_dag.py
[2026-04-25T06:56:52.612+0000] {logging_mixin.py:188} INFO - [2026-04-25T06:56:52.612+0000] {dag.py:3036} INFO - Sync 1 DAGs
[2026-04-25T06:56:52.630+0000] {logging_mixin.py:188} INFO - [2026-04-25T06:56:52.629+0000] {dag.py:3823} INFO - Setting next_dagrun for data_merge_pipeline to 2026-04-26 00:00:00+00:00, run_after=2026-05-03 00:00:00+00:00
[2026-04-25T06:56:52.651+0000] {processor.py:183} INFO - Processing /home/airflow/dags/data_merge_dag.py took 0.287 seconds
[2026-04-25T06:57:23.543+0000] {processor.py:161} INFO - Started process (PID=8685) to work on /home/airflow/dags/data_merge_dag.py
[2026-04-25T06:57:23.545+0000] {processor.py:830} INFO - Processing file /home/airflow/dags/data_merge_dag.py for tasks to queue
[2026-04-25T06:57:23.546+0000] {logging_mixin.py:188} INFO - [2026-04-25T06:57:23.546+0000] {dagbag.py:538} INFO - Filling up the DagBag from /home/airflow/dags/data_merge_dag.py
[2026-04-25T06:57:23.832+0000] {processor.py:840} INFO - DAG(s) 'data_merge_pipeline' retrieved from /home/airflow/dags/data_merge_dag.py
[2026-04-25T06:57:23.862+0000] {logging_mixin.py:188} INFO - [2026-04-25T06:57:23.861+0000] {dag.py:3036} INFO - Sync 1 DAGs
[2026-04-25T06:57:24.026+0000] {logging_mixin.py:188} INFO - [2026-04-25T06:57:24.025+0000] {dag.py:3823} INFO - Setting next_dagrun for data_merge_pipeline to 2026-04-26 00:00:00+00:00, run_after=2026-05-03 00:00:00+00:00
[2026-04-25T06:57:24.050+0000] {processor.py:183} INFO - Processing /home/airflow/dags/data_merge_dag.py took 0.513 seconds
[2026-04-25T06:57:54.371+0000] {processor.py:161} INFO - Started process (PID=8717) to work on /home/airflow/dags/data_merge_dag.py
[2026-04-25T06:57:54.373+0000] {processor.py:830} INFO - Processing file /home/airflow/dags/data_merge_dag.py for tasks to queue
[2026-04-25T06:57:54.374+0000] {logging_mixin.py:188} INFO - [2026-04-25T06:57:54.374+0000] {dagbag.py:538} INFO - Filling up the DagBag from /home/airflow/dags/data_merge_dag.py
[2026-04-25T06:57:54.636+0000] {processor.py:840} INFO - DAG(s) 'data_merge_pipeline' retrieved from /home/airflow/dags/data_merge_dag.py
[2026-04-25T06:57:54.657+0000] {logging_mixin.py:188} INFO - [2026-04-25T06:57:54.657+0000] {dag.py:3036} INFO - Sync 1 DAGs
[2026-04-25T06:57:54.793+0000] {logging_mixin.py:188} INFO - [2026-04-25T06:57:54.793+0000] {dag.py:3823} INFO - Setting next_dagrun for data_merge_pipeline to 2026-04-26 00:00:00+00:00, run_after=2026-05-03 00:00:00+00:00
[2026-04-25T06:57:54.815+0000] {processor.py:183} INFO - Processing /home/airflow/dags/data_merge_dag.py took 0.448 seconds
[2026-04-25T06:58:24.889+0000] {processor.py:161} INFO - Started process (PID=8749) to work on /home/airflow/dags/data_merge_dag.py
[2026-04-25T06:58:24.890+0000] {processor.py:830} INFO - Processing file /home/airflow/dags/data_merge_dag.py for tasks to queue
[2026-04-25T06:58:24.891+0000] {logging_mixin.py:188} INFO - [2026-04-25T06:58:24.891+0000] {dagbag.py:538} INFO - Filling up the DagBag from /home/airflow/dags/data_merge_dag.py
[2026-04-25T06:58:25.116+0000] {processor.py:840} INFO - DAG(s) 'data_merge_pipeline' retrieved from /home/airflow/dags/data_merge_dag.py
[2026-04-25T06:58:25.138+0000] {logging_mixin.py:188} INFO - [2026-04-25T06:58:25.138+0000] {dag.py:3036} INFO - Sync 1 DAGs
[2026-04-25T06:58:25.289+0000] {logging_mixin.py:188} INFO - [2026-04-25T06:58:25.289+0000] {dag.py:3823} INFO - Setting next_dagrun for data_merge_pipeline to 2026-04-26 00:00:00+00:00, run_after=2026-05-03 00:00:00+00:00
[2026-04-25T06:58:25.308+0000] {processor.py:183} INFO - Processing /home/airflow/dags/data_merge_dag.py took 0.423 seconds
[2026-04-25T06:58:56.249+0000] {processor.py:161} INFO - Started process (PID=8781) to work on /home/airflow/dags/data_merge_dag.py
[2026-04-25T06:58:56.250+0000] {processor.py:830} INFO - Processing file /home/airflow/dags/data_merge_dag.py for tasks to queue
[2026-04-25T06:58:56.251+0000] {logging_mixin.py:188} INFO - [2026-04-25T06:58:56.250+0000] {dagbag.py:538} INFO - Filling up the DagBag from /home/airflow/dags/data_merge_dag.py
[2026-04-25T06:58:56.498+0000] {processor.py:840} INFO - DAG(s) 'data_merge_pipeline' retrieved from /home/airflow/dags/data_merge_dag.py
[2026-04-25T06:58:56.525+0000] {logging_mixin.py:188} INFO - [2026-04-25T06:58:56.524+0000] {dag.py:3036} INFO - Sync 1 DAGs
[2026-04-25T06:58:56.703+0000] {logging_mixin.py:188} INFO - [2026-04-25T06:58:56.703+0000] {dag.py:3823} INFO - Setting next_dagrun for data_merge_pipeline to 2026-04-26 00:00:00+00:00, run_after=2026-05-03 00:00:00+00:00
[2026-04-25T06:58:56.728+0000] {processor.py:183} INFO - Processing /home/airflow/dags/data_merge_dag.py took 0.483 seconds
[2026-04-25T06:59:27.603+0000] {processor.py:161} INFO - Started process (PID=8813) to work on /home/airflow/dags/data_merge_dag.py
[2026-04-25T06:59:27.604+0000] {processor.py:830} INFO - Processing file /home/airflow/dags/data_merge_dag.py for tasks to queue
[2026-04-25T06:59:27.605+0000] {logging_mixin.py:188} INFO - [2026-04-25T06:59:27.605+0000] {dagbag.py:538} INFO - Filling up the DagBag from /home/airflow/dags/data_merge_dag.py
[2026-04-25T06:59:27.932+0000] {processor.py:840} INFO - DAG(s) 'data_merge_pipeline' retrieved from /home/airflow/dags/data_merge_dag.py
[2026-04-25T06:59:27.952+0000] {logging_mixin.py:188} INFO - [2026-04-25T06:59:27.951+0000] {dag.py:3036} INFO - Sync 1 DAGs
[2026-04-25T06:59:27.968+0000] {logging_mixin.py:188} INFO - [2026-04-25T06:59:27.968+0000] {dag.py:3823} INFO - Setting next_dagrun for data_merge_pipeline to 2026-04-26 00:00:00+00:00, run_after=2026-05-03 00:00:00+00:00
[2026-04-25T06:59:27.990+0000] {processor.py:183} INFO - Processing /home/airflow/dags/data_merge_dag.py took 0.390 seconds
[2026-04-25T06:59:58.269+0000] {processor.py:161} INFO - Started process (PID=8845) to work on /home/airflow/dags/data_merge_dag.py
[2026-04-25T06:59:58.270+0000] {processor.py:830} INFO - Processing file /home/airflow/dags/data_merge_dag.py for tasks to queue
[2026-04-25T06:59:58.271+0000] {logging_mixin.py:188} INFO - [2026-04-25T06:59:58.271+0000] {dagbag.py:538} INFO - Filling up the DagBag from /home/airflow/dags/data_merge_dag.py
[2026-04-25T06:59:58.683+0000] {processor.py:840} INFO - DAG(s) 'data_merge_pipeline' retrieved from /home/airflow/dags/data_merge_dag.py
[2026-04-25T06:59:58.705+0000] {logging_mixin.py:188} INFO - [2026-04-25T06:59:58.704+0000] {dag.py:3036} INFO - Sync 1 DAGs
[2026-04-25T06:59:58.721+0000] {logging_mixin.py:188} INFO - [2026-04-25T06:59:58.720+0000] {dag.py:3823} INFO - Setting next_dagrun for data_merge_pipeline to 2026-04-26 00:00:00+00:00, run_after=2026-05-03 00:00:00+00:00
[2026-04-25T06:59:58.742+0000] {processor.py:183} INFO - Processing /home/airflow/dags/data_merge_dag.py took 0.477 seconds
[2026-04-25T07:00:28.917+0000] {processor.py:161} INFO - Started process (PID=8877) to work on /home/airflow/dags/data_merge_dag.py
[2026-04-25T07:00:28.918+0000] {processor.py:830} INFO - Processing file /home/airflow/dags/data_merge_dag.py for tasks to queue
[2026-04-25T07:00:28.919+0000] {logging_mixin.py:188} INFO - [2026-04-25T07:00:28.919+0000] {dagbag.py:538} INFO - Filling up the DagBag from /home/airflow/dags/data_merge_dag.py
[2026-04-25T07:00:29.386+0000] {processor.py:840} INFO - DAG(s) 'data_merge_pipeline' retrieved from /home/airflow/dags/data_merge_dag.py
[2026-04-25T07:00:29.413+0000] {logging_mixin.py:188} INFO - [2026-04-25T07:00:29.412+0000] {dag.py:3036} INFO - Sync 1 DAGs
[2026-04-25T07:00:29.440+0000] {logging_mixin.py:188} INFO - [2026-04-25T07:00:29.440+0000] {dag.py:3823} INFO - Setting next_dagrun for data_merge_pipeline to 2026-04-26 00:00:00+00:00, run_after=2026-05-03 00:00:00+00:00
[2026-04-25T07:00:29.463+0000] {processor.py:183} INFO - Processing /home/airflow/dags/data_merge_dag.py took 0.551 seconds
[2026-04-25T07:00:59.751+0000] {processor.py:161} INFO - Started process (PID=8909) to work on /home/airflow/dags/data_merge_dag.py
[2026-04-25T07:00:59.752+0000] {processor.py:830} INFO - Processing file /home/airflow/dags/data_merge_dag.py for tasks to queue
[2026-04-25T07:00:59.753+0000] {logging_mixin.py:188} INFO - [2026-04-25T07:00:59.753+0000] {dagbag.py:538} INFO - Filling up the DagBag from /home/airflow/dags/data_merge_dag.py
[2026-04-25T07:01:00.182+0000] {processor.py:840} INFO - DAG(s) 'data_merge_pipeline' retrieved from /home/airflow/dags/data_merge_dag.py
[2026-04-25T07:01:00.203+0000] {logging_mixin.py:188} INFO - [2026-04-25T07:01:00.203+0000] {dag.py:3036} INFO - Sync 1 DAGs
[2026-04-25T07:01:00.218+0000] {logging_mixin.py:188} INFO - [2026-04-25T07:01:00.218+0000] {dag.py:3823} INFO - Setting next_dagrun for data_merge_pipeline to 2026-04-26 00:00:00+00:00, run_after=2026-05-03 00:00:00+00:00
[2026-04-25T07:01:00.238+0000] {processor.py:183} INFO - Processing /home/airflow/dags/data_merge_dag.py took 0.491 seconds
[2026-04-25T07:01:30.548+0000] {processor.py:161} INFO - Started process (PID=8941) to work on /home/airflow/dags/data_merge_dag.py
[2026-04-25T07:01:30.549+0000] {processor.py:830} INFO - Processing file /home/airflow/dags/data_merge_dag.py for tasks to queue
[2026-04-25T07:01:30.550+0000] {logging_mixin.py:188} INFO - [2026-04-25T07:01:30.550+0000] {dagbag.py:538} INFO - Filling up the DagBag from /home/airflow/dags/data_merge_dag.py
[2026-04-25T07:01:30.964+0000] {processor.py:840} INFO - DAG(s) 'data_merge_pipeline' retrieved from /home/airflow/dags/data_merge_dag.py
[2026-04-25T07:01:30.988+0000] {logging_mixin.py:188} INFO - [2026-04-25T07:01:30.987+0000] {dag.py:3036} INFO - Sync 1 DAGs
[2026-04-25T07:01:31.008+0000] {logging_mixin.py:188} INFO - [2026-04-25T07:01:31.008+0000] {dag.py:3823} INFO - Setting next_dagrun for data_merge_pipeline to 2026-04-26 00:00:00+00:00, run_after=2026-05-03 00:00:00+00:00
[2026-04-25T07:01:31.028+0000] {processor.py:183} INFO - Processing /home/airflow/dags/data_merge_dag.py took 0.484 seconds
[2026-04-25T07:02:01.116+0000] {processor.py:161} INFO - Started process (PID=8973) to work on /home/airflow/dags/data_merge_dag.py
[2026-04-25T07:02:01.117+0000] {processor.py:830} INFO - Processing file /home/airflow/dags/data_merge_dag.py for tasks to queue
[2026-04-25T07:02:01.118+0000] {logging_mixin.py:188} INFO - [2026-04-25T07:02:01.118+0000] {dagbag.py:538} INFO - Filling up the DagBag from /home/airflow/dags/data_merge_dag.py
[2026-04-25T07:02:01.550+0000] {processor.py:840} INFO - DAG(s) 'data_merge_pipeline' retrieved from /home/airflow/dags/data_merge_dag.py
[2026-04-25T07:02:01.578+0000] {logging_mixin.py:188} INFO - [2026-04-25T07:02:01.577+0000] {dag.py:3036} INFO - Sync 1 DAGs
[2026-04-25T07:02:01.601+0000] {logging_mixin.py:188} INFO - [2026-04-25T07:02:01.601+0000] {dag.py:3823} INFO - Setting next_dagrun for data_merge_pipeline to 2026-04-26 00:00:00+00:00, run_after=2026-05-03 00:00:00+00:00
[2026-04-25T07:02:01.629+0000] {processor.py:183} INFO - Processing /home/airflow/dags/data_merge_dag.py took 0.517 seconds
[2026-04-25T07:02:31.945+0000] {processor.py:161} INFO - Started process (PID=9005) to work on /home/airflow/dags/data_merge_dag.py
[2026-04-25T07:02:31.946+0000] {processor.py:830} INFO - Processing file /home/airflow/dags/data_merge_dag.py for tasks to queue
[2026-04-25T07:02:31.947+0000] {logging_mixin.py:188} INFO - [2026-04-25T07:02:31.947+0000] {dagbag.py:538} INFO - Filling up the DagBag from /home/airflow/dags/data_merge_dag.py
[2026-04-25T07:02:32.297+0000] {processor.py:840} INFO - DAG(s) 'data_merge_pipeline' retrieved from /home/airflow/dags/data_merge_dag.py
[2026-04-25T07:02:32.321+0000] {logging_mixin.py:188} INFO - [2026-04-25T07:02:32.320+0000] {dag.py:3036} INFO - Sync 1 DAGs
[2026-04-25T07:02:32.338+0000] {logging_mixin.py:188} INFO - [2026-04-25T07:02:32.338+0000] {dag.py:3823} INFO - Setting next_dagrun for data_merge_pipeline to 2026-04-26 00:00:00+00:00, run_after=2026-05-03 00:00:00+00:00
[2026-04-25T07:02:32.359+0000] {processor.py:183} INFO - Processing /home/airflow/dags/data_merge_dag.py took 0.417 seconds
[2026-04-25T07:03:02.647+0000] {processor.py:161} INFO - Started process (PID=9037) to work on /home/airflow/dags/data_merge_dag.py
[2026-04-25T07:03:02.648+0000] {processor.py:830} INFO - Processing file /home/airflow/dags/data_merge_dag.py for tasks to queue
[2026-04-25T07:03:02.649+0000] {logging_mixin.py:188} INFO - [2026-04-25T07:03:02.649+0000] {dagbag.py:538} INFO - Filling up the DagBag from /home/airflow/dags/data_merge_dag.py
[2026-04-25T07:03:03.032+0000] {processor.py:840} INFO - DAG(s) 'data_merge_pipeline' retrieved from /home/airflow/dags/data_merge_dag.py
[2026-04-25T07:03:03.054+0000] {logging_mixin.py:188} INFO - [2026-04-25T07:03:03.054+0000] {dag.py:3036} INFO - Sync 1 DAGs
[2026-04-25T07:03:03.071+0000] {logging_mixin.py:188} INFO - [2026-04-25T07:03:03.071+0000] {dag.py:3823} INFO - Setting next_dagrun for data_merge_pipeline to 2026-04-26 00:00:00+00:00, run_after=2026-05-03 00:00:00+00:00
[2026-04-25T07:03:03.093+0000] {processor.py:183} INFO - Processing /home/airflow/dags/data_merge_dag.py took 0.450 seconds
[2026-04-25T07:03:33.819+0000] {processor.py:161} INFO - Started process (PID=9069) to work on /home/airflow/dags/data_merge_dag.py
[2026-04-25T07:03:33.821+0000] {processor.py:830} INFO - Processing file /home/airflow/dags/data_merge_dag.py for tasks to queue
[2026-04-25T07:03:33.822+0000] {logging_mixin.py:188} INFO - [2026-04-25T07:03:33.822+0000] {dagbag.py:538} INFO - Filling up the DagBag from /home/airflow/dags/data_merge_dag.py
[2026-04-25T07:03:34.278+0000] {processor.py:840} INFO - DAG(s) 'data_merge_pipeline' retrieved from /home/airflow/dags/data_merge_dag.py
[2026-04-25T07:03:34.298+0000] {logging_mixin.py:188} INFO - [2026-04-25T07:03:34.298+0000] {dag.py:3036} INFO - Sync 1 DAGs
[2026-04-25T07:03:34.315+0000] {logging_mixin.py:188} INFO - [2026-04-25T07:03:34.315+0000] {dag.py:3823} INFO - Setting next_dagrun for data_merge_pipeline to 2026-04-26 00:00:00+00:00, run_after=2026-05-03 00:00:00+00:00
[2026-04-25T07:03:34.339+0000] {processor.py:183} INFO - Processing /home/airflow/dags/data_merge_dag.py took 0.525 seconds
[2026-04-25T07:04:05.105+0000] {processor.py:161} INFO - Started process (PID=9101) to work on /home/airflow/dags/data_merge_dag.py
[2026-04-25T07:04:05.107+0000] {processor.py:830} INFO - Processing file /home/airflow/dags/data_merge_dag.py for tasks to queue
[2026-04-25T07:04:05.109+0000] {logging_mixin.py:188} INFO - [2026-04-25T07:04:05.108+0000] {dagbag.py:538} INFO - Filling up the DagBag from /home/airflow/dags/data_merge_dag.py
[2026-04-25T07:04:05.521+0000] {processor.py:840} INFO - DAG(s) 'data_merge_pipeline' retrieved from /home/airflow/dags/data_merge_dag.py
[2026-04-25T07:04:05.540+0000] {logging_mixin.py:188} INFO - [2026-04-25T07:04:05.539+0000] {dag.py:3036} INFO - Sync 1 DAGs
[2026-04-25T07:04:05.555+0000] {logging_mixin.py:188} INFO - [2026-04-25T07:04:05.555+0000] {dag.py:3823} INFO - Setting next_dagrun for data_merge_pipeline to 2026-04-26 00:00:00+00:00, run_after=2026-05-03 00:00:00+00:00
[2026-04-25T07:04:05.576+0000] {processor.py:183} INFO - Processing /home/airflow/dags/data_merge_dag.py took 0.476 seconds
[2026-04-25T07:04:36.470+0000] {processor.py:161} INFO - Started process (PID=9133) to work on /home/airflow/dags/data_merge_dag.py
[2026-04-25T07:04:36.472+0000] {processor.py:830} INFO - Processing file /home/airflow/dags/data_merge_dag.py for tasks to queue
[2026-04-25T07:04:36.473+0000] {logging_mixin.py:188} INFO - [2026-04-25T07:04:36.473+0000] {dagbag.py:538} INFO - Filling up the DagBag from /home/airflow/dags/data_merge_dag.py
[2026-04-25T07:04:36.828+0000] {processor.py:840} INFO - DAG(s) 'data_merge_pipeline' retrieved from /home/airflow/dags/data_merge_dag.py
[2026-04-25T07:04:36.850+0000] {logging_mixin.py:188} INFO - [2026-04-25T07:04:36.849+0000] {dag.py:3036} INFO - Sync 1 DAGs
[2026-04-25T07:04:36.868+0000] {logging_mixin.py:188} INFO - [2026-04-25T07:04:36.868+0000] {dag.py:3823} INFO - Setting next_dagrun for data_merge_pipeline to 2026-04-26 00:00:00+00:00, run_after=2026-05-03 00:00:00+00:00
[2026-04-25T07:04:36.888+0000] {processor.py:183} INFO - Processing /home/airflow/dags/data_merge_dag.py took 0.421 seconds
[2026-04-25T07:05:07.828+0000] {processor.py:161} INFO - Started process (PID=9165) to work on /home/airflow/dags/data_merge_dag.py
[2026-04-25T07:05:07.830+0000] {processor.py:830} INFO - Processing file /home/airflow/dags/data_merge_dag.py for tasks to queue
[2026-04-25T07:05:07.832+0000] {logging_mixin.py:188} INFO - [2026-04-25T07:05:07.831+0000] {dagbag.py:538} INFO - Filling up the DagBag from /home/airflow/dags/data_merge_dag.py
[2026-04-25T07:05:08.276+0000] {processor.py:840} INFO - DAG(s) 'data_merge_pipeline' retrieved from /home/airflow/dags/data_merge_dag.py
[2026-04-25T07:05:08.301+0000] {logging_mixin.py:188} INFO - [2026-04-25T07:05:08.300+0000] {dag.py:3036} INFO - Sync 1 DAGs
[2026-04-25T07:05:08.320+0000] {logging_mixin.py:188} INFO - [2026-04-25T07:05:08.320+0000] {dag.py:3823} INFO - Setting next_dagrun for data_merge_pipeline to 2026-04-26 00:00:00+00:00, run_after=2026-05-03 00:00:00+00:00
[2026-04-25T07:05:08.346+0000] {processor.py:183} INFO - Processing /home/airflow/dags/data_merge_dag.py took 0.522 seconds
[2026-04-25T07:05:38.438+0000] {processor.py:161} INFO - Started process (PID=9197) to work on /home/airflow/dags/data_merge_dag.py
[2026-04-25T07:05:38.439+0000] {processor.py:830} INFO - Processing file /home/airflow/dags/data_merge_dag.py for tasks to queue
[2026-04-25T07:05:38.440+0000] {logging_mixin.py:188} INFO - [2026-04-25T07:05:38.440+0000] {dagbag.py:538} INFO - Filling up the DagBag from /home/airflow/dags/data_merge_dag.py
[2026-04-25T07:05:38.785+0000] {processor.py:840} INFO - DAG(s) 'data_merge_pipeline' retrieved from /home/airflow/dags/data_merge_dag.py
[2026-04-25T07:05:38.805+0000] {logging_mixin.py:188} INFO - [2026-04-25T07:05:38.804+0000] {dag.py:3036} INFO - Sync 1 DAGs
[2026-04-25T07:05:38.820+0000] {logging_mixin.py:188} INFO - [2026-04-25T07:05:38.820+0000] {dag.py:3823} INFO - Setting next_dagrun for data_merge_pipeline to 2026-04-26 00:00:00+00:00, run_after=2026-05-03 00:00:00+00:00
[2026-04-25T07:05:38.844+0000] {processor.py:183} INFO - Processing /home/airflow/dags/data_merge_dag.py took 0.410 seconds
[2026-04-25T07:06:09.746+0000] {processor.py:161} INFO - Started process (PID=9229) to work on /home/airflow/dags/data_merge_dag.py
[2026-04-25T07:06:09.747+0000] {processor.py:830} INFO - Processing file /home/airflow/dags/data_merge_dag.py for tasks to queue
[2026-04-25T07:06:09.748+0000] {logging_mixin.py:188} INFO - [2026-04-25T07:06:09.748+0000] {dagbag.py:538} INFO - Filling up the DagBag from /home/airflow/dags/data_merge_dag.py
[2026-04-25T07:06:10.098+0000] {processor.py:840} INFO - DAG(s) 'data_merge_pipeline' retrieved from /home/airflow/dags/data_merge_dag.py
[2026-04-25T07:06:10.121+0000] {logging_mixin.py:188} INFO - [2026-04-25T07:06:10.120+0000] {dag.py:3036} INFO - Sync 1 DAGs
[2026-04-25T07:06:10.138+0000] {logging_mixin.py:188} INFO - [2026-04-25T07:06:10.138+0000] {dag.py:3823} INFO - Setting next_dagrun for data_merge_pipeline to 2026-04-26 00:00:00+00:00, run_after=2026-05-03 00:00:00+00:00
[2026-04-25T07:06:10.160+0000] {processor.py:183} INFO - Processing /home/airflow/dags/data_merge_dag.py took 0.417 seconds
[2026-04-25T07:06:41.021+0000] {processor.py:161} INFO - Started process (PID=9261) to work on /home/airflow/dags/data_merge_dag.py
[2026-04-25T07:06:41.022+0000] {processor.py:830} INFO - Processing file /home/airflow/dags/data_merge_dag.py for tasks to queue
[2026-04-25T07:06:41.023+0000] {logging_mixin.py:188} INFO - [2026-04-25T07:06:41.023+0000] {dagbag.py:538} INFO - Filling up the DagBag from /home/airflow/dags/data_merge_dag.py
[2026-04-25T07:06:41.425+0000] {processor.py:840} INFO - DAG(s) 'data_merge_pipeline' retrieved from /home/airflow/dags/data_merge_dag.py
[2026-04-25T07:06:41.446+0000] {logging_mixin.py:188} INFO - [2026-04-25T07:06:41.446+0000] {dag.py:3036} INFO - Sync 1 DAGs
[2026-04-25T07:06:41.464+0000] {logging_mixin.py:188} INFO - [2026-04-25T07:06:41.464+0000] {dag.py:3823} INFO - Setting next_dagrun for data_merge_pipeline to 2026-04-26 00:00:00+00:00, run_after=2026-05-03 00:00:00+00:00
[2026-04-25T07:06:41.487+0000] {processor.py:183} INFO - Processing /home/airflow/dags/data_merge_dag.py took 0.468 seconds
[2026-04-25T07:07:12.176+0000] {processor.py:161} INFO - Started process (PID=9293) to work on /home/airflow/dags/data_merge_dag.py
[2026-04-25T07:07:12.177+0000] {processor.py:830} INFO - Processing file /home/airflow/dags/data_merge_dag.py for tasks to queue
[2026-04-25T07:07:12.178+0000] {logging_mixin.py:188} INFO - [2026-04-25T07:07:12.178+0000] {dagbag.py:538} INFO - Filling up the DagBag from /home/airflow/dags/data_merge_dag.py
[2026-04-25T07:07:12.507+0000] {processor.py:840} INFO - DAG(s) 'data_merge_pipeline' retrieved from /home/airflow/dags/data_merge_dag.py
[2026-04-25T07:07:12.525+0000] {logging_mixin.py:188} INFO - [2026-04-25T07:07:12.524+0000] {dag.py:3036} INFO - Sync 1 DAGs
[2026-04-25T07:07:12.540+0000] {logging_mixin.py:188} INFO - [2026-04-25T07:07:12.540+0000] {dag.py:3823} INFO - Setting next_dagrun for data_merge_pipeline to 2026-04-26 00:00:00+00:00, run_after=2026-05-03 00:00:00+00:00
[2026-04-25T07:07:12.559+0000] {processor.py:183} INFO - Processing /home/airflow/dags/data_merge_dag.py took 0.386 seconds
[2026-04-25T07:07:43.484+0000] {processor.py:161} INFO - Started process (PID=9325) to work on /home/airflow/dags/data_merge_dag.py
[2026-04-25T07:07:43.485+0000] {processor.py:830} INFO - Processing file /home/airflow/dags/data_merge_dag.py for tasks to queue
[2026-04-25T07:07:43.486+0000] {logging_mixin.py:188} INFO - [2026-04-25T07:07:43.486+0000] {dagbag.py:538} INFO - Filling up the DagBag from /home/airflow/dags/data_merge_dag.py
[2026-04-25T07:07:43.886+0000] {processor.py:840} INFO - DAG(s) 'data_merge_pipeline' retrieved from /home/airflow/dags/data_merge_dag.py
[2026-04-25T07:07:43.907+0000] {logging_mixin.py:188} INFO - [2026-04-25T07:07:43.907+0000] {dag.py:3036} INFO - Sync 1 DAGs
[2026-04-25T07:07:43.924+0000] {logging_mixin.py:188} INFO - [2026-04-25T07:07:43.924+0000] {dag.py:3823} INFO - Setting next_dagrun for data_merge_pipeline to 2026-04-26 00:00:00+00:00, run_after=2026-05-03 00:00:00+00:00
[2026-04-25T07:07:43.945+0000] {processor.py:183} INFO - Processing /home/airflow/dags/data_merge_dag.py took 0.464 seconds
[2026-04-25T07:08:14.354+0000] {processor.py:161} INFO - Started process (PID=9357) to work on /home/airflow/dags/data_merge_dag.py
[2026-04-25T07:08:14.356+0000] {processor.py:830} INFO - Processing file /home/airflow/dags/data_merge_dag.py for tasks to queue
[2026-04-25T07:08:14.358+0000] {logging_mixin.py:188} INFO - [2026-04-25T07:08:14.357+0000] {dagbag.py:538} INFO - Filling up the DagBag from /home/airflow/dags/data_merge_dag.py
[2026-04-25T07:08:14.643+0000] {processor.py:840} INFO - DAG(s) 'data_merge_pipeline' retrieved from /home/airflow/dags/data_merge_dag.py
[2026-04-25T07:08:14.677+0000] {logging_mixin.py:188} INFO - [2026-04-25T07:08:14.676+0000] {dag.py:3036} INFO - Sync 1 DAGs
[2026-04-25T07:08:14.700+0000] {logging_mixin.py:188} INFO - [2026-04-25T07:08:14.700+0000] {dag.py:3823} INFO - Setting next_dagrun for data_merge_pipeline to 2026-04-26 00:00:00+00:00, run_after=2026-05-03 00:00:00+00:00
[2026-04-25T07:08:14.722+0000] {processor.py:183} INFO - Processing /home/airflow/dags/data_merge_dag.py took 0.374 seconds
[2026-04-25T07:08:44.950+0000] {processor.py:161} INFO - Started process (PID=9389) to work on /home/airflow/dags/data_merge_dag.py
[2026-04-25T07:08:44.951+0000] {processor.py:830} INFO - Processing file /home/airflow/dags/data_merge_dag.py for tasks to queue
[2026-04-25T07:08:44.953+0000] {logging_mixin.py:188} INFO - [2026-04-25T07:08:44.952+0000] {dagbag.py:538} INFO - Filling up the DagBag from /home/airflow/dags/data_merge_dag.py
[2026-04-25T07:08:45.265+0000] {processor.py:840} INFO - DAG(s) 'data_merge_pipeline' retrieved from /home/airflow/dags/data_merge_dag.py
[2026-04-25T07:08:45.287+0000] {logging_mixin.py:188} INFO - [2026-04-25T07:08:45.287+0000] {dag.py:3036} INFO - Sync 1 DAGs
[2026-04-25T07:08:45.306+0000] {logging_mixin.py:188} INFO - [2026-04-25T07:08:45.306+0000] {dag.py:3823} INFO - Setting next_dagrun for data_merge_pipeline to 2026-04-26 00:00:00+00:00, run_after=2026-05-03 00:00:00+00:00
[2026-04-25T07:08:45.326+0000] {processor.py:183} INFO - Processing /home/airflow/dags/data_merge_dag.py took 0.379 seconds
[2026-04-25T07:09:15.431+0000] {processor.py:161} INFO - Started process (PID=9421) to work on /home/airflow/dags/data_merge_dag.py
[2026-04-25T07:09:15.432+0000] {processor.py:830} INFO - Processing file /home/airflow/dags/data_merge_dag.py for tasks to queue
[2026-04-25T07:09:15.433+0000] {logging_mixin.py:188} INFO - [2026-04-25T07:09:15.433+0000] {dagbag.py:538} INFO - Filling up the DagBag from /home/airflow/dags/data_merge_dag.py
[2026-04-25T07:09:15.667+0000] {processor.py:840} INFO - DAG(s) 'data_merge_pipeline' retrieved from /home/airflow/dags/data_merge_dag.py
[2026-04-25T07:09:15.693+0000] {logging_mixin.py:188} INFO - [2026-04-25T07:09:15.693+0000] {dag.py:3036} INFO - Sync 1 DAGs
[2026-04-25T07:09:15.715+0000] {logging_mixin.py:188} INFO - [2026-04-25T07:09:15.715+0000] {dag.py:3823} INFO - Setting next_dagrun for data_merge_pipeline to 2026-04-26 00:00:00+00:00, run_after=2026-05-03 00:00:00+00:00
[2026-04-25T07:09:15.737+0000] {processor.py:183} INFO - Processing /home/airflow/dags/data_merge_dag.py took 0.310 seconds
[2026-04-25T07:09:46.631+0000] {processor.py:161} INFO - Started process (PID=9453) to work on /home/airflow/dags/data_merge_dag.py
[2026-04-25T07:09:46.632+0000] {processor.py:830} INFO - Processing file /home/airflow/dags/data_merge_dag.py for tasks to queue
[2026-04-25T07:09:46.634+0000] {logging_mixin.py:188} INFO - [2026-04-25T07:09:46.633+0000] {dagbag.py:538} INFO - Filling up the DagBag from /home/airflow/dags/data_merge_dag.py
[2026-04-25T07:09:46.902+0000] {processor.py:840} INFO - DAG(s) 'data_merge_pipeline' retrieved from /home/airflow/dags/data_merge_dag.py
[2026-04-25T07:09:46.928+0000] {logging_mixin.py:188} INFO - [2026-04-25T07:09:46.927+0000] {dag.py:3036} INFO - Sync 1 DAGs
[2026-04-25T07:09:46.952+0000] {logging_mixin.py:188} INFO - [2026-04-25T07:09:46.952+0000] {dag.py:3823} INFO - Setting next_dagrun for data_merge_pipeline to 2026-04-26 00:00:00+00:00, run_after=2026-05-03 00:00:00+00:00
[2026-04-25T07:09:46.980+0000] {processor.py:183} INFO - Processing /home/airflow/dags/data_merge_dag.py took 0.352 seconds
[2026-04-25T07:10:17.852+0000] {processor.py:161} INFO - Started process (PID=9485) to work on /home/airflow/dags/data_merge_dag.py
[2026-04-25T07:10:17.853+0000] {processor.py:830} INFO - Processing file /home/airflow/dags/data_merge_dag.py for tasks to queue
[2026-04-25T07:10:17.855+0000] {logging_mixin.py:188} INFO - [2026-04-25T07:10:17.854+0000] {dagbag.py:538} INFO - Filling up the DagBag from /home/airflow/dags/data_merge_dag.py
[2026-04-25T07:10:18.056+0000] {processor.py:840} INFO - DAG(s) 'data_merge_pipeline' retrieved from /home/airflow/dags/data_merge_dag.py
[2026-04-25T07:10:18.078+0000] {logging_mixin.py:188} INFO - [2026-04-25T07:10:18.077+0000] {dag.py:3036} INFO - Sync 1 DAGs
[2026-04-25T07:10:18.095+0000] {logging_mixin.py:188} INFO - [2026-04-25T07:10:18.094+0000] {dag.py:3823} INFO - Setting next_dagrun for data_merge_pipeline to 2026-04-26 00:00:00+00:00, run_after=2026-05-03 00:00:00+00:00
[2026-04-25T07:10:18.116+0000] {processor.py:183} INFO - Processing /home/airflow/dags/data_merge_dag.py took 0.268 seconds
[2026-04-25T07:10:48.218+0000] {processor.py:161} INFO - Started process (PID=9517) to work on /home/airflow/dags/data_merge_dag.py
[2026-04-25T07:10:48.220+0000] {processor.py:830} INFO - Processing file /home/airflow/dags/data_merge_dag.py for tasks to queue
[2026-04-25T07:10:48.221+0000] {logging_mixin.py:188} INFO - [2026-04-25T07:10:48.221+0000] {dagbag.py:538} INFO - Filling up the DagBag from /home/airflow/dags/data_merge_dag.py
[2026-04-25T07:10:48.474+0000] {processor.py:840} INFO - DAG(s) 'data_merge_pipeline' retrieved from /home/airflow/dags/data_merge_dag.py
[2026-04-25T07:10:48.503+0000] {logging_mixin.py:188} INFO - [2026-04-25T07:10:48.503+0000] {dag.py:3036} INFO - Sync 1 DAGs
[2026-04-25T07:10:48.525+0000] {logging_mixin.py:188} INFO - [2026-04-25T07:10:48.524+0000] {dag.py:3823} INFO - Setting next_dagrun for data_merge_pipeline to 2026-04-26 00:00:00+00:00, run_after=2026-05-03 00:00:00+00:00
[2026-04-25T07:10:48.547+0000] {processor.py:183} INFO - Processing /home/airflow/dags/data_merge_dag.py took 0.332 seconds
[2026-04-25T07:11:18.863+0000] {processor.py:161} INFO - Started process (PID=9549) to work on /home/airflow/dags/data_merge_dag.py
[2026-04-25T07:11:18.864+0000] {processor.py:830} INFO - Processing file /home/airflow/dags/data_merge_dag.py for tasks to queue
[2026-04-25T07:11:18.865+0000] {logging_mixin.py:188} INFO - [2026-04-25T07:11:18.865+0000] {dagbag.py:538} INFO - Filling up the DagBag from /home/airflow/dags/data_merge_dag.py
[2026-04-25T07:11:19.120+0000] {processor.py:840} INFO - DAG(s) 'data_merge_pipeline' retrieved from /home/airflow/dags/data_merge_dag.py
[2026-04-25T07:11:19.151+0000] {logging_mixin.py:188} INFO - [2026-04-25T07:11:19.151+0000] {dag.py:3036} INFO - Sync 1 DAGs
[2026-04-25T07:11:19.173+0000] {logging_mixin.py:188} INFO - [2026-04-25T07:11:19.173+0000] {dag.py:3823} INFO - Setting next_dagrun for data_merge_pipeline to 2026-04-26 00:00:00+00:00, run_after=2026-05-03 00:00:00+00:00
[2026-04-25T07:11:19.200+0000] {processor.py:183} INFO - Processing /home/airflow/dags/data_merge_dag.py took 0.340 seconds
[2026-04-25T07:11:49.300+0000] {processor.py:161} INFO - Started process (PID=9581) to work on /home/airflow/dags/data_merge_dag.py
[2026-04-25T07:11:49.301+0000] {processor.py:830} INFO - Processing file /home/airflow/dags/data_merge_dag.py for tasks to queue
[2026-04-25T07:11:49.302+0000] {logging_mixin.py:188} INFO - [2026-04-25T07:11:49.302+0000] {dagbag.py:538} INFO - Filling up the DagBag from /home/airflow/dags/data_merge_dag.py
[2026-04-25T07:11:49.519+0000] {processor.py:840} INFO - DAG(s) 'data_merge_pipeline' retrieved from /home/airflow/dags/data_merge_dag.py
[2026-04-25T07:11:49.546+0000] {logging_mixin.py:188} INFO - [2026-04-25T07:11:49.545+0000] {dag.py:3036} INFO - Sync 1 DAGs
[2026-04-25T07:11:49.564+0000] {logging_mixin.py:188} INFO - [2026-04-25T07:11:49.564+0000] {dag.py:3823} INFO - Setting next_dagrun for data_merge_pipeline to 2026-04-26 00:00:00+00:00, run_after=2026-05-03 00:00:00+00:00
[2026-04-25T07:11:49.589+0000] {processor.py:183} INFO - Processing /home/airflow/dags/data_merge_dag.py took 0.292 seconds
[2026-04-25T07:12:20.481+0000] {processor.py:161} INFO - Started process (PID=9613) to work on /home/airflow/dags/data_merge_dag.py
[2026-04-25T07:12:20.483+0000] {processor.py:830} INFO - Processing file /home/airflow/dags/data_merge_dag.py for tasks to queue
[2026-04-25T07:12:20.484+0000] {logging_mixin.py:188} INFO - [2026-04-25T07:12:20.483+0000] {dagbag.py:538} INFO - Filling up the DagBag from /home/airflow/dags/data_merge_dag.py
[2026-04-25T07:12:20.698+0000] {processor.py:840} INFO - DAG(s) 'data_merge_pipeline' retrieved from /home/airflow/dags/data_merge_dag.py
[2026-04-25T07:12:20.721+0000] {logging_mixin.py:188} INFO - [2026-04-25T07:12:20.720+0000] {dag.py:3036} INFO - Sync 1 DAGs
[2026-04-25T07:12:20.739+0000] {logging_mixin.py:188} INFO - [2026-04-25T07:12:20.739+0000] {dag.py:3823} INFO - Setting next_dagrun for data_merge_pipeline to 2026-04-26 00:00:00+00:00, run_after=2026-05-03 00:00:00+00:00
[2026-04-25T07:12:20.762+0000] {processor.py:183} INFO - Processing /home/airflow/dags/data_merge_dag.py took 0.284 seconds
[2026-04-25T07:12:51.078+0000] {processor.py:161} INFO - Started process (PID=9645) to work on /home/airflow/dags/data_merge_dag.py
[2026-04-25T07:12:51.080+0000] {processor.py:830} INFO - Processing file /home/airflow/dags/data_merge_dag.py for tasks to queue
[2026-04-25T07:12:51.082+0000] {logging_mixin.py:188} INFO - [2026-04-25T07:12:51.081+0000] {dagbag.py:538} INFO - Filling up the DagBag from /home/airflow/dags/data_merge_dag.py
[2026-04-25T07:12:51.359+0000] {processor.py:840} INFO - DAG(s) 'data_merge_pipeline' retrieved from /home/airflow/dags/data_merge_dag.py
[2026-04-25T07:12:51.385+0000] {logging_mixin.py:188} INFO - [2026-04-25T07:12:51.385+0000] {dag.py:3036} INFO - Sync 1 DAGs
[2026-04-25T07:12:51.408+0000] {logging_mixin.py:188} INFO - [2026-04-25T07:12:51.408+0000] {dag.py:3823} INFO - Setting next_dagrun for data_merge_pipeline to 2026-04-26 00:00:00+00:00, run_after=2026-05-03 00:00:00+00:00
[2026-04-25T07:12:51.431+0000] {processor.py:183} INFO - Processing /home/airflow/dags/data_merge_dag.py took 0.357 seconds
[2026-04-25T07:13:22.443+0000] {processor.py:161} INFO - Started process (PID=9677) to work on /home/airflow/dags/data_merge_dag.py
[2026-04-25T07:13:22.444+0000] {processor.py:830} INFO - Processing file /home/airflow/dags/data_merge_dag.py for tasks to queue
[2026-04-25T07:13:22.445+0000] {logging_mixin.py:188} INFO - [2026-04-25T07:13:22.445+0000] {dagbag.py:538} INFO - Filling up the DagBag from /home/airflow/dags/data_merge_dag.py
[2026-04-25T07:13:22.668+0000] {processor.py:840} INFO - DAG(s) 'data_merge_pipeline' retrieved from /home/airflow/dags/data_merge_dag.py
[2026-04-25T07:13:22.689+0000] {logging_mixin.py:188} INFO - [2026-04-25T07:13:22.688+0000] {dag.py:3036} INFO - Sync 1 DAGs
[2026-04-25T07:13:22.709+0000] {logging_mixin.py:188} INFO - [2026-04-25T07:13:22.709+0000] {dag.py:3823} INFO - Setting next_dagrun for data_merge_pipeline to 2026-04-26 00:00:00+00:00, run_after=2026-05-03 00:00:00+00:00
[2026-04-25T07:13:22.731+0000] {processor.py:183} INFO - Processing /home/airflow/dags/data_merge_dag.py took 0.291 seconds
[2026-04-25T07:13:52.955+0000] {processor.py:161} INFO - Started process (PID=9709) to work on /home/airflow/dags/data_merge_dag.py
[2026-04-25T07:13:52.957+0000] {processor.py:830} INFO - Processing file /home/airflow/dags/data_merge_dag.py for tasks to queue
[2026-04-25T07:13:52.958+0000] {logging_mixin.py:188} INFO - [2026-04-25T07:13:52.958+0000] {dagbag.py:538} INFO - Filling up the DagBag from /home/airflow/dags/data_merge_dag.py
[2026-04-25T07:13:53.229+0000] {processor.py:840} INFO - DAG(s) 'data_merge_pipeline' retrieved from /home/airflow/dags/data_merge_dag.py
[2026-04-25T07:13:53.252+0000] {logging_mixin.py:188} INFO - [2026-04-25T07:13:53.252+0000] {dag.py:3036} INFO - Sync 1 DAGs
[2026-04-25T07:13:53.271+0000] {logging_mixin.py:188} INFO - [2026-04-25T07:13:53.271+0000] {dag.py:3823} INFO - Setting next_dagrun for data_merge_pipeline to 2026-04-26 00:00:00+00:00, run_after=2026-05-03 00:00:00+00:00
[2026-04-25T07:13:53.294+0000] {processor.py:183} INFO - Processing /home/airflow/dags/data_merge_dag.py took 0.343 seconds
[2026-04-25T07:14:23.627+0000] {processor.py:161} INFO - Started process (PID=9739) to work on /home/airflow/dags/data_merge_dag.py
[2026-04-25T07:14:23.628+0000] {processor.py:830} INFO - Processing file /home/airflow/dags/data_merge_dag.py for tasks to queue
[2026-04-25T07:14:23.629+0000] {logging_mixin.py:188} INFO - [2026-04-25T07:14:23.628+0000] {dagbag.py:538} INFO - Filling up the DagBag from /home/airflow/dags/data_merge_dag.py
[2026-04-25T07:14:23.863+0000] {processor.py:840} INFO - DAG(s) 'data_merge_pipeline' retrieved from /home/airflow/dags/data_merge_dag.py
[2026-04-25T07:14:23.885+0000] {logging_mixin.py:188} INFO - [2026-04-25T07:14:23.885+0000] {dag.py:3036} INFO - Sync 1 DAGs
[2026-04-25T07:14:23.904+0000] {logging_mixin.py:188} INFO - [2026-04-25T07:14:23.904+0000] {dag.py:3823} INFO - Setting next_dagrun for data_merge_pipeline to 2026-04-26 00:00:00+00:00, run_after=2026-05-03 00:00:00+00:00
[2026-04-25T07:14:23.932+0000] {processor.py:183} INFO - Processing /home/airflow/dags/data_merge_dag.py took 0.308 seconds
[2026-04-25T07:14:54.130+0000] {processor.py:161} INFO - Started process (PID=9760) to work on /home/airflow/dags/data_merge_dag.py
[2026-04-25T07:14:54.131+0000] {processor.py:830} INFO - Processing file /home/airflow/dags/data_merge_dag.py for tasks to queue
[2026-04-25T07:14:54.132+0000] {logging_mixin.py:188} INFO - [2026-04-25T07:14:54.132+0000] {dagbag.py:538} INFO - Filling up the DagBag from /home/airflow/dags/data_merge_dag.py
[2026-04-25T07:14:54.339+0000] {processor.py:840} INFO - DAG(s) 'data_merge_pipeline' retrieved from /home/airflow/dags/data_merge_dag.py
[2026-04-25T07:14:54.364+0000] {logging_mixin.py:188} INFO - [2026-04-25T07:14:54.364+0000] {dag.py:3036} INFO - Sync 1 DAGs
[2026-04-25T07:14:54.383+0000] {logging_mixin.py:188} INFO - [2026-04-25T07:14:54.383+0000] {dag.py:3823} INFO - Setting next_dagrun for data_merge_pipeline to 2026-04-26 00:00:00+00:00, run_after=2026-05-03 00:00:00+00:00
[2026-04-25T07:14:54.407+0000] {processor.py:183} INFO - Processing /home/airflow/dags/data_merge_dag.py took 0.280 seconds
[2026-04-25T07:15:24.562+0000] {processor.py:161} INFO - Started process (PID=9792) to work on /home/airflow/dags/data_merge_dag.py
[2026-04-25T07:15:24.563+0000] {processor.py:830} INFO - Processing file /home/airflow/dags/data_merge_dag.py for tasks to queue
[2026-04-25T07:15:24.565+0000] {logging_mixin.py:188} INFO - [2026-04-25T07:15:24.564+0000] {dagbag.py:538} INFO - Filling up the DagBag from /home/airflow/dags/data_merge_dag.py
[2026-04-25T07:15:24.798+0000] {processor.py:840} INFO - DAG(s) 'data_merge_pipeline' retrieved from /home/airflow/dags/data_merge_dag.py
[2026-04-25T07:15:24.820+0000] {logging_mixin.py:188} INFO - [2026-04-25T07:15:24.819+0000] {dag.py:3036} INFO - Sync 1 DAGs
[2026-04-25T07:15:24.841+0000] {logging_mixin.py:188} INFO - [2026-04-25T07:15:24.841+0000] {dag.py:3823} INFO - Setting next_dagrun for data_merge_pipeline to 2026-04-26 00:00:00+00:00, run_after=2026-05-03 00:00:00+00:00
[2026-04-25T07:15:24.861+0000] {processor.py:183} INFO - Processing /home/airflow/dags/data_merge_dag.py took 0.302 seconds
[2026-04-25T07:15:55.170+0000] {processor.py:161} INFO - Started process (PID=9824) to work on /home/airflow/dags/data_merge_dag.py
[2026-04-25T07:15:55.171+0000] {processor.py:830} INFO - Processing file /home/airflow/dags/data_merge_dag.py for tasks to queue
[2026-04-25T07:15:55.173+0000] {logging_mixin.py:188} INFO - [2026-04-25T07:15:55.172+0000] {dagbag.py:538} INFO - Filling up the DagBag from /home/airflow/dags/data_merge_dag.py
[2026-04-25T07:15:55.386+0000] {processor.py:840} INFO - DAG(s) 'data_merge_pipeline' retrieved from /home/airflow/dags/data_merge_dag.py
[2026-04-25T07:15:55.408+0000] {logging_mixin.py:188} INFO - [2026-04-25T07:15:55.407+0000] {dag.py:3036} INFO - Sync 1 DAGs
[2026-04-25T07:15:55.424+0000] {logging_mixin.py:188} INFO - [2026-04-25T07:15:55.424+0000] {dag.py:3823} INFO - Setting next_dagrun for data_merge_pipeline to 2026-04-26 00:00:00+00:00, run_after=2026-05-03 00:00:00+00:00
[2026-04-25T07:15:55.448+0000] {processor.py:183} INFO - Processing /home/airflow/dags/data_merge_dag.py took 0.281 seconds
[2026-04-25T07:16:25.517+0000] {processor.py:161} INFO - Started process (PID=9856) to work on /home/airflow/dags/data_merge_dag.py
[2026-04-25T07:16:25.518+0000] {processor.py:830} INFO - Processing file /home/airflow/dags/data_merge_dag.py for tasks to queue
[2026-04-25T07:16:25.519+0000] {logging_mixin.py:188} INFO - [2026-04-25T07:16:25.519+0000] {dagbag.py:538} INFO - Filling up the DagBag from /home/airflow/dags/data_merge_dag.py
[2026-04-25T07:16:25.732+0000] {processor.py:840} INFO - DAG(s) 'data_merge_pipeline' retrieved from /home/airflow/dags/data_merge_dag.py
[2026-04-25T07:16:25.755+0000] {logging_mixin.py:188} INFO - [2026-04-25T07:16:25.754+0000] {dag.py:3036} INFO - Sync 1 DAGs
[2026-04-25T07:16:25.774+0000] {logging_mixin.py:188} INFO - [2026-04-25T07:16:25.774+0000] {dag.py:3823} INFO - Setting next_dagrun for data_merge_pipeline to 2026-04-26 00:00:00+00:00, run_after=2026-05-03 00:00:00+00:00
[2026-04-25T07:16:25.797+0000] {processor.py:183} INFO - Processing /home/airflow/dags/data_merge_dag.py took 0.283 seconds
[2026-04-25T07:16:56.851+0000] {processor.py:161} INFO - Started process (PID=9888) to work on /home/airflow/dags/data_merge_dag.py
[2026-04-25T07:16:56.853+0000] {processor.py:830} INFO - Processing file /home/airflow/dags/data_merge_dag.py for tasks to queue
[2026-04-25T07:16:56.854+0000] {logging_mixin.py:188} INFO - [2026-04-25T07:16:56.854+0000] {dagbag.py:538} INFO - Filling up the DagBag from /home/airflow/dags/data_merge_dag.py
[2026-04-25T07:16:57.150+0000] {processor.py:840} INFO - DAG(s) 'data_merge_pipeline' retrieved from /home/airflow/dags/data_merge_dag.py
[2026-04-25T07:16:57.176+0000] {logging_mixin.py:188} INFO - [2026-04-25T07:16:57.175+0000] {dag.py:3036} INFO - Sync 1 DAGs
[2026-04-25T07:16:57.199+0000] {logging_mixin.py:188} INFO - [2026-04-25T07:16:57.199+0000] {dag.py:3823} INFO - Setting next_dagrun for data_merge_pipeline to 2026-04-26 00:00:00+00:00, run_after=2026-05-03 00:00:00+00:00
[2026-04-25T07:16:57.223+0000] {processor.py:183} INFO - Processing /home/airflow/dags/data_merge_dag.py took 0.376 seconds
[2026-04-25T07:17:27.554+0000] {processor.py:161} INFO - Started process (PID=9920) to work on /home/airflow/dags/data_merge_dag.py
[2026-04-25T07:17:27.556+0000] {processor.py:830} INFO - Processing file /home/airflow/dags/data_merge_dag.py for tasks to queue
[2026-04-25T07:17:27.557+0000] {logging_mixin.py:188} INFO - [2026-04-25T07:17:27.557+0000] {dagbag.py:538} INFO - Filling up the DagBag from /home/airflow/dags/data_merge_dag.py
[2026-04-25T07:17:27.795+0000] {processor.py:840} INFO - DAG(s) 'data_merge_pipeline' retrieved from /home/airflow/dags/data_merge_dag.py
[2026-04-25T07:17:27.819+0000] {logging_mixin.py:188} INFO - [2026-04-25T07:17:27.819+0000] {dag.py:3036} INFO - Sync 1 DAGs
[2026-04-25T07:17:27.840+0000] {logging_mixin.py:188} INFO - [2026-04-25T07:17:27.840+0000] {dag.py:3823} INFO - Setting next_dagrun for data_merge_pipeline to 2026-04-26 00:00:00+00:00, run_after=2026-05-03 00:00:00+00:00
[2026-04-25T07:17:28.037+0000] {processor.py:183} INFO - Processing /home/airflow/dags/data_merge_dag.py took 0.487 seconds
[2026-04-25T07:17:58.215+0000] {processor.py:161} INFO - Started process (PID=9952) to work on /home/airflow/dags/data_merge_dag.py
[2026-04-25T07:17:58.216+0000] {processor.py:830} INFO - Processing file /home/airflow/dags/data_merge_dag.py for tasks to queue
[2026-04-25T07:17:58.217+0000] {logging_mixin.py:188} INFO - [2026-04-25T07:17:58.217+0000] {dagbag.py:538} INFO - Filling up the DagBag from /home/airflow/dags/data_merge_dag.py
[2026-04-25T07:17:58.442+0000] {processor.py:840} INFO - DAG(s) 'data_merge_pipeline' retrieved from /home/airflow/dags/data_merge_dag.py
[2026-04-25T07:17:58.467+0000] {logging_mixin.py:188} INFO - [2026-04-25T07:17:58.466+0000] {dag.py:3036} INFO - Sync 1 DAGs
[2026-04-25T07:17:58.487+0000] {logging_mixin.py:188} INFO - [2026-04-25T07:17:58.487+0000] {dag.py:3823} INFO - Setting next_dagrun for data_merge_pipeline to 2026-04-26 00:00:00+00:00, run_after=2026-05-03 00:00:00+00:00
[2026-04-25T07:17:58.637+0000] {processor.py:183} INFO - Processing /home/airflow/dags/data_merge_dag.py took 0.425 seconds
[2026-04-25T07:18:28.932+0000] {processor.py:161} INFO - Started process (PID=9984) to work on /home/airflow/dags/data_merge_dag.py
[2026-04-25T07:18:28.933+0000] {processor.py:830} INFO - Processing file /home/airflow/dags/data_merge_dag.py for tasks to queue
[2026-04-25T07:18:28.934+0000] {logging_mixin.py:188} INFO - [2026-04-25T07:18:28.934+0000] {dagbag.py:538} INFO - Filling up the DagBag from /home/airflow/dags/data_merge_dag.py
[2026-04-25T07:18:29.165+0000] {processor.py:840} INFO - DAG(s) 'data_merge_pipeline' retrieved from /home/airflow/dags/data_merge_dag.py
[2026-04-25T07:18:29.194+0000] {logging_mixin.py:188} INFO - [2026-04-25T07:18:29.194+0000] {dag.py:3036} INFO - Sync 1 DAGs
[2026-04-25T07:18:29.223+0000] {logging_mixin.py:188} INFO - [2026-04-25T07:18:29.223+0000] {dag.py:3823} INFO - Setting next_dagrun for data_merge_pipeline to 2026-04-26 00:00:00+00:00, run_after=2026-05-03 00:00:00+00:00
[2026-04-25T07:18:29.391+0000] {processor.py:183} INFO - Processing /home/airflow/dags/data_merge_dag.py took 0.462 seconds
[2026-04-25T07:18:59.543+0000] {processor.py:161} INFO - Started process (PID=10016) to work on /home/airflow/dags/data_merge_dag.py
[2026-04-25T07:18:59.544+0000] {processor.py:830} INFO - Processing file /home/airflow/dags/data_merge_dag.py for tasks to queue
[2026-04-25T07:18:59.545+0000] {logging_mixin.py:188} INFO - [2026-04-25T07:18:59.545+0000] {dagbag.py:538} INFO - Filling up the DagBag from /home/airflow/dags/data_merge_dag.py
[2026-04-25T07:18:59.890+0000] {processor.py:840} INFO - DAG(s) 'data_merge_pipeline' retrieved from /home/airflow/dags/data_merge_dag.py
[2026-04-25T07:18:59.909+0000] {logging_mixin.py:188} INFO - [2026-04-25T07:18:59.908+0000] {dag.py:3036} INFO - Sync 1 DAGs
[2026-04-25T07:18:59.925+0000] {logging_mixin.py:188} INFO - [2026-04-25T07:18:59.925+0000] {dag.py:3823} INFO - Setting next_dagrun for data_merge_pipeline to 2026-04-26 00:00:00+00:00, run_after=2026-05-03 00:00:00+00:00
[2026-04-25T07:18:59.946+0000] {processor.py:183} INFO - Processing /home/airflow/dags/data_merge_dag.py took 0.406 seconds
[2026-04-25T07:19:30.351+0000] {processor.py:161} INFO - Started process (PID=10048) to work on /home/airflow/dags/data_merge_dag.py
[2026-04-25T07:19:30.352+0000] {processor.py:830} INFO - Processing file /home/airflow/dags/data_merge_dag.py for tasks to queue
[2026-04-25T07:19:30.353+0000] {logging_mixin.py:188} INFO - [2026-04-25T07:19:30.353+0000] {dagbag.py:538} INFO - Filling up the DagBag from /home/airflow/dags/data_merge_dag.py
[2026-04-25T07:19:30.713+0000] {processor.py:840} INFO - DAG(s) 'data_merge_pipeline' retrieved from /home/airflow/dags/data_merge_dag.py
[2026-04-25T07:19:30.734+0000] {logging_mixin.py:188} INFO - [2026-04-25T07:19:30.733+0000] {dag.py:3036} INFO - Sync 1 DAGs
[2026-04-25T07:19:30.751+0000] {logging_mixin.py:188} INFO - [2026-04-25T07:19:30.751+0000] {dag.py:3823} INFO - Setting next_dagrun for data_merge_pipeline to 2026-04-26 00:00:00+00:00, run_after=2026-05-03 00:00:00+00:00
[2026-04-25T07:19:30.772+0000] {processor.py:183} INFO - Processing /home/airflow/dags/data_merge_dag.py took 0.424 seconds
[2026-04-25T07:20:01.055+0000] {processor.py:161} INFO - Started process (PID=10080) to work on /home/airflow/dags/data_merge_dag.py
[2026-04-25T07:20:01.056+0000] {processor.py:830} INFO - Processing file /home/airflow/dags/data_merge_dag.py for tasks to queue
[2026-04-25T07:20:01.057+0000] {logging_mixin.py:188} INFO - [2026-04-25T07:20:01.057+0000] {dagbag.py:538} INFO - Filling up the DagBag from /home/airflow/dags/data_merge_dag.py
[2026-04-25T07:20:01.470+0000] {processor.py:840} INFO - DAG(s) 'data_merge_pipeline' retrieved from /home/airflow/dags/data_merge_dag.py
[2026-04-25T07:20:01.500+0000] {logging_mixin.py:188} INFO - [2026-04-25T07:20:01.500+0000] {dag.py:3036} INFO - Sync 1 DAGs
[2026-04-25T07:20:01.525+0000] {logging_mixin.py:188} INFO - [2026-04-25T07:20:01.525+0000] {dag.py:3823} INFO - Setting next_dagrun for data_merge_pipeline to 2026-04-26 00:00:00+00:00, run_after=2026-05-03 00:00:00+00:00
[2026-04-25T07:20:01.547+0000] {processor.py:183} INFO - Processing /home/airflow/dags/data_merge_dag.py took 0.495 seconds
[2026-04-25T07:20:31.793+0000] {processor.py:161} INFO - Started process (PID=10112) to work on /home/airflow/dags/data_merge_dag.py
[2026-04-25T07:20:31.794+0000] {processor.py:830} INFO - Processing file /home/airflow/dags/data_merge_dag.py for tasks to queue
[2026-04-25T07:20:31.795+0000] {logging_mixin.py:188} INFO - [2026-04-25T07:20:31.795+0000] {dagbag.py:538} INFO - Filling up the DagBag from /home/airflow/dags/data_merge_dag.py
[2026-04-25T07:20:32.206+0000] {processor.py:840} INFO - DAG(s) 'data_merge_pipeline' retrieved from /home/airflow/dags/data_merge_dag.py
[2026-04-25T07:20:32.225+0000] {logging_mixin.py:188} INFO - [2026-04-25T07:20:32.224+0000] {dag.py:3036} INFO - Sync 1 DAGs
[2026-04-25T07:20:32.246+0000] {logging_mixin.py:188} INFO - [2026-04-25T07:20:32.245+0000] {dag.py:3823} INFO - Setting next_dagrun for data_merge_pipeline to 2026-04-26 00:00:00+00:00, run_after=2026-05-03 00:00:00+00:00
[2026-04-25T07:20:32.266+0000] {processor.py:183} INFO - Processing /home/airflow/dags/data_merge_dag.py took 0.476 seconds
[2026-04-25T07:21:03.102+0000] {processor.py:161} INFO - Started process (PID=10144) to work on /home/airflow/dags/data_merge_dag.py
[2026-04-25T07:21:03.103+0000] {processor.py:830} INFO - Processing file /home/airflow/dags/data_merge_dag.py for tasks to queue
[2026-04-25T07:21:03.104+0000] {logging_mixin.py:188} INFO - [2026-04-25T07:21:03.104+0000] {dagbag.py:538} INFO - Filling up the DagBag from /home/airflow/dags/data_merge_dag.py
[2026-04-25T07:21:03.517+0000] {processor.py:840} INFO - DAG(s) 'data_merge_pipeline' retrieved from /home/airflow/dags/data_merge_dag.py
[2026-04-25T07:21:03.540+0000] {logging_mixin.py:188} INFO - [2026-04-25T07:21:03.538+0000] {dag.py:3036} INFO - Sync 1 DAGs
[2026-04-25T07:21:03.559+0000] {logging_mixin.py:188} INFO - [2026-04-25T07:21:03.559+0000] {dag.py:3823} INFO - Setting next_dagrun for data_merge_pipeline to 2026-04-26 00:00:00+00:00, run_after=2026-05-03 00:00:00+00:00
[2026-04-25T07:21:03.584+0000] {processor.py:183} INFO - Processing /home/airflow/dags/data_merge_dag.py took 0.486 seconds
[2026-04-25T07:21:33.866+0000] {processor.py:161} INFO - Started process (PID=10176) to work on /home/airflow/dags/data_merge_dag.py
[2026-04-25T07:21:33.867+0000] {processor.py:830} INFO - Processing file /home/airflow/dags/data_merge_dag.py for tasks to queue
[2026-04-25T07:21:33.868+0000] {logging_mixin.py:188} INFO - [2026-04-25T07:21:33.867+0000] {dagbag.py:538} INFO - Filling up the DagBag from /home/airflow/dags/data_merge_dag.py
[2026-04-25T07:21:34.205+0000] {processor.py:840} INFO - DAG(s) 'data_merge_pipeline' retrieved from /home/airflow/dags/data_merge_dag.py
[2026-04-25T07:21:34.224+0000] {logging_mixin.py:188} INFO - [2026-04-25T07:21:34.223+0000] {dag.py:3036} INFO - Sync 1 DAGs
[2026-04-25T07:21:34.238+0000] {logging_mixin.py:188} INFO - [2026-04-25T07:21:34.238+0000] {dag.py:3823} INFO - Setting next_dagrun for data_merge_pipeline to 2026-04-26 00:00:00+00:00, run_after=2026-05-03 00:00:00+00:00
[2026-04-25T07:21:34.257+0000] {processor.py:183} INFO - Processing /home/airflow/dags/data_merge_dag.py took 0.395 seconds
[2026-04-25T07:22:04.516+0000] {processor.py:161} INFO - Started process (PID=10208) to work on /home/airflow/dags/data_merge_dag.py
[2026-04-25T07:22:04.518+0000] {processor.py:830} INFO - Processing file /home/airflow/dags/data_merge_dag.py for tasks to queue
[2026-04-25T07:22:04.519+0000] {logging_mixin.py:188} INFO - [2026-04-25T07:22:04.518+0000] {dagbag.py:538} INFO - Filling up the DagBag from /home/airflow/dags/data_merge_dag.py
[2026-04-25T07:22:04.854+0000] {processor.py:840} INFO - DAG(s) 'data_merge_pipeline' retrieved from /home/airflow/dags/data_merge_dag.py
[2026-04-25T07:22:04.874+0000] {logging_mixin.py:188} INFO - [2026-04-25T07:22:04.874+0000] {dag.py:3036} INFO - Sync 1 DAGs
[2026-04-25T07:22:04.888+0000] {logging_mixin.py:188} INFO - [2026-04-25T07:22:04.888+0000] {dag.py:3823} INFO - Setting next_dagrun for data_merge_pipeline to 2026-04-26 00:00:00+00:00, run_after=2026-05-03 00:00:00+00:00
[2026-04-25T07:22:04.907+0000] {processor.py:183} INFO - Processing /home/airflow/dags/data_merge_dag.py took 0.393 seconds
[2026-04-25T07:22:35.021+0000] {processor.py:161} INFO - Started process (PID=10231) to work on /home/airflow/dags/data_merge_dag.py
[2026-04-25T07:22:35.022+0000] {processor.py:830} INFO - Processing file /home/airflow/dags/data_merge_dag.py for tasks to queue
[2026-04-25T07:22:35.023+0000] {logging_mixin.py:188} INFO - [2026-04-25T07:22:35.023+0000] {dagbag.py:538} INFO - Filling up the DagBag from /home/airflow/dags/data_merge_dag.py
[2026-04-25T07:22:35.609+0000] {processor.py:840} INFO - DAG(s) 'data_merge_pipeline' retrieved from /home/airflow/dags/data_merge_dag.py
[2026-04-25T07:22:35.642+0000] {logging_mixin.py:188} INFO - [2026-04-25T07:22:35.641+0000] {dag.py:3036} INFO - Sync 1 DAGs
[2026-04-25T07:22:35.669+0000] {logging_mixin.py:188} INFO - [2026-04-25T07:22:35.669+0000] {dag.py:3823} INFO - Setting next_dagrun for data_merge_pipeline to 2026-04-26 00:00:00+00:00, run_after=2026-05-03 00:00:00+00:00
[2026-04-25T07:22:35.693+0000] {processor.py:183} INFO - Processing /home/airflow/dags/data_merge_dag.py took 0.676 seconds
[2026-04-25T07:23:06.201+0000] {processor.py:161} INFO - Started process (PID=10262) to work on /home/airflow/dags/data_merge_dag.py
[2026-04-25T07:23:06.202+0000] {processor.py:830} INFO - Processing file /home/airflow/dags/data_merge_dag.py for tasks to queue
[2026-04-25T07:23:06.203+0000] {logging_mixin.py:188} INFO - [2026-04-25T07:23:06.202+0000] {dagbag.py:538} INFO - Filling up the DagBag from /home/airflow/dags/data_merge_dag.py
[2026-04-25T07:23:06.565+0000] {processor.py:840} INFO - DAG(s) 'data_merge_pipeline' retrieved from /home/airflow/dags/data_merge_dag.py
[2026-04-25T07:23:06.597+0000] {logging_mixin.py:188} INFO - [2026-04-25T07:23:06.593+0000] {dag.py:3036} INFO - Sync 1 DAGs
[2026-04-25T07:23:06.640+0000] {logging_mixin.py:188} INFO - [2026-04-25T07:23:06.640+0000] {dag.py:3823} INFO - Setting next_dagrun for data_merge_pipeline to 2026-04-26 00:00:00+00:00, run_after=2026-05-03 00:00:00+00:00
[2026-04-25T07:23:06.669+0000] {processor.py:183} INFO - Processing /home/airflow/dags/data_merge_dag.py took 0.471 seconds
[2026-04-25T07:23:36.983+0000] {processor.py:161} INFO - Started process (PID=10291) to work on /home/airflow/dags/data_merge_dag.py
[2026-04-25T07:23:36.984+0000] {processor.py:830} INFO - Processing file /home/airflow/dags/data_merge_dag.py for tasks to queue
[2026-04-25T07:23:36.985+0000] {logging_mixin.py:188} INFO - [2026-04-25T07:23:36.985+0000] {dagbag.py:538} INFO - Filling up the DagBag from /home/airflow/dags/data_merge_dag.py
[2026-04-25T07:23:37.468+0000] {processor.py:840} INFO - DAG(s) 'data_merge_pipeline' retrieved from /home/airflow/dags/data_merge_dag.py
[2026-04-25T07:23:37.496+0000] {logging_mixin.py:188} INFO - [2026-04-25T07:23:37.495+0000] {dag.py:3036} INFO - Sync 1 DAGs
[2026-04-25T07:23:37.519+0000] {logging_mixin.py:188} INFO - [2026-04-25T07:23:37.519+0000] {dag.py:3823} INFO - Setting next_dagrun for data_merge_pipeline to 2026-04-26 00:00:00+00:00, run_after=2026-05-03 00:00:00+00:00
[2026-04-25T07:23:37.544+0000] {processor.py:183} INFO - Processing /home/airflow/dags/data_merge_dag.py took 0.564 seconds
[2026-04-25T07:24:08.537+0000] {processor.py:161} INFO - Started process (PID=10326) to work on /home/airflow/dags/data_merge_dag.py
[2026-04-25T07:24:08.538+0000] {processor.py:830} INFO - Processing file /home/airflow/dags/data_merge_dag.py for tasks to queue
[2026-04-25T07:24:08.539+0000] {logging_mixin.py:188} INFO - [2026-04-25T07:24:08.539+0000] {dagbag.py:538} INFO - Filling up the DagBag from /home/airflow/dags/data_merge_dag.py
[2026-04-25T07:24:09.002+0000] {processor.py:840} INFO - DAG(s) 'data_merge_pipeline' retrieved from /home/airflow/dags/data_merge_dag.py
[2026-04-25T07:24:09.024+0000] {logging_mixin.py:188} INFO - [2026-04-25T07:24:09.024+0000] {dag.py:3036} INFO - Sync 1 DAGs
[2026-04-25T07:24:09.047+0000] {logging_mixin.py:188} INFO - [2026-04-25T07:24:09.047+0000] {dag.py:3823} INFO - Setting next_dagrun for data_merge_pipeline to 2026-04-26 00:00:00+00:00, run_after=2026-05-03 00:00:00+00:00
[2026-04-25T07:24:09.088+0000] {processor.py:183} INFO - Processing /home/airflow/dags/data_merge_dag.py took 0.555 seconds
[2026-04-25T07:24:39.414+0000] {processor.py:161} INFO - Started process (PID=10355) to work on /home/airflow/dags/data_merge_dag.py
[2026-04-25T07:24:39.415+0000] {processor.py:830} INFO - Processing file /home/airflow/dags/data_merge_dag.py for tasks to queue
[2026-04-25T07:24:39.416+0000] {logging_mixin.py:188} INFO - [2026-04-25T07:24:39.416+0000] {dagbag.py:538} INFO - Filling up the DagBag from /home/airflow/dags/data_merge_dag.py
[2026-04-25T07:24:39.765+0000] {processor.py:840} INFO - DAG(s) 'data_merge_pipeline' retrieved from /home/airflow/dags/data_merge_dag.py
[2026-04-25T07:24:39.786+0000] {logging_mixin.py:188} INFO - [2026-04-25T07:24:39.785+0000] {dag.py:3036} INFO - Sync 1 DAGs
[2026-04-25T07:24:39.802+0000] {logging_mixin.py:188} INFO - [2026-04-25T07:24:39.802+0000] {dag.py:3823} INFO - Setting next_dagrun for data_merge_pipeline to 2026-04-26 00:00:00+00:00, run_after=2026-05-03 00:00:00+00:00
[2026-04-25T07:24:39.825+0000] {processor.py:183} INFO - Processing /home/airflow/dags/data_merge_dag.py took 0.415 seconds
[2026-04-25T07:25:10.111+0000] {processor.py:161} INFO - Started process (PID=10387) to work on /home/airflow/dags/data_merge_dag.py
[2026-04-25T07:25:10.112+0000] {processor.py:830} INFO - Processing file /home/airflow/dags/data_merge_dag.py for tasks to queue
[2026-04-25T07:25:10.113+0000] {logging_mixin.py:188} INFO - [2026-04-25T07:25:10.113+0000] {dagbag.py:538} INFO - Filling up the DagBag from /home/airflow/dags/data_merge_dag.py
[2026-04-25T07:25:10.468+0000] {processor.py:840} INFO - DAG(s) 'data_merge_pipeline' retrieved from /home/airflow/dags/data_merge_dag.py
[2026-04-25T07:25:10.489+0000] {logging_mixin.py:188} INFO - [2026-04-25T07:25:10.488+0000] {dag.py:3036} INFO - Sync 1 DAGs
[2026-04-25T07:25:10.505+0000] {logging_mixin.py:188} INFO - [2026-04-25T07:25:10.505+0000] {dag.py:3823} INFO - Setting next_dagrun for data_merge_pipeline to 2026-04-26 00:00:00+00:00, run_after=2026-05-03 00:00:00+00:00
[2026-04-25T07:25:10.526+0000] {processor.py:183} INFO - Processing /home/airflow/dags/data_merge_dag.py took 0.418 seconds
[2026-04-25T07:25:40.615+0000] {processor.py:161} INFO - Started process (PID=10419) to work on /home/airflow/dags/data_merge_dag.py
[2026-04-25T07:25:40.616+0000] {processor.py:830} INFO - Processing file /home/airflow/dags/data_merge_dag.py for tasks to queue
[2026-04-25T07:25:40.617+0000] {logging_mixin.py:188} INFO - [2026-04-25T07:25:40.617+0000] {dagbag.py:538} INFO - Filling up the DagBag from /home/airflow/dags/data_merge_dag.py
[2026-04-25T07:25:41.018+0000] {processor.py:840} INFO - DAG(s) 'data_merge_pipeline' retrieved from /home/airflow/dags/data_merge_dag.py
[2026-04-25T07:25:41.038+0000] {logging_mixin.py:188} INFO - [2026-04-25T07:25:41.037+0000] {dag.py:3036} INFO - Sync 1 DAGs
[2026-04-25T07:25:41.057+0000] {logging_mixin.py:188} INFO - [2026-04-25T07:25:41.057+0000] {dag.py:3823} INFO - Setting next_dagrun for data_merge_pipeline to 2026-04-26 00:00:00+00:00, run_after=2026-05-03 00:00:00+00:00
[2026-04-25T07:25:41.078+0000] {processor.py:183} INFO - Processing /home/airflow/dags/data_merge_dag.py took 0.467 seconds
[2026-04-25T07:26:12.032+0000] {processor.py:161} INFO - Started process (PID=10451) to work on /home/airflow/dags/data_merge_dag.py
[2026-04-25T07:26:12.034+0000] {processor.py:830} INFO - Processing file /home/airflow/dags/data_merge_dag.py for tasks to queue
[2026-04-25T07:26:12.035+0000] {logging_mixin.py:188} INFO - [2026-04-25T07:26:12.035+0000] {dagbag.py:538} INFO - Filling up the DagBag from /home/airflow/dags/data_merge_dag.py
[2026-04-25T07:26:12.518+0000] {processor.py:840} INFO - DAG(s) 'data_merge_pipeline' retrieved from /home/airflow/dags/data_merge_dag.py
[2026-04-25T07:26:12.549+0000] {logging_mixin.py:188} INFO - [2026-04-25T07:26:12.548+0000] {dag.py:3036} INFO - Sync 1 DAGs
[2026-04-25T07:26:12.572+0000] {logging_mixin.py:188} INFO - [2026-04-25T07:26:12.572+0000] {dag.py:3823} INFO - Setting next_dagrun for data_merge_pipeline to 2026-04-26 00:00:00+00:00, run_after=2026-05-03 00:00:00+00:00
[2026-04-25T07:26:12.602+0000] {processor.py:183} INFO - Processing /home/airflow/dags/data_merge_dag.py took 0.573 seconds
[2026-04-25T07:26:43.168+0000] {processor.py:161} INFO - Started process (PID=10483) to work on /home/airflow/dags/data_merge_dag.py
[2026-04-25T07:26:43.169+0000] {processor.py:830} INFO - Processing file /home/airflow/dags/data_merge_dag.py for tasks to queue
[2026-04-25T07:26:43.169+0000] {logging_mixin.py:188} INFO - [2026-04-25T07:26:43.169+0000] {dagbag.py:538} INFO - Filling up the DagBag from /home/airflow/dags/data_merge_dag.py
[2026-04-25T07:26:43.545+0000] {processor.py:840} INFO - DAG(s) 'data_merge_pipeline' retrieved from /home/airflow/dags/data_merge_dag.py
[2026-04-25T07:26:43.567+0000] {logging_mixin.py:188} INFO - [2026-04-25T07:26:43.567+0000] {dag.py:3036} INFO - Sync 1 DAGs
[2026-04-25T07:26:43.585+0000] {logging_mixin.py:188} INFO - [2026-04-25T07:26:43.585+0000] {dag.py:3823} INFO - Setting next_dagrun for data_merge_pipeline to 2026-04-26 00:00:00+00:00, run_after=2026-05-03 00:00:00+00:00
[2026-04-25T07:26:43.609+0000] {processor.py:183} INFO - Processing /home/airflow/dags/data_merge_dag.py took 0.444 seconds
[2026-04-25T07:27:14.342+0000] {processor.py:161} INFO - Started process (PID=10515) to work on /home/airflow/dags/data_merge_dag.py
[2026-04-25T07:27:14.343+0000] {processor.py:830} INFO - Processing file /home/airflow/dags/data_merge_dag.py for tasks to queue
[2026-04-25T07:27:14.344+0000] {logging_mixin.py:188} INFO - [2026-04-25T07:27:14.343+0000] {dagbag.py:538} INFO - Filling up the DagBag from /home/airflow/dags/data_merge_dag.py
[2026-04-25T07:27:14.696+0000] {processor.py:840} INFO - DAG(s) 'data_merge_pipeline' retrieved from /home/airflow/dags/data_merge_dag.py
[2026-04-25T07:27:14.715+0000] {logging_mixin.py:188} INFO - [2026-04-25T07:27:14.715+0000] {dag.py:3036} INFO - Sync 1 DAGs
[2026-04-25T07:27:14.732+0000] {logging_mixin.py:188} INFO - [2026-04-25T07:27:14.732+0000] {dag.py:3823} INFO - Setting next_dagrun for data_merge_pipeline to 2026-04-26 00:00:00+00:00, run_after=2026-05-03 00:00:00+00:00
[2026-04-25T07:27:14.751+0000] {processor.py:183} INFO - Processing /home/airflow/dags/data_merge_dag.py took 0.412 seconds
[2026-04-25T07:27:45.524+0000] {processor.py:161} INFO - Started process (PID=10547) to work on /home/airflow/dags/data_merge_dag.py
[2026-04-25T07:27:45.525+0000] {processor.py:830} INFO - Processing file /home/airflow/dags/data_merge_dag.py for tasks to queue
[2026-04-25T07:27:45.526+0000] {logging_mixin.py:188} INFO - [2026-04-25T07:27:45.526+0000] {dagbag.py:538} INFO - Filling up the DagBag from /home/airflow/dags/data_merge_dag.py
[2026-04-25T07:27:45.746+0000] {processor.py:840} INFO - DAG(s) 'data_merge_pipeline' retrieved from /home/airflow/dags/data_merge_dag.py
[2026-04-25T07:27:45.767+0000] {logging_mixin.py:188} INFO - [2026-04-25T07:27:45.767+0000] {dag.py:3036} INFO - Sync 1 DAGs
[2026-04-25T07:27:45.784+0000] {logging_mixin.py:188} INFO - [2026-04-25T07:27:45.784+0000] {dag.py:3823} INFO - Setting next_dagrun for data_merge_pipeline to 2026-04-26 00:00:00+00:00, run_after=2026-05-03 00:00:00+00:00
[2026-04-25T07:27:45.804+0000] {processor.py:183} INFO - Processing /home/airflow/dags/data_merge_dag.py took 0.284 seconds
[2026-04-25T07:28:16.091+0000] {processor.py:161} INFO - Started process (PID=10579) to work on /home/airflow/dags/data_merge_dag.py
[2026-04-25T07:28:16.092+0000] {processor.py:830} INFO - Processing file /home/airflow/dags/data_merge_dag.py for tasks to queue
[2026-04-25T07:28:16.093+0000] {logging_mixin.py:188} INFO - [2026-04-25T07:28:16.093+0000] {dagbag.py:538} INFO - Filling up the DagBag from /home/airflow/dags/data_merge_dag.py
[2026-04-25T07:28:16.304+0000] {processor.py:840} INFO - DAG(s) 'data_merge_pipeline' retrieved from /home/airflow/dags/data_merge_dag.py
[2026-04-25T07:28:16.328+0000] {logging_mixin.py:188} INFO - [2026-04-25T07:28:16.327+0000] {dag.py:3036} INFO - Sync 1 DAGs
[2026-04-25T07:28:16.348+0000] {logging_mixin.py:188} INFO - [2026-04-25T07:28:16.348+0000] {dag.py:3823} INFO - Setting next_dagrun for data_merge_pipeline to 2026-04-26 00:00:00+00:00, run_after=2026-05-03 00:00:00+00:00
[2026-04-25T07:28:16.369+0000] {processor.py:183} INFO - Processing /home/airflow/dags/data_merge_dag.py took 0.281 seconds
[2026-04-25T07:28:46.723+0000] {processor.py:161} INFO - Started process (PID=10611) to work on /home/airflow/dags/data_merge_dag.py
[2026-04-25T07:28:46.724+0000] {processor.py:830} INFO - Processing file /home/airflow/dags/data_merge_dag.py for tasks to queue
[2026-04-25T07:28:46.726+0000] {logging_mixin.py:188} INFO - [2026-04-25T07:28:46.725+0000] {dagbag.py:538} INFO - Filling up the DagBag from /home/airflow/dags/data_merge_dag.py
[2026-04-25T07:28:46.970+0000] {processor.py:840} INFO - DAG(s) 'data_merge_pipeline' retrieved from /home/airflow/dags/data_merge_dag.py
[2026-04-25T07:28:46.994+0000] {logging_mixin.py:188} INFO - [2026-04-25T07:28:46.993+0000] {dag.py:3036} INFO - Sync 1 DAGs
[2026-04-25T07:28:47.014+0000] {logging_mixin.py:188} INFO - [2026-04-25T07:28:47.013+0000] {dag.py:3823} INFO - Setting next_dagrun for data_merge_pipeline to 2026-04-26 00:00:00+00:00, run_after=2026-05-03 00:00:00+00:00
[2026-04-25T07:28:47.039+0000] {processor.py:183} INFO - Processing /home/airflow/dags/data_merge_dag.py took 0.320 seconds
[2026-04-25T07:29:17.236+0000] {processor.py:161} INFO - Started process (PID=10643) to work on /home/airflow/dags/data_merge_dag.py
[2026-04-25T07:29:17.238+0000] {processor.py:830} INFO - Processing file /home/airflow/dags/data_merge_dag.py for tasks to queue
[2026-04-25T07:29:17.239+0000] {logging_mixin.py:188} INFO - [2026-04-25T07:29:17.238+0000] {dagbag.py:538} INFO - Filling up the DagBag from /home/airflow/dags/data_merge_dag.py
[2026-04-25T07:29:17.508+0000] {processor.py:840} INFO - DAG(s) 'data_merge_pipeline' retrieved from /home/airflow/dags/data_merge_dag.py
[2026-04-25T07:29:17.530+0000] {logging_mixin.py:188} INFO - [2026-04-25T07:29:17.530+0000] {dag.py:3036} INFO - Sync 1 DAGs
[2026-04-25T07:29:17.547+0000] {logging_mixin.py:188} INFO - [2026-04-25T07:29:17.547+0000] {dag.py:3823} INFO - Setting next_dagrun for data_merge_pipeline to 2026-04-26 00:00:00+00:00, run_after=2026-05-03 00:00:00+00:00
[2026-04-25T07:29:17.569+0000] {processor.py:183} INFO - Processing /home/airflow/dags/data_merge_dag.py took 0.336 seconds
[2026-04-25T07:29:47.868+0000] {processor.py:161} INFO - Started process (PID=10675) to work on /home/airflow/dags/data_merge_dag.py
[2026-04-25T07:29:47.869+0000] {processor.py:830} INFO - Processing file /home/airflow/dags/data_merge_dag.py for tasks to queue
[2026-04-25T07:29:47.870+0000] {logging_mixin.py:188} INFO - [2026-04-25T07:29:47.869+0000] {dagbag.py:538} INFO - Filling up the DagBag from /home/airflow/dags/data_merge_dag.py
[2026-04-25T07:29:48.089+0000] {processor.py:840} INFO - DAG(s) 'data_merge_pipeline' retrieved from /home/airflow/dags/data_merge_dag.py
[2026-04-25T07:29:48.115+0000] {logging_mixin.py:188} INFO - [2026-04-25T07:29:48.114+0000] {dag.py:3036} INFO - Sync 1 DAGs
[2026-04-25T07:29:48.134+0000] {logging_mixin.py:188} INFO - [2026-04-25T07:29:48.134+0000] {dag.py:3823} INFO - Setting next_dagrun for data_merge_pipeline to 2026-04-26 00:00:00+00:00, run_after=2026-05-03 00:00:00+00:00
[2026-04-25T07:29:48.156+0000] {processor.py:183} INFO - Processing /home/airflow/dags/data_merge_dag.py took 0.292 seconds
[2026-04-25T07:30:18.259+0000] {processor.py:161} INFO - Started process (PID=10707) to work on /home/airflow/dags/data_merge_dag.py
[2026-04-25T07:30:18.260+0000] {processor.py:830} INFO - Processing file /home/airflow/dags/data_merge_dag.py for tasks to queue
[2026-04-25T07:30:18.262+0000] {logging_mixin.py:188} INFO - [2026-04-25T07:30:18.261+0000] {dagbag.py:538} INFO - Filling up the DagBag from /home/airflow/dags/data_merge_dag.py
[2026-04-25T07:30:18.539+0000] {processor.py:840} INFO - DAG(s) 'data_merge_pipeline' retrieved from /home/airflow/dags/data_merge_dag.py
[2026-04-25T07:30:18.562+0000] {logging_mixin.py:188} INFO - [2026-04-25T07:30:18.562+0000] {dag.py:3036} INFO - Sync 1 DAGs
[2026-04-25T07:30:18.587+0000] {logging_mixin.py:188} INFO - [2026-04-25T07:30:18.587+0000] {dag.py:3823} INFO - Setting next_dagrun for data_merge_pipeline to 2026-04-26 00:00:00+00:00, run_after=2026-05-03 00:00:00+00:00
[2026-04-25T07:30:18.609+0000] {processor.py:183} INFO - Processing /home/airflow/dags/data_merge_dag.py took 0.357 seconds
[2026-04-25T07:30:48.919+0000] {processor.py:161} INFO - Started process (PID=10739) to work on /home/airflow/dags/data_merge_dag.py
[2026-04-25T07:30:48.920+0000] {processor.py:830} INFO - Processing file /home/airflow/dags/data_merge_dag.py for tasks to queue
[2026-04-25T07:30:48.922+0000] {logging_mixin.py:188} INFO - [2026-04-25T07:30:48.921+0000] {dagbag.py:538} INFO - Filling up the DagBag from /home/airflow/dags/data_merge_dag.py
[2026-04-25T07:30:49.217+0000] {processor.py:840} INFO - DAG(s) 'data_merge_pipeline' retrieved from /home/airflow/dags/data_merge_dag.py
[2026-04-25T07:30:49.239+0000] {logging_mixin.py:188} INFO - [2026-04-25T07:30:49.238+0000] {dag.py:3036} INFO - Sync 1 DAGs
[2026-04-25T07:30:49.256+0000] {logging_mixin.py:188} INFO - [2026-04-25T07:30:49.256+0000] {dag.py:3823} INFO - Setting next_dagrun for data_merge_pipeline to 2026-04-26 00:00:00+00:00, run_after=2026-05-03 00:00:00+00:00
[2026-04-25T07:30:49.276+0000] {processor.py:183} INFO - Processing /home/airflow/dags/data_merge_dag.py took 0.360 seconds
[2026-04-25T07:31:19.455+0000] {processor.py:161} INFO - Started process (PID=10771) to work on /home/airflow/dags/data_merge_dag.py
[2026-04-25T07:31:19.456+0000] {processor.py:830} INFO - Processing file /home/airflow/dags/data_merge_dag.py for tasks to queue
[2026-04-25T07:31:19.457+0000] {logging_mixin.py:188} INFO - [2026-04-25T07:31:19.457+0000] {dagbag.py:538} INFO - Filling up the DagBag from /home/airflow/dags/data_merge_dag.py
[2026-04-25T07:31:19.662+0000] {processor.py:840} INFO - DAG(s) 'data_merge_pipeline' retrieved from /home/airflow/dags/data_merge_dag.py
[2026-04-25T07:31:19.683+0000] {logging_mixin.py:188} INFO - [2026-04-25T07:31:19.682+0000] {dag.py:3036} INFO - Sync 1 DAGs
[2026-04-25T07:31:19.700+0000] {logging_mixin.py:188} INFO - [2026-04-25T07:31:19.700+0000] {dag.py:3823} INFO - Setting next_dagrun for data_merge_pipeline to 2026-04-26 00:00:00+00:00, run_after=2026-05-03 00:00:00+00:00
[2026-04-25T07:31:19.721+0000] {processor.py:183} INFO - Processing /home/airflow/dags/data_merge_dag.py took 0.269 seconds
[2026-04-25T07:31:50.042+0000] {processor.py:161} INFO - Started process (PID=10803) to work on /home/airflow/dags/data_merge_dag.py
[2026-04-25T07:31:50.043+0000] {processor.py:830} INFO - Processing file /home/airflow/dags/data_merge_dag.py for tasks to queue
[2026-04-25T07:31:50.044+0000] {logging_mixin.py:188} INFO - [2026-04-25T07:31:50.043+0000] {dagbag.py:538} INFO - Filling up the DagBag from /home/airflow/dags/data_merge_dag.py
[2026-04-25T07:31:50.253+0000] {processor.py:840} INFO - DAG(s) 'data_merge_pipeline' retrieved from /home/airflow/dags/data_merge_dag.py
[2026-04-25T07:31:50.276+0000] {logging_mixin.py:188} INFO - [2026-04-25T07:31:50.275+0000] {dag.py:3036} INFO - Sync 1 DAGs
[2026-04-25T07:31:50.292+0000] {logging_mixin.py:188} INFO - [2026-04-25T07:31:50.292+0000] {dag.py:3823} INFO - Setting next_dagrun for data_merge_pipeline to 2026-04-26 00:00:00+00:00, run_after=2026-05-03 00:00:00+00:00
[2026-04-25T07:31:50.314+0000] {processor.py:183} INFO - Processing /home/airflow/dags/data_merge_dag.py took 0.275 seconds
[2026-04-25T07:32:20.499+0000] {processor.py:161} INFO - Started process (PID=10835) to work on /home/airflow/dags/data_merge_dag.py
[2026-04-25T07:32:20.500+0000] {processor.py:830} INFO - Processing file /home/airflow/dags/data_merge_dag.py for tasks to queue
[2026-04-25T07:32:20.501+0000] {logging_mixin.py:188} INFO - [2026-04-25T07:32:20.501+0000] {dagbag.py:538} INFO - Filling up the DagBag from /home/airflow/dags/data_merge_dag.py
[2026-04-25T07:32:20.715+0000] {processor.py:840} INFO - DAG(s) 'data_merge_pipeline' retrieved from /home/airflow/dags/data_merge_dag.py
[2026-04-25T07:32:20.740+0000] {logging_mixin.py:188} INFO - [2026-04-25T07:32:20.739+0000] {dag.py:3036} INFO - Sync 1 DAGs
[2026-04-25T07:32:20.760+0000] {logging_mixin.py:188} INFO - [2026-04-25T07:32:20.759+0000] {dag.py:3823} INFO - Setting next_dagrun for data_merge_pipeline to 2026-04-26 00:00:00+00:00, run_after=2026-05-03 00:00:00+00:00
[2026-04-25T07:32:20.783+0000] {processor.py:183} INFO - Processing /home/airflow/dags/data_merge_dag.py took 0.287 seconds
[2026-04-25T07:32:51.592+0000] {processor.py:161} INFO - Started process (PID=10867) to work on /home/airflow/dags/data_merge_dag.py
[2026-04-25T07:32:51.593+0000] {processor.py:830} INFO - Processing file /home/airflow/dags/data_merge_dag.py for tasks to queue
[2026-04-25T07:32:51.594+0000] {logging_mixin.py:188} INFO - [2026-04-25T07:32:51.594+0000] {dagbag.py:538} INFO - Filling up the DagBag from /home/airflow/dags/data_merge_dag.py
[2026-04-25T07:32:51.837+0000] {processor.py:840} INFO - DAG(s) 'data_merge_pipeline' retrieved from /home/airflow/dags/data_merge_dag.py
[2026-04-25T07:32:51.862+0000] {logging_mixin.py:188} INFO - [2026-04-25T07:32:51.861+0000] {dag.py:3036} INFO - Sync 1 DAGs
[2026-04-25T07:32:51.882+0000] {logging_mixin.py:188} INFO - [2026-04-25T07:32:51.881+0000] {dag.py:3823} INFO - Setting next_dagrun for data_merge_pipeline to 2026-04-26 00:00:00+00:00, run_after=2026-05-03 00:00:00+00:00
[2026-04-25T07:32:51.903+0000] {processor.py:183} INFO - Processing /home/airflow/dags/data_merge_dag.py took 0.314 seconds
[2026-04-25T07:33:22.206+0000] {processor.py:161} INFO - Started process (PID=10899) to work on /home/airflow/dags/data_merge_dag.py
[2026-04-25T07:33:22.207+0000] {processor.py:830} INFO - Processing file /home/airflow/dags/data_merge_dag.py for tasks to queue
[2026-04-25T07:33:22.209+0000] {logging_mixin.py:188} INFO - [2026-04-25T07:33:22.208+0000] {dagbag.py:538} INFO - Filling up the DagBag from /home/airflow/dags/data_merge_dag.py
[2026-04-25T07:33:22.486+0000] {processor.py:840} INFO - DAG(s) 'data_merge_pipeline' retrieved from /home/airflow/dags/data_merge_dag.py
[2026-04-25T07:33:22.515+0000] {logging_mixin.py:188} INFO - [2026-04-25T07:33:22.515+0000] {dag.py:3036} INFO - Sync 1 DAGs
[2026-04-25T07:33:22.541+0000] {logging_mixin.py:188} INFO - [2026-04-25T07:33:22.541+0000] {dag.py:3823} INFO - Setting next_dagrun for data_merge_pipeline to 2026-04-26 00:00:00+00:00, run_after=2026-05-03 00:00:00+00:00
[2026-04-25T07:33:22.566+0000] {processor.py:183} INFO - Processing /home/airflow/dags/data_merge_dag.py took 0.364 seconds
[2026-04-25T07:33:52.627+0000] {processor.py:161} INFO - Started process (PID=10931) to work on /home/airflow/dags/data_merge_dag.py
[2026-04-25T07:33:52.628+0000] {processor.py:830} INFO - Processing file /home/airflow/dags/data_merge_dag.py for tasks to queue
[2026-04-25T07:33:52.629+0000] {logging_mixin.py:188} INFO - [2026-04-25T07:33:52.628+0000] {dagbag.py:538} INFO - Filling up the DagBag from /home/airflow/dags/data_merge_dag.py
[2026-04-25T07:33:52.895+0000] {processor.py:840} INFO - DAG(s) 'data_merge_pipeline' retrieved from /home/airflow/dags/data_merge_dag.py
[2026-04-25T07:33:52.921+0000] {logging_mixin.py:188} INFO - [2026-04-25T07:33:52.921+0000] {dag.py:3036} INFO - Sync 1 DAGs
[2026-04-25T07:33:52.946+0000] {logging_mixin.py:188} INFO - [2026-04-25T07:33:52.946+0000] {dag.py:3823} INFO - Setting next_dagrun for data_merge_pipeline to 2026-04-26 00:00:00+00:00, run_after=2026-05-03 00:00:00+00:00
[2026-04-25T07:33:52.970+0000] {processor.py:183} INFO - Processing /home/airflow/dags/data_merge_dag.py took 0.346 seconds
[2026-04-25T07:34:23.254+0000] {processor.py:161} INFO - Started process (PID=10963) to work on /home/airflow/dags/data_merge_dag.py
[2026-04-25T07:34:23.255+0000] {processor.py:830} INFO - Processing file /home/airflow/dags/data_merge_dag.py for tasks to queue
[2026-04-25T07:34:23.256+0000] {logging_mixin.py:188} INFO - [2026-04-25T07:34:23.256+0000] {dagbag.py:538} INFO - Filling up the DagBag from /home/airflow/dags/data_merge_dag.py
[2026-04-25T07:34:23.476+0000] {processor.py:840} INFO - DAG(s) 'data_merge_pipeline' retrieved from /home/airflow/dags/data_merge_dag.py
[2026-04-25T07:34:23.501+0000] {logging_mixin.py:188} INFO - [2026-04-25T07:34:23.501+0000] {dag.py:3036} INFO - Sync 1 DAGs
[2026-04-25T07:34:23.522+0000] {logging_mixin.py:188} INFO - [2026-04-25T07:34:23.522+0000] {dag.py:3823} INFO - Setting next_dagrun for data_merge_pipeline to 2026-04-26 00:00:00+00:00, run_after=2026-05-03 00:00:00+00:00
[2026-04-25T07:34:23.545+0000] {processor.py:183} INFO - Processing /home/airflow/dags/data_merge_dag.py took 0.294 seconds
[2026-04-25T07:34:53.835+0000] {processor.py:161} INFO - Started process (PID=10995) to work on /home/airflow/dags/data_merge_dag.py
[2026-04-25T07:34:53.836+0000] {processor.py:830} INFO - Processing file /home/airflow/dags/data_merge_dag.py for tasks to queue
[2026-04-25T07:34:53.837+0000] {logging_mixin.py:188} INFO - [2026-04-25T07:34:53.837+0000] {dagbag.py:538} INFO - Filling up the DagBag from /home/airflow/dags/data_merge_dag.py
[2026-04-25T07:34:54.046+0000] {processor.py:840} INFO - DAG(s) 'data_merge_pipeline' retrieved from /home/airflow/dags/data_merge_dag.py
[2026-04-25T07:34:54.068+0000] {logging_mixin.py:188} INFO - [2026-04-25T07:34:54.067+0000] {dag.py:3036} INFO - Sync 1 DAGs
[2026-04-25T07:34:54.088+0000] {logging_mixin.py:188} INFO - [2026-04-25T07:34:54.088+0000] {dag.py:3823} INFO - Setting next_dagrun for data_merge_pipeline to 2026-04-26 00:00:00+00:00, run_after=2026-05-03 00:00:00+00:00
[2026-04-25T07:34:54.107+0000] {processor.py:183} INFO - Processing /home/airflow/dags/data_merge_dag.py took 0.275 seconds
[2026-04-25T07:35:24.923+0000] {processor.py:161} INFO - Started process (PID=11027) to work on /home/airflow/dags/data_merge_dag.py
[2026-04-25T07:35:24.925+0000] {processor.py:830} INFO - Processing file /home/airflow/dags/data_merge_dag.py for tasks to queue
[2026-04-25T07:35:24.926+0000] {logging_mixin.py:188} INFO - [2026-04-25T07:35:24.926+0000] {dagbag.py:538} INFO - Filling up the DagBag from /home/airflow/dags/data_merge_dag.py
[2026-04-25T07:35:25.179+0000] {processor.py:840} INFO - DAG(s) 'data_merge_pipeline' retrieved from /home/airflow/dags/data_merge_dag.py
[2026-04-25T07:35:25.209+0000] {logging_mixin.py:188} INFO - [2026-04-25T07:35:25.207+0000] {dag.py:3036} INFO - Sync 1 DAGs
[2026-04-25T07:35:25.232+0000] {logging_mixin.py:188} INFO - [2026-04-25T07:35:25.232+0000] {dag.py:3823} INFO - Setting next_dagrun for data_merge_pipeline to 2026-04-26 00:00:00+00:00, run_after=2026-05-03 00:00:00+00:00
[2026-04-25T07:35:25.256+0000] {processor.py:183} INFO - Processing /home/airflow/dags/data_merge_dag.py took 0.336 seconds
[2026-04-25T07:35:56.128+0000] {processor.py:161} INFO - Started process (PID=11059) to work on /home/airflow/dags/data_merge_dag.py
[2026-04-25T07:35:56.129+0000] {processor.py:830} INFO - Processing file /home/airflow/dags/data_merge_dag.py for tasks to queue
[2026-04-25T07:35:56.131+0000] {logging_mixin.py:188} INFO - [2026-04-25T07:35:56.130+0000] {dagbag.py:538} INFO - Filling up the DagBag from /home/airflow/dags/data_merge_dag.py
[2026-04-25T07:35:56.404+0000] {processor.py:840} INFO - DAG(s) 'data_merge_pipeline' retrieved from /home/airflow/dags/data_merge_dag.py
[2026-04-25T07:35:56.428+0000] {logging_mixin.py:188} INFO - [2026-04-25T07:35:56.428+0000] {dag.py:3036} INFO - Sync 1 DAGs
[2026-04-25T07:35:56.448+0000] {logging_mixin.py:188} INFO - [2026-04-25T07:35:56.448+0000] {dag.py:3823} INFO - Setting next_dagrun for data_merge_pipeline to 2026-04-26 00:00:00+00:00, run_after=2026-05-03 00:00:00+00:00
[2026-04-25T07:35:56.477+0000] {processor.py:183} INFO - Processing /home/airflow/dags/data_merge_dag.py took 0.354 seconds
[2026-04-25T07:36:26.775+0000] {processor.py:161} INFO - Started process (PID=11091) to work on /home/airflow/dags/data_merge_dag.py
[2026-04-25T07:36:26.777+0000] {processor.py:830} INFO - Processing file /home/airflow/dags/data_merge_dag.py for tasks to queue
[2026-04-25T07:36:26.778+0000] {logging_mixin.py:188} INFO - [2026-04-25T07:36:26.778+0000] {dagbag.py:538} INFO - Filling up the DagBag from /home/airflow/dags/data_merge_dag.py
[2026-04-25T07:36:27.025+0000] {processor.py:840} INFO - DAG(s) 'data_merge_pipeline' retrieved from /home/airflow/dags/data_merge_dag.py
[2026-04-25T07:36:27.050+0000] {logging_mixin.py:188} INFO - [2026-04-25T07:36:27.049+0000] {dag.py:3036} INFO - Sync 1 DAGs
[2026-04-25T07:36:27.069+0000] {logging_mixin.py:188} INFO - [2026-04-25T07:36:27.069+0000] {dag.py:3823} INFO - Setting next_dagrun for data_merge_pipeline to 2026-04-26 00:00:00+00:00, run_after=2026-05-03 00:00:00+00:00
[2026-04-25T07:36:27.092+0000] {processor.py:183} INFO - Processing /home/airflow/dags/data_merge_dag.py took 0.320 seconds
[2026-04-25T07:36:57.381+0000] {processor.py:161} INFO - Started process (PID=11123) to work on /home/airflow/dags/data_merge_dag.py
[2026-04-25T07:36:57.382+0000] {processor.py:830} INFO - Processing file /home/airflow/dags/data_merge_dag.py for tasks to queue
[2026-04-25T07:36:57.383+0000] {logging_mixin.py:188} INFO - [2026-04-25T07:36:57.383+0000] {dagbag.py:538} INFO - Filling up the DagBag from /home/airflow/dags/data_merge_dag.py
[2026-04-25T07:36:57.594+0000] {processor.py:840} INFO - DAG(s) 'data_merge_pipeline' retrieved from /home/airflow/dags/data_merge_dag.py
[2026-04-25T07:36:57.746+0000] {logging_mixin.py:188} INFO - [2026-04-25T07:36:57.746+0000] {dag.py:3036} INFO - Sync 1 DAGs
[2026-04-25T07:36:57.762+0000] {logging_mixin.py:188} INFO - [2026-04-25T07:36:57.762+0000] {dag.py:3823} INFO - Setting next_dagrun for data_merge_pipeline to 2026-04-26 00:00:00+00:00, run_after=2026-05-03 00:00:00+00:00
[2026-04-25T07:36:57.782+0000] {processor.py:183} INFO - Processing /home/airflow/dags/data_merge_dag.py took 0.404 seconds
[2026-04-25T07:37:27.857+0000] {processor.py:161} INFO - Started process (PID=11155) to work on /home/airflow/dags/data_merge_dag.py
[2026-04-25T07:37:27.858+0000] {processor.py:830} INFO - Processing file /home/airflow/dags/data_merge_dag.py for tasks to queue
[2026-04-25T07:37:27.859+0000] {logging_mixin.py:188} INFO - [2026-04-25T07:37:27.859+0000] {dagbag.py:538} INFO - Filling up the DagBag from /home/airflow/dags/data_merge_dag.py
[2026-04-25T07:37:28.089+0000] {processor.py:840} INFO - DAG(s) 'data_merge_pipeline' retrieved from /home/airflow/dags/data_merge_dag.py
[2026-04-25T07:37:28.251+0000] {logging_mixin.py:188} INFO - [2026-04-25T07:37:28.250+0000] {dag.py:3036} INFO - Sync 1 DAGs
[2026-04-25T07:37:28.268+0000] {logging_mixin.py:188} INFO - [2026-04-25T07:37:28.268+0000] {dag.py:3823} INFO - Setting next_dagrun for data_merge_pipeline to 2026-04-26 00:00:00+00:00, run_after=2026-05-03 00:00:00+00:00
[2026-04-25T07:37:28.291+0000] {processor.py:183} INFO - Processing /home/airflow/dags/data_merge_dag.py took 0.436 seconds
[2026-04-25T07:37:59.475+0000] {processor.py:161} INFO - Started process (PID=11187) to work on /home/airflow/dags/data_merge_dag.py
[2026-04-25T07:37:59.496+0000] {processor.py:830} INFO - Processing file /home/airflow/dags/data_merge_dag.py for tasks to queue
[2026-04-25T07:37:59.521+0000] {logging_mixin.py:188} INFO - [2026-04-25T07:37:59.511+0000] {dagbag.py:538} INFO - Filling up the DagBag from /home/airflow/dags/data_merge_dag.py
[2026-04-25T07:38:12.921+0000] {processor.py:840} INFO - DAG(s) 'data_merge_pipeline' retrieved from /home/airflow/dags/data_merge_dag.py
[2026-04-25T07:38:15.035+0000] {logging_mixin.py:188} INFO - [2026-04-25T07:38:15.015+0000] {dag.py:3036} INFO - Sync 1 DAGs
[2026-04-25T07:38:16.424+0000] {logging_mixin.py:188} INFO - [2026-04-25T07:38:16.417+0000] {dag.py:3823} INFO - Setting next_dagrun for data_merge_pipeline to 2026-04-26 00:00:00+00:00, run_after=2026-05-03 00:00:00+00:00
[2026-04-25T07:38:17.640+0000] {processor.py:183} INFO - Processing /home/airflow/dags/data_merge_dag.py took 18.259 seconds
[2026-04-25T07:38:55.199+0000] {processor.py:161} INFO - Started process (PID=11203) to work on /home/airflow/dags/data_merge_dag.py
[2026-04-25T07:38:55.317+0000] {processor.py:830} INFO - Processing file /home/airflow/dags/data_merge_dag.py for tasks to queue
[2026-04-25T07:38:55.390+0000] {logging_mixin.py:188} INFO - [2026-04-25T07:38:55.359+0000] {dagbag.py:538} INFO - Filling up the DagBag from /home/airflow/dags/data_merge_dag.py
[2026-04-25T07:39:26.445+0000] {logging_mixin.py:188} INFO - [2026-04-25T07:39:26.370+0000] {timeout.py:68} ERROR - Process timed out, PID: 11203
[2026-04-25T07:39:27.792+0000] {logging_mixin.py:188} INFO - [2026-04-25T07:39:26.480+0000] {dagbag.py:348} ERROR - Failed to import: /home/airflow/dags/data_merge_dag.py
Traceback (most recent call last):
  File "/home/airflow/.local/lib/python3.11/site-packages/airflow/models/dagbag.py", line 344, in parse
    loader.exec_module(new_module)
  File "<frozen importlib._bootstrap_external>", line 940, in exec_module
  File "<frozen importlib._bootstrap>", line 241, in _call_with_frames_removed
  File "/home/airflow/dags/data_merge_dag.py", line 8, in <module>
    import pandas as pd
  File "/home/airflow/.local/lib/python3.11/site-packages/pandas/__init__.py", line 48, in <module>
    from pandas.core.api import (
  File "/home/airflow/.local/lib/python3.11/site-packages/pandas/core/api.py", line 47, in <module>
    from pandas.core.groupby import (
  File "/home/airflow/.local/lib/python3.11/site-packages/pandas/core/groupby/__init__.py", line 1, in <module>
    from pandas.core.groupby.generic import (
  File "/home/airflow/.local/lib/python3.11/site-packages/pandas/core/groupby/generic.py", line 77, in <module>
    from pandas.core.frame import DataFrame
  File "/home/airflow/.local/lib/python3.11/site-packages/pandas/core/frame.py", line 182, in <module>
    from pandas.core.generic import NDFrame
  File "/home/airflow/.local/lib/python3.11/site-packages/pandas/core/generic.py", line 138, in <module>
    from pandas.core import (
  File "/home/airflow/.local/lib/python3.11/site-packages/pandas/core/indexing.py", line 77, in <module>
    from pandas.core.indexes.api import (
  File "/home/airflow/.local/lib/python3.11/site-packages/pandas/core/indexes/api.py", line 26, in <module>
    from pandas.core.indexes.datetimes import DatetimeIndex
  File "/home/airflow/.local/lib/python3.11/site-packages/pandas/core/indexes/datetimes.py", line 59, in <module>
    from pandas.core.indexes.datetimelike import DatetimeTimedeltaMixin
  File "<frozen importlib._bootstrap>", line 1176, in _find_and_load
  File "<frozen importlib._bootstrap>", line 1147, in _find_and_load_unlocked
  File "<frozen importlib._bootstrap>", line 690, in _load_unlocked
  File "<frozen importlib._bootstrap_external>", line 936, in exec_module
  File "<frozen importlib._bootstrap_external>", line 1030, in get_code
  File "/home/airflow/.local/lib/python3.11/site-packages/airflow/utils/timeout.py", line 69, in handle_timeout
    raise AirflowTaskTimeout(self.error_message)
airflow.exceptions.AirflowTaskTimeout: DagBag import timeout for /home/airflow/dags/data_merge_dag.py after 30.0s.
Please take a look at these docs to improve your DAG import time:
* https://airflow.apache.org/docs/apache-airflow/2.8.1/best-practices.html#top-level-python-code
* https://airflow.apache.org/docs/apache-airflow/2.8.1/best-practices.html#reducing-dag-complexity, PID: 11203
[2026-04-25T07:39:27.884+0000] {processor.py:842} WARNING - No viable dags retrieved from /home/airflow/dags/data_merge_dag.py
[2026-04-25T07:39:29.889+0000] {processor.py:183} INFO - Processing /home/airflow/dags/data_merge_dag.py took 35.037 seconds
[2026-04-25T07:40:05.966+0000] {processor.py:161} INFO - Started process (PID=11221) to work on /home/airflow/dags/data_merge_dag.py
[2026-04-25T07:40:06.242+0000] {processor.py:830} INFO - Processing file /home/airflow/dags/data_merge_dag.py for tasks to queue
[2026-04-25T07:40:06.361+0000] {logging_mixin.py:188} INFO - [2026-04-25T07:40:06.329+0000] {dagbag.py:538} INFO - Filling up the DagBag from /home/airflow/dags/data_merge_dag.py
[2026-04-25T07:40:43.027+0000] {logging_mixin.py:188} INFO - [2026-04-25T07:40:43.001+0000] {timeout.py:68} ERROR - Process timed out, PID: 11221
[2026-04-25T07:40:43.041+0000] {logging_mixin.py:188} WARNING - Exception ignored in: <function WeakKeyDictionary.__init__.<locals>.remove at 0x7131fd2cad40>
[2026-04-25T07:40:43.069+0000] {logging_mixin.py:188} WARNING - Traceback (most recent call last):
[2026-04-25T07:40:43.097+0000] {logging_mixin.py:188} WARNING -   File "/usr/local/lib/python3.11/weakref.py", line 369, in remove
[2026-04-25T07:40:43.126+0000] {logging_mixin.py:188} WARNING -     def remove(k, selfref=ref(self)):
[2026-04-25T07:40:43.144+0000] {logging_mixin.py:188} WARNING -   File "/home/airflow/.local/lib/python3.11/site-packages/airflow/utils/timeout.py", line 69, in handle_timeout
[2026-04-25T07:40:43.174+0000] {logging_mixin.py:188} WARNING -     raise AirflowTaskTimeout(self.error_message)
[2026-04-25T07:40:43.190+0000] {logging_mixin.py:188} WARNING - airflow.exceptions.AirflowTaskTimeout: DagBag import timeout for /home/airflow/dags/data_merge_dag.py after 30.0s.
Please take a look at these docs to improve your DAG import time:
* https://airflow.apache.org/docs/apache-airflow/2.8.1/best-practices.html#top-level-python-code
* https://airflow.apache.org/docs/apache-airflow/2.8.1/best-practices.html#reducing-dag-complexity, PID: 11221
[2026-04-25T07:40:48.280+0000] {processor.py:840} INFO - DAG(s) 'data_merge_pipeline' retrieved from /home/airflow/dags/data_merge_dag.py
[2026-04-25T07:41:29.714+0000] {processor.py:161} INFO - Started process (PID=11242) to work on /home/airflow/dags/data_merge_dag.py
[2026-04-25T07:41:29.780+0000] {processor.py:830} INFO - Processing file /home/airflow/dags/data_merge_dag.py for tasks to queue
[2026-04-25T07:41:29.855+0000] {logging_mixin.py:188} INFO - [2026-04-25T07:41:29.834+0000] {dagbag.py:538} INFO - Filling up the DagBag from /home/airflow/dags/data_merge_dag.py
[2026-04-25T07:42:15.164+0000] {logging_mixin.py:188} INFO - [2026-04-25T07:42:15.019+0000] {timeout.py:68} ERROR - Process timed out, PID: 11242
[2026-04-25T07:42:15.217+0000] {logging_mixin.py:188} WARNING - Exception ignored in: <function WeakKeyDictionary.__init__.<locals>.remove at 0x7131fd2cad40>
[2026-04-25T07:42:15.243+0000] {logging_mixin.py:188} WARNING - Traceback (most recent call last):
[2026-04-25T07:42:15.350+0000] {logging_mixin.py:188} WARNING -   File "/usr/local/lib/python3.11/weakref.py", line 369, in remove
[2026-04-25T07:42:15.428+0000] {logging_mixin.py:188} WARNING -     def remove(k, selfref=ref(self)):
[2026-04-25T07:42:15.475+0000] {logging_mixin.py:188} WARNING -   File "/home/airflow/.local/lib/python3.11/site-packages/airflow/utils/timeout.py", line 69, in handle_timeout
[2026-04-25T07:42:15.541+0000] {logging_mixin.py:188} WARNING -     raise AirflowTaskTimeout(self.error_message)
[2026-04-25T07:42:15.590+0000] {logging_mixin.py:188} WARNING - airflow.exceptions.AirflowTaskTimeout: DagBag import timeout for /home/airflow/dags/data_merge_dag.py after 30.0s.
Please take a look at these docs to improve your DAG import time:
* https://airflow.apache.org/docs/apache-airflow/2.8.1/best-practices.html#top-level-python-code
* https://airflow.apache.org/docs/apache-airflow/2.8.1/best-practices.html#reducing-dag-complexity, PID: 11242
[2026-04-25T07:42:53.510+0000] {processor.py:161} INFO - Started process (PID=11256) to work on /home/airflow/dags/data_merge_dag.py
[2026-04-25T07:42:53.786+0000] {processor.py:830} INFO - Processing file /home/airflow/dags/data_merge_dag.py for tasks to queue
[2026-04-25T07:42:54.067+0000] {logging_mixin.py:188} INFO - [2026-04-25T07:42:53.924+0000] {dagbag.py:538} INFO - Filling up the DagBag from /home/airflow/dags/data_merge_dag.py
[2026-04-25T07:43:28.873+0000] {logging_mixin.py:188} INFO - [2026-04-25T07:43:28.675+0000] {timeout.py:68} ERROR - Process timed out, PID: 11256
[2026-04-25T07:43:28.985+0000] {logging_mixin.py:188} WARNING - Exception ignored in: <function WeakKeyDictionary.__init__.<locals>.remove at 0x7131fd2cad40>
[2026-04-25T07:43:29.083+0000] {logging_mixin.py:188} WARNING - Traceback (most recent call last):
[2026-04-25T07:43:29.140+0000] {logging_mixin.py:188} WARNING -   File "/usr/local/lib/python3.11/weakref.py", line 369, in remove
[2026-04-25T07:43:29.195+0000] {logging_mixin.py:188} WARNING -     def remove(k, selfref=ref(self)):
[2026-04-25T07:43:29.277+0000] {logging_mixin.py:188} WARNING -   File "/home/airflow/.local/lib/python3.11/site-packages/airflow/utils/timeout.py", line 69, in handle_timeout
[2026-04-25T07:43:29.311+0000] {logging_mixin.py:188} WARNING -     raise AirflowTaskTimeout(self.error_message)
[2026-04-25T07:43:29.358+0000] {logging_mixin.py:188} WARNING - airflow.exceptions.AirflowTaskTimeout: DagBag import timeout for /home/airflow/dags/data_merge_dag.py after 30.0s.
Please take a look at these docs to improve your DAG import time:
* https://airflow.apache.org/docs/apache-airflow/2.8.1/best-practices.html#top-level-python-code
* https://airflow.apache.org/docs/apache-airflow/2.8.1/best-practices.html#reducing-dag-complexity, PID: 11256
[2026-04-25T07:44:14.279+0000] {processor.py:161} INFO - Started process (PID=11268) to work on /home/airflow/dags/data_merge_dag.py
[2026-04-25T07:44:14.317+0000] {processor.py:830} INFO - Processing file /home/airflow/dags/data_merge_dag.py for tasks to queue
[2026-04-25T07:44:14.365+0000] {logging_mixin.py:188} INFO - [2026-04-25T07:44:14.346+0000] {dagbag.py:538} INFO - Filling up the DagBag from /home/airflow/dags/data_merge_dag.py
[2026-04-25T07:44:46.826+0000] {logging_mixin.py:188} INFO - [2026-04-25T07:44:46.777+0000] {timeout.py:68} ERROR - Process timed out, PID: 11268
[2026-04-25T07:44:46.966+0000] {logging_mixin.py:188} WARNING - Exception ignored in: <function WeakKeyDictionary.__init__.<locals>.remove at 0x7131fd2cad40>
[2026-04-25T07:44:47.067+0000] {logging_mixin.py:188} WARNING - Traceback (most recent call last):
[2026-04-25T07:44:47.116+0000] {logging_mixin.py:188} WARNING -   File "/usr/local/lib/python3.11/weakref.py", line 369, in remove
[2026-04-25T07:44:47.214+0000] {logging_mixin.py:188} WARNING -     def remove(k, selfref=ref(self)):
[2026-04-25T07:44:47.265+0000] {logging_mixin.py:188} WARNING -   File "/home/airflow/.local/lib/python3.11/site-packages/airflow/utils/timeout.py", line 69, in handle_timeout
[2026-04-25T07:44:47.349+0000] {logging_mixin.py:188} WARNING -     raise AirflowTaskTimeout(self.error_message)
[2026-04-25T07:44:47.380+0000] {logging_mixin.py:188} WARNING - airflow.exceptions.AirflowTaskTimeout: DagBag import timeout for /home/airflow/dags/data_merge_dag.py after 30.0s.
Please take a look at these docs to improve your DAG import time:
* https://airflow.apache.org/docs/apache-airflow/2.8.1/best-practices.html#top-level-python-code
* https://airflow.apache.org/docs/apache-airflow/2.8.1/best-practices.html#reducing-dag-complexity, PID: 11268
[2026-04-25T07:44:55.775+0000] {processor.py:840} INFO - DAG(s) 'data_merge_pipeline' retrieved from /home/airflow/dags/data_merge_dag.py
[2026-04-25T07:45:37.772+0000] {processor.py:161} INFO - Started process (PID=11284) to work on /home/airflow/dags/data_merge_dag.py
[2026-04-25T07:45:37.851+0000] {processor.py:830} INFO - Processing file /home/airflow/dags/data_merge_dag.py for tasks to queue
[2026-04-25T07:45:37.911+0000] {logging_mixin.py:188} INFO - [2026-04-25T07:45:37.899+0000] {dagbag.py:538} INFO - Filling up the DagBag from /home/airflow/dags/data_merge_dag.py
[2026-04-25T07:46:09.080+0000] {logging_mixin.py:188} INFO - [2026-04-25T07:46:09.046+0000] {timeout.py:68} ERROR - Process timed out, PID: 11284
[2026-04-25T07:46:09.173+0000] {logging_mixin.py:188} WARNING - Exception ignored in: <function WeakKeyDictionary.__init__.<locals>.remove at 0x7131fd2cad40>
[2026-04-25T07:46:09.212+0000] {logging_mixin.py:188} WARNING - Traceback (most recent call last):
[2026-04-25T07:46:09.311+0000] {logging_mixin.py:188} WARNING -   File "/usr/local/lib/python3.11/weakref.py", line 369, in remove
[2026-04-25T07:46:09.518+0000] {logging_mixin.py:188} WARNING -     def remove(k, selfref=ref(self)):
[2026-04-25T07:46:09.633+0000] {logging_mixin.py:188} WARNING -   File "/home/airflow/.local/lib/python3.11/site-packages/airflow/utils/timeout.py", line 69, in handle_timeout
[2026-04-25T07:46:09.795+0000] {logging_mixin.py:188} WARNING -     raise AirflowTaskTimeout(self.error_message)
[2026-04-25T07:46:09.860+0000] {logging_mixin.py:188} WARNING - airflow.exceptions.AirflowTaskTimeout: DagBag import timeout for /home/airflow/dags/data_merge_dag.py after 30.0s.
Please take a look at these docs to improve your DAG import time:
* https://airflow.apache.org/docs/apache-airflow/2.8.1/best-practices.html#top-level-python-code
* https://airflow.apache.org/docs/apache-airflow/2.8.1/best-practices.html#reducing-dag-complexity, PID: 11284
[2026-04-25T07:46:57.989+0000] {processor.py:161} INFO - Started process (PID=11298) to work on /home/airflow/dags/data_merge_dag.py
[2026-04-25T07:46:58.066+0000] {processor.py:830} INFO - Processing file /home/airflow/dags/data_merge_dag.py for tasks to queue
[2026-04-25T07:46:58.147+0000] {logging_mixin.py:188} INFO - [2026-04-25T07:46:58.101+0000] {dagbag.py:538} INFO - Filling up the DagBag from /home/airflow/dags/data_merge_dag.py
[2026-04-25T07:47:40.446+0000] {logging_mixin.py:188} INFO - [2026-04-25T07:47:40.238+0000] {timeout.py:68} ERROR - Process timed out, PID: 11298
[2026-04-25T07:47:40.704+0000] {logging_mixin.py:188} WARNING - Exception ignored in: <function WeakKeyDictionary.__init__.<locals>.remove at 0x7131fd2cad40>
[2026-04-25T07:47:40.796+0000] {logging_mixin.py:188} WARNING - Traceback (most recent call last):
[2026-04-25T07:47:40.949+0000] {logging_mixin.py:188} WARNING -   File "/usr/local/lib/python3.11/weakref.py", line 369, in remove
[2026-04-25T07:47:41.026+0000] {logging_mixin.py:188} WARNING -     def remove(k, selfref=ref(self)):
[2026-04-25T07:47:41.178+0000] {logging_mixin.py:188} WARNING -   File "/home/airflow/.local/lib/python3.11/site-packages/airflow/utils/timeout.py", line 69, in handle_timeout
[2026-04-25T07:47:41.243+0000] {logging_mixin.py:188} WARNING -     raise AirflowTaskTimeout(self.error_message)
[2026-04-25T07:47:41.413+0000] {logging_mixin.py:188} WARNING - airflow.exceptions.AirflowTaskTimeout: DagBag import timeout for /home/airflow/dags/data_merge_dag.py after 30.0s.
Please take a look at these docs to improve your DAG import time:
* https://airflow.apache.org/docs/apache-airflow/2.8.1/best-practices.html#top-level-python-code
* https://airflow.apache.org/docs/apache-airflow/2.8.1/best-practices.html#reducing-dag-complexity, PID: 11298
[2026-04-25T07:48:20.024+0000] {processor.py:161} INFO - Started process (PID=11317) to work on /home/airflow/dags/data_merge_dag.py
[2026-04-25T07:48:20.185+0000] {processor.py:830} INFO - Processing file /home/airflow/dags/data_merge_dag.py for tasks to queue
[2026-04-25T07:48:20.242+0000] {logging_mixin.py:188} INFO - [2026-04-25T07:48:20.231+0000] {dagbag.py:538} INFO - Filling up the DagBag from /home/airflow/dags/data_merge_dag.py
[2026-04-25T07:48:51.208+0000] {logging_mixin.py:188} INFO - [2026-04-25T07:48:51.075+0000] {timeout.py:68} ERROR - Process timed out, PID: 11317
[2026-04-25T07:48:53.733+0000] {logging_mixin.py:188} INFO - [2026-04-25T07:48:51.293+0000] {dagbag.py:348} ERROR - Failed to import: /home/airflow/dags/data_merge_dag.py
Traceback (most recent call last):
  File "/home/airflow/.local/lib/python3.11/site-packages/airflow/models/dagbag.py", line 344, in parse
    loader.exec_module(new_module)
  File "<frozen importlib._bootstrap_external>", line 940, in exec_module
  File "<frozen importlib._bootstrap>", line 241, in _call_with_frames_removed
  File "/home/airflow/dags/data_merge_dag.py", line 8, in <module>
    import pandas as pd
  File "/home/airflow/.local/lib/python3.11/site-packages/pandas/__init__.py", line 48, in <module>
    from pandas.core.api import (
  File "/home/airflow/.local/lib/python3.11/site-packages/pandas/core/api.py", line 47, in <module>
    from pandas.core.groupby import (
  File "/home/airflow/.local/lib/python3.11/site-packages/pandas/core/groupby/__init__.py", line 1, in <module>
    from pandas.core.groupby.generic import (
  File "/home/airflow/.local/lib/python3.11/site-packages/pandas/core/groupby/generic.py", line 77, in <module>
    from pandas.core.frame import DataFrame
  File "/home/airflow/.local/lib/python3.11/site-packages/pandas/core/frame.py", line 182, in <module>
    from pandas.core.generic import NDFrame
  File "/home/airflow/.local/lib/python3.11/site-packages/pandas/core/generic.py", line 138, in <module>
    from pandas.core import (
  File "/home/airflow/.local/lib/python3.11/site-packages/pandas/core/indexing.py", line 77, in <module>
    from pandas.core.indexes.api import (
  File "/home/airflow/.local/lib/python3.11/site-packages/pandas/core/indexes/api.py", line 18, in <module>
    from pandas.core.indexes.base import (
  File "/home/airflow/.local/lib/python3.11/site-packages/pandas/core/indexes/base.py", line 177, in <module>
    from pandas.core.strings.accessor import StringMethods
  File "/home/airflow/.local/lib/python3.11/site-packages/pandas/core/strings/accessor.py", line 147, in <module>
    class StringMethods(NoNewAttributesMixin):
  File "/home/airflow/.local/lib/python3.11/site-packages/pandas/core/strings/accessor.py", line 1653, in StringMethods
    @forbid_nonstring_types(["bytes"])
     ^^^^^^^^^^^^^^^^^^^^^^^^^^^^^^^^^
  File "/home/airflow/.local/lib/python3.11/site-packages/pandas/core/strings/accessor.py", line 121, in _forbid_nonstring_types
    @wraps(func)
     ^^^^^^^^^^^
  File "/usr/local/lib/python3.11/functools.py", line 58, in update_wrapper
    getattr(wrapper, attr).update(getattr(wrapped, attr, {}))
                                  ^^^^^^^^^^^^^^^^^^^^^^^^^^
  File "/home/airflow/.local/lib/python3.11/site-packages/airflow/utils/timeout.py", line 69, in handle_timeout
    raise AirflowTaskTimeout(self.error_message)
airflow.exceptions.AirflowTaskTimeout: DagBag import timeout for /home/airflow/dags/data_merge_dag.py after 30.0s.
Please take a look at these docs to improve your DAG import time:
* https://airflow.apache.org/docs/apache-airflow/2.8.1/best-practices.html#top-level-python-code
* https://airflow.apache.org/docs/apache-airflow/2.8.1/best-practices.html#reducing-dag-complexity, PID: 11317
[2026-04-25T07:48:53.925+0000] {processor.py:842} WARNING - No viable dags retrieved from /home/airflow/dags/data_merge_dag.py
[2026-04-25T07:48:55.842+0000] {processor.py:183} INFO - Processing /home/airflow/dags/data_merge_dag.py took 36.140 seconds
[2026-04-25T07:49:41.227+0000] {processor.py:161} INFO - Started process (PID=11335) to work on /home/airflow/dags/data_merge_dag.py
[2026-04-25T07:49:41.392+0000] {processor.py:830} INFO - Processing file /home/airflow/dags/data_merge_dag.py for tasks to queue
[2026-04-25T07:49:41.775+0000] {logging_mixin.py:188} INFO - [2026-04-25T07:49:41.597+0000] {dagbag.py:538} INFO - Filling up the DagBag from /home/airflow/dags/data_merge_dag.py
[2026-04-25T07:51:03.714+0000] {processor.py:161} INFO - Started process (PID=11351) to work on /home/airflow/dags/data_merge_dag.py
[2026-04-25T07:51:04.056+0000] {processor.py:830} INFO - Processing file /home/airflow/dags/data_merge_dag.py for tasks to queue
[2026-04-25T07:51:04.493+0000] {logging_mixin.py:188} INFO - [2026-04-25T07:51:04.132+0000] {dagbag.py:538} INFO - Filling up the DagBag from /home/airflow/dags/data_merge_dag.py
[2026-04-25T07:51:44.456+0000] {logging_mixin.py:188} INFO - [2026-04-25T07:51:44.424+0000] {timeout.py:68} ERROR - Process timed out, PID: 11351
[2026-04-25T07:51:44.513+0000] {logging_mixin.py:188} WARNING - Exception ignored in: <function WeakKeyDictionary.__init__.<locals>.remove at 0x7131fd2cad40>
[2026-04-25T07:51:44.573+0000] {logging_mixin.py:188} WARNING - Traceback (most recent call last):
[2026-04-25T07:51:44.670+0000] {logging_mixin.py:188} WARNING -   File "/usr/local/lib/python3.11/weakref.py", line 369, in remove
[2026-04-25T07:51:44.734+0000] {logging_mixin.py:188} WARNING -     def remove(k, selfref=ref(self)):
[2026-04-25T07:51:44.753+0000] {logging_mixin.py:188} WARNING -   File "/home/airflow/.local/lib/python3.11/site-packages/airflow/utils/timeout.py", line 69, in handle_timeout
[2026-04-25T07:51:44.819+0000] {logging_mixin.py:188} WARNING -     raise AirflowTaskTimeout(self.error_message)
[2026-04-25T07:51:44.887+0000] {logging_mixin.py:188} WARNING - airflow.exceptions.AirflowTaskTimeout: DagBag import timeout for /home/airflow/dags/data_merge_dag.py after 30.0s.
Please take a look at these docs to improve your DAG import time:
* https://airflow.apache.org/docs/apache-airflow/2.8.1/best-practices.html#top-level-python-code
* https://airflow.apache.org/docs/apache-airflow/2.8.1/best-practices.html#reducing-dag-complexity, PID: 11351
[2026-04-25T07:52:27.901+0000] {processor.py:161} INFO - Started process (PID=11367) to work on /home/airflow/dags/data_merge_dag.py
[2026-04-25T07:52:28.062+0000] {processor.py:830} INFO - Processing file /home/airflow/dags/data_merge_dag.py for tasks to queue
[2026-04-25T07:52:28.237+0000] {logging_mixin.py:188} INFO - [2026-04-25T07:52:28.216+0000] {dagbag.py:538} INFO - Filling up the DagBag from /home/airflow/dags/data_merge_dag.py
[2026-04-25T07:52:59.570+0000] {logging_mixin.py:188} INFO - [2026-04-25T07:52:59.512+0000] {timeout.py:68} ERROR - Process timed out, PID: 11367
[2026-04-25T07:53:00.306+0000] {logging_mixin.py:188} INFO - [2026-04-25T07:52:59.594+0000] {dagbag.py:348} ERROR - Failed to import: /home/airflow/dags/data_merge_dag.py
Traceback (most recent call last):
  File "/home/airflow/.local/lib/python3.11/site-packages/airflow/models/dagbag.py", line 344, in parse
    loader.exec_module(new_module)
  File "<frozen importlib._bootstrap_external>", line 940, in exec_module
  File "<frozen importlib._bootstrap>", line 241, in _call_with_frames_removed
  File "/home/airflow/dags/data_merge_dag.py", line 8, in <module>
    import pandas as pd
  File "/home/airflow/.local/lib/python3.11/site-packages/pandas/__init__.py", line 48, in <module>
    from pandas.core.api import (
  File "/home/airflow/.local/lib/python3.11/site-packages/pandas/core/api.py", line 47, in <module>
    from pandas.core.groupby import (
  File "/home/airflow/.local/lib/python3.11/site-packages/pandas/core/groupby/__init__.py", line 1, in <module>
    from pandas.core.groupby.generic import (
  File "/home/airflow/.local/lib/python3.11/site-packages/pandas/core/groupby/generic.py", line 77, in <module>
    from pandas.core.frame import DataFrame
  File "/home/airflow/.local/lib/python3.11/site-packages/pandas/core/frame.py", line 182, in <module>
    from pandas.core.generic import NDFrame
  File "/home/airflow/.local/lib/python3.11/site-packages/pandas/core/generic.py", line 179, in <module>
    from pandas.core.window import (
  File "/home/airflow/.local/lib/python3.11/site-packages/pandas/core/window/__init__.py", line 1, in <module>
    from pandas.core.window.ewm import (
  File "/home/airflow/.local/lib/python3.11/site-packages/pandas/core/window/ewm.py", line 35, in <module>
    from pandas.core.util.numba_ import (
  File "<frozen importlib._bootstrap>", line 1176, in _find_and_load
  File "<frozen importlib._bootstrap>", line 1147, in _find_and_load_unlocked
  File "<frozen importlib._bootstrap>", line 676, in _load_unlocked
  File "<frozen importlib._bootstrap>", line 579, in module_from_spec
  File "<frozen importlib._bootstrap>", line 558, in _init_module_attrs
  File "<frozen importlib._bootstrap>", line 398, in cached
  File "<frozen importlib._bootstrap_external>", line 570, in _get_cached
  File "<frozen importlib._bootstrap_external>", line 468, in cache_from_source
  File "/home/airflow/.local/lib/python3.11/site-packages/airflow/utils/timeout.py", line 69, in handle_timeout
    raise AirflowTaskTimeout(self.error_message)
airflow.exceptions.AirflowTaskTimeout: DagBag import timeout for /home/airflow/dags/data_merge_dag.py after 30.0s.
Please take a look at these docs to improve your DAG import time:
* https://airflow.apache.org/docs/apache-airflow/2.8.1/best-practices.html#top-level-python-code
* https://airflow.apache.org/docs/apache-airflow/2.8.1/best-practices.html#reducing-dag-complexity, PID: 11367
[2026-04-25T07:53:00.446+0000] {processor.py:842} WARNING - No viable dags retrieved from /home/airflow/dags/data_merge_dag.py
[2026-04-25T07:53:02.235+0000] {processor.py:183} INFO - Processing /home/airflow/dags/data_merge_dag.py took 35.179 seconds
[2026-04-25T07:53:36.292+0000] {processor.py:161} INFO - Started process (PID=11392) to work on /home/airflow/dags/data_merge_dag.py
[2026-04-25T07:53:36.359+0000] {processor.py:830} INFO - Processing file /home/airflow/dags/data_merge_dag.py for tasks to queue
[2026-04-25T07:53:36.462+0000] {logging_mixin.py:188} INFO - [2026-04-25T07:53:36.402+0000] {dagbag.py:538} INFO - Filling up the DagBag from /home/airflow/dags/data_merge_dag.py
[2026-04-25T07:54:06.835+0000] {logging_mixin.py:188} INFO - [2026-04-25T07:54:06.797+0000] {timeout.py:68} ERROR - Process timed out, PID: 11392
[2026-04-25T07:54:07.500+0000] {logging_mixin.py:188} INFO - [2026-04-25T07:54:06.883+0000] {dagbag.py:348} ERROR - Failed to import: /home/airflow/dags/data_merge_dag.py
Traceback (most recent call last):
  File "/home/airflow/.local/lib/python3.11/site-packages/airflow/models/dagbag.py", line 344, in parse
    loader.exec_module(new_module)
  File "<frozen importlib._bootstrap_external>", line 940, in exec_module
  File "<frozen importlib._bootstrap>", line 241, in _call_with_frames_removed
  File "/home/airflow/dags/data_merge_dag.py", line 8, in <module>
    import pandas as pd
  File "/home/airflow/.local/lib/python3.11/site-packages/pandas/__init__.py", line 48, in <module>
    from pandas.core.api import (
  File "/home/airflow/.local/lib/python3.11/site-packages/pandas/core/api.py", line 47, in <module>
    from pandas.core.groupby import (
  File "/home/airflow/.local/lib/python3.11/site-packages/pandas/core/groupby/__init__.py", line 1, in <module>
    from pandas.core.groupby.generic import (
  File "/home/airflow/.local/lib/python3.11/site-packages/pandas/core/groupby/generic.py", line 77, in <module>
    from pandas.core.frame import DataFrame
  File "/home/airflow/.local/lib/python3.11/site-packages/pandas/core/frame.py", line 218, in <module>
    from pandas.core.series import Series
  File "/home/airflow/.local/lib/python3.11/site-packages/pandas/core/series.py", line 142, in <module>
    from pandas.core.indexes.accessors import CombinedDatetimelikeProperties
  File "/home/airflow/.local/lib/python3.11/site-packages/pandas/core/indexes/accessors.py", line 232, in <module>
    @delegate_names(
     ^^^^^^^^^^^^^^^
  File "/home/airflow/.local/lib/python3.11/site-packages/pandas/core/accessor.py", line 177, in add_delegate_accessors
    cls._add_delegate_accessors(
  File "/home/airflow/.local/lib/python3.11/site-packages/pandas/core/accessor.py", line 127, in _add_delegate_accessors
    f = _create_delegator_property(name)
        ^^^^^^^^^^^^^^^^^^^^^^^^^^^^^^^^
  File "/home/airflow/.local/lib/python3.11/site-packages/pandas/core/accessor.py", line 94, in _create_delegator_property
    def _create_delegator_property(name):
    
  File "/home/airflow/.local/lib/python3.11/site-packages/airflow/utils/timeout.py", line 69, in handle_timeout
    raise AirflowTaskTimeout(self.error_message)
airflow.exceptions.AirflowTaskTimeout: DagBag import timeout for /home/airflow/dags/data_merge_dag.py after 30.0s.
Please take a look at these docs to improve your DAG import time:
* https://airflow.apache.org/docs/apache-airflow/2.8.1/best-practices.html#top-level-python-code
* https://airflow.apache.org/docs/apache-airflow/2.8.1/best-practices.html#reducing-dag-complexity, PID: 11392
[2026-04-25T07:54:07.606+0000] {processor.py:842} WARNING - No viable dags retrieved from /home/airflow/dags/data_merge_dag.py
[2026-04-25T07:54:08.545+0000] {processor.py:183} INFO - Processing /home/airflow/dags/data_merge_dag.py took 32.660 seconds
[2026-04-25T07:54:43.559+0000] {processor.py:161} INFO - Started process (PID=11410) to work on /home/airflow/dags/data_merge_dag.py
[2026-04-25T07:54:43.718+0000] {processor.py:830} INFO - Processing file /home/airflow/dags/data_merge_dag.py for tasks to queue
[2026-04-25T07:54:43.960+0000] {logging_mixin.py:188} INFO - [2026-04-25T07:54:43.914+0000] {dagbag.py:538} INFO - Filling up the DagBag from /home/airflow/dags/data_merge_dag.py
[2026-04-25T07:55:15.297+0000] {logging_mixin.py:188} INFO - [2026-04-25T07:55:15.039+0000] {timeout.py:68} ERROR - Process timed out, PID: 11410
[2026-04-25T07:55:17.310+0000] {logging_mixin.py:188} INFO - [2026-04-25T07:55:15.459+0000] {dagbag.py:348} ERROR - Failed to import: /home/airflow/dags/data_merge_dag.py
Traceback (most recent call last):
  File "/home/airflow/.local/lib/python3.11/site-packages/airflow/models/dagbag.py", line 344, in parse
    loader.exec_module(new_module)
  File "<frozen importlib._bootstrap_external>", line 940, in exec_module
  File "<frozen importlib._bootstrap>", line 241, in _call_with_frames_removed
  File "/home/airflow/dags/data_merge_dag.py", line 8, in <module>
    import pandas as pd
  File "/home/airflow/.local/lib/python3.11/site-packages/pandas/__init__.py", line 48, in <module>
    from pandas.core.api import (
  File "/home/airflow/.local/lib/python3.11/site-packages/pandas/core/api.py", line 47, in <module>
    from pandas.core.groupby import (
  File "/home/airflow/.local/lib/python3.11/site-packages/pandas/core/groupby/__init__.py", line 1, in <module>
    from pandas.core.groupby.generic import (
  File "/home/airflow/.local/lib/python3.11/site-packages/pandas/core/groupby/generic.py", line 77, in <module>
    from pandas.core.frame import DataFrame
  File "/home/airflow/.local/lib/python3.11/site-packages/pandas/core/frame.py", line 182, in <module>
    from pandas.core.generic import NDFrame
  File "/home/airflow/.local/lib/python3.11/site-packages/pandas/core/generic.py", line 179, in <module>
    from pandas.core.window import (
  File "/home/airflow/.local/lib/python3.11/site-packages/pandas/core/window/__init__.py", line 1, in <module>
    from pandas.core.window.ewm import (
  File "/home/airflow/.local/lib/python3.11/site-packages/pandas/core/window/ewm.py", line 58, in <module>
    from pandas.core.window.rolling import (
  File "/home/airflow/.local/lib/python3.11/site-packages/pandas/core/window/rolling.py", line 1737, in <module>
    class Rolling(RollingAndExpandingMixin):
  File "/home/airflow/.local/lib/python3.11/site-packages/pandas/core/window/rolling.py", line 2229, in Rolling
    window_agg_numba_parameters("1.4"),
    ^^^^^^^^^^^^^^^^^^^^^^^^^^^^^^^^^^
  File "/home/airflow/.local/lib/python3.11/site-packages/pandas/core/window/doc.py", line 95, in window_agg_numba_parameters
    dedent(
  File "/usr/local/lib/python3.11/textwrap.py", line 436, in dedent
    indents = _leading_whitespace_re.findall(text)
              ^^^^^^^^^^^^^^^^^^^^^^^^^^^^^^^^^^^^
  File "/home/airflow/.local/lib/python3.11/site-packages/airflow/utils/timeout.py", line 69, in handle_timeout
    raise AirflowTaskTimeout(self.error_message)
airflow.exceptions.AirflowTaskTimeout: DagBag import timeout for /home/airflow/dags/data_merge_dag.py after 30.0s.
Please take a look at these docs to improve your DAG import time:
* https://airflow.apache.org/docs/apache-airflow/2.8.1/best-practices.html#top-level-python-code
* https://airflow.apache.org/docs/apache-airflow/2.8.1/best-practices.html#reducing-dag-complexity, PID: 11410
[2026-04-25T07:55:17.758+0000] {processor.py:842} WARNING - No viable dags retrieved from /home/airflow/dags/data_merge_dag.py
[2026-04-25T07:55:21.068+0000] {processor.py:183} INFO - Processing /home/airflow/dags/data_merge_dag.py took 37.873 seconds
[2026-04-25T07:55:57.609+0000] {processor.py:161} INFO - Started process (PID=11428) to work on /home/airflow/dags/data_merge_dag.py
[2026-04-25T07:55:57.710+0000] {processor.py:830} INFO - Processing file /home/airflow/dags/data_merge_dag.py for tasks to queue
[2026-04-25T07:55:57.788+0000] {logging_mixin.py:188} INFO - [2026-04-25T07:55:57.760+0000] {dagbag.py:538} INFO - Filling up the DagBag from /home/airflow/dags/data_merge_dag.py
[2026-04-25T07:56:28.231+0000] {logging_mixin.py:188} INFO - [2026-04-25T07:56:28.171+0000] {timeout.py:68} ERROR - Process timed out, PID: 11428
[2026-04-25T07:56:28.906+0000] {logging_mixin.py:188} INFO - [2026-04-25T07:56:28.280+0000] {dagbag.py:348} ERROR - Failed to import: /home/airflow/dags/data_merge_dag.py
Traceback (most recent call last):
  File "/home/airflow/.local/lib/python3.11/site-packages/airflow/models/dagbag.py", line 344, in parse
    loader.exec_module(new_module)
  File "<frozen importlib._bootstrap_external>", line 940, in exec_module
  File "<frozen importlib._bootstrap>", line 241, in _call_with_frames_removed
  File "/home/airflow/dags/data_merge_dag.py", line 8, in <module>
    import pandas as pd
  File "/home/airflow/.local/lib/python3.11/site-packages/pandas/__init__.py", line 48, in <module>
    from pandas.core.api import (
  File "/home/airflow/.local/lib/python3.11/site-packages/pandas/core/api.py", line 47, in <module>
    from pandas.core.groupby import (
  File "/home/airflow/.local/lib/python3.11/site-packages/pandas/core/groupby/__init__.py", line 1, in <module>
    from pandas.core.groupby.generic import (
  File "/home/airflow/.local/lib/python3.11/site-packages/pandas/core/groupby/generic.py", line 139, in <module>
    class SeriesGroupBy(GroupBy[Series]):
  File "/home/airflow/.local/lib/python3.11/site-packages/pandas/core/groupby/generic.py", line 467, in SeriesGroupBy
    @Appender(_transform_template)
     ^^^^^^^^^^^^^^^^^^^^^^^^^^^^^
  File "/home/airflow/.local/lib/python3.11/site-packages/pandas/util/_decorators.py", line 485, in __call__
    func.__doc__ = dedent(self.join.join(docitems))
                   ^^^^^^^^^^^^^^^^^^^^^^^^^^^^^^^^
  File "/usr/local/lib/python3.11/textwrap.py", line 435, in dedent
    text = _whitespace_only_re.sub('', text)
           ^^^^^^^^^^^^^^^^^^^^^^^^^^^^^^^^^
  File "/home/airflow/.local/lib/python3.11/site-packages/airflow/utils/timeout.py", line 69, in handle_timeout
    raise AirflowTaskTimeout(self.error_message)
airflow.exceptions.AirflowTaskTimeout: DagBag import timeout for /home/airflow/dags/data_merge_dag.py after 30.0s.
Please take a look at these docs to improve your DAG import time:
* https://airflow.apache.org/docs/apache-airflow/2.8.1/best-practices.html#top-level-python-code
* https://airflow.apache.org/docs/apache-airflow/2.8.1/best-practices.html#reducing-dag-complexity, PID: 11428
[2026-04-25T07:56:29.001+0000] {processor.py:842} WARNING - No viable dags retrieved from /home/airflow/dags/data_merge_dag.py
[2026-04-25T07:56:30.345+0000] {processor.py:183} INFO - Processing /home/airflow/dags/data_merge_dag.py took 33.175 seconds
[2026-04-25T07:57:06.827+0000] {processor.py:161} INFO - Started process (PID=11446) to work on /home/airflow/dags/data_merge_dag.py
[2026-04-25T07:57:06.891+0000] {processor.py:830} INFO - Processing file /home/airflow/dags/data_merge_dag.py for tasks to queue
[2026-04-25T07:57:06.952+0000] {logging_mixin.py:188} INFO - [2026-04-25T07:57:06.935+0000] {dagbag.py:538} INFO - Filling up the DagBag from /home/airflow/dags/data_merge_dag.py
[2026-04-25T07:57:37.439+0000] {logging_mixin.py:188} INFO - [2026-04-25T07:57:37.423+0000] {timeout.py:68} ERROR - Process timed out, PID: 11446
[2026-04-25T07:57:38.195+0000] {logging_mixin.py:188} INFO - [2026-04-25T07:57:37.540+0000] {dagbag.py:348} ERROR - Failed to import: /home/airflow/dags/data_merge_dag.py
Traceback (most recent call last):
  File "/home/airflow/.local/lib/python3.11/site-packages/airflow/models/dagbag.py", line 344, in parse
    loader.exec_module(new_module)
  File "<frozen importlib._bootstrap_external>", line 940, in exec_module
  File "<frozen importlib._bootstrap>", line 241, in _call_with_frames_removed
  File "/home/airflow/dags/data_merge_dag.py", line 8, in <module>
    import pandas as pd
  File "/home/airflow/.local/lib/python3.11/site-packages/pandas/__init__.py", line 48, in <module>
    from pandas.core.api import (
  File "/home/airflow/.local/lib/python3.11/site-packages/pandas/core/api.py", line 47, in <module>
    from pandas.core.groupby import (
  File "/home/airflow/.local/lib/python3.11/site-packages/pandas/core/groupby/__init__.py", line 1, in <module>
    from pandas.core.groupby.generic import (
  File "<frozen importlib._bootstrap>", line 1176, in _find_and_load
  File "<frozen importlib._bootstrap>", line 1147, in _find_and_load_unlocked
  File "<frozen importlib._bootstrap>", line 690, in _load_unlocked
  File "<frozen importlib._bootstrap_external>", line 936, in exec_module
  File "<frozen importlib._bootstrap_external>", line 1069, in get_code
  File "<frozen importlib._bootstrap_external>", line 729, in _compile_bytecode
  File "/home/airflow/.local/lib/python3.11/site-packages/airflow/utils/timeout.py", line 69, in handle_timeout
    raise AirflowTaskTimeout(self.error_message)
airflow.exceptions.AirflowTaskTimeout: DagBag import timeout for /home/airflow/dags/data_merge_dag.py after 30.0s.
Please take a look at these docs to improve your DAG import time:
* https://airflow.apache.org/docs/apache-airflow/2.8.1/best-practices.html#top-level-python-code
* https://airflow.apache.org/docs/apache-airflow/2.8.1/best-practices.html#reducing-dag-complexity, PID: 11446
[2026-04-25T07:57:38.296+0000] {processor.py:842} WARNING - No viable dags retrieved from /home/airflow/dags/data_merge_dag.py
[2026-04-25T07:57:40.311+0000] {processor.py:183} INFO - Processing /home/airflow/dags/data_merge_dag.py took 33.750 seconds
[2026-04-25T07:58:30.319+0000] {processor.py:161} INFO - Started process (PID=11464) to work on /home/airflow/dags/data_merge_dag.py
[2026-04-25T07:58:30.653+0000] {processor.py:830} INFO - Processing file /home/airflow/dags/data_merge_dag.py for tasks to queue
[2026-04-25T07:58:31.094+0000] {logging_mixin.py:188} INFO - [2026-04-25T07:58:30.915+0000] {dagbag.py:538} INFO - Filling up the DagBag from /home/airflow/dags/data_merge_dag.py
[2026-04-25T07:59:05.663+0000] {logging_mixin.py:188} INFO - [2026-04-25T07:59:05.473+0000] {timeout.py:68} ERROR - Process timed out, PID: 11464
[2026-04-25T20:58:25.250+0000] {processor.py:161} INFO - Started process (PID=11481) to work on /home/airflow/dags/data_merge_dag.py
[2026-04-25T20:58:25.259+0000] {processor.py:830} INFO - Processing file /home/airflow/dags/data_merge_dag.py for tasks to queue
[2026-04-25T20:58:25.277+0000] {logging_mixin.py:188} INFO - [2026-04-25T20:58:25.275+0000] {dagbag.py:538} INFO - Filling up the DagBag from /home/airflow/dags/data_merge_dag.py
[2026-04-25T20:58:28.113+0000] {processor.py:840} INFO - DAG(s) 'data_merge_pipeline' retrieved from /home/airflow/dags/data_merge_dag.py
[2026-04-25T20:58:30.155+0000] {logging_mixin.py:188} INFO - [2026-04-25T20:58:30.154+0000] {dag.py:3036} INFO - Sync 1 DAGs
[2026-04-25T20:58:30.229+0000] {logging_mixin.py:188} INFO - [2026-04-25T20:58:30.228+0000] {dag.py:3823} INFO - Setting next_dagrun for data_merge_pipeline to 2026-04-26 00:00:00+00:00, run_after=2026-05-03 00:00:00+00:00
[2026-04-25T20:58:30.454+0000] {processor.py:183} INFO - Processing /home/airflow/dags/data_merge_dag.py took 5.260 seconds
[2026-04-25T20:59:00.894+0000] {processor.py:161} INFO - Started process (PID=11515) to work on /home/airflow/dags/data_merge_dag.py
[2026-04-25T20:59:00.895+0000] {processor.py:830} INFO - Processing file /home/airflow/dags/data_merge_dag.py for tasks to queue
[2026-04-25T20:59:00.896+0000] {logging_mixin.py:188} INFO - [2026-04-25T20:59:00.896+0000] {dagbag.py:538} INFO - Filling up the DagBag from /home/airflow/dags/data_merge_dag.py
[2026-04-25T20:59:01.247+0000] {processor.py:840} INFO - DAG(s) 'data_merge_pipeline' retrieved from /home/airflow/dags/data_merge_dag.py
[2026-04-25T20:59:01.324+0000] {logging_mixin.py:188} INFO - [2026-04-25T20:59:01.324+0000] {dag.py:3036} INFO - Sync 1 DAGs
[2026-04-25T20:59:01.375+0000] {logging_mixin.py:188} INFO - [2026-04-25T20:59:01.374+0000] {dag.py:3823} INFO - Setting next_dagrun for data_merge_pipeline to 2026-04-26 00:00:00+00:00, run_after=2026-05-03 00:00:00+00:00
[2026-04-25T20:59:01.406+0000] {processor.py:183} INFO - Processing /home/airflow/dags/data_merge_dag.py took 0.518 seconds
[2026-04-25T20:59:32.219+0000] {processor.py:161} INFO - Started process (PID=11547) to work on /home/airflow/dags/data_merge_dag.py
[2026-04-25T20:59:32.221+0000] {processor.py:830} INFO - Processing file /home/airflow/dags/data_merge_dag.py for tasks to queue
[2026-04-25T20:59:32.222+0000] {logging_mixin.py:188} INFO - [2026-04-25T20:59:32.222+0000] {dagbag.py:538} INFO - Filling up the DagBag from /home/airflow/dags/data_merge_dag.py
[2026-04-25T20:59:32.543+0000] {processor.py:840} INFO - DAG(s) 'data_merge_pipeline' retrieved from /home/airflow/dags/data_merge_dag.py
[2026-04-25T20:59:32.577+0000] {logging_mixin.py:188} INFO - [2026-04-25T20:59:32.576+0000] {dag.py:3036} INFO - Sync 1 DAGs
[2026-04-25T20:59:32.623+0000] {logging_mixin.py:188} INFO - [2026-04-25T20:59:32.622+0000] {dag.py:3823} INFO - Setting next_dagrun for data_merge_pipeline to 2026-04-26 00:00:00+00:00, run_after=2026-05-03 00:00:00+00:00
[2026-04-25T20:59:32.668+0000] {processor.py:183} INFO - Processing /home/airflow/dags/data_merge_dag.py took 0.453 seconds
[2026-04-25T21:00:02.750+0000] {processor.py:161} INFO - Started process (PID=11576) to work on /home/airflow/dags/data_merge_dag.py
[2026-04-25T21:00:02.752+0000] {processor.py:830} INFO - Processing file /home/airflow/dags/data_merge_dag.py for tasks to queue
[2026-04-25T21:00:02.753+0000] {logging_mixin.py:188} INFO - [2026-04-25T21:00:02.752+0000] {dagbag.py:538} INFO - Filling up the DagBag from /home/airflow/dags/data_merge_dag.py
[2026-04-25T21:00:02.991+0000] {processor.py:840} INFO - DAG(s) 'data_merge_pipeline' retrieved from /home/airflow/dags/data_merge_dag.py
[2026-04-25T21:00:03.015+0000] {logging_mixin.py:188} INFO - [2026-04-25T21:00:03.014+0000] {dag.py:3036} INFO - Sync 1 DAGs
[2026-04-25T21:00:03.037+0000] {logging_mixin.py:188} INFO - [2026-04-25T21:00:03.037+0000] {dag.py:3823} INFO - Setting next_dagrun for data_merge_pipeline to 2026-04-26 00:00:00+00:00, run_after=2026-05-03 00:00:00+00:00
[2026-04-25T21:00:03.058+0000] {processor.py:183} INFO - Processing /home/airflow/dags/data_merge_dag.py took 0.311 seconds
[2026-04-25T21:00:33.364+0000] {processor.py:161} INFO - Started process (PID=11608) to work on /home/airflow/dags/data_merge_dag.py
[2026-04-25T21:00:33.366+0000] {processor.py:830} INFO - Processing file /home/airflow/dags/data_merge_dag.py for tasks to queue
[2026-04-25T21:00:33.367+0000] {logging_mixin.py:188} INFO - [2026-04-25T21:00:33.366+0000] {dagbag.py:538} INFO - Filling up the DagBag from /home/airflow/dags/data_merge_dag.py
[2026-04-25T21:00:33.614+0000] {processor.py:840} INFO - DAG(s) 'data_merge_pipeline' retrieved from /home/airflow/dags/data_merge_dag.py
[2026-04-25T21:00:33.636+0000] {logging_mixin.py:188} INFO - [2026-04-25T21:00:33.636+0000] {dag.py:3036} INFO - Sync 1 DAGs
[2026-04-25T21:00:33.657+0000] {logging_mixin.py:188} INFO - [2026-04-25T21:00:33.657+0000] {dag.py:3823} INFO - Setting next_dagrun for data_merge_pipeline to 2026-04-26 00:00:00+00:00, run_after=2026-05-03 00:00:00+00:00
[2026-04-25T21:00:33.676+0000] {processor.py:183} INFO - Processing /home/airflow/dags/data_merge_dag.py took 0.314 seconds
[2026-04-25T21:01:03.936+0000] {processor.py:161} INFO - Started process (PID=11640) to work on /home/airflow/dags/data_merge_dag.py
[2026-04-25T21:01:03.937+0000] {processor.py:830} INFO - Processing file /home/airflow/dags/data_merge_dag.py for tasks to queue
[2026-04-25T21:01:03.938+0000] {logging_mixin.py:188} INFO - [2026-04-25T21:01:03.938+0000] {dagbag.py:538} INFO - Filling up the DagBag from /home/airflow/dags/data_merge_dag.py
[2026-04-25T21:01:04.160+0000] {processor.py:840} INFO - DAG(s) 'data_merge_pipeline' retrieved from /home/airflow/dags/data_merge_dag.py
[2026-04-25T21:01:04.185+0000] {logging_mixin.py:188} INFO - [2026-04-25T21:01:04.184+0000] {dag.py:3036} INFO - Sync 1 DAGs
[2026-04-25T21:01:04.205+0000] {logging_mixin.py:188} INFO - [2026-04-25T21:01:04.205+0000] {dag.py:3823} INFO - Setting next_dagrun for data_merge_pipeline to 2026-04-26 00:00:00+00:00, run_after=2026-05-03 00:00:00+00:00
[2026-04-25T21:01:04.225+0000] {processor.py:183} INFO - Processing /home/airflow/dags/data_merge_dag.py took 0.292 seconds
[2026-04-25T21:01:34.527+0000] {processor.py:161} INFO - Started process (PID=11672) to work on /home/airflow/dags/data_merge_dag.py
[2026-04-25T21:01:34.528+0000] {processor.py:830} INFO - Processing file /home/airflow/dags/data_merge_dag.py for tasks to queue
[2026-04-25T21:01:34.529+0000] {logging_mixin.py:188} INFO - [2026-04-25T21:01:34.529+0000] {dagbag.py:538} INFO - Filling up the DagBag from /home/airflow/dags/data_merge_dag.py
[2026-04-25T21:01:34.760+0000] {processor.py:840} INFO - DAG(s) 'data_merge_pipeline' retrieved from /home/airflow/dags/data_merge_dag.py
[2026-04-25T21:01:34.783+0000] {logging_mixin.py:188} INFO - [2026-04-25T21:01:34.782+0000] {dag.py:3036} INFO - Sync 1 DAGs
[2026-04-25T21:01:34.801+0000] {logging_mixin.py:188} INFO - [2026-04-25T21:01:34.801+0000] {dag.py:3823} INFO - Setting next_dagrun for data_merge_pipeline to 2026-04-26 00:00:00+00:00, run_after=2026-05-03 00:00:00+00:00
[2026-04-25T21:01:34.823+0000] {processor.py:183} INFO - Processing /home/airflow/dags/data_merge_dag.py took 0.299 seconds
[2026-04-25T21:02:05.037+0000] {processor.py:161} INFO - Started process (PID=11704) to work on /home/airflow/dags/data_merge_dag.py
[2026-04-25T21:02:05.039+0000] {processor.py:830} INFO - Processing file /home/airflow/dags/data_merge_dag.py for tasks to queue
[2026-04-25T21:02:05.040+0000] {logging_mixin.py:188} INFO - [2026-04-25T21:02:05.040+0000] {dagbag.py:538} INFO - Filling up the DagBag from /home/airflow/dags/data_merge_dag.py
[2026-04-25T21:02:05.331+0000] {processor.py:840} INFO - DAG(s) 'data_merge_pipeline' retrieved from /home/airflow/dags/data_merge_dag.py
[2026-04-25T21:02:05.359+0000] {logging_mixin.py:188} INFO - [2026-04-25T21:02:05.358+0000] {dag.py:3036} INFO - Sync 1 DAGs
[2026-04-25T21:02:05.381+0000] {logging_mixin.py:188} INFO - [2026-04-25T21:02:05.380+0000] {dag.py:3823} INFO - Setting next_dagrun for data_merge_pipeline to 2026-04-26 00:00:00+00:00, run_after=2026-05-03 00:00:00+00:00
[2026-04-25T21:02:05.403+0000] {processor.py:183} INFO - Processing /home/airflow/dags/data_merge_dag.py took 0.370 seconds
[2026-04-25T21:02:36.303+0000] {processor.py:161} INFO - Started process (PID=11736) to work on /home/airflow/dags/data_merge_dag.py
[2026-04-25T21:02:36.304+0000] {processor.py:830} INFO - Processing file /home/airflow/dags/data_merge_dag.py for tasks to queue
[2026-04-25T21:02:36.305+0000] {logging_mixin.py:188} INFO - [2026-04-25T21:02:36.305+0000] {dagbag.py:538} INFO - Filling up the DagBag from /home/airflow/dags/data_merge_dag.py
[2026-04-25T21:02:36.536+0000] {processor.py:840} INFO - DAG(s) 'data_merge_pipeline' retrieved from /home/airflow/dags/data_merge_dag.py
[2026-04-25T21:02:36.560+0000] {logging_mixin.py:188} INFO - [2026-04-25T21:02:36.559+0000] {dag.py:3036} INFO - Sync 1 DAGs
[2026-04-25T21:02:36.579+0000] {logging_mixin.py:188} INFO - [2026-04-25T21:02:36.578+0000] {dag.py:3823} INFO - Setting next_dagrun for data_merge_pipeline to 2026-04-26 00:00:00+00:00, run_after=2026-05-03 00:00:00+00:00
[2026-04-25T21:02:36.602+0000] {processor.py:183} INFO - Processing /home/airflow/dags/data_merge_dag.py took 0.301 seconds
[2026-04-25T21:03:06.921+0000] {processor.py:161} INFO - Started process (PID=11768) to work on /home/airflow/dags/data_merge_dag.py
[2026-04-25T21:03:06.923+0000] {processor.py:830} INFO - Processing file /home/airflow/dags/data_merge_dag.py for tasks to queue
[2026-04-25T21:03:06.924+0000] {logging_mixin.py:188} INFO - [2026-04-25T21:03:06.923+0000] {dagbag.py:538} INFO - Filling up the DagBag from /home/airflow/dags/data_merge_dag.py
[2026-04-25T21:03:07.139+0000] {processor.py:840} INFO - DAG(s) 'data_merge_pipeline' retrieved from /home/airflow/dags/data_merge_dag.py
[2026-04-25T21:03:07.161+0000] {logging_mixin.py:188} INFO - [2026-04-25T21:03:07.161+0000] {dag.py:3036} INFO - Sync 1 DAGs
[2026-04-25T21:03:07.179+0000] {logging_mixin.py:188} INFO - [2026-04-25T21:03:07.179+0000] {dag.py:3823} INFO - Setting next_dagrun for data_merge_pipeline to 2026-04-26 00:00:00+00:00, run_after=2026-05-03 00:00:00+00:00
[2026-04-25T21:03:07.200+0000] {processor.py:183} INFO - Processing /home/airflow/dags/data_merge_dag.py took 0.282 seconds
[2026-04-25T21:03:37.573+0000] {processor.py:161} INFO - Started process (PID=11800) to work on /home/airflow/dags/data_merge_dag.py
[2026-04-25T21:03:37.574+0000] {processor.py:830} INFO - Processing file /home/airflow/dags/data_merge_dag.py for tasks to queue
[2026-04-25T21:03:37.575+0000] {logging_mixin.py:188} INFO - [2026-04-25T21:03:37.575+0000] {dagbag.py:538} INFO - Filling up the DagBag from /home/airflow/dags/data_merge_dag.py
[2026-04-25T21:03:37.815+0000] {processor.py:840} INFO - DAG(s) 'data_merge_pipeline' retrieved from /home/airflow/dags/data_merge_dag.py
[2026-04-25T21:03:37.841+0000] {logging_mixin.py:188} INFO - [2026-04-25T21:03:37.840+0000] {dag.py:3036} INFO - Sync 1 DAGs
[2026-04-25T21:03:37.864+0000] {logging_mixin.py:188} INFO - [2026-04-25T21:03:37.863+0000] {dag.py:3823} INFO - Setting next_dagrun for data_merge_pipeline to 2026-04-26 00:00:00+00:00, run_after=2026-05-03 00:00:00+00:00
[2026-04-25T21:03:37.888+0000] {processor.py:183} INFO - Processing /home/airflow/dags/data_merge_dag.py took 0.318 seconds
[2026-04-25T21:04:08.069+0000] {processor.py:161} INFO - Started process (PID=11832) to work on /home/airflow/dags/data_merge_dag.py
[2026-04-25T21:04:08.071+0000] {processor.py:830} INFO - Processing file /home/airflow/dags/data_merge_dag.py for tasks to queue
[2026-04-25T21:04:08.073+0000] {logging_mixin.py:188} INFO - [2026-04-25T21:04:08.072+0000] {dagbag.py:538} INFO - Filling up the DagBag from /home/airflow/dags/data_merge_dag.py
[2026-04-25T21:04:08.338+0000] {processor.py:840} INFO - DAG(s) 'data_merge_pipeline' retrieved from /home/airflow/dags/data_merge_dag.py
[2026-04-25T21:04:08.371+0000] {logging_mixin.py:188} INFO - [2026-04-25T21:04:08.370+0000] {dag.py:3036} INFO - Sync 1 DAGs
[2026-04-25T21:04:08.398+0000] {logging_mixin.py:188} INFO - [2026-04-25T21:04:08.398+0000] {dag.py:3823} INFO - Setting next_dagrun for data_merge_pipeline to 2026-04-26 00:00:00+00:00, run_after=2026-05-03 00:00:00+00:00
[2026-04-25T21:04:08.422+0000] {processor.py:183} INFO - Processing /home/airflow/dags/data_merge_dag.py took 0.356 seconds
[2026-04-25T21:04:38.765+0000] {processor.py:161} INFO - Started process (PID=11862) to work on /home/airflow/dags/data_merge_dag.py
[2026-04-25T21:04:38.767+0000] {processor.py:830} INFO - Processing file /home/airflow/dags/data_merge_dag.py for tasks to queue
[2026-04-25T21:04:38.768+0000] {logging_mixin.py:188} INFO - [2026-04-25T21:04:38.768+0000] {dagbag.py:538} INFO - Filling up the DagBag from /home/airflow/dags/data_merge_dag.py
[2026-04-25T21:04:39.015+0000] {processor.py:840} INFO - DAG(s) 'data_merge_pipeline' retrieved from /home/airflow/dags/data_merge_dag.py
[2026-04-25T21:04:39.050+0000] {logging_mixin.py:188} INFO - [2026-04-25T21:04:39.050+0000] {dag.py:3036} INFO - Sync 1 DAGs
[2026-04-25T21:04:39.075+0000] {logging_mixin.py:188} INFO - [2026-04-25T21:04:39.075+0000] {dag.py:3823} INFO - Setting next_dagrun for data_merge_pipeline to 2026-04-26 00:00:00+00:00, run_after=2026-05-03 00:00:00+00:00
[2026-04-25T21:04:39.095+0000] {processor.py:183} INFO - Processing /home/airflow/dags/data_merge_dag.py took 0.335 seconds
[2026-04-25T21:05:09.443+0000] {processor.py:161} INFO - Started process (PID=11886) to work on /home/airflow/dags/data_merge_dag.py
[2026-04-25T21:05:09.445+0000] {processor.py:830} INFO - Processing file /home/airflow/dags/data_merge_dag.py for tasks to queue
[2026-04-25T21:05:09.447+0000] {logging_mixin.py:188} INFO - [2026-04-25T21:05:09.446+0000] {dagbag.py:538} INFO - Filling up the DagBag from /home/airflow/dags/data_merge_dag.py
[2026-04-25T21:05:09.748+0000] {processor.py:840} INFO - DAG(s) 'data_merge_pipeline' retrieved from /home/airflow/dags/data_merge_dag.py
[2026-04-25T21:05:09.781+0000] {logging_mixin.py:188} INFO - [2026-04-25T21:05:09.781+0000] {dag.py:3036} INFO - Sync 1 DAGs
[2026-04-25T21:05:09.805+0000] {logging_mixin.py:188} INFO - [2026-04-25T21:05:09.805+0000] {dag.py:3823} INFO - Setting next_dagrun for data_merge_pipeline to 2026-04-26 00:00:00+00:00, run_after=2026-05-03 00:00:00+00:00
[2026-04-25T21:05:09.886+0000] {processor.py:183} INFO - Processing /home/airflow/dags/data_merge_dag.py took 0.447 seconds
[2026-04-25T21:05:40.769+0000] {processor.py:161} INFO - Started process (PID=11918) to work on /home/airflow/dags/data_merge_dag.py
[2026-04-25T21:05:40.770+0000] {processor.py:830} INFO - Processing file /home/airflow/dags/data_merge_dag.py for tasks to queue
[2026-04-25T21:05:40.771+0000] {logging_mixin.py:188} INFO - [2026-04-25T21:05:40.771+0000] {dagbag.py:538} INFO - Filling up the DagBag from /home/airflow/dags/data_merge_dag.py
[2026-04-25T21:05:41.029+0000] {processor.py:840} INFO - DAG(s) 'data_merge_pipeline' retrieved from /home/airflow/dags/data_merge_dag.py
[2026-04-25T21:05:41.060+0000] {logging_mixin.py:188} INFO - [2026-04-25T21:05:41.060+0000] {dag.py:3036} INFO - Sync 1 DAGs
[2026-04-25T21:05:41.092+0000] {logging_mixin.py:188} INFO - [2026-04-25T21:05:41.092+0000] {dag.py:3823} INFO - Setting next_dagrun for data_merge_pipeline to 2026-04-26 00:00:00+00:00, run_after=2026-05-03 00:00:00+00:00
[2026-04-25T21:05:41.151+0000] {processor.py:183} INFO - Processing /home/airflow/dags/data_merge_dag.py took 0.385 seconds
[2026-04-25T21:06:11.444+0000] {processor.py:161} INFO - Started process (PID=11947) to work on /home/airflow/dags/data_merge_dag.py
[2026-04-25T21:06:11.445+0000] {processor.py:830} INFO - Processing file /home/airflow/dags/data_merge_dag.py for tasks to queue
[2026-04-25T21:06:11.446+0000] {logging_mixin.py:188} INFO - [2026-04-25T21:06:11.446+0000] {dagbag.py:538} INFO - Filling up the DagBag from /home/airflow/dags/data_merge_dag.py
[2026-04-25T21:06:11.668+0000] {processor.py:840} INFO - DAG(s) 'data_merge_pipeline' retrieved from /home/airflow/dags/data_merge_dag.py
[2026-04-25T21:06:11.693+0000] {logging_mixin.py:188} INFO - [2026-04-25T21:06:11.692+0000] {dag.py:3036} INFO - Sync 1 DAGs
[2026-04-25T21:06:11.710+0000] {logging_mixin.py:188} INFO - [2026-04-25T21:06:11.710+0000] {dag.py:3823} INFO - Setting next_dagrun for data_merge_pipeline to 2026-04-26 00:00:00+00:00, run_after=2026-05-03 00:00:00+00:00
[2026-04-25T21:06:11.732+0000] {processor.py:183} INFO - Processing /home/airflow/dags/data_merge_dag.py took 0.291 seconds
[2026-04-25T21:06:42.005+0000] {processor.py:161} INFO - Started process (PID=11979) to work on /home/airflow/dags/data_merge_dag.py
[2026-04-25T21:06:42.006+0000] {processor.py:830} INFO - Processing file /home/airflow/dags/data_merge_dag.py for tasks to queue
[2026-04-25T21:06:42.007+0000] {logging_mixin.py:188} INFO - [2026-04-25T21:06:42.007+0000] {dagbag.py:538} INFO - Filling up the DagBag from /home/airflow/dags/data_merge_dag.py
[2026-04-25T21:06:42.227+0000] {processor.py:840} INFO - DAG(s) 'data_merge_pipeline' retrieved from /home/airflow/dags/data_merge_dag.py
[2026-04-25T21:06:42.247+0000] {logging_mixin.py:188} INFO - [2026-04-25T21:06:42.247+0000] {dag.py:3036} INFO - Sync 1 DAGs
[2026-04-25T21:06:42.264+0000] {logging_mixin.py:188} INFO - [2026-04-25T21:06:42.264+0000] {dag.py:3823} INFO - Setting next_dagrun for data_merge_pipeline to 2026-04-26 00:00:00+00:00, run_after=2026-05-03 00:00:00+00:00
[2026-04-25T21:06:42.285+0000] {processor.py:183} INFO - Processing /home/airflow/dags/data_merge_dag.py took 0.283 seconds
[2026-04-25T21:07:12.589+0000] {processor.py:161} INFO - Started process (PID=12011) to work on /home/airflow/dags/data_merge_dag.py
[2026-04-25T21:07:12.591+0000] {processor.py:830} INFO - Processing file /home/airflow/dags/data_merge_dag.py for tasks to queue
[2026-04-25T21:07:12.592+0000] {logging_mixin.py:188} INFO - [2026-04-25T21:07:12.591+0000] {dagbag.py:538} INFO - Filling up the DagBag from /home/airflow/dags/data_merge_dag.py
[2026-04-25T21:07:12.849+0000] {processor.py:840} INFO - DAG(s) 'data_merge_pipeline' retrieved from /home/airflow/dags/data_merge_dag.py
[2026-04-25T21:07:12.880+0000] {logging_mixin.py:188} INFO - [2026-04-25T21:07:12.880+0000] {dag.py:3036} INFO - Sync 1 DAGs
[2026-04-25T21:07:12.903+0000] {logging_mixin.py:188} INFO - [2026-04-25T21:07:12.903+0000] {dag.py:3823} INFO - Setting next_dagrun for data_merge_pipeline to 2026-04-26 00:00:00+00:00, run_after=2026-05-03 00:00:00+00:00
[2026-04-25T21:07:12.928+0000] {processor.py:183} INFO - Processing /home/airflow/dags/data_merge_dag.py took 0.342 seconds
[2026-04-25T21:07:43.129+0000] {processor.py:161} INFO - Started process (PID=12043) to work on /home/airflow/dags/data_merge_dag.py
[2026-04-25T21:07:43.131+0000] {processor.py:830} INFO - Processing file /home/airflow/dags/data_merge_dag.py for tasks to queue
[2026-04-25T21:07:43.132+0000] {logging_mixin.py:188} INFO - [2026-04-25T21:07:43.132+0000] {dagbag.py:538} INFO - Filling up the DagBag from /home/airflow/dags/data_merge_dag.py
[2026-04-25T21:07:43.537+0000] {processor.py:840} INFO - DAG(s) 'data_merge_pipeline' retrieved from /home/airflow/dags/data_merge_dag.py
[2026-04-25T21:07:43.557+0000] {logging_mixin.py:188} INFO - [2026-04-25T21:07:43.557+0000] {dag.py:3036} INFO - Sync 1 DAGs
[2026-04-25T21:07:43.574+0000] {logging_mixin.py:188} INFO - [2026-04-25T21:07:43.574+0000] {dag.py:3823} INFO - Setting next_dagrun for data_merge_pipeline to 2026-04-26 00:00:00+00:00, run_after=2026-05-03 00:00:00+00:00
[2026-04-25T21:07:43.601+0000] {processor.py:183} INFO - Processing /home/airflow/dags/data_merge_dag.py took 0.476 seconds
[2026-04-25T21:08:13.868+0000] {processor.py:161} INFO - Started process (PID=12075) to work on /home/airflow/dags/data_merge_dag.py
[2026-04-25T21:08:13.870+0000] {processor.py:830} INFO - Processing file /home/airflow/dags/data_merge_dag.py for tasks to queue
[2026-04-25T21:08:13.871+0000] {logging_mixin.py:188} INFO - [2026-04-25T21:08:13.871+0000] {dagbag.py:538} INFO - Filling up the DagBag from /home/airflow/dags/data_merge_dag.py
[2026-04-25T21:08:14.351+0000] {processor.py:840} INFO - DAG(s) 'data_merge_pipeline' retrieved from /home/airflow/dags/data_merge_dag.py
[2026-04-25T21:08:14.376+0000] {logging_mixin.py:188} INFO - [2026-04-25T21:08:14.375+0000] {dag.py:3036} INFO - Sync 1 DAGs
[2026-04-25T21:08:14.396+0000] {logging_mixin.py:188} INFO - [2026-04-25T21:08:14.396+0000] {dag.py:3823} INFO - Setting next_dagrun for data_merge_pipeline to 2026-04-26 00:00:00+00:00, run_after=2026-05-03 00:00:00+00:00
[2026-04-25T21:08:14.420+0000] {processor.py:183} INFO - Processing /home/airflow/dags/data_merge_dag.py took 0.557 seconds
[2026-04-25T21:08:44.519+0000] {processor.py:161} INFO - Started process (PID=12107) to work on /home/airflow/dags/data_merge_dag.py
[2026-04-25T21:08:44.521+0000] {processor.py:830} INFO - Processing file /home/airflow/dags/data_merge_dag.py for tasks to queue
[2026-04-25T21:08:44.522+0000] {logging_mixin.py:188} INFO - [2026-04-25T21:08:44.522+0000] {dagbag.py:538} INFO - Filling up the DagBag from /home/airflow/dags/data_merge_dag.py
[2026-04-25T21:08:44.926+0000] {processor.py:840} INFO - DAG(s) 'data_merge_pipeline' retrieved from /home/airflow/dags/data_merge_dag.py
[2026-04-25T21:08:44.948+0000] {logging_mixin.py:188} INFO - [2026-04-25T21:08:44.948+0000] {dag.py:3036} INFO - Sync 1 DAGs
[2026-04-25T21:08:44.967+0000] {logging_mixin.py:188} INFO - [2026-04-25T21:08:44.967+0000] {dag.py:3823} INFO - Setting next_dagrun for data_merge_pipeline to 2026-04-26 00:00:00+00:00, run_after=2026-05-03 00:00:00+00:00
[2026-04-25T21:08:44.991+0000] {processor.py:183} INFO - Processing /home/airflow/dags/data_merge_dag.py took 0.476 seconds
[2026-04-25T21:09:15.471+0000] {processor.py:161} INFO - Started process (PID=12139) to work on /home/airflow/dags/data_merge_dag.py
[2026-04-25T21:09:15.477+0000] {processor.py:830} INFO - Processing file /home/airflow/dags/data_merge_dag.py for tasks to queue
[2026-04-25T21:09:15.480+0000] {logging_mixin.py:188} INFO - [2026-04-25T21:09:15.479+0000] {dagbag.py:538} INFO - Filling up the DagBag from /home/airflow/dags/data_merge_dag.py
[2026-04-25T21:09:16.553+0000] {processor.py:840} INFO - DAG(s) 'data_merge_pipeline' retrieved from /home/airflow/dags/data_merge_dag.py
[2026-04-25T21:09:16.590+0000] {logging_mixin.py:188} INFO - [2026-04-25T21:09:16.589+0000] {dag.py:3036} INFO - Sync 1 DAGs
[2026-04-25T21:09:16.627+0000] {logging_mixin.py:188} INFO - [2026-04-25T21:09:16.626+0000] {dag.py:3823} INFO - Setting next_dagrun for data_merge_pipeline to 2026-04-26 00:00:00+00:00, run_after=2026-05-03 00:00:00+00:00
[2026-04-25T21:09:16.663+0000] {processor.py:183} INFO - Processing /home/airflow/dags/data_merge_dag.py took 1.203 seconds
[2026-04-25T21:09:46.989+0000] {processor.py:161} INFO - Started process (PID=12171) to work on /home/airflow/dags/data_merge_dag.py
[2026-04-25T21:09:46.990+0000] {processor.py:830} INFO - Processing file /home/airflow/dags/data_merge_dag.py for tasks to queue
[2026-04-25T21:09:46.992+0000] {logging_mixin.py:188} INFO - [2026-04-25T21:09:46.991+0000] {dagbag.py:538} INFO - Filling up the DagBag from /home/airflow/dags/data_merge_dag.py
[2026-04-25T21:09:47.693+0000] {processor.py:840} INFO - DAG(s) 'data_merge_pipeline' retrieved from /home/airflow/dags/data_merge_dag.py
[2026-04-25T21:09:47.729+0000] {logging_mixin.py:188} INFO - [2026-04-25T21:09:47.728+0000] {dag.py:3036} INFO - Sync 1 DAGs
[2026-04-25T21:09:47.757+0000] {logging_mixin.py:188} INFO - [2026-04-25T21:09:47.757+0000] {dag.py:3823} INFO - Setting next_dagrun for data_merge_pipeline to 2026-04-26 00:00:00+00:00, run_after=2026-05-03 00:00:00+00:00
[2026-04-25T21:09:47.789+0000] {processor.py:183} INFO - Processing /home/airflow/dags/data_merge_dag.py took 0.804 seconds
[2026-04-25T21:10:18.480+0000] {processor.py:161} INFO - Started process (PID=12203) to work on /home/airflow/dags/data_merge_dag.py
[2026-04-25T21:10:18.482+0000] {processor.py:830} INFO - Processing file /home/airflow/dags/data_merge_dag.py for tasks to queue
[2026-04-25T21:10:18.483+0000] {logging_mixin.py:188} INFO - [2026-04-25T21:10:18.483+0000] {dagbag.py:538} INFO - Filling up the DagBag from /home/airflow/dags/data_merge_dag.py
[2026-04-25T21:10:19.061+0000] {processor.py:840} INFO - DAG(s) 'data_merge_pipeline' retrieved from /home/airflow/dags/data_merge_dag.py
[2026-04-25T21:10:19.089+0000] {logging_mixin.py:188} INFO - [2026-04-25T21:10:19.088+0000] {dag.py:3036} INFO - Sync 1 DAGs
[2026-04-25T21:10:19.119+0000] {logging_mixin.py:188} INFO - [2026-04-25T21:10:19.118+0000] {dag.py:3823} INFO - Setting next_dagrun for data_merge_pipeline to 2026-04-26 00:00:00+00:00, run_after=2026-05-03 00:00:00+00:00
[2026-04-25T21:10:19.148+0000] {processor.py:183} INFO - Processing /home/airflow/dags/data_merge_dag.py took 0.672 seconds
[2026-04-25T21:10:49.695+0000] {processor.py:161} INFO - Started process (PID=12235) to work on /home/airflow/dags/data_merge_dag.py
[2026-04-25T21:10:49.696+0000] {processor.py:830} INFO - Processing file /home/airflow/dags/data_merge_dag.py for tasks to queue
[2026-04-25T21:10:49.697+0000] {logging_mixin.py:188} INFO - [2026-04-25T21:10:49.697+0000] {dagbag.py:538} INFO - Filling up the DagBag from /home/airflow/dags/data_merge_dag.py
[2026-04-25T21:10:50.132+0000] {processor.py:840} INFO - DAG(s) 'data_merge_pipeline' retrieved from /home/airflow/dags/data_merge_dag.py
[2026-04-25T21:10:50.158+0000] {logging_mixin.py:188} INFO - [2026-04-25T21:10:50.158+0000] {dag.py:3036} INFO - Sync 1 DAGs
[2026-04-25T21:10:50.177+0000] {logging_mixin.py:188} INFO - [2026-04-25T21:10:50.177+0000] {dag.py:3823} INFO - Setting next_dagrun for data_merge_pipeline to 2026-04-26 00:00:00+00:00, run_after=2026-05-03 00:00:00+00:00
[2026-04-25T21:10:50.201+0000] {processor.py:183} INFO - Processing /home/airflow/dags/data_merge_dag.py took 0.510 seconds
[2026-04-25T21:11:20.617+0000] {processor.py:161} INFO - Started process (PID=12267) to work on /home/airflow/dags/data_merge_dag.py
[2026-04-25T21:11:20.619+0000] {processor.py:830} INFO - Processing file /home/airflow/dags/data_merge_dag.py for tasks to queue
[2026-04-25T21:11:20.620+0000] {logging_mixin.py:188} INFO - [2026-04-25T21:11:20.620+0000] {dagbag.py:538} INFO - Filling up the DagBag from /home/airflow/dags/data_merge_dag.py
[2026-04-25T21:11:21.093+0000] {processor.py:840} INFO - DAG(s) 'data_merge_pipeline' retrieved from /home/airflow/dags/data_merge_dag.py
[2026-04-25T21:11:21.115+0000] {logging_mixin.py:188} INFO - [2026-04-25T21:11:21.114+0000] {dag.py:3036} INFO - Sync 1 DAGs
[2026-04-25T21:11:21.133+0000] {logging_mixin.py:188} INFO - [2026-04-25T21:11:21.133+0000] {dag.py:3823} INFO - Setting next_dagrun for data_merge_pipeline to 2026-04-26 00:00:00+00:00, run_after=2026-05-03 00:00:00+00:00
[2026-04-25T21:11:21.156+0000] {processor.py:183} INFO - Processing /home/airflow/dags/data_merge_dag.py took 0.542 seconds
[2026-04-25T21:11:51.766+0000] {processor.py:161} INFO - Started process (PID=12299) to work on /home/airflow/dags/data_merge_dag.py
[2026-04-25T21:11:51.767+0000] {processor.py:830} INFO - Processing file /home/airflow/dags/data_merge_dag.py for tasks to queue
[2026-04-25T21:11:51.768+0000] {logging_mixin.py:188} INFO - [2026-04-25T21:11:51.768+0000] {dagbag.py:538} INFO - Filling up the DagBag from /home/airflow/dags/data_merge_dag.py
[2026-04-25T21:11:52.160+0000] {processor.py:840} INFO - DAG(s) 'data_merge_pipeline' retrieved from /home/airflow/dags/data_merge_dag.py
[2026-04-25T21:11:52.182+0000] {logging_mixin.py:188} INFO - [2026-04-25T21:11:52.182+0000] {dag.py:3036} INFO - Sync 1 DAGs
[2026-04-25T21:11:52.201+0000] {logging_mixin.py:188} INFO - [2026-04-25T21:11:52.201+0000] {dag.py:3823} INFO - Setting next_dagrun for data_merge_pipeline to 2026-04-26 00:00:00+00:00, run_after=2026-05-03 00:00:00+00:00
[2026-04-25T21:11:52.226+0000] {processor.py:183} INFO - Processing /home/airflow/dags/data_merge_dag.py took 0.464 seconds
[2026-04-25T21:12:22.516+0000] {processor.py:161} INFO - Started process (PID=12331) to work on /home/airflow/dags/data_merge_dag.py
[2026-04-25T21:12:22.517+0000] {processor.py:830} INFO - Processing file /home/airflow/dags/data_merge_dag.py for tasks to queue
[2026-04-25T21:12:22.518+0000] {logging_mixin.py:188} INFO - [2026-04-25T21:12:22.518+0000] {dagbag.py:538} INFO - Filling up the DagBag from /home/airflow/dags/data_merge_dag.py
[2026-04-25T21:12:22.865+0000] {processor.py:840} INFO - DAG(s) 'data_merge_pipeline' retrieved from /home/airflow/dags/data_merge_dag.py
[2026-04-25T21:12:22.887+0000] {logging_mixin.py:188} INFO - [2026-04-25T21:12:22.887+0000] {dag.py:3036} INFO - Sync 1 DAGs
[2026-04-25T21:12:22.905+0000] {logging_mixin.py:188} INFO - [2026-04-25T21:12:22.905+0000] {dag.py:3823} INFO - Setting next_dagrun for data_merge_pipeline to 2026-04-26 00:00:00+00:00, run_after=2026-05-03 00:00:00+00:00
[2026-04-25T21:12:22.928+0000] {processor.py:183} INFO - Processing /home/airflow/dags/data_merge_dag.py took 0.415 seconds
[2026-04-25T21:12:53.270+0000] {processor.py:161} INFO - Started process (PID=12363) to work on /home/airflow/dags/data_merge_dag.py
[2026-04-25T21:12:53.271+0000] {processor.py:830} INFO - Processing file /home/airflow/dags/data_merge_dag.py for tasks to queue
[2026-04-25T21:12:53.272+0000] {logging_mixin.py:188} INFO - [2026-04-25T21:12:53.272+0000] {dagbag.py:538} INFO - Filling up the DagBag from /home/airflow/dags/data_merge_dag.py
[2026-04-25T21:12:53.680+0000] {processor.py:840} INFO - DAG(s) 'data_merge_pipeline' retrieved from /home/airflow/dags/data_merge_dag.py
[2026-04-25T21:12:53.703+0000] {logging_mixin.py:188} INFO - [2026-04-25T21:12:53.703+0000] {dag.py:3036} INFO - Sync 1 DAGs
[2026-04-25T21:12:53.723+0000] {logging_mixin.py:188} INFO - [2026-04-25T21:12:53.723+0000] {dag.py:3823} INFO - Setting next_dagrun for data_merge_pipeline to 2026-04-26 00:00:00+00:00, run_after=2026-05-03 00:00:00+00:00
[2026-04-25T21:12:53.744+0000] {processor.py:183} INFO - Processing /home/airflow/dags/data_merge_dag.py took 0.478 seconds
[2026-04-25T21:13:23.993+0000] {processor.py:161} INFO - Started process (PID=12395) to work on /home/airflow/dags/data_merge_dag.py
[2026-04-25T21:13:23.994+0000] {processor.py:830} INFO - Processing file /home/airflow/dags/data_merge_dag.py for tasks to queue
[2026-04-25T21:13:23.995+0000] {logging_mixin.py:188} INFO - [2026-04-25T21:13:23.995+0000] {dagbag.py:538} INFO - Filling up the DagBag from /home/airflow/dags/data_merge_dag.py
[2026-04-25T21:13:24.370+0000] {processor.py:840} INFO - DAG(s) 'data_merge_pipeline' retrieved from /home/airflow/dags/data_merge_dag.py
[2026-04-25T21:13:24.394+0000] {logging_mixin.py:188} INFO - [2026-04-25T21:13:24.393+0000] {dag.py:3036} INFO - Sync 1 DAGs
[2026-04-25T21:13:24.413+0000] {logging_mixin.py:188} INFO - [2026-04-25T21:13:24.412+0000] {dag.py:3823} INFO - Setting next_dagrun for data_merge_pipeline to 2026-04-26 00:00:00+00:00, run_after=2026-05-03 00:00:00+00:00
[2026-04-25T21:13:24.434+0000] {processor.py:183} INFO - Processing /home/airflow/dags/data_merge_dag.py took 0.445 seconds
[2026-04-25T21:13:54.587+0000] {processor.py:161} INFO - Started process (PID=12427) to work on /home/airflow/dags/data_merge_dag.py
[2026-04-25T21:13:54.588+0000] {processor.py:830} INFO - Processing file /home/airflow/dags/data_merge_dag.py for tasks to queue
[2026-04-25T21:13:54.590+0000] {logging_mixin.py:188} INFO - [2026-04-25T21:13:54.590+0000] {dagbag.py:538} INFO - Filling up the DagBag from /home/airflow/dags/data_merge_dag.py
[2026-04-25T21:13:55.008+0000] {processor.py:840} INFO - DAG(s) 'data_merge_pipeline' retrieved from /home/airflow/dags/data_merge_dag.py
[2026-04-25T21:13:55.028+0000] {logging_mixin.py:188} INFO - [2026-04-25T21:13:55.028+0000] {dag.py:3036} INFO - Sync 1 DAGs
[2026-04-25T21:13:55.049+0000] {logging_mixin.py:188} INFO - [2026-04-25T21:13:55.048+0000] {dag.py:3823} INFO - Setting next_dagrun for data_merge_pipeline to 2026-04-26 00:00:00+00:00, run_after=2026-05-03 00:00:00+00:00
[2026-04-25T21:13:55.074+0000] {processor.py:183} INFO - Processing /home/airflow/dags/data_merge_dag.py took 0.491 seconds
[2026-04-25T21:14:25.132+0000] {processor.py:161} INFO - Started process (PID=12459) to work on /home/airflow/dags/data_merge_dag.py
[2026-04-25T21:14:25.134+0000] {processor.py:830} INFO - Processing file /home/airflow/dags/data_merge_dag.py for tasks to queue
[2026-04-25T21:14:25.135+0000] {logging_mixin.py:188} INFO - [2026-04-25T21:14:25.134+0000] {dagbag.py:538} INFO - Filling up the DagBag from /home/airflow/dags/data_merge_dag.py
[2026-04-25T21:14:25.464+0000] {processor.py:840} INFO - DAG(s) 'data_merge_pipeline' retrieved from /home/airflow/dags/data_merge_dag.py
[2026-04-25T21:14:25.491+0000] {logging_mixin.py:188} INFO - [2026-04-25T21:14:25.490+0000] {dag.py:3036} INFO - Sync 1 DAGs
[2026-04-25T21:14:25.520+0000] {logging_mixin.py:188} INFO - [2026-04-25T21:14:25.519+0000] {dag.py:3823} INFO - Setting next_dagrun for data_merge_pipeline to 2026-04-26 00:00:00+00:00, run_after=2026-05-03 00:00:00+00:00
[2026-04-25T21:14:25.542+0000] {processor.py:183} INFO - Processing /home/airflow/dags/data_merge_dag.py took 0.412 seconds
[2026-04-25T21:14:55.861+0000] {processor.py:161} INFO - Started process (PID=12491) to work on /home/airflow/dags/data_merge_dag.py
[2026-04-25T21:14:55.862+0000] {processor.py:830} INFO - Processing file /home/airflow/dags/data_merge_dag.py for tasks to queue
[2026-04-25T21:14:55.863+0000] {logging_mixin.py:188} INFO - [2026-04-25T21:14:55.862+0000] {dagbag.py:538} INFO - Filling up the DagBag from /home/airflow/dags/data_merge_dag.py
[2026-04-25T21:14:56.187+0000] {processor.py:840} INFO - DAG(s) 'data_merge_pipeline' retrieved from /home/airflow/dags/data_merge_dag.py
[2026-04-25T21:14:56.205+0000] {logging_mixin.py:188} INFO - [2026-04-25T21:14:56.205+0000] {dag.py:3036} INFO - Sync 1 DAGs
[2026-04-25T21:14:56.224+0000] {logging_mixin.py:188} INFO - [2026-04-25T21:14:56.224+0000] {dag.py:3823} INFO - Setting next_dagrun for data_merge_pipeline to 2026-04-26 00:00:00+00:00, run_after=2026-05-03 00:00:00+00:00
[2026-04-25T21:14:56.245+0000] {processor.py:183} INFO - Processing /home/airflow/dags/data_merge_dag.py took 0.387 seconds
[2026-04-25T21:15:26.558+0000] {processor.py:161} INFO - Started process (PID=12523) to work on /home/airflow/dags/data_merge_dag.py
[2026-04-25T21:15:26.559+0000] {processor.py:830} INFO - Processing file /home/airflow/dags/data_merge_dag.py for tasks to queue
[2026-04-25T21:15:26.560+0000] {logging_mixin.py:188} INFO - [2026-04-25T21:15:26.560+0000] {dagbag.py:538} INFO - Filling up the DagBag from /home/airflow/dags/data_merge_dag.py
[2026-04-25T21:15:26.948+0000] {processor.py:840} INFO - DAG(s) 'data_merge_pipeline' retrieved from /home/airflow/dags/data_merge_dag.py
[2026-04-25T21:15:26.970+0000] {logging_mixin.py:188} INFO - [2026-04-25T21:15:26.969+0000] {dag.py:3036} INFO - Sync 1 DAGs
[2026-04-25T21:15:26.989+0000] {logging_mixin.py:188} INFO - [2026-04-25T21:15:26.989+0000] {dag.py:3823} INFO - Setting next_dagrun for data_merge_pipeline to 2026-04-26 00:00:00+00:00, run_after=2026-05-03 00:00:00+00:00
[2026-04-25T21:15:27.013+0000] {processor.py:183} INFO - Processing /home/airflow/dags/data_merge_dag.py took 0.458 seconds
[2026-04-25T21:15:57.257+0000] {processor.py:161} INFO - Started process (PID=12555) to work on /home/airflow/dags/data_merge_dag.py
[2026-04-25T21:15:57.258+0000] {processor.py:830} INFO - Processing file /home/airflow/dags/data_merge_dag.py for tasks to queue
[2026-04-25T21:15:57.259+0000] {logging_mixin.py:188} INFO - [2026-04-25T21:15:57.259+0000] {dagbag.py:538} INFO - Filling up the DagBag from /home/airflow/dags/data_merge_dag.py
[2026-04-25T21:15:57.605+0000] {processor.py:840} INFO - DAG(s) 'data_merge_pipeline' retrieved from /home/airflow/dags/data_merge_dag.py
[2026-04-25T21:15:57.627+0000] {logging_mixin.py:188} INFO - [2026-04-25T21:15:57.626+0000] {dag.py:3036} INFO - Sync 1 DAGs
[2026-04-25T21:15:57.647+0000] {logging_mixin.py:188} INFO - [2026-04-25T21:15:57.647+0000] {dag.py:3823} INFO - Setting next_dagrun for data_merge_pipeline to 2026-04-26 00:00:00+00:00, run_after=2026-05-03 00:00:00+00:00
[2026-04-25T21:15:57.669+0000] {processor.py:183} INFO - Processing /home/airflow/dags/data_merge_dag.py took 0.415 seconds
[2026-04-25T21:16:27.759+0000] {processor.py:161} INFO - Started process (PID=12587) to work on /home/airflow/dags/data_merge_dag.py
[2026-04-25T21:16:27.761+0000] {processor.py:830} INFO - Processing file /home/airflow/dags/data_merge_dag.py for tasks to queue
[2026-04-25T21:16:27.762+0000] {logging_mixin.py:188} INFO - [2026-04-25T21:16:27.762+0000] {dagbag.py:538} INFO - Filling up the DagBag from /home/airflow/dags/data_merge_dag.py
[2026-04-25T21:16:28.094+0000] {processor.py:840} INFO - DAG(s) 'data_merge_pipeline' retrieved from /home/airflow/dags/data_merge_dag.py
[2026-04-25T21:16:28.120+0000] {logging_mixin.py:188} INFO - [2026-04-25T21:16:28.119+0000] {dag.py:3036} INFO - Sync 1 DAGs
[2026-04-25T21:16:28.142+0000] {logging_mixin.py:188} INFO - [2026-04-25T21:16:28.141+0000] {dag.py:3823} INFO - Setting next_dagrun for data_merge_pipeline to 2026-04-26 00:00:00+00:00, run_after=2026-05-03 00:00:00+00:00
[2026-04-25T21:16:28.165+0000] {processor.py:183} INFO - Processing /home/airflow/dags/data_merge_dag.py took 0.409 seconds
[2026-04-25T21:16:58.478+0000] {processor.py:161} INFO - Started process (PID=12619) to work on /home/airflow/dags/data_merge_dag.py
[2026-04-25T21:16:58.479+0000] {processor.py:830} INFO - Processing file /home/airflow/dags/data_merge_dag.py for tasks to queue
[2026-04-25T21:16:58.481+0000] {logging_mixin.py:188} INFO - [2026-04-25T21:16:58.480+0000] {dagbag.py:538} INFO - Filling up the DagBag from /home/airflow/dags/data_merge_dag.py
[2026-04-25T21:16:58.879+0000] {processor.py:840} INFO - DAG(s) 'data_merge_pipeline' retrieved from /home/airflow/dags/data_merge_dag.py
[2026-04-25T21:16:58.901+0000] {logging_mixin.py:188} INFO - [2026-04-25T21:16:58.900+0000] {dag.py:3036} INFO - Sync 1 DAGs
[2026-04-25T21:16:58.918+0000] {logging_mixin.py:188} INFO - [2026-04-25T21:16:58.917+0000] {dag.py:3823} INFO - Setting next_dagrun for data_merge_pipeline to 2026-04-26 00:00:00+00:00, run_after=2026-05-03 00:00:00+00:00
[2026-04-25T21:16:58.940+0000] {processor.py:183} INFO - Processing /home/airflow/dags/data_merge_dag.py took 0.465 seconds
[2026-04-25T21:17:29.098+0000] {processor.py:161} INFO - Started process (PID=12651) to work on /home/airflow/dags/data_merge_dag.py
[2026-04-25T21:17:29.099+0000] {processor.py:830} INFO - Processing file /home/airflow/dags/data_merge_dag.py for tasks to queue
[2026-04-25T21:17:29.101+0000] {logging_mixin.py:188} INFO - [2026-04-25T21:17:29.100+0000] {dagbag.py:538} INFO - Filling up the DagBag from /home/airflow/dags/data_merge_dag.py
[2026-04-25T21:17:29.545+0000] {processor.py:840} INFO - DAG(s) 'data_merge_pipeline' retrieved from /home/airflow/dags/data_merge_dag.py
[2026-04-25T21:17:29.567+0000] {logging_mixin.py:188} INFO - [2026-04-25T21:17:29.567+0000] {dag.py:3036} INFO - Sync 1 DAGs
[2026-04-25T21:17:29.586+0000] {logging_mixin.py:188} INFO - [2026-04-25T21:17:29.585+0000] {dag.py:3823} INFO - Setting next_dagrun for data_merge_pipeline to 2026-04-26 00:00:00+00:00, run_after=2026-05-03 00:00:00+00:00
[2026-04-25T21:17:29.607+0000] {processor.py:183} INFO - Processing /home/airflow/dags/data_merge_dag.py took 0.513 seconds
[2026-04-25T21:18:00.544+0000] {processor.py:161} INFO - Started process (PID=12683) to work on /home/airflow/dags/data_merge_dag.py
[2026-04-25T21:18:00.545+0000] {processor.py:830} INFO - Processing file /home/airflow/dags/data_merge_dag.py for tasks to queue
[2026-04-25T21:18:00.545+0000] {logging_mixin.py:188} INFO - [2026-04-25T21:18:00.545+0000] {dagbag.py:538} INFO - Filling up the DagBag from /home/airflow/dags/data_merge_dag.py
[2026-04-25T21:18:00.798+0000] {processor.py:840} INFO - DAG(s) 'data_merge_pipeline' retrieved from /home/airflow/dags/data_merge_dag.py
[2026-04-25T21:18:00.819+0000] {logging_mixin.py:188} INFO - [2026-04-25T21:18:00.819+0000] {dag.py:3036} INFO - Sync 1 DAGs
[2026-04-25T21:18:00.837+0000] {logging_mixin.py:188} INFO - [2026-04-25T21:18:00.837+0000] {dag.py:3823} INFO - Setting next_dagrun for data_merge_pipeline to 2026-04-26 00:00:00+00:00, run_after=2026-05-03 00:00:00+00:00
[2026-04-25T21:18:00.858+0000] {processor.py:183} INFO - Processing /home/airflow/dags/data_merge_dag.py took 0.316 seconds
[2026-04-25T21:18:31.264+0000] {processor.py:161} INFO - Started process (PID=12715) to work on /home/airflow/dags/data_merge_dag.py
[2026-04-25T21:18:31.265+0000] {processor.py:830} INFO - Processing file /home/airflow/dags/data_merge_dag.py for tasks to queue
[2026-04-25T21:18:31.267+0000] {logging_mixin.py:188} INFO - [2026-04-25T21:18:31.267+0000] {dagbag.py:538} INFO - Filling up the DagBag from /home/airflow/dags/data_merge_dag.py
[2026-04-25T21:18:31.529+0000] {processor.py:840} INFO - DAG(s) 'data_merge_pipeline' retrieved from /home/airflow/dags/data_merge_dag.py
[2026-04-25T21:18:31.553+0000] {logging_mixin.py:188} INFO - [2026-04-25T21:18:31.552+0000] {dag.py:3036} INFO - Sync 1 DAGs
[2026-04-25T21:18:31.573+0000] {logging_mixin.py:188} INFO - [2026-04-25T21:18:31.573+0000] {dag.py:3823} INFO - Setting next_dagrun for data_merge_pipeline to 2026-04-26 00:00:00+00:00, run_after=2026-05-03 00:00:00+00:00
[2026-04-25T21:18:31.598+0000] {processor.py:183} INFO - Processing /home/airflow/dags/data_merge_dag.py took 0.338 seconds
[2026-04-25T21:19:01.906+0000] {processor.py:161} INFO - Started process (PID=12747) to work on /home/airflow/dags/data_merge_dag.py
[2026-04-25T21:19:01.907+0000] {processor.py:830} INFO - Processing file /home/airflow/dags/data_merge_dag.py for tasks to queue
[2026-04-25T21:19:01.909+0000] {logging_mixin.py:188} INFO - [2026-04-25T21:19:01.908+0000] {dagbag.py:538} INFO - Filling up the DagBag from /home/airflow/dags/data_merge_dag.py
[2026-04-25T21:19:02.416+0000] {processor.py:840} INFO - DAG(s) 'data_merge_pipeline' retrieved from /home/airflow/dags/data_merge_dag.py
[2026-04-25T21:19:02.467+0000] {logging_mixin.py:188} INFO - [2026-04-25T21:19:02.466+0000] {dag.py:3036} INFO - Sync 1 DAGs
[2026-04-25T21:19:02.527+0000] {logging_mixin.py:188} INFO - [2026-04-25T21:19:02.526+0000] {dag.py:3823} INFO - Setting next_dagrun for data_merge_pipeline to 2026-04-26 00:00:00+00:00, run_after=2026-05-03 00:00:00+00:00
[2026-04-25T21:19:02.553+0000] {processor.py:183} INFO - Processing /home/airflow/dags/data_merge_dag.py took 0.652 seconds
[2026-04-25T21:19:32.902+0000] {processor.py:161} INFO - Started process (PID=12779) to work on /home/airflow/dags/data_merge_dag.py
[2026-04-25T21:19:32.904+0000] {processor.py:830} INFO - Processing file /home/airflow/dags/data_merge_dag.py for tasks to queue
[2026-04-25T21:19:32.905+0000] {logging_mixin.py:188} INFO - [2026-04-25T21:19:32.905+0000] {dagbag.py:538} INFO - Filling up the DagBag from /home/airflow/dags/data_merge_dag.py
[2026-04-25T21:19:33.174+0000] {processor.py:840} INFO - DAG(s) 'data_merge_pipeline' retrieved from /home/airflow/dags/data_merge_dag.py
[2026-04-25T21:19:33.206+0000] {logging_mixin.py:188} INFO - [2026-04-25T21:19:33.205+0000] {dag.py:3036} INFO - Sync 1 DAGs
[2026-04-25T21:19:33.233+0000] {logging_mixin.py:188} INFO - [2026-04-25T21:19:33.232+0000] {dag.py:3823} INFO - Setting next_dagrun for data_merge_pipeline to 2026-04-26 00:00:00+00:00, run_after=2026-05-03 00:00:00+00:00
[2026-04-25T21:19:33.261+0000] {processor.py:183} INFO - Processing /home/airflow/dags/data_merge_dag.py took 0.362 seconds
[2026-04-25T21:20:03.369+0000] {processor.py:161} INFO - Started process (PID=12811) to work on /home/airflow/dags/data_merge_dag.py
[2026-04-25T21:20:03.370+0000] {processor.py:830} INFO - Processing file /home/airflow/dags/data_merge_dag.py for tasks to queue
[2026-04-25T21:20:03.372+0000] {logging_mixin.py:188} INFO - [2026-04-25T21:20:03.371+0000] {dagbag.py:538} INFO - Filling up the DagBag from /home/airflow/dags/data_merge_dag.py
[2026-04-25T21:20:03.625+0000] {processor.py:840} INFO - DAG(s) 'data_merge_pipeline' retrieved from /home/airflow/dags/data_merge_dag.py
[2026-04-25T21:20:03.652+0000] {logging_mixin.py:188} INFO - [2026-04-25T21:20:03.651+0000] {dag.py:3036} INFO - Sync 1 DAGs
[2026-04-25T21:20:03.675+0000] {logging_mixin.py:188} INFO - [2026-04-25T21:20:03.675+0000] {dag.py:3823} INFO - Setting next_dagrun for data_merge_pipeline to 2026-04-26 00:00:00+00:00, run_after=2026-05-03 00:00:00+00:00
[2026-04-25T21:20:03.700+0000] {processor.py:183} INFO - Processing /home/airflow/dags/data_merge_dag.py took 0.335 seconds
[2026-04-25T21:20:33.781+0000] {processor.py:161} INFO - Started process (PID=12843) to work on /home/airflow/dags/data_merge_dag.py
[2026-04-25T21:20:33.783+0000] {processor.py:830} INFO - Processing file /home/airflow/dags/data_merge_dag.py for tasks to queue
[2026-04-25T21:20:33.785+0000] {logging_mixin.py:188} INFO - [2026-04-25T21:20:33.784+0000] {dagbag.py:538} INFO - Filling up the DagBag from /home/airflow/dags/data_merge_dag.py
[2026-04-25T21:20:34.051+0000] {processor.py:840} INFO - DAG(s) 'data_merge_pipeline' retrieved from /home/airflow/dags/data_merge_dag.py
[2026-04-25T21:20:34.077+0000] {logging_mixin.py:188} INFO - [2026-04-25T21:20:34.076+0000] {dag.py:3036} INFO - Sync 1 DAGs
[2026-04-25T21:20:34.099+0000] {logging_mixin.py:188} INFO - [2026-04-25T21:20:34.099+0000] {dag.py:3823} INFO - Setting next_dagrun for data_merge_pipeline to 2026-04-26 00:00:00+00:00, run_after=2026-05-03 00:00:00+00:00
[2026-04-25T21:20:34.120+0000] {processor.py:183} INFO - Processing /home/airflow/dags/data_merge_dag.py took 0.342 seconds
[2026-04-25T21:21:04.316+0000] {processor.py:161} INFO - Started process (PID=12875) to work on /home/airflow/dags/data_merge_dag.py
[2026-04-25T21:21:04.318+0000] {processor.py:830} INFO - Processing file /home/airflow/dags/data_merge_dag.py for tasks to queue
[2026-04-25T21:21:04.320+0000] {logging_mixin.py:188} INFO - [2026-04-25T21:21:04.319+0000] {dagbag.py:538} INFO - Filling up the DagBag from /home/airflow/dags/data_merge_dag.py
[2026-04-25T21:21:04.559+0000] {processor.py:840} INFO - DAG(s) 'data_merge_pipeline' retrieved from /home/airflow/dags/data_merge_dag.py
[2026-04-25T21:21:04.584+0000] {logging_mixin.py:188} INFO - [2026-04-25T21:21:04.583+0000] {dag.py:3036} INFO - Sync 1 DAGs
[2026-04-25T21:21:04.606+0000] {logging_mixin.py:188} INFO - [2026-04-25T21:21:04.606+0000] {dag.py:3823} INFO - Setting next_dagrun for data_merge_pipeline to 2026-04-26 00:00:00+00:00, run_after=2026-05-03 00:00:00+00:00
[2026-04-25T21:21:04.628+0000] {processor.py:183} INFO - Processing /home/airflow/dags/data_merge_dag.py took 0.316 seconds
[2026-04-25T21:21:34.746+0000] {processor.py:161} INFO - Started process (PID=12907) to work on /home/airflow/dags/data_merge_dag.py
[2026-04-25T21:21:34.748+0000] {processor.py:830} INFO - Processing file /home/airflow/dags/data_merge_dag.py for tasks to queue
[2026-04-25T21:21:34.749+0000] {logging_mixin.py:188} INFO - [2026-04-25T21:21:34.749+0000] {dagbag.py:538} INFO - Filling up the DagBag from /home/airflow/dags/data_merge_dag.py
[2026-04-25T21:21:35.070+0000] {processor.py:840} INFO - DAG(s) 'data_merge_pipeline' retrieved from /home/airflow/dags/data_merge_dag.py
[2026-04-25T21:21:35.097+0000] {logging_mixin.py:188} INFO - [2026-04-25T21:21:35.097+0000] {dag.py:3036} INFO - Sync 1 DAGs
[2026-04-25T21:21:35.121+0000] {logging_mixin.py:188} INFO - [2026-04-25T21:21:35.121+0000] {dag.py:3823} INFO - Setting next_dagrun for data_merge_pipeline to 2026-04-26 00:00:00+00:00, run_after=2026-05-03 00:00:00+00:00
[2026-04-25T21:21:35.148+0000] {processor.py:183} INFO - Processing /home/airflow/dags/data_merge_dag.py took 0.404 seconds
[2026-04-25T21:22:06.077+0000] {processor.py:161} INFO - Started process (PID=12939) to work on /home/airflow/dags/data_merge_dag.py
[2026-04-25T21:22:06.079+0000] {processor.py:830} INFO - Processing file /home/airflow/dags/data_merge_dag.py for tasks to queue
[2026-04-25T21:22:06.081+0000] {logging_mixin.py:188} INFO - [2026-04-25T21:22:06.080+0000] {dagbag.py:538} INFO - Filling up the DagBag from /home/airflow/dags/data_merge_dag.py
[2026-04-25T21:22:06.353+0000] {processor.py:840} INFO - DAG(s) 'data_merge_pipeline' retrieved from /home/airflow/dags/data_merge_dag.py
[2026-04-25T21:22:06.377+0000] {logging_mixin.py:188} INFO - [2026-04-25T21:22:06.377+0000] {dag.py:3036} INFO - Sync 1 DAGs
[2026-04-25T21:22:06.397+0000] {logging_mixin.py:188} INFO - [2026-04-25T21:22:06.397+0000] {dag.py:3823} INFO - Setting next_dagrun for data_merge_pipeline to 2026-04-26 00:00:00+00:00, run_after=2026-05-03 00:00:00+00:00
[2026-04-25T21:22:06.418+0000] {processor.py:183} INFO - Processing /home/airflow/dags/data_merge_dag.py took 0.344 seconds
[2026-04-25T21:22:36.510+0000] {processor.py:161} INFO - Started process (PID=12971) to work on /home/airflow/dags/data_merge_dag.py
[2026-04-25T21:22:36.511+0000] {processor.py:830} INFO - Processing file /home/airflow/dags/data_merge_dag.py for tasks to queue
[2026-04-25T21:22:36.512+0000] {logging_mixin.py:188} INFO - [2026-04-25T21:22:36.511+0000] {dagbag.py:538} INFO - Filling up the DagBag from /home/airflow/dags/data_merge_dag.py
[2026-04-25T21:22:36.760+0000] {processor.py:840} INFO - DAG(s) 'data_merge_pipeline' retrieved from /home/airflow/dags/data_merge_dag.py
[2026-04-25T21:22:36.784+0000] {logging_mixin.py:188} INFO - [2026-04-25T21:22:36.784+0000] {dag.py:3036} INFO - Sync 1 DAGs
[2026-04-25T21:22:36.806+0000] {logging_mixin.py:188} INFO - [2026-04-25T21:22:36.806+0000] {dag.py:3823} INFO - Setting next_dagrun for data_merge_pipeline to 2026-04-26 00:00:00+00:00, run_after=2026-05-03 00:00:00+00:00
[2026-04-25T21:22:36.831+0000] {processor.py:183} INFO - Processing /home/airflow/dags/data_merge_dag.py took 0.325 seconds
[2026-04-25T21:23:07.065+0000] {processor.py:161} INFO - Started process (PID=13003) to work on /home/airflow/dags/data_merge_dag.py
[2026-04-25T21:23:07.066+0000] {processor.py:830} INFO - Processing file /home/airflow/dags/data_merge_dag.py for tasks to queue
[2026-04-25T21:23:07.067+0000] {logging_mixin.py:188} INFO - [2026-04-25T21:23:07.067+0000] {dagbag.py:538} INFO - Filling up the DagBag from /home/airflow/dags/data_merge_dag.py
[2026-04-25T21:23:07.355+0000] {processor.py:840} INFO - DAG(s) 'data_merge_pipeline' retrieved from /home/airflow/dags/data_merge_dag.py
[2026-04-25T21:23:07.386+0000] {logging_mixin.py:188} INFO - [2026-04-25T21:23:07.385+0000] {dag.py:3036} INFO - Sync 1 DAGs
[2026-04-25T21:23:07.411+0000] {logging_mixin.py:188} INFO - [2026-04-25T21:23:07.410+0000] {dag.py:3823} INFO - Setting next_dagrun for data_merge_pipeline to 2026-04-26 00:00:00+00:00, run_after=2026-05-03 00:00:00+00:00
[2026-04-25T21:23:07.435+0000] {processor.py:183} INFO - Processing /home/airflow/dags/data_merge_dag.py took 0.373 seconds
[2026-04-25T21:23:37.696+0000] {processor.py:161} INFO - Started process (PID=13035) to work on /home/airflow/dags/data_merge_dag.py
[2026-04-25T21:23:37.698+0000] {processor.py:830} INFO - Processing file /home/airflow/dags/data_merge_dag.py for tasks to queue
[2026-04-25T21:23:37.699+0000] {logging_mixin.py:188} INFO - [2026-04-25T21:23:37.699+0000] {dagbag.py:538} INFO - Filling up the DagBag from /home/airflow/dags/data_merge_dag.py
[2026-04-25T21:23:37.981+0000] {processor.py:840} INFO - DAG(s) 'data_merge_pipeline' retrieved from /home/airflow/dags/data_merge_dag.py
[2026-04-25T21:23:38.010+0000] {logging_mixin.py:188} INFO - [2026-04-25T21:23:38.009+0000] {dag.py:3036} INFO - Sync 1 DAGs
[2026-04-25T21:23:38.032+0000] {logging_mixin.py:188} INFO - [2026-04-25T21:23:38.032+0000] {dag.py:3823} INFO - Setting next_dagrun for data_merge_pipeline to 2026-04-26 00:00:00+00:00, run_after=2026-05-03 00:00:00+00:00
[2026-04-25T21:23:38.055+0000] {processor.py:183} INFO - Processing /home/airflow/dags/data_merge_dag.py took 0.362 seconds
[2026-04-25T21:24:08.212+0000] {processor.py:161} INFO - Started process (PID=13067) to work on /home/airflow/dags/data_merge_dag.py
[2026-04-25T21:24:08.213+0000] {processor.py:830} INFO - Processing file /home/airflow/dags/data_merge_dag.py for tasks to queue
[2026-04-25T21:24:08.215+0000] {logging_mixin.py:188} INFO - [2026-04-25T21:24:08.214+0000] {dagbag.py:538} INFO - Filling up the DagBag from /home/airflow/dags/data_merge_dag.py
[2026-04-25T21:24:08.520+0000] {processor.py:840} INFO - DAG(s) 'data_merge_pipeline' retrieved from /home/airflow/dags/data_merge_dag.py
[2026-04-25T21:24:08.551+0000] {logging_mixin.py:188} INFO - [2026-04-25T21:24:08.550+0000] {dag.py:3036} INFO - Sync 1 DAGs
[2026-04-25T21:24:08.573+0000] {logging_mixin.py:188} INFO - [2026-04-25T21:24:08.573+0000] {dag.py:3823} INFO - Setting next_dagrun for data_merge_pipeline to 2026-04-26 00:00:00+00:00, run_after=2026-05-03 00:00:00+00:00
[2026-04-25T21:24:08.594+0000] {processor.py:183} INFO - Processing /home/airflow/dags/data_merge_dag.py took 0.385 seconds
[2026-04-25T21:24:38.699+0000] {processor.py:161} INFO - Started process (PID=13099) to work on /home/airflow/dags/data_merge_dag.py
[2026-04-25T21:24:38.701+0000] {processor.py:830} INFO - Processing file /home/airflow/dags/data_merge_dag.py for tasks to queue
[2026-04-25T21:24:38.702+0000] {logging_mixin.py:188} INFO - [2026-04-25T21:24:38.702+0000] {dagbag.py:538} INFO - Filling up the DagBag from /home/airflow/dags/data_merge_dag.py
[2026-04-25T21:24:39.024+0000] {processor.py:840} INFO - DAG(s) 'data_merge_pipeline' retrieved from /home/airflow/dags/data_merge_dag.py
[2026-04-25T21:24:39.047+0000] {logging_mixin.py:188} INFO - [2026-04-25T21:24:39.046+0000] {dag.py:3036} INFO - Sync 1 DAGs
[2026-04-25T21:24:39.069+0000] {logging_mixin.py:188} INFO - [2026-04-25T21:24:39.069+0000] {dag.py:3823} INFO - Setting next_dagrun for data_merge_pipeline to 2026-04-26 00:00:00+00:00, run_after=2026-05-03 00:00:00+00:00
[2026-04-25T21:24:39.095+0000] {processor.py:183} INFO - Processing /home/airflow/dags/data_merge_dag.py took 0.399 seconds
[2026-04-25T21:25:10.003+0000] {processor.py:161} INFO - Started process (PID=13129) to work on /home/airflow/dags/data_merge_dag.py
[2026-04-25T21:25:10.004+0000] {processor.py:830} INFO - Processing file /home/airflow/dags/data_merge_dag.py for tasks to queue
[2026-04-25T21:25:10.006+0000] {logging_mixin.py:188} INFO - [2026-04-25T21:25:10.005+0000] {dagbag.py:538} INFO - Filling up the DagBag from /home/airflow/dags/data_merge_dag.py
[2026-04-25T21:25:10.279+0000] {processor.py:840} INFO - DAG(s) 'data_merge_pipeline' retrieved from /home/airflow/dags/data_merge_dag.py
[2026-04-25T21:25:10.303+0000] {logging_mixin.py:188} INFO - [2026-04-25T21:25:10.303+0000] {dag.py:3036} INFO - Sync 1 DAGs
[2026-04-25T21:25:10.324+0000] {logging_mixin.py:188} INFO - [2026-04-25T21:25:10.324+0000] {dag.py:3823} INFO - Setting next_dagrun for data_merge_pipeline to 2026-04-26 00:00:00+00:00, run_after=2026-05-03 00:00:00+00:00
[2026-04-25T21:25:10.350+0000] {processor.py:183} INFO - Processing /home/airflow/dags/data_merge_dag.py took 0.351 seconds
[2026-04-25T21:25:40.583+0000] {processor.py:161} INFO - Started process (PID=13153) to work on /home/airflow/dags/data_merge_dag.py
[2026-04-25T21:25:40.585+0000] {processor.py:830} INFO - Processing file /home/airflow/dags/data_merge_dag.py for tasks to queue
[2026-04-25T21:25:40.586+0000] {logging_mixin.py:188} INFO - [2026-04-25T21:25:40.585+0000] {dagbag.py:538} INFO - Filling up the DagBag from /home/airflow/dags/data_merge_dag.py
[2026-04-25T21:25:40.935+0000] {processor.py:840} INFO - DAG(s) 'data_merge_pipeline' retrieved from /home/airflow/dags/data_merge_dag.py
[2026-04-25T21:25:40.997+0000] {logging_mixin.py:188} INFO - [2026-04-25T21:25:40.996+0000] {dag.py:3036} INFO - Sync 1 DAGs
[2026-04-25T21:25:41.062+0000] {logging_mixin.py:188} INFO - [2026-04-25T21:25:41.061+0000] {dag.py:3823} INFO - Setting next_dagrun for data_merge_pipeline to 2026-04-26 00:00:00+00:00, run_after=2026-05-03 00:00:00+00:00
[2026-04-25T21:25:41.103+0000] {processor.py:183} INFO - Processing /home/airflow/dags/data_merge_dag.py took 0.525 seconds
[2026-04-25T21:26:11.308+0000] {processor.py:161} INFO - Started process (PID=13182) to work on /home/airflow/dags/data_merge_dag.py
[2026-04-25T21:26:11.309+0000] {processor.py:830} INFO - Processing file /home/airflow/dags/data_merge_dag.py for tasks to queue
[2026-04-25T21:26:11.310+0000] {logging_mixin.py:188} INFO - [2026-04-25T21:26:11.310+0000] {dagbag.py:538} INFO - Filling up the DagBag from /home/airflow/dags/data_merge_dag.py
[2026-04-25T21:26:11.544+0000] {processor.py:840} INFO - DAG(s) 'data_merge_pipeline' retrieved from /home/airflow/dags/data_merge_dag.py
[2026-04-25T21:26:11.567+0000] {logging_mixin.py:188} INFO - [2026-04-25T21:26:11.567+0000] {dag.py:3036} INFO - Sync 1 DAGs
[2026-04-25T21:26:11.589+0000] {logging_mixin.py:188} INFO - [2026-04-25T21:26:11.589+0000] {dag.py:3823} INFO - Setting next_dagrun for data_merge_pipeline to 2026-04-26 00:00:00+00:00, run_after=2026-05-03 00:00:00+00:00
[2026-04-25T21:26:11.751+0000] {processor.py:183} INFO - Processing /home/airflow/dags/data_merge_dag.py took 0.447 seconds
[2026-04-25T21:26:42.541+0000] {processor.py:161} INFO - Started process (PID=13214) to work on /home/airflow/dags/data_merge_dag.py
[2026-04-25T21:26:42.542+0000] {processor.py:830} INFO - Processing file /home/airflow/dags/data_merge_dag.py for tasks to queue
[2026-04-25T21:26:42.543+0000] {logging_mixin.py:188} INFO - [2026-04-25T21:26:42.543+0000] {dagbag.py:538} INFO - Filling up the DagBag from /home/airflow/dags/data_merge_dag.py
[2026-04-25T21:26:42.808+0000] {processor.py:840} INFO - DAG(s) 'data_merge_pipeline' retrieved from /home/airflow/dags/data_merge_dag.py
[2026-04-25T21:26:42.832+0000] {logging_mixin.py:188} INFO - [2026-04-25T21:26:42.831+0000] {dag.py:3036} INFO - Sync 1 DAGs
[2026-04-25T21:26:42.852+0000] {logging_mixin.py:188} INFO - [2026-04-25T21:26:42.851+0000] {dag.py:3823} INFO - Setting next_dagrun for data_merge_pipeline to 2026-04-26 00:00:00+00:00, run_after=2026-05-03 00:00:00+00:00
[2026-04-25T21:26:43.012+0000] {processor.py:183} INFO - Processing /home/airflow/dags/data_merge_dag.py took 0.474 seconds
[2026-04-25T21:27:13.825+0000] {processor.py:161} INFO - Started process (PID=13246) to work on /home/airflow/dags/data_merge_dag.py
[2026-04-25T21:27:13.827+0000] {processor.py:830} INFO - Processing file /home/airflow/dags/data_merge_dag.py for tasks to queue
[2026-04-25T21:27:13.828+0000] {logging_mixin.py:188} INFO - [2026-04-25T21:27:13.828+0000] {dagbag.py:538} INFO - Filling up the DagBag from /home/airflow/dags/data_merge_dag.py
[2026-04-25T21:27:14.160+0000] {processor.py:840} INFO - DAG(s) 'data_merge_pipeline' retrieved from /home/airflow/dags/data_merge_dag.py
[2026-04-25T21:27:14.186+0000] {logging_mixin.py:188} INFO - [2026-04-25T21:27:14.185+0000] {dag.py:3036} INFO - Sync 1 DAGs
[2026-04-25T21:27:14.206+0000] {logging_mixin.py:188} INFO - [2026-04-25T21:27:14.205+0000] {dag.py:3823} INFO - Setting next_dagrun for data_merge_pipeline to 2026-04-26 00:00:00+00:00, run_after=2026-05-03 00:00:00+00:00
[2026-04-25T21:27:14.229+0000] {processor.py:183} INFO - Processing /home/airflow/dags/data_merge_dag.py took 0.408 seconds
[2026-04-25T21:27:45.162+0000] {processor.py:161} INFO - Started process (PID=13278) to work on /home/airflow/dags/data_merge_dag.py
[2026-04-25T21:27:45.164+0000] {processor.py:830} INFO - Processing file /home/airflow/dags/data_merge_dag.py for tasks to queue
[2026-04-25T21:27:45.165+0000] {logging_mixin.py:188} INFO - [2026-04-25T21:27:45.165+0000] {dagbag.py:538} INFO - Filling up the DagBag from /home/airflow/dags/data_merge_dag.py
[2026-04-25T21:27:45.641+0000] {processor.py:840} INFO - DAG(s) 'data_merge_pipeline' retrieved from /home/airflow/dags/data_merge_dag.py
[2026-04-25T21:27:45.669+0000] {logging_mixin.py:188} INFO - [2026-04-25T21:27:45.668+0000] {dag.py:3036} INFO - Sync 1 DAGs
[2026-04-25T21:27:45.691+0000] {logging_mixin.py:188} INFO - [2026-04-25T21:27:45.691+0000] {dag.py:3823} INFO - Setting next_dagrun for data_merge_pipeline to 2026-04-26 00:00:00+00:00, run_after=2026-05-03 00:00:00+00:00
[2026-04-25T21:27:45.717+0000] {processor.py:183} INFO - Processing /home/airflow/dags/data_merge_dag.py took 0.559 seconds
[2026-04-25T21:28:16.452+0000] {processor.py:161} INFO - Started process (PID=13310) to work on /home/airflow/dags/data_merge_dag.py
[2026-04-25T21:28:16.453+0000] {processor.py:830} INFO - Processing file /home/airflow/dags/data_merge_dag.py for tasks to queue
[2026-04-25T21:28:16.454+0000] {logging_mixin.py:188} INFO - [2026-04-25T21:28:16.453+0000] {dagbag.py:538} INFO - Filling up the DagBag from /home/airflow/dags/data_merge_dag.py
[2026-04-25T21:28:16.858+0000] {processor.py:840} INFO - DAG(s) 'data_merge_pipeline' retrieved from /home/airflow/dags/data_merge_dag.py
[2026-04-25T21:28:16.881+0000] {logging_mixin.py:188} INFO - [2026-04-25T21:28:16.881+0000] {dag.py:3036} INFO - Sync 1 DAGs
[2026-04-25T21:28:16.902+0000] {logging_mixin.py:188} INFO - [2026-04-25T21:28:16.902+0000] {dag.py:3823} INFO - Setting next_dagrun for data_merge_pipeline to 2026-04-26 00:00:00+00:00, run_after=2026-05-03 00:00:00+00:00
[2026-04-25T21:28:16.928+0000] {processor.py:183} INFO - Processing /home/airflow/dags/data_merge_dag.py took 0.480 seconds
[2026-04-25T21:28:47.189+0000] {processor.py:161} INFO - Started process (PID=13342) to work on /home/airflow/dags/data_merge_dag.py
[2026-04-25T21:28:47.191+0000] {processor.py:830} INFO - Processing file /home/airflow/dags/data_merge_dag.py for tasks to queue
[2026-04-25T21:28:47.193+0000] {logging_mixin.py:188} INFO - [2026-04-25T21:28:47.192+0000] {dagbag.py:538} INFO - Filling up the DagBag from /home/airflow/dags/data_merge_dag.py
[2026-04-25T21:28:47.641+0000] {processor.py:840} INFO - DAG(s) 'data_merge_pipeline' retrieved from /home/airflow/dags/data_merge_dag.py
[2026-04-25T21:28:47.664+0000] {logging_mixin.py:188} INFO - [2026-04-25T21:28:47.663+0000] {dag.py:3036} INFO - Sync 1 DAGs
[2026-04-25T21:28:47.683+0000] {logging_mixin.py:188} INFO - [2026-04-25T21:28:47.683+0000] {dag.py:3823} INFO - Setting next_dagrun for data_merge_pipeline to 2026-04-26 00:00:00+00:00, run_after=2026-05-03 00:00:00+00:00
[2026-04-25T21:28:47.710+0000] {processor.py:183} INFO - Processing /home/airflow/dags/data_merge_dag.py took 0.525 seconds
[2026-04-25T21:29:17.783+0000] {processor.py:161} INFO - Started process (PID=13374) to work on /home/airflow/dags/data_merge_dag.py
[2026-04-25T21:29:17.785+0000] {processor.py:830} INFO - Processing file /home/airflow/dags/data_merge_dag.py for tasks to queue
[2026-04-25T21:29:17.788+0000] {logging_mixin.py:188} INFO - [2026-04-25T21:29:17.787+0000] {dagbag.py:538} INFO - Filling up the DagBag from /home/airflow/dags/data_merge_dag.py
[2026-04-25T21:29:18.255+0000] {processor.py:840} INFO - DAG(s) 'data_merge_pipeline' retrieved from /home/airflow/dags/data_merge_dag.py
[2026-04-25T21:29:18.278+0000] {logging_mixin.py:188} INFO - [2026-04-25T21:29:18.278+0000] {dag.py:3036} INFO - Sync 1 DAGs
[2026-04-25T21:29:18.303+0000] {logging_mixin.py:188} INFO - [2026-04-25T21:29:18.303+0000] {dag.py:3823} INFO - Setting next_dagrun for data_merge_pipeline to 2026-04-26 00:00:00+00:00, run_after=2026-05-03 00:00:00+00:00
[2026-04-25T21:29:18.331+0000] {processor.py:183} INFO - Processing /home/airflow/dags/data_merge_dag.py took 0.553 seconds
[2026-04-25T21:29:48.768+0000] {processor.py:161} INFO - Started process (PID=13397) to work on /home/airflow/dags/data_merge_dag.py
[2026-04-25T21:29:48.776+0000] {processor.py:830} INFO - Processing file /home/airflow/dags/data_merge_dag.py for tasks to queue
[2026-04-25T21:29:48.788+0000] {logging_mixin.py:188} INFO - [2026-04-25T21:29:48.787+0000] {dagbag.py:538} INFO - Filling up the DagBag from /home/airflow/dags/data_merge_dag.py
[2026-04-25T21:29:49.478+0000] {processor.py:840} INFO - DAG(s) 'data_merge_pipeline' retrieved from /home/airflow/dags/data_merge_dag.py
[2026-04-25T21:29:49.506+0000] {logging_mixin.py:188} INFO - [2026-04-25T21:29:49.506+0000] {dag.py:3036} INFO - Sync 1 DAGs
[2026-04-25T21:29:49.533+0000] {logging_mixin.py:188} INFO - [2026-04-25T21:29:49.533+0000] {dag.py:3823} INFO - Setting next_dagrun for data_merge_pipeline to 2026-04-26 00:00:00+00:00, run_after=2026-05-03 00:00:00+00:00
[2026-04-25T21:29:49.560+0000] {processor.py:183} INFO - Processing /home/airflow/dags/data_merge_dag.py took 0.798 seconds
[2026-04-25T21:30:19.867+0000] {processor.py:161} INFO - Started process (PID=13428) to work on /home/airflow/dags/data_merge_dag.py
[2026-04-25T21:30:19.869+0000] {processor.py:830} INFO - Processing file /home/airflow/dags/data_merge_dag.py for tasks to queue
[2026-04-25T21:30:19.870+0000] {logging_mixin.py:188} INFO - [2026-04-25T21:30:19.869+0000] {dagbag.py:538} INFO - Filling up the DagBag from /home/airflow/dags/data_merge_dag.py
[2026-04-25T21:30:20.345+0000] {processor.py:840} INFO - DAG(s) 'data_merge_pipeline' retrieved from /home/airflow/dags/data_merge_dag.py
[2026-04-25T21:30:20.369+0000] {logging_mixin.py:188} INFO - [2026-04-25T21:30:20.369+0000] {dag.py:3036} INFO - Sync 1 DAGs
[2026-04-25T21:30:20.389+0000] {logging_mixin.py:188} INFO - [2026-04-25T21:30:20.389+0000] {dag.py:3823} INFO - Setting next_dagrun for data_merge_pipeline to 2026-04-26 00:00:00+00:00, run_after=2026-05-03 00:00:00+00:00
[2026-04-25T21:30:20.434+0000] {processor.py:183} INFO - Processing /home/airflow/dags/data_merge_dag.py took 0.569 seconds
[2026-04-25T21:30:51.280+0000] {processor.py:161} INFO - Started process (PID=13460) to work on /home/airflow/dags/data_merge_dag.py
[2026-04-25T21:30:51.282+0000] {processor.py:830} INFO - Processing file /home/airflow/dags/data_merge_dag.py for tasks to queue
[2026-04-25T21:30:51.283+0000] {logging_mixin.py:188} INFO - [2026-04-25T21:30:51.283+0000] {dagbag.py:538} INFO - Filling up the DagBag from /home/airflow/dags/data_merge_dag.py
[2026-04-25T21:30:51.689+0000] {processor.py:840} INFO - DAG(s) 'data_merge_pipeline' retrieved from /home/airflow/dags/data_merge_dag.py
[2026-04-25T21:30:51.713+0000] {logging_mixin.py:188} INFO - [2026-04-25T21:30:51.713+0000] {dag.py:3036} INFO - Sync 1 DAGs
[2026-04-25T21:30:51.746+0000] {logging_mixin.py:188} INFO - [2026-04-25T21:30:51.746+0000] {dag.py:3823} INFO - Setting next_dagrun for data_merge_pipeline to 2026-04-26 00:00:00+00:00, run_after=2026-05-03 00:00:00+00:00
[2026-04-25T21:30:51.803+0000] {processor.py:183} INFO - Processing /home/airflow/dags/data_merge_dag.py took 0.527 seconds
[2026-04-25T21:31:22.687+0000] {processor.py:161} INFO - Started process (PID=13492) to work on /home/airflow/dags/data_merge_dag.py
[2026-04-25T21:31:22.689+0000] {processor.py:830} INFO - Processing file /home/airflow/dags/data_merge_dag.py for tasks to queue
[2026-04-25T21:31:22.690+0000] {logging_mixin.py:188} INFO - [2026-04-25T21:31:22.689+0000] {dagbag.py:538} INFO - Filling up the DagBag from /home/airflow/dags/data_merge_dag.py
[2026-04-25T21:31:23.243+0000] {processor.py:840} INFO - DAG(s) 'data_merge_pipeline' retrieved from /home/airflow/dags/data_merge_dag.py
[2026-04-25T21:31:23.322+0000] {logging_mixin.py:188} INFO - [2026-04-25T21:31:23.321+0000] {dag.py:3036} INFO - Sync 1 DAGs
[2026-04-25T21:31:23.358+0000] {logging_mixin.py:188} INFO - [2026-04-25T21:31:23.357+0000] {dag.py:3823} INFO - Setting next_dagrun for data_merge_pipeline to 2026-04-26 00:00:00+00:00, run_after=2026-05-03 00:00:00+00:00
[2026-04-25T21:31:23.387+0000] {processor.py:183} INFO - Processing /home/airflow/dags/data_merge_dag.py took 0.705 seconds
[2026-04-25T21:31:54.141+0000] {processor.py:161} INFO - Started process (PID=13524) to work on /home/airflow/dags/data_merge_dag.py
[2026-04-25T21:31:54.142+0000] {processor.py:830} INFO - Processing file /home/airflow/dags/data_merge_dag.py for tasks to queue
[2026-04-25T21:31:54.143+0000] {logging_mixin.py:188} INFO - [2026-04-25T21:31:54.142+0000] {dagbag.py:538} INFO - Filling up the DagBag from /home/airflow/dags/data_merge_dag.py
[2026-04-25T21:31:54.617+0000] {processor.py:840} INFO - DAG(s) 'data_merge_pipeline' retrieved from /home/airflow/dags/data_merge_dag.py
[2026-04-25T21:31:54.641+0000] {logging_mixin.py:188} INFO - [2026-04-25T21:31:54.641+0000] {dag.py:3036} INFO - Sync 1 DAGs
[2026-04-25T21:31:54.664+0000] {logging_mixin.py:188} INFO - [2026-04-25T21:31:54.664+0000] {dag.py:3823} INFO - Setting next_dagrun for data_merge_pipeline to 2026-04-26 00:00:00+00:00, run_after=2026-05-03 00:00:00+00:00
[2026-04-25T21:31:54.696+0000] {processor.py:183} INFO - Processing /home/airflow/dags/data_merge_dag.py took 0.559 seconds
[2026-04-25T21:32:25.468+0000] {processor.py:161} INFO - Started process (PID=13556) to work on /home/airflow/dags/data_merge_dag.py
[2026-04-25T21:32:25.470+0000] {processor.py:830} INFO - Processing file /home/airflow/dags/data_merge_dag.py for tasks to queue
[2026-04-25T21:32:25.471+0000] {logging_mixin.py:188} INFO - [2026-04-25T21:32:25.470+0000] {dagbag.py:538} INFO - Filling up the DagBag from /home/airflow/dags/data_merge_dag.py
[2026-04-25T21:32:25.927+0000] {processor.py:840} INFO - DAG(s) 'data_merge_pipeline' retrieved from /home/airflow/dags/data_merge_dag.py
[2026-04-25T21:32:25.954+0000] {logging_mixin.py:188} INFO - [2026-04-25T21:32:25.952+0000] {dag.py:3036} INFO - Sync 1 DAGs
[2026-04-25T21:32:25.976+0000] {logging_mixin.py:188} INFO - [2026-04-25T21:32:25.975+0000] {dag.py:3823} INFO - Setting next_dagrun for data_merge_pipeline to 2026-04-26 00:00:00+00:00, run_after=2026-05-03 00:00:00+00:00
[2026-04-25T21:32:26.015+0000] {processor.py:183} INFO - Processing /home/airflow/dags/data_merge_dag.py took 0.549 seconds
[2026-04-25T21:32:56.776+0000] {processor.py:161} INFO - Started process (PID=13585) to work on /home/airflow/dags/data_merge_dag.py
[2026-04-25T21:32:56.777+0000] {processor.py:830} INFO - Processing file /home/airflow/dags/data_merge_dag.py for tasks to queue
[2026-04-25T21:32:56.778+0000] {logging_mixin.py:188} INFO - [2026-04-25T21:32:56.778+0000] {dagbag.py:538} INFO - Filling up the DagBag from /home/airflow/dags/data_merge_dag.py
[2026-04-25T21:32:57.345+0000] {processor.py:840} INFO - DAG(s) 'data_merge_pipeline' retrieved from /home/airflow/dags/data_merge_dag.py
[2026-04-25T21:32:57.393+0000] {logging_mixin.py:188} INFO - [2026-04-25T21:32:57.392+0000] {dag.py:3036} INFO - Sync 1 DAGs
[2026-04-25T21:32:57.432+0000] {logging_mixin.py:188} INFO - [2026-04-25T21:32:57.431+0000] {dag.py:3823} INFO - Setting next_dagrun for data_merge_pipeline to 2026-04-26 00:00:00+00:00, run_after=2026-05-03 00:00:00+00:00
[2026-04-25T21:32:57.470+0000] {processor.py:183} INFO - Processing /home/airflow/dags/data_merge_dag.py took 0.697 seconds
[2026-04-25T21:33:28.137+0000] {processor.py:161} INFO - Started process (PID=13617) to work on /home/airflow/dags/data_merge_dag.py
[2026-04-25T21:33:28.139+0000] {processor.py:830} INFO - Processing file /home/airflow/dags/data_merge_dag.py for tasks to queue
[2026-04-25T21:33:28.140+0000] {logging_mixin.py:188} INFO - [2026-04-25T21:33:28.139+0000] {dagbag.py:538} INFO - Filling up the DagBag from /home/airflow/dags/data_merge_dag.py
[2026-04-25T21:33:28.524+0000] {processor.py:840} INFO - DAG(s) 'data_merge_pipeline' retrieved from /home/airflow/dags/data_merge_dag.py
[2026-04-25T21:33:28.546+0000] {logging_mixin.py:188} INFO - [2026-04-25T21:33:28.546+0000] {dag.py:3036} INFO - Sync 1 DAGs
[2026-04-25T21:33:28.564+0000] {logging_mixin.py:188} INFO - [2026-04-25T21:33:28.564+0000] {dag.py:3823} INFO - Setting next_dagrun for data_merge_pipeline to 2026-04-26 00:00:00+00:00, run_after=2026-05-03 00:00:00+00:00
[2026-04-25T21:33:28.586+0000] {processor.py:183} INFO - Processing /home/airflow/dags/data_merge_dag.py took 0.452 seconds
[2026-04-25T21:33:59.394+0000] {processor.py:161} INFO - Started process (PID=13649) to work on /home/airflow/dags/data_merge_dag.py
[2026-04-25T21:33:59.395+0000] {processor.py:830} INFO - Processing file /home/airflow/dags/data_merge_dag.py for tasks to queue
[2026-04-25T21:33:59.396+0000] {logging_mixin.py:188} INFO - [2026-04-25T21:33:59.396+0000] {dagbag.py:538} INFO - Filling up the DagBag from /home/airflow/dags/data_merge_dag.py
[2026-04-25T21:33:59.911+0000] {processor.py:840} INFO - DAG(s) 'data_merge_pipeline' retrieved from /home/airflow/dags/data_merge_dag.py
[2026-04-25T21:33:59.946+0000] {logging_mixin.py:188} INFO - [2026-04-25T21:33:59.945+0000] {dag.py:3036} INFO - Sync 1 DAGs
[2026-04-25T21:33:59.976+0000] {logging_mixin.py:188} INFO - [2026-04-25T21:33:59.976+0000] {dag.py:3823} INFO - Setting next_dagrun for data_merge_pipeline to 2026-04-26 00:00:00+00:00, run_after=2026-05-03 00:00:00+00:00
[2026-04-25T21:34:00.007+0000] {processor.py:183} INFO - Processing /home/airflow/dags/data_merge_dag.py took 0.616 seconds
[2026-04-25T21:34:30.939+0000] {processor.py:161} INFO - Started process (PID=13681) to work on /home/airflow/dags/data_merge_dag.py
[2026-04-25T21:34:30.940+0000] {processor.py:830} INFO - Processing file /home/airflow/dags/data_merge_dag.py for tasks to queue
[2026-04-25T21:34:30.941+0000] {logging_mixin.py:188} INFO - [2026-04-25T21:34:30.941+0000] {dagbag.py:538} INFO - Filling up the DagBag from /home/airflow/dags/data_merge_dag.py
[2026-04-25T21:34:31.445+0000] {processor.py:840} INFO - DAG(s) 'data_merge_pipeline' retrieved from /home/airflow/dags/data_merge_dag.py
[2026-04-25T21:34:31.464+0000] {logging_mixin.py:188} INFO - [2026-04-25T21:34:31.464+0000] {dag.py:3036} INFO - Sync 1 DAGs
[2026-04-25T21:34:31.485+0000] {logging_mixin.py:188} INFO - [2026-04-25T21:34:31.484+0000] {dag.py:3823} INFO - Setting next_dagrun for data_merge_pipeline to 2026-04-26 00:00:00+00:00, run_after=2026-05-03 00:00:00+00:00
[2026-04-25T21:34:31.507+0000] {processor.py:183} INFO - Processing /home/airflow/dags/data_merge_dag.py took 0.571 seconds
[2026-04-25T21:35:01.820+0000] {processor.py:161} INFO - Started process (PID=13713) to work on /home/airflow/dags/data_merge_dag.py
[2026-04-25T21:35:01.821+0000] {processor.py:830} INFO - Processing file /home/airflow/dags/data_merge_dag.py for tasks to queue
[2026-04-25T21:35:01.822+0000] {logging_mixin.py:188} INFO - [2026-04-25T21:35:01.822+0000] {dagbag.py:538} INFO - Filling up the DagBag from /home/airflow/dags/data_merge_dag.py
[2026-04-25T21:35:02.228+0000] {processor.py:840} INFO - DAG(s) 'data_merge_pipeline' retrieved from /home/airflow/dags/data_merge_dag.py
[2026-04-25T21:35:02.252+0000] {logging_mixin.py:188} INFO - [2026-04-25T21:35:02.251+0000] {dag.py:3036} INFO - Sync 1 DAGs
[2026-04-25T21:35:02.271+0000] {logging_mixin.py:188} INFO - [2026-04-25T21:35:02.271+0000] {dag.py:3823} INFO - Setting next_dagrun for data_merge_pipeline to 2026-04-26 00:00:00+00:00, run_after=2026-05-03 00:00:00+00:00
[2026-04-25T21:35:02.294+0000] {processor.py:183} INFO - Processing /home/airflow/dags/data_merge_dag.py took 0.478 seconds
[2026-04-25T21:35:32.496+0000] {processor.py:161} INFO - Started process (PID=13745) to work on /home/airflow/dags/data_merge_dag.py
[2026-04-25T21:35:32.497+0000] {processor.py:830} INFO - Processing file /home/airflow/dags/data_merge_dag.py for tasks to queue
[2026-04-25T21:35:32.498+0000] {logging_mixin.py:188} INFO - [2026-04-25T21:35:32.498+0000] {dagbag.py:538} INFO - Filling up the DagBag from /home/airflow/dags/data_merge_dag.py
[2026-04-25T21:35:32.906+0000] {processor.py:840} INFO - DAG(s) 'data_merge_pipeline' retrieved from /home/airflow/dags/data_merge_dag.py
[2026-04-25T21:35:32.929+0000] {logging_mixin.py:188} INFO - [2026-04-25T21:35:32.929+0000] {dag.py:3036} INFO - Sync 1 DAGs
[2026-04-25T21:35:32.949+0000] {logging_mixin.py:188} INFO - [2026-04-25T21:35:32.949+0000] {dag.py:3823} INFO - Setting next_dagrun for data_merge_pipeline to 2026-04-26 00:00:00+00:00, run_after=2026-05-03 00:00:00+00:00
[2026-04-25T21:35:32.975+0000] {processor.py:183} INFO - Processing /home/airflow/dags/data_merge_dag.py took 0.482 seconds
[2026-04-25T21:36:03.355+0000] {processor.py:161} INFO - Started process (PID=13777) to work on /home/airflow/dags/data_merge_dag.py
[2026-04-25T21:36:03.357+0000] {processor.py:830} INFO - Processing file /home/airflow/dags/data_merge_dag.py for tasks to queue
[2026-04-25T21:36:03.358+0000] {logging_mixin.py:188} INFO - [2026-04-25T21:36:03.358+0000] {dagbag.py:538} INFO - Filling up the DagBag from /home/airflow/dags/data_merge_dag.py
[2026-04-25T21:36:03.772+0000] {processor.py:840} INFO - DAG(s) 'data_merge_pipeline' retrieved from /home/airflow/dags/data_merge_dag.py
[2026-04-25T21:36:03.799+0000] {logging_mixin.py:188} INFO - [2026-04-25T21:36:03.799+0000] {dag.py:3036} INFO - Sync 1 DAGs
[2026-04-25T21:36:03.820+0000] {logging_mixin.py:188} INFO - [2026-04-25T21:36:03.820+0000] {dag.py:3823} INFO - Setting next_dagrun for data_merge_pipeline to 2026-04-26 00:00:00+00:00, run_after=2026-05-03 00:00:00+00:00
[2026-04-25T21:36:03.845+0000] {processor.py:183} INFO - Processing /home/airflow/dags/data_merge_dag.py took 0.495 seconds
[2026-04-25T21:36:34.153+0000] {processor.py:161} INFO - Started process (PID=13809) to work on /home/airflow/dags/data_merge_dag.py
[2026-04-25T21:36:34.154+0000] {processor.py:830} INFO - Processing file /home/airflow/dags/data_merge_dag.py for tasks to queue
[2026-04-25T21:36:34.155+0000] {logging_mixin.py:188} INFO - [2026-04-25T21:36:34.155+0000] {dagbag.py:538} INFO - Filling up the DagBag from /home/airflow/dags/data_merge_dag.py
[2026-04-25T21:36:34.615+0000] {processor.py:840} INFO - DAG(s) 'data_merge_pipeline' retrieved from /home/airflow/dags/data_merge_dag.py
[2026-04-25T21:36:34.638+0000] {logging_mixin.py:188} INFO - [2026-04-25T21:36:34.637+0000] {dag.py:3036} INFO - Sync 1 DAGs
[2026-04-25T21:36:34.659+0000] {logging_mixin.py:188} INFO - [2026-04-25T21:36:34.659+0000] {dag.py:3823} INFO - Setting next_dagrun for data_merge_pipeline to 2026-04-26 00:00:00+00:00, run_after=2026-05-03 00:00:00+00:00
[2026-04-25T21:36:34.683+0000] {processor.py:183} INFO - Processing /home/airflow/dags/data_merge_dag.py took 0.534 seconds
[2026-04-25T21:37:04.923+0000] {processor.py:161} INFO - Started process (PID=13841) to work on /home/airflow/dags/data_merge_dag.py
[2026-04-25T21:37:04.925+0000] {processor.py:830} INFO - Processing file /home/airflow/dags/data_merge_dag.py for tasks to queue
[2026-04-25T21:37:04.926+0000] {logging_mixin.py:188} INFO - [2026-04-25T21:37:04.925+0000] {dagbag.py:538} INFO - Filling up the DagBag from /home/airflow/dags/data_merge_dag.py
[2026-04-25T21:37:05.363+0000] {processor.py:840} INFO - DAG(s) 'data_merge_pipeline' retrieved from /home/airflow/dags/data_merge_dag.py
[2026-04-25T21:37:05.384+0000] {logging_mixin.py:188} INFO - [2026-04-25T21:37:05.383+0000] {dag.py:3036} INFO - Sync 1 DAGs
[2026-04-25T21:37:05.402+0000] {logging_mixin.py:188} INFO - [2026-04-25T21:37:05.402+0000] {dag.py:3823} INFO - Setting next_dagrun for data_merge_pipeline to 2026-04-26 00:00:00+00:00, run_after=2026-05-03 00:00:00+00:00
[2026-04-25T21:37:05.425+0000] {processor.py:183} INFO - Processing /home/airflow/dags/data_merge_dag.py took 0.505 seconds
[2026-04-25T21:37:35.528+0000] {processor.py:161} INFO - Started process (PID=13873) to work on /home/airflow/dags/data_merge_dag.py
[2026-04-25T21:37:35.529+0000] {processor.py:830} INFO - Processing file /home/airflow/dags/data_merge_dag.py for tasks to queue
[2026-04-25T21:37:35.530+0000] {logging_mixin.py:188} INFO - [2026-04-25T21:37:35.530+0000] {dagbag.py:538} INFO - Filling up the DagBag from /home/airflow/dags/data_merge_dag.py
[2026-04-25T21:37:35.976+0000] {processor.py:840} INFO - DAG(s) 'data_merge_pipeline' retrieved from /home/airflow/dags/data_merge_dag.py
[2026-04-25T21:37:36.001+0000] {logging_mixin.py:188} INFO - [2026-04-25T21:37:36.000+0000] {dag.py:3036} INFO - Sync 1 DAGs
[2026-04-25T21:37:36.022+0000] {logging_mixin.py:188} INFO - [2026-04-25T21:37:36.021+0000] {dag.py:3823} INFO - Setting next_dagrun for data_merge_pipeline to 2026-04-26 00:00:00+00:00, run_after=2026-05-03 00:00:00+00:00
[2026-04-25T21:37:36.047+0000] {processor.py:183} INFO - Processing /home/airflow/dags/data_merge_dag.py took 0.522 seconds
[2026-04-25T21:38:06.218+0000] {processor.py:161} INFO - Started process (PID=13905) to work on /home/airflow/dags/data_merge_dag.py
[2026-04-25T21:38:06.220+0000] {processor.py:830} INFO - Processing file /home/airflow/dags/data_merge_dag.py for tasks to queue
[2026-04-25T21:38:06.221+0000] {logging_mixin.py:188} INFO - [2026-04-25T21:38:06.220+0000] {dagbag.py:538} INFO - Filling up the DagBag from /home/airflow/dags/data_merge_dag.py
[2026-04-25T21:38:06.696+0000] {processor.py:840} INFO - DAG(s) 'data_merge_pipeline' retrieved from /home/airflow/dags/data_merge_dag.py
[2026-04-25T21:38:06.721+0000] {logging_mixin.py:188} INFO - [2026-04-25T21:38:06.720+0000] {dag.py:3036} INFO - Sync 1 DAGs
[2026-04-25T21:38:06.739+0000] {logging_mixin.py:188} INFO - [2026-04-25T21:38:06.738+0000] {dag.py:3823} INFO - Setting next_dagrun for data_merge_pipeline to 2026-04-26 00:00:00+00:00, run_after=2026-05-03 00:00:00+00:00
[2026-04-25T21:38:06.763+0000] {processor.py:183} INFO - Processing /home/airflow/dags/data_merge_dag.py took 0.549 seconds
[2026-04-25T21:38:36.954+0000] {processor.py:161} INFO - Started process (PID=13937) to work on /home/airflow/dags/data_merge_dag.py
[2026-04-25T21:38:36.957+0000] {processor.py:830} INFO - Processing file /home/airflow/dags/data_merge_dag.py for tasks to queue
[2026-04-25T21:38:36.959+0000] {logging_mixin.py:188} INFO - [2026-04-25T21:38:36.958+0000] {dagbag.py:538} INFO - Filling up the DagBag from /home/airflow/dags/data_merge_dag.py
[2026-04-25T21:38:37.394+0000] {processor.py:840} INFO - DAG(s) 'data_merge_pipeline' retrieved from /home/airflow/dags/data_merge_dag.py
[2026-04-25T21:38:37.417+0000] {logging_mixin.py:188} INFO - [2026-04-25T21:38:37.417+0000] {dag.py:3036} INFO - Sync 1 DAGs
[2026-04-25T21:38:37.436+0000] {logging_mixin.py:188} INFO - [2026-04-25T21:38:37.436+0000] {dag.py:3823} INFO - Setting next_dagrun for data_merge_pipeline to 2026-04-26 00:00:00+00:00, run_after=2026-05-03 00:00:00+00:00
[2026-04-25T21:38:37.458+0000] {processor.py:183} INFO - Processing /home/airflow/dags/data_merge_dag.py took 0.509 seconds
[2026-04-25T21:39:07.734+0000] {processor.py:161} INFO - Started process (PID=13969) to work on /home/airflow/dags/data_merge_dag.py
[2026-04-25T21:39:07.736+0000] {processor.py:830} INFO - Processing file /home/airflow/dags/data_merge_dag.py for tasks to queue
[2026-04-25T21:39:07.737+0000] {logging_mixin.py:188} INFO - [2026-04-25T21:39:07.736+0000] {dagbag.py:538} INFO - Filling up the DagBag from /home/airflow/dags/data_merge_dag.py
[2026-04-25T21:39:08.007+0000] {processor.py:840} INFO - DAG(s) 'data_merge_pipeline' retrieved from /home/airflow/dags/data_merge_dag.py
[2026-04-25T21:39:08.034+0000] {logging_mixin.py:188} INFO - [2026-04-25T21:39:08.033+0000] {dag.py:3036} INFO - Sync 1 DAGs
[2026-04-25T21:39:08.059+0000] {logging_mixin.py:188} INFO - [2026-04-25T21:39:08.059+0000] {dag.py:3823} INFO - Setting next_dagrun for data_merge_pipeline to 2026-04-26 00:00:00+00:00, run_after=2026-05-03 00:00:00+00:00
[2026-04-25T21:39:08.084+0000] {processor.py:183} INFO - Processing /home/airflow/dags/data_merge_dag.py took 0.353 seconds
[2026-04-25T21:39:38.477+0000] {processor.py:161} INFO - Started process (PID=14001) to work on /home/airflow/dags/data_merge_dag.py
[2026-04-25T21:39:38.478+0000] {processor.py:830} INFO - Processing file /home/airflow/dags/data_merge_dag.py for tasks to queue
[2026-04-25T21:39:38.479+0000] {logging_mixin.py:188} INFO - [2026-04-25T21:39:38.478+0000] {dagbag.py:538} INFO - Filling up the DagBag from /home/airflow/dags/data_merge_dag.py
[2026-04-25T21:39:38.718+0000] {processor.py:840} INFO - DAG(s) 'data_merge_pipeline' retrieved from /home/airflow/dags/data_merge_dag.py
[2026-04-25T21:39:38.747+0000] {logging_mixin.py:188} INFO - [2026-04-25T21:39:38.746+0000] {dag.py:3036} INFO - Sync 1 DAGs
[2026-04-25T21:39:38.770+0000] {logging_mixin.py:188} INFO - [2026-04-25T21:39:38.770+0000] {dag.py:3823} INFO - Setting next_dagrun for data_merge_pipeline to 2026-04-26 00:00:00+00:00, run_after=2026-05-03 00:00:00+00:00
[2026-04-25T21:39:38.796+0000] {processor.py:183} INFO - Processing /home/airflow/dags/data_merge_dag.py took 0.321 seconds
[2026-04-25T21:40:09.019+0000] {processor.py:161} INFO - Started process (PID=14033) to work on /home/airflow/dags/data_merge_dag.py
[2026-04-25T21:40:09.021+0000] {processor.py:830} INFO - Processing file /home/airflow/dags/data_merge_dag.py for tasks to queue
[2026-04-25T21:40:09.022+0000] {logging_mixin.py:188} INFO - [2026-04-25T21:40:09.022+0000] {dagbag.py:538} INFO - Filling up the DagBag from /home/airflow/dags/data_merge_dag.py
[2026-04-25T21:40:09.325+0000] {processor.py:840} INFO - DAG(s) 'data_merge_pipeline' retrieved from /home/airflow/dags/data_merge_dag.py
[2026-04-25T21:40:09.352+0000] {logging_mixin.py:188} INFO - [2026-04-25T21:40:09.352+0000] {dag.py:3036} INFO - Sync 1 DAGs
[2026-04-25T21:40:09.374+0000] {logging_mixin.py:188} INFO - [2026-04-25T21:40:09.374+0000] {dag.py:3823} INFO - Setting next_dagrun for data_merge_pipeline to 2026-04-26 00:00:00+00:00, run_after=2026-05-03 00:00:00+00:00
[2026-04-25T21:40:09.396+0000] {processor.py:183} INFO - Processing /home/airflow/dags/data_merge_dag.py took 0.381 seconds
[2026-04-25T21:40:39.709+0000] {processor.py:161} INFO - Started process (PID=14065) to work on /home/airflow/dags/data_merge_dag.py
[2026-04-25T21:40:39.710+0000] {processor.py:830} INFO - Processing file /home/airflow/dags/data_merge_dag.py for tasks to queue
[2026-04-25T21:40:39.712+0000] {logging_mixin.py:188} INFO - [2026-04-25T21:40:39.711+0000] {dagbag.py:538} INFO - Filling up the DagBag from /home/airflow/dags/data_merge_dag.py
[2026-04-25T21:40:40.095+0000] {processor.py:840} INFO - DAG(s) 'data_merge_pipeline' retrieved from /home/airflow/dags/data_merge_dag.py
[2026-04-25T21:40:40.122+0000] {logging_mixin.py:188} INFO - [2026-04-25T21:40:40.122+0000] {dag.py:3036} INFO - Sync 1 DAGs
[2026-04-25T21:40:40.149+0000] {logging_mixin.py:188} INFO - [2026-04-25T21:40:40.148+0000] {dag.py:3823} INFO - Setting next_dagrun for data_merge_pipeline to 2026-04-26 00:00:00+00:00, run_after=2026-05-03 00:00:00+00:00
[2026-04-25T21:40:40.181+0000] {processor.py:183} INFO - Processing /home/airflow/dags/data_merge_dag.py took 0.477 seconds
[2026-04-25T21:41:10.257+0000] {processor.py:161} INFO - Started process (PID=14097) to work on /home/airflow/dags/data_merge_dag.py
[2026-04-25T21:41:10.258+0000] {processor.py:830} INFO - Processing file /home/airflow/dags/data_merge_dag.py for tasks to queue
[2026-04-25T21:41:10.259+0000] {logging_mixin.py:188} INFO - [2026-04-25T21:41:10.259+0000] {dagbag.py:538} INFO - Filling up the DagBag from /home/airflow/dags/data_merge_dag.py
[2026-04-25T21:41:10.536+0000] {processor.py:840} INFO - DAG(s) 'data_merge_pipeline' retrieved from /home/airflow/dags/data_merge_dag.py
[2026-04-25T21:41:10.568+0000] {logging_mixin.py:188} INFO - [2026-04-25T21:41:10.567+0000] {dag.py:3036} INFO - Sync 1 DAGs
[2026-04-25T21:41:10.593+0000] {logging_mixin.py:188} INFO - [2026-04-25T21:41:10.593+0000] {dag.py:3823} INFO - Setting next_dagrun for data_merge_pipeline to 2026-04-26 00:00:00+00:00, run_after=2026-05-03 00:00:00+00:00
[2026-04-25T21:41:10.617+0000] {processor.py:183} INFO - Processing /home/airflow/dags/data_merge_dag.py took 0.365 seconds
[2026-04-25T21:41:40.790+0000] {processor.py:161} INFO - Started process (PID=14129) to work on /home/airflow/dags/data_merge_dag.py
[2026-04-25T21:41:40.792+0000] {processor.py:830} INFO - Processing file /home/airflow/dags/data_merge_dag.py for tasks to queue
[2026-04-25T21:41:40.793+0000] {logging_mixin.py:188} INFO - [2026-04-25T21:41:40.793+0000] {dagbag.py:538} INFO - Filling up the DagBag from /home/airflow/dags/data_merge_dag.py
[2026-04-25T21:41:41.079+0000] {processor.py:840} INFO - DAG(s) 'data_merge_pipeline' retrieved from /home/airflow/dags/data_merge_dag.py
[2026-04-25T21:41:41.109+0000] {logging_mixin.py:188} INFO - [2026-04-25T21:41:41.109+0000] {dag.py:3036} INFO - Sync 1 DAGs
[2026-04-25T21:41:41.136+0000] {logging_mixin.py:188} INFO - [2026-04-25T21:41:41.135+0000] {dag.py:3823} INFO - Setting next_dagrun for data_merge_pipeline to 2026-04-26 00:00:00+00:00, run_after=2026-05-03 00:00:00+00:00
[2026-04-25T21:41:41.167+0000] {processor.py:183} INFO - Processing /home/airflow/dags/data_merge_dag.py took 0.380 seconds
[2026-04-25T21:42:11.269+0000] {processor.py:161} INFO - Started process (PID=14161) to work on /home/airflow/dags/data_merge_dag.py
[2026-04-25T21:42:11.270+0000] {processor.py:830} INFO - Processing file /home/airflow/dags/data_merge_dag.py for tasks to queue
[2026-04-25T21:42:11.271+0000] {logging_mixin.py:188} INFO - [2026-04-25T21:42:11.271+0000] {dagbag.py:538} INFO - Filling up the DagBag from /home/airflow/dags/data_merge_dag.py
[2026-04-25T21:42:11.571+0000] {processor.py:840} INFO - DAG(s) 'data_merge_pipeline' retrieved from /home/airflow/dags/data_merge_dag.py
[2026-04-25T21:42:11.595+0000] {logging_mixin.py:188} INFO - [2026-04-25T21:42:11.595+0000] {dag.py:3036} INFO - Sync 1 DAGs
[2026-04-25T21:42:11.618+0000] {logging_mixin.py:188} INFO - [2026-04-25T21:42:11.618+0000] {dag.py:3823} INFO - Setting next_dagrun for data_merge_pipeline to 2026-04-26 00:00:00+00:00, run_after=2026-05-03 00:00:00+00:00
[2026-04-25T21:42:11.643+0000] {processor.py:183} INFO - Processing /home/airflow/dags/data_merge_dag.py took 0.378 seconds
[2026-04-25T21:42:41.708+0000] {processor.py:161} INFO - Started process (PID=14193) to work on /home/airflow/dags/data_merge_dag.py
[2026-04-25T21:42:41.710+0000] {processor.py:830} INFO - Processing file /home/airflow/dags/data_merge_dag.py for tasks to queue
[2026-04-25T21:42:41.712+0000] {logging_mixin.py:188} INFO - [2026-04-25T21:42:41.711+0000] {dagbag.py:538} INFO - Filling up the DagBag from /home/airflow/dags/data_merge_dag.py
[2026-04-25T21:42:42.001+0000] {processor.py:840} INFO - DAG(s) 'data_merge_pipeline' retrieved from /home/airflow/dags/data_merge_dag.py
[2026-04-25T21:42:42.030+0000] {logging_mixin.py:188} INFO - [2026-04-25T21:42:42.029+0000] {dag.py:3036} INFO - Sync 1 DAGs
[2026-04-25T21:42:42.056+0000] {logging_mixin.py:188} INFO - [2026-04-25T21:42:42.056+0000] {dag.py:3823} INFO - Setting next_dagrun for data_merge_pipeline to 2026-04-26 00:00:00+00:00, run_after=2026-05-03 00:00:00+00:00
[2026-04-25T21:42:42.083+0000] {processor.py:183} INFO - Processing /home/airflow/dags/data_merge_dag.py took 0.380 seconds
[2026-04-25T21:43:12.343+0000] {processor.py:161} INFO - Started process (PID=14225) to work on /home/airflow/dags/data_merge_dag.py
[2026-04-25T21:43:12.345+0000] {processor.py:830} INFO - Processing file /home/airflow/dags/data_merge_dag.py for tasks to queue
[2026-04-25T21:43:12.346+0000] {logging_mixin.py:188} INFO - [2026-04-25T21:43:12.345+0000] {dagbag.py:538} INFO - Filling up the DagBag from /home/airflow/dags/data_merge_dag.py
[2026-04-25T21:43:12.588+0000] {processor.py:840} INFO - DAG(s) 'data_merge_pipeline' retrieved from /home/airflow/dags/data_merge_dag.py
[2026-04-25T21:43:12.612+0000] {logging_mixin.py:188} INFO - [2026-04-25T21:43:12.611+0000] {dag.py:3036} INFO - Sync 1 DAGs
[2026-04-25T21:43:12.636+0000] {logging_mixin.py:188} INFO - [2026-04-25T21:43:12.636+0000] {dag.py:3823} INFO - Setting next_dagrun for data_merge_pipeline to 2026-04-26 00:00:00+00:00, run_after=2026-05-03 00:00:00+00:00
[2026-04-25T21:43:12.661+0000] {processor.py:183} INFO - Processing /home/airflow/dags/data_merge_dag.py took 0.322 seconds
[2026-04-25T21:43:43.004+0000] {processor.py:161} INFO - Started process (PID=14257) to work on /home/airflow/dags/data_merge_dag.py
[2026-04-25T21:43:43.005+0000] {processor.py:830} INFO - Processing file /home/airflow/dags/data_merge_dag.py for tasks to queue
[2026-04-25T21:43:43.007+0000] {logging_mixin.py:188} INFO - [2026-04-25T21:43:43.006+0000] {dagbag.py:538} INFO - Filling up the DagBag from /home/airflow/dags/data_merge_dag.py
[2026-04-25T21:43:43.256+0000] {processor.py:840} INFO - DAG(s) 'data_merge_pipeline' retrieved from /home/airflow/dags/data_merge_dag.py
[2026-04-25T21:43:43.280+0000] {logging_mixin.py:188} INFO - [2026-04-25T21:43:43.280+0000] {dag.py:3036} INFO - Sync 1 DAGs
[2026-04-25T21:43:43.301+0000] {logging_mixin.py:188} INFO - [2026-04-25T21:43:43.301+0000] {dag.py:3823} INFO - Setting next_dagrun for data_merge_pipeline to 2026-04-26 00:00:00+00:00, run_after=2026-05-03 00:00:00+00:00
[2026-04-25T21:43:43.325+0000] {processor.py:183} INFO - Processing /home/airflow/dags/data_merge_dag.py took 0.325 seconds
[2026-04-25T21:44:13.601+0000] {processor.py:161} INFO - Started process (PID=14289) to work on /home/airflow/dags/data_merge_dag.py
[2026-04-25T21:44:13.602+0000] {processor.py:830} INFO - Processing file /home/airflow/dags/data_merge_dag.py for tasks to queue
[2026-04-25T21:44:13.603+0000] {logging_mixin.py:188} INFO - [2026-04-25T21:44:13.603+0000] {dagbag.py:538} INFO - Filling up the DagBag from /home/airflow/dags/data_merge_dag.py
[2026-04-25T21:44:13.865+0000] {processor.py:840} INFO - DAG(s) 'data_merge_pipeline' retrieved from /home/airflow/dags/data_merge_dag.py
[2026-04-25T21:44:13.889+0000] {logging_mixin.py:188} INFO - [2026-04-25T21:44:13.888+0000] {dag.py:3036} INFO - Sync 1 DAGs
[2026-04-25T21:44:13.910+0000] {logging_mixin.py:188} INFO - [2026-04-25T21:44:13.909+0000] {dag.py:3823} INFO - Setting next_dagrun for data_merge_pipeline to 2026-04-26 00:00:00+00:00, run_after=2026-05-03 00:00:00+00:00
[2026-04-25T21:44:13.936+0000] {processor.py:183} INFO - Processing /home/airflow/dags/data_merge_dag.py took 0.338 seconds
[2026-04-25T21:44:44.178+0000] {processor.py:161} INFO - Started process (PID=14321) to work on /home/airflow/dags/data_merge_dag.py
[2026-04-25T21:44:44.180+0000] {processor.py:830} INFO - Processing file /home/airflow/dags/data_merge_dag.py for tasks to queue
[2026-04-25T21:44:44.181+0000] {logging_mixin.py:188} INFO - [2026-04-25T21:44:44.180+0000] {dagbag.py:538} INFO - Filling up the DagBag from /home/airflow/dags/data_merge_dag.py
[2026-04-25T21:44:44.490+0000] {processor.py:840} INFO - DAG(s) 'data_merge_pipeline' retrieved from /home/airflow/dags/data_merge_dag.py
[2026-04-25T21:44:44.522+0000] {logging_mixin.py:188} INFO - [2026-04-25T21:44:44.521+0000] {dag.py:3036} INFO - Sync 1 DAGs
[2026-04-25T21:44:44.551+0000] {logging_mixin.py:188} INFO - [2026-04-25T21:44:44.551+0000] {dag.py:3823} INFO - Setting next_dagrun for data_merge_pipeline to 2026-04-26 00:00:00+00:00, run_after=2026-05-03 00:00:00+00:00
[2026-04-25T21:44:44.580+0000] {processor.py:183} INFO - Processing /home/airflow/dags/data_merge_dag.py took 0.405 seconds
[2026-04-25T21:45:14.738+0000] {processor.py:161} INFO - Started process (PID=14353) to work on /home/airflow/dags/data_merge_dag.py
[2026-04-25T21:45:14.739+0000] {processor.py:830} INFO - Processing file /home/airflow/dags/data_merge_dag.py for tasks to queue
[2026-04-25T21:45:14.741+0000] {logging_mixin.py:188} INFO - [2026-04-25T21:45:14.740+0000] {dagbag.py:538} INFO - Filling up the DagBag from /home/airflow/dags/data_merge_dag.py
[2026-04-25T21:45:15.018+0000] {processor.py:840} INFO - DAG(s) 'data_merge_pipeline' retrieved from /home/airflow/dags/data_merge_dag.py
[2026-04-25T21:45:15.046+0000] {logging_mixin.py:188} INFO - [2026-04-25T21:45:15.045+0000] {dag.py:3036} INFO - Sync 1 DAGs
[2026-04-25T21:45:15.070+0000] {logging_mixin.py:188} INFO - [2026-04-25T21:45:15.070+0000] {dag.py:3823} INFO - Setting next_dagrun for data_merge_pipeline to 2026-04-26 00:00:00+00:00, run_after=2026-05-03 00:00:00+00:00
[2026-04-25T21:45:15.093+0000] {processor.py:183} INFO - Processing /home/airflow/dags/data_merge_dag.py took 0.358 seconds
[2026-04-25T21:45:45.391+0000] {processor.py:161} INFO - Started process (PID=14385) to work on /home/airflow/dags/data_merge_dag.py
[2026-04-25T21:45:45.392+0000] {processor.py:830} INFO - Processing file /home/airflow/dags/data_merge_dag.py for tasks to queue
[2026-04-25T21:45:45.393+0000] {logging_mixin.py:188} INFO - [2026-04-25T21:45:45.393+0000] {dagbag.py:538} INFO - Filling up the DagBag from /home/airflow/dags/data_merge_dag.py
[2026-04-25T21:45:45.637+0000] {processor.py:840} INFO - DAG(s) 'data_merge_pipeline' retrieved from /home/airflow/dags/data_merge_dag.py
[2026-04-25T21:45:45.664+0000] {logging_mixin.py:188} INFO - [2026-04-25T21:45:45.663+0000] {dag.py:3036} INFO - Sync 1 DAGs
[2026-04-25T21:45:45.834+0000] {logging_mixin.py:188} INFO - [2026-04-25T21:45:45.834+0000] {dag.py:3823} INFO - Setting next_dagrun for data_merge_pipeline to 2026-04-26 00:00:00+00:00, run_after=2026-05-03 00:00:00+00:00
[2026-04-25T21:45:45.858+0000] {processor.py:183} INFO - Processing /home/airflow/dags/data_merge_dag.py took 0.470 seconds
[2026-04-25T21:46:16.177+0000] {processor.py:161} INFO - Started process (PID=14417) to work on /home/airflow/dags/data_merge_dag.py
[2026-04-25T21:46:16.178+0000] {processor.py:830} INFO - Processing file /home/airflow/dags/data_merge_dag.py for tasks to queue
[2026-04-25T21:46:16.179+0000] {logging_mixin.py:188} INFO - [2026-04-25T21:46:16.179+0000] {dagbag.py:538} INFO - Filling up the DagBag from /home/airflow/dags/data_merge_dag.py
[2026-04-25T21:46:16.427+0000] {processor.py:840} INFO - DAG(s) 'data_merge_pipeline' retrieved from /home/airflow/dags/data_merge_dag.py
[2026-04-25T21:46:16.451+0000] {logging_mixin.py:188} INFO - [2026-04-25T21:46:16.450+0000] {dag.py:3036} INFO - Sync 1 DAGs
[2026-04-25T21:46:16.632+0000] {logging_mixin.py:188} INFO - [2026-04-25T21:46:16.631+0000] {dag.py:3823} INFO - Setting next_dagrun for data_merge_pipeline to 2026-04-26 00:00:00+00:00, run_after=2026-05-03 00:00:00+00:00
[2026-04-25T21:46:16.669+0000] {processor.py:183} INFO - Processing /home/airflow/dags/data_merge_dag.py took 0.495 seconds
[2026-04-25T21:46:47.223+0000] {processor.py:161} INFO - Started process (PID=14449) to work on /home/airflow/dags/data_merge_dag.py
[2026-04-25T21:46:47.225+0000] {processor.py:830} INFO - Processing file /home/airflow/dags/data_merge_dag.py for tasks to queue
[2026-04-25T21:46:47.227+0000] {logging_mixin.py:188} INFO - [2026-04-25T21:46:47.226+0000] {dagbag.py:538} INFO - Filling up the DagBag from /home/airflow/dags/data_merge_dag.py
[2026-04-25T21:46:47.456+0000] {processor.py:840} INFO - DAG(s) 'data_merge_pipeline' retrieved from /home/airflow/dags/data_merge_dag.py
[2026-04-25T21:46:47.477+0000] {logging_mixin.py:188} INFO - [2026-04-25T21:46:47.476+0000] {dag.py:3036} INFO - Sync 1 DAGs
[2026-04-25T21:46:47.637+0000] {logging_mixin.py:188} INFO - [2026-04-25T21:46:47.637+0000] {dag.py:3823} INFO - Setting next_dagrun for data_merge_pipeline to 2026-04-26 00:00:00+00:00, run_after=2026-05-03 00:00:00+00:00
[2026-04-25T21:46:47.660+0000] {processor.py:183} INFO - Processing /home/airflow/dags/data_merge_dag.py took 0.441 seconds
[2026-04-25T21:47:17.775+0000] {processor.py:161} INFO - Started process (PID=14481) to work on /home/airflow/dags/data_merge_dag.py
[2026-04-25T21:47:17.777+0000] {processor.py:830} INFO - Processing file /home/airflow/dags/data_merge_dag.py for tasks to queue
[2026-04-25T21:47:17.778+0000] {logging_mixin.py:188} INFO - [2026-04-25T21:47:17.777+0000] {dagbag.py:538} INFO - Filling up the DagBag from /home/airflow/dags/data_merge_dag.py
[2026-04-25T21:47:18.057+0000] {processor.py:840} INFO - DAG(s) 'data_merge_pipeline' retrieved from /home/airflow/dags/data_merge_dag.py
[2026-04-25T21:47:18.088+0000] {logging_mixin.py:188} INFO - [2026-04-25T21:47:18.087+0000] {dag.py:3036} INFO - Sync 1 DAGs
[2026-04-25T21:47:18.279+0000] {logging_mixin.py:188} INFO - [2026-04-25T21:47:18.279+0000] {dag.py:3823} INFO - Setting next_dagrun for data_merge_pipeline to 2026-04-26 00:00:00+00:00, run_after=2026-05-03 00:00:00+00:00
[2026-04-25T21:47:18.306+0000] {processor.py:183} INFO - Processing /home/airflow/dags/data_merge_dag.py took 0.534 seconds
[2026-04-25T21:47:48.390+0000] {processor.py:161} INFO - Started process (PID=14513) to work on /home/airflow/dags/data_merge_dag.py
[2026-04-25T21:47:48.391+0000] {processor.py:830} INFO - Processing file /home/airflow/dags/data_merge_dag.py for tasks to queue
[2026-04-25T21:47:48.393+0000] {logging_mixin.py:188} INFO - [2026-04-25T21:47:48.392+0000] {dagbag.py:538} INFO - Filling up the DagBag from /home/airflow/dags/data_merge_dag.py
[2026-04-25T21:47:48.800+0000] {processor.py:840} INFO - DAG(s) 'data_merge_pipeline' retrieved from /home/airflow/dags/data_merge_dag.py
[2026-04-25T21:47:48.821+0000] {logging_mixin.py:188} INFO - [2026-04-25T21:47:48.820+0000] {dag.py:3036} INFO - Sync 1 DAGs
[2026-04-25T21:47:48.843+0000] {logging_mixin.py:188} INFO - [2026-04-25T21:47:48.843+0000] {dag.py:3823} INFO - Setting next_dagrun for data_merge_pipeline to 2026-04-26 00:00:00+00:00, run_after=2026-05-03 00:00:00+00:00
[2026-04-25T21:47:48.868+0000] {processor.py:183} INFO - Processing /home/airflow/dags/data_merge_dag.py took 0.481 seconds
[2026-04-25T21:48:19.021+0000] {processor.py:161} INFO - Started process (PID=14545) to work on /home/airflow/dags/data_merge_dag.py
[2026-04-25T21:48:19.026+0000] {processor.py:830} INFO - Processing file /home/airflow/dags/data_merge_dag.py for tasks to queue
[2026-04-25T21:48:19.029+0000] {logging_mixin.py:188} INFO - [2026-04-25T21:48:19.028+0000] {dagbag.py:538} INFO - Filling up the DagBag from /home/airflow/dags/data_merge_dag.py
[2026-04-25T21:48:19.948+0000] {processor.py:840} INFO - DAG(s) 'data_merge_pipeline' retrieved from /home/airflow/dags/data_merge_dag.py
[2026-04-25T21:48:20.028+0000] {logging_mixin.py:188} INFO - [2026-04-25T21:48:20.026+0000] {dag.py:3036} INFO - Sync 1 DAGs
[2026-04-25T21:48:20.092+0000] {logging_mixin.py:188} INFO - [2026-04-25T21:48:20.091+0000] {dag.py:3823} INFO - Setting next_dagrun for data_merge_pipeline to 2026-04-26 00:00:00+00:00, run_after=2026-05-03 00:00:00+00:00
[2026-04-25T21:48:20.135+0000] {processor.py:183} INFO - Processing /home/airflow/dags/data_merge_dag.py took 1.124 seconds
[2026-04-25T21:48:50.233+0000] {processor.py:161} INFO - Started process (PID=14577) to work on /home/airflow/dags/data_merge_dag.py
[2026-04-25T21:48:50.235+0000] {processor.py:830} INFO - Processing file /home/airflow/dags/data_merge_dag.py for tasks to queue
[2026-04-25T21:48:50.236+0000] {logging_mixin.py:188} INFO - [2026-04-25T21:48:50.236+0000] {dagbag.py:538} INFO - Filling up the DagBag from /home/airflow/dags/data_merge_dag.py
[2026-04-25T21:48:50.616+0000] {processor.py:840} INFO - DAG(s) 'data_merge_pipeline' retrieved from /home/airflow/dags/data_merge_dag.py
[2026-04-25T21:48:50.637+0000] {logging_mixin.py:188} INFO - [2026-04-25T21:48:50.636+0000] {dag.py:3036} INFO - Sync 1 DAGs
[2026-04-25T21:48:50.657+0000] {logging_mixin.py:188} INFO - [2026-04-25T21:48:50.657+0000] {dag.py:3823} INFO - Setting next_dagrun for data_merge_pipeline to 2026-04-26 00:00:00+00:00, run_after=2026-05-03 00:00:00+00:00
[2026-04-25T21:48:50.684+0000] {processor.py:183} INFO - Processing /home/airflow/dags/data_merge_dag.py took 0.455 seconds
[2026-04-25T21:49:20.831+0000] {processor.py:161} INFO - Started process (PID=14607) to work on /home/airflow/dags/data_merge_dag.py
[2026-04-25T21:49:20.832+0000] {processor.py:830} INFO - Processing file /home/airflow/dags/data_merge_dag.py for tasks to queue
[2026-04-25T21:49:20.833+0000] {logging_mixin.py:188} INFO - [2026-04-25T21:49:20.832+0000] {dagbag.py:538} INFO - Filling up the DagBag from /home/airflow/dags/data_merge_dag.py
[2026-04-25T21:49:21.219+0000] {processor.py:840} INFO - DAG(s) 'data_merge_pipeline' retrieved from /home/airflow/dags/data_merge_dag.py
[2026-04-25T21:49:21.239+0000] {logging_mixin.py:188} INFO - [2026-04-25T21:49:21.239+0000] {dag.py:3036} INFO - Sync 1 DAGs
[2026-04-25T21:49:21.256+0000] {logging_mixin.py:188} INFO - [2026-04-25T21:49:21.256+0000] {dag.py:3823} INFO - Setting next_dagrun for data_merge_pipeline to 2026-04-26 00:00:00+00:00, run_after=2026-05-03 00:00:00+00:00
[2026-04-25T21:49:21.278+0000] {processor.py:183} INFO - Processing /home/airflow/dags/data_merge_dag.py took 0.451 seconds
[2026-04-25T21:49:52.237+0000] {processor.py:161} INFO - Started process (PID=14639) to work on /home/airflow/dags/data_merge_dag.py
[2026-04-25T21:49:52.239+0000] {processor.py:830} INFO - Processing file /home/airflow/dags/data_merge_dag.py for tasks to queue
[2026-04-25T21:49:52.240+0000] {logging_mixin.py:188} INFO - [2026-04-25T21:49:52.240+0000] {dagbag.py:538} INFO - Filling up the DagBag from /home/airflow/dags/data_merge_dag.py
[2026-04-25T21:49:52.739+0000] {processor.py:840} INFO - DAG(s) 'data_merge_pipeline' retrieved from /home/airflow/dags/data_merge_dag.py
[2026-04-25T21:49:52.766+0000] {logging_mixin.py:188} INFO - [2026-04-25T21:49:52.765+0000] {dag.py:3036} INFO - Sync 1 DAGs
[2026-04-25T21:49:52.792+0000] {logging_mixin.py:188} INFO - [2026-04-25T21:49:52.792+0000] {dag.py:3823} INFO - Setting next_dagrun for data_merge_pipeline to 2026-04-26 00:00:00+00:00, run_after=2026-05-03 00:00:00+00:00
[2026-04-25T21:49:52.823+0000] {processor.py:183} INFO - Processing /home/airflow/dags/data_merge_dag.py took 0.589 seconds
[2026-04-25T21:50:23.623+0000] {processor.py:161} INFO - Started process (PID=14671) to work on /home/airflow/dags/data_merge_dag.py
[2026-04-25T21:50:23.624+0000] {processor.py:830} INFO - Processing file /home/airflow/dags/data_merge_dag.py for tasks to queue
[2026-04-25T21:50:23.625+0000] {logging_mixin.py:188} INFO - [2026-04-25T21:50:23.625+0000] {dagbag.py:538} INFO - Filling up the DagBag from /home/airflow/dags/data_merge_dag.py
[2026-04-25T21:50:24.000+0000] {processor.py:840} INFO - DAG(s) 'data_merge_pipeline' retrieved from /home/airflow/dags/data_merge_dag.py
[2026-04-25T21:50:24.021+0000] {logging_mixin.py:188} INFO - [2026-04-25T21:50:24.021+0000] {dag.py:3036} INFO - Sync 1 DAGs
[2026-04-25T21:50:24.044+0000] {logging_mixin.py:188} INFO - [2026-04-25T21:50:24.043+0000] {dag.py:3823} INFO - Setting next_dagrun for data_merge_pipeline to 2026-04-26 00:00:00+00:00, run_after=2026-05-03 00:00:00+00:00
[2026-04-25T21:50:24.071+0000] {processor.py:183} INFO - Processing /home/airflow/dags/data_merge_dag.py took 0.452 seconds
[2026-04-25T21:50:55.487+0000] {processor.py:161} INFO - Started process (PID=14703) to work on /home/airflow/dags/data_merge_dag.py
[2026-04-25T21:50:55.488+0000] {processor.py:830} INFO - Processing file /home/airflow/dags/data_merge_dag.py for tasks to queue
[2026-04-25T21:50:55.489+0000] {logging_mixin.py:188} INFO - [2026-04-25T21:50:55.489+0000] {dagbag.py:538} INFO - Filling up the DagBag from /home/airflow/dags/data_merge_dag.py
[2026-04-25T21:50:55.925+0000] {processor.py:840} INFO - DAG(s) 'data_merge_pipeline' retrieved from /home/airflow/dags/data_merge_dag.py
[2026-04-25T21:50:55.949+0000] {logging_mixin.py:188} INFO - [2026-04-25T21:50:55.948+0000] {dag.py:3036} INFO - Sync 1 DAGs
[2026-04-25T21:50:55.969+0000] {logging_mixin.py:188} INFO - [2026-04-25T21:50:55.969+0000] {dag.py:3823} INFO - Setting next_dagrun for data_merge_pipeline to 2026-04-26 00:00:00+00:00, run_after=2026-05-03 00:00:00+00:00
[2026-04-25T21:50:55.992+0000] {processor.py:183} INFO - Processing /home/airflow/dags/data_merge_dag.py took 0.509 seconds
[2026-04-25T21:51:27.280+0000] {processor.py:161} INFO - Started process (PID=14735) to work on /home/airflow/dags/data_merge_dag.py
[2026-04-25T21:51:27.282+0000] {processor.py:830} INFO - Processing file /home/airflow/dags/data_merge_dag.py for tasks to queue
[2026-04-25T21:51:27.283+0000] {logging_mixin.py:188} INFO - [2026-04-25T21:51:27.283+0000] {dagbag.py:538} INFO - Filling up the DagBag from /home/airflow/dags/data_merge_dag.py
[2026-04-25T21:51:27.725+0000] {processor.py:840} INFO - DAG(s) 'data_merge_pipeline' retrieved from /home/airflow/dags/data_merge_dag.py
[2026-04-25T21:51:27.748+0000] {logging_mixin.py:188} INFO - [2026-04-25T21:51:27.747+0000] {dag.py:3036} INFO - Sync 1 DAGs
[2026-04-25T21:51:27.769+0000] {logging_mixin.py:188} INFO - [2026-04-25T21:51:27.769+0000] {dag.py:3823} INFO - Setting next_dagrun for data_merge_pipeline to 2026-04-26 00:00:00+00:00, run_after=2026-05-03 00:00:00+00:00
[2026-04-25T21:51:27.793+0000] {processor.py:183} INFO - Processing /home/airflow/dags/data_merge_dag.py took 0.518 seconds
[2026-04-25T21:51:59.155+0000] {processor.py:161} INFO - Started process (PID=14767) to work on /home/airflow/dags/data_merge_dag.py
[2026-04-25T21:51:59.156+0000] {processor.py:830} INFO - Processing file /home/airflow/dags/data_merge_dag.py for tasks to queue
[2026-04-25T21:51:59.157+0000] {logging_mixin.py:188} INFO - [2026-04-25T21:51:59.157+0000] {dagbag.py:538} INFO - Filling up the DagBag from /home/airflow/dags/data_merge_dag.py
[2026-04-25T21:51:59.726+0000] {processor.py:840} INFO - DAG(s) 'data_merge_pipeline' retrieved from /home/airflow/dags/data_merge_dag.py
[2026-04-25T21:51:59.759+0000] {logging_mixin.py:188} INFO - [2026-04-25T21:51:59.758+0000] {dag.py:3036} INFO - Sync 1 DAGs
[2026-04-25T21:51:59.796+0000] {logging_mixin.py:188} INFO - [2026-04-25T21:51:59.796+0000] {dag.py:3823} INFO - Setting next_dagrun for data_merge_pipeline to 2026-04-26 00:00:00+00:00, run_after=2026-05-03 00:00:00+00:00
[2026-04-25T21:51:59.838+0000] {processor.py:183} INFO - Processing /home/airflow/dags/data_merge_dag.py took 0.688 seconds
[2026-04-25T21:52:31.332+0000] {processor.py:161} INFO - Started process (PID=14799) to work on /home/airflow/dags/data_merge_dag.py
[2026-04-25T21:52:31.334+0000] {processor.py:830} INFO - Processing file /home/airflow/dags/data_merge_dag.py for tasks to queue
[2026-04-25T21:52:31.337+0000] {logging_mixin.py:188} INFO - [2026-04-25T21:52:31.336+0000] {dagbag.py:538} INFO - Filling up the DagBag from /home/airflow/dags/data_merge_dag.py
[2026-04-25T21:52:32.024+0000] {processor.py:840} INFO - DAG(s) 'data_merge_pipeline' retrieved from /home/airflow/dags/data_merge_dag.py
[2026-04-25T21:52:32.049+0000] {logging_mixin.py:188} INFO - [2026-04-25T21:52:32.049+0000] {dag.py:3036} INFO - Sync 1 DAGs
[2026-04-25T21:52:32.078+0000] {logging_mixin.py:188} INFO - [2026-04-25T21:52:32.078+0000] {dag.py:3823} INFO - Setting next_dagrun for data_merge_pipeline to 2026-04-26 00:00:00+00:00, run_after=2026-05-03 00:00:00+00:00
[2026-04-25T21:52:32.105+0000] {processor.py:183} INFO - Processing /home/airflow/dags/data_merge_dag.py took 0.778 seconds
[2026-04-25T21:53:02.541+0000] {processor.py:161} INFO - Started process (PID=14824) to work on /home/airflow/dags/data_merge_dag.py
[2026-04-25T21:53:02.542+0000] {processor.py:830} INFO - Processing file /home/airflow/dags/data_merge_dag.py for tasks to queue
[2026-04-25T21:53:02.543+0000] {logging_mixin.py:188} INFO - [2026-04-25T21:53:02.543+0000] {dagbag.py:538} INFO - Filling up the DagBag from /home/airflow/dags/data_merge_dag.py
[2026-04-25T21:53:03.028+0000] {processor.py:840} INFO - DAG(s) 'data_merge_pipeline' retrieved from /home/airflow/dags/data_merge_dag.py
[2026-04-25T21:53:03.056+0000] {logging_mixin.py:188} INFO - [2026-04-25T21:53:03.056+0000] {dag.py:3036} INFO - Sync 1 DAGs
[2026-04-25T21:53:03.085+0000] {logging_mixin.py:188} INFO - [2026-04-25T21:53:03.085+0000] {dag.py:3823} INFO - Setting next_dagrun for data_merge_pipeline to 2026-04-26 00:00:00+00:00, run_after=2026-05-03 00:00:00+00:00
[2026-04-25T21:53:03.110+0000] {processor.py:183} INFO - Processing /home/airflow/dags/data_merge_dag.py took 0.573 seconds
[2026-04-25T21:53:34.284+0000] {processor.py:161} INFO - Started process (PID=14863) to work on /home/airflow/dags/data_merge_dag.py
[2026-04-25T21:53:34.286+0000] {processor.py:830} INFO - Processing file /home/airflow/dags/data_merge_dag.py for tasks to queue
[2026-04-25T21:53:34.288+0000] {logging_mixin.py:188} INFO - [2026-04-25T21:53:34.288+0000] {dagbag.py:538} INFO - Filling up the DagBag from /home/airflow/dags/data_merge_dag.py
[2026-04-25T21:53:34.958+0000] {processor.py:840} INFO - DAG(s) 'data_merge_pipeline' retrieved from /home/airflow/dags/data_merge_dag.py
[2026-04-25T21:53:35.000+0000] {logging_mixin.py:188} INFO - [2026-04-25T21:53:35.000+0000] {dag.py:3036} INFO - Sync 1 DAGs
[2026-04-25T21:53:35.036+0000] {logging_mixin.py:188} INFO - [2026-04-25T21:53:35.036+0000] {dag.py:3823} INFO - Setting next_dagrun for data_merge_pipeline to 2026-04-26 00:00:00+00:00, run_after=2026-05-03 00:00:00+00:00
[2026-04-25T21:53:35.070+0000] {processor.py:183} INFO - Processing /home/airflow/dags/data_merge_dag.py took 0.792 seconds
[2026-04-25T21:54:05.842+0000] {processor.py:161} INFO - Started process (PID=14888) to work on /home/airflow/dags/data_merge_dag.py
[2026-04-25T21:54:05.844+0000] {processor.py:830} INFO - Processing file /home/airflow/dags/data_merge_dag.py for tasks to queue
[2026-04-25T21:54:05.845+0000] {logging_mixin.py:188} INFO - [2026-04-25T21:54:05.845+0000] {dagbag.py:538} INFO - Filling up the DagBag from /home/airflow/dags/data_merge_dag.py
[2026-04-25T21:54:06.475+0000] {processor.py:840} INFO - DAG(s) 'data_merge_pipeline' retrieved from /home/airflow/dags/data_merge_dag.py
[2026-04-25T21:54:06.505+0000] {logging_mixin.py:188} INFO - [2026-04-25T21:54:06.505+0000] {dag.py:3036} INFO - Sync 1 DAGs
[2026-04-25T21:54:06.530+0000] {logging_mixin.py:188} INFO - [2026-04-25T21:54:06.530+0000] {dag.py:3823} INFO - Setting next_dagrun for data_merge_pipeline to 2026-04-26 00:00:00+00:00, run_after=2026-05-03 00:00:00+00:00
[2026-04-25T21:54:06.555+0000] {processor.py:183} INFO - Processing /home/airflow/dags/data_merge_dag.py took 0.717 seconds
[2026-04-25T21:54:37.135+0000] {processor.py:161} INFO - Started process (PID=14914) to work on /home/airflow/dags/data_merge_dag.py
[2026-04-25T21:54:37.137+0000] {processor.py:830} INFO - Processing file /home/airflow/dags/data_merge_dag.py for tasks to queue
[2026-04-25T21:54:37.138+0000] {logging_mixin.py:188} INFO - [2026-04-25T21:54:37.138+0000] {dagbag.py:538} INFO - Filling up the DagBag from /home/airflow/dags/data_merge_dag.py
[2026-04-25T21:54:37.622+0000] {processor.py:840} INFO - DAG(s) 'data_merge_pipeline' retrieved from /home/airflow/dags/data_merge_dag.py
[2026-04-25T21:54:37.643+0000] {logging_mixin.py:188} INFO - [2026-04-25T21:54:37.642+0000] {dag.py:3036} INFO - Sync 1 DAGs
[2026-04-25T21:54:37.663+0000] {logging_mixin.py:188} INFO - [2026-04-25T21:54:37.663+0000] {dag.py:3823} INFO - Setting next_dagrun for data_merge_pipeline to 2026-04-26 00:00:00+00:00, run_after=2026-05-03 00:00:00+00:00
[2026-04-25T21:54:37.693+0000] {processor.py:183} INFO - Processing /home/airflow/dags/data_merge_dag.py took 0.565 seconds
[2026-04-25T21:55:07.935+0000] {processor.py:161} INFO - Started process (PID=14939) to work on /home/airflow/dags/data_merge_dag.py
[2026-04-25T21:55:07.937+0000] {processor.py:830} INFO - Processing file /home/airflow/dags/data_merge_dag.py for tasks to queue
[2026-04-25T21:55:07.940+0000] {logging_mixin.py:188} INFO - [2026-04-25T21:55:07.939+0000] {dagbag.py:538} INFO - Filling up the DagBag from /home/airflow/dags/data_merge_dag.py
[2026-04-25T21:55:08.269+0000] {processor.py:840} INFO - DAG(s) 'data_merge_pipeline' retrieved from /home/airflow/dags/data_merge_dag.py
[2026-04-25T21:55:08.300+0000] {logging_mixin.py:188} INFO - [2026-04-25T21:55:08.299+0000] {dag.py:3036} INFO - Sync 1 DAGs
[2026-04-25T21:55:08.328+0000] {logging_mixin.py:188} INFO - [2026-04-25T21:55:08.328+0000] {dag.py:3823} INFO - Setting next_dagrun for data_merge_pipeline to 2026-04-26 00:00:00+00:00, run_after=2026-05-03 00:00:00+00:00
[2026-04-25T21:55:08.356+0000] {processor.py:183} INFO - Processing /home/airflow/dags/data_merge_dag.py took 0.424 seconds
[2026-04-25T21:55:39.161+0000] {processor.py:161} INFO - Started process (PID=14970) to work on /home/airflow/dags/data_merge_dag.py
[2026-04-25T21:55:39.163+0000] {processor.py:830} INFO - Processing file /home/airflow/dags/data_merge_dag.py for tasks to queue
[2026-04-25T21:55:39.164+0000] {logging_mixin.py:188} INFO - [2026-04-25T21:55:39.163+0000] {dagbag.py:538} INFO - Filling up the DagBag from /home/airflow/dags/data_merge_dag.py
[2026-04-25T21:55:39.449+0000] {processor.py:840} INFO - DAG(s) 'data_merge_pipeline' retrieved from /home/airflow/dags/data_merge_dag.py
[2026-04-25T21:55:39.485+0000] {logging_mixin.py:188} INFO - [2026-04-25T21:55:39.484+0000] {dag.py:3036} INFO - Sync 1 DAGs
[2026-04-25T21:55:39.543+0000] {logging_mixin.py:188} INFO - [2026-04-25T21:55:39.543+0000] {dag.py:3823} INFO - Setting next_dagrun for data_merge_pipeline to 2026-04-26 00:00:00+00:00, run_after=2026-05-03 00:00:00+00:00
[2026-04-25T21:55:39.565+0000] {processor.py:183} INFO - Processing /home/airflow/dags/data_merge_dag.py took 0.408 seconds
[2026-04-25T21:56:10.507+0000] {processor.py:161} INFO - Started process (PID=15002) to work on /home/airflow/dags/data_merge_dag.py
[2026-04-25T21:56:10.509+0000] {processor.py:830} INFO - Processing file /home/airflow/dags/data_merge_dag.py for tasks to queue
[2026-04-25T21:56:10.510+0000] {logging_mixin.py:188} INFO - [2026-04-25T21:56:10.510+0000] {dagbag.py:538} INFO - Filling up the DagBag from /home/airflow/dags/data_merge_dag.py
[2026-04-25T21:56:10.926+0000] {processor.py:840} INFO - DAG(s) 'data_merge_pipeline' retrieved from /home/airflow/dags/data_merge_dag.py
[2026-04-25T21:56:10.961+0000] {logging_mixin.py:188} INFO - [2026-04-25T21:56:10.961+0000] {dag.py:3036} INFO - Sync 1 DAGs
[2026-04-25T21:56:11.009+0000] {logging_mixin.py:188} INFO - [2026-04-25T21:56:11.009+0000] {dag.py:3823} INFO - Setting next_dagrun for data_merge_pipeline to 2026-04-26 00:00:00+00:00, run_after=2026-05-03 00:00:00+00:00
[2026-04-25T21:56:11.052+0000] {processor.py:183} INFO - Processing /home/airflow/dags/data_merge_dag.py took 0.550 seconds
[2026-04-25T21:56:41.915+0000] {processor.py:161} INFO - Started process (PID=15034) to work on /home/airflow/dags/data_merge_dag.py
[2026-04-25T21:56:41.916+0000] {processor.py:830} INFO - Processing file /home/airflow/dags/data_merge_dag.py for tasks to queue
[2026-04-25T21:56:41.917+0000] {logging_mixin.py:188} INFO - [2026-04-25T21:56:41.917+0000] {dagbag.py:538} INFO - Filling up the DagBag from /home/airflow/dags/data_merge_dag.py
[2026-04-25T21:56:42.343+0000] {processor.py:840} INFO - DAG(s) 'data_merge_pipeline' retrieved from /home/airflow/dags/data_merge_dag.py
[2026-04-25T21:56:42.372+0000] {logging_mixin.py:188} INFO - [2026-04-25T21:56:42.372+0000] {dag.py:3036} INFO - Sync 1 DAGs
[2026-04-25T21:56:42.406+0000] {logging_mixin.py:188} INFO - [2026-04-25T21:56:42.406+0000] {dag.py:3823} INFO - Setting next_dagrun for data_merge_pipeline to 2026-04-26 00:00:00+00:00, run_after=2026-05-03 00:00:00+00:00
[2026-04-25T21:56:42.458+0000] {processor.py:183} INFO - Processing /home/airflow/dags/data_merge_dag.py took 0.546 seconds
[2026-04-25T21:57:13.314+0000] {processor.py:161} INFO - Started process (PID=15066) to work on /home/airflow/dags/data_merge_dag.py
[2026-04-25T21:57:13.315+0000] {processor.py:830} INFO - Processing file /home/airflow/dags/data_merge_dag.py for tasks to queue
[2026-04-25T21:57:13.317+0000] {logging_mixin.py:188} INFO - [2026-04-25T21:57:13.316+0000] {dagbag.py:538} INFO - Filling up the DagBag from /home/airflow/dags/data_merge_dag.py
[2026-04-25T21:57:13.607+0000] {processor.py:840} INFO - DAG(s) 'data_merge_pipeline' retrieved from /home/airflow/dags/data_merge_dag.py
[2026-04-25T21:57:13.638+0000] {logging_mixin.py:188} INFO - [2026-04-25T21:57:13.638+0000] {dag.py:3036} INFO - Sync 1 DAGs
[2026-04-25T21:57:13.708+0000] {logging_mixin.py:188} INFO - [2026-04-25T21:57:13.708+0000] {dag.py:3823} INFO - Setting next_dagrun for data_merge_pipeline to 2026-04-26 00:00:00+00:00, run_after=2026-05-03 00:00:00+00:00
[2026-04-25T21:57:13.733+0000] {processor.py:183} INFO - Processing /home/airflow/dags/data_merge_dag.py took 0.423 seconds
[2026-04-25T21:57:44.648+0000] {processor.py:161} INFO - Started process (PID=15098) to work on /home/airflow/dags/data_merge_dag.py
[2026-04-25T21:57:44.649+0000] {processor.py:830} INFO - Processing file /home/airflow/dags/data_merge_dag.py for tasks to queue
[2026-04-25T21:57:44.651+0000] {logging_mixin.py:188} INFO - [2026-04-25T21:57:44.650+0000] {dagbag.py:538} INFO - Filling up the DagBag from /home/airflow/dags/data_merge_dag.py
[2026-04-25T21:57:45.020+0000] {processor.py:840} INFO - DAG(s) 'data_merge_pipeline' retrieved from /home/airflow/dags/data_merge_dag.py
[2026-04-25T21:57:45.057+0000] {logging_mixin.py:188} INFO - [2026-04-25T21:57:45.056+0000] {dag.py:3036} INFO - Sync 1 DAGs
[2026-04-25T21:57:45.119+0000] {logging_mixin.py:188} INFO - [2026-04-25T21:57:45.118+0000] {dag.py:3823} INFO - Setting next_dagrun for data_merge_pipeline to 2026-04-26 00:00:00+00:00, run_after=2026-05-03 00:00:00+00:00
[2026-04-25T21:57:45.141+0000] {processor.py:183} INFO - Processing /home/airflow/dags/data_merge_dag.py took 0.498 seconds
[2026-04-25T21:58:15.448+0000] {processor.py:161} INFO - Started process (PID=15127) to work on /home/airflow/dags/data_merge_dag.py
[2026-04-25T21:58:15.449+0000] {processor.py:830} INFO - Processing file /home/airflow/dags/data_merge_dag.py for tasks to queue
[2026-04-25T21:58:15.451+0000] {logging_mixin.py:188} INFO - [2026-04-25T21:58:15.450+0000] {dagbag.py:538} INFO - Filling up the DagBag from /home/airflow/dags/data_merge_dag.py
[2026-04-25T21:58:15.729+0000] {processor.py:840} INFO - DAG(s) 'data_merge_pipeline' retrieved from /home/airflow/dags/data_merge_dag.py
[2026-04-25T21:58:15.757+0000] {logging_mixin.py:188} INFO - [2026-04-25T21:58:15.757+0000] {dag.py:3036} INFO - Sync 1 DAGs
[2026-04-25T21:58:15.784+0000] {logging_mixin.py:188} INFO - [2026-04-25T21:58:15.784+0000] {dag.py:3823} INFO - Setting next_dagrun for data_merge_pipeline to 2026-04-26 00:00:00+00:00, run_after=2026-05-03 00:00:00+00:00
[2026-04-25T21:58:15.817+0000] {processor.py:183} INFO - Processing /home/airflow/dags/data_merge_dag.py took 0.374 seconds
[2026-04-25T21:58:46.431+0000] {processor.py:161} INFO - Started process (PID=15159) to work on /home/airflow/dags/data_merge_dag.py
[2026-04-25T21:58:46.432+0000] {processor.py:830} INFO - Processing file /home/airflow/dags/data_merge_dag.py for tasks to queue
[2026-04-25T21:58:46.434+0000] {logging_mixin.py:188} INFO - [2026-04-25T21:58:46.433+0000] {dagbag.py:538} INFO - Filling up the DagBag from /home/airflow/dags/data_merge_dag.py
[2026-04-25T21:58:46.719+0000] {processor.py:840} INFO - DAG(s) 'data_merge_pipeline' retrieved from /home/airflow/dags/data_merge_dag.py
[2026-04-25T21:58:46.753+0000] {logging_mixin.py:188} INFO - [2026-04-25T21:58:46.752+0000] {dag.py:3036} INFO - Sync 1 DAGs
[2026-04-25T21:58:46.778+0000] {logging_mixin.py:188} INFO - [2026-04-25T21:58:46.778+0000] {dag.py:3823} INFO - Setting next_dagrun for data_merge_pipeline to 2026-04-26 00:00:00+00:00, run_after=2026-05-03 00:00:00+00:00
[2026-04-25T21:58:46.808+0000] {processor.py:183} INFO - Processing /home/airflow/dags/data_merge_dag.py took 0.381 seconds
[2026-04-25T21:59:17.119+0000] {processor.py:161} INFO - Started process (PID=15191) to work on /home/airflow/dags/data_merge_dag.py
[2026-04-25T21:59:17.120+0000] {processor.py:830} INFO - Processing file /home/airflow/dags/data_merge_dag.py for tasks to queue
[2026-04-25T21:59:17.122+0000] {logging_mixin.py:188} INFO - [2026-04-25T21:59:17.122+0000] {dagbag.py:538} INFO - Filling up the DagBag from /home/airflow/dags/data_merge_dag.py
[2026-04-25T21:59:17.396+0000] {processor.py:840} INFO - DAG(s) 'data_merge_pipeline' retrieved from /home/airflow/dags/data_merge_dag.py
[2026-04-25T21:59:17.419+0000] {logging_mixin.py:188} INFO - [2026-04-25T21:59:17.419+0000] {dag.py:3036} INFO - Sync 1 DAGs
[2026-04-25T21:59:17.439+0000] {logging_mixin.py:188} INFO - [2026-04-25T21:59:17.439+0000] {dag.py:3823} INFO - Setting next_dagrun for data_merge_pipeline to 2026-04-26 00:00:00+00:00, run_after=2026-05-03 00:00:00+00:00
[2026-04-25T21:59:17.463+0000] {processor.py:183} INFO - Processing /home/airflow/dags/data_merge_dag.py took 0.347 seconds
[2026-04-25T21:59:48.013+0000] {processor.py:161} INFO - Started process (PID=15223) to work on /home/airflow/dags/data_merge_dag.py
[2026-04-25T21:59:48.014+0000] {processor.py:830} INFO - Processing file /home/airflow/dags/data_merge_dag.py for tasks to queue
[2026-04-25T21:59:48.016+0000] {logging_mixin.py:188} INFO - [2026-04-25T21:59:48.015+0000] {dagbag.py:538} INFO - Filling up the DagBag from /home/airflow/dags/data_merge_dag.py
[2026-04-25T21:59:48.329+0000] {processor.py:840} INFO - DAG(s) 'data_merge_pipeline' retrieved from /home/airflow/dags/data_merge_dag.py
[2026-04-25T21:59:48.358+0000] {logging_mixin.py:188} INFO - [2026-04-25T21:59:48.357+0000] {dag.py:3036} INFO - Sync 1 DAGs
[2026-04-25T21:59:48.379+0000] {logging_mixin.py:188} INFO - [2026-04-25T21:59:48.379+0000] {dag.py:3823} INFO - Setting next_dagrun for data_merge_pipeline to 2026-04-26 00:00:00+00:00, run_after=2026-05-03 00:00:00+00:00
[2026-04-25T21:59:48.402+0000] {processor.py:183} INFO - Processing /home/airflow/dags/data_merge_dag.py took 0.393 seconds
[2026-04-25T22:00:18.535+0000] {processor.py:161} INFO - Started process (PID=15255) to work on /home/airflow/dags/data_merge_dag.py
[2026-04-25T22:00:18.536+0000] {processor.py:830} INFO - Processing file /home/airflow/dags/data_merge_dag.py for tasks to queue
[2026-04-25T22:00:18.537+0000] {logging_mixin.py:188} INFO - [2026-04-25T22:00:18.536+0000] {dagbag.py:538} INFO - Filling up the DagBag from /home/airflow/dags/data_merge_dag.py
[2026-04-25T22:00:18.776+0000] {processor.py:840} INFO - DAG(s) 'data_merge_pipeline' retrieved from /home/airflow/dags/data_merge_dag.py
[2026-04-25T22:00:18.805+0000] {logging_mixin.py:188} INFO - [2026-04-25T22:00:18.804+0000] {dag.py:3036} INFO - Sync 1 DAGs
[2026-04-25T22:00:18.831+0000] {logging_mixin.py:188} INFO - [2026-04-25T22:00:18.831+0000] {dag.py:3823} INFO - Setting next_dagrun for data_merge_pipeline to 2026-04-26 00:00:00+00:00, run_after=2026-05-03 00:00:00+00:00
[2026-04-25T22:00:18.857+0000] {processor.py:183} INFO - Processing /home/airflow/dags/data_merge_dag.py took 0.325 seconds
[2026-04-25T22:00:49.811+0000] {processor.py:161} INFO - Started process (PID=15287) to work on /home/airflow/dags/data_merge_dag.py
[2026-04-25T22:00:49.815+0000] {processor.py:830} INFO - Processing file /home/airflow/dags/data_merge_dag.py for tasks to queue
[2026-04-25T22:00:49.818+0000] {logging_mixin.py:188} INFO - [2026-04-25T22:00:49.817+0000] {dagbag.py:538} INFO - Filling up the DagBag from /home/airflow/dags/data_merge_dag.py
[2026-04-25T22:00:50.134+0000] {processor.py:840} INFO - DAG(s) 'data_merge_pipeline' retrieved from /home/airflow/dags/data_merge_dag.py
[2026-04-25T22:00:50.163+0000] {logging_mixin.py:188} INFO - [2026-04-25T22:00:50.162+0000] {dag.py:3036} INFO - Sync 1 DAGs
[2026-04-25T22:00:50.186+0000] {logging_mixin.py:188} INFO - [2026-04-25T22:00:50.186+0000] {dag.py:3823} INFO - Setting next_dagrun for data_merge_pipeline to 2026-04-26 00:00:00+00:00, run_after=2026-05-03 00:00:00+00:00
[2026-04-25T22:00:50.212+0000] {processor.py:183} INFO - Processing /home/airflow/dags/data_merge_dag.py took 0.407 seconds
[2026-04-25T22:01:20.419+0000] {processor.py:161} INFO - Started process (PID=15319) to work on /home/airflow/dags/data_merge_dag.py
[2026-04-25T22:01:20.421+0000] {processor.py:830} INFO - Processing file /home/airflow/dags/data_merge_dag.py for tasks to queue
[2026-04-25T22:01:20.422+0000] {logging_mixin.py:188} INFO - [2026-04-25T22:01:20.422+0000] {dagbag.py:538} INFO - Filling up the DagBag from /home/airflow/dags/data_merge_dag.py
[2026-04-25T22:01:20.785+0000] {processor.py:840} INFO - DAG(s) 'data_merge_pipeline' retrieved from /home/airflow/dags/data_merge_dag.py
[2026-04-25T22:01:20.814+0000] {logging_mixin.py:188} INFO - [2026-04-25T22:01:20.813+0000] {dag.py:3036} INFO - Sync 1 DAGs
[2026-04-25T22:01:20.841+0000] {logging_mixin.py:188} INFO - [2026-04-25T22:01:20.841+0000] {dag.py:3823} INFO - Setting next_dagrun for data_merge_pipeline to 2026-04-26 00:00:00+00:00, run_after=2026-05-03 00:00:00+00:00
[2026-04-25T22:01:20.866+0000] {processor.py:183} INFO - Processing /home/airflow/dags/data_merge_dag.py took 0.453 seconds
[2026-04-25T22:01:51.712+0000] {processor.py:161} INFO - Started process (PID=15351) to work on /home/airflow/dags/data_merge_dag.py
[2026-04-25T22:01:51.713+0000] {processor.py:830} INFO - Processing file /home/airflow/dags/data_merge_dag.py for tasks to queue
[2026-04-25T22:01:51.714+0000] {logging_mixin.py:188} INFO - [2026-04-25T22:01:51.713+0000] {dagbag.py:538} INFO - Filling up the DagBag from /home/airflow/dags/data_merge_dag.py
[2026-04-25T22:01:51.989+0000] {processor.py:840} INFO - DAG(s) 'data_merge_pipeline' retrieved from /home/airflow/dags/data_merge_dag.py
[2026-04-25T22:01:52.018+0000] {logging_mixin.py:188} INFO - [2026-04-25T22:01:52.018+0000] {dag.py:3036} INFO - Sync 1 DAGs
[2026-04-25T22:01:52.044+0000] {logging_mixin.py:188} INFO - [2026-04-25T22:01:52.043+0000] {dag.py:3823} INFO - Setting next_dagrun for data_merge_pipeline to 2026-04-26 00:00:00+00:00, run_after=2026-05-03 00:00:00+00:00
[2026-04-25T22:01:52.069+0000] {processor.py:183} INFO - Processing /home/airflow/dags/data_merge_dag.py took 0.360 seconds
[2026-04-25T22:02:22.488+0000] {processor.py:161} INFO - Started process (PID=15383) to work on /home/airflow/dags/data_merge_dag.py
[2026-04-25T22:02:22.489+0000] {processor.py:830} INFO - Processing file /home/airflow/dags/data_merge_dag.py for tasks to queue
[2026-04-25T22:02:22.490+0000] {logging_mixin.py:188} INFO - [2026-04-25T22:02:22.489+0000] {dagbag.py:538} INFO - Filling up the DagBag from /home/airflow/dags/data_merge_dag.py
[2026-04-25T22:02:22.726+0000] {processor.py:840} INFO - DAG(s) 'data_merge_pipeline' retrieved from /home/airflow/dags/data_merge_dag.py
[2026-04-25T22:02:22.753+0000] {logging_mixin.py:188} INFO - [2026-04-25T22:02:22.752+0000] {dag.py:3036} INFO - Sync 1 DAGs
[2026-04-25T22:02:22.776+0000] {logging_mixin.py:188} INFO - [2026-04-25T22:02:22.776+0000] {dag.py:3823} INFO - Setting next_dagrun for data_merge_pipeline to 2026-04-26 00:00:00+00:00, run_after=2026-05-03 00:00:00+00:00
[2026-04-25T22:02:22.803+0000] {processor.py:183} INFO - Processing /home/airflow/dags/data_merge_dag.py took 0.317 seconds
[2026-04-25T22:02:52.958+0000] {processor.py:161} INFO - Started process (PID=15415) to work on /home/airflow/dags/data_merge_dag.py
[2026-04-25T22:02:52.959+0000] {processor.py:830} INFO - Processing file /home/airflow/dags/data_merge_dag.py for tasks to queue
[2026-04-25T22:02:52.960+0000] {logging_mixin.py:188} INFO - [2026-04-25T22:02:52.960+0000] {dagbag.py:538} INFO - Filling up the DagBag from /home/airflow/dags/data_merge_dag.py
[2026-04-25T22:02:53.224+0000] {processor.py:840} INFO - DAG(s) 'data_merge_pipeline' retrieved from /home/airflow/dags/data_merge_dag.py
[2026-04-25T22:02:53.248+0000] {logging_mixin.py:188} INFO - [2026-04-25T22:02:53.248+0000] {dag.py:3036} INFO - Sync 1 DAGs
[2026-04-25T22:02:53.393+0000] {logging_mixin.py:188} INFO - [2026-04-25T22:02:53.393+0000] {dag.py:3823} INFO - Setting next_dagrun for data_merge_pipeline to 2026-04-26 00:00:00+00:00, run_after=2026-05-03 00:00:00+00:00
[2026-04-25T22:02:53.413+0000] {processor.py:183} INFO - Processing /home/airflow/dags/data_merge_dag.py took 0.461 seconds
[2026-04-25T22:03:24.286+0000] {processor.py:161} INFO - Started process (PID=15447) to work on /home/airflow/dags/data_merge_dag.py
[2026-04-25T22:03:24.287+0000] {processor.py:830} INFO - Processing file /home/airflow/dags/data_merge_dag.py for tasks to queue
[2026-04-25T22:03:24.289+0000] {logging_mixin.py:188} INFO - [2026-04-25T22:03:24.289+0000] {dagbag.py:538} INFO - Filling up the DagBag from /home/airflow/dags/data_merge_dag.py
[2026-04-25T22:03:24.601+0000] {processor.py:840} INFO - DAG(s) 'data_merge_pipeline' retrieved from /home/airflow/dags/data_merge_dag.py
[2026-04-25T22:03:24.631+0000] {logging_mixin.py:188} INFO - [2026-04-25T22:03:24.630+0000] {dag.py:3036} INFO - Sync 1 DAGs
[2026-04-25T22:03:24.823+0000] {logging_mixin.py:188} INFO - [2026-04-25T22:03:24.823+0000] {dag.py:3823} INFO - Setting next_dagrun for data_merge_pipeline to 2026-04-26 00:00:00+00:00, run_after=2026-05-03 00:00:00+00:00
[2026-04-25T22:03:24.845+0000] {processor.py:183} INFO - Processing /home/airflow/dags/data_merge_dag.py took 0.562 seconds
[2026-04-25T22:03:55.688+0000] {processor.py:161} INFO - Started process (PID=15479) to work on /home/airflow/dags/data_merge_dag.py
[2026-04-25T22:03:55.690+0000] {processor.py:830} INFO - Processing file /home/airflow/dags/data_merge_dag.py for tasks to queue
[2026-04-25T22:03:55.692+0000] {logging_mixin.py:188} INFO - [2026-04-25T22:03:55.691+0000] {dagbag.py:538} INFO - Filling up the DagBag from /home/airflow/dags/data_merge_dag.py
[2026-04-25T22:03:55.961+0000] {processor.py:840} INFO - DAG(s) 'data_merge_pipeline' retrieved from /home/airflow/dags/data_merge_dag.py
[2026-04-25T22:03:55.988+0000] {logging_mixin.py:188} INFO - [2026-04-25T22:03:55.987+0000] {dag.py:3036} INFO - Sync 1 DAGs
[2026-04-25T22:03:56.166+0000] {logging_mixin.py:188} INFO - [2026-04-25T22:03:56.165+0000] {dag.py:3823} INFO - Setting next_dagrun for data_merge_pipeline to 2026-04-26 00:00:00+00:00, run_after=2026-05-03 00:00:00+00:00
[2026-04-25T22:03:56.189+0000] {processor.py:183} INFO - Processing /home/airflow/dags/data_merge_dag.py took 0.506 seconds
[2026-04-25T22:04:27.217+0000] {processor.py:161} INFO - Started process (PID=15511) to work on /home/airflow/dags/data_merge_dag.py
[2026-04-25T22:04:27.219+0000] {processor.py:830} INFO - Processing file /home/airflow/dags/data_merge_dag.py for tasks to queue
[2026-04-25T22:04:27.221+0000] {logging_mixin.py:188} INFO - [2026-04-25T22:04:27.221+0000] {dagbag.py:538} INFO - Filling up the DagBag from /home/airflow/dags/data_merge_dag.py
[2026-04-25T22:04:27.496+0000] {processor.py:840} INFO - DAG(s) 'data_merge_pipeline' retrieved from /home/airflow/dags/data_merge_dag.py
[2026-04-25T22:04:27.523+0000] {logging_mixin.py:188} INFO - [2026-04-25T22:04:27.521+0000] {dag.py:3036} INFO - Sync 1 DAGs
[2026-04-25T22:04:27.690+0000] {logging_mixin.py:188} INFO - [2026-04-25T22:04:27.690+0000] {dag.py:3823} INFO - Setting next_dagrun for data_merge_pipeline to 2026-04-26 00:00:00+00:00, run_after=2026-05-03 00:00:00+00:00
[2026-04-25T22:04:27.714+0000] {processor.py:183} INFO - Processing /home/airflow/dags/data_merge_dag.py took 0.500 seconds
[2026-04-25T22:04:58.642+0000] {processor.py:161} INFO - Started process (PID=15543) to work on /home/airflow/dags/data_merge_dag.py
[2026-04-25T22:04:58.644+0000] {processor.py:830} INFO - Processing file /home/airflow/dags/data_merge_dag.py for tasks to queue
[2026-04-25T22:04:58.645+0000] {logging_mixin.py:188} INFO - [2026-04-25T22:04:58.645+0000] {dagbag.py:538} INFO - Filling up the DagBag from /home/airflow/dags/data_merge_dag.py
[2026-04-25T22:04:59.075+0000] {processor.py:840} INFO - DAG(s) 'data_merge_pipeline' retrieved from /home/airflow/dags/data_merge_dag.py
[2026-04-25T22:04:59.098+0000] {logging_mixin.py:188} INFO - [2026-04-25T22:04:59.097+0000] {dag.py:3036} INFO - Sync 1 DAGs
[2026-04-25T22:04:59.117+0000] {logging_mixin.py:188} INFO - [2026-04-25T22:04:59.117+0000] {dag.py:3823} INFO - Setting next_dagrun for data_merge_pipeline to 2026-04-26 00:00:00+00:00, run_after=2026-05-03 00:00:00+00:00
[2026-04-25T22:04:59.140+0000] {processor.py:183} INFO - Processing /home/airflow/dags/data_merge_dag.py took 0.502 seconds
[2026-04-25T22:05:29.475+0000] {processor.py:161} INFO - Started process (PID=15575) to work on /home/airflow/dags/data_merge_dag.py
[2026-04-25T22:05:29.476+0000] {processor.py:830} INFO - Processing file /home/airflow/dags/data_merge_dag.py for tasks to queue
[2026-04-25T22:05:29.478+0000] {logging_mixin.py:188} INFO - [2026-04-25T22:05:29.477+0000] {dagbag.py:538} INFO - Filling up the DagBag from /home/airflow/dags/data_merge_dag.py
[2026-04-25T22:05:29.968+0000] {processor.py:840} INFO - DAG(s) 'data_merge_pipeline' retrieved from /home/airflow/dags/data_merge_dag.py
[2026-04-25T22:05:29.999+0000] {logging_mixin.py:188} INFO - [2026-04-25T22:05:29.998+0000] {dag.py:3036} INFO - Sync 1 DAGs
[2026-04-25T22:05:30.039+0000] {logging_mixin.py:188} INFO - [2026-04-25T22:05:30.038+0000] {dag.py:3823} INFO - Setting next_dagrun for data_merge_pipeline to 2026-04-26 00:00:00+00:00, run_after=2026-05-03 00:00:00+00:00
[2026-04-25T22:05:30.073+0000] {processor.py:183} INFO - Processing /home/airflow/dags/data_merge_dag.py took 0.603 seconds
[2026-04-25T22:06:00.254+0000] {processor.py:161} INFO - Started process (PID=15607) to work on /home/airflow/dags/data_merge_dag.py
[2026-04-25T22:06:00.255+0000] {processor.py:830} INFO - Processing file /home/airflow/dags/data_merge_dag.py for tasks to queue
[2026-04-25T22:06:00.256+0000] {logging_mixin.py:188} INFO - [2026-04-25T22:06:00.256+0000] {dagbag.py:538} INFO - Filling up the DagBag from /home/airflow/dags/data_merge_dag.py
[2026-04-25T22:06:00.676+0000] {processor.py:840} INFO - DAG(s) 'data_merge_pipeline' retrieved from /home/airflow/dags/data_merge_dag.py
[2026-04-25T22:06:00.703+0000] {logging_mixin.py:188} INFO - [2026-04-25T22:06:00.703+0000] {dag.py:3036} INFO - Sync 1 DAGs
[2026-04-25T22:06:00.724+0000] {logging_mixin.py:188} INFO - [2026-04-25T22:06:00.724+0000] {dag.py:3823} INFO - Setting next_dagrun for data_merge_pipeline to 2026-04-26 00:00:00+00:00, run_after=2026-05-03 00:00:00+00:00
[2026-04-25T22:06:00.752+0000] {processor.py:183} INFO - Processing /home/airflow/dags/data_merge_dag.py took 0.503 seconds
[2026-04-25T22:06:31.637+0000] {processor.py:161} INFO - Started process (PID=15639) to work on /home/airflow/dags/data_merge_dag.py
[2026-04-25T22:06:31.639+0000] {processor.py:830} INFO - Processing file /home/airflow/dags/data_merge_dag.py for tasks to queue
[2026-04-25T22:06:31.640+0000] {logging_mixin.py:188} INFO - [2026-04-25T22:06:31.640+0000] {dagbag.py:538} INFO - Filling up the DagBag from /home/airflow/dags/data_merge_dag.py
[2026-04-25T22:06:32.060+0000] {processor.py:840} INFO - DAG(s) 'data_merge_pipeline' retrieved from /home/airflow/dags/data_merge_dag.py
[2026-04-25T22:06:32.084+0000] {logging_mixin.py:188} INFO - [2026-04-25T22:06:32.083+0000] {dag.py:3036} INFO - Sync 1 DAGs
[2026-04-25T22:06:32.103+0000] {logging_mixin.py:188} INFO - [2026-04-25T22:06:32.103+0000] {dag.py:3823} INFO - Setting next_dagrun for data_merge_pipeline to 2026-04-26 00:00:00+00:00, run_after=2026-05-03 00:00:00+00:00
[2026-04-25T22:06:32.127+0000] {processor.py:183} INFO - Processing /home/airflow/dags/data_merge_dag.py took 0.494 seconds
[2026-04-25T22:07:02.903+0000] {processor.py:161} INFO - Started process (PID=15671) to work on /home/airflow/dags/data_merge_dag.py
[2026-04-25T22:07:02.905+0000] {processor.py:830} INFO - Processing file /home/airflow/dags/data_merge_dag.py for tasks to queue
[2026-04-25T22:07:02.906+0000] {logging_mixin.py:188} INFO - [2026-04-25T22:07:02.906+0000] {dagbag.py:538} INFO - Filling up the DagBag from /home/airflow/dags/data_merge_dag.py
[2026-04-25T22:07:03.352+0000] {processor.py:840} INFO - DAG(s) 'data_merge_pipeline' retrieved from /home/airflow/dags/data_merge_dag.py
[2026-04-25T22:07:03.374+0000] {logging_mixin.py:188} INFO - [2026-04-25T22:07:03.374+0000] {dag.py:3036} INFO - Sync 1 DAGs
[2026-04-25T22:07:03.392+0000] {logging_mixin.py:188} INFO - [2026-04-25T22:07:03.391+0000] {dag.py:3823} INFO - Setting next_dagrun for data_merge_pipeline to 2026-04-26 00:00:00+00:00, run_after=2026-05-03 00:00:00+00:00
[2026-04-25T22:07:03.413+0000] {processor.py:183} INFO - Processing /home/airflow/dags/data_merge_dag.py took 0.515 seconds
[2026-04-25T22:07:34.233+0000] {processor.py:161} INFO - Started process (PID=15703) to work on /home/airflow/dags/data_merge_dag.py
[2026-04-25T22:07:34.235+0000] {processor.py:830} INFO - Processing file /home/airflow/dags/data_merge_dag.py for tasks to queue
[2026-04-25T22:07:34.236+0000] {logging_mixin.py:188} INFO - [2026-04-25T22:07:34.235+0000] {dagbag.py:538} INFO - Filling up the DagBag from /home/airflow/dags/data_merge_dag.py
[2026-04-25T22:07:34.648+0000] {processor.py:840} INFO - DAG(s) 'data_merge_pipeline' retrieved from /home/airflow/dags/data_merge_dag.py
[2026-04-25T22:07:34.675+0000] {logging_mixin.py:188} INFO - [2026-04-25T22:07:34.674+0000] {dag.py:3036} INFO - Sync 1 DAGs
[2026-04-25T22:07:34.699+0000] {logging_mixin.py:188} INFO - [2026-04-25T22:07:34.699+0000] {dag.py:3823} INFO - Setting next_dagrun for data_merge_pipeline to 2026-04-26 00:00:00+00:00, run_after=2026-05-03 00:00:00+00:00
[2026-04-25T22:07:34.729+0000] {processor.py:183} INFO - Processing /home/airflow/dags/data_merge_dag.py took 0.499 seconds
[2026-04-25T22:08:04.853+0000] {processor.py:161} INFO - Started process (PID=15735) to work on /home/airflow/dags/data_merge_dag.py
[2026-04-25T22:08:04.855+0000] {processor.py:830} INFO - Processing file /home/airflow/dags/data_merge_dag.py for tasks to queue
[2026-04-25T22:08:04.856+0000] {logging_mixin.py:188} INFO - [2026-04-25T22:08:04.855+0000] {dagbag.py:538} INFO - Filling up the DagBag from /home/airflow/dags/data_merge_dag.py
[2026-04-25T22:08:05.342+0000] {processor.py:840} INFO - DAG(s) 'data_merge_pipeline' retrieved from /home/airflow/dags/data_merge_dag.py
[2026-04-25T22:08:05.367+0000] {logging_mixin.py:188} INFO - [2026-04-25T22:08:05.366+0000] {dag.py:3036} INFO - Sync 1 DAGs
[2026-04-25T22:08:05.386+0000] {logging_mixin.py:188} INFO - [2026-04-25T22:08:05.386+0000] {dag.py:3823} INFO - Setting next_dagrun for data_merge_pipeline to 2026-04-26 00:00:00+00:00, run_after=2026-05-03 00:00:00+00:00
[2026-04-25T22:08:05.406+0000] {processor.py:183} INFO - Processing /home/airflow/dags/data_merge_dag.py took 0.557 seconds
[2026-04-25T22:08:35.754+0000] {processor.py:161} INFO - Started process (PID=15767) to work on /home/airflow/dags/data_merge_dag.py
[2026-04-25T22:08:35.755+0000] {processor.py:830} INFO - Processing file /home/airflow/dags/data_merge_dag.py for tasks to queue
[2026-04-25T22:08:35.757+0000] {logging_mixin.py:188} INFO - [2026-04-25T22:08:35.756+0000] {dagbag.py:538} INFO - Filling up the DagBag from /home/airflow/dags/data_merge_dag.py
[2026-04-25T22:08:36.148+0000] {processor.py:840} INFO - DAG(s) 'data_merge_pipeline' retrieved from /home/airflow/dags/data_merge_dag.py
[2026-04-25T22:08:36.171+0000] {logging_mixin.py:188} INFO - [2026-04-25T22:08:36.170+0000] {dag.py:3036} INFO - Sync 1 DAGs
[2026-04-25T22:08:36.188+0000] {logging_mixin.py:188} INFO - [2026-04-25T22:08:36.188+0000] {dag.py:3823} INFO - Setting next_dagrun for data_merge_pipeline to 2026-04-26 00:00:00+00:00, run_after=2026-05-03 00:00:00+00:00
[2026-04-25T22:08:36.210+0000] {processor.py:183} INFO - Processing /home/airflow/dags/data_merge_dag.py took 0.459 seconds
[2026-04-25T22:09:06.278+0000] {processor.py:161} INFO - Started process (PID=15799) to work on /home/airflow/dags/data_merge_dag.py
[2026-04-25T22:09:06.280+0000] {processor.py:830} INFO - Processing file /home/airflow/dags/data_merge_dag.py for tasks to queue
[2026-04-25T22:09:06.281+0000] {logging_mixin.py:188} INFO - [2026-04-25T22:09:06.281+0000] {dagbag.py:538} INFO - Filling up the DagBag from /home/airflow/dags/data_merge_dag.py
[2026-04-25T22:09:06.766+0000] {processor.py:840} INFO - DAG(s) 'data_merge_pipeline' retrieved from /home/airflow/dags/data_merge_dag.py
[2026-04-25T22:09:06.794+0000] {logging_mixin.py:188} INFO - [2026-04-25T22:09:06.793+0000] {dag.py:3036} INFO - Sync 1 DAGs
[2026-04-25T22:09:06.817+0000] {logging_mixin.py:188} INFO - [2026-04-25T22:09:06.817+0000] {dag.py:3823} INFO - Setting next_dagrun for data_merge_pipeline to 2026-04-26 00:00:00+00:00, run_after=2026-05-03 00:00:00+00:00
[2026-04-25T22:09:06.840+0000] {processor.py:183} INFO - Processing /home/airflow/dags/data_merge_dag.py took 0.566 seconds
[2026-04-25T22:09:37.592+0000] {processor.py:161} INFO - Started process (PID=15831) to work on /home/airflow/dags/data_merge_dag.py
[2026-04-25T22:09:37.593+0000] {processor.py:830} INFO - Processing file /home/airflow/dags/data_merge_dag.py for tasks to queue
[2026-04-25T22:09:37.594+0000] {logging_mixin.py:188} INFO - [2026-04-25T22:09:37.594+0000] {dagbag.py:538} INFO - Filling up the DagBag from /home/airflow/dags/data_merge_dag.py
[2026-04-25T22:09:38.006+0000] {processor.py:840} INFO - DAG(s) 'data_merge_pipeline' retrieved from /home/airflow/dags/data_merge_dag.py
[2026-04-25T22:09:38.029+0000] {logging_mixin.py:188} INFO - [2026-04-25T22:09:38.029+0000] {dag.py:3036} INFO - Sync 1 DAGs
[2026-04-25T22:09:38.049+0000] {logging_mixin.py:188} INFO - [2026-04-25T22:09:38.049+0000] {dag.py:3823} INFO - Setting next_dagrun for data_merge_pipeline to 2026-04-26 00:00:00+00:00, run_after=2026-05-03 00:00:00+00:00
[2026-04-25T22:09:38.076+0000] {processor.py:183} INFO - Processing /home/airflow/dags/data_merge_dag.py took 0.487 seconds
[2026-04-25T22:10:08.252+0000] {processor.py:161} INFO - Started process (PID=15863) to work on /home/airflow/dags/data_merge_dag.py
[2026-04-25T22:10:08.253+0000] {processor.py:830} INFO - Processing file /home/airflow/dags/data_merge_dag.py for tasks to queue
[2026-04-25T22:10:08.255+0000] {logging_mixin.py:188} INFO - [2026-04-25T22:10:08.254+0000] {dagbag.py:538} INFO - Filling up the DagBag from /home/airflow/dags/data_merge_dag.py
[2026-04-25T22:10:08.843+0000] {processor.py:840} INFO - DAG(s) 'data_merge_pipeline' retrieved from /home/airflow/dags/data_merge_dag.py
[2026-04-25T22:10:08.864+0000] {logging_mixin.py:188} INFO - [2026-04-25T22:10:08.864+0000] {dag.py:3036} INFO - Sync 1 DAGs
[2026-04-25T22:10:08.883+0000] {logging_mixin.py:188} INFO - [2026-04-25T22:10:08.883+0000] {dag.py:3823} INFO - Setting next_dagrun for data_merge_pipeline to 2026-04-26 00:00:00+00:00, run_after=2026-05-03 00:00:00+00:00
[2026-04-25T22:10:08.906+0000] {processor.py:183} INFO - Processing /home/airflow/dags/data_merge_dag.py took 0.658 seconds
[2026-04-25T22:10:39.560+0000] {processor.py:161} INFO - Started process (PID=15895) to work on /home/airflow/dags/data_merge_dag.py
[2026-04-25T22:10:39.562+0000] {processor.py:830} INFO - Processing file /home/airflow/dags/data_merge_dag.py for tasks to queue
[2026-04-25T22:10:39.563+0000] {logging_mixin.py:188} INFO - [2026-04-25T22:10:39.563+0000] {dagbag.py:538} INFO - Filling up the DagBag from /home/airflow/dags/data_merge_dag.py
[2026-04-25T22:10:40.048+0000] {processor.py:840} INFO - DAG(s) 'data_merge_pipeline' retrieved from /home/airflow/dags/data_merge_dag.py
[2026-04-25T22:10:40.080+0000] {logging_mixin.py:188} INFO - [2026-04-25T22:10:40.079+0000] {dag.py:3036} INFO - Sync 1 DAGs
[2026-04-25T22:10:40.108+0000] {logging_mixin.py:188} INFO - [2026-04-25T22:10:40.107+0000] {dag.py:3823} INFO - Setting next_dagrun for data_merge_pipeline to 2026-04-26 00:00:00+00:00, run_after=2026-05-03 00:00:00+00:00
[2026-04-25T22:10:40.135+0000] {processor.py:183} INFO - Processing /home/airflow/dags/data_merge_dag.py took 0.578 seconds
[2026-04-25T22:11:10.299+0000] {processor.py:161} INFO - Started process (PID=15927) to work on /home/airflow/dags/data_merge_dag.py
[2026-04-25T22:11:10.300+0000] {processor.py:830} INFO - Processing file /home/airflow/dags/data_merge_dag.py for tasks to queue
[2026-04-25T22:11:10.301+0000] {logging_mixin.py:188} INFO - [2026-04-25T22:11:10.301+0000] {dagbag.py:538} INFO - Filling up the DagBag from /home/airflow/dags/data_merge_dag.py
[2026-04-25T22:11:10.776+0000] {processor.py:840} INFO - DAG(s) 'data_merge_pipeline' retrieved from /home/airflow/dags/data_merge_dag.py
[2026-04-25T22:11:10.802+0000] {logging_mixin.py:188} INFO - [2026-04-25T22:11:10.801+0000] {dag.py:3036} INFO - Sync 1 DAGs
[2026-04-25T22:11:10.825+0000] {logging_mixin.py:188} INFO - [2026-04-25T22:11:10.824+0000] {dag.py:3823} INFO - Setting next_dagrun for data_merge_pipeline to 2026-04-26 00:00:00+00:00, run_after=2026-05-03 00:00:00+00:00
[2026-04-25T22:11:10.849+0000] {processor.py:183} INFO - Processing /home/airflow/dags/data_merge_dag.py took 0.554 seconds
[2026-04-25T22:11:41.168+0000] {processor.py:161} INFO - Started process (PID=15959) to work on /home/airflow/dags/data_merge_dag.py
[2026-04-25T22:11:41.169+0000] {processor.py:830} INFO - Processing file /home/airflow/dags/data_merge_dag.py for tasks to queue
[2026-04-25T22:11:41.170+0000] {logging_mixin.py:188} INFO - [2026-04-25T22:11:41.170+0000] {dagbag.py:538} INFO - Filling up the DagBag from /home/airflow/dags/data_merge_dag.py
[2026-04-25T22:11:41.576+0000] {processor.py:840} INFO - DAG(s) 'data_merge_pipeline' retrieved from /home/airflow/dags/data_merge_dag.py
[2026-04-25T22:11:41.599+0000] {logging_mixin.py:188} INFO - [2026-04-25T22:11:41.598+0000] {dag.py:3036} INFO - Sync 1 DAGs
[2026-04-25T22:11:41.619+0000] {logging_mixin.py:188} INFO - [2026-04-25T22:11:41.618+0000] {dag.py:3823} INFO - Setting next_dagrun for data_merge_pipeline to 2026-04-26 00:00:00+00:00, run_after=2026-05-03 00:00:00+00:00
[2026-04-25T22:11:41.642+0000] {processor.py:183} INFO - Processing /home/airflow/dags/data_merge_dag.py took 0.477 seconds
[2026-04-25T22:12:11.950+0000] {processor.py:161} INFO - Started process (PID=15991) to work on /home/airflow/dags/data_merge_dag.py
[2026-04-25T22:12:11.951+0000] {processor.py:830} INFO - Processing file /home/airflow/dags/data_merge_dag.py for tasks to queue
[2026-04-25T22:12:11.952+0000] {logging_mixin.py:188} INFO - [2026-04-25T22:12:11.952+0000] {dagbag.py:538} INFO - Filling up the DagBag from /home/airflow/dags/data_merge_dag.py
[2026-04-25T22:12:12.429+0000] {processor.py:840} INFO - DAG(s) 'data_merge_pipeline' retrieved from /home/airflow/dags/data_merge_dag.py
[2026-04-25T22:12:12.450+0000] {logging_mixin.py:188} INFO - [2026-04-25T22:12:12.450+0000] {dag.py:3036} INFO - Sync 1 DAGs
[2026-04-25T22:12:12.472+0000] {logging_mixin.py:188} INFO - [2026-04-25T22:12:12.471+0000] {dag.py:3823} INFO - Setting next_dagrun for data_merge_pipeline to 2026-04-26 00:00:00+00:00, run_after=2026-05-03 00:00:00+00:00
[2026-04-25T22:12:12.494+0000] {processor.py:183} INFO - Processing /home/airflow/dags/data_merge_dag.py took 0.548 seconds
[2026-04-25T22:12:43.013+0000] {processor.py:161} INFO - Started process (PID=16023) to work on /home/airflow/dags/data_merge_dag.py
[2026-04-25T22:12:43.014+0000] {processor.py:830} INFO - Processing file /home/airflow/dags/data_merge_dag.py for tasks to queue
[2026-04-25T22:12:43.016+0000] {logging_mixin.py:188} INFO - [2026-04-25T22:12:43.015+0000] {dagbag.py:538} INFO - Filling up the DagBag from /home/airflow/dags/data_merge_dag.py
[2026-04-25T22:12:43.443+0000] {processor.py:840} INFO - DAG(s) 'data_merge_pipeline' retrieved from /home/airflow/dags/data_merge_dag.py
[2026-04-25T22:12:43.466+0000] {logging_mixin.py:188} INFO - [2026-04-25T22:12:43.465+0000] {dag.py:3036} INFO - Sync 1 DAGs
[2026-04-25T22:12:43.485+0000] {logging_mixin.py:188} INFO - [2026-04-25T22:12:43.485+0000] {dag.py:3823} INFO - Setting next_dagrun for data_merge_pipeline to 2026-04-26 00:00:00+00:00, run_after=2026-05-03 00:00:00+00:00
[2026-04-25T22:12:43.506+0000] {processor.py:183} INFO - Processing /home/airflow/dags/data_merge_dag.py took 0.497 seconds
[2026-04-25T22:13:13.655+0000] {processor.py:161} INFO - Started process (PID=16055) to work on /home/airflow/dags/data_merge_dag.py
[2026-04-25T22:13:13.656+0000] {processor.py:830} INFO - Processing file /home/airflow/dags/data_merge_dag.py for tasks to queue
[2026-04-25T22:13:13.657+0000] {logging_mixin.py:188} INFO - [2026-04-25T22:13:13.657+0000] {dagbag.py:538} INFO - Filling up the DagBag from /home/airflow/dags/data_merge_dag.py
[2026-04-25T22:13:14.035+0000] {processor.py:840} INFO - DAG(s) 'data_merge_pipeline' retrieved from /home/airflow/dags/data_merge_dag.py
[2026-04-25T22:13:14.059+0000] {logging_mixin.py:188} INFO - [2026-04-25T22:13:14.057+0000] {dag.py:3036} INFO - Sync 1 DAGs
[2026-04-25T22:13:14.078+0000] {logging_mixin.py:188} INFO - [2026-04-25T22:13:14.077+0000] {dag.py:3823} INFO - Setting next_dagrun for data_merge_pipeline to 2026-04-26 00:00:00+00:00, run_after=2026-05-03 00:00:00+00:00
[2026-04-25T22:13:14.102+0000] {processor.py:183} INFO - Processing /home/airflow/dags/data_merge_dag.py took 0.450 seconds
[2026-04-25T22:13:44.540+0000] {processor.py:161} INFO - Started process (PID=16087) to work on /home/airflow/dags/data_merge_dag.py
[2026-04-25T22:13:44.541+0000] {processor.py:830} INFO - Processing file /home/airflow/dags/data_merge_dag.py for tasks to queue
[2026-04-25T22:13:44.542+0000] {logging_mixin.py:188} INFO - [2026-04-25T22:13:44.542+0000] {dagbag.py:538} INFO - Filling up the DagBag from /home/airflow/dags/data_merge_dag.py
[2026-04-25T22:13:45.016+0000] {processor.py:840} INFO - DAG(s) 'data_merge_pipeline' retrieved from /home/airflow/dags/data_merge_dag.py
[2026-04-25T22:13:45.043+0000] {logging_mixin.py:188} INFO - [2026-04-25T22:13:45.042+0000] {dag.py:3036} INFO - Sync 1 DAGs
[2026-04-25T22:13:45.064+0000] {logging_mixin.py:188} INFO - [2026-04-25T22:13:45.064+0000] {dag.py:3823} INFO - Setting next_dagrun for data_merge_pipeline to 2026-04-26 00:00:00+00:00, run_after=2026-05-03 00:00:00+00:00
[2026-04-25T22:13:45.088+0000] {processor.py:183} INFO - Processing /home/airflow/dags/data_merge_dag.py took 0.551 seconds
[2026-04-25T22:14:15.177+0000] {processor.py:161} INFO - Started process (PID=16119) to work on /home/airflow/dags/data_merge_dag.py
[2026-04-25T22:14:15.179+0000] {processor.py:830} INFO - Processing file /home/airflow/dags/data_merge_dag.py for tasks to queue
[2026-04-25T22:14:15.180+0000] {logging_mixin.py:188} INFO - [2026-04-25T22:14:15.180+0000] {dagbag.py:538} INFO - Filling up the DagBag from /home/airflow/dags/data_merge_dag.py
[2026-04-25T22:14:15.521+0000] {processor.py:840} INFO - DAG(s) 'data_merge_pipeline' retrieved from /home/airflow/dags/data_merge_dag.py
[2026-04-25T22:14:15.548+0000] {logging_mixin.py:188} INFO - [2026-04-25T22:14:15.548+0000] {dag.py:3036} INFO - Sync 1 DAGs
[2026-04-25T22:14:15.569+0000] {logging_mixin.py:188} INFO - [2026-04-25T22:14:15.569+0000] {dag.py:3823} INFO - Setting next_dagrun for data_merge_pipeline to 2026-04-26 00:00:00+00:00, run_after=2026-05-03 00:00:00+00:00
[2026-04-25T22:14:15.595+0000] {processor.py:183} INFO - Processing /home/airflow/dags/data_merge_dag.py took 0.423 seconds
[2026-04-25T22:14:46.577+0000] {processor.py:161} INFO - Started process (PID=16151) to work on /home/airflow/dags/data_merge_dag.py
[2026-04-25T22:14:46.579+0000] {processor.py:830} INFO - Processing file /home/airflow/dags/data_merge_dag.py for tasks to queue
[2026-04-25T22:14:46.581+0000] {logging_mixin.py:188} INFO - [2026-04-25T22:14:46.580+0000] {dagbag.py:538} INFO - Filling up the DagBag from /home/airflow/dags/data_merge_dag.py
[2026-04-25T22:14:47.060+0000] {processor.py:840} INFO - DAG(s) 'data_merge_pipeline' retrieved from /home/airflow/dags/data_merge_dag.py
[2026-04-25T22:14:47.102+0000] {logging_mixin.py:188} INFO - [2026-04-25T22:14:47.101+0000] {dag.py:3036} INFO - Sync 1 DAGs
[2026-04-25T22:14:47.148+0000] {logging_mixin.py:188} INFO - [2026-04-25T22:14:47.148+0000] {dag.py:3823} INFO - Setting next_dagrun for data_merge_pipeline to 2026-04-26 00:00:00+00:00, run_after=2026-05-03 00:00:00+00:00
[2026-04-25T22:14:47.192+0000] {processor.py:183} INFO - Processing /home/airflow/dags/data_merge_dag.py took 0.619 seconds
[2026-04-25T22:15:17.875+0000] {processor.py:161} INFO - Started process (PID=16183) to work on /home/airflow/dags/data_merge_dag.py
[2026-04-25T22:15:17.878+0000] {processor.py:830} INFO - Processing file /home/airflow/dags/data_merge_dag.py for tasks to queue
[2026-04-25T22:15:17.879+0000] {logging_mixin.py:188} INFO - [2026-04-25T22:15:17.878+0000] {dagbag.py:538} INFO - Filling up the DagBag from /home/airflow/dags/data_merge_dag.py
[2026-04-25T22:15:18.130+0000] {processor.py:840} INFO - DAG(s) 'data_merge_pipeline' retrieved from /home/airflow/dags/data_merge_dag.py
[2026-04-25T22:15:18.159+0000] {logging_mixin.py:188} INFO - [2026-04-25T22:15:18.158+0000] {dag.py:3036} INFO - Sync 1 DAGs
[2026-04-25T22:15:18.183+0000] {logging_mixin.py:188} INFO - [2026-04-25T22:15:18.183+0000] {dag.py:3823} INFO - Setting next_dagrun for data_merge_pipeline to 2026-04-26 00:00:00+00:00, run_after=2026-05-03 00:00:00+00:00
[2026-04-25T22:15:18.211+0000] {processor.py:183} INFO - Processing /home/airflow/dags/data_merge_dag.py took 0.339 seconds
[2026-04-25T22:15:48.655+0000] {processor.py:161} INFO - Started process (PID=16215) to work on /home/airflow/dags/data_merge_dag.py
[2026-04-25T22:15:48.657+0000] {processor.py:830} INFO - Processing file /home/airflow/dags/data_merge_dag.py for tasks to queue
[2026-04-25T22:15:48.658+0000] {logging_mixin.py:188} INFO - [2026-04-25T22:15:48.657+0000] {dagbag.py:538} INFO - Filling up the DagBag from /home/airflow/dags/data_merge_dag.py
[2026-04-25T22:15:48.898+0000] {processor.py:840} INFO - DAG(s) 'data_merge_pipeline' retrieved from /home/airflow/dags/data_merge_dag.py
[2026-04-25T22:15:48.924+0000] {logging_mixin.py:188} INFO - [2026-04-25T22:15:48.924+0000] {dag.py:3036} INFO - Sync 1 DAGs
[2026-04-25T22:15:48.946+0000] {logging_mixin.py:188} INFO - [2026-04-25T22:15:48.946+0000] {dag.py:3823} INFO - Setting next_dagrun for data_merge_pipeline to 2026-04-26 00:00:00+00:00, run_after=2026-05-03 00:00:00+00:00
[2026-04-25T22:15:48.975+0000] {processor.py:183} INFO - Processing /home/airflow/dags/data_merge_dag.py took 0.322 seconds
[2026-04-25T22:16:19.404+0000] {processor.py:161} INFO - Started process (PID=16247) to work on /home/airflow/dags/data_merge_dag.py
[2026-04-25T22:16:19.405+0000] {processor.py:830} INFO - Processing file /home/airflow/dags/data_merge_dag.py for tasks to queue
[2026-04-25T22:16:19.407+0000] {logging_mixin.py:188} INFO - [2026-04-25T22:16:19.406+0000] {dagbag.py:538} INFO - Filling up the DagBag from /home/airflow/dags/data_merge_dag.py
[2026-04-25T22:16:19.686+0000] {processor.py:840} INFO - DAG(s) 'data_merge_pipeline' retrieved from /home/airflow/dags/data_merge_dag.py
[2026-04-25T22:16:19.716+0000] {logging_mixin.py:188} INFO - [2026-04-25T22:16:19.715+0000] {dag.py:3036} INFO - Sync 1 DAGs
[2026-04-25T22:16:19.742+0000] {logging_mixin.py:188} INFO - [2026-04-25T22:16:19.742+0000] {dag.py:3823} INFO - Setting next_dagrun for data_merge_pipeline to 2026-04-26 00:00:00+00:00, run_after=2026-05-03 00:00:00+00:00
[2026-04-25T22:16:19.769+0000] {processor.py:183} INFO - Processing /home/airflow/dags/data_merge_dag.py took 0.369 seconds
[2026-04-25T22:16:49.975+0000] {processor.py:161} INFO - Started process (PID=16279) to work on /home/airflow/dags/data_merge_dag.py
[2026-04-25T22:16:49.977+0000] {processor.py:830} INFO - Processing file /home/airflow/dags/data_merge_dag.py for tasks to queue
[2026-04-25T22:16:49.978+0000] {logging_mixin.py:188} INFO - [2026-04-25T22:16:49.978+0000] {dagbag.py:538} INFO - Filling up the DagBag from /home/airflow/dags/data_merge_dag.py
[2026-04-25T22:16:50.276+0000] {processor.py:840} INFO - DAG(s) 'data_merge_pipeline' retrieved from /home/airflow/dags/data_merge_dag.py
[2026-04-25T22:16:50.303+0000] {logging_mixin.py:188} INFO - [2026-04-25T22:16:50.303+0000] {dag.py:3036} INFO - Sync 1 DAGs
[2026-04-25T22:16:50.328+0000] {logging_mixin.py:188} INFO - [2026-04-25T22:16:50.328+0000] {dag.py:3823} INFO - Setting next_dagrun for data_merge_pipeline to 2026-04-26 00:00:00+00:00, run_after=2026-05-03 00:00:00+00:00
[2026-04-25T22:16:50.352+0000] {processor.py:183} INFO - Processing /home/airflow/dags/data_merge_dag.py took 0.381 seconds
[2026-04-25T22:17:21.303+0000] {processor.py:161} INFO - Started process (PID=16311) to work on /home/airflow/dags/data_merge_dag.py
[2026-04-25T22:17:21.305+0000] {processor.py:830} INFO - Processing file /home/airflow/dags/data_merge_dag.py for tasks to queue
[2026-04-25T22:17:21.307+0000] {logging_mixin.py:188} INFO - [2026-04-25T22:17:21.306+0000] {dagbag.py:538} INFO - Filling up the DagBag from /home/airflow/dags/data_merge_dag.py
[2026-04-25T22:17:21.642+0000] {processor.py:840} INFO - DAG(s) 'data_merge_pipeline' retrieved from /home/airflow/dags/data_merge_dag.py
[2026-04-25T22:17:21.669+0000] {logging_mixin.py:188} INFO - [2026-04-25T22:17:21.669+0000] {dag.py:3036} INFO - Sync 1 DAGs
[2026-04-25T22:17:21.694+0000] {logging_mixin.py:188} INFO - [2026-04-25T22:17:21.693+0000] {dag.py:3823} INFO - Setting next_dagrun for data_merge_pipeline to 2026-04-26 00:00:00+00:00, run_after=2026-05-03 00:00:00+00:00
[2026-04-25T22:17:21.720+0000] {processor.py:183} INFO - Processing /home/airflow/dags/data_merge_dag.py took 0.420 seconds
[2026-04-25T22:17:52.551+0000] {processor.py:161} INFO - Started process (PID=16343) to work on /home/airflow/dags/data_merge_dag.py
[2026-04-25T22:17:52.552+0000] {processor.py:830} INFO - Processing file /home/airflow/dags/data_merge_dag.py for tasks to queue
[2026-04-25T22:17:52.554+0000] {logging_mixin.py:188} INFO - [2026-04-25T22:17:52.553+0000] {dagbag.py:538} INFO - Filling up the DagBag from /home/airflow/dags/data_merge_dag.py
[2026-04-25T22:17:52.805+0000] {processor.py:840} INFO - DAG(s) 'data_merge_pipeline' retrieved from /home/airflow/dags/data_merge_dag.py
[2026-04-25T22:17:52.829+0000] {logging_mixin.py:188} INFO - [2026-04-25T22:17:52.829+0000] {dag.py:3036} INFO - Sync 1 DAGs
[2026-04-25T22:17:52.850+0000] {logging_mixin.py:188} INFO - [2026-04-25T22:17:52.850+0000] {dag.py:3823} INFO - Setting next_dagrun for data_merge_pipeline to 2026-04-26 00:00:00+00:00, run_after=2026-05-03 00:00:00+00:00
[2026-04-25T22:17:52.873+0000] {processor.py:183} INFO - Processing /home/airflow/dags/data_merge_dag.py took 0.325 seconds
[2026-04-25T22:18:23.017+0000] {processor.py:161} INFO - Started process (PID=16375) to work on /home/airflow/dags/data_merge_dag.py
[2026-04-25T22:18:23.018+0000] {processor.py:830} INFO - Processing file /home/airflow/dags/data_merge_dag.py for tasks to queue
[2026-04-25T22:18:23.020+0000] {logging_mixin.py:188} INFO - [2026-04-25T22:18:23.019+0000] {dagbag.py:538} INFO - Filling up the DagBag from /home/airflow/dags/data_merge_dag.py
[2026-04-25T22:18:23.267+0000] {processor.py:840} INFO - DAG(s) 'data_merge_pipeline' retrieved from /home/airflow/dags/data_merge_dag.py
[2026-04-25T22:18:23.291+0000] {logging_mixin.py:188} INFO - [2026-04-25T22:18:23.291+0000] {dag.py:3036} INFO - Sync 1 DAGs
[2026-04-25T22:18:23.315+0000] {logging_mixin.py:188} INFO - [2026-04-25T22:18:23.314+0000] {dag.py:3823} INFO - Setting next_dagrun for data_merge_pipeline to 2026-04-26 00:00:00+00:00, run_after=2026-05-03 00:00:00+00:00
[2026-04-25T22:18:23.340+0000] {processor.py:183} INFO - Processing /home/airflow/dags/data_merge_dag.py took 0.327 seconds
[2026-04-25T22:18:53.628+0000] {processor.py:161} INFO - Started process (PID=16407) to work on /home/airflow/dags/data_merge_dag.py
[2026-04-25T22:18:53.629+0000] {processor.py:830} INFO - Processing file /home/airflow/dags/data_merge_dag.py for tasks to queue
[2026-04-25T22:18:53.630+0000] {logging_mixin.py:188} INFO - [2026-04-25T22:18:53.630+0000] {dagbag.py:538} INFO - Filling up the DagBag from /home/airflow/dags/data_merge_dag.py
[2026-04-25T22:18:53.880+0000] {processor.py:840} INFO - DAG(s) 'data_merge_pipeline' retrieved from /home/airflow/dags/data_merge_dag.py
[2026-04-25T22:18:53.904+0000] {logging_mixin.py:188} INFO - [2026-04-25T22:18:53.903+0000] {dag.py:3036} INFO - Sync 1 DAGs
[2026-04-25T22:18:53.923+0000] {logging_mixin.py:188} INFO - [2026-04-25T22:18:53.923+0000] {dag.py:3823} INFO - Setting next_dagrun for data_merge_pipeline to 2026-04-26 00:00:00+00:00, run_after=2026-05-03 00:00:00+00:00
[2026-04-25T22:18:53.950+0000] {processor.py:183} INFO - Processing /home/airflow/dags/data_merge_dag.py took 0.325 seconds
[2026-04-25T22:19:24.095+0000] {processor.py:161} INFO - Started process (PID=16439) to work on /home/airflow/dags/data_merge_dag.py
[2026-04-25T22:19:24.096+0000] {processor.py:830} INFO - Processing file /home/airflow/dags/data_merge_dag.py for tasks to queue
[2026-04-25T22:19:24.097+0000] {logging_mixin.py:188} INFO - [2026-04-25T22:19:24.097+0000] {dagbag.py:538} INFO - Filling up the DagBag from /home/airflow/dags/data_merge_dag.py
[2026-04-25T22:19:24.338+0000] {processor.py:840} INFO - DAG(s) 'data_merge_pipeline' retrieved from /home/airflow/dags/data_merge_dag.py
[2026-04-25T22:19:24.362+0000] {logging_mixin.py:188} INFO - [2026-04-25T22:19:24.361+0000] {dag.py:3036} INFO - Sync 1 DAGs
[2026-04-25T22:19:24.380+0000] {logging_mixin.py:188} INFO - [2026-04-25T22:19:24.380+0000] {dag.py:3823} INFO - Setting next_dagrun for data_merge_pipeline to 2026-04-26 00:00:00+00:00, run_after=2026-05-03 00:00:00+00:00
[2026-04-25T22:19:24.403+0000] {processor.py:183} INFO - Processing /home/airflow/dags/data_merge_dag.py took 0.311 seconds
[2026-04-25T22:19:54.460+0000] {processor.py:161} INFO - Started process (PID=16471) to work on /home/airflow/dags/data_merge_dag.py
[2026-04-25T22:19:54.461+0000] {processor.py:830} INFO - Processing file /home/airflow/dags/data_merge_dag.py for tasks to queue
[2026-04-25T22:19:54.462+0000] {logging_mixin.py:188} INFO - [2026-04-25T22:19:54.462+0000] {dagbag.py:538} INFO - Filling up the DagBag from /home/airflow/dags/data_merge_dag.py
[2026-04-25T22:19:54.694+0000] {processor.py:840} INFO - DAG(s) 'data_merge_pipeline' retrieved from /home/airflow/dags/data_merge_dag.py
[2026-04-25T22:19:54.719+0000] {logging_mixin.py:188} INFO - [2026-04-25T22:19:54.719+0000] {dag.py:3036} INFO - Sync 1 DAGs
[2026-04-25T22:19:54.739+0000] {logging_mixin.py:188} INFO - [2026-04-25T22:19:54.738+0000] {dag.py:3823} INFO - Setting next_dagrun for data_merge_pipeline to 2026-04-26 00:00:00+00:00, run_after=2026-05-03 00:00:00+00:00
[2026-04-25T22:19:54.764+0000] {processor.py:183} INFO - Processing /home/airflow/dags/data_merge_dag.py took 0.307 seconds
[2026-04-25T22:20:25.097+0000] {processor.py:161} INFO - Started process (PID=16503) to work on /home/airflow/dags/data_merge_dag.py
[2026-04-25T22:20:25.099+0000] {processor.py:830} INFO - Processing file /home/airflow/dags/data_merge_dag.py for tasks to queue
[2026-04-25T22:20:25.101+0000] {logging_mixin.py:188} INFO - [2026-04-25T22:20:25.100+0000] {dagbag.py:538} INFO - Filling up the DagBag from /home/airflow/dags/data_merge_dag.py
[2026-04-25T22:20:25.368+0000] {processor.py:840} INFO - DAG(s) 'data_merge_pipeline' retrieved from /home/airflow/dags/data_merge_dag.py
[2026-04-25T22:20:25.394+0000] {logging_mixin.py:188} INFO - [2026-04-25T22:20:25.393+0000] {dag.py:3036} INFO - Sync 1 DAGs
[2026-04-25T22:20:25.415+0000] {logging_mixin.py:188} INFO - [2026-04-25T22:20:25.415+0000] {dag.py:3823} INFO - Setting next_dagrun for data_merge_pipeline to 2026-04-26 00:00:00+00:00, run_after=2026-05-03 00:00:00+00:00
[2026-04-25T22:20:25.441+0000] {processor.py:183} INFO - Processing /home/airflow/dags/data_merge_dag.py took 0.347 seconds
[2026-04-25T22:20:55.524+0000] {processor.py:161} INFO - Started process (PID=16535) to work on /home/airflow/dags/data_merge_dag.py
[2026-04-25T22:20:55.525+0000] {processor.py:830} INFO - Processing file /home/airflow/dags/data_merge_dag.py for tasks to queue
[2026-04-25T22:20:55.527+0000] {logging_mixin.py:188} INFO - [2026-04-25T22:20:55.527+0000] {dagbag.py:538} INFO - Filling up the DagBag from /home/airflow/dags/data_merge_dag.py
[2026-04-25T22:20:55.814+0000] {processor.py:840} INFO - DAG(s) 'data_merge_pipeline' retrieved from /home/airflow/dags/data_merge_dag.py
[2026-04-25T22:20:55.840+0000] {logging_mixin.py:188} INFO - [2026-04-25T22:20:55.839+0000] {dag.py:3036} INFO - Sync 1 DAGs
[2026-04-25T22:20:55.860+0000] {logging_mixin.py:188} INFO - [2026-04-25T22:20:55.860+0000] {dag.py:3823} INFO - Setting next_dagrun for data_merge_pipeline to 2026-04-26 00:00:00+00:00, run_after=2026-05-03 00:00:00+00:00
[2026-04-25T22:20:55.886+0000] {processor.py:183} INFO - Processing /home/airflow/dags/data_merge_dag.py took 0.367 seconds
[2026-04-25T22:21:25.988+0000] {processor.py:161} INFO - Started process (PID=16567) to work on /home/airflow/dags/data_merge_dag.py
[2026-04-25T22:21:25.989+0000] {processor.py:830} INFO - Processing file /home/airflow/dags/data_merge_dag.py for tasks to queue
[2026-04-25T22:21:25.990+0000] {logging_mixin.py:188} INFO - [2026-04-25T22:21:25.990+0000] {dagbag.py:538} INFO - Filling up the DagBag from /home/airflow/dags/data_merge_dag.py
[2026-04-25T22:21:26.324+0000] {processor.py:840} INFO - DAG(s) 'data_merge_pipeline' retrieved from /home/airflow/dags/data_merge_dag.py
[2026-04-25T22:21:26.349+0000] {logging_mixin.py:188} INFO - [2026-04-25T22:21:26.349+0000] {dag.py:3036} INFO - Sync 1 DAGs
[2026-04-25T22:21:26.371+0000] {logging_mixin.py:188} INFO - [2026-04-25T22:21:26.370+0000] {dag.py:3823} INFO - Setting next_dagrun for data_merge_pipeline to 2026-04-26 00:00:00+00:00, run_after=2026-05-03 00:00:00+00:00
[2026-04-25T22:21:26.395+0000] {processor.py:183} INFO - Processing /home/airflow/dags/data_merge_dag.py took 0.411 seconds
[2026-04-25T22:21:56.518+0000] {processor.py:161} INFO - Started process (PID=16599) to work on /home/airflow/dags/data_merge_dag.py
[2026-04-25T22:21:56.519+0000] {processor.py:830} INFO - Processing file /home/airflow/dags/data_merge_dag.py for tasks to queue
[2026-04-25T22:21:56.520+0000] {logging_mixin.py:188} INFO - [2026-04-25T22:21:56.520+0000] {dagbag.py:538} INFO - Filling up the DagBag from /home/airflow/dags/data_merge_dag.py
[2026-04-25T22:21:56.771+0000] {processor.py:840} INFO - DAG(s) 'data_merge_pipeline' retrieved from /home/airflow/dags/data_merge_dag.py
[2026-04-25T22:21:56.797+0000] {logging_mixin.py:188} INFO - [2026-04-25T22:21:56.796+0000] {dag.py:3036} INFO - Sync 1 DAGs
[2026-04-25T22:21:56.816+0000] {logging_mixin.py:188} INFO - [2026-04-25T22:21:56.816+0000] {dag.py:3823} INFO - Setting next_dagrun for data_merge_pipeline to 2026-04-26 00:00:00+00:00, run_after=2026-05-03 00:00:00+00:00
[2026-04-25T22:21:56.843+0000] {processor.py:183} INFO - Processing /home/airflow/dags/data_merge_dag.py took 0.327 seconds
[2026-04-25T22:22:27.162+0000] {processor.py:161} INFO - Started process (PID=16631) to work on /home/airflow/dags/data_merge_dag.py
[2026-04-25T22:22:27.163+0000] {processor.py:830} INFO - Processing file /home/airflow/dags/data_merge_dag.py for tasks to queue
[2026-04-25T22:22:27.164+0000] {logging_mixin.py:188} INFO - [2026-04-25T22:22:27.164+0000] {dagbag.py:538} INFO - Filling up the DagBag from /home/airflow/dags/data_merge_dag.py
[2026-04-25T22:22:27.398+0000] {processor.py:840} INFO - DAG(s) 'data_merge_pipeline' retrieved from /home/airflow/dags/data_merge_dag.py
[2026-04-25T22:22:27.421+0000] {logging_mixin.py:188} INFO - [2026-04-25T22:22:27.421+0000] {dag.py:3036} INFO - Sync 1 DAGs
[2026-04-25T22:22:27.439+0000] {logging_mixin.py:188} INFO - [2026-04-25T22:22:27.439+0000] {dag.py:3823} INFO - Setting next_dagrun for data_merge_pipeline to 2026-04-26 00:00:00+00:00, run_after=2026-05-03 00:00:00+00:00
[2026-04-25T22:22:27.463+0000] {processor.py:183} INFO - Processing /home/airflow/dags/data_merge_dag.py took 0.304 seconds
[2026-04-25T22:22:57.817+0000] {processor.py:161} INFO - Started process (PID=16663) to work on /home/airflow/dags/data_merge_dag.py
[2026-04-25T22:22:57.818+0000] {processor.py:830} INFO - Processing file /home/airflow/dags/data_merge_dag.py for tasks to queue
[2026-04-25T22:22:57.820+0000] {logging_mixin.py:188} INFO - [2026-04-25T22:22:57.819+0000] {dagbag.py:538} INFO - Filling up the DagBag from /home/airflow/dags/data_merge_dag.py
[2026-04-25T22:22:58.100+0000] {processor.py:840} INFO - DAG(s) 'data_merge_pipeline' retrieved from /home/airflow/dags/data_merge_dag.py
[2026-04-25T22:22:58.124+0000] {logging_mixin.py:188} INFO - [2026-04-25T22:22:58.123+0000] {dag.py:3036} INFO - Sync 1 DAGs
[2026-04-25T22:22:58.144+0000] {logging_mixin.py:188} INFO - [2026-04-25T22:22:58.144+0000] {dag.py:3823} INFO - Setting next_dagrun for data_merge_pipeline to 2026-04-26 00:00:00+00:00, run_after=2026-05-03 00:00:00+00:00
[2026-04-25T22:22:58.168+0000] {processor.py:183} INFO - Processing /home/airflow/dags/data_merge_dag.py took 0.355 seconds
[2026-04-25T22:23:28.468+0000] {processor.py:161} INFO - Started process (PID=16686) to work on /home/airflow/dags/data_merge_dag.py
[2026-04-25T22:23:28.470+0000] {processor.py:830} INFO - Processing file /home/airflow/dags/data_merge_dag.py for tasks to queue
[2026-04-25T22:23:28.471+0000] {logging_mixin.py:188} INFO - [2026-04-25T22:23:28.471+0000] {dagbag.py:538} INFO - Filling up the DagBag from /home/airflow/dags/data_merge_dag.py
[2026-04-25T22:23:28.899+0000] {processor.py:840} INFO - DAG(s) 'data_merge_pipeline' retrieved from /home/airflow/dags/data_merge_dag.py
[2026-04-25T22:23:28.941+0000] {logging_mixin.py:188} INFO - [2026-04-25T22:23:28.940+0000] {dag.py:3036} INFO - Sync 1 DAGs
[2026-04-25T22:23:28.975+0000] {logging_mixin.py:188} INFO - [2026-04-25T22:23:28.975+0000] {dag.py:3823} INFO - Setting next_dagrun for data_merge_pipeline to 2026-04-26 00:00:00+00:00, run_after=2026-05-03 00:00:00+00:00
[2026-04-25T22:23:29.010+0000] {processor.py:183} INFO - Processing /home/airflow/dags/data_merge_dag.py took 0.545 seconds
[2026-04-25T22:23:59.756+0000] {processor.py:161} INFO - Started process (PID=16717) to work on /home/airflow/dags/data_merge_dag.py
[2026-04-25T22:23:59.757+0000] {processor.py:830} INFO - Processing file /home/airflow/dags/data_merge_dag.py for tasks to queue
[2026-04-25T22:23:59.758+0000] {logging_mixin.py:188} INFO - [2026-04-25T22:23:59.758+0000] {dagbag.py:538} INFO - Filling up the DagBag from /home/airflow/dags/data_merge_dag.py
[2026-04-25T22:24:00.034+0000] {processor.py:840} INFO - DAG(s) 'data_merge_pipeline' retrieved from /home/airflow/dags/data_merge_dag.py
[2026-04-25T22:24:00.060+0000] {logging_mixin.py:188} INFO - [2026-04-25T22:24:00.060+0000] {dag.py:3036} INFO - Sync 1 DAGs
[2026-04-25T22:24:00.083+0000] {logging_mixin.py:188} INFO - [2026-04-25T22:24:00.083+0000] {dag.py:3823} INFO - Setting next_dagrun for data_merge_pipeline to 2026-04-26 00:00:00+00:00, run_after=2026-05-03 00:00:00+00:00
[2026-04-25T22:24:00.159+0000] {processor.py:183} INFO - Processing /home/airflow/dags/data_merge_dag.py took 0.406 seconds
[2026-04-25T22:24:31.046+0000] {processor.py:161} INFO - Started process (PID=16749) to work on /home/airflow/dags/data_merge_dag.py
[2026-04-25T22:24:31.048+0000] {processor.py:830} INFO - Processing file /home/airflow/dags/data_merge_dag.py for tasks to queue
[2026-04-25T22:24:31.049+0000] {logging_mixin.py:188} INFO - [2026-04-25T22:24:31.049+0000] {dagbag.py:538} INFO - Filling up the DagBag from /home/airflow/dags/data_merge_dag.py
[2026-04-25T22:24:31.520+0000] {processor.py:840} INFO - DAG(s) 'data_merge_pipeline' retrieved from /home/airflow/dags/data_merge_dag.py
[2026-04-25T22:24:31.552+0000] {logging_mixin.py:188} INFO - [2026-04-25T22:24:31.551+0000] {dag.py:3036} INFO - Sync 1 DAGs
[2026-04-25T22:24:31.581+0000] {logging_mixin.py:188} INFO - [2026-04-25T22:24:31.580+0000] {dag.py:3823} INFO - Setting next_dagrun for data_merge_pipeline to 2026-04-26 00:00:00+00:00, run_after=2026-05-03 00:00:00+00:00
[2026-04-25T22:24:31.634+0000] {processor.py:183} INFO - Processing /home/airflow/dags/data_merge_dag.py took 0.592 seconds
[2026-04-25T22:25:02.280+0000] {processor.py:161} INFO - Started process (PID=16778) to work on /home/airflow/dags/data_merge_dag.py
[2026-04-25T22:25:02.282+0000] {processor.py:830} INFO - Processing file /home/airflow/dags/data_merge_dag.py for tasks to queue
[2026-04-25T22:25:02.283+0000] {logging_mixin.py:188} INFO - [2026-04-25T22:25:02.283+0000] {dagbag.py:538} INFO - Filling up the DagBag from /home/airflow/dags/data_merge_dag.py
[2026-04-25T22:25:02.576+0000] {processor.py:840} INFO - DAG(s) 'data_merge_pipeline' retrieved from /home/airflow/dags/data_merge_dag.py
[2026-04-25T22:25:02.603+0000] {logging_mixin.py:188} INFO - [2026-04-25T22:25:02.602+0000] {dag.py:3036} INFO - Sync 1 DAGs
[2026-04-25T22:25:02.636+0000] {logging_mixin.py:188} INFO - [2026-04-25T22:25:02.636+0000] {dag.py:3823} INFO - Setting next_dagrun for data_merge_pipeline to 2026-04-26 00:00:00+00:00, run_after=2026-05-03 00:00:00+00:00
[2026-04-25T22:25:02.663+0000] {processor.py:183} INFO - Processing /home/airflow/dags/data_merge_dag.py took 0.386 seconds
[2026-04-25T22:25:32.831+0000] {processor.py:161} INFO - Started process (PID=16810) to work on /home/airflow/dags/data_merge_dag.py
[2026-04-25T22:25:32.832+0000] {processor.py:830} INFO - Processing file /home/airflow/dags/data_merge_dag.py for tasks to queue
[2026-04-25T22:25:32.834+0000] {logging_mixin.py:188} INFO - [2026-04-25T22:25:32.833+0000] {dagbag.py:538} INFO - Filling up the DagBag from /home/airflow/dags/data_merge_dag.py
[2026-04-25T22:25:33.091+0000] {processor.py:840} INFO - DAG(s) 'data_merge_pipeline' retrieved from /home/airflow/dags/data_merge_dag.py
[2026-04-25T22:25:33.114+0000] {logging_mixin.py:188} INFO - [2026-04-25T22:25:33.114+0000] {dag.py:3036} INFO - Sync 1 DAGs
[2026-04-25T22:25:33.134+0000] {logging_mixin.py:188} INFO - [2026-04-25T22:25:33.133+0000] {dag.py:3823} INFO - Setting next_dagrun for data_merge_pipeline to 2026-04-26 00:00:00+00:00, run_after=2026-05-03 00:00:00+00:00
[2026-04-25T22:25:33.158+0000] {processor.py:183} INFO - Processing /home/airflow/dags/data_merge_dag.py took 0.330 seconds
[2026-04-25T22:26:03.344+0000] {processor.py:161} INFO - Started process (PID=16842) to work on /home/airflow/dags/data_merge_dag.py
[2026-04-25T22:26:03.345+0000] {processor.py:830} INFO - Processing file /home/airflow/dags/data_merge_dag.py for tasks to queue
[2026-04-25T22:26:03.346+0000] {logging_mixin.py:188} INFO - [2026-04-25T22:26:03.346+0000] {dagbag.py:538} INFO - Filling up the DagBag from /home/airflow/dags/data_merge_dag.py
[2026-04-25T22:26:03.572+0000] {processor.py:840} INFO - DAG(s) 'data_merge_pipeline' retrieved from /home/airflow/dags/data_merge_dag.py
[2026-04-25T22:26:03.597+0000] {logging_mixin.py:188} INFO - [2026-04-25T22:26:03.597+0000] {dag.py:3036} INFO - Sync 1 DAGs
[2026-04-25T22:26:03.620+0000] {logging_mixin.py:188} INFO - [2026-04-25T22:26:03.620+0000] {dag.py:3823} INFO - Setting next_dagrun for data_merge_pipeline to 2026-04-26 00:00:00+00:00, run_after=2026-05-03 00:00:00+00:00
[2026-04-25T22:26:03.644+0000] {processor.py:183} INFO - Processing /home/airflow/dags/data_merge_dag.py took 0.303 seconds
[2026-04-25T22:26:33.744+0000] {processor.py:161} INFO - Started process (PID=16874) to work on /home/airflow/dags/data_merge_dag.py
[2026-04-25T22:26:33.745+0000] {processor.py:830} INFO - Processing file /home/airflow/dags/data_merge_dag.py for tasks to queue
[2026-04-25T22:26:33.747+0000] {logging_mixin.py:188} INFO - [2026-04-25T22:26:33.746+0000] {dagbag.py:538} INFO - Filling up the DagBag from /home/airflow/dags/data_merge_dag.py
[2026-04-25T22:26:34.121+0000] {processor.py:840} INFO - DAG(s) 'data_merge_pipeline' retrieved from /home/airflow/dags/data_merge_dag.py
[2026-04-25T22:26:34.143+0000] {logging_mixin.py:188} INFO - [2026-04-25T22:26:34.143+0000] {dag.py:3036} INFO - Sync 1 DAGs
[2026-04-25T22:26:34.161+0000] {logging_mixin.py:188} INFO - [2026-04-25T22:26:34.160+0000] {dag.py:3823} INFO - Setting next_dagrun for data_merge_pipeline to 2026-04-26 00:00:00+00:00, run_after=2026-05-03 00:00:00+00:00
[2026-04-25T22:26:34.183+0000] {processor.py:183} INFO - Processing /home/airflow/dags/data_merge_dag.py took 0.443 seconds
[2026-04-25T22:27:04.442+0000] {processor.py:161} INFO - Started process (PID=16897) to work on /home/airflow/dags/data_merge_dag.py
[2026-04-25T22:27:04.444+0000] {processor.py:830} INFO - Processing file /home/airflow/dags/data_merge_dag.py for tasks to queue
[2026-04-25T22:27:04.445+0000] {logging_mixin.py:188} INFO - [2026-04-25T22:27:04.445+0000] {dagbag.py:538} INFO - Filling up the DagBag from /home/airflow/dags/data_merge_dag.py
[2026-04-25T22:27:05.078+0000] {processor.py:840} INFO - DAG(s) 'data_merge_pipeline' retrieved from /home/airflow/dags/data_merge_dag.py
[2026-04-25T22:27:05.110+0000] {logging_mixin.py:188} INFO - [2026-04-25T22:27:05.109+0000] {dag.py:3036} INFO - Sync 1 DAGs
[2026-04-25T22:27:05.140+0000] {logging_mixin.py:188} INFO - [2026-04-25T22:27:05.139+0000] {dag.py:3823} INFO - Setting next_dagrun for data_merge_pipeline to 2026-04-26 00:00:00+00:00, run_after=2026-05-03 00:00:00+00:00
[2026-04-25T22:27:05.170+0000] {processor.py:183} INFO - Processing /home/airflow/dags/data_merge_dag.py took 0.732 seconds
[2026-04-25T22:27:35.714+0000] {processor.py:161} INFO - Started process (PID=16928) to work on /home/airflow/dags/data_merge_dag.py
[2026-04-25T22:27:35.715+0000] {processor.py:830} INFO - Processing file /home/airflow/dags/data_merge_dag.py for tasks to queue
[2026-04-25T22:27:35.717+0000] {logging_mixin.py:188} INFO - [2026-04-25T22:27:35.716+0000] {dagbag.py:538} INFO - Filling up the DagBag from /home/airflow/dags/data_merge_dag.py
[2026-04-25T22:27:36.218+0000] {processor.py:840} INFO - DAG(s) 'data_merge_pipeline' retrieved from /home/airflow/dags/data_merge_dag.py
[2026-04-25T22:27:36.243+0000] {logging_mixin.py:188} INFO - [2026-04-25T22:27:36.242+0000] {dag.py:3036} INFO - Sync 1 DAGs
[2026-04-25T22:27:36.263+0000] {logging_mixin.py:188} INFO - [2026-04-25T22:27:36.262+0000] {dag.py:3823} INFO - Setting next_dagrun for data_merge_pipeline to 2026-04-26 00:00:00+00:00, run_after=2026-05-03 00:00:00+00:00
[2026-04-25T22:27:36.314+0000] {processor.py:183} INFO - Processing /home/airflow/dags/data_merge_dag.py took 0.605 seconds
[2026-04-25T22:28:07.047+0000] {processor.py:161} INFO - Started process (PID=16960) to work on /home/airflow/dags/data_merge_dag.py
[2026-04-25T22:28:07.049+0000] {processor.py:830} INFO - Processing file /home/airflow/dags/data_merge_dag.py for tasks to queue
[2026-04-25T22:28:07.050+0000] {logging_mixin.py:188} INFO - [2026-04-25T22:28:07.050+0000] {dagbag.py:538} INFO - Filling up the DagBag from /home/airflow/dags/data_merge_dag.py
[2026-04-25T22:28:07.497+0000] {processor.py:840} INFO - DAG(s) 'data_merge_pipeline' retrieved from /home/airflow/dags/data_merge_dag.py
[2026-04-25T22:28:07.538+0000] {logging_mixin.py:188} INFO - [2026-04-25T22:28:07.538+0000] {dag.py:3036} INFO - Sync 1 DAGs
[2026-04-25T22:28:07.586+0000] {logging_mixin.py:188} INFO - [2026-04-25T22:28:07.586+0000] {dag.py:3823} INFO - Setting next_dagrun for data_merge_pipeline to 2026-04-26 00:00:00+00:00, run_after=2026-05-03 00:00:00+00:00
[2026-04-25T22:28:07.619+0000] {processor.py:183} INFO - Processing /home/airflow/dags/data_merge_dag.py took 0.576 seconds
[2026-04-25T22:28:38.568+0000] {processor.py:161} INFO - Started process (PID=16992) to work on /home/airflow/dags/data_merge_dag.py
[2026-04-25T22:28:38.570+0000] {processor.py:830} INFO - Processing file /home/airflow/dags/data_merge_dag.py for tasks to queue
[2026-04-25T22:28:38.571+0000] {logging_mixin.py:188} INFO - [2026-04-25T22:28:38.570+0000] {dagbag.py:538} INFO - Filling up the DagBag from /home/airflow/dags/data_merge_dag.py
[2026-04-25T22:28:39.108+0000] {processor.py:840} INFO - DAG(s) 'data_merge_pipeline' retrieved from /home/airflow/dags/data_merge_dag.py
[2026-04-25T22:28:39.141+0000] {logging_mixin.py:188} INFO - [2026-04-25T22:28:39.140+0000] {dag.py:3036} INFO - Sync 1 DAGs
[2026-04-25T22:28:39.194+0000] {logging_mixin.py:188} INFO - [2026-04-25T22:28:39.193+0000] {dag.py:3823} INFO - Setting next_dagrun for data_merge_pipeline to 2026-04-26 00:00:00+00:00, run_after=2026-05-03 00:00:00+00:00
[2026-04-25T22:28:39.217+0000] {processor.py:183} INFO - Processing /home/airflow/dags/data_merge_dag.py took 0.652 seconds
[2026-04-25T22:29:09.953+0000] {processor.py:161} INFO - Started process (PID=17024) to work on /home/airflow/dags/data_merge_dag.py
[2026-04-25T22:29:09.955+0000] {processor.py:830} INFO - Processing file /home/airflow/dags/data_merge_dag.py for tasks to queue
[2026-04-25T22:29:09.956+0000] {logging_mixin.py:188} INFO - [2026-04-25T22:29:09.956+0000] {dagbag.py:538} INFO - Filling up the DagBag from /home/airflow/dags/data_merge_dag.py
[2026-04-25T22:29:10.404+0000] {processor.py:840} INFO - DAG(s) 'data_merge_pipeline' retrieved from /home/airflow/dags/data_merge_dag.py
[2026-04-25T22:29:10.426+0000] {logging_mixin.py:188} INFO - [2026-04-25T22:29:10.425+0000] {dag.py:3036} INFO - Sync 1 DAGs
[2026-04-25T22:29:10.451+0000] {logging_mixin.py:188} INFO - [2026-04-25T22:29:10.451+0000] {dag.py:3823} INFO - Setting next_dagrun for data_merge_pipeline to 2026-04-26 00:00:00+00:00, run_after=2026-05-03 00:00:00+00:00
[2026-04-25T22:29:10.511+0000] {processor.py:183} INFO - Processing /home/airflow/dags/data_merge_dag.py took 0.561 seconds
[2026-04-25T22:29:41.311+0000] {processor.py:161} INFO - Started process (PID=17056) to work on /home/airflow/dags/data_merge_dag.py
[2026-04-25T22:29:41.312+0000] {processor.py:830} INFO - Processing file /home/airflow/dags/data_merge_dag.py for tasks to queue
[2026-04-25T22:29:41.314+0000] {logging_mixin.py:188} INFO - [2026-04-25T22:29:41.313+0000] {dagbag.py:538} INFO - Filling up the DagBag from /home/airflow/dags/data_merge_dag.py
[2026-04-25T22:29:41.905+0000] {processor.py:840} INFO - DAG(s) 'data_merge_pipeline' retrieved from /home/airflow/dags/data_merge_dag.py
[2026-04-25T22:29:41.928+0000] {logging_mixin.py:188} INFO - [2026-04-25T22:29:41.927+0000] {dag.py:3036} INFO - Sync 1 DAGs
[2026-04-25T22:29:41.992+0000] {logging_mixin.py:188} INFO - [2026-04-25T22:29:41.992+0000] {dag.py:3823} INFO - Setting next_dagrun for data_merge_pipeline to 2026-04-26 00:00:00+00:00, run_after=2026-05-03 00:00:00+00:00
[2026-04-25T22:29:42.028+0000] {processor.py:183} INFO - Processing /home/airflow/dags/data_merge_dag.py took 0.722 seconds
[2026-04-25T22:30:12.780+0000] {processor.py:161} INFO - Started process (PID=17088) to work on /home/airflow/dags/data_merge_dag.py
[2026-04-25T22:30:12.781+0000] {processor.py:830} INFO - Processing file /home/airflow/dags/data_merge_dag.py for tasks to queue
[2026-04-25T22:30:12.783+0000] {logging_mixin.py:188} INFO - [2026-04-25T22:30:12.782+0000] {dagbag.py:538} INFO - Filling up the DagBag from /home/airflow/dags/data_merge_dag.py
[2026-04-25T22:30:13.393+0000] {processor.py:840} INFO - DAG(s) 'data_merge_pipeline' retrieved from /home/airflow/dags/data_merge_dag.py
[2026-04-25T22:30:13.419+0000] {logging_mixin.py:188} INFO - [2026-04-25T22:30:13.419+0000] {dag.py:3036} INFO - Sync 1 DAGs
[2026-04-25T22:30:13.447+0000] {logging_mixin.py:188} INFO - [2026-04-25T22:30:13.446+0000] {dag.py:3823} INFO - Setting next_dagrun for data_merge_pipeline to 2026-04-26 00:00:00+00:00, run_after=2026-05-03 00:00:00+00:00
[2026-04-25T22:30:13.499+0000] {processor.py:183} INFO - Processing /home/airflow/dags/data_merge_dag.py took 0.724 seconds
[2026-04-25T22:30:44.286+0000] {processor.py:161} INFO - Started process (PID=17120) to work on /home/airflow/dags/data_merge_dag.py
[2026-04-25T22:30:44.287+0000] {processor.py:830} INFO - Processing file /home/airflow/dags/data_merge_dag.py for tasks to queue
[2026-04-25T22:30:44.288+0000] {logging_mixin.py:188} INFO - [2026-04-25T22:30:44.288+0000] {dagbag.py:538} INFO - Filling up the DagBag from /home/airflow/dags/data_merge_dag.py
[2026-04-25T22:30:44.729+0000] {processor.py:840} INFO - DAG(s) 'data_merge_pipeline' retrieved from /home/airflow/dags/data_merge_dag.py
[2026-04-25T22:30:44.753+0000] {logging_mixin.py:188} INFO - [2026-04-25T22:30:44.753+0000] {dag.py:3036} INFO - Sync 1 DAGs
[2026-04-25T22:30:44.779+0000] {logging_mixin.py:188} INFO - [2026-04-25T22:30:44.779+0000] {dag.py:3823} INFO - Setting next_dagrun for data_merge_pipeline to 2026-04-26 00:00:00+00:00, run_after=2026-05-03 00:00:00+00:00
[2026-04-25T22:30:44.830+0000] {processor.py:183} INFO - Processing /home/airflow/dags/data_merge_dag.py took 0.548 seconds
[2026-04-25T22:31:15.600+0000] {processor.py:161} INFO - Started process (PID=17152) to work on /home/airflow/dags/data_merge_dag.py
[2026-04-25T22:31:15.601+0000] {processor.py:830} INFO - Processing file /home/airflow/dags/data_merge_dag.py for tasks to queue
[2026-04-25T22:31:15.602+0000] {logging_mixin.py:188} INFO - [2026-04-25T22:31:15.602+0000] {dagbag.py:538} INFO - Filling up the DagBag from /home/airflow/dags/data_merge_dag.py
[2026-04-25T22:31:16.215+0000] {processor.py:840} INFO - DAG(s) 'data_merge_pipeline' retrieved from /home/airflow/dags/data_merge_dag.py
[2026-04-25T22:31:16.291+0000] {logging_mixin.py:188} INFO - [2026-04-25T22:31:16.290+0000] {dag.py:3036} INFO - Sync 1 DAGs
[2026-04-25T22:31:16.328+0000] {logging_mixin.py:188} INFO - [2026-04-25T22:31:16.328+0000] {dag.py:3823} INFO - Setting next_dagrun for data_merge_pipeline to 2026-04-26 00:00:00+00:00, run_after=2026-05-03 00:00:00+00:00
[2026-04-25T22:31:16.357+0000] {processor.py:183} INFO - Processing /home/airflow/dags/data_merge_dag.py took 0.760 seconds
[2026-04-25T22:31:47.138+0000] {processor.py:161} INFO - Started process (PID=17184) to work on /home/airflow/dags/data_merge_dag.py
[2026-04-25T22:31:47.139+0000] {processor.py:830} INFO - Processing file /home/airflow/dags/data_merge_dag.py for tasks to queue
[2026-04-25T22:31:47.140+0000] {logging_mixin.py:188} INFO - [2026-04-25T22:31:47.140+0000] {dagbag.py:538} INFO - Filling up the DagBag from /home/airflow/dags/data_merge_dag.py
[2026-04-25T22:31:47.606+0000] {processor.py:840} INFO - DAG(s) 'data_merge_pipeline' retrieved from /home/airflow/dags/data_merge_dag.py
[2026-04-25T22:31:47.636+0000] {logging_mixin.py:188} INFO - [2026-04-25T22:31:47.635+0000] {dag.py:3036} INFO - Sync 1 DAGs
[2026-04-25T22:31:47.674+0000] {logging_mixin.py:188} INFO - [2026-04-25T22:31:47.674+0000] {dag.py:3823} INFO - Setting next_dagrun for data_merge_pipeline to 2026-04-26 00:00:00+00:00, run_after=2026-05-03 00:00:00+00:00
[2026-04-25T22:31:47.719+0000] {processor.py:183} INFO - Processing /home/airflow/dags/data_merge_dag.py took 0.585 seconds
[2026-04-25T22:32:18.674+0000] {processor.py:161} INFO - Started process (PID=17216) to work on /home/airflow/dags/data_merge_dag.py
[2026-04-25T22:32:18.675+0000] {processor.py:830} INFO - Processing file /home/airflow/dags/data_merge_dag.py for tasks to queue
[2026-04-25T22:32:18.676+0000] {logging_mixin.py:188} INFO - [2026-04-25T22:32:18.676+0000] {dagbag.py:538} INFO - Filling up the DagBag from /home/airflow/dags/data_merge_dag.py
[2026-04-25T22:32:19.128+0000] {processor.py:840} INFO - DAG(s) 'data_merge_pipeline' retrieved from /home/airflow/dags/data_merge_dag.py
[2026-04-25T22:32:19.159+0000] {logging_mixin.py:188} INFO - [2026-04-25T22:32:19.158+0000] {dag.py:3036} INFO - Sync 1 DAGs
[2026-04-25T22:32:19.189+0000] {logging_mixin.py:188} INFO - [2026-04-25T22:32:19.188+0000] {dag.py:3823} INFO - Setting next_dagrun for data_merge_pipeline to 2026-04-26 00:00:00+00:00, run_after=2026-05-03 00:00:00+00:00
[2026-04-25T22:32:19.213+0000] {processor.py:183} INFO - Processing /home/airflow/dags/data_merge_dag.py took 0.544 seconds
[2026-04-25T22:32:49.939+0000] {processor.py:161} INFO - Started process (PID=17248) to work on /home/airflow/dags/data_merge_dag.py
[2026-04-25T22:32:49.941+0000] {processor.py:830} INFO - Processing file /home/airflow/dags/data_merge_dag.py for tasks to queue
[2026-04-25T22:32:49.942+0000] {logging_mixin.py:188} INFO - [2026-04-25T22:32:49.942+0000] {dagbag.py:538} INFO - Filling up the DagBag from /home/airflow/dags/data_merge_dag.py
[2026-04-25T22:32:50.415+0000] {processor.py:840} INFO - DAG(s) 'data_merge_pipeline' retrieved from /home/airflow/dags/data_merge_dag.py
[2026-04-25T22:32:50.442+0000] {logging_mixin.py:188} INFO - [2026-04-25T22:32:50.439+0000] {dag.py:3036} INFO - Sync 1 DAGs
[2026-04-25T22:32:50.499+0000] {logging_mixin.py:188} INFO - [2026-04-25T22:32:50.498+0000] {dag.py:3823} INFO - Setting next_dagrun for data_merge_pipeline to 2026-04-26 00:00:00+00:00, run_after=2026-05-03 00:00:00+00:00
[2026-04-25T22:32:50.530+0000] {processor.py:183} INFO - Processing /home/airflow/dags/data_merge_dag.py took 0.594 seconds
[2026-04-25T22:33:20.600+0000] {processor.py:161} INFO - Started process (PID=17277) to work on /home/airflow/dags/data_merge_dag.py
[2026-04-25T22:33:20.602+0000] {processor.py:830} INFO - Processing file /home/airflow/dags/data_merge_dag.py for tasks to queue
[2026-04-25T22:33:20.603+0000] {logging_mixin.py:188} INFO - [2026-04-25T22:33:20.603+0000] {dagbag.py:538} INFO - Filling up the DagBag from /home/airflow/dags/data_merge_dag.py
[2026-04-25T22:33:21.153+0000] {processor.py:840} INFO - DAG(s) 'data_merge_pipeline' retrieved from /home/airflow/dags/data_merge_dag.py
[2026-04-25T22:33:21.176+0000] {logging_mixin.py:188} INFO - [2026-04-25T22:33:21.174+0000] {dag.py:3036} INFO - Sync 1 DAGs
[2026-04-25T22:33:21.196+0000] {logging_mixin.py:188} INFO - [2026-04-25T22:33:21.195+0000] {dag.py:3823} INFO - Setting next_dagrun for data_merge_pipeline to 2026-04-26 00:00:00+00:00, run_after=2026-05-03 00:00:00+00:00
[2026-04-25T22:33:21.219+0000] {processor.py:183} INFO - Processing /home/airflow/dags/data_merge_dag.py took 0.622 seconds
[2026-04-25T22:33:51.748+0000] {processor.py:161} INFO - Started process (PID=17309) to work on /home/airflow/dags/data_merge_dag.py
[2026-04-25T22:33:51.749+0000] {processor.py:830} INFO - Processing file /home/airflow/dags/data_merge_dag.py for tasks to queue
[2026-04-25T22:33:51.750+0000] {logging_mixin.py:188} INFO - [2026-04-25T22:33:51.750+0000] {dagbag.py:538} INFO - Filling up the DagBag from /home/airflow/dags/data_merge_dag.py
[2026-04-25T22:33:52.165+0000] {processor.py:840} INFO - DAG(s) 'data_merge_pipeline' retrieved from /home/airflow/dags/data_merge_dag.py
[2026-04-25T22:33:52.190+0000] {logging_mixin.py:188} INFO - [2026-04-25T22:33:52.189+0000] {dag.py:3036} INFO - Sync 1 DAGs
[2026-04-25T22:33:52.211+0000] {logging_mixin.py:188} INFO - [2026-04-25T22:33:52.211+0000] {dag.py:3823} INFO - Setting next_dagrun for data_merge_pipeline to 2026-04-26 00:00:00+00:00, run_after=2026-05-03 00:00:00+00:00
[2026-04-25T22:33:52.236+0000] {processor.py:183} INFO - Processing /home/airflow/dags/data_merge_dag.py took 0.492 seconds
[2026-04-25T22:34:23.088+0000] {processor.py:161} INFO - Started process (PID=17341) to work on /home/airflow/dags/data_merge_dag.py
[2026-04-25T22:34:23.089+0000] {processor.py:830} INFO - Processing file /home/airflow/dags/data_merge_dag.py for tasks to queue
[2026-04-25T22:34:23.090+0000] {logging_mixin.py:188} INFO - [2026-04-25T22:34:23.090+0000] {dagbag.py:538} INFO - Filling up the DagBag from /home/airflow/dags/data_merge_dag.py
[2026-04-25T22:34:23.482+0000] {processor.py:840} INFO - DAG(s) 'data_merge_pipeline' retrieved from /home/airflow/dags/data_merge_dag.py
[2026-04-25T22:34:23.505+0000] {logging_mixin.py:188} INFO - [2026-04-25T22:34:23.503+0000] {dag.py:3036} INFO - Sync 1 DAGs
[2026-04-25T22:34:23.523+0000] {logging_mixin.py:188} INFO - [2026-04-25T22:34:23.523+0000] {dag.py:3823} INFO - Setting next_dagrun for data_merge_pipeline to 2026-04-26 00:00:00+00:00, run_after=2026-05-03 00:00:00+00:00
[2026-04-25T22:34:23.547+0000] {processor.py:183} INFO - Processing /home/airflow/dags/data_merge_dag.py took 0.463 seconds
[2026-04-25T22:34:53.623+0000] {processor.py:161} INFO - Started process (PID=17373) to work on /home/airflow/dags/data_merge_dag.py
[2026-04-25T22:34:53.624+0000] {processor.py:830} INFO - Processing file /home/airflow/dags/data_merge_dag.py for tasks to queue
[2026-04-25T22:34:53.625+0000] {logging_mixin.py:188} INFO - [2026-04-25T22:34:53.625+0000] {dagbag.py:538} INFO - Filling up the DagBag from /home/airflow/dags/data_merge_dag.py
[2026-04-25T22:34:53.982+0000] {processor.py:840} INFO - DAG(s) 'data_merge_pipeline' retrieved from /home/airflow/dags/data_merge_dag.py
[2026-04-25T22:34:54.010+0000] {logging_mixin.py:188} INFO - [2026-04-25T22:34:54.009+0000] {dag.py:3036} INFO - Sync 1 DAGs
[2026-04-25T22:34:54.026+0000] {logging_mixin.py:188} INFO - [2026-04-25T22:34:54.026+0000] {dag.py:3823} INFO - Setting next_dagrun for data_merge_pipeline to 2026-04-26 00:00:00+00:00, run_after=2026-05-03 00:00:00+00:00
[2026-04-25T22:34:54.049+0000] {processor.py:183} INFO - Processing /home/airflow/dags/data_merge_dag.py took 0.429 seconds
[2026-04-25T22:35:25.071+0000] {processor.py:161} INFO - Started process (PID=17405) to work on /home/airflow/dags/data_merge_dag.py
[2026-04-25T22:35:25.073+0000] {processor.py:830} INFO - Processing file /home/airflow/dags/data_merge_dag.py for tasks to queue
[2026-04-25T22:35:25.075+0000] {logging_mixin.py:188} INFO - [2026-04-25T22:35:25.074+0000] {dagbag.py:538} INFO - Filling up the DagBag from /home/airflow/dags/data_merge_dag.py
[2026-04-25T22:35:25.436+0000] {processor.py:840} INFO - DAG(s) 'data_merge_pipeline' retrieved from /home/airflow/dags/data_merge_dag.py
[2026-04-25T22:35:25.460+0000] {logging_mixin.py:188} INFO - [2026-04-25T22:35:25.459+0000] {dag.py:3036} INFO - Sync 1 DAGs
[2026-04-25T22:35:25.480+0000] {logging_mixin.py:188} INFO - [2026-04-25T22:35:25.480+0000] {dag.py:3823} INFO - Setting next_dagrun for data_merge_pipeline to 2026-04-26 00:00:00+00:00, run_after=2026-05-03 00:00:00+00:00
[2026-04-25T22:35:25.504+0000] {processor.py:183} INFO - Processing /home/airflow/dags/data_merge_dag.py took 0.436 seconds
[2026-04-25T22:35:56.321+0000] {processor.py:161} INFO - Started process (PID=17437) to work on /home/airflow/dags/data_merge_dag.py
[2026-04-25T22:35:56.323+0000] {processor.py:830} INFO - Processing file /home/airflow/dags/data_merge_dag.py for tasks to queue
[2026-04-25T22:35:56.324+0000] {logging_mixin.py:188} INFO - [2026-04-25T22:35:56.324+0000] {dagbag.py:538} INFO - Filling up the DagBag from /home/airflow/dags/data_merge_dag.py
[2026-04-25T22:35:56.607+0000] {processor.py:840} INFO - DAG(s) 'data_merge_pipeline' retrieved from /home/airflow/dags/data_merge_dag.py
[2026-04-25T22:35:56.634+0000] {logging_mixin.py:188} INFO - [2026-04-25T22:35:56.634+0000] {dag.py:3036} INFO - Sync 1 DAGs
[2026-04-25T22:35:56.657+0000] {logging_mixin.py:188} INFO - [2026-04-25T22:35:56.657+0000] {dag.py:3823} INFO - Setting next_dagrun for data_merge_pipeline to 2026-04-26 00:00:00+00:00, run_after=2026-05-03 00:00:00+00:00
[2026-04-25T22:35:56.684+0000] {processor.py:183} INFO - Processing /home/airflow/dags/data_merge_dag.py took 0.367 seconds
[2026-04-25T22:36:27.577+0000] {processor.py:161} INFO - Started process (PID=17469) to work on /home/airflow/dags/data_merge_dag.py
[2026-04-25T22:36:27.579+0000] {processor.py:830} INFO - Processing file /home/airflow/dags/data_merge_dag.py for tasks to queue
[2026-04-25T22:36:27.580+0000] {logging_mixin.py:188} INFO - [2026-04-25T22:36:27.579+0000] {dagbag.py:538} INFO - Filling up the DagBag from /home/airflow/dags/data_merge_dag.py
[2026-04-25T22:36:27.860+0000] {processor.py:840} INFO - DAG(s) 'data_merge_pipeline' retrieved from /home/airflow/dags/data_merge_dag.py
[2026-04-25T22:36:27.888+0000] {logging_mixin.py:188} INFO - [2026-04-25T22:36:27.888+0000] {dag.py:3036} INFO - Sync 1 DAGs
[2026-04-25T22:36:27.910+0000] {logging_mixin.py:188} INFO - [2026-04-25T22:36:27.910+0000] {dag.py:3823} INFO - Setting next_dagrun for data_merge_pipeline to 2026-04-26 00:00:00+00:00, run_after=2026-05-03 00:00:00+00:00
[2026-04-25T22:36:27.935+0000] {processor.py:183} INFO - Processing /home/airflow/dags/data_merge_dag.py took 0.362 seconds
[2026-04-25T22:36:58.763+0000] {processor.py:161} INFO - Started process (PID=17501) to work on /home/airflow/dags/data_merge_dag.py
[2026-04-25T22:36:58.764+0000] {processor.py:830} INFO - Processing file /home/airflow/dags/data_merge_dag.py for tasks to queue
[2026-04-25T22:36:58.765+0000] {logging_mixin.py:188} INFO - [2026-04-25T22:36:58.765+0000] {dagbag.py:538} INFO - Filling up the DagBag from /home/airflow/dags/data_merge_dag.py
[2026-04-25T22:36:59.020+0000] {processor.py:840} INFO - DAG(s) 'data_merge_pipeline' retrieved from /home/airflow/dags/data_merge_dag.py
[2026-04-25T22:36:59.045+0000] {logging_mixin.py:188} INFO - [2026-04-25T22:36:59.044+0000] {dag.py:3036} INFO - Sync 1 DAGs
[2026-04-25T22:36:59.064+0000] {logging_mixin.py:188} INFO - [2026-04-25T22:36:59.063+0000] {dag.py:3823} INFO - Setting next_dagrun for data_merge_pipeline to 2026-04-26 00:00:00+00:00, run_after=2026-05-03 00:00:00+00:00
[2026-04-25T22:36:59.088+0000] {processor.py:183} INFO - Processing /home/airflow/dags/data_merge_dag.py took 0.329 seconds
[2026-04-25T22:37:29.511+0000] {processor.py:161} INFO - Started process (PID=17533) to work on /home/airflow/dags/data_merge_dag.py
[2026-04-25T22:37:29.512+0000] {processor.py:830} INFO - Processing file /home/airflow/dags/data_merge_dag.py for tasks to queue
[2026-04-25T22:37:29.513+0000] {logging_mixin.py:188} INFO - [2026-04-25T22:37:29.513+0000] {dagbag.py:538} INFO - Filling up the DagBag from /home/airflow/dags/data_merge_dag.py
[2026-04-25T22:37:29.769+0000] {processor.py:840} INFO - DAG(s) 'data_merge_pipeline' retrieved from /home/airflow/dags/data_merge_dag.py
[2026-04-25T22:37:29.795+0000] {logging_mixin.py:188} INFO - [2026-04-25T22:37:29.795+0000] {dag.py:3036} INFO - Sync 1 DAGs
[2026-04-25T22:37:29.817+0000] {logging_mixin.py:188} INFO - [2026-04-25T22:37:29.817+0000] {dag.py:3823} INFO - Setting next_dagrun for data_merge_pipeline to 2026-04-26 00:00:00+00:00, run_after=2026-05-03 00:00:00+00:00
[2026-04-25T22:37:29.842+0000] {processor.py:183} INFO - Processing /home/airflow/dags/data_merge_dag.py took 0.334 seconds
[2026-04-25T22:38:00.791+0000] {processor.py:161} INFO - Started process (PID=17565) to work on /home/airflow/dags/data_merge_dag.py
[2026-04-25T22:38:00.792+0000] {processor.py:830} INFO - Processing file /home/airflow/dags/data_merge_dag.py for tasks to queue
[2026-04-25T22:38:00.793+0000] {logging_mixin.py:188} INFO - [2026-04-25T22:38:00.793+0000] {dagbag.py:538} INFO - Filling up the DagBag from /home/airflow/dags/data_merge_dag.py
[2026-04-25T22:38:01.124+0000] {processor.py:840} INFO - DAG(s) 'data_merge_pipeline' retrieved from /home/airflow/dags/data_merge_dag.py
[2026-04-25T22:38:01.157+0000] {logging_mixin.py:188} INFO - [2026-04-25T22:38:01.156+0000] {dag.py:3036} INFO - Sync 1 DAGs
[2026-04-25T22:38:01.182+0000] {logging_mixin.py:188} INFO - [2026-04-25T22:38:01.181+0000] {dag.py:3823} INFO - Setting next_dagrun for data_merge_pipeline to 2026-04-26 00:00:00+00:00, run_after=2026-05-03 00:00:00+00:00
[2026-04-25T22:38:01.206+0000] {processor.py:183} INFO - Processing /home/airflow/dags/data_merge_dag.py took 0.418 seconds
[2026-04-25T22:38:32.080+0000] {processor.py:161} INFO - Started process (PID=17597) to work on /home/airflow/dags/data_merge_dag.py
[2026-04-25T22:38:32.081+0000] {processor.py:830} INFO - Processing file /home/airflow/dags/data_merge_dag.py for tasks to queue
[2026-04-25T22:38:32.082+0000] {logging_mixin.py:188} INFO - [2026-04-25T22:38:32.082+0000] {dagbag.py:538} INFO - Filling up the DagBag from /home/airflow/dags/data_merge_dag.py
[2026-04-25T22:38:32.354+0000] {processor.py:840} INFO - DAG(s) 'data_merge_pipeline' retrieved from /home/airflow/dags/data_merge_dag.py
[2026-04-25T22:38:32.380+0000] {logging_mixin.py:188} INFO - [2026-04-25T22:38:32.380+0000] {dag.py:3036} INFO - Sync 1 DAGs
[2026-04-25T22:38:32.402+0000] {logging_mixin.py:188} INFO - [2026-04-25T22:38:32.402+0000] {dag.py:3823} INFO - Setting next_dagrun for data_merge_pipeline to 2026-04-26 00:00:00+00:00, run_after=2026-05-03 00:00:00+00:00
[2026-04-25T22:38:32.426+0000] {processor.py:183} INFO - Processing /home/airflow/dags/data_merge_dag.py took 0.350 seconds
[2026-04-25T22:39:02.514+0000] {processor.py:161} INFO - Started process (PID=17629) to work on /home/airflow/dags/data_merge_dag.py
[2026-04-25T22:39:02.516+0000] {processor.py:830} INFO - Processing file /home/airflow/dags/data_merge_dag.py for tasks to queue
[2026-04-25T22:39:02.517+0000] {logging_mixin.py:188} INFO - [2026-04-25T22:39:02.516+0000] {dagbag.py:538} INFO - Filling up the DagBag from /home/airflow/dags/data_merge_dag.py
[2026-04-25T22:39:02.830+0000] {processor.py:840} INFO - DAG(s) 'data_merge_pipeline' retrieved from /home/airflow/dags/data_merge_dag.py
[2026-04-25T22:39:02.856+0000] {logging_mixin.py:188} INFO - [2026-04-25T22:39:02.855+0000] {dag.py:3036} INFO - Sync 1 DAGs
[2026-04-25T22:39:02.880+0000] {logging_mixin.py:188} INFO - [2026-04-25T22:39:02.880+0000] {dag.py:3823} INFO - Setting next_dagrun for data_merge_pipeline to 2026-04-26 00:00:00+00:00, run_after=2026-05-03 00:00:00+00:00
[2026-04-25T22:39:02.907+0000] {processor.py:183} INFO - Processing /home/airflow/dags/data_merge_dag.py took 0.396 seconds
[2026-04-25T22:39:32.994+0000] {processor.py:161} INFO - Started process (PID=17661) to work on /home/airflow/dags/data_merge_dag.py
[2026-04-25T22:39:32.995+0000] {processor.py:830} INFO - Processing file /home/airflow/dags/data_merge_dag.py for tasks to queue
[2026-04-25T22:39:32.997+0000] {logging_mixin.py:188} INFO - [2026-04-25T22:39:32.996+0000] {dagbag.py:538} INFO - Filling up the DagBag from /home/airflow/dags/data_merge_dag.py
[2026-04-25T22:39:33.300+0000] {processor.py:840} INFO - DAG(s) 'data_merge_pipeline' retrieved from /home/airflow/dags/data_merge_dag.py
[2026-04-25T22:39:33.332+0000] {logging_mixin.py:188} INFO - [2026-04-25T22:39:33.331+0000] {dag.py:3036} INFO - Sync 1 DAGs
[2026-04-25T22:39:33.359+0000] {logging_mixin.py:188} INFO - [2026-04-25T22:39:33.358+0000] {dag.py:3823} INFO - Setting next_dagrun for data_merge_pipeline to 2026-04-26 00:00:00+00:00, run_after=2026-05-03 00:00:00+00:00
[2026-04-25T22:39:33.386+0000] {processor.py:183} INFO - Processing /home/airflow/dags/data_merge_dag.py took 0.396 seconds
[2026-04-25T22:40:03.551+0000] {processor.py:161} INFO - Started process (PID=17693) to work on /home/airflow/dags/data_merge_dag.py
[2026-04-25T22:40:03.552+0000] {processor.py:830} INFO - Processing file /home/airflow/dags/data_merge_dag.py for tasks to queue
[2026-04-25T22:40:03.554+0000] {logging_mixin.py:188} INFO - [2026-04-25T22:40:03.553+0000] {dagbag.py:538} INFO - Filling up the DagBag from /home/airflow/dags/data_merge_dag.py
[2026-04-25T22:40:03.838+0000] {processor.py:840} INFO - DAG(s) 'data_merge_pipeline' retrieved from /home/airflow/dags/data_merge_dag.py
[2026-04-25T22:40:03.865+0000] {logging_mixin.py:188} INFO - [2026-04-25T22:40:03.865+0000] {dag.py:3036} INFO - Sync 1 DAGs
[2026-04-25T22:40:03.886+0000] {logging_mixin.py:188} INFO - [2026-04-25T22:40:03.886+0000] {dag.py:3823} INFO - Setting next_dagrun for data_merge_pipeline to 2026-04-26 00:00:00+00:00, run_after=2026-05-03 00:00:00+00:00
[2026-04-25T22:40:03.916+0000] {processor.py:183} INFO - Processing /home/airflow/dags/data_merge_dag.py took 0.368 seconds
[2026-04-25T22:40:34.007+0000] {processor.py:161} INFO - Started process (PID=17725) to work on /home/airflow/dags/data_merge_dag.py
[2026-04-25T22:40:34.009+0000] {processor.py:830} INFO - Processing file /home/airflow/dags/data_merge_dag.py for tasks to queue
[2026-04-25T22:40:34.010+0000] {logging_mixin.py:188} INFO - [2026-04-25T22:40:34.009+0000] {dagbag.py:538} INFO - Filling up the DagBag from /home/airflow/dags/data_merge_dag.py
[2026-04-25T22:40:34.272+0000] {processor.py:840} INFO - DAG(s) 'data_merge_pipeline' retrieved from /home/airflow/dags/data_merge_dag.py
[2026-04-25T22:40:34.298+0000] {logging_mixin.py:188} INFO - [2026-04-25T22:40:34.297+0000] {dag.py:3036} INFO - Sync 1 DAGs
[2026-04-25T22:40:34.320+0000] {logging_mixin.py:188} INFO - [2026-04-25T22:40:34.320+0000] {dag.py:3823} INFO - Setting next_dagrun for data_merge_pipeline to 2026-04-26 00:00:00+00:00, run_after=2026-05-03 00:00:00+00:00
[2026-04-25T22:40:34.344+0000] {processor.py:183} INFO - Processing /home/airflow/dags/data_merge_dag.py took 0.340 seconds
[2026-04-25T22:41:05.322+0000] {processor.py:161} INFO - Started process (PID=17757) to work on /home/airflow/dags/data_merge_dag.py
[2026-04-25T22:41:05.324+0000] {processor.py:830} INFO - Processing file /home/airflow/dags/data_merge_dag.py for tasks to queue
[2026-04-25T22:41:05.325+0000] {logging_mixin.py:188} INFO - [2026-04-25T22:41:05.325+0000] {dagbag.py:538} INFO - Filling up the DagBag from /home/airflow/dags/data_merge_dag.py
[2026-04-25T22:41:05.680+0000] {processor.py:840} INFO - DAG(s) 'data_merge_pipeline' retrieved from /home/airflow/dags/data_merge_dag.py
[2026-04-25T22:41:05.713+0000] {logging_mixin.py:188} INFO - [2026-04-25T22:41:05.712+0000] {dag.py:3036} INFO - Sync 1 DAGs
[2026-04-25T22:41:05.774+0000] {logging_mixin.py:188} INFO - [2026-04-25T22:41:05.773+0000] {dag.py:3823} INFO - Setting next_dagrun for data_merge_pipeline to 2026-04-26 00:00:00+00:00, run_after=2026-05-03 00:00:00+00:00
[2026-04-25T22:41:05.966+0000] {processor.py:183} INFO - Processing /home/airflow/dags/data_merge_dag.py took 0.647 seconds
[2026-04-25T22:41:36.309+0000] {processor.py:161} INFO - Started process (PID=17789) to work on /home/airflow/dags/data_merge_dag.py
[2026-04-25T22:41:36.310+0000] {processor.py:830} INFO - Processing file /home/airflow/dags/data_merge_dag.py for tasks to queue
[2026-04-25T22:41:36.312+0000] {logging_mixin.py:188} INFO - [2026-04-25T22:41:36.311+0000] {dagbag.py:538} INFO - Filling up the DagBag from /home/airflow/dags/data_merge_dag.py
[2026-04-25T22:41:36.566+0000] {processor.py:840} INFO - DAG(s) 'data_merge_pipeline' retrieved from /home/airflow/dags/data_merge_dag.py
[2026-04-25T22:41:36.593+0000] {logging_mixin.py:188} INFO - [2026-04-25T22:41:36.593+0000] {dag.py:3036} INFO - Sync 1 DAGs
[2026-04-25T22:41:36.617+0000] {logging_mixin.py:188} INFO - [2026-04-25T22:41:36.617+0000] {dag.py:3823} INFO - Setting next_dagrun for data_merge_pipeline to 2026-04-26 00:00:00+00:00, run_after=2026-05-03 00:00:00+00:00
[2026-04-25T22:41:36.643+0000] {processor.py:183} INFO - Processing /home/airflow/dags/data_merge_dag.py took 0.338 seconds
[2026-04-25T22:42:06.894+0000] {processor.py:161} INFO - Started process (PID=17821) to work on /home/airflow/dags/data_merge_dag.py
[2026-04-25T22:42:06.895+0000] {processor.py:830} INFO - Processing file /home/airflow/dags/data_merge_dag.py for tasks to queue
[2026-04-25T22:42:06.896+0000] {logging_mixin.py:188} INFO - [2026-04-25T22:42:06.896+0000] {dagbag.py:538} INFO - Filling up the DagBag from /home/airflow/dags/data_merge_dag.py
[2026-04-25T22:42:07.207+0000] {processor.py:840} INFO - DAG(s) 'data_merge_pipeline' retrieved from /home/airflow/dags/data_merge_dag.py
[2026-04-25T22:42:07.237+0000] {logging_mixin.py:188} INFO - [2026-04-25T22:42:07.236+0000] {dag.py:3036} INFO - Sync 1 DAGs
[2026-04-25T22:42:07.267+0000] {logging_mixin.py:188} INFO - [2026-04-25T22:42:07.267+0000] {dag.py:3823} INFO - Setting next_dagrun for data_merge_pipeline to 2026-04-26 00:00:00+00:00, run_after=2026-05-03 00:00:00+00:00
[2026-04-25T22:42:07.299+0000] {processor.py:183} INFO - Processing /home/airflow/dags/data_merge_dag.py took 0.408 seconds
[2026-04-25T22:42:38.235+0000] {processor.py:161} INFO - Started process (PID=17853) to work on /home/airflow/dags/data_merge_dag.py
[2026-04-25T22:42:38.237+0000] {processor.py:830} INFO - Processing file /home/airflow/dags/data_merge_dag.py for tasks to queue
[2026-04-25T22:42:38.239+0000] {logging_mixin.py:188} INFO - [2026-04-25T22:42:38.238+0000] {dagbag.py:538} INFO - Filling up the DagBag from /home/airflow/dags/data_merge_dag.py
[2026-04-25T22:42:38.628+0000] {processor.py:840} INFO - DAG(s) 'data_merge_pipeline' retrieved from /home/airflow/dags/data_merge_dag.py
[2026-04-25T22:42:38.661+0000] {logging_mixin.py:188} INFO - [2026-04-25T22:42:38.660+0000] {dag.py:3036} INFO - Sync 1 DAGs
[2026-04-25T22:42:38.699+0000] {logging_mixin.py:188} INFO - [2026-04-25T22:42:38.699+0000] {dag.py:3823} INFO - Setting next_dagrun for data_merge_pipeline to 2026-04-26 00:00:00+00:00, run_after=2026-05-03 00:00:00+00:00
[2026-04-25T22:42:38.727+0000] {processor.py:183} INFO - Processing /home/airflow/dags/data_merge_dag.py took 0.496 seconds
[2026-04-25T22:43:08.787+0000] {processor.py:161} INFO - Started process (PID=17885) to work on /home/airflow/dags/data_merge_dag.py
[2026-04-25T22:43:08.789+0000] {processor.py:830} INFO - Processing file /home/airflow/dags/data_merge_dag.py for tasks to queue
[2026-04-25T22:43:08.790+0000] {logging_mixin.py:188} INFO - [2026-04-25T22:43:08.790+0000] {dagbag.py:538} INFO - Filling up the DagBag from /home/airflow/dags/data_merge_dag.py
[2026-04-25T22:43:09.057+0000] {processor.py:840} INFO - DAG(s) 'data_merge_pipeline' retrieved from /home/airflow/dags/data_merge_dag.py
[2026-04-25T22:43:09.085+0000] {logging_mixin.py:188} INFO - [2026-04-25T22:43:09.084+0000] {dag.py:3036} INFO - Sync 1 DAGs
[2026-04-25T22:43:09.108+0000] {logging_mixin.py:188} INFO - [2026-04-25T22:43:09.107+0000] {dag.py:3823} INFO - Setting next_dagrun for data_merge_pipeline to 2026-04-26 00:00:00+00:00, run_after=2026-05-03 00:00:00+00:00
[2026-04-25T22:43:09.133+0000] {processor.py:183} INFO - Processing /home/airflow/dags/data_merge_dag.py took 0.349 seconds
[2026-04-25T22:43:39.215+0000] {processor.py:161} INFO - Started process (PID=17917) to work on /home/airflow/dags/data_merge_dag.py
[2026-04-25T22:43:39.217+0000] {processor.py:830} INFO - Processing file /home/airflow/dags/data_merge_dag.py for tasks to queue
[2026-04-25T22:43:39.219+0000] {logging_mixin.py:188} INFO - [2026-04-25T22:43:39.219+0000] {dagbag.py:538} INFO - Filling up the DagBag from /home/airflow/dags/data_merge_dag.py
[2026-04-25T22:43:39.506+0000] {processor.py:840} INFO - DAG(s) 'data_merge_pipeline' retrieved from /home/airflow/dags/data_merge_dag.py
[2026-04-25T22:43:39.532+0000] {logging_mixin.py:188} INFO - [2026-04-25T22:43:39.532+0000] {dag.py:3036} INFO - Sync 1 DAGs
[2026-04-25T22:43:39.553+0000] {logging_mixin.py:188} INFO - [2026-04-25T22:43:39.553+0000] {dag.py:3823} INFO - Setting next_dagrun for data_merge_pipeline to 2026-04-26 00:00:00+00:00, run_after=2026-05-03 00:00:00+00:00
[2026-04-25T22:43:39.578+0000] {processor.py:183} INFO - Processing /home/airflow/dags/data_merge_dag.py took 0.367 seconds
[2026-04-25T22:44:10.560+0000] {processor.py:161} INFO - Started process (PID=17949) to work on /home/airflow/dags/data_merge_dag.py
[2026-04-25T22:44:10.561+0000] {processor.py:830} INFO - Processing file /home/airflow/dags/data_merge_dag.py for tasks to queue
[2026-04-25T22:44:10.562+0000] {logging_mixin.py:188} INFO - [2026-04-25T22:44:10.562+0000] {dagbag.py:538} INFO - Filling up the DagBag from /home/airflow/dags/data_merge_dag.py
[2026-04-25T22:44:10.905+0000] {processor.py:840} INFO - DAG(s) 'data_merge_pipeline' retrieved from /home/airflow/dags/data_merge_dag.py
[2026-04-25T22:44:10.942+0000] {logging_mixin.py:188} INFO - [2026-04-25T22:44:10.941+0000] {dag.py:3036} INFO - Sync 1 DAGs
[2026-04-25T22:44:10.972+0000] {logging_mixin.py:188} INFO - [2026-04-25T22:44:10.972+0000] {dag.py:3823} INFO - Setting next_dagrun for data_merge_pipeline to 2026-04-26 00:00:00+00:00, run_after=2026-05-03 00:00:00+00:00
[2026-04-25T22:44:11.001+0000] {processor.py:183} INFO - Processing /home/airflow/dags/data_merge_dag.py took 0.444 seconds
[2026-04-25T22:44:41.865+0000] {processor.py:161} INFO - Started process (PID=17981) to work on /home/airflow/dags/data_merge_dag.py
[2026-04-25T22:44:41.867+0000] {processor.py:830} INFO - Processing file /home/airflow/dags/data_merge_dag.py for tasks to queue
[2026-04-25T22:44:41.868+0000] {logging_mixin.py:188} INFO - [2026-04-25T22:44:41.868+0000] {dagbag.py:538} INFO - Filling up the DagBag from /home/airflow/dags/data_merge_dag.py
[2026-04-25T22:44:42.261+0000] {processor.py:840} INFO - DAG(s) 'data_merge_pipeline' retrieved from /home/airflow/dags/data_merge_dag.py
[2026-04-25T22:44:42.291+0000] {logging_mixin.py:188} INFO - [2026-04-25T22:44:42.291+0000] {dag.py:3036} INFO - Sync 1 DAGs
[2026-04-25T22:44:42.317+0000] {logging_mixin.py:188} INFO - [2026-04-25T22:44:42.317+0000] {dag.py:3823} INFO - Setting next_dagrun for data_merge_pipeline to 2026-04-26 00:00:00+00:00, run_after=2026-05-03 00:00:00+00:00
[2026-04-25T22:44:42.342+0000] {processor.py:183} INFO - Processing /home/airflow/dags/data_merge_dag.py took 0.484 seconds
[2026-04-25T22:45:12.472+0000] {processor.py:161} INFO - Started process (PID=18013) to work on /home/airflow/dags/data_merge_dag.py
[2026-04-25T22:45:12.473+0000] {processor.py:830} INFO - Processing file /home/airflow/dags/data_merge_dag.py for tasks to queue
[2026-04-25T22:45:12.474+0000] {logging_mixin.py:188} INFO - [2026-04-25T22:45:12.474+0000] {dagbag.py:538} INFO - Filling up the DagBag from /home/airflow/dags/data_merge_dag.py
[2026-04-25T22:45:12.732+0000] {processor.py:840} INFO - DAG(s) 'data_merge_pipeline' retrieved from /home/airflow/dags/data_merge_dag.py
[2026-04-25T22:45:12.760+0000] {logging_mixin.py:188} INFO - [2026-04-25T22:45:12.759+0000] {dag.py:3036} INFO - Sync 1 DAGs
[2026-04-25T22:45:12.784+0000] {logging_mixin.py:188} INFO - [2026-04-25T22:45:12.784+0000] {dag.py:3823} INFO - Setting next_dagrun for data_merge_pipeline to 2026-04-26 00:00:00+00:00, run_after=2026-05-03 00:00:00+00:00
[2026-04-25T22:45:12.809+0000] {processor.py:183} INFO - Processing /home/airflow/dags/data_merge_dag.py took 0.341 seconds
[2026-04-25T22:45:43.764+0000] {processor.py:161} INFO - Started process (PID=18045) to work on /home/airflow/dags/data_merge_dag.py
[2026-04-25T22:45:43.765+0000] {processor.py:830} INFO - Processing file /home/airflow/dags/data_merge_dag.py for tasks to queue
[2026-04-25T22:45:43.766+0000] {logging_mixin.py:188} INFO - [2026-04-25T22:45:43.766+0000] {dagbag.py:538} INFO - Filling up the DagBag from /home/airflow/dags/data_merge_dag.py
[2026-04-25T22:45:44.033+0000] {processor.py:840} INFO - DAG(s) 'data_merge_pipeline' retrieved from /home/airflow/dags/data_merge_dag.py
[2026-04-25T22:45:44.060+0000] {logging_mixin.py:188} INFO - [2026-04-25T22:45:44.059+0000] {dag.py:3036} INFO - Sync 1 DAGs
[2026-04-25T22:45:44.084+0000] {logging_mixin.py:188} INFO - [2026-04-25T22:45:44.083+0000] {dag.py:3823} INFO - Setting next_dagrun for data_merge_pipeline to 2026-04-26 00:00:00+00:00, run_after=2026-05-03 00:00:00+00:00
[2026-04-25T22:45:44.111+0000] {processor.py:183} INFO - Processing /home/airflow/dags/data_merge_dag.py took 0.350 seconds
[2026-04-25T22:46:14.504+0000] {processor.py:161} INFO - Started process (PID=18077) to work on /home/airflow/dags/data_merge_dag.py
[2026-04-25T22:46:14.505+0000] {processor.py:830} INFO - Processing file /home/airflow/dags/data_merge_dag.py for tasks to queue
[2026-04-25T22:46:14.506+0000] {logging_mixin.py:188} INFO - [2026-04-25T22:46:14.506+0000] {dagbag.py:538} INFO - Filling up the DagBag from /home/airflow/dags/data_merge_dag.py
[2026-04-25T22:46:14.814+0000] {processor.py:840} INFO - DAG(s) 'data_merge_pipeline' retrieved from /home/airflow/dags/data_merge_dag.py
[2026-04-25T22:46:14.843+0000] {logging_mixin.py:188} INFO - [2026-04-25T22:46:14.842+0000] {dag.py:3036} INFO - Sync 1 DAGs
[2026-04-25T22:46:14.870+0000] {logging_mixin.py:188} INFO - [2026-04-25T22:46:14.870+0000] {dag.py:3823} INFO - Setting next_dagrun for data_merge_pipeline to 2026-04-26 00:00:00+00:00, run_after=2026-05-03 00:00:00+00:00
[2026-04-25T22:46:15.076+0000] {processor.py:183} INFO - Processing /home/airflow/dags/data_merge_dag.py took 0.577 seconds
[2026-04-25T22:46:45.382+0000] {processor.py:161} INFO - Started process (PID=18109) to work on /home/airflow/dags/data_merge_dag.py
[2026-04-25T22:46:45.383+0000] {processor.py:830} INFO - Processing file /home/airflow/dags/data_merge_dag.py for tasks to queue
[2026-04-25T22:46:45.384+0000] {logging_mixin.py:188} INFO - [2026-04-25T22:46:45.384+0000] {dagbag.py:538} INFO - Filling up the DagBag from /home/airflow/dags/data_merge_dag.py
[2026-04-25T22:46:45.620+0000] {processor.py:840} INFO - DAG(s) 'data_merge_pipeline' retrieved from /home/airflow/dags/data_merge_dag.py
[2026-04-25T22:46:45.644+0000] {logging_mixin.py:188} INFO - [2026-04-25T22:46:45.643+0000] {dag.py:3036} INFO - Sync 1 DAGs
[2026-04-25T22:46:45.665+0000] {logging_mixin.py:188} INFO - [2026-04-25T22:46:45.664+0000] {dag.py:3823} INFO - Setting next_dagrun for data_merge_pipeline to 2026-04-26 00:00:00+00:00, run_after=2026-05-03 00:00:00+00:00
[2026-04-25T22:46:45.836+0000] {processor.py:183} INFO - Processing /home/airflow/dags/data_merge_dag.py took 0.458 seconds
[2026-04-25T22:47:15.891+0000] {processor.py:161} INFO - Started process (PID=18141) to work on /home/airflow/dags/data_merge_dag.py
[2026-04-25T22:47:15.892+0000] {processor.py:830} INFO - Processing file /home/airflow/dags/data_merge_dag.py for tasks to queue
[2026-04-25T22:47:15.893+0000] {logging_mixin.py:188} INFO - [2026-04-25T22:47:15.893+0000] {dagbag.py:538} INFO - Filling up the DagBag from /home/airflow/dags/data_merge_dag.py
[2026-04-25T22:47:16.172+0000] {processor.py:840} INFO - DAG(s) 'data_merge_pipeline' retrieved from /home/airflow/dags/data_merge_dag.py
[2026-04-25T22:47:16.199+0000] {logging_mixin.py:188} INFO - [2026-04-25T22:47:16.198+0000] {dag.py:3036} INFO - Sync 1 DAGs
[2026-04-25T22:47:16.224+0000] {logging_mixin.py:188} INFO - [2026-04-25T22:47:16.224+0000] {dag.py:3823} INFO - Setting next_dagrun for data_merge_pipeline to 2026-04-26 00:00:00+00:00, run_after=2026-05-03 00:00:00+00:00
[2026-04-25T22:47:16.460+0000] {processor.py:183} INFO - Processing /home/airflow/dags/data_merge_dag.py took 0.572 seconds
[2026-04-25T22:47:47.197+0000] {processor.py:161} INFO - Started process (PID=18173) to work on /home/airflow/dags/data_merge_dag.py
[2026-04-25T22:47:47.199+0000] {processor.py:830} INFO - Processing file /home/airflow/dags/data_merge_dag.py for tasks to queue
[2026-04-25T22:47:47.200+0000] {logging_mixin.py:188} INFO - [2026-04-25T22:47:47.199+0000] {dagbag.py:538} INFO - Filling up the DagBag from /home/airflow/dags/data_merge_dag.py
[2026-04-25T22:47:47.744+0000] {processor.py:840} INFO - DAG(s) 'data_merge_pipeline' retrieved from /home/airflow/dags/data_merge_dag.py
[2026-04-25T22:47:47.773+0000] {logging_mixin.py:188} INFO - [2026-04-25T22:47:47.772+0000] {dag.py:3036} INFO - Sync 1 DAGs
[2026-04-25T22:47:47.798+0000] {logging_mixin.py:188} INFO - [2026-04-25T22:47:47.797+0000] {dag.py:3823} INFO - Setting next_dagrun for data_merge_pipeline to 2026-04-26 00:00:00+00:00, run_after=2026-05-03 00:00:00+00:00
[2026-04-25T22:47:47.823+0000] {processor.py:183} INFO - Processing /home/airflow/dags/data_merge_dag.py took 0.630 seconds
[2026-04-25T22:48:18.867+0000] {processor.py:161} INFO - Started process (PID=18205) to work on /home/airflow/dags/data_merge_dag.py
[2026-04-25T22:48:18.868+0000] {processor.py:830} INFO - Processing file /home/airflow/dags/data_merge_dag.py for tasks to queue
[2026-04-25T22:48:18.870+0000] {logging_mixin.py:188} INFO - [2026-04-25T22:48:18.869+0000] {dagbag.py:538} INFO - Filling up the DagBag from /home/airflow/dags/data_merge_dag.py
[2026-04-25T22:48:19.382+0000] {processor.py:840} INFO - DAG(s) 'data_merge_pipeline' retrieved from /home/airflow/dags/data_merge_dag.py
[2026-04-25T22:48:19.408+0000] {logging_mixin.py:188} INFO - [2026-04-25T22:48:19.408+0000] {dag.py:3036} INFO - Sync 1 DAGs
[2026-04-25T22:48:19.430+0000] {logging_mixin.py:188} INFO - [2026-04-25T22:48:19.430+0000] {dag.py:3823} INFO - Setting next_dagrun for data_merge_pipeline to 2026-04-26 00:00:00+00:00, run_after=2026-05-03 00:00:00+00:00
[2026-04-25T22:48:19.454+0000] {processor.py:183} INFO - Processing /home/airflow/dags/data_merge_dag.py took 0.591 seconds
[2026-04-25T22:48:50.171+0000] {processor.py:161} INFO - Started process (PID=18237) to work on /home/airflow/dags/data_merge_dag.py
[2026-04-25T22:48:50.172+0000] {processor.py:830} INFO - Processing file /home/airflow/dags/data_merge_dag.py for tasks to queue
[2026-04-25T22:48:50.173+0000] {logging_mixin.py:188} INFO - [2026-04-25T22:48:50.173+0000] {dagbag.py:538} INFO - Filling up the DagBag from /home/airflow/dags/data_merge_dag.py
[2026-04-25T22:48:50.576+0000] {processor.py:840} INFO - DAG(s) 'data_merge_pipeline' retrieved from /home/airflow/dags/data_merge_dag.py
[2026-04-25T22:48:50.597+0000] {logging_mixin.py:188} INFO - [2026-04-25T22:48:50.597+0000] {dag.py:3036} INFO - Sync 1 DAGs
[2026-04-25T22:48:50.614+0000] {logging_mixin.py:188} INFO - [2026-04-25T22:48:50.614+0000] {dag.py:3823} INFO - Setting next_dagrun for data_merge_pipeline to 2026-04-26 00:00:00+00:00, run_after=2026-05-03 00:00:00+00:00
[2026-04-25T22:48:50.638+0000] {processor.py:183} INFO - Processing /home/airflow/dags/data_merge_dag.py took 0.471 seconds
[2026-04-25T22:49:20.995+0000] {processor.py:161} INFO - Started process (PID=18269) to work on /home/airflow/dags/data_merge_dag.py
[2026-04-25T22:49:20.996+0000] {processor.py:830} INFO - Processing file /home/airflow/dags/data_merge_dag.py for tasks to queue
[2026-04-25T22:49:20.997+0000] {logging_mixin.py:188} INFO - [2026-04-25T22:49:20.997+0000] {dagbag.py:538} INFO - Filling up the DagBag from /home/airflow/dags/data_merge_dag.py
[2026-04-25T22:49:21.456+0000] {processor.py:840} INFO - DAG(s) 'data_merge_pipeline' retrieved from /home/airflow/dags/data_merge_dag.py
[2026-04-25T22:49:21.480+0000] {logging_mixin.py:188} INFO - [2026-04-25T22:49:21.480+0000] {dag.py:3036} INFO - Sync 1 DAGs
[2026-04-25T22:49:21.505+0000] {logging_mixin.py:188} INFO - [2026-04-25T22:49:21.505+0000] {dag.py:3823} INFO - Setting next_dagrun for data_merge_pipeline to 2026-04-26 00:00:00+00:00, run_after=2026-05-03 00:00:00+00:00
[2026-04-25T22:49:21.536+0000] {processor.py:183} INFO - Processing /home/airflow/dags/data_merge_dag.py took 0.544 seconds
[2026-04-25T22:49:51.667+0000] {processor.py:161} INFO - Started process (PID=18301) to work on /home/airflow/dags/data_merge_dag.py
[2026-04-25T22:49:51.668+0000] {processor.py:830} INFO - Processing file /home/airflow/dags/data_merge_dag.py for tasks to queue
[2026-04-25T22:49:51.670+0000] {logging_mixin.py:188} INFO - [2026-04-25T22:49:51.669+0000] {dagbag.py:538} INFO - Filling up the DagBag from /home/airflow/dags/data_merge_dag.py
[2026-04-25T22:49:52.080+0000] {processor.py:840} INFO - DAG(s) 'data_merge_pipeline' retrieved from /home/airflow/dags/data_merge_dag.py
[2026-04-25T22:49:52.105+0000] {logging_mixin.py:188} INFO - [2026-04-25T22:49:52.104+0000] {dag.py:3036} INFO - Sync 1 DAGs
[2026-04-25T22:49:52.123+0000] {logging_mixin.py:188} INFO - [2026-04-25T22:49:52.123+0000] {dag.py:3823} INFO - Setting next_dagrun for data_merge_pipeline to 2026-04-26 00:00:00+00:00, run_after=2026-05-03 00:00:00+00:00
[2026-04-25T22:49:52.151+0000] {processor.py:183} INFO - Processing /home/airflow/dags/data_merge_dag.py took 0.487 seconds
[2026-04-25T22:50:22.265+0000] {processor.py:161} INFO - Started process (PID=18333) to work on /home/airflow/dags/data_merge_dag.py
[2026-04-25T22:50:22.267+0000] {processor.py:830} INFO - Processing file /home/airflow/dags/data_merge_dag.py for tasks to queue
[2026-04-25T22:50:22.269+0000] {logging_mixin.py:188} INFO - [2026-04-25T22:50:22.269+0000] {dagbag.py:538} INFO - Filling up the DagBag from /home/airflow/dags/data_merge_dag.py
[2026-04-25T22:50:22.793+0000] {processor.py:840} INFO - DAG(s) 'data_merge_pipeline' retrieved from /home/airflow/dags/data_merge_dag.py
[2026-04-25T22:50:22.816+0000] {logging_mixin.py:188} INFO - [2026-04-25T22:50:22.815+0000] {dag.py:3036} INFO - Sync 1 DAGs
[2026-04-25T22:50:22.836+0000] {logging_mixin.py:188} INFO - [2026-04-25T22:50:22.836+0000] {dag.py:3823} INFO - Setting next_dagrun for data_merge_pipeline to 2026-04-26 00:00:00+00:00, run_after=2026-05-03 00:00:00+00:00
[2026-04-25T22:50:22.862+0000] {processor.py:183} INFO - Processing /home/airflow/dags/data_merge_dag.py took 0.601 seconds
[2026-04-25T22:50:53.310+0000] {processor.py:161} INFO - Started process (PID=18365) to work on /home/airflow/dags/data_merge_dag.py
[2026-04-25T22:50:53.311+0000] {processor.py:830} INFO - Processing file /home/airflow/dags/data_merge_dag.py for tasks to queue
[2026-04-25T22:50:53.313+0000] {logging_mixin.py:188} INFO - [2026-04-25T22:50:53.312+0000] {dagbag.py:538} INFO - Filling up the DagBag from /home/airflow/dags/data_merge_dag.py
[2026-04-25T22:50:53.716+0000] {processor.py:840} INFO - DAG(s) 'data_merge_pipeline' retrieved from /home/airflow/dags/data_merge_dag.py
[2026-04-25T22:50:53.751+0000] {logging_mixin.py:188} INFO - [2026-04-25T22:50:53.750+0000] {dag.py:3036} INFO - Sync 1 DAGs
[2026-04-25T22:50:53.769+0000] {logging_mixin.py:188} INFO - [2026-04-25T22:50:53.769+0000] {dag.py:3823} INFO - Setting next_dagrun for data_merge_pipeline to 2026-04-26 00:00:00+00:00, run_after=2026-05-03 00:00:00+00:00
[2026-04-25T22:50:53.793+0000] {processor.py:183} INFO - Processing /home/airflow/dags/data_merge_dag.py took 0.485 seconds
[2026-04-25T22:51:24.128+0000] {processor.py:161} INFO - Started process (PID=18397) to work on /home/airflow/dags/data_merge_dag.py
[2026-04-25T22:51:24.129+0000] {processor.py:830} INFO - Processing file /home/airflow/dags/data_merge_dag.py for tasks to queue
[2026-04-25T22:51:24.130+0000] {logging_mixin.py:188} INFO - [2026-04-25T22:51:24.129+0000] {dagbag.py:538} INFO - Filling up the DagBag from /home/airflow/dags/data_merge_dag.py
[2026-04-25T22:51:24.532+0000] {processor.py:840} INFO - DAG(s) 'data_merge_pipeline' retrieved from /home/airflow/dags/data_merge_dag.py
[2026-04-25T22:51:24.554+0000] {logging_mixin.py:188} INFO - [2026-04-25T22:51:24.553+0000] {dag.py:3036} INFO - Sync 1 DAGs
[2026-04-25T22:51:24.572+0000] {logging_mixin.py:188} INFO - [2026-04-25T22:51:24.571+0000] {dag.py:3823} INFO - Setting next_dagrun for data_merge_pipeline to 2026-04-26 00:00:00+00:00, run_after=2026-05-03 00:00:00+00:00
[2026-04-25T22:51:24.596+0000] {processor.py:183} INFO - Processing /home/airflow/dags/data_merge_dag.py took 0.472 seconds
[2026-04-25T22:51:54.887+0000] {processor.py:161} INFO - Started process (PID=18429) to work on /home/airflow/dags/data_merge_dag.py
[2026-04-25T22:51:54.888+0000] {processor.py:830} INFO - Processing file /home/airflow/dags/data_merge_dag.py for tasks to queue
[2026-04-25T22:51:54.890+0000] {logging_mixin.py:188} INFO - [2026-04-25T22:51:54.889+0000] {dagbag.py:538} INFO - Filling up the DagBag from /home/airflow/dags/data_merge_dag.py
[2026-04-25T22:51:55.348+0000] {processor.py:840} INFO - DAG(s) 'data_merge_pipeline' retrieved from /home/airflow/dags/data_merge_dag.py
[2026-04-25T22:51:55.372+0000] {logging_mixin.py:188} INFO - [2026-04-25T22:51:55.372+0000] {dag.py:3036} INFO - Sync 1 DAGs
[2026-04-25T22:51:55.393+0000] {logging_mixin.py:188} INFO - [2026-04-25T22:51:55.393+0000] {dag.py:3823} INFO - Setting next_dagrun for data_merge_pipeline to 2026-04-26 00:00:00+00:00, run_after=2026-05-03 00:00:00+00:00
[2026-04-25T22:51:55.423+0000] {processor.py:183} INFO - Processing /home/airflow/dags/data_merge_dag.py took 0.540 seconds
[2026-04-25T22:52:26.299+0000] {processor.py:161} INFO - Started process (PID=18461) to work on /home/airflow/dags/data_merge_dag.py
[2026-04-25T22:52:26.300+0000] {processor.py:830} INFO - Processing file /home/airflow/dags/data_merge_dag.py for tasks to queue
[2026-04-25T22:52:26.301+0000] {logging_mixin.py:188} INFO - [2026-04-25T22:52:26.301+0000] {dagbag.py:538} INFO - Filling up the DagBag from /home/airflow/dags/data_merge_dag.py
[2026-04-25T22:52:26.774+0000] {processor.py:840} INFO - DAG(s) 'data_merge_pipeline' retrieved from /home/airflow/dags/data_merge_dag.py
[2026-04-25T22:52:26.796+0000] {logging_mixin.py:188} INFO - [2026-04-25T22:52:26.796+0000] {dag.py:3036} INFO - Sync 1 DAGs
[2026-04-25T22:52:26.816+0000] {logging_mixin.py:188} INFO - [2026-04-25T22:52:26.816+0000] {dag.py:3823} INFO - Setting next_dagrun for data_merge_pipeline to 2026-04-26 00:00:00+00:00, run_after=2026-05-03 00:00:00+00:00
[2026-04-25T22:52:26.841+0000] {processor.py:183} INFO - Processing /home/airflow/dags/data_merge_dag.py took 0.546 seconds
[2026-04-25T22:52:57.590+0000] {processor.py:161} INFO - Started process (PID=18493) to work on /home/airflow/dags/data_merge_dag.py
[2026-04-25T22:52:57.592+0000] {processor.py:830} INFO - Processing file /home/airflow/dags/data_merge_dag.py for tasks to queue
[2026-04-25T22:52:57.593+0000] {logging_mixin.py:188} INFO - [2026-04-25T22:52:57.592+0000] {dagbag.py:538} INFO - Filling up the DagBag from /home/airflow/dags/data_merge_dag.py
[2026-04-25T22:52:58.066+0000] {processor.py:840} INFO - DAG(s) 'data_merge_pipeline' retrieved from /home/airflow/dags/data_merge_dag.py
[2026-04-25T22:52:58.091+0000] {logging_mixin.py:188} INFO - [2026-04-25T22:52:58.090+0000] {dag.py:3036} INFO - Sync 1 DAGs
[2026-04-25T22:52:58.113+0000] {logging_mixin.py:188} INFO - [2026-04-25T22:52:58.113+0000] {dag.py:3823} INFO - Setting next_dagrun for data_merge_pipeline to 2026-04-26 00:00:00+00:00, run_after=2026-05-03 00:00:00+00:00
[2026-04-25T22:52:58.140+0000] {processor.py:183} INFO - Processing /home/airflow/dags/data_merge_dag.py took 0.554 seconds
[2026-04-25T22:53:28.315+0000] {processor.py:161} INFO - Started process (PID=18525) to work on /home/airflow/dags/data_merge_dag.py
[2026-04-25T22:53:28.317+0000] {processor.py:830} INFO - Processing file /home/airflow/dags/data_merge_dag.py for tasks to queue
[2026-04-25T22:53:28.318+0000] {logging_mixin.py:188} INFO - [2026-04-25T22:53:28.318+0000] {dagbag.py:538} INFO - Filling up the DagBag from /home/airflow/dags/data_merge_dag.py
[2026-04-25T22:53:28.678+0000] {processor.py:840} INFO - DAG(s) 'data_merge_pipeline' retrieved from /home/airflow/dags/data_merge_dag.py
[2026-04-25T22:53:28.698+0000] {logging_mixin.py:188} INFO - [2026-04-25T22:53:28.697+0000] {dag.py:3036} INFO - Sync 1 DAGs
[2026-04-25T22:53:28.720+0000] {logging_mixin.py:188} INFO - [2026-04-25T22:53:28.720+0000] {dag.py:3823} INFO - Setting next_dagrun for data_merge_pipeline to 2026-04-26 00:00:00+00:00, run_after=2026-05-03 00:00:00+00:00
[2026-04-25T22:53:28.753+0000] {processor.py:183} INFO - Processing /home/airflow/dags/data_merge_dag.py took 0.441 seconds
[2026-04-25T22:53:59.267+0000] {processor.py:161} INFO - Started process (PID=18557) to work on /home/airflow/dags/data_merge_dag.py
[2026-04-25T22:53:59.268+0000] {processor.py:830} INFO - Processing file /home/airflow/dags/data_merge_dag.py for tasks to queue
[2026-04-25T22:53:59.270+0000] {logging_mixin.py:188} INFO - [2026-04-25T22:53:59.269+0000] {dagbag.py:538} INFO - Filling up the DagBag from /home/airflow/dags/data_merge_dag.py
[2026-04-25T22:53:59.724+0000] {processor.py:840} INFO - DAG(s) 'data_merge_pipeline' retrieved from /home/airflow/dags/data_merge_dag.py
[2026-04-25T22:53:59.750+0000] {logging_mixin.py:188} INFO - [2026-04-25T22:53:59.750+0000] {dag.py:3036} INFO - Sync 1 DAGs
[2026-04-25T22:53:59.776+0000] {logging_mixin.py:188} INFO - [2026-04-25T22:53:59.776+0000] {dag.py:3823} INFO - Setting next_dagrun for data_merge_pipeline to 2026-04-26 00:00:00+00:00, run_after=2026-05-03 00:00:00+00:00
[2026-04-25T22:53:59.800+0000] {processor.py:183} INFO - Processing /home/airflow/dags/data_merge_dag.py took 0.535 seconds
[2026-04-25T22:54:29.862+0000] {processor.py:161} INFO - Started process (PID=18589) to work on /home/airflow/dags/data_merge_dag.py
[2026-04-25T22:54:29.864+0000] {processor.py:830} INFO - Processing file /home/airflow/dags/data_merge_dag.py for tasks to queue
[2026-04-25T22:54:29.865+0000] {logging_mixin.py:188} INFO - [2026-04-25T22:54:29.864+0000] {dagbag.py:538} INFO - Filling up the DagBag from /home/airflow/dags/data_merge_dag.py
[2026-04-25T22:54:30.260+0000] {processor.py:840} INFO - DAG(s) 'data_merge_pipeline' retrieved from /home/airflow/dags/data_merge_dag.py
[2026-04-25T22:54:30.282+0000] {logging_mixin.py:188} INFO - [2026-04-25T22:54:30.282+0000] {dag.py:3036} INFO - Sync 1 DAGs
[2026-04-25T22:54:30.303+0000] {logging_mixin.py:188} INFO - [2026-04-25T22:54:30.303+0000] {dag.py:3823} INFO - Setting next_dagrun for data_merge_pipeline to 2026-04-26 00:00:00+00:00, run_after=2026-05-03 00:00:00+00:00
[2026-04-25T22:54:30.328+0000] {processor.py:183} INFO - Processing /home/airflow/dags/data_merge_dag.py took 0.469 seconds
[2026-04-25T22:55:00.487+0000] {processor.py:161} INFO - Started process (PID=18621) to work on /home/airflow/dags/data_merge_dag.py
[2026-04-25T22:55:00.488+0000] {processor.py:830} INFO - Processing file /home/airflow/dags/data_merge_dag.py for tasks to queue
[2026-04-25T22:55:00.489+0000] {logging_mixin.py:188} INFO - [2026-04-25T22:55:00.489+0000] {dagbag.py:538} INFO - Filling up the DagBag from /home/airflow/dags/data_merge_dag.py
[2026-04-25T22:55:00.873+0000] {processor.py:840} INFO - DAG(s) 'data_merge_pipeline' retrieved from /home/airflow/dags/data_merge_dag.py
[2026-04-25T22:55:00.895+0000] {logging_mixin.py:188} INFO - [2026-04-25T22:55:00.895+0000] {dag.py:3036} INFO - Sync 1 DAGs
[2026-04-25T22:55:00.915+0000] {logging_mixin.py:188} INFO - [2026-04-25T22:55:00.915+0000] {dag.py:3823} INFO - Setting next_dagrun for data_merge_pipeline to 2026-04-26 00:00:00+00:00, run_after=2026-05-03 00:00:00+00:00
[2026-04-25T22:55:00.939+0000] {processor.py:183} INFO - Processing /home/airflow/dags/data_merge_dag.py took 0.456 seconds
[2026-04-25T22:55:31.402+0000] {processor.py:161} INFO - Started process (PID=18653) to work on /home/airflow/dags/data_merge_dag.py
[2026-04-25T22:55:31.404+0000] {processor.py:830} INFO - Processing file /home/airflow/dags/data_merge_dag.py for tasks to queue
[2026-04-25T22:55:31.406+0000] {logging_mixin.py:188} INFO - [2026-04-25T22:55:31.405+0000] {dagbag.py:538} INFO - Filling up the DagBag from /home/airflow/dags/data_merge_dag.py
[2026-04-25T22:55:32.069+0000] {processor.py:840} INFO - DAG(s) 'data_merge_pipeline' retrieved from /home/airflow/dags/data_merge_dag.py
[2026-04-25T22:55:32.104+0000] {logging_mixin.py:188} INFO - [2026-04-25T22:55:32.103+0000] {dag.py:3036} INFO - Sync 1 DAGs
[2026-04-25T22:55:32.127+0000] {logging_mixin.py:188} INFO - [2026-04-25T22:55:32.127+0000] {dag.py:3823} INFO - Setting next_dagrun for data_merge_pipeline to 2026-04-26 00:00:00+00:00, run_after=2026-05-03 00:00:00+00:00
[2026-04-25T22:55:32.150+0000] {processor.py:183} INFO - Processing /home/airflow/dags/data_merge_dag.py took 0.752 seconds
[2026-04-25T22:56:02.822+0000] {processor.py:161} INFO - Started process (PID=18685) to work on /home/airflow/dags/data_merge_dag.py
[2026-04-25T22:56:02.824+0000] {processor.py:830} INFO - Processing file /home/airflow/dags/data_merge_dag.py for tasks to queue
[2026-04-25T22:56:02.825+0000] {logging_mixin.py:188} INFO - [2026-04-25T22:56:02.825+0000] {dagbag.py:538} INFO - Filling up the DagBag from /home/airflow/dags/data_merge_dag.py
[2026-04-25T22:56:03.096+0000] {processor.py:840} INFO - DAG(s) 'data_merge_pipeline' retrieved from /home/airflow/dags/data_merge_dag.py
[2026-04-25T22:56:03.123+0000] {logging_mixin.py:188} INFO - [2026-04-25T22:56:03.122+0000] {dag.py:3036} INFO - Sync 1 DAGs
[2026-04-25T22:56:03.144+0000] {logging_mixin.py:188} INFO - [2026-04-25T22:56:03.144+0000] {dag.py:3823} INFO - Setting next_dagrun for data_merge_pipeline to 2026-04-26 00:00:00+00:00, run_after=2026-05-03 00:00:00+00:00
[2026-04-25T22:56:03.167+0000] {processor.py:183} INFO - Processing /home/airflow/dags/data_merge_dag.py took 0.350 seconds
[2026-04-25T22:56:33.370+0000] {processor.py:161} INFO - Started process (PID=18717) to work on /home/airflow/dags/data_merge_dag.py
[2026-04-25T22:56:33.371+0000] {processor.py:830} INFO - Processing file /home/airflow/dags/data_merge_dag.py for tasks to queue
[2026-04-25T22:56:33.372+0000] {logging_mixin.py:188} INFO - [2026-04-25T22:56:33.372+0000] {dagbag.py:538} INFO - Filling up the DagBag from /home/airflow/dags/data_merge_dag.py
[2026-04-25T22:56:33.612+0000] {processor.py:840} INFO - DAG(s) 'data_merge_pipeline' retrieved from /home/airflow/dags/data_merge_dag.py
[2026-04-25T22:56:33.634+0000] {logging_mixin.py:188} INFO - [2026-04-25T22:56:33.634+0000] {dag.py:3036} INFO - Sync 1 DAGs
[2026-04-25T22:56:33.653+0000] {logging_mixin.py:188} INFO - [2026-04-25T22:56:33.653+0000] {dag.py:3823} INFO - Setting next_dagrun for data_merge_pipeline to 2026-04-26 00:00:00+00:00, run_after=2026-05-03 00:00:00+00:00
[2026-04-25T22:56:33.676+0000] {processor.py:183} INFO - Processing /home/airflow/dags/data_merge_dag.py took 0.309 seconds
[2026-04-25T22:57:03.816+0000] {processor.py:161} INFO - Started process (PID=18749) to work on /home/airflow/dags/data_merge_dag.py
[2026-04-25T22:57:03.817+0000] {processor.py:830} INFO - Processing file /home/airflow/dags/data_merge_dag.py for tasks to queue
[2026-04-25T22:57:03.819+0000] {logging_mixin.py:188} INFO - [2026-04-25T22:57:03.818+0000] {dagbag.py:538} INFO - Filling up the DagBag from /home/airflow/dags/data_merge_dag.py
[2026-04-25T22:57:04.126+0000] {processor.py:840} INFO - DAG(s) 'data_merge_pipeline' retrieved from /home/airflow/dags/data_merge_dag.py
[2026-04-25T22:57:04.153+0000] {logging_mixin.py:188} INFO - [2026-04-25T22:57:04.153+0000] {dag.py:3036} INFO - Sync 1 DAGs
[2026-04-25T22:57:04.178+0000] {logging_mixin.py:188} INFO - [2026-04-25T22:57:04.177+0000] {dag.py:3823} INFO - Setting next_dagrun for data_merge_pipeline to 2026-04-26 00:00:00+00:00, run_after=2026-05-03 00:00:00+00:00
[2026-04-25T22:57:04.207+0000] {processor.py:183} INFO - Processing /home/airflow/dags/data_merge_dag.py took 0.395 seconds
[2026-04-25T22:57:34.266+0000] {processor.py:161} INFO - Started process (PID=18781) to work on /home/airflow/dags/data_merge_dag.py
[2026-04-25T22:57:34.267+0000] {processor.py:830} INFO - Processing file /home/airflow/dags/data_merge_dag.py for tasks to queue
[2026-04-25T22:57:34.269+0000] {logging_mixin.py:188} INFO - [2026-04-25T22:57:34.268+0000] {dagbag.py:538} INFO - Filling up the DagBag from /home/airflow/dags/data_merge_dag.py
[2026-04-25T22:57:34.503+0000] {processor.py:840} INFO - DAG(s) 'data_merge_pipeline' retrieved from /home/airflow/dags/data_merge_dag.py
[2026-04-25T22:57:34.525+0000] {logging_mixin.py:188} INFO - [2026-04-25T22:57:34.525+0000] {dag.py:3036} INFO - Sync 1 DAGs
[2026-04-25T22:57:34.546+0000] {logging_mixin.py:188} INFO - [2026-04-25T22:57:34.546+0000] {dag.py:3823} INFO - Setting next_dagrun for data_merge_pipeline to 2026-04-26 00:00:00+00:00, run_after=2026-05-03 00:00:00+00:00
[2026-04-25T22:57:34.569+0000] {processor.py:183} INFO - Processing /home/airflow/dags/data_merge_dag.py took 0.307 seconds
[2026-04-25T22:58:04.837+0000] {processor.py:161} INFO - Started process (PID=18813) to work on /home/airflow/dags/data_merge_dag.py
[2026-04-25T22:58:04.839+0000] {processor.py:830} INFO - Processing file /home/airflow/dags/data_merge_dag.py for tasks to queue
[2026-04-25T22:58:04.840+0000] {logging_mixin.py:188} INFO - [2026-04-25T22:58:04.840+0000] {dagbag.py:538} INFO - Filling up the DagBag from /home/airflow/dags/data_merge_dag.py
[2026-04-25T22:58:05.126+0000] {processor.py:840} INFO - DAG(s) 'data_merge_pipeline' retrieved from /home/airflow/dags/data_merge_dag.py
[2026-04-25T22:58:05.150+0000] {logging_mixin.py:188} INFO - [2026-04-25T22:58:05.150+0000] {dag.py:3036} INFO - Sync 1 DAGs
[2026-04-25T22:58:05.172+0000] {logging_mixin.py:188} INFO - [2026-04-25T22:58:05.171+0000] {dag.py:3823} INFO - Setting next_dagrun for data_merge_pipeline to 2026-04-26 00:00:00+00:00, run_after=2026-05-03 00:00:00+00:00
[2026-04-25T22:58:05.196+0000] {processor.py:183} INFO - Processing /home/airflow/dags/data_merge_dag.py took 0.363 seconds
[2026-04-25T22:58:36.107+0000] {processor.py:161} INFO - Started process (PID=18845) to work on /home/airflow/dags/data_merge_dag.py
[2026-04-25T22:58:36.108+0000] {processor.py:830} INFO - Processing file /home/airflow/dags/data_merge_dag.py for tasks to queue
[2026-04-25T22:58:36.109+0000] {logging_mixin.py:188} INFO - [2026-04-25T22:58:36.109+0000] {dagbag.py:538} INFO - Filling up the DagBag from /home/airflow/dags/data_merge_dag.py
[2026-04-25T22:58:36.356+0000] {processor.py:840} INFO - DAG(s) 'data_merge_pipeline' retrieved from /home/airflow/dags/data_merge_dag.py
[2026-04-25T22:58:36.381+0000] {logging_mixin.py:188} INFO - [2026-04-25T22:58:36.380+0000] {dag.py:3036} INFO - Sync 1 DAGs
[2026-04-25T22:58:36.403+0000] {logging_mixin.py:188} INFO - [2026-04-25T22:58:36.403+0000] {dag.py:3823} INFO - Setting next_dagrun for data_merge_pipeline to 2026-04-26 00:00:00+00:00, run_after=2026-05-03 00:00:00+00:00
[2026-04-25T22:58:36.427+0000] {processor.py:183} INFO - Processing /home/airflow/dags/data_merge_dag.py took 0.323 seconds
[2026-04-25T22:59:06.488+0000] {processor.py:161} INFO - Started process (PID=18877) to work on /home/airflow/dags/data_merge_dag.py
[2026-04-25T22:59:06.489+0000] {processor.py:830} INFO - Processing file /home/airflow/dags/data_merge_dag.py for tasks to queue
[2026-04-25T22:59:06.490+0000] {logging_mixin.py:188} INFO - [2026-04-25T22:59:06.490+0000] {dagbag.py:538} INFO - Filling up the DagBag from /home/airflow/dags/data_merge_dag.py
[2026-04-25T22:59:06.735+0000] {processor.py:840} INFO - DAG(s) 'data_merge_pipeline' retrieved from /home/airflow/dags/data_merge_dag.py
[2026-04-25T22:59:06.761+0000] {logging_mixin.py:188} INFO - [2026-04-25T22:59:06.760+0000] {dag.py:3036} INFO - Sync 1 DAGs
[2026-04-25T22:59:06.785+0000] {logging_mixin.py:188} INFO - [2026-04-25T22:59:06.784+0000] {dag.py:3823} INFO - Setting next_dagrun for data_merge_pipeline to 2026-04-26 00:00:00+00:00, run_after=2026-05-03 00:00:00+00:00
[2026-04-25T22:59:06.812+0000] {processor.py:183} INFO - Processing /home/airflow/dags/data_merge_dag.py took 0.327 seconds
[2026-04-25T22:59:37.786+0000] {processor.py:161} INFO - Started process (PID=18909) to work on /home/airflow/dags/data_merge_dag.py
[2026-04-25T22:59:37.787+0000] {processor.py:830} INFO - Processing file /home/airflow/dags/data_merge_dag.py for tasks to queue
[2026-04-25T22:59:37.788+0000] {logging_mixin.py:188} INFO - [2026-04-25T22:59:37.788+0000] {dagbag.py:538} INFO - Filling up the DagBag from /home/airflow/dags/data_merge_dag.py
[2026-04-25T22:59:38.047+0000] {processor.py:840} INFO - DAG(s) 'data_merge_pipeline' retrieved from /home/airflow/dags/data_merge_dag.py
[2026-04-25T22:59:38.070+0000] {logging_mixin.py:188} INFO - [2026-04-25T22:59:38.069+0000] {dag.py:3036} INFO - Sync 1 DAGs
[2026-04-25T22:59:38.091+0000] {logging_mixin.py:188} INFO - [2026-04-25T22:59:38.091+0000] {dag.py:3823} INFO - Setting next_dagrun for data_merge_pipeline to 2026-04-26 00:00:00+00:00, run_after=2026-05-03 00:00:00+00:00
[2026-04-25T22:59:38.115+0000] {processor.py:183} INFO - Processing /home/airflow/dags/data_merge_dag.py took 0.333 seconds
[2026-04-25T23:00:08.187+0000] {processor.py:161} INFO - Started process (PID=18932) to work on /home/airflow/dags/data_merge_dag.py
[2026-04-25T23:00:08.188+0000] {processor.py:830} INFO - Processing file /home/airflow/dags/data_merge_dag.py for tasks to queue
[2026-04-25T23:00:08.190+0000] {logging_mixin.py:188} INFO - [2026-04-25T23:00:08.189+0000] {dagbag.py:538} INFO - Filling up the DagBag from /home/airflow/dags/data_merge_dag.py
[2026-04-25T23:00:08.558+0000] {processor.py:840} INFO - DAG(s) 'data_merge_pipeline' retrieved from /home/airflow/dags/data_merge_dag.py
[2026-04-25T23:00:08.593+0000] {logging_mixin.py:188} INFO - [2026-04-25T23:00:08.590+0000] {dag.py:3036} INFO - Sync 1 DAGs
[2026-04-25T23:00:08.618+0000] {logging_mixin.py:188} INFO - [2026-04-25T23:00:08.618+0000] {dag.py:3823} INFO - Setting next_dagrun for data_merge_pipeline to 2026-04-26 00:00:00+00:00, run_after=2026-05-03 00:00:00+00:00
[2026-04-25T23:00:08.645+0000] {processor.py:183} INFO - Processing /home/airflow/dags/data_merge_dag.py took 0.462 seconds
[2026-04-25T23:00:39.506+0000] {processor.py:161} INFO - Started process (PID=18963) to work on /home/airflow/dags/data_merge_dag.py
[2026-04-25T23:00:39.507+0000] {processor.py:830} INFO - Processing file /home/airflow/dags/data_merge_dag.py for tasks to queue
[2026-04-25T23:00:39.508+0000] {logging_mixin.py:188} INFO - [2026-04-25T23:00:39.507+0000] {dagbag.py:538} INFO - Filling up the DagBag from /home/airflow/dags/data_merge_dag.py
[2026-04-25T23:00:39.784+0000] {processor.py:840} INFO - DAG(s) 'data_merge_pipeline' retrieved from /home/airflow/dags/data_merge_dag.py
[2026-04-25T23:00:39.820+0000] {logging_mixin.py:188} INFO - [2026-04-25T23:00:39.819+0000] {dag.py:3036} INFO - Sync 1 DAGs
[2026-04-25T23:00:39.849+0000] {logging_mixin.py:188} INFO - [2026-04-25T23:00:39.849+0000] {dag.py:3823} INFO - Setting next_dagrun for data_merge_pipeline to 2026-04-26 00:00:00+00:00, run_after=2026-05-03 00:00:00+00:00
[2026-04-25T23:00:39.901+0000] {processor.py:183} INFO - Processing /home/airflow/dags/data_merge_dag.py took 0.398 seconds
[2026-04-25T23:01:10.758+0000] {processor.py:161} INFO - Started process (PID=18995) to work on /home/airflow/dags/data_merge_dag.py
[2026-04-25T23:01:10.760+0000] {processor.py:830} INFO - Processing file /home/airflow/dags/data_merge_dag.py for tasks to queue
[2026-04-25T23:01:10.761+0000] {logging_mixin.py:188} INFO - [2026-04-25T23:01:10.761+0000] {dagbag.py:538} INFO - Filling up the DagBag from /home/airflow/dags/data_merge_dag.py
[2026-04-25T23:01:11.040+0000] {processor.py:840} INFO - DAG(s) 'data_merge_pipeline' retrieved from /home/airflow/dags/data_merge_dag.py
[2026-04-25T23:01:11.069+0000] {logging_mixin.py:188} INFO - [2026-04-25T23:01:11.069+0000] {dag.py:3036} INFO - Sync 1 DAGs
[2026-04-25T23:01:11.096+0000] {logging_mixin.py:188} INFO - [2026-04-25T23:01:11.095+0000] {dag.py:3823} INFO - Setting next_dagrun for data_merge_pipeline to 2026-04-26 00:00:00+00:00, run_after=2026-05-03 00:00:00+00:00
[2026-04-25T23:01:11.156+0000] {processor.py:183} INFO - Processing /home/airflow/dags/data_merge_dag.py took 0.401 seconds
[2026-04-25T23:01:41.245+0000] {processor.py:161} INFO - Started process (PID=19024) to work on /home/airflow/dags/data_merge_dag.py
[2026-04-25T23:01:41.246+0000] {processor.py:830} INFO - Processing file /home/airflow/dags/data_merge_dag.py for tasks to queue
[2026-04-25T23:01:41.248+0000] {logging_mixin.py:188} INFO - [2026-04-25T23:01:41.247+0000] {dagbag.py:538} INFO - Filling up the DagBag from /home/airflow/dags/data_merge_dag.py
[2026-04-25T23:01:41.596+0000] {processor.py:840} INFO - DAG(s) 'data_merge_pipeline' retrieved from /home/airflow/dags/data_merge_dag.py
[2026-04-25T23:01:41.621+0000] {logging_mixin.py:188} INFO - [2026-04-25T23:01:41.621+0000] {dag.py:3036} INFO - Sync 1 DAGs
[2026-04-25T23:01:41.648+0000] {logging_mixin.py:188} INFO - [2026-04-25T23:01:41.647+0000] {dag.py:3823} INFO - Setting next_dagrun for data_merge_pipeline to 2026-04-26 00:00:00+00:00, run_after=2026-05-03 00:00:00+00:00
[2026-04-25T23:01:41.673+0000] {processor.py:183} INFO - Processing /home/airflow/dags/data_merge_dag.py took 0.433 seconds
[2026-04-25T23:02:11.792+0000] {processor.py:161} INFO - Started process (PID=19056) to work on /home/airflow/dags/data_merge_dag.py
[2026-04-25T23:02:11.794+0000] {processor.py:830} INFO - Processing file /home/airflow/dags/data_merge_dag.py for tasks to queue
[2026-04-25T23:02:11.796+0000] {logging_mixin.py:188} INFO - [2026-04-25T23:02:11.795+0000] {dagbag.py:538} INFO - Filling up the DagBag from /home/airflow/dags/data_merge_dag.py
[2026-04-25T23:02:12.247+0000] {processor.py:840} INFO - DAG(s) 'data_merge_pipeline' retrieved from /home/airflow/dags/data_merge_dag.py
[2026-04-25T23:02:12.273+0000] {logging_mixin.py:188} INFO - [2026-04-25T23:02:12.272+0000] {dag.py:3036} INFO - Sync 1 DAGs
[2026-04-25T23:02:12.297+0000] {logging_mixin.py:188} INFO - [2026-04-25T23:02:12.297+0000] {dag.py:3823} INFO - Setting next_dagrun for data_merge_pipeline to 2026-04-26 00:00:00+00:00, run_after=2026-05-03 00:00:00+00:00
[2026-04-25T23:02:12.321+0000] {processor.py:183} INFO - Processing /home/airflow/dags/data_merge_dag.py took 0.534 seconds
[2026-04-25T23:02:43.106+0000] {processor.py:161} INFO - Started process (PID=19088) to work on /home/airflow/dags/data_merge_dag.py
[2026-04-25T23:02:43.108+0000] {processor.py:830} INFO - Processing file /home/airflow/dags/data_merge_dag.py for tasks to queue
[2026-04-25T23:02:43.109+0000] {logging_mixin.py:188} INFO - [2026-04-25T23:02:43.108+0000] {dagbag.py:538} INFO - Filling up the DagBag from /home/airflow/dags/data_merge_dag.py
[2026-04-25T23:02:43.354+0000] {processor.py:840} INFO - DAG(s) 'data_merge_pipeline' retrieved from /home/airflow/dags/data_merge_dag.py
[2026-04-25T23:02:43.377+0000] {logging_mixin.py:188} INFO - [2026-04-25T23:02:43.377+0000] {dag.py:3036} INFO - Sync 1 DAGs
[2026-04-25T23:02:43.398+0000] {logging_mixin.py:188} INFO - [2026-04-25T23:02:43.398+0000] {dag.py:3823} INFO - Setting next_dagrun for data_merge_pipeline to 2026-04-26 00:00:00+00:00, run_after=2026-05-03 00:00:00+00:00
[2026-04-25T23:02:43.422+0000] {processor.py:183} INFO - Processing /home/airflow/dags/data_merge_dag.py took 0.319 seconds
[2026-04-25T23:03:13.830+0000] {processor.py:161} INFO - Started process (PID=19120) to work on /home/airflow/dags/data_merge_dag.py
[2026-04-25T23:03:13.831+0000] {processor.py:830} INFO - Processing file /home/airflow/dags/data_merge_dag.py for tasks to queue
[2026-04-25T23:03:13.832+0000] {logging_mixin.py:188} INFO - [2026-04-25T23:03:13.832+0000] {dagbag.py:538} INFO - Filling up the DagBag from /home/airflow/dags/data_merge_dag.py
[2026-04-25T23:03:14.128+0000] {processor.py:840} INFO - DAG(s) 'data_merge_pipeline' retrieved from /home/airflow/dags/data_merge_dag.py
[2026-04-25T23:03:14.156+0000] {logging_mixin.py:188} INFO - [2026-04-25T23:03:14.156+0000] {dag.py:3036} INFO - Sync 1 DAGs
[2026-04-25T23:03:14.180+0000] {logging_mixin.py:188} INFO - [2026-04-25T23:03:14.179+0000] {dag.py:3823} INFO - Setting next_dagrun for data_merge_pipeline to 2026-04-26 00:00:00+00:00, run_after=2026-05-03 00:00:00+00:00
[2026-04-25T23:03:14.204+0000] {processor.py:183} INFO - Processing /home/airflow/dags/data_merge_dag.py took 0.378 seconds
[2026-04-25T23:03:44.627+0000] {processor.py:161} INFO - Started process (PID=19152) to work on /home/airflow/dags/data_merge_dag.py
[2026-04-25T23:03:44.628+0000] {processor.py:830} INFO - Processing file /home/airflow/dags/data_merge_dag.py for tasks to queue
[2026-04-25T23:03:44.630+0000] {logging_mixin.py:188} INFO - [2026-04-25T23:03:44.629+0000] {dagbag.py:538} INFO - Filling up the DagBag from /home/airflow/dags/data_merge_dag.py
[2026-04-25T23:03:44.978+0000] {processor.py:840} INFO - DAG(s) 'data_merge_pipeline' retrieved from /home/airflow/dags/data_merge_dag.py
[2026-04-25T23:03:45.012+0000] {logging_mixin.py:188} INFO - [2026-04-25T23:03:45.011+0000] {dag.py:3036} INFO - Sync 1 DAGs
[2026-04-25T23:03:45.040+0000] {logging_mixin.py:188} INFO - [2026-04-25T23:03:45.040+0000] {dag.py:3823} INFO - Setting next_dagrun for data_merge_pipeline to 2026-04-26 00:00:00+00:00, run_after=2026-05-03 00:00:00+00:00
[2026-04-25T23:03:45.073+0000] {processor.py:183} INFO - Processing /home/airflow/dags/data_merge_dag.py took 0.450 seconds
[2026-04-25T23:04:15.389+0000] {processor.py:161} INFO - Started process (PID=19184) to work on /home/airflow/dags/data_merge_dag.py
[2026-04-25T23:04:15.390+0000] {processor.py:830} INFO - Processing file /home/airflow/dags/data_merge_dag.py for tasks to queue
[2026-04-25T23:04:15.391+0000] {logging_mixin.py:188} INFO - [2026-04-25T23:04:15.390+0000] {dagbag.py:538} INFO - Filling up the DagBag from /home/airflow/dags/data_merge_dag.py
[2026-04-25T23:04:15.624+0000] {processor.py:840} INFO - DAG(s) 'data_merge_pipeline' retrieved from /home/airflow/dags/data_merge_dag.py
[2026-04-25T23:04:15.646+0000] {logging_mixin.py:188} INFO - [2026-04-25T23:04:15.645+0000] {dag.py:3036} INFO - Sync 1 DAGs
[2026-04-25T23:04:15.665+0000] {logging_mixin.py:188} INFO - [2026-04-25T23:04:15.665+0000] {dag.py:3823} INFO - Setting next_dagrun for data_merge_pipeline to 2026-04-26 00:00:00+00:00, run_after=2026-05-03 00:00:00+00:00
[2026-04-25T23:04:15.687+0000] {processor.py:183} INFO - Processing /home/airflow/dags/data_merge_dag.py took 0.301 seconds
[2026-04-25T23:04:45.779+0000] {processor.py:161} INFO - Started process (PID=19216) to work on /home/airflow/dags/data_merge_dag.py
[2026-04-25T23:04:45.781+0000] {processor.py:830} INFO - Processing file /home/airflow/dags/data_merge_dag.py for tasks to queue
[2026-04-25T23:04:45.782+0000] {logging_mixin.py:188} INFO - [2026-04-25T23:04:45.782+0000] {dagbag.py:538} INFO - Filling up the DagBag from /home/airflow/dags/data_merge_dag.py
[2026-04-25T23:04:46.032+0000] {processor.py:840} INFO - DAG(s) 'data_merge_pipeline' retrieved from /home/airflow/dags/data_merge_dag.py
[2026-04-25T23:04:46.057+0000] {logging_mixin.py:188} INFO - [2026-04-25T23:04:46.056+0000] {dag.py:3036} INFO - Sync 1 DAGs
[2026-04-25T23:04:46.078+0000] {logging_mixin.py:188} INFO - [2026-04-25T23:04:46.078+0000] {dag.py:3823} INFO - Setting next_dagrun for data_merge_pipeline to 2026-04-26 00:00:00+00:00, run_after=2026-05-03 00:00:00+00:00
[2026-04-25T23:04:46.104+0000] {processor.py:183} INFO - Processing /home/airflow/dags/data_merge_dag.py took 0.328 seconds
[2026-04-25T23:05:16.254+0000] {processor.py:161} INFO - Started process (PID=19239) to work on /home/airflow/dags/data_merge_dag.py
[2026-04-25T23:05:16.256+0000] {processor.py:830} INFO - Processing file /home/airflow/dags/data_merge_dag.py for tasks to queue
[2026-04-25T23:05:16.257+0000] {logging_mixin.py:188} INFO - [2026-04-25T23:05:16.257+0000] {dagbag.py:538} INFO - Filling up the DagBag from /home/airflow/dags/data_merge_dag.py
[2026-04-25T23:05:16.653+0000] {processor.py:840} INFO - DAG(s) 'data_merge_pipeline' retrieved from /home/airflow/dags/data_merge_dag.py
[2026-04-25T23:05:16.686+0000] {logging_mixin.py:188} INFO - [2026-04-25T23:05:16.685+0000] {dag.py:3036} INFO - Sync 1 DAGs
[2026-04-25T23:05:16.714+0000] {logging_mixin.py:188} INFO - [2026-04-25T23:05:16.714+0000] {dag.py:3823} INFO - Setting next_dagrun for data_merge_pipeline to 2026-04-26 00:00:00+00:00, run_after=2026-05-03 00:00:00+00:00
[2026-04-25T23:05:16.743+0000] {processor.py:183} INFO - Processing /home/airflow/dags/data_merge_dag.py took 0.492 seconds
[2026-04-25T23:05:47.623+0000] {processor.py:161} INFO - Started process (PID=19270) to work on /home/airflow/dags/data_merge_dag.py
[2026-04-25T23:05:47.624+0000] {processor.py:830} INFO - Processing file /home/airflow/dags/data_merge_dag.py for tasks to queue
[2026-04-25T23:05:47.625+0000] {logging_mixin.py:188} INFO - [2026-04-25T23:05:47.625+0000] {dagbag.py:538} INFO - Filling up the DagBag from /home/airflow/dags/data_merge_dag.py
[2026-04-25T23:05:47.907+0000] {processor.py:840} INFO - DAG(s) 'data_merge_pipeline' retrieved from /home/airflow/dags/data_merge_dag.py
[2026-04-25T23:05:47.947+0000] {logging_mixin.py:188} INFO - [2026-04-25T23:05:47.945+0000] {dag.py:3036} INFO - Sync 1 DAGs
[2026-04-25T23:05:47.988+0000] {logging_mixin.py:188} INFO - [2026-04-25T23:05:47.988+0000] {dag.py:3823} INFO - Setting next_dagrun for data_merge_pipeline to 2026-04-26 00:00:00+00:00, run_after=2026-05-03 00:00:00+00:00
[2026-04-25T23:05:48.032+0000] {processor.py:183} INFO - Processing /home/airflow/dags/data_merge_dag.py took 0.412 seconds
[2026-04-25T23:06:18.137+0000] {processor.py:161} INFO - Started process (PID=19299) to work on /home/airflow/dags/data_merge_dag.py
[2026-04-25T23:06:18.138+0000] {processor.py:830} INFO - Processing file /home/airflow/dags/data_merge_dag.py for tasks to queue
[2026-04-25T23:06:18.140+0000] {logging_mixin.py:188} INFO - [2026-04-25T23:06:18.139+0000] {dagbag.py:538} INFO - Filling up the DagBag from /home/airflow/dags/data_merge_dag.py
[2026-04-25T23:06:18.429+0000] {processor.py:840} INFO - DAG(s) 'data_merge_pipeline' retrieved from /home/airflow/dags/data_merge_dag.py
[2026-04-25T23:06:18.459+0000] {logging_mixin.py:188} INFO - [2026-04-25T23:06:18.458+0000] {dag.py:3036} INFO - Sync 1 DAGs
[2026-04-25T23:06:18.484+0000] {logging_mixin.py:188} INFO - [2026-04-25T23:06:18.484+0000] {dag.py:3823} INFO - Setting next_dagrun for data_merge_pipeline to 2026-04-26 00:00:00+00:00, run_after=2026-05-03 00:00:00+00:00
[2026-04-25T23:06:18.511+0000] {processor.py:183} INFO - Processing /home/airflow/dags/data_merge_dag.py took 0.377 seconds
[2026-04-25T23:06:48.677+0000] {processor.py:161} INFO - Started process (PID=19331) to work on /home/airflow/dags/data_merge_dag.py
[2026-04-25T23:06:48.678+0000] {processor.py:830} INFO - Processing file /home/airflow/dags/data_merge_dag.py for tasks to queue
[2026-04-25T23:06:48.680+0000] {logging_mixin.py:188} INFO - [2026-04-25T23:06:48.679+0000] {dagbag.py:538} INFO - Filling up the DagBag from /home/airflow/dags/data_merge_dag.py
[2026-04-25T23:06:48.943+0000] {processor.py:840} INFO - DAG(s) 'data_merge_pipeline' retrieved from /home/airflow/dags/data_merge_dag.py
[2026-04-25T23:06:48.973+0000] {logging_mixin.py:188} INFO - [2026-04-25T23:06:48.972+0000] {dag.py:3036} INFO - Sync 1 DAGs
[2026-04-25T23:06:49.004+0000] {logging_mixin.py:188} INFO - [2026-04-25T23:06:49.004+0000] {dag.py:3823} INFO - Setting next_dagrun for data_merge_pipeline to 2026-04-26 00:00:00+00:00, run_after=2026-05-03 00:00:00+00:00
[2026-04-25T23:06:49.040+0000] {processor.py:183} INFO - Processing /home/airflow/dags/data_merge_dag.py took 0.367 seconds
[2026-04-25T23:07:19.208+0000] {processor.py:161} INFO - Started process (PID=19363) to work on /home/airflow/dags/data_merge_dag.py
[2026-04-25T23:07:19.209+0000] {processor.py:830} INFO - Processing file /home/airflow/dags/data_merge_dag.py for tasks to queue
[2026-04-25T23:07:19.210+0000] {logging_mixin.py:188} INFO - [2026-04-25T23:07:19.210+0000] {dagbag.py:538} INFO - Filling up the DagBag from /home/airflow/dags/data_merge_dag.py
[2026-04-25T23:07:19.520+0000] {processor.py:840} INFO - DAG(s) 'data_merge_pipeline' retrieved from /home/airflow/dags/data_merge_dag.py
[2026-04-25T23:07:19.550+0000] {logging_mixin.py:188} INFO - [2026-04-25T23:07:19.549+0000] {dag.py:3036} INFO - Sync 1 DAGs
[2026-04-25T23:07:19.578+0000] {logging_mixin.py:188} INFO - [2026-04-25T23:07:19.578+0000] {dag.py:3823} INFO - Setting next_dagrun for data_merge_pipeline to 2026-04-26 00:00:00+00:00, run_after=2026-05-03 00:00:00+00:00
[2026-04-25T23:07:19.604+0000] {processor.py:183} INFO - Processing /home/airflow/dags/data_merge_dag.py took 0.400 seconds
[2026-04-25T23:07:50.596+0000] {processor.py:161} INFO - Started process (PID=19395) to work on /home/airflow/dags/data_merge_dag.py
[2026-04-25T23:07:50.598+0000] {processor.py:830} INFO - Processing file /home/airflow/dags/data_merge_dag.py for tasks to queue
[2026-04-25T23:07:50.599+0000] {logging_mixin.py:188} INFO - [2026-04-25T23:07:50.598+0000] {dagbag.py:538} INFO - Filling up the DagBag from /home/airflow/dags/data_merge_dag.py
[2026-04-25T23:07:51.020+0000] {processor.py:840} INFO - DAG(s) 'data_merge_pipeline' retrieved from /home/airflow/dags/data_merge_dag.py
[2026-04-25T23:07:51.051+0000] {logging_mixin.py:188} INFO - [2026-04-25T23:07:51.051+0000] {dag.py:3036} INFO - Sync 1 DAGs
[2026-04-25T23:07:51.077+0000] {logging_mixin.py:188} INFO - [2026-04-25T23:07:51.077+0000] {dag.py:3823} INFO - Setting next_dagrun for data_merge_pipeline to 2026-04-26 00:00:00+00:00, run_after=2026-05-03 00:00:00+00:00
[2026-04-25T23:07:51.100+0000] {processor.py:183} INFO - Processing /home/airflow/dags/data_merge_dag.py took 0.507 seconds
[2026-04-25T23:08:21.917+0000] {processor.py:161} INFO - Started process (PID=19427) to work on /home/airflow/dags/data_merge_dag.py
[2026-04-25T23:08:21.918+0000] {processor.py:830} INFO - Processing file /home/airflow/dags/data_merge_dag.py for tasks to queue
[2026-04-25T23:08:21.919+0000] {logging_mixin.py:188} INFO - [2026-04-25T23:08:21.919+0000] {dagbag.py:538} INFO - Filling up the DagBag from /home/airflow/dags/data_merge_dag.py
[2026-04-25T23:08:22.246+0000] {processor.py:840} INFO - DAG(s) 'data_merge_pipeline' retrieved from /home/airflow/dags/data_merge_dag.py
[2026-04-25T23:08:22.273+0000] {logging_mixin.py:188} INFO - [2026-04-25T23:08:22.272+0000] {dag.py:3036} INFO - Sync 1 DAGs
[2026-04-25T23:08:22.296+0000] {logging_mixin.py:188} INFO - [2026-04-25T23:08:22.296+0000] {dag.py:3823} INFO - Setting next_dagrun for data_merge_pipeline to 2026-04-26 00:00:00+00:00, run_after=2026-05-03 00:00:00+00:00
[2026-04-25T23:08:22.321+0000] {processor.py:183} INFO - Processing /home/airflow/dags/data_merge_dag.py took 0.409 seconds
[2026-04-25T23:08:53.226+0000] {processor.py:161} INFO - Started process (PID=19459) to work on /home/airflow/dags/data_merge_dag.py
[2026-04-25T23:08:53.228+0000] {processor.py:830} INFO - Processing file /home/airflow/dags/data_merge_dag.py for tasks to queue
[2026-04-25T23:08:53.229+0000] {logging_mixin.py:188} INFO - [2026-04-25T23:08:53.229+0000] {dagbag.py:538} INFO - Filling up the DagBag from /home/airflow/dags/data_merge_dag.py
[2026-04-25T23:08:53.557+0000] {processor.py:840} INFO - DAG(s) 'data_merge_pipeline' retrieved from /home/airflow/dags/data_merge_dag.py
[2026-04-25T23:08:53.586+0000] {logging_mixin.py:188} INFO - [2026-04-25T23:08:53.586+0000] {dag.py:3036} INFO - Sync 1 DAGs
[2026-04-25T23:08:53.611+0000] {logging_mixin.py:188} INFO - [2026-04-25T23:08:53.611+0000] {dag.py:3823} INFO - Setting next_dagrun for data_merge_pipeline to 2026-04-26 00:00:00+00:00, run_after=2026-05-03 00:00:00+00:00
[2026-04-25T23:08:53.646+0000] {processor.py:183} INFO - Processing /home/airflow/dags/data_merge_dag.py took 0.424 seconds
[2026-04-25T23:09:23.775+0000] {processor.py:161} INFO - Started process (PID=19491) to work on /home/airflow/dags/data_merge_dag.py
[2026-04-25T23:09:23.777+0000] {processor.py:830} INFO - Processing file /home/airflow/dags/data_merge_dag.py for tasks to queue
[2026-04-25T23:09:23.778+0000] {logging_mixin.py:188} INFO - [2026-04-25T23:09:23.777+0000] {dagbag.py:538} INFO - Filling up the DagBag from /home/airflow/dags/data_merge_dag.py
[2026-04-25T23:09:24.066+0000] {processor.py:840} INFO - DAG(s) 'data_merge_pipeline' retrieved from /home/airflow/dags/data_merge_dag.py
[2026-04-25T23:09:24.094+0000] {logging_mixin.py:188} INFO - [2026-04-25T23:09:24.094+0000] {dag.py:3036} INFO - Sync 1 DAGs
[2026-04-25T23:09:24.119+0000] {logging_mixin.py:188} INFO - [2026-04-25T23:09:24.119+0000] {dag.py:3823} INFO - Setting next_dagrun for data_merge_pipeline to 2026-04-26 00:00:00+00:00, run_after=2026-05-03 00:00:00+00:00
[2026-04-25T23:09:24.341+0000] {processor.py:183} INFO - Processing /home/airflow/dags/data_merge_dag.py took 0.568 seconds
[2026-04-25T23:09:55.088+0000] {processor.py:161} INFO - Started process (PID=19523) to work on /home/airflow/dags/data_merge_dag.py
[2026-04-25T23:09:55.090+0000] {processor.py:830} INFO - Processing file /home/airflow/dags/data_merge_dag.py for tasks to queue
[2026-04-25T23:09:55.091+0000] {logging_mixin.py:188} INFO - [2026-04-25T23:09:55.091+0000] {dagbag.py:538} INFO - Filling up the DagBag from /home/airflow/dags/data_merge_dag.py
[2026-04-25T23:09:55.531+0000] {processor.py:840} INFO - DAG(s) 'data_merge_pipeline' retrieved from /home/airflow/dags/data_merge_dag.py
[2026-04-25T23:09:55.553+0000] {logging_mixin.py:188} INFO - [2026-04-25T23:09:55.552+0000] {dag.py:3036} INFO - Sync 1 DAGs
[2026-04-25T23:09:55.572+0000] {logging_mixin.py:188} INFO - [2026-04-25T23:09:55.572+0000] {dag.py:3823} INFO - Setting next_dagrun for data_merge_pipeline to 2026-04-26 00:00:00+00:00, run_after=2026-05-03 00:00:00+00:00
[2026-04-25T23:09:55.596+0000] {processor.py:183} INFO - Processing /home/airflow/dags/data_merge_dag.py took 0.512 seconds
[2026-04-25T23:10:25.652+0000] {processor.py:161} INFO - Started process (PID=19555) to work on /home/airflow/dags/data_merge_dag.py
[2026-04-25T23:10:25.653+0000] {processor.py:830} INFO - Processing file /home/airflow/dags/data_merge_dag.py for tasks to queue
[2026-04-25T23:10:25.654+0000] {logging_mixin.py:188} INFO - [2026-04-25T23:10:25.654+0000] {dagbag.py:538} INFO - Filling up the DagBag from /home/airflow/dags/data_merge_dag.py
[2026-04-25T23:10:26.204+0000] {processor.py:840} INFO - DAG(s) 'data_merge_pipeline' retrieved from /home/airflow/dags/data_merge_dag.py
[2026-04-25T23:10:26.248+0000] {logging_mixin.py:188} INFO - [2026-04-25T23:10:26.247+0000] {dag.py:3036} INFO - Sync 1 DAGs
[2026-04-25T23:10:26.287+0000] {logging_mixin.py:188} INFO - [2026-04-25T23:10:26.287+0000] {dag.py:3823} INFO - Setting next_dagrun for data_merge_pipeline to 2026-04-26 00:00:00+00:00, run_after=2026-05-03 00:00:00+00:00
[2026-04-25T23:10:26.314+0000] {processor.py:183} INFO - Processing /home/airflow/dags/data_merge_dag.py took 0.666 seconds
[2026-04-25T23:10:56.735+0000] {processor.py:161} INFO - Started process (PID=19587) to work on /home/airflow/dags/data_merge_dag.py
[2026-04-25T23:10:56.737+0000] {processor.py:830} INFO - Processing file /home/airflow/dags/data_merge_dag.py for tasks to queue
[2026-04-25T23:10:56.738+0000] {logging_mixin.py:188} INFO - [2026-04-25T23:10:56.737+0000] {dagbag.py:538} INFO - Filling up the DagBag from /home/airflow/dags/data_merge_dag.py
[2026-04-25T23:10:57.291+0000] {processor.py:840} INFO - DAG(s) 'data_merge_pipeline' retrieved from /home/airflow/dags/data_merge_dag.py
[2026-04-25T23:10:57.330+0000] {logging_mixin.py:188} INFO - [2026-04-25T23:10:57.329+0000] {dag.py:3036} INFO - Sync 1 DAGs
[2026-04-25T23:10:57.360+0000] {logging_mixin.py:188} INFO - [2026-04-25T23:10:57.360+0000] {dag.py:3823} INFO - Setting next_dagrun for data_merge_pipeline to 2026-04-26 00:00:00+00:00, run_after=2026-05-03 00:00:00+00:00
[2026-04-25T23:10:57.392+0000] {processor.py:183} INFO - Processing /home/airflow/dags/data_merge_dag.py took 0.660 seconds
[2026-04-25T23:11:28.042+0000] {processor.py:161} INFO - Started process (PID=19619) to work on /home/airflow/dags/data_merge_dag.py
[2026-04-25T23:11:28.043+0000] {processor.py:830} INFO - Processing file /home/airflow/dags/data_merge_dag.py for tasks to queue
[2026-04-25T23:11:28.044+0000] {logging_mixin.py:188} INFO - [2026-04-25T23:11:28.044+0000] {dagbag.py:538} INFO - Filling up the DagBag from /home/airflow/dags/data_merge_dag.py
[2026-04-25T23:11:28.503+0000] {processor.py:840} INFO - DAG(s) 'data_merge_pipeline' retrieved from /home/airflow/dags/data_merge_dag.py
[2026-04-25T23:11:28.526+0000] {logging_mixin.py:188} INFO - [2026-04-25T23:11:28.525+0000] {dag.py:3036} INFO - Sync 1 DAGs
[2026-04-25T23:11:28.546+0000] {logging_mixin.py:188} INFO - [2026-04-25T23:11:28.546+0000] {dag.py:3823} INFO - Setting next_dagrun for data_merge_pipeline to 2026-04-26 00:00:00+00:00, run_after=2026-05-03 00:00:00+00:00
[2026-04-25T23:11:28.570+0000] {processor.py:183} INFO - Processing /home/airflow/dags/data_merge_dag.py took 0.531 seconds
[2026-04-25T23:11:59.572+0000] {processor.py:161} INFO - Started process (PID=19651) to work on /home/airflow/dags/data_merge_dag.py
[2026-04-25T23:11:59.574+0000] {processor.py:830} INFO - Processing file /home/airflow/dags/data_merge_dag.py for tasks to queue
[2026-04-25T23:11:59.575+0000] {logging_mixin.py:188} INFO - [2026-04-25T23:11:59.575+0000] {dagbag.py:538} INFO - Filling up the DagBag from /home/airflow/dags/data_merge_dag.py
[2026-04-25T23:12:00.016+0000] {processor.py:840} INFO - DAG(s) 'data_merge_pipeline' retrieved from /home/airflow/dags/data_merge_dag.py
[2026-04-25T23:12:00.044+0000] {logging_mixin.py:188} INFO - [2026-04-25T23:12:00.043+0000] {dag.py:3036} INFO - Sync 1 DAGs
[2026-04-25T23:12:00.062+0000] {logging_mixin.py:188} INFO - [2026-04-25T23:12:00.062+0000] {dag.py:3823} INFO - Setting next_dagrun for data_merge_pipeline to 2026-04-26 00:00:00+00:00, run_after=2026-05-03 00:00:00+00:00
[2026-04-25T23:12:00.087+0000] {processor.py:183} INFO - Processing /home/airflow/dags/data_merge_dag.py took 0.520 seconds
[2026-04-25T23:12:30.418+0000] {processor.py:161} INFO - Started process (PID=19683) to work on /home/airflow/dags/data_merge_dag.py
[2026-04-25T23:12:30.420+0000] {processor.py:830} INFO - Processing file /home/airflow/dags/data_merge_dag.py for tasks to queue
[2026-04-25T23:12:30.421+0000] {logging_mixin.py:188} INFO - [2026-04-25T23:12:30.420+0000] {dagbag.py:538} INFO - Filling up the DagBag from /home/airflow/dags/data_merge_dag.py
[2026-04-25T23:12:30.817+0000] {processor.py:840} INFO - DAG(s) 'data_merge_pipeline' retrieved from /home/airflow/dags/data_merge_dag.py
[2026-04-25T23:12:30.839+0000] {logging_mixin.py:188} INFO - [2026-04-25T23:12:30.839+0000] {dag.py:3036} INFO - Sync 1 DAGs
[2026-04-25T23:12:30.857+0000] {logging_mixin.py:188} INFO - [2026-04-25T23:12:30.857+0000] {dag.py:3823} INFO - Setting next_dagrun for data_merge_pipeline to 2026-04-26 00:00:00+00:00, run_after=2026-05-03 00:00:00+00:00
[2026-04-25T23:12:30.881+0000] {processor.py:183} INFO - Processing /home/airflow/dags/data_merge_dag.py took 0.469 seconds
[2026-04-25T23:13:01.068+0000] {processor.py:161} INFO - Started process (PID=19715) to work on /home/airflow/dags/data_merge_dag.py
[2026-04-25T23:13:01.070+0000] {processor.py:830} INFO - Processing file /home/airflow/dags/data_merge_dag.py for tasks to queue
[2026-04-25T23:13:01.072+0000] {logging_mixin.py:188} INFO - [2026-04-25T23:13:01.071+0000] {dagbag.py:538} INFO - Filling up the DagBag from /home/airflow/dags/data_merge_dag.py
[2026-04-25T23:13:01.643+0000] {processor.py:840} INFO - DAG(s) 'data_merge_pipeline' retrieved from /home/airflow/dags/data_merge_dag.py
[2026-04-25T23:13:01.690+0000] {logging_mixin.py:188} INFO - [2026-04-25T23:13:01.689+0000] {dag.py:3036} INFO - Sync 1 DAGs
[2026-04-25T23:13:01.728+0000] {logging_mixin.py:188} INFO - [2026-04-25T23:13:01.728+0000] {dag.py:3823} INFO - Setting next_dagrun for data_merge_pipeline to 2026-04-26 00:00:00+00:00, run_after=2026-05-03 00:00:00+00:00
[2026-04-25T23:13:01.749+0000] {processor.py:183} INFO - Processing /home/airflow/dags/data_merge_dag.py took 0.686 seconds
[2026-04-25T23:13:32.119+0000] {processor.py:161} INFO - Started process (PID=19747) to work on /home/airflow/dags/data_merge_dag.py
[2026-04-25T23:13:32.121+0000] {processor.py:830} INFO - Processing file /home/airflow/dags/data_merge_dag.py for tasks to queue
[2026-04-25T23:13:32.122+0000] {logging_mixin.py:188} INFO - [2026-04-25T23:13:32.122+0000] {dagbag.py:538} INFO - Filling up the DagBag from /home/airflow/dags/data_merge_dag.py
[2026-04-25T23:13:32.596+0000] {processor.py:840} INFO - DAG(s) 'data_merge_pipeline' retrieved from /home/airflow/dags/data_merge_dag.py
[2026-04-25T23:13:32.617+0000] {logging_mixin.py:188} INFO - [2026-04-25T23:13:32.617+0000] {dag.py:3036} INFO - Sync 1 DAGs
[2026-04-25T23:13:32.637+0000] {logging_mixin.py:188} INFO - [2026-04-25T23:13:32.637+0000] {dag.py:3823} INFO - Setting next_dagrun for data_merge_pipeline to 2026-04-26 00:00:00+00:00, run_after=2026-05-03 00:00:00+00:00
[2026-04-25T23:13:32.663+0000] {processor.py:183} INFO - Processing /home/airflow/dags/data_merge_dag.py took 0.548 seconds
[2026-04-25T23:14:02.751+0000] {processor.py:161} INFO - Started process (PID=19779) to work on /home/airflow/dags/data_merge_dag.py
[2026-04-25T23:14:02.752+0000] {processor.py:830} INFO - Processing file /home/airflow/dags/data_merge_dag.py for tasks to queue
[2026-04-25T23:14:02.754+0000] {logging_mixin.py:188} INFO - [2026-04-25T23:14:02.754+0000] {dagbag.py:538} INFO - Filling up the DagBag from /home/airflow/dags/data_merge_dag.py
[2026-04-25T23:14:03.486+0000] {processor.py:840} INFO - DAG(s) 'data_merge_pipeline' retrieved from /home/airflow/dags/data_merge_dag.py
[2026-04-25T23:14:03.508+0000] {logging_mixin.py:188} INFO - [2026-04-25T23:14:03.508+0000] {dag.py:3036} INFO - Sync 1 DAGs
[2026-04-25T23:14:03.528+0000] {logging_mixin.py:188} INFO - [2026-04-25T23:14:03.527+0000] {dag.py:3823} INFO - Setting next_dagrun for data_merge_pipeline to 2026-04-26 00:00:00+00:00, run_after=2026-05-03 00:00:00+00:00
[2026-04-25T23:14:03.548+0000] {processor.py:183} INFO - Processing /home/airflow/dags/data_merge_dag.py took 0.801 seconds
[2026-04-25T23:14:33.891+0000] {processor.py:161} INFO - Started process (PID=19811) to work on /home/airflow/dags/data_merge_dag.py
[2026-04-25T23:14:33.893+0000] {processor.py:830} INFO - Processing file /home/airflow/dags/data_merge_dag.py for tasks to queue
[2026-04-25T23:14:33.894+0000] {logging_mixin.py:188} INFO - [2026-04-25T23:14:33.893+0000] {dagbag.py:538} INFO - Filling up the DagBag from /home/airflow/dags/data_merge_dag.py
[2026-04-25T23:14:34.369+0000] {processor.py:840} INFO - DAG(s) 'data_merge_pipeline' retrieved from /home/airflow/dags/data_merge_dag.py
[2026-04-25T23:14:34.393+0000] {logging_mixin.py:188} INFO - [2026-04-25T23:14:34.392+0000] {dag.py:3036} INFO - Sync 1 DAGs
[2026-04-25T23:14:34.424+0000] {logging_mixin.py:188} INFO - [2026-04-25T23:14:34.424+0000] {dag.py:3823} INFO - Setting next_dagrun for data_merge_pipeline to 2026-04-26 00:00:00+00:00, run_after=2026-05-03 00:00:00+00:00
[2026-04-25T23:14:34.478+0000] {processor.py:183} INFO - Processing /home/airflow/dags/data_merge_dag.py took 0.591 seconds
[2026-04-25T23:15:05.140+0000] {processor.py:161} INFO - Started process (PID=19843) to work on /home/airflow/dags/data_merge_dag.py
[2026-04-25T23:15:05.142+0000] {processor.py:830} INFO - Processing file /home/airflow/dags/data_merge_dag.py for tasks to queue
[2026-04-25T23:15:05.144+0000] {logging_mixin.py:188} INFO - [2026-04-25T23:15:05.143+0000] {dagbag.py:538} INFO - Filling up the DagBag from /home/airflow/dags/data_merge_dag.py
[2026-04-25T23:15:05.563+0000] {processor.py:840} INFO - DAG(s) 'data_merge_pipeline' retrieved from /home/airflow/dags/data_merge_dag.py
[2026-04-25T23:15:05.584+0000] {logging_mixin.py:188} INFO - [2026-04-25T23:15:05.584+0000] {dag.py:3036} INFO - Sync 1 DAGs
[2026-04-25T23:15:05.603+0000] {logging_mixin.py:188} INFO - [2026-04-25T23:15:05.603+0000] {dag.py:3823} INFO - Setting next_dagrun for data_merge_pipeline to 2026-04-26 00:00:00+00:00, run_after=2026-05-03 00:00:00+00:00
[2026-04-25T23:15:05.625+0000] {processor.py:183} INFO - Processing /home/airflow/dags/data_merge_dag.py took 0.488 seconds
[2026-04-25T23:15:35.849+0000] {processor.py:161} INFO - Started process (PID=19875) to work on /home/airflow/dags/data_merge_dag.py
[2026-04-25T23:15:35.850+0000] {processor.py:830} INFO - Processing file /home/airflow/dags/data_merge_dag.py for tasks to queue
[2026-04-25T23:15:35.852+0000] {logging_mixin.py:188} INFO - [2026-04-25T23:15:35.851+0000] {dagbag.py:538} INFO - Filling up the DagBag from /home/airflow/dags/data_merge_dag.py
[2026-04-25T23:15:36.294+0000] {processor.py:840} INFO - DAG(s) 'data_merge_pipeline' retrieved from /home/airflow/dags/data_merge_dag.py
[2026-04-25T23:15:36.322+0000] {logging_mixin.py:188} INFO - [2026-04-25T23:15:36.322+0000] {dag.py:3036} INFO - Sync 1 DAGs
[2026-04-25T23:15:36.345+0000] {logging_mixin.py:188} INFO - [2026-04-25T23:15:36.345+0000] {dag.py:3823} INFO - Setting next_dagrun for data_merge_pipeline to 2026-04-26 00:00:00+00:00, run_after=2026-05-03 00:00:00+00:00
[2026-04-25T23:15:36.372+0000] {processor.py:183} INFO - Processing /home/airflow/dags/data_merge_dag.py took 0.527 seconds
[2026-04-25T23:16:07.286+0000] {processor.py:161} INFO - Started process (PID=19907) to work on /home/airflow/dags/data_merge_dag.py
[2026-04-25T23:16:07.288+0000] {processor.py:830} INFO - Processing file /home/airflow/dags/data_merge_dag.py for tasks to queue
[2026-04-25T23:16:07.290+0000] {logging_mixin.py:188} INFO - [2026-04-25T23:16:07.290+0000] {dagbag.py:538} INFO - Filling up the DagBag from /home/airflow/dags/data_merge_dag.py
[2026-04-25T23:16:07.703+0000] {processor.py:840} INFO - DAG(s) 'data_merge_pipeline' retrieved from /home/airflow/dags/data_merge_dag.py
[2026-04-25T23:16:07.725+0000] {logging_mixin.py:188} INFO - [2026-04-25T23:16:07.724+0000] {dag.py:3036} INFO - Sync 1 DAGs
[2026-04-25T23:16:07.742+0000] {logging_mixin.py:188} INFO - [2026-04-25T23:16:07.742+0000] {dag.py:3823} INFO - Setting next_dagrun for data_merge_pipeline to 2026-04-26 00:00:00+00:00, run_after=2026-05-03 00:00:00+00:00
[2026-04-25T23:16:07.766+0000] {processor.py:183} INFO - Processing /home/airflow/dags/data_merge_dag.py took 0.483 seconds
[2026-04-25T23:16:38.528+0000] {processor.py:161} INFO - Started process (PID=19939) to work on /home/airflow/dags/data_merge_dag.py
[2026-04-25T23:16:38.529+0000] {processor.py:830} INFO - Processing file /home/airflow/dags/data_merge_dag.py for tasks to queue
[2026-04-25T23:16:38.531+0000] {logging_mixin.py:188} INFO - [2026-04-25T23:16:38.530+0000] {dagbag.py:538} INFO - Filling up the DagBag from /home/airflow/dags/data_merge_dag.py
[2026-04-25T23:16:38.986+0000] {processor.py:840} INFO - DAG(s) 'data_merge_pipeline' retrieved from /home/airflow/dags/data_merge_dag.py
[2026-04-25T23:16:39.012+0000] {logging_mixin.py:188} INFO - [2026-04-25T23:16:39.011+0000] {dag.py:3036} INFO - Sync 1 DAGs
[2026-04-25T23:16:39.034+0000] {logging_mixin.py:188} INFO - [2026-04-25T23:16:39.033+0000] {dag.py:3823} INFO - Setting next_dagrun for data_merge_pipeline to 2026-04-26 00:00:00+00:00, run_after=2026-05-03 00:00:00+00:00
[2026-04-25T23:16:39.059+0000] {processor.py:183} INFO - Processing /home/airflow/dags/data_merge_dag.py took 0.536 seconds
[2026-04-25T23:17:09.194+0000] {processor.py:161} INFO - Started process (PID=19971) to work on /home/airflow/dags/data_merge_dag.py
[2026-04-25T23:17:09.195+0000] {processor.py:830} INFO - Processing file /home/airflow/dags/data_merge_dag.py for tasks to queue
[2026-04-25T23:17:09.196+0000] {logging_mixin.py:188} INFO - [2026-04-25T23:17:09.196+0000] {dagbag.py:538} INFO - Filling up the DagBag from /home/airflow/dags/data_merge_dag.py
[2026-04-25T23:17:09.631+0000] {processor.py:840} INFO - DAG(s) 'data_merge_pipeline' retrieved from /home/airflow/dags/data_merge_dag.py
[2026-04-25T23:17:09.655+0000] {logging_mixin.py:188} INFO - [2026-04-25T23:17:09.654+0000] {dag.py:3036} INFO - Sync 1 DAGs
[2026-04-25T23:17:09.674+0000] {logging_mixin.py:188} INFO - [2026-04-25T23:17:09.674+0000] {dag.py:3823} INFO - Setting next_dagrun for data_merge_pipeline to 2026-04-26 00:00:00+00:00, run_after=2026-05-03 00:00:00+00:00
[2026-04-25T23:17:09.697+0000] {processor.py:183} INFO - Processing /home/airflow/dags/data_merge_dag.py took 0.506 seconds
[2026-04-25T23:17:40.109+0000] {processor.py:161} INFO - Started process (PID=20003) to work on /home/airflow/dags/data_merge_dag.py
[2026-04-25T23:17:40.110+0000] {processor.py:830} INFO - Processing file /home/airflow/dags/data_merge_dag.py for tasks to queue
[2026-04-25T23:17:40.111+0000] {logging_mixin.py:188} INFO - [2026-04-25T23:17:40.111+0000] {dagbag.py:538} INFO - Filling up the DagBag from /home/airflow/dags/data_merge_dag.py
[2026-04-25T23:17:40.501+0000] {processor.py:840} INFO - DAG(s) 'data_merge_pipeline' retrieved from /home/airflow/dags/data_merge_dag.py
[2026-04-25T23:17:40.524+0000] {logging_mixin.py:188} INFO - [2026-04-25T23:17:40.523+0000] {dag.py:3036} INFO - Sync 1 DAGs
[2026-04-25T23:17:40.544+0000] {logging_mixin.py:188} INFO - [2026-04-25T23:17:40.544+0000] {dag.py:3823} INFO - Setting next_dagrun for data_merge_pipeline to 2026-04-26 00:00:00+00:00, run_after=2026-05-03 00:00:00+00:00
[2026-04-25T23:17:40.567+0000] {processor.py:183} INFO - Processing /home/airflow/dags/data_merge_dag.py took 0.461 seconds
[2026-04-25T23:18:11.486+0000] {processor.py:161} INFO - Started process (PID=20035) to work on /home/airflow/dags/data_merge_dag.py
[2026-04-25T23:18:11.487+0000] {processor.py:830} INFO - Processing file /home/airflow/dags/data_merge_dag.py for tasks to queue
[2026-04-25T23:18:11.488+0000] {logging_mixin.py:188} INFO - [2026-04-25T23:18:11.488+0000] {dagbag.py:538} INFO - Filling up the DagBag from /home/airflow/dags/data_merge_dag.py
[2026-04-25T23:18:11.872+0000] {processor.py:840} INFO - DAG(s) 'data_merge_pipeline' retrieved from /home/airflow/dags/data_merge_dag.py
[2026-04-25T23:18:11.896+0000] {logging_mixin.py:188} INFO - [2026-04-25T23:18:11.895+0000] {dag.py:3036} INFO - Sync 1 DAGs
[2026-04-25T23:18:11.914+0000] {logging_mixin.py:188} INFO - [2026-04-25T23:18:11.914+0000] {dag.py:3823} INFO - Setting next_dagrun for data_merge_pipeline to 2026-04-26 00:00:00+00:00, run_after=2026-05-03 00:00:00+00:00
[2026-04-25T23:18:11.940+0000] {processor.py:183} INFO - Processing /home/airflow/dags/data_merge_dag.py took 0.457 seconds
[2026-04-25T23:18:42.805+0000] {processor.py:161} INFO - Started process (PID=20067) to work on /home/airflow/dags/data_merge_dag.py
[2026-04-25T23:18:42.807+0000] {processor.py:830} INFO - Processing file /home/airflow/dags/data_merge_dag.py for tasks to queue
[2026-04-25T23:18:42.808+0000] {logging_mixin.py:188} INFO - [2026-04-25T23:18:42.807+0000] {dagbag.py:538} INFO - Filling up the DagBag from /home/airflow/dags/data_merge_dag.py
[2026-04-25T23:18:43.286+0000] {processor.py:840} INFO - DAG(s) 'data_merge_pipeline' retrieved from /home/airflow/dags/data_merge_dag.py
[2026-04-25T23:18:43.318+0000] {logging_mixin.py:188} INFO - [2026-04-25T23:18:43.317+0000] {dag.py:3036} INFO - Sync 1 DAGs
[2026-04-25T23:18:43.343+0000] {logging_mixin.py:188} INFO - [2026-04-25T23:18:43.343+0000] {dag.py:3823} INFO - Setting next_dagrun for data_merge_pipeline to 2026-04-26 00:00:00+00:00, run_after=2026-05-03 00:00:00+00:00
[2026-04-25T23:18:43.365+0000] {processor.py:183} INFO - Processing /home/airflow/dags/data_merge_dag.py took 0.564 seconds
[2026-04-25T23:19:14.184+0000] {processor.py:161} INFO - Started process (PID=20099) to work on /home/airflow/dags/data_merge_dag.py
[2026-04-25T23:19:14.185+0000] {processor.py:830} INFO - Processing file /home/airflow/dags/data_merge_dag.py for tasks to queue
[2026-04-25T23:19:14.187+0000] {logging_mixin.py:188} INFO - [2026-04-25T23:19:14.186+0000] {dagbag.py:538} INFO - Filling up the DagBag from /home/airflow/dags/data_merge_dag.py
[2026-04-25T23:19:14.644+0000] {processor.py:840} INFO - DAG(s) 'data_merge_pipeline' retrieved from /home/airflow/dags/data_merge_dag.py
[2026-04-25T23:19:14.664+0000] {logging_mixin.py:188} INFO - [2026-04-25T23:19:14.663+0000] {dag.py:3036} INFO - Sync 1 DAGs
[2026-04-25T23:19:14.679+0000] {logging_mixin.py:188} INFO - [2026-04-25T23:19:14.679+0000] {dag.py:3823} INFO - Setting next_dagrun for data_merge_pipeline to 2026-04-26 00:00:00+00:00, run_after=2026-05-03 00:00:00+00:00
[2026-04-25T23:19:14.700+0000] {processor.py:183} INFO - Processing /home/airflow/dags/data_merge_dag.py took 0.520 seconds
[2026-04-25T23:19:45.561+0000] {processor.py:161} INFO - Started process (PID=20131) to work on /home/airflow/dags/data_merge_dag.py
[2026-04-25T23:19:45.562+0000] {processor.py:830} INFO - Processing file /home/airflow/dags/data_merge_dag.py for tasks to queue
[2026-04-25T23:19:45.564+0000] {logging_mixin.py:188} INFO - [2026-04-25T23:19:45.564+0000] {dagbag.py:538} INFO - Filling up the DagBag from /home/airflow/dags/data_merge_dag.py
[2026-04-25T23:19:46.026+0000] {processor.py:840} INFO - DAG(s) 'data_merge_pipeline' retrieved from /home/airflow/dags/data_merge_dag.py
[2026-04-25T23:19:46.050+0000] {logging_mixin.py:188} INFO - [2026-04-25T23:19:46.049+0000] {dag.py:3036} INFO - Sync 1 DAGs
[2026-04-25T23:19:46.073+0000] {logging_mixin.py:188} INFO - [2026-04-25T23:19:46.073+0000] {dag.py:3823} INFO - Setting next_dagrun for data_merge_pipeline to 2026-04-26 00:00:00+00:00, run_after=2026-05-03 00:00:00+00:00
[2026-04-25T23:19:46.098+0000] {processor.py:183} INFO - Processing /home/airflow/dags/data_merge_dag.py took 0.541 seconds
[2026-04-25T23:20:16.210+0000] {processor.py:161} INFO - Started process (PID=20163) to work on /home/airflow/dags/data_merge_dag.py
[2026-04-25T23:20:16.211+0000] {processor.py:830} INFO - Processing file /home/airflow/dags/data_merge_dag.py for tasks to queue
[2026-04-25T23:20:16.213+0000] {logging_mixin.py:188} INFO - [2026-04-25T23:20:16.212+0000] {dagbag.py:538} INFO - Filling up the DagBag from /home/airflow/dags/data_merge_dag.py
[2026-04-25T23:20:16.457+0000] {processor.py:840} INFO - DAG(s) 'data_merge_pipeline' retrieved from /home/airflow/dags/data_merge_dag.py
[2026-04-25T23:20:16.483+0000] {logging_mixin.py:188} INFO - [2026-04-25T23:20:16.483+0000] {dag.py:3036} INFO - Sync 1 DAGs
[2026-04-25T23:20:16.507+0000] {logging_mixin.py:188} INFO - [2026-04-25T23:20:16.506+0000] {dag.py:3823} INFO - Setting next_dagrun for data_merge_pipeline to 2026-04-26 00:00:00+00:00, run_after=2026-05-03 00:00:00+00:00
[2026-04-25T23:20:16.531+0000] {processor.py:183} INFO - Processing /home/airflow/dags/data_merge_dag.py took 0.323 seconds
[2026-04-25T23:20:47.534+0000] {processor.py:161} INFO - Started process (PID=20195) to work on /home/airflow/dags/data_merge_dag.py
[2026-04-25T23:20:47.535+0000] {processor.py:830} INFO - Processing file /home/airflow/dags/data_merge_dag.py for tasks to queue
[2026-04-25T23:20:47.537+0000] {logging_mixin.py:188} INFO - [2026-04-25T23:20:47.536+0000] {dagbag.py:538} INFO - Filling up the DagBag from /home/airflow/dags/data_merge_dag.py
[2026-04-25T23:20:47.824+0000] {processor.py:840} INFO - DAG(s) 'data_merge_pipeline' retrieved from /home/airflow/dags/data_merge_dag.py
[2026-04-25T23:20:47.851+0000] {logging_mixin.py:188} INFO - [2026-04-25T23:20:47.850+0000] {dag.py:3036} INFO - Sync 1 DAGs
[2026-04-25T23:20:47.876+0000] {logging_mixin.py:188} INFO - [2026-04-25T23:20:47.876+0000] {dag.py:3823} INFO - Setting next_dagrun for data_merge_pipeline to 2026-04-26 00:00:00+00:00, run_after=2026-05-03 00:00:00+00:00
[2026-04-25T23:20:47.899+0000] {processor.py:183} INFO - Processing /home/airflow/dags/data_merge_dag.py took 0.369 seconds
[2026-04-25T23:21:18.851+0000] {processor.py:161} INFO - Started process (PID=20227) to work on /home/airflow/dags/data_merge_dag.py
[2026-04-25T23:21:18.852+0000] {processor.py:830} INFO - Processing file /home/airflow/dags/data_merge_dag.py for tasks to queue
[2026-04-25T23:21:18.854+0000] {logging_mixin.py:188} INFO - [2026-04-25T23:21:18.853+0000] {dagbag.py:538} INFO - Filling up the DagBag from /home/airflow/dags/data_merge_dag.py
[2026-04-25T23:21:19.104+0000] {processor.py:840} INFO - DAG(s) 'data_merge_pipeline' retrieved from /home/airflow/dags/data_merge_dag.py
[2026-04-25T23:21:19.127+0000] {logging_mixin.py:188} INFO - [2026-04-25T23:21:19.127+0000] {dag.py:3036} INFO - Sync 1 DAGs
[2026-04-25T23:21:19.146+0000] {logging_mixin.py:188} INFO - [2026-04-25T23:21:19.146+0000] {dag.py:3823} INFO - Setting next_dagrun for data_merge_pipeline to 2026-04-26 00:00:00+00:00, run_after=2026-05-03 00:00:00+00:00
[2026-04-25T23:21:19.168+0000] {processor.py:183} INFO - Processing /home/airflow/dags/data_merge_dag.py took 0.320 seconds
[2026-04-25T23:21:49.249+0000] {processor.py:161} INFO - Started process (PID=20259) to work on /home/airflow/dags/data_merge_dag.py
[2026-04-25T23:21:49.251+0000] {processor.py:830} INFO - Processing file /home/airflow/dags/data_merge_dag.py for tasks to queue
[2026-04-25T23:21:49.252+0000] {logging_mixin.py:188} INFO - [2026-04-25T23:21:49.252+0000] {dagbag.py:538} INFO - Filling up the DagBag from /home/airflow/dags/data_merge_dag.py
[2026-04-25T23:21:49.579+0000] {processor.py:840} INFO - DAG(s) 'data_merge_pipeline' retrieved from /home/airflow/dags/data_merge_dag.py
[2026-04-25T23:21:49.604+0000] {logging_mixin.py:188} INFO - [2026-04-25T23:21:49.604+0000] {dag.py:3036} INFO - Sync 1 DAGs
[2026-04-25T23:21:49.627+0000] {logging_mixin.py:188} INFO - [2026-04-25T23:21:49.627+0000] {dag.py:3823} INFO - Setting next_dagrun for data_merge_pipeline to 2026-04-26 00:00:00+00:00, run_after=2026-05-03 00:00:00+00:00
[2026-04-25T23:21:49.652+0000] {processor.py:183} INFO - Processing /home/airflow/dags/data_merge_dag.py took 0.406 seconds
[2026-04-25T23:22:20.626+0000] {processor.py:161} INFO - Started process (PID=20291) to work on /home/airflow/dags/data_merge_dag.py
[2026-04-25T23:22:20.627+0000] {processor.py:830} INFO - Processing file /home/airflow/dags/data_merge_dag.py for tasks to queue
[2026-04-25T23:22:20.628+0000] {logging_mixin.py:188} INFO - [2026-04-25T23:22:20.628+0000] {dagbag.py:538} INFO - Filling up the DagBag from /home/airflow/dags/data_merge_dag.py
[2026-04-25T23:22:20.889+0000] {processor.py:840} INFO - DAG(s) 'data_merge_pipeline' retrieved from /home/airflow/dags/data_merge_dag.py
[2026-04-25T23:22:20.916+0000] {logging_mixin.py:188} INFO - [2026-04-25T23:22:20.915+0000] {dag.py:3036} INFO - Sync 1 DAGs
[2026-04-25T23:22:20.938+0000] {logging_mixin.py:188} INFO - [2026-04-25T23:22:20.938+0000] {dag.py:3823} INFO - Setting next_dagrun for data_merge_pipeline to 2026-04-26 00:00:00+00:00, run_after=2026-05-03 00:00:00+00:00
[2026-04-25T23:22:20.963+0000] {processor.py:183} INFO - Processing /home/airflow/dags/data_merge_dag.py took 0.340 seconds
[2026-04-25T23:22:51.042+0000] {processor.py:161} INFO - Started process (PID=20323) to work on /home/airflow/dags/data_merge_dag.py
[2026-04-25T23:22:51.044+0000] {processor.py:830} INFO - Processing file /home/airflow/dags/data_merge_dag.py for tasks to queue
[2026-04-25T23:22:51.045+0000] {logging_mixin.py:188} INFO - [2026-04-25T23:22:51.045+0000] {dagbag.py:538} INFO - Filling up the DagBag from /home/airflow/dags/data_merge_dag.py
[2026-04-25T23:22:51.377+0000] {processor.py:840} INFO - DAG(s) 'data_merge_pipeline' retrieved from /home/airflow/dags/data_merge_dag.py
[2026-04-25T23:22:51.400+0000] {logging_mixin.py:188} INFO - [2026-04-25T23:22:51.399+0000] {dag.py:3036} INFO - Sync 1 DAGs
[2026-04-25T23:22:51.420+0000] {logging_mixin.py:188} INFO - [2026-04-25T23:22:51.420+0000] {dag.py:3823} INFO - Setting next_dagrun for data_merge_pipeline to 2026-04-26 00:00:00+00:00, run_after=2026-05-03 00:00:00+00:00
[2026-04-25T23:22:51.446+0000] {processor.py:183} INFO - Processing /home/airflow/dags/data_merge_dag.py took 0.409 seconds
[2026-04-25T23:23:21.552+0000] {processor.py:161} INFO - Started process (PID=20355) to work on /home/airflow/dags/data_merge_dag.py
[2026-04-25T23:23:21.553+0000] {processor.py:830} INFO - Processing file /home/airflow/dags/data_merge_dag.py for tasks to queue
[2026-04-25T23:23:21.554+0000] {logging_mixin.py:188} INFO - [2026-04-25T23:23:21.554+0000] {dagbag.py:538} INFO - Filling up the DagBag from /home/airflow/dags/data_merge_dag.py
[2026-04-25T23:23:21.795+0000] {processor.py:840} INFO - DAG(s) 'data_merge_pipeline' retrieved from /home/airflow/dags/data_merge_dag.py
[2026-04-25T23:23:21.824+0000] {logging_mixin.py:188} INFO - [2026-04-25T23:23:21.823+0000] {dag.py:3036} INFO - Sync 1 DAGs
[2026-04-25T23:23:21.847+0000] {logging_mixin.py:188} INFO - [2026-04-25T23:23:21.846+0000] {dag.py:3823} INFO - Setting next_dagrun for data_merge_pipeline to 2026-04-26 00:00:00+00:00, run_after=2026-05-03 00:00:00+00:00
[2026-04-25T23:23:21.870+0000] {processor.py:183} INFO - Processing /home/airflow/dags/data_merge_dag.py took 0.321 seconds
[2026-04-25T23:23:52.808+0000] {processor.py:161} INFO - Started process (PID=20387) to work on /home/airflow/dags/data_merge_dag.py
[2026-04-25T23:23:52.810+0000] {processor.py:830} INFO - Processing file /home/airflow/dags/data_merge_dag.py for tasks to queue
[2026-04-25T23:23:52.812+0000] {logging_mixin.py:188} INFO - [2026-04-25T23:23:52.811+0000] {dagbag.py:538} INFO - Filling up the DagBag from /home/airflow/dags/data_merge_dag.py
[2026-04-25T23:23:53.085+0000] {processor.py:840} INFO - DAG(s) 'data_merge_pipeline' retrieved from /home/airflow/dags/data_merge_dag.py
[2026-04-25T23:23:53.111+0000] {logging_mixin.py:188} INFO - [2026-04-25T23:23:53.110+0000] {dag.py:3036} INFO - Sync 1 DAGs
[2026-04-25T23:23:53.134+0000] {logging_mixin.py:188} INFO - [2026-04-25T23:23:53.134+0000] {dag.py:3823} INFO - Setting next_dagrun for data_merge_pipeline to 2026-04-26 00:00:00+00:00, run_after=2026-05-03 00:00:00+00:00
[2026-04-25T23:23:53.161+0000] {processor.py:183} INFO - Processing /home/airflow/dags/data_merge_dag.py took 0.357 seconds
[2026-04-25T23:24:23.489+0000] {processor.py:161} INFO - Started process (PID=20419) to work on /home/airflow/dags/data_merge_dag.py
[2026-04-25T23:24:23.490+0000] {processor.py:830} INFO - Processing file /home/airflow/dags/data_merge_dag.py for tasks to queue
[2026-04-25T23:24:23.492+0000] {logging_mixin.py:188} INFO - [2026-04-25T23:24:23.491+0000] {dagbag.py:538} INFO - Filling up the DagBag from /home/airflow/dags/data_merge_dag.py
[2026-04-25T23:24:23.797+0000] {processor.py:840} INFO - DAG(s) 'data_merge_pipeline' retrieved from /home/airflow/dags/data_merge_dag.py
[2026-04-25T23:24:23.822+0000] {logging_mixin.py:188} INFO - [2026-04-25T23:24:23.822+0000] {dag.py:3036} INFO - Sync 1 DAGs
[2026-04-25T23:24:23.844+0000] {logging_mixin.py:188} INFO - [2026-04-25T23:24:23.844+0000] {dag.py:3823} INFO - Setting next_dagrun for data_merge_pipeline to 2026-04-26 00:00:00+00:00, run_after=2026-05-03 00:00:00+00:00
[2026-04-25T23:24:23.869+0000] {processor.py:183} INFO - Processing /home/airflow/dags/data_merge_dag.py took 0.385 seconds
[2026-04-25T23:24:54.260+0000] {processor.py:161} INFO - Started process (PID=20451) to work on /home/airflow/dags/data_merge_dag.py
[2026-04-25T23:24:54.262+0000] {processor.py:830} INFO - Processing file /home/airflow/dags/data_merge_dag.py for tasks to queue
[2026-04-25T23:24:54.263+0000] {logging_mixin.py:188} INFO - [2026-04-25T23:24:54.263+0000] {dagbag.py:538} INFO - Filling up the DagBag from /home/airflow/dags/data_merge_dag.py
[2026-04-25T23:24:54.507+0000] {processor.py:840} INFO - DAG(s) 'data_merge_pipeline' retrieved from /home/airflow/dags/data_merge_dag.py
[2026-04-25T23:24:54.531+0000] {logging_mixin.py:188} INFO - [2026-04-25T23:24:54.530+0000] {dag.py:3036} INFO - Sync 1 DAGs
[2026-04-25T23:24:54.550+0000] {logging_mixin.py:188} INFO - [2026-04-25T23:24:54.549+0000] {dag.py:3823} INFO - Setting next_dagrun for data_merge_pipeline to 2026-04-26 00:00:00+00:00, run_after=2026-05-03 00:00:00+00:00
[2026-04-25T23:24:54.575+0000] {processor.py:183} INFO - Processing /home/airflow/dags/data_merge_dag.py took 0.317 seconds
[2026-04-25T23:25:24.732+0000] {processor.py:161} INFO - Started process (PID=20483) to work on /home/airflow/dags/data_merge_dag.py
[2026-04-25T23:25:24.733+0000] {processor.py:830} INFO - Processing file /home/airflow/dags/data_merge_dag.py for tasks to queue
[2026-04-25T23:25:24.735+0000] {logging_mixin.py:188} INFO - [2026-04-25T23:25:24.734+0000] {dagbag.py:538} INFO - Filling up the DagBag from /home/airflow/dags/data_merge_dag.py
[2026-04-25T23:25:25.023+0000] {processor.py:840} INFO - DAG(s) 'data_merge_pipeline' retrieved from /home/airflow/dags/data_merge_dag.py
[2026-04-25T23:25:25.046+0000] {logging_mixin.py:188} INFO - [2026-04-25T23:25:25.046+0000] {dag.py:3036} INFO - Sync 1 DAGs
[2026-04-25T23:25:25.068+0000] {logging_mixin.py:188} INFO - [2026-04-25T23:25:25.068+0000] {dag.py:3823} INFO - Setting next_dagrun for data_merge_pipeline to 2026-04-26 00:00:00+00:00, run_after=2026-05-03 00:00:00+00:00
[2026-04-25T23:25:25.094+0000] {processor.py:183} INFO - Processing /home/airflow/dags/data_merge_dag.py took 0.366 seconds
[2026-04-25T23:25:55.292+0000] {processor.py:161} INFO - Started process (PID=20515) to work on /home/airflow/dags/data_merge_dag.py
[2026-04-25T23:25:55.294+0000] {processor.py:830} INFO - Processing file /home/airflow/dags/data_merge_dag.py for tasks to queue
[2026-04-25T23:25:55.295+0000] {logging_mixin.py:188} INFO - [2026-04-25T23:25:55.295+0000] {dagbag.py:538} INFO - Filling up the DagBag from /home/airflow/dags/data_merge_dag.py
[2026-04-25T23:25:55.582+0000] {processor.py:840} INFO - DAG(s) 'data_merge_pipeline' retrieved from /home/airflow/dags/data_merge_dag.py
[2026-04-25T23:25:55.605+0000] {logging_mixin.py:188} INFO - [2026-04-25T23:25:55.605+0000] {dag.py:3036} INFO - Sync 1 DAGs
[2026-04-25T23:25:55.626+0000] {logging_mixin.py:188} INFO - [2026-04-25T23:25:55.626+0000] {dag.py:3823} INFO - Setting next_dagrun for data_merge_pipeline to 2026-04-26 00:00:00+00:00, run_after=2026-05-03 00:00:00+00:00
[2026-04-25T23:25:55.650+0000] {processor.py:183} INFO - Processing /home/airflow/dags/data_merge_dag.py took 0.361 seconds
[2026-04-25T23:26:26.620+0000] {processor.py:161} INFO - Started process (PID=20547) to work on /home/airflow/dags/data_merge_dag.py
[2026-04-25T23:26:26.621+0000] {processor.py:830} INFO - Processing file /home/airflow/dags/data_merge_dag.py for tasks to queue
[2026-04-25T23:26:26.623+0000] {logging_mixin.py:188} INFO - [2026-04-25T23:26:26.622+0000] {dagbag.py:538} INFO - Filling up the DagBag from /home/airflow/dags/data_merge_dag.py
[2026-04-25T23:26:26.874+0000] {processor.py:840} INFO - DAG(s) 'data_merge_pipeline' retrieved from /home/airflow/dags/data_merge_dag.py
[2026-04-25T23:26:26.901+0000] {logging_mixin.py:188} INFO - [2026-04-25T23:26:26.901+0000] {dag.py:3036} INFO - Sync 1 DAGs
[2026-04-25T23:26:26.926+0000] {logging_mixin.py:188} INFO - [2026-04-25T23:26:26.926+0000] {dag.py:3823} INFO - Setting next_dagrun for data_merge_pipeline to 2026-04-26 00:00:00+00:00, run_after=2026-05-03 00:00:00+00:00
[2026-04-25T23:26:26.952+0000] {processor.py:183} INFO - Processing /home/airflow/dags/data_merge_dag.py took 0.335 seconds
[2026-04-25T23:26:57.964+0000] {processor.py:161} INFO - Started process (PID=20579) to work on /home/airflow/dags/data_merge_dag.py
[2026-04-25T23:26:57.965+0000] {processor.py:830} INFO - Processing file /home/airflow/dags/data_merge_dag.py for tasks to queue
[2026-04-25T23:26:57.966+0000] {logging_mixin.py:188} INFO - [2026-04-25T23:26:57.966+0000] {dagbag.py:538} INFO - Filling up the DagBag from /home/airflow/dags/data_merge_dag.py
[2026-04-25T23:26:58.206+0000] {processor.py:840} INFO - DAG(s) 'data_merge_pipeline' retrieved from /home/airflow/dags/data_merge_dag.py
[2026-04-25T23:26:58.229+0000] {logging_mixin.py:188} INFO - [2026-04-25T23:26:58.229+0000] {dag.py:3036} INFO - Sync 1 DAGs
[2026-04-25T23:26:58.252+0000] {logging_mixin.py:188} INFO - [2026-04-25T23:26:58.251+0000] {dag.py:3823} INFO - Setting next_dagrun for data_merge_pipeline to 2026-04-26 00:00:00+00:00, run_after=2026-05-03 00:00:00+00:00
[2026-04-25T23:26:58.276+0000] {processor.py:183} INFO - Processing /home/airflow/dags/data_merge_dag.py took 0.314 seconds
[2026-04-25T23:27:28.368+0000] {processor.py:161} INFO - Started process (PID=20611) to work on /home/airflow/dags/data_merge_dag.py
[2026-04-25T23:27:28.369+0000] {processor.py:830} INFO - Processing file /home/airflow/dags/data_merge_dag.py for tasks to queue
[2026-04-25T23:27:28.371+0000] {logging_mixin.py:188} INFO - [2026-04-25T23:27:28.370+0000] {dagbag.py:538} INFO - Filling up the DagBag from /home/airflow/dags/data_merge_dag.py
[2026-04-25T23:27:28.695+0000] {processor.py:840} INFO - DAG(s) 'data_merge_pipeline' retrieved from /home/airflow/dags/data_merge_dag.py
[2026-04-25T23:27:28.723+0000] {logging_mixin.py:188} INFO - [2026-04-25T23:27:28.722+0000] {dag.py:3036} INFO - Sync 1 DAGs
[2026-04-25T23:27:28.748+0000] {logging_mixin.py:188} INFO - [2026-04-25T23:27:28.747+0000] {dag.py:3823} INFO - Setting next_dagrun for data_merge_pipeline to 2026-04-26 00:00:00+00:00, run_after=2026-05-03 00:00:00+00:00
[2026-04-25T23:27:28.773+0000] {processor.py:183} INFO - Processing /home/airflow/dags/data_merge_dag.py took 0.409 seconds
[2026-04-25T23:27:59.568+0000] {processor.py:161} INFO - Started process (PID=20643) to work on /home/airflow/dags/data_merge_dag.py
[2026-04-25T23:27:59.569+0000] {processor.py:830} INFO - Processing file /home/airflow/dags/data_merge_dag.py for tasks to queue
[2026-04-25T23:27:59.570+0000] {logging_mixin.py:188} INFO - [2026-04-25T23:27:59.569+0000] {dagbag.py:538} INFO - Filling up the DagBag from /home/airflow/dags/data_merge_dag.py
[2026-04-25T23:27:59.811+0000] {processor.py:840} INFO - DAG(s) 'data_merge_pipeline' retrieved from /home/airflow/dags/data_merge_dag.py
[2026-04-25T23:27:59.840+0000] {logging_mixin.py:188} INFO - [2026-04-25T23:27:59.840+0000] {dag.py:3036} INFO - Sync 1 DAGs
[2026-04-25T23:27:59.863+0000] {logging_mixin.py:188} INFO - [2026-04-25T23:27:59.863+0000] {dag.py:3823} INFO - Setting next_dagrun for data_merge_pipeline to 2026-04-26 00:00:00+00:00, run_after=2026-05-03 00:00:00+00:00
[2026-04-25T23:27:59.890+0000] {processor.py:183} INFO - Processing /home/airflow/dags/data_merge_dag.py took 0.326 seconds
[2026-04-25T23:28:30.227+0000] {processor.py:161} INFO - Started process (PID=20675) to work on /home/airflow/dags/data_merge_dag.py
[2026-04-25T23:28:30.228+0000] {processor.py:830} INFO - Processing file /home/airflow/dags/data_merge_dag.py for tasks to queue
[2026-04-25T23:28:30.229+0000] {logging_mixin.py:188} INFO - [2026-04-25T23:28:30.229+0000] {dagbag.py:538} INFO - Filling up the DagBag from /home/airflow/dags/data_merge_dag.py
[2026-04-25T23:28:30.504+0000] {processor.py:840} INFO - DAG(s) 'data_merge_pipeline' retrieved from /home/airflow/dags/data_merge_dag.py
[2026-04-25T23:28:30.531+0000] {logging_mixin.py:188} INFO - [2026-04-25T23:28:30.530+0000] {dag.py:3036} INFO - Sync 1 DAGs
[2026-04-25T23:28:30.554+0000] {logging_mixin.py:188} INFO - [2026-04-25T23:28:30.553+0000] {dag.py:3823} INFO - Setting next_dagrun for data_merge_pipeline to 2026-04-26 00:00:00+00:00, run_after=2026-05-03 00:00:00+00:00
[2026-04-25T23:28:30.577+0000] {processor.py:183} INFO - Processing /home/airflow/dags/data_merge_dag.py took 0.356 seconds
[2026-04-25T23:29:01.542+0000] {processor.py:161} INFO - Started process (PID=20707) to work on /home/airflow/dags/data_merge_dag.py
[2026-04-25T23:29:01.543+0000] {processor.py:830} INFO - Processing file /home/airflow/dags/data_merge_dag.py for tasks to queue
[2026-04-25T23:29:01.544+0000] {logging_mixin.py:188} INFO - [2026-04-25T23:29:01.544+0000] {dagbag.py:538} INFO - Filling up the DagBag from /home/airflow/dags/data_merge_dag.py
[2026-04-25T23:29:01.772+0000] {processor.py:840} INFO - DAG(s) 'data_merge_pipeline' retrieved from /home/airflow/dags/data_merge_dag.py
[2026-04-25T23:29:01.795+0000] {logging_mixin.py:188} INFO - [2026-04-25T23:29:01.795+0000] {dag.py:3036} INFO - Sync 1 DAGs
[2026-04-25T23:29:01.815+0000] {logging_mixin.py:188} INFO - [2026-04-25T23:29:01.814+0000] {dag.py:3823} INFO - Setting next_dagrun for data_merge_pipeline to 2026-04-26 00:00:00+00:00, run_after=2026-05-03 00:00:00+00:00
[2026-04-25T23:29:01.837+0000] {processor.py:183} INFO - Processing /home/airflow/dags/data_merge_dag.py took 0.298 seconds
[2026-04-25T23:29:31.968+0000] {processor.py:161} INFO - Started process (PID=20739) to work on /home/airflow/dags/data_merge_dag.py
[2026-04-25T23:29:31.969+0000] {processor.py:830} INFO - Processing file /home/airflow/dags/data_merge_dag.py for tasks to queue
[2026-04-25T23:29:31.971+0000] {logging_mixin.py:188} INFO - [2026-04-25T23:29:31.971+0000] {dagbag.py:538} INFO - Filling up the DagBag from /home/airflow/dags/data_merge_dag.py
[2026-04-25T23:29:32.275+0000] {processor.py:840} INFO - DAG(s) 'data_merge_pipeline' retrieved from /home/airflow/dags/data_merge_dag.py
[2026-04-25T23:29:32.301+0000] {logging_mixin.py:188} INFO - [2026-04-25T23:29:32.300+0000] {dag.py:3036} INFO - Sync 1 DAGs
[2026-04-25T23:29:32.324+0000] {logging_mixin.py:188} INFO - [2026-04-25T23:29:32.324+0000] {dag.py:3823} INFO - Setting next_dagrun for data_merge_pipeline to 2026-04-26 00:00:00+00:00, run_after=2026-05-03 00:00:00+00:00
[2026-04-25T23:29:32.350+0000] {processor.py:183} INFO - Processing /home/airflow/dags/data_merge_dag.py took 0.387 seconds
[2026-04-25T23:30:02.558+0000] {processor.py:161} INFO - Started process (PID=20771) to work on /home/airflow/dags/data_merge_dag.py
[2026-04-25T23:30:02.560+0000] {processor.py:830} INFO - Processing file /home/airflow/dags/data_merge_dag.py for tasks to queue
[2026-04-25T23:30:02.561+0000] {logging_mixin.py:188} INFO - [2026-04-25T23:30:02.560+0000] {dagbag.py:538} INFO - Filling up the DagBag from /home/airflow/dags/data_merge_dag.py
[2026-04-25T23:30:02.849+0000] {processor.py:840} INFO - DAG(s) 'data_merge_pipeline' retrieved from /home/airflow/dags/data_merge_dag.py
[2026-04-25T23:30:02.873+0000] {logging_mixin.py:188} INFO - [2026-04-25T23:30:02.872+0000] {dag.py:3036} INFO - Sync 1 DAGs
[2026-04-25T23:30:02.896+0000] {logging_mixin.py:188} INFO - [2026-04-25T23:30:02.895+0000] {dag.py:3823} INFO - Setting next_dagrun for data_merge_pipeline to 2026-04-26 00:00:00+00:00, run_after=2026-05-03 00:00:00+00:00
[2026-04-25T23:30:02.918+0000] {processor.py:183} INFO - Processing /home/airflow/dags/data_merge_dag.py took 0.364 seconds
[2026-04-25T23:30:33.864+0000] {processor.py:161} INFO - Started process (PID=20803) to work on /home/airflow/dags/data_merge_dag.py
[2026-04-25T23:30:33.865+0000] {processor.py:830} INFO - Processing file /home/airflow/dags/data_merge_dag.py for tasks to queue
[2026-04-25T23:30:33.866+0000] {logging_mixin.py:188} INFO - [2026-04-25T23:30:33.866+0000] {dagbag.py:538} INFO - Filling up the DagBag from /home/airflow/dags/data_merge_dag.py
[2026-04-25T23:30:34.236+0000] {processor.py:840} INFO - DAG(s) 'data_merge_pipeline' retrieved from /home/airflow/dags/data_merge_dag.py
[2026-04-25T23:30:34.257+0000] {logging_mixin.py:188} INFO - [2026-04-25T23:30:34.257+0000] {dag.py:3036} INFO - Sync 1 DAGs
[2026-04-25T23:30:34.275+0000] {logging_mixin.py:188} INFO - [2026-04-25T23:30:34.275+0000] {dag.py:3823} INFO - Setting next_dagrun for data_merge_pipeline to 2026-04-26 00:00:00+00:00, run_after=2026-05-03 00:00:00+00:00
[2026-04-25T23:30:34.301+0000] {processor.py:183} INFO - Processing /home/airflow/dags/data_merge_dag.py took 0.440 seconds
[2026-04-25T23:31:05.299+0000] {processor.py:161} INFO - Started process (PID=20835) to work on /home/airflow/dags/data_merge_dag.py
[2026-04-25T23:31:05.300+0000] {processor.py:830} INFO - Processing file /home/airflow/dags/data_merge_dag.py for tasks to queue
[2026-04-25T23:31:05.302+0000] {logging_mixin.py:188} INFO - [2026-04-25T23:31:05.301+0000] {dagbag.py:538} INFO - Filling up the DagBag from /home/airflow/dags/data_merge_dag.py
[2026-04-25T23:31:05.675+0000] {processor.py:840} INFO - DAG(s) 'data_merge_pipeline' retrieved from /home/airflow/dags/data_merge_dag.py
[2026-04-25T23:31:05.695+0000] {logging_mixin.py:188} INFO - [2026-04-25T23:31:05.694+0000] {dag.py:3036} INFO - Sync 1 DAGs
[2026-04-25T23:31:05.712+0000] {logging_mixin.py:188} INFO - [2026-04-25T23:31:05.712+0000] {dag.py:3823} INFO - Setting next_dagrun for data_merge_pipeline to 2026-04-26 00:00:00+00:00, run_after=2026-05-03 00:00:00+00:00
[2026-04-25T23:31:05.734+0000] {processor.py:183} INFO - Processing /home/airflow/dags/data_merge_dag.py took 0.438 seconds
[2026-04-25T23:31:35.852+0000] {processor.py:161} INFO - Started process (PID=20867) to work on /home/airflow/dags/data_merge_dag.py
[2026-04-25T23:31:35.854+0000] {processor.py:830} INFO - Processing file /home/airflow/dags/data_merge_dag.py for tasks to queue
[2026-04-25T23:31:35.855+0000] {logging_mixin.py:188} INFO - [2026-04-25T23:31:35.855+0000] {dagbag.py:538} INFO - Filling up the DagBag from /home/airflow/dags/data_merge_dag.py
[2026-04-25T23:31:36.244+0000] {processor.py:840} INFO - DAG(s) 'data_merge_pipeline' retrieved from /home/airflow/dags/data_merge_dag.py
[2026-04-25T23:31:36.268+0000] {logging_mixin.py:188} INFO - [2026-04-25T23:31:36.268+0000] {dag.py:3036} INFO - Sync 1 DAGs
[2026-04-25T23:31:36.288+0000] {logging_mixin.py:188} INFO - [2026-04-25T23:31:36.288+0000] {dag.py:3823} INFO - Setting next_dagrun for data_merge_pipeline to 2026-04-26 00:00:00+00:00, run_after=2026-05-03 00:00:00+00:00
[2026-04-25T23:31:36.313+0000] {processor.py:183} INFO - Processing /home/airflow/dags/data_merge_dag.py took 0.464 seconds
[2026-04-25T23:32:06.538+0000] {processor.py:161} INFO - Started process (PID=20897) to work on /home/airflow/dags/data_merge_dag.py
[2026-04-25T23:32:06.539+0000] {processor.py:830} INFO - Processing file /home/airflow/dags/data_merge_dag.py for tasks to queue
[2026-04-25T23:32:06.542+0000] {logging_mixin.py:188} INFO - [2026-04-25T23:32:06.541+0000] {dagbag.py:538} INFO - Filling up the DagBag from /home/airflow/dags/data_merge_dag.py
[2026-04-25T23:32:07.192+0000] {processor.py:840} INFO - DAG(s) 'data_merge_pipeline' retrieved from /home/airflow/dags/data_merge_dag.py
[2026-04-25T23:32:07.225+0000] {logging_mixin.py:188} INFO - [2026-04-25T23:32:07.224+0000] {dag.py:3036} INFO - Sync 1 DAGs
[2026-04-25T23:32:07.256+0000] {logging_mixin.py:188} INFO - [2026-04-25T23:32:07.256+0000] {dag.py:3823} INFO - Setting next_dagrun for data_merge_pipeline to 2026-04-26 00:00:00+00:00, run_after=2026-05-03 00:00:00+00:00
[2026-04-25T23:32:07.298+0000] {processor.py:183} INFO - Processing /home/airflow/dags/data_merge_dag.py took 0.766 seconds
[2026-04-25T23:32:37.643+0000] {processor.py:161} INFO - Started process (PID=20921) to work on /home/airflow/dags/data_merge_dag.py
[2026-04-25T23:32:37.644+0000] {processor.py:830} INFO - Processing file /home/airflow/dags/data_merge_dag.py for tasks to queue
[2026-04-25T23:32:37.645+0000] {logging_mixin.py:188} INFO - [2026-04-25T23:32:37.645+0000] {dagbag.py:538} INFO - Filling up the DagBag from /home/airflow/dags/data_merge_dag.py
[2026-04-25T23:32:38.143+0000] {processor.py:840} INFO - DAG(s) 'data_merge_pipeline' retrieved from /home/airflow/dags/data_merge_dag.py
[2026-04-25T23:32:38.165+0000] {logging_mixin.py:188} INFO - [2026-04-25T23:32:38.165+0000] {dag.py:3036} INFO - Sync 1 DAGs
[2026-04-25T23:32:38.190+0000] {logging_mixin.py:188} INFO - [2026-04-25T23:32:38.190+0000] {dag.py:3823} INFO - Setting next_dagrun for data_merge_pipeline to 2026-04-26 00:00:00+00:00, run_after=2026-05-03 00:00:00+00:00
[2026-04-25T23:32:38.235+0000] {processor.py:183} INFO - Processing /home/airflow/dags/data_merge_dag.py took 0.597 seconds
[2026-04-25T23:33:09.031+0000] {processor.py:161} INFO - Started process (PID=20953) to work on /home/airflow/dags/data_merge_dag.py
[2026-04-25T23:33:09.033+0000] {processor.py:830} INFO - Processing file /home/airflow/dags/data_merge_dag.py for tasks to queue
[2026-04-25T23:33:09.034+0000] {logging_mixin.py:188} INFO - [2026-04-25T23:33:09.033+0000] {dagbag.py:538} INFO - Filling up the DagBag from /home/airflow/dags/data_merge_dag.py
[2026-04-25T23:33:09.491+0000] {processor.py:840} INFO - DAG(s) 'data_merge_pipeline' retrieved from /home/airflow/dags/data_merge_dag.py
[2026-04-25T23:33:09.517+0000] {logging_mixin.py:188} INFO - [2026-04-25T23:33:09.516+0000] {dag.py:3036} INFO - Sync 1 DAGs
[2026-04-25T23:33:09.540+0000] {logging_mixin.py:188} INFO - [2026-04-25T23:33:09.540+0000] {dag.py:3823} INFO - Setting next_dagrun for data_merge_pipeline to 2026-04-26 00:00:00+00:00, run_after=2026-05-03 00:00:00+00:00
[2026-04-25T23:33:09.570+0000] {processor.py:183} INFO - Processing /home/airflow/dags/data_merge_dag.py took 0.542 seconds
[2026-04-25T23:33:40.330+0000] {processor.py:161} INFO - Started process (PID=20985) to work on /home/airflow/dags/data_merge_dag.py
[2026-04-25T23:33:40.331+0000] {processor.py:830} INFO - Processing file /home/airflow/dags/data_merge_dag.py for tasks to queue
[2026-04-25T23:33:40.332+0000] {logging_mixin.py:188} INFO - [2026-04-25T23:33:40.332+0000] {dagbag.py:538} INFO - Filling up the DagBag from /home/airflow/dags/data_merge_dag.py
[2026-04-25T23:33:40.769+0000] {processor.py:840} INFO - DAG(s) 'data_merge_pipeline' retrieved from /home/airflow/dags/data_merge_dag.py
[2026-04-25T23:33:40.793+0000] {logging_mixin.py:188} INFO - [2026-04-25T23:33:40.792+0000] {dag.py:3036} INFO - Sync 1 DAGs
[2026-04-25T23:33:40.816+0000] {logging_mixin.py:188} INFO - [2026-04-25T23:33:40.816+0000] {dag.py:3823} INFO - Setting next_dagrun for data_merge_pipeline to 2026-04-26 00:00:00+00:00, run_after=2026-05-03 00:00:00+00:00
[2026-04-25T23:33:40.889+0000] {processor.py:183} INFO - Processing /home/airflow/dags/data_merge_dag.py took 0.563 seconds
[2026-04-25T23:34:11.652+0000] {processor.py:161} INFO - Started process (PID=21017) to work on /home/airflow/dags/data_merge_dag.py
[2026-04-25T23:34:11.653+0000] {processor.py:830} INFO - Processing file /home/airflow/dags/data_merge_dag.py for tasks to queue
[2026-04-25T23:34:11.654+0000] {logging_mixin.py:188} INFO - [2026-04-25T23:34:11.654+0000] {dagbag.py:538} INFO - Filling up the DagBag from /home/airflow/dags/data_merge_dag.py
[2026-04-25T23:34:12.050+0000] {processor.py:840} INFO - DAG(s) 'data_merge_pipeline' retrieved from /home/airflow/dags/data_merge_dag.py
[2026-04-25T23:34:12.076+0000] {logging_mixin.py:188} INFO - [2026-04-25T23:34:12.076+0000] {dag.py:3036} INFO - Sync 1 DAGs
[2026-04-25T23:34:12.097+0000] {logging_mixin.py:188} INFO - [2026-04-25T23:34:12.097+0000] {dag.py:3823} INFO - Setting next_dagrun for data_merge_pipeline to 2026-04-26 00:00:00+00:00, run_after=2026-05-03 00:00:00+00:00
[2026-04-25T23:34:12.126+0000] {processor.py:183} INFO - Processing /home/airflow/dags/data_merge_dag.py took 0.477 seconds
[2026-04-25T23:34:42.965+0000] {processor.py:161} INFO - Started process (PID=21049) to work on /home/airflow/dags/data_merge_dag.py
[2026-04-25T23:34:42.966+0000] {processor.py:830} INFO - Processing file /home/airflow/dags/data_merge_dag.py for tasks to queue
[2026-04-25T23:34:42.968+0000] {logging_mixin.py:188} INFO - [2026-04-25T23:34:42.968+0000] {dagbag.py:538} INFO - Filling up the DagBag from /home/airflow/dags/data_merge_dag.py
[2026-04-25T23:34:43.525+0000] {processor.py:840} INFO - DAG(s) 'data_merge_pipeline' retrieved from /home/airflow/dags/data_merge_dag.py
[2026-04-25T23:34:43.555+0000] {logging_mixin.py:188} INFO - [2026-04-25T23:34:43.553+0000] {dag.py:3036} INFO - Sync 1 DAGs
[2026-04-25T23:34:43.589+0000] {logging_mixin.py:188} INFO - [2026-04-25T23:34:43.589+0000] {dag.py:3823} INFO - Setting next_dagrun for data_merge_pipeline to 2026-04-26 00:00:00+00:00, run_after=2026-05-03 00:00:00+00:00
[2026-04-25T23:34:43.645+0000] {processor.py:183} INFO - Processing /home/airflow/dags/data_merge_dag.py took 0.687 seconds
[2026-04-25T23:35:14.298+0000] {processor.py:161} INFO - Started process (PID=21081) to work on /home/airflow/dags/data_merge_dag.py
[2026-04-25T23:35:14.299+0000] {processor.py:830} INFO - Processing file /home/airflow/dags/data_merge_dag.py for tasks to queue
[2026-04-25T23:35:14.300+0000] {logging_mixin.py:188} INFO - [2026-04-25T23:35:14.299+0000] {dagbag.py:538} INFO - Filling up the DagBag from /home/airflow/dags/data_merge_dag.py
[2026-04-25T23:35:14.807+0000] {processor.py:840} INFO - DAG(s) 'data_merge_pipeline' retrieved from /home/airflow/dags/data_merge_dag.py
[2026-04-25T23:35:14.842+0000] {logging_mixin.py:188} INFO - [2026-04-25T23:35:14.840+0000] {dag.py:3036} INFO - Sync 1 DAGs
[2026-04-25T23:35:14.886+0000] {logging_mixin.py:188} INFO - [2026-04-25T23:35:14.885+0000] {dag.py:3823} INFO - Setting next_dagrun for data_merge_pipeline to 2026-04-26 00:00:00+00:00, run_after=2026-05-03 00:00:00+00:00
[2026-04-25T23:35:14.949+0000] {processor.py:183} INFO - Processing /home/airflow/dags/data_merge_dag.py took 0.655 seconds
[2026-04-25T23:35:45.760+0000] {processor.py:161} INFO - Started process (PID=21113) to work on /home/airflow/dags/data_merge_dag.py
[2026-04-25T23:35:45.761+0000] {processor.py:830} INFO - Processing file /home/airflow/dags/data_merge_dag.py for tasks to queue
[2026-04-25T23:35:45.762+0000] {logging_mixin.py:188} INFO - [2026-04-25T23:35:45.762+0000] {dagbag.py:538} INFO - Filling up the DagBag from /home/airflow/dags/data_merge_dag.py
[2026-04-25T23:35:46.231+0000] {processor.py:840} INFO - DAG(s) 'data_merge_pipeline' retrieved from /home/airflow/dags/data_merge_dag.py
[2026-04-25T23:35:46.254+0000] {logging_mixin.py:188} INFO - [2026-04-25T23:35:46.253+0000] {dag.py:3036} INFO - Sync 1 DAGs
[2026-04-25T23:35:46.278+0000] {logging_mixin.py:188} INFO - [2026-04-25T23:35:46.278+0000] {dag.py:3823} INFO - Setting next_dagrun for data_merge_pipeline to 2026-04-26 00:00:00+00:00, run_after=2026-05-03 00:00:00+00:00
[2026-04-25T23:35:46.335+0000] {processor.py:183} INFO - Processing /home/airflow/dags/data_merge_dag.py took 0.579 seconds
[2026-04-25T23:36:16.782+0000] {processor.py:161} INFO - Started process (PID=21142) to work on /home/airflow/dags/data_merge_dag.py
[2026-04-25T23:36:16.784+0000] {processor.py:830} INFO - Processing file /home/airflow/dags/data_merge_dag.py for tasks to queue
[2026-04-25T23:36:16.785+0000] {logging_mixin.py:188} INFO - [2026-04-25T23:36:16.785+0000] {dagbag.py:538} INFO - Filling up the DagBag from /home/airflow/dags/data_merge_dag.py
[2026-04-25T23:36:17.195+0000] {processor.py:840} INFO - DAG(s) 'data_merge_pipeline' retrieved from /home/airflow/dags/data_merge_dag.py
[2026-04-25T23:36:17.223+0000] {logging_mixin.py:188} INFO - [2026-04-25T23:36:17.222+0000] {dag.py:3036} INFO - Sync 1 DAGs
[2026-04-25T23:36:17.242+0000] {logging_mixin.py:188} INFO - [2026-04-25T23:36:17.242+0000] {dag.py:3823} INFO - Setting next_dagrun for data_merge_pipeline to 2026-04-26 00:00:00+00:00, run_after=2026-05-03 00:00:00+00:00
[2026-04-25T23:36:17.266+0000] {processor.py:183} INFO - Processing /home/airflow/dags/data_merge_dag.py took 0.487 seconds
[2026-04-25T23:36:47.447+0000] {processor.py:161} INFO - Started process (PID=21174) to work on /home/airflow/dags/data_merge_dag.py
[2026-04-25T23:36:47.448+0000] {processor.py:830} INFO - Processing file /home/airflow/dags/data_merge_dag.py for tasks to queue
[2026-04-25T23:36:47.449+0000] {logging_mixin.py:188} INFO - [2026-04-25T23:36:47.449+0000] {dagbag.py:538} INFO - Filling up the DagBag from /home/airflow/dags/data_merge_dag.py
[2026-04-25T23:36:47.818+0000] {processor.py:840} INFO - DAG(s) 'data_merge_pipeline' retrieved from /home/airflow/dags/data_merge_dag.py
[2026-04-25T23:36:47.843+0000] {logging_mixin.py:188} INFO - [2026-04-25T23:36:47.842+0000] {dag.py:3036} INFO - Sync 1 DAGs
[2026-04-25T23:36:47.863+0000] {logging_mixin.py:188} INFO - [2026-04-25T23:36:47.863+0000] {dag.py:3823} INFO - Setting next_dagrun for data_merge_pipeline to 2026-04-26 00:00:00+00:00, run_after=2026-05-03 00:00:00+00:00
[2026-04-25T23:36:47.888+0000] {processor.py:183} INFO - Processing /home/airflow/dags/data_merge_dag.py took 0.445 seconds
[2026-04-25T23:37:18.733+0000] {processor.py:161} INFO - Started process (PID=21206) to work on /home/airflow/dags/data_merge_dag.py
[2026-04-25T23:37:18.734+0000] {processor.py:830} INFO - Processing file /home/airflow/dags/data_merge_dag.py for tasks to queue
[2026-04-25T23:37:18.735+0000] {logging_mixin.py:188} INFO - [2026-04-25T23:37:18.735+0000] {dagbag.py:538} INFO - Filling up the DagBag from /home/airflow/dags/data_merge_dag.py
[2026-04-25T23:37:19.111+0000] {processor.py:840} INFO - DAG(s) 'data_merge_pipeline' retrieved from /home/airflow/dags/data_merge_dag.py
[2026-04-25T23:37:19.134+0000] {logging_mixin.py:188} INFO - [2026-04-25T23:37:19.133+0000] {dag.py:3036} INFO - Sync 1 DAGs
[2026-04-25T23:37:19.152+0000] {logging_mixin.py:188} INFO - [2026-04-25T23:37:19.151+0000] {dag.py:3823} INFO - Setting next_dagrun for data_merge_pipeline to 2026-04-26 00:00:00+00:00, run_after=2026-05-03 00:00:00+00:00
[2026-04-25T23:37:19.174+0000] {processor.py:183} INFO - Processing /home/airflow/dags/data_merge_dag.py took 0.444 seconds
[2026-04-25T23:37:49.457+0000] {processor.py:161} INFO - Started process (PID=21238) to work on /home/airflow/dags/data_merge_dag.py
[2026-04-25T23:37:49.459+0000] {processor.py:830} INFO - Processing file /home/airflow/dags/data_merge_dag.py for tasks to queue
[2026-04-25T23:37:49.460+0000] {logging_mixin.py:188} INFO - [2026-04-25T23:37:49.460+0000] {dagbag.py:538} INFO - Filling up the DagBag from /home/airflow/dags/data_merge_dag.py
[2026-04-25T23:37:49.923+0000] {processor.py:840} INFO - DAG(s) 'data_merge_pipeline' retrieved from /home/airflow/dags/data_merge_dag.py
[2026-04-25T23:37:49.947+0000] {logging_mixin.py:188} INFO - [2026-04-25T23:37:49.946+0000] {dag.py:3036} INFO - Sync 1 DAGs
[2026-04-25T23:37:49.966+0000] {logging_mixin.py:188} INFO - [2026-04-25T23:37:49.966+0000] {dag.py:3823} INFO - Setting next_dagrun for data_merge_pipeline to 2026-04-26 00:00:00+00:00, run_after=2026-05-03 00:00:00+00:00
[2026-04-25T23:37:49.993+0000] {processor.py:183} INFO - Processing /home/airflow/dags/data_merge_dag.py took 0.540 seconds
[2026-04-25T23:38:20.790+0000] {processor.py:161} INFO - Started process (PID=21270) to work on /home/airflow/dags/data_merge_dag.py
[2026-04-25T23:38:20.792+0000] {processor.py:830} INFO - Processing file /home/airflow/dags/data_merge_dag.py for tasks to queue
[2026-04-25T23:38:20.793+0000] {logging_mixin.py:188} INFO - [2026-04-25T23:38:20.792+0000] {dagbag.py:538} INFO - Filling up the DagBag from /home/airflow/dags/data_merge_dag.py
[2026-04-25T23:38:21.189+0000] {processor.py:840} INFO - DAG(s) 'data_merge_pipeline' retrieved from /home/airflow/dags/data_merge_dag.py
[2026-04-25T23:38:21.213+0000] {logging_mixin.py:188} INFO - [2026-04-25T23:38:21.212+0000] {dag.py:3036} INFO - Sync 1 DAGs
[2026-04-25T23:38:21.232+0000] {logging_mixin.py:188} INFO - [2026-04-25T23:38:21.231+0000] {dag.py:3823} INFO - Setting next_dagrun for data_merge_pipeline to 2026-04-26 00:00:00+00:00, run_after=2026-05-03 00:00:00+00:00
[2026-04-25T23:38:21.256+0000] {processor.py:183} INFO - Processing /home/airflow/dags/data_merge_dag.py took 0.469 seconds
[2026-04-25T23:38:51.349+0000] {processor.py:161} INFO - Started process (PID=21302) to work on /home/airflow/dags/data_merge_dag.py
[2026-04-25T23:38:51.350+0000] {processor.py:830} INFO - Processing file /home/airflow/dags/data_merge_dag.py for tasks to queue
[2026-04-25T23:38:51.352+0000] {logging_mixin.py:188} INFO - [2026-04-25T23:38:51.351+0000] {dagbag.py:538} INFO - Filling up the DagBag from /home/airflow/dags/data_merge_dag.py
[2026-04-25T23:38:51.709+0000] {processor.py:840} INFO - DAG(s) 'data_merge_pipeline' retrieved from /home/airflow/dags/data_merge_dag.py
[2026-04-25T23:38:51.730+0000] {logging_mixin.py:188} INFO - [2026-04-25T23:38:51.729+0000] {dag.py:3036} INFO - Sync 1 DAGs
[2026-04-25T23:38:51.747+0000] {logging_mixin.py:188} INFO - [2026-04-25T23:38:51.747+0000] {dag.py:3823} INFO - Setting next_dagrun for data_merge_pipeline to 2026-04-26 00:00:00+00:00, run_after=2026-05-03 00:00:00+00:00
[2026-04-25T23:38:51.772+0000] {processor.py:183} INFO - Processing /home/airflow/dags/data_merge_dag.py took 0.426 seconds
[2026-04-25T23:39:22.112+0000] {processor.py:161} INFO - Started process (PID=21334) to work on /home/airflow/dags/data_merge_dag.py
[2026-04-25T23:39:22.113+0000] {processor.py:830} INFO - Processing file /home/airflow/dags/data_merge_dag.py for tasks to queue
[2026-04-25T23:39:22.114+0000] {logging_mixin.py:188} INFO - [2026-04-25T23:39:22.114+0000] {dagbag.py:538} INFO - Filling up the DagBag from /home/airflow/dags/data_merge_dag.py
[2026-04-25T23:39:22.489+0000] {processor.py:840} INFO - DAG(s) 'data_merge_pipeline' retrieved from /home/airflow/dags/data_merge_dag.py
[2026-04-25T23:39:22.513+0000] {logging_mixin.py:188} INFO - [2026-04-25T23:39:22.512+0000] {dag.py:3036} INFO - Sync 1 DAGs
[2026-04-25T23:39:22.531+0000] {logging_mixin.py:188} INFO - [2026-04-25T23:39:22.531+0000] {dag.py:3823} INFO - Setting next_dagrun for data_merge_pipeline to 2026-04-26 00:00:00+00:00, run_after=2026-05-03 00:00:00+00:00
[2026-04-25T23:39:22.556+0000] {processor.py:183} INFO - Processing /home/airflow/dags/data_merge_dag.py took 0.447 seconds
[2026-04-25T23:39:52.643+0000] {processor.py:161} INFO - Started process (PID=21366) to work on /home/airflow/dags/data_merge_dag.py
[2026-04-25T23:39:52.645+0000] {processor.py:830} INFO - Processing file /home/airflow/dags/data_merge_dag.py for tasks to queue
[2026-04-25T23:39:52.645+0000] {logging_mixin.py:188} INFO - [2026-04-25T23:39:52.645+0000] {dagbag.py:538} INFO - Filling up the DagBag from /home/airflow/dags/data_merge_dag.py
[2026-04-25T23:39:53.062+0000] {processor.py:840} INFO - DAG(s) 'data_merge_pipeline' retrieved from /home/airflow/dags/data_merge_dag.py
[2026-04-25T23:39:53.086+0000] {logging_mixin.py:188} INFO - [2026-04-25T23:39:53.085+0000] {dag.py:3036} INFO - Sync 1 DAGs
[2026-04-25T23:39:53.113+0000] {logging_mixin.py:188} INFO - [2026-04-25T23:39:53.112+0000] {dag.py:3823} INFO - Setting next_dagrun for data_merge_pipeline to 2026-04-26 00:00:00+00:00, run_after=2026-05-03 00:00:00+00:00
[2026-04-25T23:39:53.144+0000] {processor.py:183} INFO - Processing /home/airflow/dags/data_merge_dag.py took 0.504 seconds
[2026-04-25T23:40:24.121+0000] {processor.py:161} INFO - Started process (PID=21398) to work on /home/airflow/dags/data_merge_dag.py
[2026-04-25T23:40:24.123+0000] {processor.py:830} INFO - Processing file /home/airflow/dags/data_merge_dag.py for tasks to queue
[2026-04-25T23:40:24.124+0000] {logging_mixin.py:188} INFO - [2026-04-25T23:40:24.124+0000] {dagbag.py:538} INFO - Filling up the DagBag from /home/airflow/dags/data_merge_dag.py
[2026-04-25T23:40:24.408+0000] {processor.py:840} INFO - DAG(s) 'data_merge_pipeline' retrieved from /home/airflow/dags/data_merge_dag.py
[2026-04-25T23:40:24.433+0000] {logging_mixin.py:188} INFO - [2026-04-25T23:40:24.433+0000] {dag.py:3036} INFO - Sync 1 DAGs
[2026-04-25T23:40:24.457+0000] {logging_mixin.py:188} INFO - [2026-04-25T23:40:24.457+0000] {dag.py:3823} INFO - Setting next_dagrun for data_merge_pipeline to 2026-04-26 00:00:00+00:00, run_after=2026-05-03 00:00:00+00:00
[2026-04-25T23:40:24.484+0000] {processor.py:183} INFO - Processing /home/airflow/dags/data_merge_dag.py took 0.365 seconds
[2026-04-25T23:40:55.462+0000] {processor.py:161} INFO - Started process (PID=21430) to work on /home/airflow/dags/data_merge_dag.py
[2026-04-25T23:40:55.464+0000] {processor.py:830} INFO - Processing file /home/airflow/dags/data_merge_dag.py for tasks to queue
[2026-04-25T23:40:55.465+0000] {logging_mixin.py:188} INFO - [2026-04-25T23:40:55.464+0000] {dagbag.py:538} INFO - Filling up the DagBag from /home/airflow/dags/data_merge_dag.py
[2026-04-25T23:40:55.726+0000] {processor.py:840} INFO - DAG(s) 'data_merge_pipeline' retrieved from /home/airflow/dags/data_merge_dag.py
[2026-04-25T23:40:55.753+0000] {logging_mixin.py:188} INFO - [2026-04-25T23:40:55.752+0000] {dag.py:3036} INFO - Sync 1 DAGs
[2026-04-25T23:40:55.774+0000] {logging_mixin.py:188} INFO - [2026-04-25T23:40:55.774+0000] {dag.py:3823} INFO - Setting next_dagrun for data_merge_pipeline to 2026-04-26 00:00:00+00:00, run_after=2026-05-03 00:00:00+00:00
[2026-04-25T23:40:55.801+0000] {processor.py:183} INFO - Processing /home/airflow/dags/data_merge_dag.py took 0.342 seconds
[2026-04-25T23:41:26.807+0000] {processor.py:161} INFO - Started process (PID=21462) to work on /home/airflow/dags/data_merge_dag.py
[2026-04-25T23:41:26.809+0000] {processor.py:830} INFO - Processing file /home/airflow/dags/data_merge_dag.py for tasks to queue
[2026-04-25T23:41:26.810+0000] {logging_mixin.py:188} INFO - [2026-04-25T23:41:26.810+0000] {dagbag.py:538} INFO - Filling up the DagBag from /home/airflow/dags/data_merge_dag.py
[2026-04-25T23:41:27.139+0000] {processor.py:840} INFO - DAG(s) 'data_merge_pipeline' retrieved from /home/airflow/dags/data_merge_dag.py
[2026-04-25T23:41:27.168+0000] {logging_mixin.py:188} INFO - [2026-04-25T23:41:27.166+0000] {dag.py:3036} INFO - Sync 1 DAGs
[2026-04-25T23:41:27.192+0000] {logging_mixin.py:188} INFO - [2026-04-25T23:41:27.192+0000] {dag.py:3823} INFO - Setting next_dagrun for data_merge_pipeline to 2026-04-26 00:00:00+00:00, run_after=2026-05-03 00:00:00+00:00
[2026-04-25T23:41:27.219+0000] {processor.py:183} INFO - Processing /home/airflow/dags/data_merge_dag.py took 0.416 seconds
[2026-04-25T23:41:58.194+0000] {processor.py:161} INFO - Started process (PID=21494) to work on /home/airflow/dags/data_merge_dag.py
[2026-04-25T23:41:58.195+0000] {processor.py:830} INFO - Processing file /home/airflow/dags/data_merge_dag.py for tasks to queue
[2026-04-25T23:41:58.197+0000] {logging_mixin.py:188} INFO - [2026-04-25T23:41:58.196+0000] {dagbag.py:538} INFO - Filling up the DagBag from /home/airflow/dags/data_merge_dag.py
[2026-04-25T23:41:58.525+0000] {processor.py:840} INFO - DAG(s) 'data_merge_pipeline' retrieved from /home/airflow/dags/data_merge_dag.py
[2026-04-25T23:41:58.551+0000] {logging_mixin.py:188} INFO - [2026-04-25T23:41:58.550+0000] {dag.py:3036} INFO - Sync 1 DAGs
[2026-04-25T23:41:58.571+0000] {logging_mixin.py:188} INFO - [2026-04-25T23:41:58.571+0000] {dag.py:3823} INFO - Setting next_dagrun for data_merge_pipeline to 2026-04-26 00:00:00+00:00, run_after=2026-05-03 00:00:00+00:00
[2026-04-25T23:41:58.592+0000] {processor.py:183} INFO - Processing /home/airflow/dags/data_merge_dag.py took 0.403 seconds
[2026-04-25T23:42:28.756+0000] {processor.py:161} INFO - Started process (PID=21526) to work on /home/airflow/dags/data_merge_dag.py
[2026-04-25T23:42:28.757+0000] {processor.py:830} INFO - Processing file /home/airflow/dags/data_merge_dag.py for tasks to queue
[2026-04-25T23:42:28.758+0000] {logging_mixin.py:188} INFO - [2026-04-25T23:42:28.758+0000] {dagbag.py:538} INFO - Filling up the DagBag from /home/airflow/dags/data_merge_dag.py
[2026-04-25T23:42:29.009+0000] {processor.py:840} INFO - DAG(s) 'data_merge_pipeline' retrieved from /home/airflow/dags/data_merge_dag.py
[2026-04-25T23:42:29.038+0000] {logging_mixin.py:188} INFO - [2026-04-25T23:42:29.038+0000] {dag.py:3036} INFO - Sync 1 DAGs
[2026-04-25T23:42:29.061+0000] {logging_mixin.py:188} INFO - [2026-04-25T23:42:29.060+0000] {dag.py:3823} INFO - Setting next_dagrun for data_merge_pipeline to 2026-04-26 00:00:00+00:00, run_after=2026-05-03 00:00:00+00:00
[2026-04-25T23:42:29.091+0000] {processor.py:183} INFO - Processing /home/airflow/dags/data_merge_dag.py took 0.339 seconds
[2026-04-25T23:43:00.072+0000] {processor.py:161} INFO - Started process (PID=21558) to work on /home/airflow/dags/data_merge_dag.py
[2026-04-25T23:43:00.074+0000] {processor.py:830} INFO - Processing file /home/airflow/dags/data_merge_dag.py for tasks to queue
[2026-04-25T23:43:00.075+0000] {logging_mixin.py:188} INFO - [2026-04-25T23:43:00.075+0000] {dagbag.py:538} INFO - Filling up the DagBag from /home/airflow/dags/data_merge_dag.py
[2026-04-25T23:43:00.381+0000] {processor.py:840} INFO - DAG(s) 'data_merge_pipeline' retrieved from /home/airflow/dags/data_merge_dag.py
[2026-04-25T23:43:00.419+0000] {logging_mixin.py:188} INFO - [2026-04-25T23:43:00.418+0000] {dag.py:3036} INFO - Sync 1 DAGs
[2026-04-25T23:43:00.462+0000] {logging_mixin.py:188} INFO - [2026-04-25T23:43:00.461+0000] {dag.py:3823} INFO - Setting next_dagrun for data_merge_pipeline to 2026-04-26 00:00:00+00:00, run_after=2026-05-03 00:00:00+00:00
[2026-04-25T23:43:00.491+0000] {processor.py:183} INFO - Processing /home/airflow/dags/data_merge_dag.py took 0.421 seconds
[2026-04-25T23:43:30.561+0000] {processor.py:161} INFO - Started process (PID=21590) to work on /home/airflow/dags/data_merge_dag.py
[2026-04-25T23:43:30.562+0000] {processor.py:830} INFO - Processing file /home/airflow/dags/data_merge_dag.py for tasks to queue
[2026-04-25T23:43:30.563+0000] {logging_mixin.py:188} INFO - [2026-04-25T23:43:30.563+0000] {dagbag.py:538} INFO - Filling up the DagBag from /home/airflow/dags/data_merge_dag.py
[2026-04-25T23:43:30.824+0000] {processor.py:840} INFO - DAG(s) 'data_merge_pipeline' retrieved from /home/airflow/dags/data_merge_dag.py
[2026-04-25T23:43:30.849+0000] {logging_mixin.py:188} INFO - [2026-04-25T23:43:30.848+0000] {dag.py:3036} INFO - Sync 1 DAGs
[2026-04-25T23:43:30.872+0000] {logging_mixin.py:188} INFO - [2026-04-25T23:43:30.872+0000] {dag.py:3823} INFO - Setting next_dagrun for data_merge_pipeline to 2026-04-26 00:00:00+00:00, run_after=2026-05-03 00:00:00+00:00
[2026-04-25T23:43:30.896+0000] {processor.py:183} INFO - Processing /home/airflow/dags/data_merge_dag.py took 0.339 seconds
[2026-04-25T23:44:01.113+0000] {processor.py:161} INFO - Started process (PID=21622) to work on /home/airflow/dags/data_merge_dag.py
[2026-04-25T23:44:01.114+0000] {processor.py:830} INFO - Processing file /home/airflow/dags/data_merge_dag.py for tasks to queue
[2026-04-25T23:44:01.115+0000] {logging_mixin.py:188} INFO - [2026-04-25T23:44:01.115+0000] {dagbag.py:538} INFO - Filling up the DagBag from /home/airflow/dags/data_merge_dag.py
[2026-04-25T23:44:01.350+0000] {processor.py:840} INFO - DAG(s) 'data_merge_pipeline' retrieved from /home/airflow/dags/data_merge_dag.py
[2026-04-25T23:44:01.374+0000] {logging_mixin.py:188} INFO - [2026-04-25T23:44:01.373+0000] {dag.py:3036} INFO - Sync 1 DAGs
[2026-04-25T23:44:01.393+0000] {logging_mixin.py:188} INFO - [2026-04-25T23:44:01.393+0000] {dag.py:3823} INFO - Setting next_dagrun for data_merge_pipeline to 2026-04-26 00:00:00+00:00, run_after=2026-05-03 00:00:00+00:00
[2026-04-25T23:44:01.419+0000] {processor.py:183} INFO - Processing /home/airflow/dags/data_merge_dag.py took 0.309 seconds
[2026-04-25T23:44:31.507+0000] {processor.py:161} INFO - Started process (PID=21654) to work on /home/airflow/dags/data_merge_dag.py
[2026-04-25T23:44:31.508+0000] {processor.py:830} INFO - Processing file /home/airflow/dags/data_merge_dag.py for tasks to queue
[2026-04-25T23:44:31.509+0000] {logging_mixin.py:188} INFO - [2026-04-25T23:44:31.509+0000] {dagbag.py:538} INFO - Filling up the DagBag from /home/airflow/dags/data_merge_dag.py
[2026-04-25T23:44:31.735+0000] {processor.py:840} INFO - DAG(s) 'data_merge_pipeline' retrieved from /home/airflow/dags/data_merge_dag.py
[2026-04-25T23:44:31.758+0000] {logging_mixin.py:188} INFO - [2026-04-25T23:44:31.757+0000] {dag.py:3036} INFO - Sync 1 DAGs
[2026-04-25T23:44:31.775+0000] {logging_mixin.py:188} INFO - [2026-04-25T23:44:31.775+0000] {dag.py:3823} INFO - Setting next_dagrun for data_merge_pipeline to 2026-04-26 00:00:00+00:00, run_after=2026-05-03 00:00:00+00:00
[2026-04-25T23:44:31.798+0000] {processor.py:183} INFO - Processing /home/airflow/dags/data_merge_dag.py took 0.295 seconds
[2026-04-25T23:45:01.960+0000] {processor.py:161} INFO - Started process (PID=21677) to work on /home/airflow/dags/data_merge_dag.py
[2026-04-25T23:45:01.962+0000] {processor.py:830} INFO - Processing file /home/airflow/dags/data_merge_dag.py for tasks to queue
[2026-04-25T23:45:01.963+0000] {logging_mixin.py:188} INFO - [2026-04-25T23:45:01.963+0000] {dagbag.py:538} INFO - Filling up the DagBag from /home/airflow/dags/data_merge_dag.py
[2026-04-25T23:45:02.300+0000] {processor.py:840} INFO - DAG(s) 'data_merge_pipeline' retrieved from /home/airflow/dags/data_merge_dag.py
[2026-04-25T23:45:02.334+0000] {logging_mixin.py:188} INFO - [2026-04-25T23:45:02.333+0000] {dag.py:3036} INFO - Sync 1 DAGs
[2026-04-25T23:45:02.359+0000] {logging_mixin.py:188} INFO - [2026-04-25T23:45:02.359+0000] {dag.py:3823} INFO - Setting next_dagrun for data_merge_pipeline to 2026-04-26 00:00:00+00:00, run_after=2026-05-03 00:00:00+00:00
[2026-04-25T23:45:02.388+0000] {processor.py:183} INFO - Processing /home/airflow/dags/data_merge_dag.py took 0.430 seconds
[2026-04-25T23:45:33.158+0000] {processor.py:161} INFO - Started process (PID=21708) to work on /home/airflow/dags/data_merge_dag.py
[2026-04-25T23:45:33.160+0000] {processor.py:830} INFO - Processing file /home/airflow/dags/data_merge_dag.py for tasks to queue
[2026-04-25T23:45:33.161+0000] {logging_mixin.py:188} INFO - [2026-04-25T23:45:33.161+0000] {dagbag.py:538} INFO - Filling up the DagBag from /home/airflow/dags/data_merge_dag.py
[2026-04-25T23:45:33.529+0000] {processor.py:840} INFO - DAG(s) 'data_merge_pipeline' retrieved from /home/airflow/dags/data_merge_dag.py
[2026-04-25T23:45:33.560+0000] {logging_mixin.py:188} INFO - [2026-04-25T23:45:33.559+0000] {dag.py:3036} INFO - Sync 1 DAGs
[2026-04-25T23:45:33.588+0000] {logging_mixin.py:188} INFO - [2026-04-25T23:45:33.588+0000] {dag.py:3823} INFO - Setting next_dagrun for data_merge_pipeline to 2026-04-26 00:00:00+00:00, run_after=2026-05-03 00:00:00+00:00
[2026-04-25T23:45:33.611+0000] {processor.py:183} INFO - Processing /home/airflow/dags/data_merge_dag.py took 0.459 seconds
[2026-04-25T23:46:03.758+0000] {processor.py:161} INFO - Started process (PID=21737) to work on /home/airflow/dags/data_merge_dag.py
[2026-04-25T23:46:03.760+0000] {processor.py:830} INFO - Processing file /home/airflow/dags/data_merge_dag.py for tasks to queue
[2026-04-25T23:46:03.762+0000] {logging_mixin.py:188} INFO - [2026-04-25T23:46:03.761+0000] {dagbag.py:538} INFO - Filling up the DagBag from /home/airflow/dags/data_merge_dag.py
[2026-04-25T23:46:04.133+0000] {processor.py:840} INFO - DAG(s) 'data_merge_pipeline' retrieved from /home/airflow/dags/data_merge_dag.py
[2026-04-25T23:46:04.159+0000] {logging_mixin.py:188} INFO - [2026-04-25T23:46:04.158+0000] {dag.py:3036} INFO - Sync 1 DAGs
[2026-04-25T23:46:04.180+0000] {logging_mixin.py:188} INFO - [2026-04-25T23:46:04.180+0000] {dag.py:3823} INFO - Setting next_dagrun for data_merge_pipeline to 2026-04-26 00:00:00+00:00, run_after=2026-05-03 00:00:00+00:00
[2026-04-25T23:46:04.207+0000] {processor.py:183} INFO - Processing /home/airflow/dags/data_merge_dag.py took 0.454 seconds
[2026-04-25T23:46:34.982+0000] {processor.py:161} INFO - Started process (PID=21769) to work on /home/airflow/dags/data_merge_dag.py
[2026-04-25T23:46:34.984+0000] {processor.py:830} INFO - Processing file /home/airflow/dags/data_merge_dag.py for tasks to queue
[2026-04-25T23:46:34.986+0000] {logging_mixin.py:188} INFO - [2026-04-25T23:46:34.985+0000] {dagbag.py:538} INFO - Filling up the DagBag from /home/airflow/dags/data_merge_dag.py
[2026-04-25T23:46:35.301+0000] {processor.py:840} INFO - DAG(s) 'data_merge_pipeline' retrieved from /home/airflow/dags/data_merge_dag.py
[2026-04-25T23:46:35.324+0000] {logging_mixin.py:188} INFO - [2026-04-25T23:46:35.324+0000] {dag.py:3036} INFO - Sync 1 DAGs
[2026-04-25T23:46:35.345+0000] {logging_mixin.py:188} INFO - [2026-04-25T23:46:35.344+0000] {dag.py:3823} INFO - Setting next_dagrun for data_merge_pipeline to 2026-04-26 00:00:00+00:00, run_after=2026-05-03 00:00:00+00:00
[2026-04-25T23:46:35.366+0000] {processor.py:183} INFO - Processing /home/airflow/dags/data_merge_dag.py took 0.388 seconds
[2026-04-25T23:47:06.377+0000] {processor.py:161} INFO - Started process (PID=21801) to work on /home/airflow/dags/data_merge_dag.py
[2026-04-25T23:47:06.378+0000] {processor.py:830} INFO - Processing file /home/airflow/dags/data_merge_dag.py for tasks to queue
[2026-04-25T23:47:06.380+0000] {logging_mixin.py:188} INFO - [2026-04-25T23:47:06.379+0000] {dagbag.py:538} INFO - Filling up the DagBag from /home/airflow/dags/data_merge_dag.py
[2026-04-25T23:47:06.641+0000] {processor.py:840} INFO - DAG(s) 'data_merge_pipeline' retrieved from /home/airflow/dags/data_merge_dag.py
[2026-04-25T23:47:06.666+0000] {logging_mixin.py:188} INFO - [2026-04-25T23:47:06.666+0000] {dag.py:3036} INFO - Sync 1 DAGs
[2026-04-25T23:47:06.754+0000] {logging_mixin.py:188} INFO - [2026-04-25T23:47:06.754+0000] {dag.py:3823} INFO - Setting next_dagrun for data_merge_pipeline to 2026-04-26 00:00:00+00:00, run_after=2026-05-03 00:00:00+00:00
[2026-04-25T23:47:06.827+0000] {processor.py:183} INFO - Processing /home/airflow/dags/data_merge_dag.py took 0.453 seconds
[2026-04-25T23:47:37.019+0000] {processor.py:161} INFO - Started process (PID=21833) to work on /home/airflow/dags/data_merge_dag.py
[2026-04-25T23:47:37.020+0000] {processor.py:830} INFO - Processing file /home/airflow/dags/data_merge_dag.py for tasks to queue
[2026-04-25T23:47:37.021+0000] {logging_mixin.py:188} INFO - [2026-04-25T23:47:37.021+0000] {dagbag.py:538} INFO - Filling up the DagBag from /home/airflow/dags/data_merge_dag.py
[2026-04-25T23:47:37.290+0000] {processor.py:840} INFO - DAG(s) 'data_merge_pipeline' retrieved from /home/airflow/dags/data_merge_dag.py
[2026-04-25T23:47:37.318+0000] {logging_mixin.py:188} INFO - [2026-04-25T23:47:37.317+0000] {dag.py:3036} INFO - Sync 1 DAGs
[2026-04-25T23:47:37.339+0000] {logging_mixin.py:188} INFO - [2026-04-25T23:47:37.339+0000] {dag.py:3823} INFO - Setting next_dagrun for data_merge_pipeline to 2026-04-26 00:00:00+00:00, run_after=2026-05-03 00:00:00+00:00
[2026-04-25T23:47:37.362+0000] {processor.py:183} INFO - Processing /home/airflow/dags/data_merge_dag.py took 0.348 seconds
[2026-04-25T23:48:08.318+0000] {processor.py:161} INFO - Started process (PID=21865) to work on /home/airflow/dags/data_merge_dag.py
[2026-04-25T23:48:08.320+0000] {processor.py:830} INFO - Processing file /home/airflow/dags/data_merge_dag.py for tasks to queue
[2026-04-25T23:48:08.321+0000] {logging_mixin.py:188} INFO - [2026-04-25T23:48:08.321+0000] {dagbag.py:538} INFO - Filling up the DagBag from /home/airflow/dags/data_merge_dag.py
[2026-04-25T23:48:08.631+0000] {processor.py:840} INFO - DAG(s) 'data_merge_pipeline' retrieved from /home/airflow/dags/data_merge_dag.py
[2026-04-25T23:48:08.652+0000] {logging_mixin.py:188} INFO - [2026-04-25T23:48:08.652+0000] {dag.py:3036} INFO - Sync 1 DAGs
[2026-04-25T23:48:08.670+0000] {logging_mixin.py:188} INFO - [2026-04-25T23:48:08.670+0000] {dag.py:3823} INFO - Setting next_dagrun for data_merge_pipeline to 2026-04-26 00:00:00+00:00, run_after=2026-05-03 00:00:00+00:00
[2026-04-25T23:48:08.693+0000] {processor.py:183} INFO - Processing /home/airflow/dags/data_merge_dag.py took 0.380 seconds
[2026-04-25T23:48:38.886+0000] {processor.py:161} INFO - Started process (PID=21897) to work on /home/airflow/dags/data_merge_dag.py
[2026-04-25T23:48:38.888+0000] {processor.py:830} INFO - Processing file /home/airflow/dags/data_merge_dag.py for tasks to queue
[2026-04-25T23:48:38.889+0000] {logging_mixin.py:188} INFO - [2026-04-25T23:48:38.889+0000] {dagbag.py:538} INFO - Filling up the DagBag from /home/airflow/dags/data_merge_dag.py
[2026-04-25T23:48:39.195+0000] {processor.py:840} INFO - DAG(s) 'data_merge_pipeline' retrieved from /home/airflow/dags/data_merge_dag.py
[2026-04-25T23:48:39.224+0000] {logging_mixin.py:188} INFO - [2026-04-25T23:48:39.224+0000] {dag.py:3036} INFO - Sync 1 DAGs
[2026-04-25T23:48:39.249+0000] {logging_mixin.py:188} INFO - [2026-04-25T23:48:39.249+0000] {dag.py:3823} INFO - Setting next_dagrun for data_merge_pipeline to 2026-04-26 00:00:00+00:00, run_after=2026-05-03 00:00:00+00:00
[2026-04-25T23:48:39.272+0000] {processor.py:183} INFO - Processing /home/airflow/dags/data_merge_dag.py took 0.390 seconds
[2026-04-25T23:49:09.447+0000] {processor.py:161} INFO - Started process (PID=21929) to work on /home/airflow/dags/data_merge_dag.py
[2026-04-25T23:49:09.449+0000] {processor.py:830} INFO - Processing file /home/airflow/dags/data_merge_dag.py for tasks to queue
[2026-04-25T23:49:09.450+0000] {logging_mixin.py:188} INFO - [2026-04-25T23:49:09.449+0000] {dagbag.py:538} INFO - Filling up the DagBag from /home/airflow/dags/data_merge_dag.py
[2026-04-25T23:49:09.725+0000] {processor.py:840} INFO - DAG(s) 'data_merge_pipeline' retrieved from /home/airflow/dags/data_merge_dag.py
[2026-04-25T23:49:09.752+0000] {logging_mixin.py:188} INFO - [2026-04-25T23:49:09.752+0000] {dag.py:3036} INFO - Sync 1 DAGs
[2026-04-25T23:49:09.778+0000] {logging_mixin.py:188} INFO - [2026-04-25T23:49:09.778+0000] {dag.py:3823} INFO - Setting next_dagrun for data_merge_pipeline to 2026-04-26 00:00:00+00:00, run_after=2026-05-03 00:00:00+00:00
[2026-04-25T23:49:09.805+0000] {processor.py:183} INFO - Processing /home/airflow/dags/data_merge_dag.py took 0.361 seconds
[2026-04-25T23:49:39.880+0000] {processor.py:161} INFO - Started process (PID=21961) to work on /home/airflow/dags/data_merge_dag.py
[2026-04-25T23:49:39.881+0000] {processor.py:830} INFO - Processing file /home/airflow/dags/data_merge_dag.py for tasks to queue
[2026-04-25T23:49:39.882+0000] {logging_mixin.py:188} INFO - [2026-04-25T23:49:39.882+0000] {dagbag.py:538} INFO - Filling up the DagBag from /home/airflow/dags/data_merge_dag.py
[2026-04-25T23:49:40.127+0000] {processor.py:840} INFO - DAG(s) 'data_merge_pipeline' retrieved from /home/airflow/dags/data_merge_dag.py
[2026-04-25T23:49:40.153+0000] {logging_mixin.py:188} INFO - [2026-04-25T23:49:40.153+0000] {dag.py:3036} INFO - Sync 1 DAGs
[2026-04-25T23:49:40.174+0000] {logging_mixin.py:188} INFO - [2026-04-25T23:49:40.173+0000] {dag.py:3823} INFO - Setting next_dagrun for data_merge_pipeline to 2026-04-26 00:00:00+00:00, run_after=2026-05-03 00:00:00+00:00
[2026-04-25T23:49:40.201+0000] {processor.py:183} INFO - Processing /home/airflow/dags/data_merge_dag.py took 0.325 seconds
[2026-04-25T23:50:10.264+0000] {processor.py:161} INFO - Started process (PID=21993) to work on /home/airflow/dags/data_merge_dag.py
[2026-04-25T23:50:10.265+0000] {processor.py:830} INFO - Processing file /home/airflow/dags/data_merge_dag.py for tasks to queue
[2026-04-25T23:50:10.266+0000] {logging_mixin.py:188} INFO - [2026-04-25T23:50:10.266+0000] {dagbag.py:538} INFO - Filling up the DagBag from /home/airflow/dags/data_merge_dag.py
[2026-04-25T23:50:10.509+0000] {processor.py:840} INFO - DAG(s) 'data_merge_pipeline' retrieved from /home/airflow/dags/data_merge_dag.py
[2026-04-25T23:50:10.533+0000] {logging_mixin.py:188} INFO - [2026-04-25T23:50:10.533+0000] {dag.py:3036} INFO - Sync 1 DAGs
[2026-04-25T23:50:10.553+0000] {logging_mixin.py:188} INFO - [2026-04-25T23:50:10.553+0000] {dag.py:3823} INFO - Setting next_dagrun for data_merge_pipeline to 2026-04-26 00:00:00+00:00, run_after=2026-05-03 00:00:00+00:00
[2026-04-25T23:50:10.575+0000] {processor.py:183} INFO - Processing /home/airflow/dags/data_merge_dag.py took 0.315 seconds
[2026-04-25T23:50:40.750+0000] {processor.py:161} INFO - Started process (PID=22025) to work on /home/airflow/dags/data_merge_dag.py
[2026-04-25T23:50:40.751+0000] {processor.py:830} INFO - Processing file /home/airflow/dags/data_merge_dag.py for tasks to queue
[2026-04-25T23:50:40.753+0000] {logging_mixin.py:188} INFO - [2026-04-25T23:50:40.752+0000] {dagbag.py:538} INFO - Filling up the DagBag from /home/airflow/dags/data_merge_dag.py
[2026-04-25T23:50:41.083+0000] {processor.py:840} INFO - DAG(s) 'data_merge_pipeline' retrieved from /home/airflow/dags/data_merge_dag.py
[2026-04-25T23:50:41.108+0000] {logging_mixin.py:188} INFO - [2026-04-25T23:50:41.107+0000] {dag.py:3036} INFO - Sync 1 DAGs
[2026-04-25T23:50:41.133+0000] {logging_mixin.py:188} INFO - [2026-04-25T23:50:41.133+0000] {dag.py:3823} INFO - Setting next_dagrun for data_merge_pipeline to 2026-04-26 00:00:00+00:00, run_after=2026-05-03 00:00:00+00:00
[2026-04-25T23:50:41.326+0000] {processor.py:183} INFO - Processing /home/airflow/dags/data_merge_dag.py took 0.580 seconds
[2026-04-25T23:51:11.691+0000] {processor.py:161} INFO - Started process (PID=22057) to work on /home/airflow/dags/data_merge_dag.py
[2026-04-25T23:51:11.692+0000] {processor.py:830} INFO - Processing file /home/airflow/dags/data_merge_dag.py for tasks to queue
[2026-04-25T23:51:11.694+0000] {logging_mixin.py:188} INFO - [2026-04-25T23:51:11.693+0000] {dagbag.py:538} INFO - Filling up the DagBag from /home/airflow/dags/data_merge_dag.py
[2026-04-25T23:51:12.138+0000] {processor.py:840} INFO - DAG(s) 'data_merge_pipeline' retrieved from /home/airflow/dags/data_merge_dag.py
[2026-04-25T23:51:12.160+0000] {logging_mixin.py:188} INFO - [2026-04-25T23:51:12.160+0000] {dag.py:3036} INFO - Sync 1 DAGs
[2026-04-25T23:51:12.179+0000] {logging_mixin.py:188} INFO - [2026-04-25T23:51:12.179+0000] {dag.py:3823} INFO - Setting next_dagrun for data_merge_pipeline to 2026-04-26 00:00:00+00:00, run_after=2026-05-03 00:00:00+00:00
[2026-04-25T23:51:12.203+0000] {processor.py:183} INFO - Processing /home/airflow/dags/data_merge_dag.py took 0.516 seconds
[2026-04-25T23:51:43.128+0000] {processor.py:161} INFO - Started process (PID=22089) to work on /home/airflow/dags/data_merge_dag.py
[2026-04-25T23:51:43.130+0000] {processor.py:830} INFO - Processing file /home/airflow/dags/data_merge_dag.py for tasks to queue
[2026-04-25T23:51:43.131+0000] {logging_mixin.py:188} INFO - [2026-04-25T23:51:43.130+0000] {dagbag.py:538} INFO - Filling up the DagBag from /home/airflow/dags/data_merge_dag.py
[2026-04-25T23:51:43.604+0000] {processor.py:840} INFO - DAG(s) 'data_merge_pipeline' retrieved from /home/airflow/dags/data_merge_dag.py
[2026-04-25T23:51:43.624+0000] {logging_mixin.py:188} INFO - [2026-04-25T23:51:43.624+0000] {dag.py:3036} INFO - Sync 1 DAGs
[2026-04-25T23:51:43.643+0000] {logging_mixin.py:188} INFO - [2026-04-25T23:51:43.643+0000] {dag.py:3823} INFO - Setting next_dagrun for data_merge_pipeline to 2026-04-26 00:00:00+00:00, run_after=2026-05-03 00:00:00+00:00
[2026-04-25T23:51:43.664+0000] {processor.py:183} INFO - Processing /home/airflow/dags/data_merge_dag.py took 0.540 seconds
[2026-04-25T23:52:14.506+0000] {processor.py:161} INFO - Started process (PID=22121) to work on /home/airflow/dags/data_merge_dag.py
[2026-04-25T23:52:14.508+0000] {processor.py:830} INFO - Processing file /home/airflow/dags/data_merge_dag.py for tasks to queue
[2026-04-25T23:52:14.509+0000] {logging_mixin.py:188} INFO - [2026-04-25T23:52:14.509+0000] {dagbag.py:538} INFO - Filling up the DagBag from /home/airflow/dags/data_merge_dag.py
[2026-04-25T23:52:14.976+0000] {processor.py:840} INFO - DAG(s) 'data_merge_pipeline' retrieved from /home/airflow/dags/data_merge_dag.py
[2026-04-25T23:52:15.002+0000] {logging_mixin.py:188} INFO - [2026-04-25T23:52:15.002+0000] {dag.py:3036} INFO - Sync 1 DAGs
[2026-04-25T23:52:15.023+0000] {logging_mixin.py:188} INFO - [2026-04-25T23:52:15.023+0000] {dag.py:3823} INFO - Setting next_dagrun for data_merge_pipeline to 2026-04-26 00:00:00+00:00, run_after=2026-05-03 00:00:00+00:00
[2026-04-25T23:52:15.048+0000] {processor.py:183} INFO - Processing /home/airflow/dags/data_merge_dag.py took 0.545 seconds
[2026-04-25T23:52:45.855+0000] {processor.py:161} INFO - Started process (PID=22153) to work on /home/airflow/dags/data_merge_dag.py
[2026-04-25T23:52:45.857+0000] {processor.py:830} INFO - Processing file /home/airflow/dags/data_merge_dag.py for tasks to queue
[2026-04-25T23:52:45.858+0000] {logging_mixin.py:188} INFO - [2026-04-25T23:52:45.857+0000] {dagbag.py:538} INFO - Filling up the DagBag from /home/airflow/dags/data_merge_dag.py
[2026-04-25T23:52:46.256+0000] {processor.py:840} INFO - DAG(s) 'data_merge_pipeline' retrieved from /home/airflow/dags/data_merge_dag.py
[2026-04-25T23:52:46.280+0000] {logging_mixin.py:188} INFO - [2026-04-25T23:52:46.279+0000] {dag.py:3036} INFO - Sync 1 DAGs
[2026-04-25T23:52:46.300+0000] {logging_mixin.py:188} INFO - [2026-04-25T23:52:46.300+0000] {dag.py:3823} INFO - Setting next_dagrun for data_merge_pipeline to 2026-04-26 00:00:00+00:00, run_after=2026-05-03 00:00:00+00:00
[2026-04-25T23:52:46.325+0000] {processor.py:183} INFO - Processing /home/airflow/dags/data_merge_dag.py took 0.473 seconds
[2026-04-25T23:53:17.270+0000] {processor.py:161} INFO - Started process (PID=22185) to work on /home/airflow/dags/data_merge_dag.py
[2026-04-25T23:53:17.272+0000] {processor.py:830} INFO - Processing file /home/airflow/dags/data_merge_dag.py for tasks to queue
[2026-04-25T23:53:17.273+0000] {logging_mixin.py:188} INFO - [2026-04-25T23:53:17.272+0000] {dagbag.py:538} INFO - Filling up the DagBag from /home/airflow/dags/data_merge_dag.py
[2026-04-25T23:53:17.730+0000] {processor.py:840} INFO - DAG(s) 'data_merge_pipeline' retrieved from /home/airflow/dags/data_merge_dag.py
[2026-04-25T23:53:17.755+0000] {logging_mixin.py:188} INFO - [2026-04-25T23:53:17.752+0000] {dag.py:3036} INFO - Sync 1 DAGs
[2026-04-25T23:53:17.774+0000] {logging_mixin.py:188} INFO - [2026-04-25T23:53:17.773+0000] {dag.py:3823} INFO - Setting next_dagrun for data_merge_pipeline to 2026-04-26 00:00:00+00:00, run_after=2026-05-03 00:00:00+00:00
[2026-04-25T23:53:17.799+0000] {processor.py:183} INFO - Processing /home/airflow/dags/data_merge_dag.py took 0.532 seconds
[2026-04-25T23:53:48.672+0000] {processor.py:161} INFO - Started process (PID=22217) to work on /home/airflow/dags/data_merge_dag.py
[2026-04-25T23:53:48.674+0000] {processor.py:830} INFO - Processing file /home/airflow/dags/data_merge_dag.py for tasks to queue
[2026-04-25T23:53:48.675+0000] {logging_mixin.py:188} INFO - [2026-04-25T23:53:48.675+0000] {dagbag.py:538} INFO - Filling up the DagBag from /home/airflow/dags/data_merge_dag.py
[2026-04-25T23:53:49.096+0000] {processor.py:840} INFO - DAG(s) 'data_merge_pipeline' retrieved from /home/airflow/dags/data_merge_dag.py
[2026-04-25T23:53:49.119+0000] {logging_mixin.py:188} INFO - [2026-04-25T23:53:49.119+0000] {dag.py:3036} INFO - Sync 1 DAGs
[2026-04-25T23:53:49.137+0000] {logging_mixin.py:188} INFO - [2026-04-25T23:53:49.137+0000] {dag.py:3823} INFO - Setting next_dagrun for data_merge_pipeline to 2026-04-26 00:00:00+00:00, run_after=2026-05-03 00:00:00+00:00
[2026-04-25T23:53:49.160+0000] {processor.py:183} INFO - Processing /home/airflow/dags/data_merge_dag.py took 0.491 seconds
[2026-04-25T23:54:20.170+0000] {processor.py:161} INFO - Started process (PID=22249) to work on /home/airflow/dags/data_merge_dag.py
[2026-04-25T23:54:20.171+0000] {processor.py:830} INFO - Processing file /home/airflow/dags/data_merge_dag.py for tasks to queue
[2026-04-25T23:54:20.172+0000] {logging_mixin.py:188} INFO - [2026-04-25T23:54:20.172+0000] {dagbag.py:538} INFO - Filling up the DagBag from /home/airflow/dags/data_merge_dag.py
[2026-04-25T23:54:20.585+0000] {processor.py:840} INFO - DAG(s) 'data_merge_pipeline' retrieved from /home/airflow/dags/data_merge_dag.py
[2026-04-25T23:54:20.607+0000] {logging_mixin.py:188} INFO - [2026-04-25T23:54:20.606+0000] {dag.py:3036} INFO - Sync 1 DAGs
[2026-04-25T23:54:20.625+0000] {logging_mixin.py:188} INFO - [2026-04-25T23:54:20.624+0000] {dag.py:3823} INFO - Setting next_dagrun for data_merge_pipeline to 2026-04-26 00:00:00+00:00, run_after=2026-05-03 00:00:00+00:00
[2026-04-25T23:54:20.650+0000] {processor.py:183} INFO - Processing /home/airflow/dags/data_merge_dag.py took 0.484 seconds
[2026-04-25T23:54:51.525+0000] {processor.py:161} INFO - Started process (PID=22281) to work on /home/airflow/dags/data_merge_dag.py
[2026-04-25T23:54:51.526+0000] {processor.py:830} INFO - Processing file /home/airflow/dags/data_merge_dag.py for tasks to queue
[2026-04-25T23:54:51.528+0000] {logging_mixin.py:188} INFO - [2026-04-25T23:54:51.527+0000] {dagbag.py:538} INFO - Filling up the DagBag from /home/airflow/dags/data_merge_dag.py
[2026-04-25T23:54:51.917+0000] {processor.py:840} INFO - DAG(s) 'data_merge_pipeline' retrieved from /home/airflow/dags/data_merge_dag.py
[2026-04-25T23:54:51.940+0000] {logging_mixin.py:188} INFO - [2026-04-25T23:54:51.940+0000] {dag.py:3036} INFO - Sync 1 DAGs
[2026-04-25T23:54:51.960+0000] {logging_mixin.py:188} INFO - [2026-04-25T23:54:51.959+0000] {dag.py:3823} INFO - Setting next_dagrun for data_merge_pipeline to 2026-04-26 00:00:00+00:00, run_after=2026-05-03 00:00:00+00:00
[2026-04-25T23:54:51.985+0000] {processor.py:183} INFO - Processing /home/airflow/dags/data_merge_dag.py took 0.463 seconds
[2026-04-25T23:55:22.884+0000] {processor.py:161} INFO - Started process (PID=22313) to work on /home/airflow/dags/data_merge_dag.py
[2026-04-25T23:55:22.885+0000] {processor.py:830} INFO - Processing file /home/airflow/dags/data_merge_dag.py for tasks to queue
[2026-04-25T23:55:22.887+0000] {logging_mixin.py:188} INFO - [2026-04-25T23:55:22.886+0000] {dagbag.py:538} INFO - Filling up the DagBag from /home/airflow/dags/data_merge_dag.py
[2026-04-25T23:55:23.267+0000] {processor.py:840} INFO - DAG(s) 'data_merge_pipeline' retrieved from /home/airflow/dags/data_merge_dag.py
[2026-04-25T23:55:23.288+0000] {logging_mixin.py:188} INFO - [2026-04-25T23:55:23.287+0000] {dag.py:3036} INFO - Sync 1 DAGs
[2026-04-25T23:55:23.306+0000] {logging_mixin.py:188} INFO - [2026-04-25T23:55:23.306+0000] {dag.py:3823} INFO - Setting next_dagrun for data_merge_pipeline to 2026-04-26 00:00:00+00:00, run_after=2026-05-03 00:00:00+00:00
[2026-04-25T23:55:23.330+0000] {processor.py:183} INFO - Processing /home/airflow/dags/data_merge_dag.py took 0.450 seconds
[2026-04-25T23:55:53.390+0000] {processor.py:161} INFO - Started process (PID=22345) to work on /home/airflow/dags/data_merge_dag.py
[2026-04-25T23:55:53.392+0000] {processor.py:830} INFO - Processing file /home/airflow/dags/data_merge_dag.py for tasks to queue
[2026-04-25T23:55:53.393+0000] {logging_mixin.py:188} INFO - [2026-04-25T23:55:53.393+0000] {dagbag.py:538} INFO - Filling up the DagBag from /home/airflow/dags/data_merge_dag.py
[2026-04-25T23:55:53.931+0000] {processor.py:840} INFO - DAG(s) 'data_merge_pipeline' retrieved from /home/airflow/dags/data_merge_dag.py
[2026-04-25T23:55:53.955+0000] {logging_mixin.py:188} INFO - [2026-04-25T23:55:53.954+0000] {dag.py:3036} INFO - Sync 1 DAGs
[2026-04-25T23:55:53.978+0000] {logging_mixin.py:188} INFO - [2026-04-25T23:55:53.978+0000] {dag.py:3823} INFO - Setting next_dagrun for data_merge_pipeline to 2026-04-26 00:00:00+00:00, run_after=2026-05-03 00:00:00+00:00
[2026-04-25T23:55:53.999+0000] {processor.py:183} INFO - Processing /home/airflow/dags/data_merge_dag.py took 0.612 seconds
[2026-04-25T23:56:24.701+0000] {processor.py:161} INFO - Started process (PID=22377) to work on /home/airflow/dags/data_merge_dag.py
[2026-04-25T23:56:24.703+0000] {processor.py:830} INFO - Processing file /home/airflow/dags/data_merge_dag.py for tasks to queue
[2026-04-25T23:56:24.704+0000] {logging_mixin.py:188} INFO - [2026-04-25T23:56:24.704+0000] {dagbag.py:538} INFO - Filling up the DagBag from /home/airflow/dags/data_merge_dag.py
[2026-04-25T23:56:25.113+0000] {processor.py:840} INFO - DAG(s) 'data_merge_pipeline' retrieved from /home/airflow/dags/data_merge_dag.py
[2026-04-25T23:56:25.135+0000] {logging_mixin.py:188} INFO - [2026-04-25T23:56:25.134+0000] {dag.py:3036} INFO - Sync 1 DAGs
[2026-04-25T23:56:25.155+0000] {logging_mixin.py:188} INFO - [2026-04-25T23:56:25.155+0000] {dag.py:3823} INFO - Setting next_dagrun for data_merge_pipeline to 2026-04-26 00:00:00+00:00, run_after=2026-05-03 00:00:00+00:00
[2026-04-25T23:56:25.179+0000] {processor.py:183} INFO - Processing /home/airflow/dags/data_merge_dag.py took 0.483 seconds
[2026-04-25T23:56:56.033+0000] {processor.py:161} INFO - Started process (PID=22409) to work on /home/airflow/dags/data_merge_dag.py
[2026-04-25T23:56:56.034+0000] {processor.py:830} INFO - Processing file /home/airflow/dags/data_merge_dag.py for tasks to queue
[2026-04-25T23:56:56.035+0000] {logging_mixin.py:188} INFO - [2026-04-25T23:56:56.035+0000] {dagbag.py:538} INFO - Filling up the DagBag from /home/airflow/dags/data_merge_dag.py
[2026-04-25T23:56:56.449+0000] {processor.py:840} INFO - DAG(s) 'data_merge_pipeline' retrieved from /home/airflow/dags/data_merge_dag.py
[2026-04-25T23:56:56.472+0000] {logging_mixin.py:188} INFO - [2026-04-25T23:56:56.471+0000] {dag.py:3036} INFO - Sync 1 DAGs
[2026-04-25T23:56:56.491+0000] {logging_mixin.py:188} INFO - [2026-04-25T23:56:56.491+0000] {dag.py:3823} INFO - Setting next_dagrun for data_merge_pipeline to 2026-04-26 00:00:00+00:00, run_after=2026-05-03 00:00:00+00:00
[2026-04-25T23:56:56.519+0000] {processor.py:183} INFO - Processing /home/airflow/dags/data_merge_dag.py took 0.489 seconds
[2026-04-25T23:57:26.836+0000] {processor.py:161} INFO - Started process (PID=22441) to work on /home/airflow/dags/data_merge_dag.py
[2026-04-25T23:57:26.837+0000] {processor.py:830} INFO - Processing file /home/airflow/dags/data_merge_dag.py for tasks to queue
[2026-04-25T23:57:26.838+0000] {logging_mixin.py:188} INFO - [2026-04-25T23:57:26.838+0000] {dagbag.py:538} INFO - Filling up the DagBag from /home/airflow/dags/data_merge_dag.py
[2026-04-25T23:57:27.222+0000] {processor.py:840} INFO - DAG(s) 'data_merge_pipeline' retrieved from /home/airflow/dags/data_merge_dag.py
[2026-04-25T23:57:27.243+0000] {logging_mixin.py:188} INFO - [2026-04-25T23:57:27.242+0000] {dag.py:3036} INFO - Sync 1 DAGs
[2026-04-25T23:57:27.262+0000] {logging_mixin.py:188} INFO - [2026-04-25T23:57:27.262+0000] {dag.py:3823} INFO - Setting next_dagrun for data_merge_pipeline to 2026-04-26 00:00:00+00:00, run_after=2026-05-03 00:00:00+00:00
[2026-04-25T23:57:27.287+0000] {processor.py:183} INFO - Processing /home/airflow/dags/data_merge_dag.py took 0.455 seconds
[2026-04-25T23:57:57.713+0000] {processor.py:161} INFO - Started process (PID=22473) to work on /home/airflow/dags/data_merge_dag.py
[2026-04-25T23:57:57.714+0000] {processor.py:830} INFO - Processing file /home/airflow/dags/data_merge_dag.py for tasks to queue
[2026-04-25T23:57:57.716+0000] {logging_mixin.py:188} INFO - [2026-04-25T23:57:57.715+0000] {dagbag.py:538} INFO - Filling up the DagBag from /home/airflow/dags/data_merge_dag.py
[2026-04-25T23:57:58.144+0000] {processor.py:840} INFO - DAG(s) 'data_merge_pipeline' retrieved from /home/airflow/dags/data_merge_dag.py
[2026-04-25T23:57:58.167+0000] {logging_mixin.py:188} INFO - [2026-04-25T23:57:58.166+0000] {dag.py:3036} INFO - Sync 1 DAGs
[2026-04-25T23:57:58.188+0000] {logging_mixin.py:188} INFO - [2026-04-25T23:57:58.187+0000] {dag.py:3823} INFO - Setting next_dagrun for data_merge_pipeline to 2026-04-26 00:00:00+00:00, run_after=2026-05-03 00:00:00+00:00
[2026-04-25T23:57:58.213+0000] {processor.py:183} INFO - Processing /home/airflow/dags/data_merge_dag.py took 0.504 seconds
[2026-04-25T23:58:28.321+0000] {processor.py:161} INFO - Started process (PID=22505) to work on /home/airflow/dags/data_merge_dag.py
[2026-04-25T23:58:28.323+0000] {processor.py:830} INFO - Processing file /home/airflow/dags/data_merge_dag.py for tasks to queue
[2026-04-25T23:58:28.324+0000] {logging_mixin.py:188} INFO - [2026-04-25T23:58:28.324+0000] {dagbag.py:538} INFO - Filling up the DagBag from /home/airflow/dags/data_merge_dag.py
[2026-04-25T23:58:28.760+0000] {processor.py:840} INFO - DAG(s) 'data_merge_pipeline' retrieved from /home/airflow/dags/data_merge_dag.py
[2026-04-25T23:58:28.783+0000] {logging_mixin.py:188} INFO - [2026-04-25T23:58:28.783+0000] {dag.py:3036} INFO - Sync 1 DAGs
[2026-04-25T23:58:28.805+0000] {logging_mixin.py:188} INFO - [2026-04-25T23:58:28.805+0000] {dag.py:3823} INFO - Setting next_dagrun for data_merge_pipeline to 2026-04-26 00:00:00+00:00, run_after=2026-05-03 00:00:00+00:00
[2026-04-25T23:58:28.830+0000] {processor.py:183} INFO - Processing /home/airflow/dags/data_merge_dag.py took 0.511 seconds
[2026-04-25T23:58:59.613+0000] {processor.py:161} INFO - Started process (PID=22537) to work on /home/airflow/dags/data_merge_dag.py
[2026-04-25T23:58:59.614+0000] {processor.py:830} INFO - Processing file /home/airflow/dags/data_merge_dag.py for tasks to queue
[2026-04-25T23:58:59.615+0000] {logging_mixin.py:188} INFO - [2026-04-25T23:58:59.615+0000] {dagbag.py:538} INFO - Filling up the DagBag from /home/airflow/dags/data_merge_dag.py
[2026-04-25T23:58:59.975+0000] {processor.py:840} INFO - DAG(s) 'data_merge_pipeline' retrieved from /home/airflow/dags/data_merge_dag.py
[2026-04-25T23:58:59.997+0000] {logging_mixin.py:188} INFO - [2026-04-25T23:58:59.996+0000] {dag.py:3036} INFO - Sync 1 DAGs
[2026-04-25T23:59:00.020+0000] {logging_mixin.py:188} INFO - [2026-04-25T23:59:00.019+0000] {dag.py:3823} INFO - Setting next_dagrun for data_merge_pipeline to 2026-04-26 00:00:00+00:00, run_after=2026-05-03 00:00:00+00:00
[2026-04-25T23:59:00.044+0000] {processor.py:183} INFO - Processing /home/airflow/dags/data_merge_dag.py took 0.434 seconds
[2026-04-25T23:59:30.618+0000] {processor.py:161} INFO - Started process (PID=22569) to work on /home/airflow/dags/data_merge_dag.py
[2026-04-25T23:59:30.620+0000] {processor.py:830} INFO - Processing file /home/airflow/dags/data_merge_dag.py for tasks to queue
[2026-04-25T23:59:30.621+0000] {logging_mixin.py:188} INFO - [2026-04-25T23:59:30.621+0000] {dagbag.py:538} INFO - Filling up the DagBag from /home/airflow/dags/data_merge_dag.py
[2026-04-25T23:59:31.123+0000] {processor.py:840} INFO - DAG(s) 'data_merge_pipeline' retrieved from /home/airflow/dags/data_merge_dag.py
[2026-04-25T23:59:31.149+0000] {logging_mixin.py:188} INFO - [2026-04-25T23:59:31.146+0000] {dag.py:3036} INFO - Sync 1 DAGs
[2026-04-25T23:59:31.171+0000] {logging_mixin.py:188} INFO - [2026-04-25T23:59:31.170+0000] {dag.py:3823} INFO - Setting next_dagrun for data_merge_pipeline to 2026-04-26 00:00:00+00:00, run_after=2026-05-03 00:00:00+00:00
[2026-04-25T23:59:31.199+0000] {processor.py:183} INFO - Processing /home/airflow/dags/data_merge_dag.py took 0.584 seconds
